tamainid;location_description;rdfeature;rdcharacter;rdclass;rdconfigur;rdsurface;rdcondition;lightcond;weather;trafcontrl;lat;lon;lon2;lat2;tract;zone;fatality;possblinj;numpassengers;numpedestrians;contrcir1_desc;contrcir2_desc;contrcir3_desc;contrcir4_desc;vehicle1;vehicle2;vehicle3;vehicle4;vehicle5;workarea;records;ta_date;ta_time;crash_date;geo_location;year;fatalities;injuries;month;contrfact1;contrfact2;contributing_factor;vehicleconcat1;vehicleconcat2;vehicleconcat3;vehicle_type
21171;.2 MILES FROM PVA OF 1830 WALNUT ST;NO SPECIAL FEATURE;STRAIGHT,LEVEL;PUBLIC VEHICULAR AREA;TWO-WAY,NOT DIVIDED;SMOOTH ASPHALT;DRY;DAYLIGHT;CLEAR;NO CONTROL PRESENT;;;-78.7436;35.7592;;;0;0;;;NONE;;NONE;;PASSENGER CAR;PASSENGER CAR;;;;NO;556;2016-02-19;12:02 PM;2016-02-19T17:02:00+00:00;;2016;No;No;2;NONE;NONE,NONE;NONE,NONE;PASSENGER CAR,PASSENGER CAR;PASSENGER CAR,PASSENGER CAR;PASSENGER CAR,PASSENGER CAR;PASSENGER CAR,PASSENGER CAR
21176;0 FEET FROM US 1;OFF-RAMP TERMINAL ON CROSSROAD;STRAIGHT,GRADE;US ROUTE;TWO-WAY,DIVIDED,POSITIVE MEDIAN BARRIER;SMOOTH ASPHALT;DRY;DAYLIGHT;CLEAR;STOP AND GO SIGNAL;35.737154099;-78.79085465;-78.7941;35.738;P042;115;0;0;1;;NONE;;NONE;;PASSENGER CAR;PASSENGER CAR;;;;NO;561;2016-02-19;1:44:45 PM;2016-02-19T18:44:45+00:00;35.737154099, -78.79085465;2016;No;No;2;NONE;NONE,NONE;NONE,NONE;PASSENGER CAR,PASSENGER CAR;PASSENGER CAR,PASSENGER CAR;PASSENGER CAR,PASSENGER CAR;PASSENGER CAR,PASSENGER CAR
21197;200 FEET FROM SR3073 (NW MAYNARD RD);RELATED TO INTERSECTION;STRAIGHT,LEVEL;STATE SECONDARY ROUTE;TWO-WAY,DIVIDED,UNPROTECTED MEDIAN;SMOOTH ASPHALT;DRY;DAYLIGHT;CLEAR;STOP AND GO SIGNAL;35.783445264;-78.8100017;-78.81;35.7839;P065;114;0;1;1;;;;NONE;;PASSENGER CAR;PASSENGER CAR;SPORT UTILITY;;;NO;580;2016-02-20;11:38 AM;2016-02-20T16:38:00+00:00;35.783445264, -78.8100017;2016;No;Yes;2;;NONE;NONE;PASSENGER CAR,PASSENGER CAR;PASSENGER CAR,PASSENGER CAR,SPORT UTILITY;PASSENGER CAR,PASSENGER CAR,SPORT UTILITY;PASSENGER CAR,PASSENGER CAR,SPORT UTILITY
21198;10 FEET FROM (SR1415) SE MAYNARD RD;NO SPECIAL FEATURE;CURVE,GRADE;STATE SECONDARY ROUTE;TWO-WAY,NOT DIVIDED;SMOOTH ASPHALT;DRY;DAYLIGHT;CLEAR;YIELD SIGN;35.772232929;-78.76411371;-78.7624;35.7703;;;0;0;2;;;;NONE;;SPORT UTILITY;PASSENGER CAR;;;;NO;581;2016-02-20;11:53 AM;2016-02-20T16:53:00+00:00;35.772232929, -78.76411371;2016;No;No;2;;NONE;NONE;SPORT UTILITY,PASSENGER CAR;SPORT UTILITY,PASSENGER CAR;SPORT UTILITY,PASSENGER CAR;SPORT UTILITY,PASSENGER CAR
21201;CARY;;;;;;;;;;;;;;;;0;0;2;;;;;;;;;;;;584;2016-02-18;2:39:55 PM;2016-02-18T19:39:55+00:00;;2016;No;No;2;;;;;;;
21202;100 FEET FROM 929 KILDAIRE FARM RD;DRIVEWAY, PUBLIC;STRAIGHT,LEVEL;PUBLIC VEHICULAR AREA;TWO-WAY,NOT DIVIDED;SMOOTH ASPHALT;DRY;DAYLIGHT;CLEAR;NO CONTROL PRESENT;35.771308563;-78.78042251;-78.78082;;P062;120;0;0;;;NONE;;NONE;;SPORT UTILITY;PASSENGER CAR;;;;NO;585;2016-02-19;2:21:30 PM;2016-02-19T19:21:30+00:00;35.771308563, -78.78042251;2016;No;No;2;NONE;NONE,NONE;NONE,NONE;SPORT UTILITY,PASSENGER CAR;SPORT UTILITY,PASSENGER CAR;SPORT UTILITY,PASSENGER CAR;SPORT UTILITY,PASSENGER CAR
21209;NEAR .1 MILES FROM SR 1615 (GREEN LEVEL WEST RD);NO SPECIAL FEATURE;STRAIGHT,LEVEL;STATE SECONDARY ROUTE;TWO-WAY,NOT DIVIDED;SMOOTH ASPHALT;WET;DARK - ROADWAY NOT LIGHTED;RAIN;NO CONTROL PRESENT;;;-78.8786;35.7857;;122;0;0;;;NONE;;NONE;;PASSENGER CAR;;;;;NO;592;2016-02-22;9:58:37 PM;2016-02-23T02:58:37+00:00;;2016;No;No;2;NONE;NONE,NONE;NONE,NONE;PASSENGER CAR;PASSENGER CAR;PASSENGER CAR;PASSENGER CAR
21210;.1 MILES FROM PVA OF 1213 BUCK JONES RD;NO SPECIAL FEATURE;STRAIGHT,LEVEL;PRIVATE ROAD,DRIVEWAY;TWO-WAY,NOT DIVIDED;SMOOTH ASPHALT;DRY;DAYLIGHT;CLEAR;NO CONTROL PRESENT;35.766969074;-78.73934253;-78.7401;35.7671;P083;112;0;0;;;;;NONE;;PICKUP;VAN;;;;NO;593;2016-02-20;10:26 AM;2016-02-20T15:26:00+00:00;35.766969074, -78.73934253;2016;No;No;2;;NONE;NONE;PICKUP,VAN;PICKUP,VAN;PICKUP,VAN;PICKUP,VAN
21214;50 FEET FROM SR-1313 (WALNUT ST);NO SPECIAL FEATURE;STRAIGHT,LEVEL;STATE SECONDARY ROUTE;TWO-WAY,DIVIDED,UNPROTECTED MEDIAN;SMOOTH ASPHALT;WET;DAYLIGHT;RAIN;FLASHING STOP AND GO SIGNAL;35.772403732;-78.76373227;;;P061;120;0;0;;;NONE;;NONE;;VAN;SPORT UTILITY;PASSENGER CAR;;;NO;597;2016-02-22;3:09:13 PM;2016-02-22T20:09:13+00:00;35.772403732, -78.76373227;2016;No;No;2;NONE;NONE,NONE;NONE,NONE;VAN,SPORT UTILITY;VAN,SPORT UTILITY,PASSENGER CAR;VAN,SPORT UTILITY,PASSENGER CAR;VAN,SPORT UTILITY,PASSENGER CAR
21216;CARY;FOUR-WAY INTERSECTION;STRAIGHT,LEVEL;STATE SECONDARY ROUTE;TWO-WAY,NOT DIVIDED;COARSE ASPHALT;WET;DAYLIGHT;CLOUDY;STOP AND GO SIGNAL;35.745547516;-78.75467576;-78.7548;35.7452;P004;118;0;1;;;;;NONE;;SPORT UTILITY;PASSENGER CAR;;;;NO;599;2016-02-22;4:46:45 PM;2016-02-22T21:46:45+00:00;35.745547516, -78.75467576;2016;No;Yes;2;;NONE;NONE;SPORT UTILITY,PASSENGER CAR;SPORT UTILITY,PASSENGER CAR;SPORT UTILITY,PASSENGER CAR;SPORT UTILITY,PASSENGER CAR
21226;10 FEET FROM MACKENAN DR;RELATED TO INTERSECTION;STRAIGHT,LEVEL;LOCAL STREET;TWO-WAY,NOT DIVIDED;SMOOTH ASPHALT;WET;DAYLIGHT;RAIN;STOP AND GO SIGNAL;35.741518304;-78.80973069;-78.8093;35.7412;P041;116;0;0;1;;NONE;;NONE;;PICKUP;SPORT UTILITY;;;;NO;609;2016-02-23;10:14 AM;2016-02-23T15:14:00+00:00;35.741518304, -78.80973069;2016;No;No;2;NONE;NONE,NONE;NONE,NONE;PICKUP,SPORT UTILITY;PICKUP,SPORT UTILITY;PICKUP,SPORT UTILITY;PICKUP,SPORT UTILITY
21228;.3 MILES FROM PVA OF 400 REGENCY FOREST DR;DRIVEWAY, PUBLIC;STRAIGHT,LEVEL;PUBLIC VEHICULAR AREA;TWO-WAY,NOT DIVIDED;SMOOTH ASPHALT;DRY;DAYLIGHT;CLEAR;NO CONTROL PRESENT;35.734134465;-78.79481074;-78.7953;35.7343;P043;116;0;0;;;NONE;;NONE;;VAN;PICKUP;;;;NO;611;2016-02-18;12:13 PM;2016-02-18T17:13:00+00:00;35.734134465, -78.79481074;2016;No;No;2;NONE;NONE,NONE;NONE,NONE;VAN,PICKUP;VAN,PICKUP;VAN,PICKUP;VAN,PICKUP
21231;CARY;FOUR-WAY INTERSECTION;STRAIGHT,LEVEL;STATE SECONDARY ROUTE;TWO-WAY,NOT DIVIDED;SMOOTH ASPHALT;WET;DAYLIGHT;CLOUDY;STOP AND GO SIGNAL;;;-78.7511;35.7943;;;0;0;;;NONE;;NONE;;SPORT UTILITY;PASSENGER CAR;;;;NO;614;2016-02-23;8:28:02 AM;2016-02-23T13:28:02+00:00;;2016;No;No;2;NONE;NONE,NONE;NONE,NONE;SPORT UTILITY,PASSENGER CAR;SPORT UTILITY,PASSENGER CAR;SPORT UTILITY,PASSENGER CAR;SPORT UTILITY,PASSENGER CAR
21232;50 FEET FROM P.V.A. SORRELLS (220 SR 1011);NO SPECIAL FEATURE;STRAIGHT,LEVEL;PUBLIC VEHICULAR AREA;TWO-WAY,NOT DIVIDED;SMOOTH ASPHALT;WET;DAYLIGHT;CLOUDY;NO CONTROL PRESENT;;;-78.7841;35.7874;;;0;0;;;NONE;;NONE;;PASSENGER CAR;;;;;NO;615;2016-02-23;9:38:39 AM;2016-02-23T14:38:39+00:00;;2016;No;No;2;NONE;NONE,NONE;NONE,NONE;PASSENGER CAR;PASSENGER CAR;PASSENGER CAR;PASSENGER CAR
21237;.25 MILES FROM SR 1011 (OLD APEX RD);NO SPECIAL FEATURE;STRAIGHT,LEVEL;STATE SECONDARY ROUTE;TWO-WAY,NOT DIVIDED;SMOOTH ASPHALT;WET;DAYLIGHT;CLOUDY;STOP AND GO SIGNAL;35.762021516;-78.8218049;-78.8072;35.7718;P009;117;0;0;;;NONE;;NONE;;PASSENGER CAR;PASSENGER CAR;;;;NO;620;2016-02-24;8:03:56 AM;2016-02-24T13:03:56+00:00;35.762021516, -78.8218049;2016;No;No;2;NONE;NONE,NONE;NONE,NONE;PASSENGER CAR,PASSENGER CAR;PASSENGER CAR,PASSENGER CAR;PASSENGER CAR,PASSENGER CAR;PASSENGER CAR,PASSENGER CAR
21238;75 FEET FROM 115 ALLFORTH PL;NO SPECIAL FEATURE;STRAIGHT,LEVEL;PUBLIC VEHICULAR AREA;TWO-WAY,NOT DIVIDED;SMOOTH ASPHALT;WET;DAYLIGHT;CLOUDY;NO CONTROL PRESENT;35.831747827;-78.91393529;-78.9141;35.8314;P076;119;0;0;2;;NONE;;NONE;;PASSENGER CAR;SPORT UTILITY;;;;NO;621;2016-02-24;11:11 AM;2016-02-24T16:11:00+00:00;35.831747827, -78.91393529;2016;No;No;2;NONE;NONE,NONE;NONE,NONE;PASSENGER CAR,SPORT UTILITY;PASSENGER CAR,SPORT UTILITY;PASSENGER CAR,SPORT UTILITY;PASSENGER CAR,SPORT UTILITY
21243;.1 MILES FROM METRO PARK DR;NO SPECIAL FEATURE;CURVE,LEVEL;LOCAL STREET;TWO-WAY,NOT DIVIDED;COARSE ASPHALT;WET;DAYLIGHT;CLOUDY;NO CONTROL PRESENT;35.783496381;-78.82168088;-78.823879;35.783177;P001;117;0;0;;;NONE;;NONE;;PASSENGER CAR;;;;;NO;626;2016-02-24;12:29 PM;2016-02-24T17:29:00+00:00;35.783496381, -78.82168088;2016;No;No;2;NONE;NONE,NONE;NONE,NONE;PASSENGER CAR;PASSENGER CAR;PASSENGER CAR;PASSENGER CAR
21256;80 FEET FROM SR 3073 (NW MAYNARD RD);RELATED TO INTERSECTION;CURVE,GRADE;STATE SECONDARY ROUTE;TWO-WAY,DIVIDED,UNPROTECTED MEDIAN;SMOOTH ASPHALT;DRY;DARK - LIGHTED ROADWAY;CLEAR;NO CONTROL PRESENT;35.795300575;-78.81801719;-78.8095;35.7914;P067;121;0;1;;;;;NONE;;PICKUP;;;;;NO;639;2016-02-25;3:12:24 AM;2016-02-25T08:12:24+00:00;35.795300575, -78.81801719;2016;No;Yes;2;;NONE;NONE;PICKUP;PICKUP;PICKUP;PICKUP
21257;CARY;NO SPECIAL FEATURE;STRAIGHT,LEVEL;LOCAL STREET;TWO-WAY,NOT DIVIDED;SMOOTH ASPHALT;DRY;DAYLIGHT;CLEAR;NO CONTROL PRESENT;35.689550118;-78.75941875;-78.7587;35.6888;;;0;0;;;NONE;;NONE;;PICKUP;PASSENGER CAR;;;;NO;640;2016-02-25;11:15 AM;2016-02-25T16:15:00+00:00;35.689550118, -78.75941875;2016;No;No;2;NONE;NONE,NONE;NONE,NONE;PICKUP,PASSENGER CAR;PICKUP,PASSENGER CAR;PICKUP,PASSENGER CAR;PICKUP,PASSENGER CAR
21258;15 FEET FROM SR 1615 (HIGH HOUSE RD);RELATED TO INTERSECTION;STRAIGHT,LEVEL;STATE SECONDARY ROUTE;TWO-WAY,DIVIDED,UNPROTECTED MEDIAN;SMOOTH ASPHALT;DRY;DAYLIGHT;CLEAR;STOP AND GO SIGNAL;35.79006237;-78.85047253;-78.85;35.79;P017;121;0;0;1;;NONE;;NONE;;SPORT UTILITY;SPORT UTILITY;;;;NO;641;2016-02-25;5:14:04 PM;2016-02-25T22:14:04+00:00;35.79006237, -78.85047253;2016;No;No;2;NONE;NONE,NONE;NONE,NONE;SPORT UTILITY,SPORT UTILITY;SPORT UTILITY,SPORT UTILITY;SPORT UTILITY,SPORT UTILITY;SPORT UTILITY,SPORT UTILITY
21262;CARY;;;;;;;;;;;;;;;;0;0;;;;;;;;;;;;;645;2016-02-26;9:27:38 AM;2016-02-26T14:27:38+00:00;;2016;No;No;2;;;;;;;
21265;425 FEET FROM PVA 2010 KILDAIRE FARM RD;NO SPECIAL FEATURE;STRAIGHT,LEVEL;PUBLIC VEHICULAR AREA;TWO-WAY,NOT DIVIDED;SMOOTH ASPHALT;DRY;DAYLIGHT;CLOUDY;NO CONTROL PRESENT;;;-78.7816;35.7377;;;0;0;;;NONE;;NONE;;SPORT UTILITY;SPORT UTILITY;;;;NO;648;2016-02-26;12:24 PM;2016-02-26T17:24:00+00:00;;2016;No;No;2;NONE;NONE,NONE;NONE,NONE;SPORT UTILITY,SPORT UTILITY;SPORT UTILITY,SPORT UTILITY;SPORT UTILITY,SPORT UTILITY;SPORT UTILITY,SPORT UTILITY
21267;5 FEET FROM S.R. 1315 (BUCK JONES RD);T-INTERSECTION;STRAIGHT,LEVEL;STATE SECONDARY ROUTE;TWO-WAY,NOT DIVIDED;SMOOTH ASPHALT;DRY;DAYLIGHT;CLEAR;STOP AND GO SIGNAL;;;-78.7456;35.7628;;;0;0;;;FAILURE TO OBEY TRAFFIC SIGNS, SIGNALS;;NONE;;PASSENGER CAR;;;;;NO;650;2016-02-25;5:37:06 PM;2016-02-25T22:37:06+00:00;;2016;No;No;2;FAILURE TO OBEY TRAFFIC SIGNS, SIGNALS;FAILURE TO OBEY TRAFFIC SIGNS, SIGNALS,NONE;FAILURE TO OBEY TRAFFIC SIGNS,SIGNALS,NONE;PASSENGER CAR;PASSENGER CAR;PASSENGER CAR;PASSENGER CAR
21272;75 FEET FROM KEY WEST MEWS;NO SPECIAL FEATURE;CURVE,GRADE;LOCAL STREET;TWO-WAY,NOT DIVIDED;SMOOTH ASPHALT;DRY;DAYLIGHT;CLEAR;NO CONTROL PRESENT;35.80131332;-78.77381085;-78.7736;35.8012;P031;113;0;1;;;NONE;;NONE;;PICKUP;;;;;NO;655;2016-02-25;1:12:18 AM;2016-02-25T06:12:18+00:00;35.80131332, -78.77381085;2016;No;Yes;2;NONE;NONE,NONE;NONE,NONE;PICKUP;PICKUP;PICKUP;PICKUP
21279;0 FEET FROM FRYAR CREEK DR;T-INTERSECTION;STRAIGHT,HILLCREST;LOCAL STREET;TWO-WAY,NOT DIVIDED;SMOOTH ASPHALT;DRY;DAYLIGHT;CLEAR;NO CONTROL PRESENT;35.774679069;-78.86522869;-78.8651;35.7746;P071;117;0;0;;;;;NONE;;PASSENGER CAR;;;;;NO;662;2016-02-26;7:46:58 PM;2016-02-27T00:46:58+00:00;35.774679069, -78.86522869;2016;No;No;2;;NONE;NONE;PASSENGER CAR;PASSENGER CAR;PASSENGER CAR;PASSENGER CAR
21287;150 FEET FROM SR 1313 (WALNUT ST);RELATED TO INTERSECTION;STRAIGHT,LEVEL;STATE SECONDARY ROUTE;TWO-WAY,DIVIDED,UNPROTECTED MEDIAN;SMOOTH ASPHALT;DRY;DAYLIGHT;CLEAR;STOP AND GO SIGNAL;35.77542866;-78.77993891;-78.7433;35.76;P062;120;0;0;3;;NONE;;NONE;;PASSENGER CAR;PASSENGER CAR;;;;NO;670;2016-02-27;1:56:19 PM;2016-02-27T18:56:19+00:00;35.77542866, -78.77993891;2016;No;No;2;NONE;NONE,NONE;NONE,NONE;PASSENGER CAR,PASSENGER CAR;PASSENGER CAR,PASSENGER CAR;PASSENGER CAR,PASSENGER CAR;PASSENGER CAR,PASSENGER CAR
21293;430 FEET FROM CHAPEL HILL RD (NC 54);NO SPECIAL FEATURE;STRAIGHT,LEVEL;NC ROUTE;TWO-WAY,DIVIDED,POSITIVE MEDIAN BARRIER;SMOOTH ASPHALT;DRY;DAYLIGHT;CLEAR;NO CONTROL PRESENT;35.794748307;-78.75082436;-78.752946;35.795522;P034;113;0;0;;;NONE;;NONE;;PASSENGER CAR;PASSENGER CAR;;;;NO;676;2016-02-28;6:57:05 PM;2016-02-28T23:57:05+00:00;35.794748307, -78.75082436;2016;No;No;2;NONE;NONE,NONE;NONE,NONE;PASSENGER CAR,PASSENGER CAR;PASSENGER CAR,PASSENGER CAR;PASSENGER CAR,PASSENGER CAR;PASSENGER CAR,PASSENGER CAR
21295;CARY;NO SPECIAL FEATURE;STRAIGHT,GRADE;PUBLIC VEHICULAR AREA;TWO-WAY,NOT DIVIDED;COARSE ASPHALT;UNKNOWN;UNKNOWN;OTHER *;NO CONTROL PRESENT;35.822039849;-78.76690692;-78.7638;35.8235;P087;WAKE;0;1;;;COMING FROM BEHIND PARKED VEHICLE;;NONE;;PASSENGER CAR;;;;;NO;678;2016-02-10;3:21:52 PM;2016-02-10T20:21:52+00:00;35.822039849, -78.76690692;2016;No;Yes;2;COMING FROM BEHIND PARKED VEHICLE;COMING FROM BEHIND PARKED VEHICLE,NONE;COMING FROM BEHIND PARKED VEHICLE,NONE;PASSENGER CAR;PASSENGER CAR;PASSENGER CAR;PASSENGER CAR
21298;CARY;FOUR-WAY INTERSECTION;CURVE,LEVEL;LOCAL STREET;TWO-WAY,NOT DIVIDED;SMOOTH ASPHALT;DRY;DAYLIGHT;CLEAR;STOP SIGN;35.773549911;-78.82629227;-78.82646;35.773646;P068;117;0;0;;;NONE;;NONE;;PASSENGER CAR;SPORT UTILITY;;;;NO;681;2016-02-07;9:01:35 AM;2016-02-07T14:01:35+00:00;35.773549911, -78.82629227;2016;No;No;2;NONE;NONE,NONE;NONE,NONE;PASSENGER CAR,SPORT UTILITY;PASSENGER CAR,SPORT UTILITY;PASSENGER CAR,SPORT UTILITY;PASSENGER CAR,SPORT UTILITY
21303;150 FEET FROM SR3073 (NW MAYNARD RD);RELATED TO INTERSECTION;STRAIGHT,LEVEL;STATE SECONDARY ROUTE;TWO-WAY,DIVIDED,UNPROTECTED MEDIAN;SMOOTH ASPHALT;DRY;DAYLIGHT;CLEAR;STOP AND GO SIGNAL;35.783445264;-78.8100017;-78.81;35.7842;P065;114;0;0;;;;;NONE;;SPORT UTILITY;PICKUP;;;;NO;686;2016-02-28;3:17:00 PM;2016-02-28T20:17:00+00:00;35.783445264, -78.8100017;2016;No;No;2;;NONE;NONE;SPORT UTILITY,PICKUP;SPORT UTILITY,PICKUP;SPORT UTILITY,PICKUP;SPORT UTILITY,PICKUP
21304;250 FEET FROM WESTON PKWY;NO SPECIAL FEATURE;STRAIGHT,LEVEL;STATE SECONDARY ROUTE;TWO-WAY,DIVIDED,UNPROTECTED MEDIAN;SMOOTH ASPHALT;DRY;DAYLIGHT;CLEAR;NO CONTROL PRESENT;35.831427611;-78.7801264;-78.7823;35.8316;P029;111;0;0;;;NONE;;NONE;;PASSENGER CAR;PASSENGER CAR;;;;NO;687;2016-02-29;8:38:45 AM;2016-02-29T13:38:45+00:00;35.831427611, -78.7801264;2016;No;No;2;NONE;NONE,NONE;NONE,NONE;PASSENGER CAR,PASSENGER CAR;PASSENGER CAR,PASSENGER CAR;PASSENGER CAR,PASSENGER CAR;PASSENGER CAR,PASSENGER CAR
21308;.5 MILES FROM US 1 HWY;NO SPECIAL FEATURE;STRAIGHT,LEVEL;US ROUTE;TWO-WAY,DIVIDED,POSITIVE MEDIAN BARRIER;GROOVED CONCRETE;DRY;DAYLIGHT;CLEAR;NO CONTROL PRESENT;;;-78.7551;35.7569;;;0;0;1;;;;NONE;;SPORT UTILITY;SPORT UTILITY;SPORT UTILITY;SPORT UTILITY;;NO;691;2016-02-29;7:21:28 AM;2016-02-29T12:21:28+00:00;;2016;No;No;2;;NONE;NONE;SPORT UTILITY,SPORT UTILITY;SPORT UTILITY,SPORT UTILITY,SPORT UTILITY;SPORT UTILITY,SPORT UTILITY,SPORT UTILITY,SPORT UTILITY;SPORT UTILITY,SPORT UTILITY,SPORT UTILITY,SPORT UTILITY
21311;CARY;FOUR-WAY INTERSECTION;STRAIGHT,LEVEL;NC ROUTE;TWO-WAY,DIVIDED,UNPROTECTED MEDIAN;COARSE ASPHALT;DRY;DAYLIGHT;CLEAR;STOP AND GO SIGNAL;;;-78.871387;35.803045;;;0;1;2;;;;NONE;;PASSENGER CAR;SINGLE UNIT TRUCK (2-AXLE- 6-TIRE);;;;NO;694;2016-02-29;2:38:22 PM;2016-02-29T19:38:22+00:00;;2016;No;Yes;2;;NONE;NONE;PASSENGER CAR,SINGLE UNIT TRUCK (2-AXLE- 6-TIRE);PASSENGER CAR,SINGLE UNIT TRUCK (2-AXLE- 6-TIRE);PASSENGER CAR,SINGLE UNIT TRUCK (2-AXLE- 6-TIRE);PASSENGER CAR,SINGLE UNIT TRUCK (2-AXLE- 6-TIRE)
21324;.10 MILES FROM 400 JAMES JACKSON AV (P.V.A.);NO SPECIAL FEATURE;STRAIGHT,LEVEL;PUBLIC VEHICULAR AREA;TWO-WAY,NOT DIVIDED;GRAVEL;DRY;DAYLIGHT;CLEAR;NO CONTROL PRESENT;;;-78.8071;35.798;;;0;0;;;NONE;;NONE;;LIGHT TRUCK (MINI-VAN- PANEL);PICKUP;;;;NO;707;2016-03-02;7:48:44 AM;2016-03-02T12:48:44+00:00;;2016;No;No;3;NONE;NONE,NONE;NONE,NONE;LIGHT TRUCK (MINI-VAN- PANEL),PICKUP;LIGHT TRUCK (MINI-VAN- PANEL),PICKUP;LIGHT TRUCK (MINI-VAN- PANEL),PICKUP;LIGHT TRUCK (MINI-VAN- PANEL),PICKUP
21327;CARY;ALLEY INTERSECTION;STRAIGHT,LEVEL;STATE SECONDARY ROUTE;TWO-WAY,NOT DIVIDED;SMOOTH ASPHALT;DRY;DAYLIGHT;CLEAR;NO CONTROL PRESENT;35.818338748;-78.79498455;-78.795072;35.818392;P022;111;0;0;;;NONE;;NONE;;PASSENGER CAR;SPORT UTILITY;;;;NO;710;2016-03-02;1:24:47 PM;2016-03-02T18:24:47+00:00;35.818338748, -78.79498455;2016;No;No;3;NONE;NONE,NONE;NONE,NONE;PASSENGER CAR,SPORT UTILITY;PASSENGER CAR,SPORT UTILITY;PASSENGER CAR,SPORT UTILITY;PASSENGER CAR,SPORT UTILITY
21328;.1 MILES FROM S.R. 1313 (WALNUT ST);NO SPECIAL FEATURE;STRAIGHT,LEVEL;STATE SECONDARY ROUTE;TWO-WAY,NOT DIVIDED;SMOOTH ASPHALT;DRY;DAYLIGHT;CLEAR;NO CONTROL PRESENT;35.900925556;-79.00072383;-78.7533;35.7653;;;0;0;;;;;NONE;;PASSENGER CAR;PICKUP;;;;NO;711;2016-03-02;4:44:01 PM;2016-03-02T21:44:01+00:00;35.900925556, -79.00072383;2016;No;No;3;;NONE;NONE;PASSENGER CAR,PICKUP;PASSENGER CAR,PICKUP;PASSENGER CAR,PICKUP;PASSENGER CAR,PICKUP
21344;450 FEET FROM PVA (1387 SE MAYNARD RD);DRIVEWAY, PUBLIC;STRAIGHT,LEVEL;PUBLIC VEHICULAR AREA;TWO-WAY,NOT DIVIDED;SMOOTH ASPHALT;DRY;DAYLIGHT;CLEAR;NO CONTROL PRESENT;35.800517799;-78.7685067;-78.7642;35.7887;P031;113;0;0;;;NONE;;NONE;;SPORT UTILITY;PASSENGER CAR;;;;NO;727;2016-03-02;5:00:49 PM;2016-03-02T22:00:49+00:00;35.800517799, -78.7685067;2016;No;No;3;NONE;NONE,NONE;NONE,NONE;SPORT UTILITY,PASSENGER CAR;SPORT UTILITY,PASSENGER CAR;SPORT UTILITY,PASSENGER CAR;SPORT UTILITY,PASSENGER CAR
21345;150 FEET FROM SR 1313 (WALNUT ST);NO SPECIAL FEATURE;STRAIGHT,LEVEL;STATE SECONDARY ROUTE;TWO-WAY,DIVIDED,UNPROTECTED MEDIAN;SMOOTH ASPHALT;DRY;DAYLIGHT;CLEAR;STOP AND GO SIGNAL;35.772232957;-78.76411371;-78.7638;35.7721;P062;120;0;0;;;DARTING;;NONE;;SPORT UTILITY;PASSENGER CAR;;;;NO;728;2016-03-03;8:29:56 AM;2016-03-03T13:29:56+00:00;35.772232957, -78.76411371;2016;No;No;3;DARTING;DARTING,NONE;DARTING,NONE;SPORT UTILITY,PASSENGER CAR;SPORT UTILITY,PASSENGER CAR;SPORT UTILITY,PASSENGER CAR;SPORT UTILITY,PASSENGER CAR
21346;75 FEET FROM PVA OF 1200 WATERFORD LAKE DR;DRIVEWAY, PRIVATE;STRAIGHT,LEVEL;PUBLIC VEHICULAR AREA;TWO-WAY,NOT DIVIDED;SMOOTH ASPHALT;DRY;DAYLIGHT;CLEAR;NO CONTROL PRESENT;;;-78.903777;35.815198;;122;0;0;;;NONE;;NONE;;UNKNOWN;PASSENGER CAR;;;;NO;729;2016-03-02;5:33:34 PM;2016-03-02T22:33:34+00:00;;2016;No;No;3;NONE;NONE,NONE;NONE,NONE;UNKNOWN,PASSENGER CAR;UNKNOWN,PASSENGER CAR;UNKNOWN,PASSENGER CAR;UNKNOWN,PASSENGER CAR
21349;0 FEET FROM SR 1152 (HOLLY SPRINGS RD);FOUR-WAY INTERSECTION;STRAIGHT,LEVEL;STATE SECONDARY ROUTE;TWO-WAY,NOT DIVIDED;SMOOTH ASPHALT;WET;DARK - LIGHTED ROADWAY;RAIN;STOP AND GO SIGNAL;35.695212916;-78.77222537;-78.772109;35.695067;P049;116;0;0;;;NONE;;NONE;;PASSENGER CAR;PASSENGER CAR;;;;NO;732;2016-03-03;9:12:41 PM;2016-03-04T02:12:41+00:00;35.695212916, -78.77222537;2016;No;No;3;NONE;NONE,NONE;NONE,NONE;PASSENGER CAR,PASSENGER CAR;PASSENGER CAR,PASSENGER CAR;PASSENGER CAR,PASSENGER CAR;PASSENGER CAR,PASSENGER CAR
21353;.25 MILES FROM NC 55 HWY;NO SPECIAL FEATURE;STRAIGHT,LEVEL;NC ROUTE;TWO-WAY,DIVIDED,UNPROTECTED MEDIAN;CONCRETE;DRY;DAYLIGHT;CLEAR;FLASHING STOP AND GO SIGNAL;35.835344567;-78.88200703;-78.88491;35.838859;P124;119;0;0;;;NONE;;NONE;;PASSENGER CAR;PASSENGER CAR;;;;NO;736;2016-03-03;10:00 AM;2016-03-03T15:00:00+00:00;35.835344567, -78.88200703;2016;No;No;3;NONE;NONE,NONE;NONE,NONE;PASSENGER CAR,PASSENGER CAR;PASSENGER CAR,PASSENGER CAR;PASSENGER CAR,PASSENGER CAR;PASSENGER CAR,PASSENGER CAR