tamainid;location_description;rdfeature;rdcharacter;rdclass;rdconfigur;rdsurface;rdcondition;lightcond;weather;trafcontrl;lat;lon;lon2;lat2;tract;zone;fatality;possblinj;numpassengers;numpedestrians;contrcir1_desc;contrcir2_desc;contrcir3_desc;contrcir4_desc;vehicle1;vehicle2;vehicle3;vehicle4;vehicle5;workarea;records;ta_date;ta_time;crash_date;geo_location;year;fatalities;injuries;month;contrfact1;contrfact2;contributing_factor;vehicleconcat1;vehicleconcat2;vehicleconcat3;vehicle_type
21712;.28 MILES FROM US 1 EXIT RAMP 98 SB;OFF-RAMP PROPER;CURVE,GRADE;STATE SECONDARY ROUTE;ONE-WAY,NOT DIVIDED;SMOOTH ASPHALT;DRY;DAYLIGHT;CLEAR;STOP AND GO SIGNAL;35.739288833;-78.78940016;-78.7947;35.738;P042;115;0;0;;;NONE;;NONE;;PASSENGER CAR;SINGLE UNIT TRUCK (2-AXLE- 6-TIRE);;;;NO;1094;2016-04-04;12:15 PM;2016-04-04T16:15:00+00:00;35.739288833, -78.78940016;2016;No;No;4;NONE;NONE,NONE;NONE,NONE;PASSENGER CAR,SINGLE UNIT TRUCK (2-AXLE- 6-TIRE);PASSENGER CAR,SINGLE UNIT TRUCK (2-AXLE- 6-TIRE);PASSENGER CAR,SINGLE UNIT TRUCK (2-AXLE- 6-TIRE);PASSENGER CAR,SINGLE UNIT TRUCK (2-AXLE- 6-TIRE)
21716;140 FEET FROM NOTTINGHAM DR;NO SPECIAL FEATURE;CURVE,HILLCREST;LOCAL STREET;TWO-WAY,NOT DIVIDED;SMOOTH ASPHALT;DRY;DARK - LIGHTED ROADWAY;CLEAR;NO CONTROL PRESENT;35.767244252;-78.74499136;-78.7444;35.7674;P083;112;0;0;;;;;NONE;;SPORT UTILITY;;;;;NO;1098;2016-04-02;11:27 PM;2016-04-03T03:27:00+00:00;35.767244252, -78.74499136;2016;No;No;4;;NONE;NONE;SPORT UTILITY;SPORT UTILITY;SPORT UTILITY;SPORT UTILITY
21726;CARY;T-INTERSECTION;STRAIGHT,GRADE;STATE SECONDARY ROUTE;TWO-WAY,DIVIDED,UNPROTECTED MEDIAN;SMOOTH ASPHALT;DRY;DAYLIGHT;CLEAR;STOP SIGN;;;;;;;0;1;3;;NONE;;NONE;;PICKUP;PASSENGER CAR;;;;NO;1108;2016-04-04;3:58:01 PM;2016-04-04T19:58:01+00:00;;2016;No;Yes;4;NONE;NONE,NONE;NONE,NONE;PICKUP,PASSENGER CAR;PICKUP,PASSENGER CAR;PICKUP,PASSENGER CAR;PICKUP,PASSENGER CAR
21730;.1 MILES FROM PVA OF 1146 KILDAIRE FARM RD;NO SPECIAL FEATURE;STRAIGHT,LEVEL;PUBLIC VEHICULAR AREA;TWO-WAY,NOT DIVIDED;SMOOTH ASPHALT;DRY;DAYLIGHT;CLEAR;NO CONTROL PRESENT;35.838203304;-78.8639242;-78.7835;35.7659;P109;RALW;0;0;1;;NONE;;NONE;;PASSENGER CAR;PASSENGER CAR;;;;NO;1112;2016-04-05;3:35:42 PM;2016-04-05T19:35:42+00:00;35.838203304, -78.8639242;2016;No;No;4;NONE;NONE,NONE;NONE,NONE;PASSENGER CAR,PASSENGER CAR;PASSENGER CAR,PASSENGER CAR;PASSENGER CAR,PASSENGER CAR;PASSENGER CAR,PASSENGER CAR
21735;CARY;FOUR-WAY INTERSECTION;STRAIGHT,LEVEL;;TWO-WAY,NOT DIVIDED;SMOOTH ASPHALT;DRY;DAYLIGHT;CLEAR;STOP SIGN;;;-78.778485;35.782487;;120;0;0;;;NONE;;NONE;;SPORT UTILITY;PASSENGER CAR;;;;NO;1117;2016-04-05;6:35:55 PM;2016-04-05T22:35:55+00:00;;2016;No;No;4;NONE;NONE,NONE;NONE,NONE;SPORT UTILITY,PASSENGER CAR;SPORT UTILITY,PASSENGER CAR;SPORT UTILITY,PASSENGER CAR;SPORT UTILITY,PASSENGER CAR
21739;CARY;;;;;;;;;;;;;;;;0;0;;;;;;;;;;;;;1121;2016-03-21;12:00 AM;2016-03-21T04:00:00+00:00;;2016;No;No;3;;;;;;;
21741;269 FEET FROM SR 1300 KILDAIRE FARM RD;NO SPECIAL FEATURE;STRAIGHT,LEVEL;STATE SECONDARY ROUTE;TWO-WAY,NOT DIVIDED;SMOOTH ASPHALT;DRY;DAYLIGHT;CLEAR;NO CONTROL PRESENT;35.775008315;-78.78166112;-78.7815;35.7743;P062;120;0;0;;;;;NONE;;PASSENGER CAR;;;;;NO;1123;2016-04-06;2:51:43 PM;2016-04-06T18:51:43+00:00;35.775008315, -78.78166112;2016;No;No;4;;NONE;NONE;PASSENGER CAR;PASSENGER CAR;PASSENGER CAR;PASSENGER CAR
21743;.2 MILES FROM SR 3097 (AVIATION PKWY);NO SPECIAL FEATURE;STRAIGHT,LEVEL;STATE SECONDARY ROUTE;TWO-WAY,NOT DIVIDED;SMOOTH ASPHALT;DRY;DAYLIGHT;CLEAR;NO CONTROL PRESENT;;;-78.8085;35.8411;;;0;0;1;;NONE;;NONE;;PASSENGER CAR;PASSENGER CAR;;;;NO;1125;2016-04-06;6:45:37 AM;2016-04-06T10:45:37+00:00;;2016;No;No;4;NONE;NONE,NONE;NONE,NONE;PASSENGER CAR,PASSENGER CAR;PASSENGER CAR,PASSENGER CAR;PASSENGER CAR,PASSENGER CAR;PASSENGER CAR,PASSENGER CAR
21747;0 FEET FROM SR 1435 (OLD RALEIGH RD);DRIVEWAY, PUBLIC;STRAIGHT,LEVEL;STATE SECONDARY ROUTE;TWO-WAY,NOT DIVIDED;SMOOTH ASPHALT;DRY;DAYLIGHT;CLEAR;STOP SIGN;;;-78.8157;35.7403;;116;0;1;;;NONE;;NONE;;PASSENGER CAR;PASSENGER CAR;;;;NO;1129;2016-04-06;12:41 PM;2016-04-06T16:41:00+00:00;;2016;No;Yes;4;NONE;NONE,NONE;NONE,NONE;PASSENGER CAR,PASSENGER CAR;PASSENGER CAR,PASSENGER CAR;PASSENGER CAR,PASSENGER CAR;PASSENGER CAR,PASSENGER CAR
21752;150 FEET FROM P.V.A. INNOVATION AVE;DRIVEWAY, PUBLIC;STRAIGHT,LEVEL;PUBLIC VEHICULAR AREA;TWO-WAY,NOT DIVIDED;SMOOTH ASPHALT;DRY;DAYLIGHT;CLEAR;NO CONTROL PRESENT;35.872524926;-78.8161113;-78.8211;35.8707;P088;WAKE;0;0;;;;;NONE;;VAN;SPORT UTILITY;;;;NO;1134;2016-04-07;2:58:01 PM;2016-04-07T18:58:01+00:00;35.872524926, -78.8161113;2016;No;No;4;;NONE;NONE;VAN,SPORT UTILITY;VAN,SPORT UTILITY;VAN,SPORT UTILITY;VAN,SPORT UTILITY
21761;150 FEET FROM PVA 8921 HOLLY SPRINGS ROAD;T-INTERSECTION;STRAIGHT,GRADE;PUBLIC VEHICULAR AREA;TWO-WAY,NOT DIVIDED;SMOOTH ASPHALT;DRY;DAYLIGHT;CLEAR;NO CONTROL PRESENT;;;-78.7771;35.6901;;;0;0;;;;;NONE;;SPORT UTILITY;SPORT UTILITY;;;;NO;1143;2016-04-08;8:17:29 AM;2016-04-08T12:17:29+00:00;;2016;No;No;4;;NONE;NONE;SPORT UTILITY,SPORT UTILITY;SPORT UTILITY,SPORT UTILITY;SPORT UTILITY,SPORT UTILITY;SPORT UTILITY,SPORT UTILITY
21772;CARY;FOUR-WAY INTERSECTION;STRAIGHT,LEVEL;LOCAL STREET;TWO-WAY,NOT DIVIDED;SMOOTH ASPHALT;DRY;DAYLIGHT;CLEAR;STOP SIGN;35.757763947;-78.73637239;-78.7363;35.7576;P045;118;0;0;2;;NONE;;NONE;;PASSENGER CAR;PASSENGER CAR;;;;NO;1154;2016-04-10;12:02 PM;2016-04-10T16:02:00+00:00;35.757763947, -78.73637239;2016;No;No;4;NONE;NONE,NONE;NONE,NONE;PASSENGER CAR,PASSENGER CAR;PASSENGER CAR,PASSENGER CAR;PASSENGER CAR,PASSENGER CAR;PASSENGER CAR,PASSENGER CAR
21774;0 FEET FROM SR 1349 (DILLARD DR);RELATED TO INTERSECTION;STRAIGHT,LEVEL;STATE SECONDARY ROUTE;TWO-WAY,NOT DIVIDED;SMOOTH ASPHALT;DRY;DAYLIGHT;CLEAR;NO CONTROL PRESENT;;;-78.7379;35.7552;;;0;2;;;;;NONE;;SPORT UTILITY;PASSENGER CAR;;;;NO;1156;2016-04-07;12:15 AM;2016-04-07T04:15:00+00:00;;2016;No;Yes;4;;NONE;NONE;SPORT UTILITY,PASSENGER CAR;SPORT UTILITY,PASSENGER CAR;SPORT UTILITY,PASSENGER CAR;SPORT UTILITY,PASSENGER CAR
21783;150 FEET FROM WALDO ROOD DR;RELATED TO INTERSECTION;STRAIGHT,LEVEL;LOCAL STREET;TWO-WAY,NOT DIVIDED;SMOOTH ASPHALT;DRY;DAYLIGHT;CLEAR;STOP AND GO SIGNAL;;;-78.847198;35.782134;;117;0;0;2;;NONE;;NONE;;SPORT UTILITY;PASSENGER CAR;;;;NO;1165;2016-04-07;5:54:59 PM;2016-04-07T21:54:59+00:00;;2016;No;No;4;NONE;NONE,NONE;NONE,NONE;SPORT UTILITY,PASSENGER CAR;SPORT UTILITY,PASSENGER CAR;SPORT UTILITY,PASSENGER CAR;SPORT UTILITY,PASSENGER CAR
21785;.07 MILES FROM SR-1415 (NW MAYNARD RD);RELATED TO INTERSECTION;STRAIGHT,LEVEL;STATE SECONDARY ROUTE;TWO-WAY,DIVIDED,UNPROTECTED MEDIAN;SMOOTH ASPHALT;DRY;DAYLIGHT;CLEAR;STOP AND GO SIGNAL;35.787431087;-78.81055627;-78.8102;35.7865;P065;114;0;0;1;;NONE;;NONE;;PASSENGER CAR;PASSENGER CAR;;;;NO;1167;2016-04-09;1:08:40 PM;2016-04-09T17:08:40+00:00;35.787431087, -78.81055627;2016;No;No;4;NONE;NONE,NONE;NONE,NONE;PASSENGER CAR,PASSENGER CAR;PASSENGER CAR,PASSENGER CAR;PASSENGER CAR,PASSENGER CAR;PASSENGER CAR,PASSENGER CAR
21792;100 FEET FROM SR-1312 (N ACADEMY ST);NO SPECIAL FEATURE;STRAIGHT,LEVEL;STATE SECONDARY ROUTE;TWO-WAY,DIVIDED,UNPROTECTED MEDIAN;SMOOTH ASPHALT;DRY;DAYLIGHT;CLEAR;STOP AND GO SIGNAL;35.787951675;-78.78123505;-78.7809;35.7872;P055;120;0;1;1;;NONE;;NONE;;PASSENGER CAR;PASSENGER CAR;;;;CONSTRUCTION WORK AREA;1174;2016-04-11;11:10 AM;2016-04-11T15:10:00+00:00;35.787951675, -78.78123505;2016;No;Yes;4;NONE;NONE,NONE;NONE,NONE;PASSENGER CAR,PASSENGER CAR;PASSENGER CAR,PASSENGER CAR;PASSENGER CAR,PASSENGER CAR;PASSENGER CAR,PASSENGER CAR
21795;.16 MILES FROM 200 JAMES JACKSON AV;DRIVEWAY, PRIVATE;STRAIGHT,LEVEL;PRIVATE ROAD,DRIVEWAY;ONE-WAY,NOT DIVIDED;CONCRETE;DRY;DAYLIGHT;CLEAR;NO CONTROL PRESENT;;;-78.8061;35.7983;;;0;0;;;NONE;;NONE;;UNKNOWN HEAVY TRUCK;;;;;NO;1177;2016-04-11;3:07:54 PM;2016-04-11T19:07:54+00:00;;2016;No;No;4;NONE;NONE,NONE;NONE,NONE;UNKNOWN HEAVY TRUCK;UNKNOWN HEAVY TRUCK;UNKNOWN HEAVY TRUCK;UNKNOWN HEAVY TRUCK
21808;50 FEET FROM US 64;RELATED TO INTERSECTION;STRAIGHT,LEVEL;US ROUTE;TWO-WAY,DIVIDED,UNPROTECTED MEDIAN;SMOOTH ASPHALT;WET;DAYLIGHT;RAIN;STOP AND GO SIGNAL;35.738696103;-78.79841368;-78.7977;35.7385;P041;116;0;0;;;NONE;;COMING FROM BEHIND PARKED VEHICLE;;LIGHT TRUCK (MINI-VAN- PANEL);PICKUP;;;;NO;1190;2016-04-12;2:39:21 PM;2016-04-12T18:39:21+00:00;35.738696103, -78.79841368;2016;No;No;4;NONE;NONE,COMING FROM BEHIND PARKED VEHICLE;NONE,COMING FROM BEHIND PARKED VEHICLE;LIGHT TRUCK (MINI-VAN- PANEL),PICKUP;LIGHT TRUCK (MINI-VAN- PANEL),PICKUP;LIGHT TRUCK (MINI-VAN- PANEL),PICKUP;LIGHT TRUCK (MINI-VAN- PANEL),PICKUP
21814;.10 MILES FROM ( SR 1615 ) HIGH HOUSE RD;NO SPECIAL FEATURE;STRAIGHT,LEVEL;STATE SECONDARY ROUTE;TWO-WAY,DIVIDED,UNPROTECTED MEDIAN;SMOOTH ASPHALT;DRY;DAYLIGHT;CLEAR;STOP SIGN;35.787308873;-78.82080718;-78.8202;35.7857;;;0;0;;;NONE;;NONE;;PASSENGER CAR;PASSENGER CAR;;;;CONSTRUCTION WORK AREA;1196;2016-04-13;9:16:11 AM;2016-04-13T13:16:11+00:00;35.787308873, -78.82080718;2016;No;No;4;NONE;NONE,NONE;NONE,NONE;PASSENGER CAR,PASSENGER CAR;PASSENGER CAR,PASSENGER CAR;PASSENGER CAR,PASSENGER CAR;PASSENGER CAR,PASSENGER CAR
21821;100 FEET FROM SHIRLEY DR;NO SPECIAL FEATURE;STRAIGHT,LEVEL;LOCAL STREET;TWO-WAY,NOT DIVIDED;SMOOTH ASPHALT;WET;DAYLIGHT;CLOUDY;NO CONTROL PRESENT;35.777685826;-78.78625203;-78.7858;35.7776;P036;114;0;0;1;;;;NONE;;PICKUP;PICKUP;;;;NO;1203;2016-04-12;7:56:07 PM;2016-04-12T23:56:07+00:00;35.777685826, -78.78625203;2016;No;No;4;;NONE;NONE;PICKUP,PICKUP;PICKUP,PICKUP;PICKUP,PICKUP;PICKUP,PICKUP
21825;10 FEET FROM SR 1315 (BUCK JONES RD.;FOUR-WAY INTERSECTION;STRAIGHT,LEVEL;STATE SECONDARY ROUTE;TWO-WAY,DIVIDED,UNPROTECTED MEDIAN;SMOOTH ASPHALT;DRY;DAYLIGHT;CLEAR;STOP AND GO SIGNAL;;;-78.7455;35.7629;;112;0;0;2;;NONE;;NONE;;SPORT UTILITY;PASSENGER CAR;;;;NO;1207;2016-04-13;4:46:37 PM;2016-04-13T20:46:37+00:00;;2016;No;No;4;NONE;NONE,NONE;NONE,NONE;SPORT UTILITY,PASSENGER CAR;SPORT UTILITY,PASSENGER CAR;SPORT UTILITY,PASSENGER CAR;SPORT UTILITY,PASSENGER CAR
21826;.10 MILES FROM PVA OF 1700 REGENCY PKWY;DRIVEWAY, PUBLIC;STRAIGHT,LEVEL;PUBLIC VEHICULAR AREA;TWO-WAY,NOT DIVIDED;SMOOTH ASPHALT;DRY;DAYLIGHT;CLEAR;NO CONTROL PRESENT;35.733572397;-78.78746656;-78.7879;35.7338;P053;116;0;0;;;NONE;;NONE;;PASSENGER CAR;PASSENGER CAR;;;;NO;1208;2016-04-13;2:51:46 PM;2016-04-13T18:51:46+00:00;35.733572397, -78.78746656;2016;No;No;4;NONE;NONE,NONE;NONE,NONE;PASSENGER CAR,PASSENGER CAR;PASSENGER CAR,PASSENGER CAR;PASSENGER CAR,PASSENGER CAR;PASSENGER CAR,PASSENGER CAR
21835;.1 MILES FROM SR 1628 (OKELLY CHAPEL RD);NO SPECIAL FEATURE;STRAIGHT,LEVEL;STATE SECONDARY ROUTE;TWO-WAY,DIVIDED,UNPROTECTED MEDIAN;SMOOTH ASPHALT;DRY;DAYLIGHT;CLEAR;NO CONTROL PRESENT;35.84577581;-78.88685112;-78.8874;35.8456;P124;119;0;0;;;NONE;;NONE;;PASSENGER CAR;SPORT UTILITY;;;;NO;1217;2016-04-14;9:21:25 AM;2016-04-14T13:21:25+00:00;35.84577581, -78.88685112;2016;No;No;4;NONE;NONE,NONE;NONE,NONE;PASSENGER CAR,SPORT UTILITY;PASSENGER CAR,SPORT UTILITY;PASSENGER CAR,SPORT UTILITY;PASSENGER CAR,SPORT UTILITY
21854;CARY;NO SPECIAL FEATURE;STRAIGHT,LEVEL;STATE SECONDARY ROUTE;TWO-WAY,DIVIDED,UNPROTECTED MEDIAN;SMOOTH ASPHALT;DRY;DAYLIGHT;CLEAR;STOP AND GO SIGNAL;;;-78.838326;35.792868;;121;0;0;3;;NONE;;NONE;;VAN;SPORT UTILITY;;;;NO;1236;2016-04-13;8:03:50 AM;2016-04-13T12:03:50+00:00;;2016;No;No;4;NONE;NONE,NONE;NONE,NONE;VAN,SPORT UTILITY;VAN,SPORT UTILITY;VAN,SPORT UTILITY;VAN,SPORT UTILITY
21861;400 FEET FROM SR 1653 (EVANS RD);NO SPECIAL FEATURE;CURVE,LEVEL;STATE SECONDARY ROUTE;TWO-WAY,NOT DIVIDED;SMOOTH ASPHALT;DRY;DARK - LIGHTED ROADWAY;CLEAR;NO CONTROL PRESENT;35.799675386;-78.79484301;-78.7951;35.7988;;111;0;0;;;;;NONE;;PASSENGER CAR;;;;;NO;1243;2016-04-16;1:01:40 AM;2016-04-16T05:01:40+00:00;35.799675386, -78.79484301;2016;No;No;4;;NONE;NONE;PASSENGER CAR;PASSENGER CAR;PASSENGER CAR;PASSENGER CAR
21864;482 FEET FROM P.V.A. 2010 KILDAIRE FARM RD;DRIVEWAY, PUBLIC;STRAIGHT,LEVEL;PUBLIC VEHICULAR AREA;ONE-WAY,NOT DIVIDED;SMOOTH ASPHALT;DRY;DAYLIGHT;CLEAR;NO CONTROL PRESENT;;;-78.781753;35.736916;;116;0;0;;1;OTHER *;;NONE;;PICKUP;;;;;NO;1246;2016-04-14;1:35:46 AM;2016-04-14T05:35:46+00:00;;2016;No;No;4;OTHER *;OTHER *,NONE;OTHER *,NONE;PICKUP;PICKUP;PICKUP;PICKUP
21876;400 FEET FROM 1206 W CHATHAM ST;DRIVEWAY, PUBLIC;STRAIGHT,LEVEL;PUBLIC VEHICULAR AREA;TWO-WAY,NOT DIVIDED;COARSE ASPHALT;DRY;DAYLIGHT;CLEAR;NO CONTROL PRESENT;35.808458369;-78.85941064;-78.8;35.71;P069;121;0;0;;;NONE;;NONE;;PASSENGER CAR;PASSENGER CAR;;;;NO;1258;2016-04-15;2:15:11 PM;2016-04-15T18:15:11+00:00;35.808458369, -78.85941064;2016;No;No;4;NONE;NONE,NONE;NONE,NONE;PASSENGER CAR,PASSENGER CAR;PASSENGER CAR,PASSENGER CAR;PASSENGER CAR,PASSENGER CAR;PASSENGER CAR,PASSENGER CAR
21886;CARY;NO SPECIAL FEATURE;STRAIGHT,LEVEL;PUBLIC VEHICULAR AREA;TWO-WAY,NOT DIVIDED;SMOOTH ASPHALT;DRY;DAYLIGHT;CLEAR;NO CONTROL PRESENT;35.797979316;-78.79323158;-78.7929;35.7982;P025;111;0;0;;;;;NONE;;SPORT UTILITY;PICKUP;;;;NO;1268;2016-04-18;2:00:22 PM;2016-04-18T18:00:22+00:00;35.797979316, -78.79323158;2016;No;No;4;;NONE;NONE;SPORT UTILITY,PICKUP;SPORT UTILITY,PICKUP;SPORT UTILITY,PICKUP;SPORT UTILITY,PICKUP
21887;CARY;;;;;;;;;;;;;;;;0;0;;;;;;;SPORT UTILITY;;;;;;1269;2016-03-07;5:51:00 PM;2016-03-07T22:51:00+00:00;;2016;No;No;3;;;;SPORT UTILITY;SPORT UTILITY;SPORT UTILITY;SPORT UTILITY
21893;.2 MILES FROM MORRISVILLE PKWY;FOUR-WAY INTERSECTION;STRAIGHT,LEVEL;LOCAL STREET;TWO-WAY,DIVIDED,UNPROTECTED MEDIAN;COARSE ASPHALT;DRY;DAYLIGHT;CLEAR;STOP AND GO SIGNAL;;;-78.8477;35.8139;;121;0;0;;;;;NONE;;PICKUP;PASSENGER CAR;;;;NO;1275;2016-04-18;2:58:19 PM;2016-04-18T18:58:19+00:00;;2016;No;No;4;;NONE;NONE;PICKUP,PASSENGER CAR;PICKUP,PASSENGER CAR;PICKUP,PASSENGER CAR;PICKUP,PASSENGER CAR
21901;CARY;NO SPECIAL FEATURE;STRAIGHT,LEVEL;STATE SECONDARY ROUTE;TWO-WAY,DIVIDED,UNPROTECTED MEDIAN;SMOOTH ASPHALT;DRY;DAYLIGHT;CLEAR;STOP AND GO SIGNAL;;;-78.757;35.7388;;;0;0;;;NONE;;NONE;;PICKUP;VAN;;;;NO;1283;2016-04-19;3:53:52 PM;2016-04-19T19:53:52+00:00;;2016;No;No;4;NONE;NONE,NONE;NONE,NONE;PICKUP,VAN;PICKUP,VAN;PICKUP,VAN;PICKUP,VAN
21905;5 FEET FROM LOUIS STEPHENS DR;NO SPECIAL FEATURE;STRAIGHT,LEVEL;LOCAL STREET;TWO-WAY,NOT DIVIDED;SMOOTH ASPHALT;DRY;DAYLIGHT;CLEAR;NO CONTROL PRESENT;35.824581117;-78.8638489;;35.8251;P069;121;0;0;1;;NONE;;NONE;;PASSENGER CAR;PASSENGER CAR;;;;NO;1287;2016-04-19;3:25:20 PM;2016-04-19T19:25:20+00:00;35.824581117, -78.8638489;2016;No;No;4;NONE;NONE,NONE;NONE,NONE;PASSENGER CAR,PASSENGER CAR;PASSENGER CAR,PASSENGER CAR;PASSENGER CAR,PASSENGER CAR;PASSENGER CAR,PASSENGER CAR
21915;.10 MILES FROM SR 1652 (N HARRISON AVE);NO SPECIAL FEATURE;STRAIGHT,LEVEL;STATE SECONDARY ROUTE;TWO-WAY,NOT DIVIDED;SMOOTH ASPHALT;DRY;DAYLIGHT;CLEAR;NO CONTROL PRESENT;;;-78.768967;35.82927;;;0;0;;;NONE;;NONE;;PASSENGER CAR;PASSENGER CAR;;;;NO;1297;2016-04-19;4:16:55 PM;2016-04-19T20:16:55+00:00;;2016;No;No;4;NONE;NONE,NONE;NONE,NONE;PASSENGER CAR,PASSENGER CAR;PASSENGER CAR,PASSENGER CAR;PASSENGER CAR,PASSENGER CAR;PASSENGER CAR,PASSENGER CAR
21916;CARY;T-INTERSECTION;STRAIGHT,LEVEL;STATE SECONDARY ROUTE;TWO-WAY,NOT DIVIDED;SMOOTH ASPHALT;DRY;DAYLIGHT;CLEAR;STOP AND GO SIGNAL;;;-78.7718;35.8187;;;0;0;4;;NONE;;NONE;;PASSENGER CAR;;;;;NO;1298;2016-04-20;4:54:46 PM;2016-04-20T20:54:46+00:00;;2016;No;No;4;NONE;NONE,NONE;NONE,NONE;PASSENGER CAR;PASSENGER CAR;PASSENGER CAR;PASSENGER CAR
21924;.1 MILES FROM 311 N MONTREAL CT;NO SPECIAL FEATURE;STRAIGHT,LEVEL;LOCAL STREET;TWO-WAY,NOT DIVIDED;SMOOTH ASPHALT;DRY;DAYLIGHT;CLEAR;NO CONTROL PRESENT;35.78499205;-78.76539989;-78.7653;35.7857;P058;120;0;0;1;;;;NONE;;SPORT UTILITY;PASSENGER CAR;;;;NO;1306;2016-04-21;12:30 PM;2016-04-21T16:30:00+00:00;35.78499205, -78.76539989;2016;No;No;4;;NONE;NONE;SPORT UTILITY,PASSENGER CAR;SPORT UTILITY,PASSENGER CAR;SPORT UTILITY,PASSENGER CAR;SPORT UTILITY,PASSENGER CAR
21931;0 FEET FROM US 64 HWY;FOUR-WAY INTERSECTION;STRAIGHT,LEVEL;US ROUTE;TWO-WAY,DIVIDED,UNPROTECTED MEDIAN;SMOOTH ASPHALT;DRY;DAYLIGHT;CLEAR;STOP AND GO SIGNAL;35.741494418;-78.8097232;-78.8098;35.7414;P041;116;0;1;;;;;NONE;;VAN;SPORT UTILITY;PASSENGER CAR;;;NO;1313;2016-04-22;7:57:59 AM;2016-04-22T11:57:59+00:00;35.741494418, -78.8097232;2016;No;Yes;4;;NONE;NONE;VAN,SPORT UTILITY;VAN,SPORT UTILITY,PASSENGER CAR;VAN,SPORT UTILITY,PASSENGER CAR;VAN,SPORT UTILITY,PASSENGER CAR
21935;200 FEET FROM DRYSTACK WAY;DRIVEWAY, PUBLIC;STRAIGHT,LEVEL;PUBLIC VEHICULAR AREA;TWO-WAY,NOT DIVIDED;SMOOTH ASPHALT;DRY;DAYLIGHT;CLEAR;NO CONTROL PRESENT;35.788693288;-78.85569467;-78.8563;35.7889;P018;117;0;0;1;;NONE;;NONE;;PASSENGER CAR;;;;;NO;1317;2016-04-19;11:24 AM;2016-04-19T15:24:00+00:00;35.788693288, -78.85569467;2016;No;No;4;NONE;NONE,NONE;NONE,NONE;PASSENGER CAR;PASSENGER CAR;PASSENGER CAR;PASSENGER CAR
21936;CARY;NO SPECIAL FEATURE;STRAIGHT,GRADE;STATE SECONDARY ROUTE;TWO-WAY,NOT DIVIDED;SMOOTH ASPHALT;WET;DAYLIGHT;RAIN;NO CONTROL PRESENT;35.820637442;-78.77854168;-78.7817;35.8208;;111;0;1;;;;;NONE;;PASSENGER CAR;PASSENGER CAR;;;;NO;1318;2016-04-22;3:20:20 PM;2016-04-22T19:20:20+00:00;35.820637442, -78.77854168;2016;No;Yes;4;;NONE;NONE;PASSENGER CAR,PASSENGER CAR;PASSENGER CAR,PASSENGER CAR;PASSENGER CAR,PASSENGER CAR;PASSENGER CAR,PASSENGER CAR
21937;CARY;FOUR-WAY INTERSECTION;STRAIGHT,LEVEL;STATE SECONDARY ROUTE;TWO-WAY,DIVIDED,POSITIVE MEDIAN BARRIER;SMOOTH ASPHALT;DRY;DAYLIGHT;CLEAR;STOP AND GO SIGNAL;35.759005609;-78.74240975;-78.7423;35.7592;P045;118;0;0;1;;;;NONE;;PICKUP;SPORT UTILITY;;;;NO;1319;2016-04-24;9:13:03 AM;2016-04-24T13:13:03+00:00;35.759005609, -78.74240975;2016;No;No;4;;NONE;NONE;PICKUP,SPORT UTILITY;PICKUP,SPORT UTILITY;PICKUP,SPORT UTILITY;PICKUP,SPORT UTILITY
21939;.1 MILES FROM PVA OF 3400 KILDAIRE FARM RD;NO SPECIAL FEATURE;STRAIGHT,LEVEL;PUBLIC VEHICULAR AREA;TWO-WAY,NOT DIVIDED;SMOOTH ASPHALT;DRY;DAYLIGHT;CLEAR;NO CONTROL PRESENT;35.705920731;-78.79558961;-78.796;35.7048;P052;116;0;0;;;;;NONE;;PASSENGER CAR;PASSENGER CAR;;;;NO;1321;2016-04-24;1:58:25 PM;2016-04-24T17:58:25+00:00;35.705920731, -78.79558961;2016;No;No;4;;NONE;NONE;PASSENGER CAR,PASSENGER CAR;PASSENGER CAR,PASSENGER CAR;PASSENGER CAR,PASSENGER CAR;PASSENGER CAR,PASSENGER CAR
21940;60 FEET FROM P.V.A. 3000 WATERFORD FOREST C;NO SPECIAL FEATURE;STRAIGHT,GRADE;PUBLIC VEHICULAR AREA;TWO-WAY,NOT DIVIDED;SMOOTH ASPHALT;DRY;DARK - LIGHTED ROADWAY;CLEAR;NO CONTROL PRESENT;;;-78.8079;35.7861;;;0;0;;;NONE;;NONE;;PASSENGER CAR;PASSENGER CAR;;;;NO;1322;2016-04-24;11:53 PM;2016-04-25T03:53:00+00:00;;2016;No;No;4;NONE;NONE,NONE;NONE,NONE;PASSENGER CAR,PASSENGER CAR;PASSENGER CAR,PASSENGER CAR;PASSENGER CAR,PASSENGER CAR;PASSENGER CAR,PASSENGER CAR
21943;25 FEET FROM SR#1613 (DAVIS DR);NO SPECIAL FEATURE;STRAIGHT,LEVEL;STATE SECONDARY ROUTE;TWO-WAY,DIVIDED,UNPROTECTED MEDIAN;SMOOTH ASPHALT;DRY;DAYLIGHT;CLEAR;STOP AND GO SIGNAL;35.769943628;-78.84779645;-78.8486;35.7981;P071;117;0;0;;;NONE;;NONE;;SPORT UTILITY;SPORT UTILITY;;;;NO;1325;2016-04-21;4:51:08 PM;2016-04-21T20:51:08+00:00;35.769943628, -78.84779645;2016;No;No;4;NONE;NONE,NONE;NONE,NONE;SPORT UTILITY,SPORT UTILITY;SPORT UTILITY,SPORT UTILITY;SPORT UTILITY,SPORT UTILITY;SPORT UTILITY,SPORT UTILITY