tamainid;location_description;rdfeature;rdcharacter;rdclass;rdconfigur;rdsurface;rdcondition;lightcond;weather;trafcontrl;lat;lon;lon2;lat2;tract;zone;fatality;possblinj;numpassengers;numpedestrians;contrcir1_desc;contrcir2_desc;contrcir3_desc;contrcir4_desc;vehicle1;vehicle2;vehicle3;vehicle4;vehicle5;workarea;records;ta_date;ta_time;crash_date;geo_location;year;fatalities;injuries;month;contrfact1;contrfact2;contributing_factor;vehicleconcat1;vehicleconcat2;vehicleconcat3;vehicle_type
22788;30 FEET FROM PVA (611 NEW WAVERLY PL);NO SPECIAL FEATURE;STRAIGHT,LEVEL;PUBLIC VEHICULAR AREA;ONE-WAY,NOT DIVIDED;SMOOTH ASPHALT;DRY;DAYLIGHT;CLEAR;NO CONTROL PRESENT;;;-78.775741;35.740488;;;0;0;;;NONE;;NONE;;SPORT UTILITY;SPORT UTILITY;;;;NO;2168;2016-06-09;3:12:48 AM;2016-06-09T07:12:48+00:00;;2016;No;No;6;NONE;NONE,NONE;NONE,NONE;SPORT UTILITY,SPORT UTILITY;SPORT UTILITY,SPORT UTILITY;SPORT UTILITY,SPORT UTILITY;SPORT UTILITY,SPORT UTILITY
22792;CARY;FOUR-WAY INTERSECTION;STRAIGHT,LEVEL;STATE SECONDARY ROUTE;TWO-WAY,DIVIDED,UNPROTECTED MEDIAN;SMOOTH ASPHALT;DRY;DAYLIGHT;CLEAR;STOP AND GO SIGNAL;;;-78.8504;35.7899;;;0;1;;;NONE;;NONE;;PASSENGER CAR;;;;;NO;2172;2016-06-22;12:38 AM;2016-06-22T04:38:00+00:00;;2016;No;Yes;6;NONE;NONE,NONE;NONE,NONE;PASSENGER CAR;PASSENGER CAR;PASSENGER CAR;PASSENGER CAR
22797;200 FEET FROM 981 HIGH HOUSE RD;NO SPECIAL FEATURE;STRAIGHT,LEVEL;PUBLIC VEHICULAR AREA;TWO-WAY,NOT DIVIDED;SMOOTH ASPHALT;DRY;DAYLIGHT;CLEAR;NO CONTROL PRESENT;;;-78.8289;35.7868;;;0;0;;;NONE;;NONE;;PASSENGER CAR;PASSENGER CAR;;;;NO;2176;2016-06-23;12:28 PM;2016-06-23T16:28:00+00:00;;2016;No;No;6;NONE;NONE,NONE;NONE,NONE;PASSENGER CAR,PASSENGER CAR;PASSENGER CAR,PASSENGER CAR;PASSENGER CAR,PASSENGER CAR;PASSENGER CAR,PASSENGER CAR
22798;200 FEET FROM HWY NC 55;NO SPECIAL FEATURE;STRAIGHT,LEVEL;NC ROUTE;TWO-WAY,DIVIDED,POSITIVE MEDIAN BARRIER;SMOOTH ASPHALT;DRY;DAYLIGHT;CLEAR;STOP AND GO SIGNAL;35.840827851;-78.88648731;-78.8879;35.8426;P091;WAKE;0;0;;;NONE;;NONE;;PASSENGER CAR;PICKUP;;;;NO;2177;2016-06-23;9:22:04 AM;2016-06-23T13:22:04+00:00;35.840827851, -78.88648731;2016;No;No;6;NONE;NONE,NONE;NONE,NONE;PASSENGER CAR,PICKUP;PASSENGER CAR,PICKUP;PASSENGER CAR,PICKUP;PASSENGER CAR,PICKUP
22801;CARY;T-INTERSECTION;STRAIGHT,LEVEL;STATE SECONDARY ROUTE;TWO-WAY,NOT DIVIDED;SMOOTH ASPHALT;DRY;DARK - LIGHTED ROADWAY;CLEAR;STOP SIGN;;;-78.7924;35.7841;;;0;0;;;NONE;;NONE;;PASSENGER CAR;PASSENGER CAR;;;;NO;2180;2016-06-24;9:30:48 PM;2016-06-25T01:30:48+00:00;;2016;No;No;6;NONE;NONE,NONE;NONE,NONE;PASSENGER CAR,PASSENGER CAR;PASSENGER CAR,PASSENGER CAR;PASSENGER CAR,PASSENGER CAR;PASSENGER CAR,PASSENGER CAR
22805;CARY;NO SPECIAL FEATURE;STRAIGHT,LEVEL;PRIVATE ROAD,DRIVEWAY;TWO-WAY,DIVIDED,UNPROTECTED MEDIAN;SMOOTH ASPHALT;DRY;DAYLIGHT;CLEAR;STOP SIGN;;;-78.888;35.8462;;;0;0;;;NONE;;NONE;;PASSENGER CAR;PASSENGER CAR;;;;NO;2184;2016-06-26;4:26:33 PM;2016-06-26T20:26:33+00:00;;2016;No;No;6;NONE;NONE,NONE;NONE,NONE;PASSENGER CAR,PASSENGER CAR;PASSENGER CAR,PASSENGER CAR;PASSENGER CAR,PASSENGER CAR;PASSENGER CAR,PASSENGER CAR
22808;20 FEET FROM WALDO ROOD BLVD;NO SPECIAL FEATURE;STRAIGHT,LEVEL;STATE SECONDARY ROUTE;TWO-WAY,NOT DIVIDED;SMOOTH ASPHALT;DRY;DAYLIGHT;CLEAR;NO CONTROL PRESENT;35.782135589;-78.84745742;-78.8475;35.782;P018;117;0;0;3;;NONE;;NONE;;PASSENGER CAR;PASSENGER CAR;;;;NO;2187;2016-06-24;4:55:03 PM;2016-06-24T20:55:03+00:00;35.782135589, -78.84745742;2016;No;No;6;NONE;NONE,NONE;NONE,NONE;PASSENGER CAR,PASSENGER CAR;PASSENGER CAR,PASSENGER CAR;PASSENGER CAR,PASSENGER CAR;PASSENGER CAR,PASSENGER CAR
22811;60 FEET FROM OKELLY CHAPEL RD (SR 1628);FOUR-WAY INTERSECTION;CURVE,GRADE;STATE SECONDARY ROUTE;TWO-WAY,DIVIDED,POSITIVE MEDIAN BARRIER;SMOOTH ASPHALT;WET;DAYLIGHT;CLOUDY;STOP AND GO SIGNAL;35.845768402;-78.89077828;-78.8935;35.8446;P091;WAKE;0;0;3;;NONE;;NONE;;PASSENGER CAR;PASSENGER CAR;PASSENGER CAR;;;NO;2190;2016-06-23;6:43:07 PM;2016-06-23T22:43:07+00:00;35.845768402, -78.89077828;2016;No;No;6;NONE;NONE,NONE;NONE,NONE;PASSENGER CAR,PASSENGER CAR;PASSENGER CAR,PASSENGER CAR,PASSENGER CAR;PASSENGER CAR,PASSENGER CAR,PASSENGER CAR;PASSENGER CAR,PASSENGER CAR,PASSENGER CAR
22813;34 FEET FROM PVA (204-212 CROSSROADS BLVD);DRIVEWAY, PUBLIC;STRAIGHT,GRADE;PUBLIC VEHICULAR AREA;TWO-WAY,NOT DIVIDED;SMOOTH ASPHALT;DRY;DUSK;CLEAR;NO CONTROL PRESENT;;;-78.7411;35.7603;;;0;0;1;;;;NONE;;SPORT UTILITY;SPORT UTILITY;;;;NO;2192;2016-06-24;8:20:09 PM;2016-06-25T00:20:09+00:00;;2016;No;No;6;;NONE;NONE;SPORT UTILITY,SPORT UTILITY;SPORT UTILITY,SPORT UTILITY;SPORT UTILITY,SPORT UTILITY;SPORT UTILITY,SPORT UTILITY
22816;.09 MILES FROM PVA OF 2370 WALNUT ST;NO SPECIAL FEATURE;STRAIGHT,LEVEL;PUBLIC VEHICULAR AREA;TWO-WAY,NOT DIVIDED;SMOOTH ASPHALT;DRY;DAYLIGHT;CLEAR;NO CONTROL PRESENT;35.752775777;-78.74424196;-78.7451;35.7528;;;0;0;;;;;NONE;;SPORT UTILITY;SPORT UTILITY;;;;NO;2195;2016-06-26;3:58:20 PM;2016-06-26T19:58:20+00:00;35.752775777, -78.74424196;2016;No;No;6;;NONE;NONE;SPORT UTILITY,SPORT UTILITY;SPORT UTILITY,SPORT UTILITY;SPORT UTILITY,SPORT UTILITY;SPORT UTILITY,SPORT UTILITY
22818;100 FEET FROM CAROLYN CT;NO SPECIAL FEATURE;STRAIGHT,LEVEL;LOCAL STREET;TWO-WAY,NOT DIVIDED;SMOOTH ASPHALT;DRY;DAYLIGHT;CLOUDY;NO CONTROL PRESENT;35.776082081;-78.77249201;-78.771863;35.775567;P062;120;0;0;1;;;;NONE;;PASSENGER CAR;PASSENGER CAR;;;;NO;2197;2016-06-25;1:24:50 PM;2016-06-25T17:24:50+00:00;35.776082081, -78.77249201;2016;No;No;6;;NONE;NONE;PASSENGER CAR,PASSENGER CAR;PASSENGER CAR,PASSENGER CAR;PASSENGER CAR,PASSENGER CAR;PASSENGER CAR,PASSENGER CAR
22824;CARY;FOUR-WAY INTERSECTION;STRAIGHT,LEVEL;STATE SECONDARY ROUTE;TWO-WAY,NOT DIVIDED;SMOOTH ASPHALT;DRY;DAYLIGHT;CLEAR;STOP SIGN;;;-78.82281;35.76407;;;0;2;;;NONE;;NONE;;PASSENGER CAR;PASSENGER CAR;;;;NO;2203;2016-06-26;9:21:41 AM;2016-06-26T13:21:41+00:00;;2016;No;Yes;6;NONE;NONE,NONE;NONE,NONE;PASSENGER CAR,PASSENGER CAR;PASSENGER CAR,PASSENGER CAR;PASSENGER CAR,PASSENGER CAR;PASSENGER CAR,PASSENGER CAR
22833;200 FEET FROM PVA 2791 NC 55 HWY;NO SPECIAL FEATURE;STRAIGHT,LEVEL;PUBLIC VEHICULAR AREA;TWO-WAY,NOT DIVIDED;SMOOTH ASPHALT;DRY;DAYLIGHT;CLEAR;NO CONTROL PRESENT;;;-78.8732;35.7847;;;0;0;;;NONE;;NONE;;PICKUP;PICKUP;;;;NO;2212;2016-06-27;12:40 PM;2016-06-27T16:40:00+00:00;;2016;No;No;6;NONE;NONE,NONE;NONE,NONE;PICKUP,PICKUP;PICKUP,PICKUP;PICKUP,PICKUP;PICKUP,PICKUP
22837;CARY;;;;;;;;;;35.794440797;-78.75176399;;;P060;113;0;0;;;;;;;;;;;;;2216;2016-06-28;5:30:39 AM;2016-06-28T09:30:39+00:00;35.794440797, -78.75176399;2016;No;No;6;;;;;;;
22846;.05 MILES FROM PVA OF 237 CROSSROADS BLVD;NO SPECIAL FEATURE;STRAIGHT,LEVEL;PUBLIC VEHICULAR AREA;TWO-WAY,NOT DIVIDED;SMOOTH ASPHALT;DRY;DAYLIGHT;CLEAR;NO CONTROL PRESENT;;;-78.7396;35.7624;;;0;0;;;;;NONE;;PASSENGER CAR;PASSENGER CAR;;;;NO;2225;2016-06-27;12:17 PM;2016-06-27T16:17:00+00:00;;2016;No;No;6;;NONE;NONE;PASSENGER CAR,PASSENGER CAR;PASSENGER CAR,PASSENGER CAR;PASSENGER CAR,PASSENGER CAR;PASSENGER CAR,PASSENGER CAR
22857;251 FEET FROM  PVA (1151 TRYON VILLAGE DR);DRIVEWAY, PUBLIC;STRAIGHT,GRADE;PUBLIC VEHICULAR AREA;TWO-WAY,NOT DIVIDED;SMOOTH ASPHALT;WET;DAYLIGHT;RAIN;NO CONTROL PRESENT;;;-78.7436;35.7465;;;0;0;;;;;NONE;;SPORT UTILITY;PASSENGER CAR;;;;NO;2236;2016-06-28;1:50:25 PM;2016-06-28T17:50:25+00:00;;2016;No;No;6;;NONE;NONE;SPORT UTILITY,PASSENGER CAR;SPORT UTILITY,PASSENGER CAR;SPORT UTILITY,PASSENGER CAR;SPORT UTILITY,PASSENGER CAR
22858;.28 MILES FROM US 1 HWY;NO SPECIAL FEATURE;STRAIGHT,LEVEL;US ROUTE;TWO-WAY,DIVIDED,POSITIVE MEDIAN BARRIER;SMOOTH ASPHALT;DRY;DAYLIGHT;CLEAR;NO CONTROL PRESENT;;;-78.740111;35.76432;;;0;0;;;;;NONE;;PASSENGER CAR;PASSENGER CAR;;;;NO;2237;2016-06-29;8:19:39 AM;2016-06-29T12:19:39+00:00;;2016;No;No;6;;NONE;NONE;PASSENGER CAR,PASSENGER CAR;PASSENGER CAR,PASSENGER CAR;PASSENGER CAR,PASSENGER CAR;PASSENGER CAR,PASSENGER CAR
22868;.1 MILES FROM SR 1613 (DAVIS DR);NO SPECIAL FEATURE;STRAIGHT,GRADE;STATE SECONDARY ROUTE;TWO-WAY,DIVIDED,UNPROTECTED MEDIAN;SMOOTH ASPHALT;DRY;DAYLIGHT;CLEAR;NO CONTROL PRESENT;;;-78.845;35.7919;;;0;0;;;NONE;;NONE;;SPORT UTILITY;PICKUP;;;;NO;2247;2016-06-29;1:46:23 PM;2016-06-29T17:46:23+00:00;;2016;No;No;6;NONE;NONE,NONE;NONE,NONE;SPORT UTILITY,PICKUP;SPORT UTILITY,PICKUP;SPORT UTILITY,PICKUP;SPORT UTILITY,PICKUP
22875;.10 MILES FROM ( SR 1615 ) HIGH HOUSE RD;NO SPECIAL FEATURE;STRAIGHT,LEVEL;STATE SECONDARY ROUTE;TWO-WAY,NOT DIVIDED;SMOOTH ASPHALT;DRY;DAYLIGHT;CLEAR;NO CONTROL PRESENT;35.786434073;-78.82498;-78.8253;35.7866;;;0;0;;;NONE;;FAILURE TO YIELD RIGHT OF WAY;NONE;PASSENGER CAR;PASSENGER CAR;;;;MAINTENANCE WORK AREA;2254;2016-06-30;1:18:47 PM;2016-06-30T17:18:47+00:00;35.786434073, -78.82498;2016;No;No;6;NONE;NONE,FAILURE TO YIELD RIGHT OF WAY;NONE,FAILURE TO YIELD RIGHT OF WAY,NONE;PASSENGER CAR,PASSENGER CAR;PASSENGER CAR,PASSENGER CAR;PASSENGER CAR,PASSENGER CAR;PASSENGER CAR,PASSENGER CAR
22876;0 FEET FROM E DURHAM ST;FOUR-WAY INTERSECTION;STRAIGHT,LEVEL;LOCAL STREET;TWO-WAY,NOT DIVIDED;COARSE ASPHALT;DRY;DAYLIGHT;CLEAR;STOP SIGN;35.790638213;-78.77651761;-78.776553;35.790637;P060;113;0;0;1;;NONE;;NONE;;PICKUP;SPORT UTILITY;;;;NO;2255;2016-06-24;12:32 PM;2016-06-24T16:32:00+00:00;35.790638213, -78.77651761;2016;No;No;6;NONE;NONE,NONE;NONE,NONE;PICKUP,SPORT UTILITY;PICKUP,SPORT UTILITY;PICKUP,SPORT UTILITY;PICKUP,SPORT UTILITY
22878;20 FEET FROM PVA 1255 CRESCENT GREEN DRIVE;NO SPECIAL FEATURE;STRAIGHT,LEVEL;PUBLIC VEHICULAR AREA;TWO-WAY,NOT DIVIDED;SMOOTH ASPHALT;DRY;DAYLIGHT;CLEAR;NO CONTROL PRESENT;35.732008145;-78.78290758;-78.7842;35.73;P053;116;0;0;;;;;NONE;;UNKNOWN;SPORT UTILITY;;;;NO;2257;2016-06-30;11:46 AM;2016-06-30T15:46:00+00:00;35.732008145, -78.78290758;2016;No;No;6;;NONE;NONE;UNKNOWN,SPORT UTILITY;UNKNOWN,SPORT UTILITY;UNKNOWN,SPORT UTILITY;UNKNOWN,SPORT UTILITY
22879;10 FEET FROM SR#1319 (JONES FRANKLIN ROAD);FOUR-WAY INTERSECTION;STRAIGHT,LEVEL;STATE SECONDARY ROUTE;TWO-WAY,DIVIDED,UNPROTECTED MEDIAN;SMOOTH ASPHALT;DRY;DAYLIGHT;CLEAR;STOP AND GO SIGNAL;35.745643629;-78.73767857;-78.739964;35.7455884;P046;118;0;1;;;;;NONE;;SPORT UTILITY;SPORT UTILITY;;;;NO;2258;2016-07-01;8:13:51 AM;2016-07-01T12:13:51+00:00;35.745643629, -78.73767857;2016;No;Yes;7;;NONE;NONE;SPORT UTILITY,SPORT UTILITY;SPORT UTILITY,SPORT UTILITY;SPORT UTILITY,SPORT UTILITY;SPORT UTILITY,SPORT UTILITY
22880;20 FEET FROM SR 1009 (TRYON RD);FOUR-WAY INTERSECTION;STRAIGHT,LEVEL;STATE SECONDARY ROUTE;TWO-WAY,DIVIDED,UNPROTECTED MEDIAN;SMOOTH ASPHALT;DRY;DAYLIGHT;CLEAR;STOP AND GO SIGNAL;35.74349854;-78.76255629;-78.762238;35.743634;P004;118;0;1;;;;;NONE;;PASSENGER CAR;PASSENGER CAR;;;;NO;2259;2016-07-01;7:41:11 AM;2016-07-01T11:41:11+00:00;35.74349854, -78.76255629;2016;No;Yes;7;;NONE;NONE;PASSENGER CAR,PASSENGER CAR;PASSENGER CAR,PASSENGER CAR;PASSENGER CAR,PASSENGER CAR;PASSENGER CAR,PASSENGER CAR
22881;80 FEET FROM PVA OF 162 PEBBLE CREEK DR;NO SPECIAL FEATURE;STRAIGHT,LEVEL;PUBLIC VEHICULAR AREA;TWO-WAY,NOT DIVIDED;COARSE ASPHALT;DRY;DAYLIGHT;CLEAR;NO CONTROL PRESENT;;;-78.795;35.761;;;0;0;;;;;NONE;;PASSENGER CAR;PASSENGER CAR;;;;NO;2260;2016-07-01;10:03 AM;2016-07-01T14:03:00+00:00;;2016;No;No;7;;NONE;NONE;PASSENGER CAR,PASSENGER CAR;PASSENGER CAR,PASSENGER CAR;PASSENGER CAR,PASSENGER CAR;PASSENGER CAR,PASSENGER CAR
22882;20 FEET FROM CROSSROADS BLVD;RELATED TO INTERSECTION;STRAIGHT,LEVEL;PRIVATE ROAD,DRIVEWAY;TWO-WAY,DIVIDED,UNPROTECTED MEDIAN;SMOOTH ASPHALT;DRY;DAYLIGHT;CLEAR;STOP SIGN;35.761266214;-78.7418746;-78.7419;35.762;P120;118;0;0;;;;;NONE;;PICKUP;PASSENGER CAR;;;;NO;2261;2016-07-01;12:32 PM;2016-07-01T16:32:00+00:00;35.761266214, -78.7418746;2016;No;No;7;;NONE;NONE;PICKUP,PASSENGER CAR;PICKUP,PASSENGER CAR;PICKUP,PASSENGER CAR;PICKUP,PASSENGER CAR
22889;.07 MILES FROM FINCASTLE DR;RELATED TO INTERSECTION;STRAIGHT,LEVEL;LOCAL STREET;TWO-WAY,NOT DIVIDED;SMOOTH ASPHALT;DRY;DAYLIGHT;CLEAR;STOP SIGN;35.797432704;-78.7589996;-78.7587;35.7964;P034;113;0;0;;1;NONE;;NONE;;PASSENGER CAR;;;;;NO;2268;2016-06-27;6:59:10 PM;2016-06-27T22:59:10+00:00;35.797432704, -78.7589996;2016;No;No;6;NONE;NONE,NONE;NONE,NONE;PASSENGER CAR;PASSENGER CAR;PASSENGER CAR;PASSENGER CAR
22897;.02 MILES FROM KILDAIRE FARM RD;NO SPECIAL FEATURE;STRAIGHT,LEVEL;STATE SECONDARY ROUTE;TWO-WAY,NOT DIVIDED;SMOOTH ASPHALT;DRY;DAYLIGHT;CLEAR;NO CONTROL PRESENT;35.751034839;-78.78289863;-78.7829;35.7576;P005;115;0;0;1;;NONE;;NONE;;PASSENGER CAR;PICKUP;;;;NO;2276;2016-07-01;3:28:40 PM;2016-07-01T19:28:40+00:00;35.751034839, -78.78289863;2016;No;No;7;NONE;NONE,NONE;NONE,NONE;PASSENGER CAR,PICKUP;PASSENGER CAR,PICKUP;PASSENGER CAR,PICKUP;PASSENGER CAR,PICKUP
22901;0.12 MILES FROM PVA (100 MACALYSON CT);DRIVEWAY, PUBLIC;STRAIGHT,LEVEL;PUBLIC VEHICULAR AREA;TWO-WAY,NOT DIVIDED;SMOOTH ASPHALT;DRY;DAYLIGHT;CLEAR;NO CONTROL PRESENT;;;-78.8009;35.7353;;;0;0;;;;;NONE;;UNKNOWN;SPORT UTILITY;;;;NO;2280;2016-06-29;4:12:33 PM;2016-06-29T20:12:33+00:00;;2016;No;No;6;;NONE;NONE;UNKNOWN,SPORT UTILITY;UNKNOWN,SPORT UTILITY;UNKNOWN,SPORT UTILITY;UNKNOWN,SPORT UTILITY
22907;400 FEET FROM 1105 WALNUT ST (PVA);DRIVEWAY, PUBLIC;STRAIGHT,GRADE;PUBLIC VEHICULAR AREA;TWO-WAY,NOT DIVIDED;SMOOTH ASPHALT;WET;DARK - ROADWAY NOT LIGHTED;RAIN;NO CONTROL PRESENT;35.773850825;-78.75931174;-78.7613;35.7745;P121;120;0;0;;;NONE;;NONE;;SPORT UTILITY;SPORT UTILITY;;;;NO;2286;2016-06-30;11:15 PM;2016-07-01T03:15:00+00:00;35.773850825, -78.75931174;2016;No;No;6;NONE;NONE,NONE;NONE,NONE;SPORT UTILITY,SPORT UTILITY;SPORT UTILITY,SPORT UTILITY;SPORT UTILITY,SPORT UTILITY;SPORT UTILITY,SPORT UTILITY
22910;1 MILES FROM CARY TOWNE BLVD;NO SPECIAL FEATURE;STRAIGHT,LEVEL;STATE SECONDARY ROUTE;TWO-WAY,DIVIDED,UNPROTECTED MEDIAN;SMOOTH ASPHALT;WET;DAYLIGHT;RAIN;NO CONTROL PRESENT;35.779839507;-78.75062963;-78.758;35.7772;P098;RALW;0;0;;;NONE;;NONE;;PASSENGER CAR;;;;;NO;2289;2016-07-04;9:10:16 AM;2016-07-04T13:10:16+00:00;35.779839507, -78.75062963;2016;No;No;7;NONE;NONE,NONE;NONE,NONE;PASSENGER CAR;PASSENGER CAR;PASSENGER CAR;PASSENGER CAR
22924;.4 MILES FROM SR 1731 (OKELLY CHAPEL RD);FOUR-WAY INTERSECTION;STRAIGHT,HILLCREST;STATE SECONDARY ROUTE;TWO-WAY,DIVIDED,UNPROTECTED MEDIAN;COARSE ASPHALT;DRY;DAYLIGHT;CLEAR;NO CONTROL PRESENT;35.754873947;-78.78780158;-78.9166;35.8452;P040;115;0;0;;;NONE;;NONE;;PASSENGER CAR;SPORT UTILITY;;;;NO;2303;2016-07-02;4:43:50 PM;2016-07-02T20:43:50+00:00;35.754873947, -78.78780158;2016;No;No;7;NONE;NONE,NONE;NONE,NONE;PASSENGER CAR,SPORT UTILITY;PASSENGER CAR,SPORT UTILITY;PASSENGER CAR,SPORT UTILITY;PASSENGER CAR,SPORT UTILITY
22931;60 FEET FROM NC 54 (CHAPEL HILL RD);NO SPECIAL FEATURE;STRAIGHT,LEVEL;NC ROUTE;TWO-WAY,DIVIDED,UNPROTECTED MEDIAN;SMOOTH ASPHALT;DRY;DAYLIGHT;CLEAR;NO CONTROL PRESENT;35.794748307;-78.75082436;-744269.69;2073882.5;P034;113;0;0;;;NONE;;NONE;;PICKUP;PASSENGER CAR;;;;NO;2310;2016-07-05;8:51:30 AM;2016-07-05T12:51:30+00:00;35.794748307, -78.75082436;2016;No;No;7;NONE;NONE,NONE;NONE,NONE;PICKUP,PASSENGER CAR;PICKUP,PASSENGER CAR;PICKUP,PASSENGER CAR;PICKUP,PASSENGER CAR
22944;1 FEET FROM RUTHERGLEN DR;T-INTERSECTION;CURVE,GRADE;LOCAL STREET;TWO-WAY,NOT DIVIDED;SMOOTH ASPHALT;DRY;DAYLIGHT;CLEAR;STOP SIGN;35.740721797;-78.80053036;-78.8028;35.7479;P042;115;0;0;3;;NONE;;NONE;;PASSENGER CAR;SPORT UTILITY;;;;NO;2323;2016-07-06;12:22 PM;2016-07-06T16:22:00+00:00;35.740721797, -78.80053036;2016;No;No;7;NONE;NONE,NONE;NONE,NONE;PASSENGER CAR,SPORT UTILITY;PASSENGER CAR,SPORT UTILITY;PASSENGER CAR,SPORT UTILITY;PASSENGER CAR,SPORT UTILITY
22957;300 FEET FROM 7135 OKELLY CHAPEL RD;NO SPECIAL FEATURE;STRAIGHT,LEVEL;PUBLIC VEHICULAR AREA;TWO-WAY,NOT DIVIDED;SMOOTH ASPHALT;DRY;DAYLIGHT;CLEAR;STOP SIGN;35.845746306;-78.88688234;-78.8869;35.844;P124;119;0;0;1;;NONE;;NONE;;PASSENGER CAR;PASSENGER CAR;;;;NO;2336;2016-07-07;12:28 PM;2016-07-07T16:28:00+00:00;35.845746306, -78.88688234;2016;No;No;7;NONE;NONE,NONE;NONE,NONE;PASSENGER CAR,PASSENGER CAR;PASSENGER CAR,PASSENGER CAR;PASSENGER CAR,PASSENGER CAR;PASSENGER CAR,PASSENGER CAR
22966;100 FEET FROM 100 LATTNER CT;NO SPECIAL FEATURE;STRAIGHT,LEVEL;PUBLIC VEHICULAR AREA;TWO-WAY,NOT DIVIDED;SMOOTH ASPHALT;DRY;DAYLIGHT;CLEAR;NO CONTROL PRESENT;35.830833792;-78.85228295;-78.8526;35.8309;P073;121;0;0;;;NONE;;NONE;;;;;;;NO;2344;2016-07-06;1:50:04 PM;2016-07-06T17:50:04+00:00;35.830833792, -78.85228295;2016;No;No;7;NONE;NONE,NONE;NONE,NONE;;;;
22967;200 FEET FROM HIGHWOOD PINES PL;NO SPECIAL FEATURE;STRAIGHT,LEVEL;LOCAL STREET;TWO-WAY,NOT DIVIDED;CONCRETE;DRY;DARK - LIGHTED ROADWAY;CLEAR;NO CONTROL PRESENT;35.817345395;-78.91578133;-78.91514;;P081;122;0;0;;;NONE;;NONE;;PASSENGER CAR;PASSENGER CAR;;;;NO;2345;2016-07-06;9:39:47 PM;2016-07-07T01:39:47+00:00;35.817345395, -78.91578133;2016;No;No;7;NONE;NONE,NONE;NONE,NONE;PASSENGER CAR,PASSENGER CAR;PASSENGER CAR,PASSENGER CAR;PASSENGER CAR,PASSENGER CAR;PASSENGER CAR,PASSENGER CAR
22968;.25 MILES FROM CROSSROADS BLVD;NO SPECIAL FEATURE;STRAIGHT,LEVEL;LOCAL STREET;TWO-WAY,DIVIDED,UNPROTECTED MEDIAN;SMOOTH ASPHALT;DRY;DAYLIGHT;CLEAR;NO CONTROL PRESENT;35.761266214;-78.7418746;-78.7355;35.7601;P120;118;0;0;;;NONE;;NONE;;SPORT UTILITY;PASSENGER CAR;;;;NO;2346;2016-07-06;9:44:43 PM;2016-07-07T01:44:43+00:00;35.761266214, -78.7418746;2016;No;No;7;NONE;NONE,NONE;NONE,NONE;SPORT UTILITY,PASSENGER CAR;SPORT UTILITY,PASSENGER CAR;SPORT UTILITY,PASSENGER CAR;SPORT UTILITY,PASSENGER CAR
22975;150 FEET FROM SR 1652 (N HARRISON AVE);RELATED TO INTERSECTION;STRAIGHT,GRADE;STATE SECONDARY ROUTE;TWO-WAY,DIVIDED,UNPROTECTED MEDIAN;SMOOTH ASPHALT;DRY;DAYLIGHT;CLEAR;NO CONTROL PRESENT;35.669104881;-78.94941509;-78.7739;35.8162;P090;WAKE;0;0;;;NONE;;NONE;;PICKUP;PASSENGER CAR;;;;NO;2353;2016-07-07;2:17:12 PM;2016-07-07T18:17:12+00:00;35.669104881, -78.94941509;2016;No;No;7;NONE;NONE,NONE;NONE,NONE;PICKUP,PASSENGER CAR;PICKUP,PASSENGER CAR;PICKUP,PASSENGER CAR;PICKUP,PASSENGER CAR
22976;200 FEET FROM SR 1300 (KILDAIRE FARM RD);NO SPECIAL FEATURE;STRAIGHT,LEVEL;STATE SECONDARY ROUTE;TWO-WAY,NOT DIVIDED;SMOOTH ASPHALT;DRY;DAYLIGHT;CLEAR;NO CONTROL PRESENT;35.807989805;-78.88337155;-78.7827;35.7551;P072;122;0;0;2;;NONE;;NONE;;PASSENGER CAR;PASSENGER CAR;VAN;;;NO;2354;2016-07-08;4:12:29 PM;2016-07-08T20:12:29+00:00;35.807989805, -78.88337155;2016;No;No;7;NONE;NONE,NONE;NONE,NONE;PASSENGER CAR,PASSENGER CAR;PASSENGER CAR,PASSENGER CAR,VAN;PASSENGER CAR,PASSENGER CAR,VAN;PASSENGER CAR,PASSENGER CAR,VAN
22977;30 FEET FROM SR 1652 (N HARRISON AVE);RELATED TO INTERSECTION;STRAIGHT,GRADE;STATE SECONDARY ROUTE;TWO-WAY,DIVIDED,UNPROTECTED MEDIAN;SMOOTH ASPHALT;DRY;DAYLIGHT;CLEAR;STOP AND GO SIGNAL;35.816534233;-78.77368479;-78.7737;35.8164;P087;WAKE;0;1;;;NONE;;NONE;;PICKUP;PASSENGER CAR;PASSENGER CAR;;;NO;2355;2016-07-07;3:57:16 PM;2016-07-07T19:57:16+00:00;35.816534233, -78.77368479;2016;No;Yes;7;NONE;NONE,NONE;NONE,NONE;PICKUP,PASSENGER CAR;PICKUP,PASSENGER CAR,PASSENGER CAR;PICKUP,PASSENGER CAR,PASSENGER CAR;PICKUP,PASSENGER CAR,PASSENGER CAR