tamainid;location_description;rdfeature;rdcharacter;rdclass;rdconfigur;rdsurface;rdcondition;lightcond;weather;trafcontrl;lat;lon;lon2;lat2;tract;zone;fatality;possblinj;numpassengers;numpedestrians;contrcir1_desc;contrcir2_desc;contrcir3_desc;contrcir4_desc;vehicle1;vehicle2;vehicle3;vehicle4;vehicle5;workarea;records;ta_date;ta_time;crash_date;geo_location;year;fatalities;injuries;month;contrfact1;contrfact2;contributing_factor;vehicleconcat1;vehicleconcat2;vehicleconcat3;vehicle_type
22978;0 FEET FROM SR 3090 (WESTON PARKWAY);FOUR-WAY INTERSECTION;STRAIGHT,LEVEL;STATE SECONDARY ROUTE;TWO-WAY,DIVIDED,UNPROTECTED MEDIAN;SMOOTH ASPHALT;DRY;DAYLIGHT;CLEAR;STOP AND GO SIGNAL;35.829396586;-78.77266668;-78.7726;35.8293;P029;111;0;0;;;NONE;;NONE;;PASSENGER CAR;PASSENGER CAR;SPORT UTILITY;;;NO;2356;2016-07-08;3:07:00 PM;2016-07-08T19:07:00+00:00;35.829396586, -78.77266668;2016;No;No;7;NONE;NONE,NONE;NONE,NONE;PASSENGER CAR,PASSENGER CAR;PASSENGER CAR,PASSENGER CAR,SPORT UTILITY;PASSENGER CAR,PASSENGER CAR,SPORT UTILITY;PASSENGER CAR,PASSENGER CAR,SPORT UTILITY
22979;0 FEET FROM SR 3977 (CARY PARKWAY);FOUR-WAY INTERSECTION;STRAIGHT,LEVEL;STATE SECONDARY ROUTE;TWO-WAY,DIVIDED,UNPROTECTED MEDIAN;SMOOTH ASPHALT;DRY;DAYLIGHT;CLEAR;STOP SIGN;35.791675337;-78.82313428;-78.8231;35.7916;P067;121;0;2;;;NONE;;NONE;;PASSENGER CAR;PASSENGER CAR;;;;NO;2357;2016-07-08;3:57:09 PM;2016-07-08T19:57:09+00:00;35.791675337, -78.82313428;2016;No;Yes;7;NONE;NONE,NONE;NONE,NONE;PASSENGER CAR,PASSENGER CAR;PASSENGER CAR,PASSENGER CAR;PASSENGER CAR,PASSENGER CAR;PASSENGER CAR,PASSENGER CAR
22982;0 FEET FROM SR 3014 (MORRISVILLECARPENTER);RELATED TO INTERSECTION;STRAIGHT,LEVEL;STATE SECONDARY ROUTE;TWO-WAY,DIVIDED,UNPROTECTED MEDIAN;COARSE ASPHALT;DRY;DAYLIGHT;CLEAR;STOP SIGN;35.822060714;-78.85523454;-78.8572;35.8227;P073;121;0;0;1;;NONE;;NONE;;PASSENGER CAR;SPORT UTILITY;;;;NO;2360;2016-07-10;1:44:34 PM;2016-07-10T17:44:34+00:00;35.822060714, -78.85523454;2016;No;No;7;NONE;NONE,NONE;NONE,NONE;PASSENGER CAR,SPORT UTILITY;PASSENGER CAR,SPORT UTILITY;PASSENGER CAR,SPORT UTILITY;PASSENGER CAR,SPORT UTILITY
22987;.10 MILES FROM SR3977 (SE CARY PKWY);NO SPECIAL FEATURE;STRAIGHT,LEVEL;STATE SECONDARY ROUTE;TWO-WAY,DIVIDED,UNPROTECTED MEDIAN;SMOOTH ASPHALT;DRY;DAYLIGHT;CLEAR;NO CONTROL PRESENT;35.745119625;-78.76378031;-78.7701;35.7471;P004;118;0;1;1;;;;NONE;;PASSENGER CAR;SPORT UTILITY;;;;NO;2365;2016-07-10;7:30:11 PM;2016-07-10T23:30:11+00:00;35.745119625, -78.76378031;2016;No;Yes;7;;NONE;NONE;PASSENGER CAR,SPORT UTILITY;PASSENGER CAR,SPORT UTILITY;PASSENGER CAR,SPORT UTILITY;PASSENGER CAR,SPORT UTILITY
22994;0.47 MILES FROM U.S. 64 HWY OFF RAMP;OFF-RAMP PROPER;CURVE,GRADE;STATE SECONDARY ROUTE;TWO-WAY,DIVIDED,UNPROTECTED MEDIAN;SMOOTH ASPHALT;DRY;DAYLIGHT;CLEAR;STOP AND GO SIGNAL;35.738714585;-78.79837573;-78.7882;35.7362;P041;116;0;0;;;;;NONE;;PICKUP;PASSENGER CAR;;;;NO;2372;2016-07-12;7:38:58 AM;2016-07-12T11:38:58+00:00;35.738714585, -78.79837573;2016;No;No;7;;NONE;NONE;PICKUP,PASSENGER CAR;PICKUP,PASSENGER CAR;PICKUP,PASSENGER CAR;PICKUP,PASSENGER CAR
22995;50 FEET FROM US 1;OFF-RAMP TERMINAL ON CROSSROAD;CURVE,GRADE;US ROUTE;TWO-WAY,DIVIDED,POSITIVE MEDIAN BARRIER;SMOOTH ASPHALT;DRY;DAYLIGHT;CLEAR;NO CONTROL PRESENT;35.736894104;-78.79376167;-78.7939;35.738;P043;116;0;0;;;NONE;;NONE;;SINGLE UNIT TRUCK (2-AXLE- 6-TIRE);PASSENGER CAR;;;;NO;2373;2016-07-12;1:17:37 PM;2016-07-12T17:17:37+00:00;35.736894104, -78.79376167;2016;No;No;7;NONE;NONE,NONE;NONE,NONE;SINGLE UNIT TRUCK (2-AXLE- 6-TIRE),PASSENGER CAR;SINGLE UNIT TRUCK (2-AXLE- 6-TIRE),PASSENGER CAR;SINGLE UNIT TRUCK (2-AXLE- 6-TIRE),PASSENGER CAR;SINGLE UNIT TRUCK (2-AXLE- 6-TIRE),PASSENGER CAR
23000;0 FEET FROM SR 1300 KILDAIRE FARM RD;FOUR-WAY INTERSECTION;STRAIGHT,GRADE;STATE SECONDARY ROUTE;TWO-WAY,DIVIDED,UNPROTECTED MEDIAN;SMOOTH ASPHALT;DRY;DAYLIGHT;CLEAR;STOP AND GO SIGNAL;35.726732956;-78.77734051;-78.777235;35.729269;P047;118;0;0;1;;NONE;;NONE;;SPORT UTILITY;PASSENGER CAR;;;;NO;2378;2016-07-11;4:05:31 PM;2016-07-11T20:05:31+00:00;35.726732956, -78.77734051;2016;No;No;7;NONE;NONE,NONE;NONE,NONE;SPORT UTILITY,PASSENGER CAR;SPORT UTILITY,PASSENGER CAR;SPORT UTILITY,PASSENGER CAR;SPORT UTILITY,PASSENGER CAR
23009;CARY;NO SPECIAL FEATURE;STRAIGHT,LEVEL;PUBLIC VEHICULAR AREA;TWO-WAY,NOT DIVIDED;SMOOTH ASPHALT;DRY;DUSK;CLEAR;NO CONTROL PRESENT;35.736725748;-78.78760951;-78.7656;35.7441;P042;115;0;0;;;NONE;;NONE;;PASSENGER CAR;VAN;;;;NO;2387;2016-07-13;10:10 PM;2016-07-14T02:10:00+00:00;35.736725748, -78.78760951;2016;No;No;7;NONE;NONE,NONE;NONE,NONE;PASSENGER CAR,VAN;PASSENGER CAR,VAN;PASSENGER CAR,VAN;PASSENGER CAR,VAN
23010;30 FEET FROM VALLONIA DR;NO SPECIAL FEATURE;STRAIGHT,LEVEL;LOCAL STREET;TWO-WAY,NOT DIVIDED;SMOOTH ASPHALT;DRY;DAYLIGHT;CLEAR;NO CONTROL PRESENT;35.842188886;-78.89726133;-78.8972;35.842;P076;119;0;0;;;NONE;;NONE;;SINGLE UNIT TRUCK (2-AXLE- 6-TIRE);PICKUP;;;;NO;2388;2016-07-14;11:14 AM;2016-07-14T15:14:00+00:00;35.842188886, -78.89726133;2016;No;No;7;NONE;NONE,NONE;NONE,NONE;SINGLE UNIT TRUCK (2-AXLE- 6-TIRE),PICKUP;SINGLE UNIT TRUCK (2-AXLE- 6-TIRE),PICKUP;SINGLE UNIT TRUCK (2-AXLE- 6-TIRE),PICKUP;SINGLE UNIT TRUCK (2-AXLE- 6-TIRE),PICKUP
23015;.1 MILES FROM P.V.A. 820 SAS CAMPUS DR;DRIVEWAY, PUBLIC;STRAIGHT,LEVEL;PUBLIC VEHICULAR AREA;TWO-WAY,NOT DIVIDED;SMOOTH ASPHALT;DRY;DAYLIGHT;CLEAR;NO CONTROL PRESENT;;;-78.7506;35.8166;;;0;0;;;;;NONE;;PASSENGER CAR;SPORT UTILITY;;;;NO;2393;2016-07-15;1:20:23 PM;2016-07-15T17:20:23+00:00;;2016;No;No;7;;NONE;NONE;PASSENGER CAR,SPORT UTILITY;PASSENGER CAR,SPORT UTILITY;PASSENGER CAR,SPORT UTILITY;PASSENGER CAR,SPORT UTILITY
23016;80 FEET FROM 1803 N HARRISON AVE;DRIVEWAY, PUBLIC;STRAIGHT,LEVEL;PUBLIC VEHICULAR AREA;ONE-WAY,NOT DIVIDED;SMOOTH ASPHALT;DRY;DAYLIGHT;CLEAR;NO CONTROL PRESENT;35.829708141;-78.7685142;-78.769505;35.829191;P029;111;0;0;;;NONE;;NONE;;PASSENGER CAR;PASSENGER CAR;;;;NO;2394;2016-07-12;12:44 PM;2016-07-12T16:44:00+00:00;35.829708141, -78.7685142;2016;No;No;7;NONE;NONE,NONE;NONE,NONE;PASSENGER CAR,PASSENGER CAR;PASSENGER CAR,PASSENGER CAR;PASSENGER CAR,PASSENGER CAR;PASSENGER CAR,PASSENGER CAR
23024;CARY;NO SPECIAL FEATURE;STRAIGHT,LEVEL;LOCAL STREET;TWO-WAY,NOT DIVIDED;SMOOTH ASPHALT;DRY;DAYLIGHT;CLEAR;NO CONTROL PRESENT;35.803054108;-78.88102262;-78.881;35.803;P072;122;0;0;;;OTHER *;;FAILURE TO YIELD RIGHT OF WAY;;PASSENGER CAR;;;;;CONSTRUCTION WORK AREA;2402;2016-07-11;2:50:40 PM;2016-07-11T18:50:40+00:00;35.803054108, -78.88102262;2016;No;No;7;OTHER *;OTHER *,FAILURE TO YIELD RIGHT OF WAY;OTHER *,FAILURE TO YIELD RIGHT OF WAY;PASSENGER CAR;PASSENGER CAR;PASSENGER CAR;PASSENGER CAR
23025;CARY;NO SPECIAL FEATURE;STRAIGHT,LEVEL;PUBLIC VEHICULAR AREA;TWO-WAY,NOT DIVIDED;SMOOTH ASPHALT;DRY;DAYLIGHT;CLEAR;NO CONTROL PRESENT;35.764008041;-78.74877098;-78.744;35.7531;P028;112;0;0;;;NONE;;NONE;;SPORT UTILITY;SPORT UTILITY;;;;NO;2403;2016-07-15;3:29:02 PM;2016-07-15T19:29:02+00:00;35.764008041, -78.74877098;2016;No;No;7;NONE;NONE,NONE;NONE,NONE;SPORT UTILITY,SPORT UTILITY;SPORT UTILITY,SPORT UTILITY;SPORT UTILITY,SPORT UTILITY;SPORT UTILITY,SPORT UTILITY
23029;200 FEET FROM PVA 151 SE CARY PARKWAY;DRIVEWAY, PUBLIC;STRAIGHT,LEVEL;PUBLIC VEHICULAR AREA;ONE-WAY,NOT DIVIDED;SMOOTH ASPHALT;DRY;DAYLIGHT;CLEAR;NO CONTROL PRESENT;;;-78.781544;35.75862;;112;0;0;2;;;;NONE;;PASSENGER CAR;PASSENGER CAR;;;;NO;2407;2016-07-14;3:44:02 PM;2016-07-14T19:44:02+00:00;;2016;No;No;7;;NONE;NONE;PASSENGER CAR,PASSENGER CAR;PASSENGER CAR,PASSENGER CAR;PASSENGER CAR,PASSENGER CAR;PASSENGER CAR,PASSENGER CAR
23032;15 FEET FROM US 1 HWY SB EXIT RAMP 98B;RELATED TO INTERSECTION;CURVE,BOTTOM (SAG);US ROUTE;ONE-WAY,NOT DIVIDED;SMOOTH ASPHALT;DRY;DAYLIGHT;CLEAR;STOP AND GO SIGNAL;35.737325471;-78.79285877;-78.7945;35.738;P042;115;0;0;1;;NONE;;NONE;;PICKUP;SPORT UTILITY;;;;NO;2410;2016-07-15;2:31:21 PM;2016-07-15T18:31:21+00:00;35.737325471, -78.79285877;2016;No;No;7;NONE;NONE,NONE;NONE,NONE;PICKUP,SPORT UTILITY;PICKUP,SPORT UTILITY;PICKUP,SPORT UTILITY;PICKUP,SPORT UTILITY
23033;10 FEET FROM NC 55 HWY NC 55;NO SPECIAL FEATURE;STRAIGHT,LEVEL;NC ROUTE;TWO-WAY,DIVIDED,POSITIVE MEDIAN BARRIER;SMOOTH ASPHALT;DRY;DAYLIGHT;CLEAR;FLASHING STOP AND GO SIGNAL;35.813695691;-78.87268266;-78.874;35.8221;P091;WAKE;0;0;;;NONE;;;;PASSENGER CAR;SPORT UTILITY;;;;NO;2411;2016-07-14;10:56 AM;2016-07-14T14:56:00+00:00;35.813695691, -78.87268266;2016;No;No;7;NONE;NONE;NONE;PASSENGER CAR,SPORT UTILITY;PASSENGER CAR,SPORT UTILITY;PASSENGER CAR,SPORT UTILITY;PASSENGER CAR,SPORT UTILITY
23036;200 FEET FROM US 1 HWY;NO SPECIAL FEATURE;STRAIGHT,LEVEL;US ROUTE;TWO-WAY,DIVIDED,POSITIVE MEDIAN BARRIER;GROOVED CONCRETE;WET;DARK - LIGHTED ROADWAY;RAIN;NO CONTROL PRESENT;;;-78.7432;35.7628;;;0;0;;;;;NONE;;PASSENGER CAR;PASSENGER CAR;;;;NO;2414;2016-07-17;1:14:24 AM;2016-07-17T05:14:24+00:00;;2016;No;No;7;;NONE;NONE;PASSENGER CAR,PASSENGER CAR;PASSENGER CAR,PASSENGER CAR;PASSENGER CAR,PASSENGER CAR;PASSENGER CAR,PASSENGER CAR
23041;100 FEET FROM PVA 2100 AUTO PARK BLVD;NO SPECIAL FEATURE;STRAIGHT,LEVEL;PUBLIC VEHICULAR AREA;TWO-WAY,NOT DIVIDED;SMOOTH ASPHALT;DRY;DAYLIGHT;CLEAR;NO CONTROL PRESENT;;;-78.8143;35.7384;;;0;0;;;NONE;;NONE;;PASSENGER CAR;PASSENGER CAR;;;;NO;2419;2016-07-16;3:20:33 PM;2016-07-16T19:20:33+00:00;;2016;No;No;7;NONE;NONE,NONE;NONE,NONE;PASSENGER CAR,PASSENGER CAR;PASSENGER CAR,PASSENGER CAR;PASSENGER CAR,PASSENGER CAR;PASSENGER CAR,PASSENGER CAR
23043;70 FEET FROM PVA 121 TEAM HENDRICK WAY;NO SPECIAL FEATURE;STRAIGHT,LEVEL;PUBLIC VEHICULAR AREA;TWO-WAY,NOT DIVIDED;SMOOTH ASPHALT;DRY;DAYLIGHT;CLEAR;NO CONTROL PRESENT;;;-788162.0;35.7385;;;0;0;;;NONE;;NONE;;PASSENGER CAR;PASSENGER CAR;;;;NO;2421;2016-07-17;10:10 AM;2016-07-17T14:10:00+00:00;;2016;No;No;7;NONE;NONE,NONE;NONE,NONE;PASSENGER CAR,PASSENGER CAR;PASSENGER CAR,PASSENGER CAR;PASSENGER CAR,PASSENGER CAR;PASSENGER CAR,PASSENGER CAR
23046;215 FEET FROM WESTHIGH ST;NO SPECIAL FEATURE;CURVE,LEVEL;LOCAL STREET;TWO-WAY,NOT DIVIDED;SMOOTH ASPHALT;DRY;DAYLIGHT;CLEAR;NO CONTROL PRESENT;35.766532135;-78.83334413;-78.831105;35.767437;P010;117;0;0;;;NONE;;NONE;;PASSENGER CAR;;;;;NO;2424;2016-07-11;4:02:03 PM;2016-07-11T20:02:03+00:00;35.766532135, -78.83334413;2016;No;No;7;NONE;NONE,NONE;NONE,NONE;PASSENGER CAR;PASSENGER CAR;PASSENGER CAR;PASSENGER CAR
23052;CARY;RELATED TO INTERSECTION;STRAIGHT,LEVEL;STATE SECONDARY ROUTE;TWO-WAY,DIVIDED,UNPROTECTED MEDIAN;SMOOTH ASPHALT;DRY;DAYLIGHT;CLEAR;STOP SIGN;35.764058597;-78.82293385;-78.822925;35.76403;P009;117;0;1;;;NONE;;NONE;;;PASSENGER CAR;;;;NO;2430;2016-07-18;2:10:25 PM;2016-07-18T18:10:25+00:00;35.764058597, -78.82293385;2016;No;Yes;7;NONE;NONE,NONE;NONE,NONE;PASSENGER CAR;PASSENGER CAR;PASSENGER CAR;PASSENGER CAR
23054;.1 MILES FROM PVA 7145 OKELLY CHAPEL RD;NO SPECIAL FEATURE;STRAIGHT,LEVEL;PUBLIC VEHICULAR AREA;TWO-WAY,NOT DIVIDED;SMOOTH ASPHALT;DRY;DAYLIGHT;CLEAR;STOP SIGN;35.844147803;-78.88823086;-78.888;35.8448;P124;119;0;0;1;;NONE;;NONE;;PASSENGER CAR;SPORT UTILITY;;;;NO;2432;2016-07-18;12:53 PM;2016-07-18T16:53:00+00:00;35.844147803, -78.88823086;2016;No;No;7;NONE;NONE,NONE;NONE,NONE;PASSENGER CAR,SPORT UTILITY;PASSENGER CAR,SPORT UTILITY;PASSENGER CAR,SPORT UTILITY;PASSENGER CAR,SPORT UTILITY
23056;10 FEET FROM SR 1415 (MAYNARD RD);RELATED TO INTERSECTION;STRAIGHT,LEVEL;STATE SECONDARY ROUTE;TWO-WAY,DIVIDED,UNPROTECTED MEDIAN;SMOOTH ASPHALT;DRY;DAYLIGHT;CLEAR;STOP AND GO SIGNAL;35.765066975;-78.57110086;-78.764201;35.776155;P119;RALW;0;1;1;;NONE;;NONE;;SPORT UTILITY;PASSENGER CAR;;;;NO;2434;2016-07-14;1:32:53 PM;2016-07-14T17:32:53+00:00;35.765066975, -78.57110086;2016;No;Yes;7;NONE;NONE,NONE;NONE,NONE;SPORT UTILITY,PASSENGER CAR;SPORT UTILITY,PASSENGER CAR;SPORT UTILITY,PASSENGER CAR;SPORT UTILITY,PASSENGER CAR
23063;50 FEET FROM SR# 3081 (CHAPEL HILL RD);NO SPECIAL FEATURE;STRAIGHT,LEVEL;STATE SECONDARY ROUTE;TWO-WAY,DIVIDED,UNPROTECTED MEDIAN;COARSE ASPHALT;DRY;DAYLIGHT;CLEAR;NO CONTROL PRESENT;35.791437986;-78.78113751;-78.7812;35.7914;P032;113;0;0;;;;;NONE;;LIGHT TRUCK (MINI-VAN- PANEL);PASSENGER CAR;;;;NO;2441;2016-07-18;5:32:54 PM;2016-07-18T21:32:54+00:00;35.791437986, -78.78113751;2016;No;No;7;;NONE;NONE;LIGHT TRUCK (MINI-VAN- PANEL),PASSENGER CAR;LIGHT TRUCK (MINI-VAN- PANEL),PASSENGER CAR;LIGHT TRUCK (MINI-VAN- PANEL),PASSENGER CAR;LIGHT TRUCK (MINI-VAN- PANEL),PASSENGER CAR
23064;5 FEET FROM SR-3081 (CHAPEL HILL RD);RELATED TO INTERSECTION;STRAIGHT,LEVEL;STATE SECONDARY ROUTE;TWO-WAY,DIVIDED,UNPROTECTED MEDIAN;SMOOTH ASPHALT;DRY;DAYLIGHT;CLEAR;STOP AND GO SIGNAL;35.791437986;-78.78113751;-78.7811;35.7918;P032;113;0;2;;;NONE;;NONE;;SPORT UTILITY;SPORT UTILITY;;;;NO;2442;2016-07-18;10:06 PM;2016-07-19T02:06:00+00:00;35.791437986, -78.78113751;2016;No;Yes;7;NONE;NONE,NONE;NONE,NONE;SPORT UTILITY,SPORT UTILITY;SPORT UTILITY,SPORT UTILITY;SPORT UTILITY,SPORT UTILITY;SPORT UTILITY,SPORT UTILITY
23069;CARY;FOUR-WAY INTERSECTION;STRAIGHT,LEVEL;STATE SECONDARY ROUTE;TWO-WAY,DIVIDED,UNPROTECTED MEDIAN;SMOOTH ASPHALT;DRY;DAYLIGHT;CLEAR;STOP SIGN;35.733572397;-78.78746656;-78.7902;35.7337;P053;116;0;0;;;NONE;;NONE;;PICKUP;PICKUP;;;;NO;2447;2016-07-19;4:36:35 PM;2016-07-19T20:36:35+00:00;35.733572397, -78.78746656;2016;No;No;7;NONE;NONE,NONE;NONE,NONE;PICKUP,PICKUP;PICKUP,PICKUP;PICKUP,PICKUP;PICKUP,PICKUP
23073;.10 MILES FROM US 1 NORTH;NO SPECIAL FEATURE;STRAIGHT,LEVEL;US ROUTE;TWO-WAY,DIVIDED,POSITIVE MEDIAN BARRIER;SMOOTH ASPHALT;DRY;DAYLIGHT;CLEAR;NO CONTROL PRESENT;35.761049563;-78.7440894;-78.7397;35.7645;P045;118;0;0;;;;;NONE;;PASSENGER CAR;PASSENGER CAR;;;;NO;2451;2016-07-19;11:40 AM;2016-07-19T15:40:00+00:00;35.761049563, -78.7440894;2016;No;No;7;;NONE;NONE;PASSENGER CAR,PASSENGER CAR;PASSENGER CAR,PASSENGER CAR;PASSENGER CAR,PASSENGER CAR;PASSENGER CAR,PASSENGER CAR
23074;10 FEET FROM SR 1370 (TRYON RD);NO SPECIAL FEATURE;STRAIGHT,LEVEL;STATE SECONDARY ROUTE;TWO-WAY,NOT DIVIDED;SMOOTH ASPHALT;DRY;DAYLIGHT;CLEAR;STOP AND GO SIGNAL;35.739671634;-78.77990094;-78.7795;35.74;P044;115;0;0;;;;;NONE;;PICKUP;PICKUP;;;;NO;2452;2016-07-19;11:52 AM;2016-07-19T15:52:00+00:00;35.739671634, -78.77990094;2016;No;No;7;;NONE;NONE;PICKUP,PICKUP;PICKUP,PICKUP;PICKUP,PICKUP;PICKUP,PICKUP
23077;100 FEET FROM SW CARY PKWY;NO SPECIAL FEATURE;STRAIGHT,LEVEL;STATE SECONDARY ROUTE;TWO-WAY,DIVIDED,UNPROTECTED MEDIAN;SMOOTH ASPHALT;DRY;DAYLIGHT;CLEAR;NO CONTROL PRESENT;35.76576342;-78.82671731;-78.8268;35.7655;P009;117;0;0;3;;NONE;;NONE;;SPORT UTILITY;PASSENGER CAR;;;;NO;2455;2016-07-06;3:06:40 PM;2016-07-06T19:06:40+00:00;35.76576342, -78.82671731;2016;No;No;7;NONE;NONE,NONE;NONE,NONE;SPORT UTILITY,PASSENGER CAR;SPORT UTILITY,PASSENGER CAR;SPORT UTILITY,PASSENGER CAR;SPORT UTILITY,PASSENGER CAR
23078;.2 MILES FROM HIGH HOUSE RD;NO SPECIAL FEATURE;STRAIGHT,LEVEL;STATE SECONDARY ROUTE;TWO-WAY,DIVIDED,UNPROTECTED MEDIAN;SMOOTH ASPHALT;DRY;DAYLIGHT;CLEAR;STOP AND GO SIGNAL;35.789054218;-78.82890126;-78.8305;35.79;P067;121;0;0;;;NONE;;NONE;;SPORT UTILITY;PASSENGER CAR;;;;NO;2456;2016-07-20;1:13:22 PM;2016-07-20T17:13:22+00:00;35.789054218, -78.82890126;2016;No;No;7;NONE;NONE,NONE;NONE,NONE;SPORT UTILITY,PASSENGER CAR;SPORT UTILITY,PASSENGER CAR;SPORT UTILITY,PASSENGER CAR;SPORT UTILITY,PASSENGER CAR
23081;CARY;RELATED TO INTERSECTION;STRAIGHT,LEVEL;NC ROUTE;TWO-WAY,DIVIDED,UNPROTECTED MEDIAN;SMOOTH ASPHALT;DRY;DAYLIGHT;CLEAR;STOP AND GO SIGNAL;35.798725335;-78.79608011;-78.7961;35.7889;P023;111;0;1;;;;;NONE;;PASSENGER CAR;SPORT UTILITY;;;;NO;2459;2016-07-19;6:06:39 PM;2016-07-19T22:06:39+00:00;35.798725335, -78.79608011;2016;No;Yes;7;;NONE;NONE;PASSENGER CAR,SPORT UTILITY;PASSENGER CAR,SPORT UTILITY;PASSENGER CAR,SPORT UTILITY;PASSENGER CAR,SPORT UTILITY
23085;0.16 MILES FROM SR 1009 (TRYON RD);RELATED TO INTERSECTION;CURVE,HILLCREST;STATE SECONDARY ROUTE;TWO-WAY,DIVIDED,UNPROTECTED MEDIAN;SMOOTH ASPHALT;UNKNOWN;UNKNOWN;OTHER *;YIELD SIGN;35.736989646;-78.78593998;-78.7802;35.7392;P044;115;0;0;1;;;;NONE;;SPORT UTILITY;PASSENGER CAR;;;;NO;2463;2016-05-27;11:13 AM;2016-05-27T15:13:00+00:00;35.736989646, -78.78593998;2016;No;No;5;;NONE;NONE;SPORT UTILITY,PASSENGER CAR;SPORT UTILITY,PASSENGER CAR;SPORT UTILITY,PASSENGER CAR;SPORT UTILITY,PASSENGER CAR
23086;100 FEET FROM P.V.A. (1301 KILDAIRE FARM RD);NO SPECIAL FEATURE;STRAIGHT,LEVEL;PUBLIC VEHICULAR AREA;TWO-WAY,NOT DIVIDED;SMOOTH ASPHALT;DRY;DAYLIGHT;CLEAR;NO CONTROL PRESENT;;;-78.782;35.7612;;;0;0;;;NONE;;NONE;;PASSENGER CAR;PASSENGER CAR;;;;NO;2464;2016-07-20;1:40:18 PM;2016-07-20T17:40:18+00:00;;2016;No;No;7;NONE;NONE,NONE;NONE,NONE;PASSENGER CAR,PASSENGER CAR;PASSENGER CAR,PASSENGER CAR;PASSENGER CAR,PASSENGER CAR;PASSENGER CAR,PASSENGER CAR
23088;260 FEET FROM PVA PLANET FITNESS (681 CARY T;DRIVEWAY, PUBLIC;STRAIGHT,LEVEL;PUBLIC VEHICULAR AREA;TWO-WAY,NOT DIVIDED;SMOOTH ASPHALT;DRY;DAYLIGHT;CLEAR;NO CONTROL PRESENT;;;-78.7656;35.7762;;;0;0;;;NONE;;NONE;;PASSENGER CAR;PASSENGER CAR;;;;NO;2466;2016-07-21;12:52 PM;2016-07-21T16:52:00+00:00;;2016;No;No;7;NONE;NONE,NONE;NONE,NONE;PASSENGER CAR,PASSENGER CAR;PASSENGER CAR,PASSENGER CAR;PASSENGER CAR,PASSENGER CAR;PASSENGER CAR,PASSENGER CAR
23092;165 FEET FROM PVA (1005 TRINITY RD);NO SPECIAL FEATURE;STRAIGHT,LEVEL;PUBLIC VEHICULAR AREA;TWO-WAY,NOT DIVIDED;SMOOTH ASPHALT;DRY;DAYLIGHT;CLEAR;;;;-78.752025;35.792695;;;0;0;;;NONE;;NONE;;PASSENGER CAR;SINGLE UNIT TRUCK (2-AXLE- 6-TIRE);;;;NO;2470;2016-07-21;2:37:07 PM;2016-07-21T18:37:07+00:00;;2016;No;No;7;NONE;NONE,NONE;NONE,NONE;PASSENGER CAR,SINGLE UNIT TRUCK (2-AXLE- 6-TIRE);PASSENGER CAR,SINGLE UNIT TRUCK (2-AXLE- 6-TIRE);PASSENGER CAR,SINGLE UNIT TRUCK (2-AXLE- 6-TIRE);PASSENGER CAR,SINGLE UNIT TRUCK (2-AXLE- 6-TIRE)
23099;400 FEET FROM SR 1010 (TEN TEN RD);NO SPECIAL FEATURE;STRAIGHT,GRADE;STATE SECONDARY ROUTE;TWO-WAY,NOT DIVIDED;SMOOTH ASPHALT;DRY;DAYLIGHT;CLEAR;NO CONTROL PRESENT;35.701020524;-78.78351859;-78.7846;35.7012;P052;116;0;1;;;NONE;;NONE;;PASSENGER CAR;SPORT UTILITY;;;;NO;2477;2016-07-19;8:01:45 AM;2016-07-19T12:01:45+00:00;35.701020524, -78.78351859;2016;No;Yes;7;NONE;NONE,NONE;NONE,NONE;PASSENGER CAR,SPORT UTILITY;PASSENGER CAR,SPORT UTILITY;PASSENGER CAR,SPORT UTILITY;PASSENGER CAR,SPORT UTILITY
23102;.02 MILES FROM US 64 HWY;NO SPECIAL FEATURE;STRAIGHT,LEVEL;US ROUTE;TWO-WAY,DIVIDED,POSITIVE MEDIAN BARRIER;SMOOTH ASPHALT;DRY;DAYLIGHT;CLEAR;NO CONTROL PRESENT;35.740484311;-78.8047643;-78.8;35.7;P041;116;0;0;;;NONE;;NONE;;SPORT UTILITY;PASSENGER CAR;;;;NO;2480;2016-07-20;12:56 PM;2016-07-20T16:56:00+00:00;35.740484311, -78.8047643;2016;No;No;7;NONE;NONE,NONE;NONE,NONE;SPORT UTILITY,PASSENGER CAR;SPORT UTILITY,PASSENGER CAR;SPORT UTILITY,PASSENGER CAR;SPORT UTILITY,PASSENGER CAR
23106;0.15 MILES FROM PVA (2310 WALNUT ST);DRIVEWAY, PUBLIC;STRAIGHT,HILLCREST;PUBLIC VEHICULAR AREA;TWO-WAY,NOT DIVIDED;SMOOTH ASPHALT;DRY;DAYLIGHT;CLOUDY;NO CONTROL PRESENT;;;-78.0;35.0;;;0;0;1;;;;NONE;;SPORT UTILITY;PASSENGER CAR;;;;NO;2484;2016-07-21;1:26:45 PM;2016-07-21T17:26:45+00:00;;2016;No;No;7;;NONE;NONE;SPORT UTILITY,PASSENGER CAR;SPORT UTILITY,PASSENGER CAR;SPORT UTILITY,PASSENGER CAR;SPORT UTILITY,PASSENGER CAR