tamainid;location_description;rdfeature;rdcharacter;rdclass;rdconfigur;rdsurface;rdcondition;lightcond;weather;trafcontrl;lat;lon;lon2;lat2;tract;zone;fatality;possblinj;numpassengers;numpedestrians;contrcir1_desc;contrcir2_desc;contrcir3_desc;contrcir4_desc;vehicle1;vehicle2;vehicle3;vehicle4;vehicle5;workarea;records;ta_date;ta_time;crash_date;geo_location;year;fatalities;injuries;month;contrfact1;contrfact2;contributing_factor;vehicleconcat1;vehicleconcat2;vehicleconcat3;vehicle_type
23107;200 FEET FROM (PVA) 301 N. HARRISON AVE;;;;;;;;;;35.804865052;-78.78472285;;;;;0;0;;;;;;;;;;;;;2485;2016-07-20;8:57:49 PM;2016-07-21T00:57:49+00:00;35.804865052, -78.78472285;2016;No;No;7;;;;;;;
23108;180 FEET FROM PVA 1004 PARKSIDE MAIN ST;NO SPECIAL FEATURE;STRAIGHT,LEVEL;PUBLIC VEHICULAR AREA;TWO-WAY,NOT DIVIDED;SMOOTH ASPHALT;DRY;DAYLIGHT;CLEAR;NO CONTROL PRESENT;;;-78.8873;35.8467;;;0;0;;;NONE;;NONE;;PASSENGER CAR;PASSENGER CAR;;;;NO;2486;2016-07-22;12:11 PM;2016-07-22T16:11:00+00:00;;2016;No;No;7;NONE;NONE,NONE;NONE,NONE;PASSENGER CAR,PASSENGER CAR;PASSENGER CAR,PASSENGER CAR;PASSENGER CAR,PASSENGER CAR;PASSENGER CAR,PASSENGER CAR
23112;10 FEET FROM EARL DR;NO SPECIAL FEATURE;STRAIGHT,LEVEL;LOCAL STREET;TWO-WAY,NOT DIVIDED;SMOOTH ASPHALT;DRY;DAYLIGHT;CLEAR;NO CONTROL PRESENT;35.788770945;-78.76071427;-78.7606;35.7887;P056;120;0;0;;;NONE;;NONE;;PICKUP;PICKUP;;;;NO;2490;2016-07-22;2:40:39 PM;2016-07-22T18:40:39+00:00;35.788770945, -78.76071427;2016;No;No;7;NONE;NONE,NONE;NONE,NONE;PICKUP,PICKUP;PICKUP,PICKUP;PICKUP,PICKUP;PICKUP,PICKUP
23114;110 FEET FROM [SR1010]TEN TEN RD;NO SPECIAL FEATURE;STRAIGHT,LEVEL;LOCAL STREET;TWO-WAY,NOT DIVIDED;SMOOTH ASPHALT;DRY;DAYLIGHT;CLEAR;NO CONTROL PRESENT;;;-78.7851;35.7045;;;0;0;2;;NONE;;NONE;;SPORT UTILITY;PASSENGER CAR;;;;NO;2492;2016-07-20;5:17:19 PM;2016-07-20T21:17:19+00:00;;2016;No;No;7;NONE;NONE,NONE;NONE,NONE;SPORT UTILITY,PASSENGER CAR;SPORT UTILITY,PASSENGER CAR;SPORT UTILITY,PASSENGER CAR;SPORT UTILITY,PASSENGER CAR
23116;CARY;NO SPECIAL FEATURE;STRAIGHT,LEVEL;LOCAL STREET;TWO-WAY,NOT DIVIDED;SMOOTH ASPHALT;DRY;DAYLIGHT;CLEAR;STOP SIGN;35.73951665;-78.81358707;-78.8134;35.7394;P041;116;0;0;;;NONE;;NONE;;VAN;PASSENGER CAR;;;;NO;2494;2016-07-21;5:52:03 PM;2016-07-21T21:52:03+00:00;35.73951665, -78.81358707;2016;No;No;7;NONE;NONE,NONE;NONE,NONE;VAN,PASSENGER CAR;VAN,PASSENGER CAR;VAN,PASSENGER CAR;VAN,PASSENGER CAR
23120;500 FEET FROM PVA BRADFORD GREEN SQ;NO SPECIAL FEATURE;STRAIGHT,LEVEL;PUBLIC VEHICULAR AREA;TWO-WAY,NOT DIVIDED;SMOOTH ASPHALT;DRY;DAYLIGHT;CLEAR;NO CONTROL PRESENT;;;;;;;0;0;;;NONE;;NONE;;PASSENGER CAR;UNKNOWN;;;;NO;2498;2016-07-22;3:39:53 PM;2016-07-22T19:39:53+00:00;;2016;No;No;7;NONE;NONE,NONE;NONE,NONE;PASSENGER CAR,UNKNOWN;PASSENGER CAR,UNKNOWN;PASSENGER CAR,UNKNOWN;PASSENGER CAR,UNKNOWN
23130;490 FEET FROM SR# 3112 (NW CARY PKWY);NO SPECIAL FEATURE;STRAIGHT,BOTTOM (SAG);NC ROUTE;TWO-WAY,DIVIDED,POSITIVE MEDIAN BARRIER;SMOOTH ASPHALT;DRY;DARK - LIGHTED ROADWAY;CLEAR;NO CONTROL PRESENT;35.797349318;-78.81787432;-78.8178;35.7986;P067;121;0;0;;;;;NONE;;PASSENGER CAR;;;;;NO;2508;2016-07-24;10:20 PM;2016-07-25T02:20:00+00:00;35.797349318, -78.81787432;2016;No;No;7;;NONE;NONE;PASSENGER CAR;PASSENGER CAR;PASSENGER CAR;PASSENGER CAR
23133;362 FEET FROM OCEANA PL;NO SPECIAL FEATURE;STRAIGHT,GRADE;PUBLIC VEHICULAR AREA;TWO-WAY,NOT DIVIDED;SMOOTH ASPHALT;DRY;DAYLIGHT;CLEAR;NO CONTROL PRESENT;35.77096436;-78.80931971;-78.808355;35.770206;P068;117;0;0;;;NONE;;NONE;;SPORT UTILITY;PASSENGER CAR;;;;NO;2511;2016-07-15;7:58:39 PM;2016-07-15T23:58:39+00:00;35.77096436, -78.80931971;2016;No;No;7;NONE;NONE,NONE;NONE,NONE;SPORT UTILITY,PASSENGER CAR;SPORT UTILITY,PASSENGER CAR;SPORT UTILITY,PASSENGER CAR;SPORT UTILITY,PASSENGER CAR
23136;.13 MILES FROM KILDAIRE FARMS RD (SR1300);NO SPECIAL FEATURE;STRAIGHT,LEVEL;STATE SECONDARY ROUTE;TWO-WAY,NOT DIVIDED;SMOOTH ASPHALT;DRY;DAYLIGHT;CLEAR;NO CONTROL PRESENT;35.698070743;-78.7950512;-78.795524;35.696502;P048;116;0;0;;;NONE;;NONE;;SPORT UTILITY;PASSENGER CAR;PASSENGER CAR;;;NO;2514;2016-07-22;3:58:16 PM;2016-07-22T19:58:16+00:00;35.698070743, -78.7950512;2016;No;No;7;NONE;NONE,NONE;NONE,NONE;SPORT UTILITY,PASSENGER CAR;SPORT UTILITY,PASSENGER CAR,PASSENGER CAR;SPORT UTILITY,PASSENGER CAR,PASSENGER CAR;SPORT UTILITY,PASSENGER CAR,PASSENGER CAR
23144;CARY;RELATED TO INTERSECTION;STRAIGHT,LEVEL;STATE SECONDARY ROUTE;TWO-WAY,NOT DIVIDED;SMOOTH ASPHALT;DRY;DAYLIGHT;CLEAR;STOP AND GO SIGNAL;35.764479231;-78.78050213;-78.7834;;P027;112;0;0;;;NONE;;NONE;;PASSENGER CAR;PASSENGER CAR;;;;NO;2522;2016-07-23;1:00:47 PM;2016-07-23T17:00:47+00:00;35.764479231, -78.78050213;2016;No;No;7;NONE;NONE,NONE;NONE,NONE;PASSENGER CAR,PASSENGER CAR;PASSENGER CAR,PASSENGER CAR;PASSENGER CAR,PASSENGER CAR;PASSENGER CAR,PASSENGER CAR
23152;200 FEET FROM P.V.A. (PANERA);NO SPECIAL FEATURE;STRAIGHT,LEVEL;PUBLIC VEHICULAR AREA;TWO-WAY,NOT DIVIDED;SMOOTH ASPHALT;DRY;DAYLIGHT;CLEAR;NO CONTROL PRESENT;;;-78.7427;35.7551;;;0;0;;;NONE;;NONE;;PASSENGER CAR;SPORT UTILITY;;;;NO;2530;2016-07-25;2:26:06 PM;2016-07-25T18:26:06+00:00;;2016;No;No;7;NONE;NONE,NONE;NONE,NONE;PASSENGER CAR,SPORT UTILITY;PASSENGER CAR,SPORT UTILITY;PASSENGER CAR,SPORT UTILITY;PASSENGER CAR,SPORT UTILITY
23166;40 FEET FROM SR 1613 (DAVIS DR);NO SPECIAL FEATURE;CURVE,GRADE;STATE SECONDARY ROUTE;TWO-WAY,DIVIDED,UNPROTECTED MEDIAN;SMOOTH ASPHALT;DRY;DAYLIGHT;CLEAR;NO CONTROL PRESENT;35.830792215;-78.8532521;-78.8533;35.8306;P073;121;0;0;;;NONE;;NONE;;PASSENGER CAR;SPORT UTILITY;;;;NO;2544;2016-07-25;12:23 PM;2016-07-25T16:23:00+00:00;35.830792215, -78.8532521;2016;No;No;7;NONE;NONE,NONE;NONE,NONE;PASSENGER CAR,SPORT UTILITY;PASSENGER CAR,SPORT UTILITY;PASSENGER CAR,SPORT UTILITY;PASSENGER CAR,SPORT UTILITY
23169;10 FEET FROM CROSSROADS BLVD;RELATED TO INTERSECTION;STRAIGHT,LEVEL;LOCAL STREET;TWO-WAY,DIVIDED,UNPROTECTED MEDIAN;SMOOTH ASPHALT;DRY;DAYLIGHT;CLEAR;STOP AND GO SIGNAL;35.761266214;-78.7418746;-78.7401;35.7611;P120;118;0;0;;;NONE;;NONE;;SPORT UTILITY;PASSENGER CAR;;;;NO;2547;2016-07-26;1:56:45 PM;2016-07-26T17:56:45+00:00;35.761266214, -78.7418746;2016;No;No;7;NONE;NONE,NONE;NONE,NONE;SPORT UTILITY,PASSENGER CAR;SPORT UTILITY,PASSENGER CAR;SPORT UTILITY,PASSENGER CAR;SPORT UTILITY,PASSENGER CAR
23178;0 FEET FROM CRESCENT GREEN;FOUR-WAY INTERSECTION;CURVE,LEVEL;LOCAL STREET;TWO-WAY,DIVIDED,UNPROTECTED MEDIAN;SMOOTH ASPHALT;WATER (STANDING, MOVING);DAYLIGHT;CLEAR;NO CONTROL PRESENT;35.732072501;-78.78213074;-78.7843;35.7325;P053;116;0;2;1;;NONE;;NONE;;PASSENGER CAR;PASSENGER CAR;;;;NO;2556;2016-07-26;2:46:13 PM;2016-07-26T18:46:13+00:00;35.732072501, -78.78213074;2016;No;Yes;7;NONE;NONE,NONE;NONE,NONE;PASSENGER CAR,PASSENGER CAR;PASSENGER CAR,PASSENGER CAR;PASSENGER CAR,PASSENGER CAR;PASSENGER CAR,PASSENGER CAR
23179;.6 MILES FROM US 1 HWY;NO SPECIAL FEATURE;STRAIGHT,LEVEL;US ROUTE;TWO-WAY,DIVIDED,POSITIVE MEDIAN BARRIER;SMOOTH ASPHALT;DRY;DAYLIGHT;CLEAR;NO CONTROL PRESENT;;;-78.7611;35.7539;;112;0;1;1;;NONE;;NONE;;PASSENGER CAR;PASSENGER CAR;PICKUP;;;NO;2557;2016-07-25;7:34:08 AM;2016-07-25T11:34:08+00:00;;2016;No;Yes;7;NONE;NONE,NONE;NONE,NONE;PASSENGER CAR,PASSENGER CAR;PASSENGER CAR,PASSENGER CAR,PICKUP;PASSENGER CAR,PASSENGER CAR,PICKUP;PASSENGER CAR,PASSENGER CAR,PICKUP
23181;10 FEET FROM CALEBRA WAY;NO SPECIAL FEATURE;STRAIGHT,LEVEL;LOCAL STREET;TWO-WAY,NOT DIVIDED;SMOOTH ASPHALT;DRY;DAYLIGHT;CLEAR;NO CONTROL PRESENT;35.768211425;-78.86935756;-78.8693;35.7681;P071;117;0;0;;;NONE;;NONE;;VAN;PICKUP;;;;NO;2559;2016-07-26;3:47:03 PM;2016-07-26T19:47:03+00:00;35.768211425, -78.86935756;2016;No;No;7;NONE;NONE,NONE;NONE,NONE;VAN,PICKUP;VAN,PICKUP;VAN,PICKUP;VAN,PICKUP
23186;CARY;NO SPECIAL FEATURE;STRAIGHT,LEVEL;STATE SECONDARY ROUTE;TWO-WAY,DIVIDED,UNPROTECTED MEDIAN;SMOOTH ASPHALT;DRY;DAYLIGHT;CLEAR;STOP AND GO SIGNAL;35.757685285;-78.77673546;-78.7768;35.7577;P027;112;0;0;1;;;;NONE;;PASSENGER CAR;PASSENGER CAR;;;;NO;2564;2016-07-20;9:14:01 AM;2016-07-20T13:14:01+00:00;35.757685285, -78.77673546;2016;No;No;7;;NONE;NONE;PASSENGER CAR,PASSENGER CAR;PASSENGER CAR,PASSENGER CAR;PASSENGER CAR,PASSENGER CAR;PASSENGER CAR,PASSENGER CAR
23193;100 FEET FROM SR-1349 (DILLARD DR);RELATED TO INTERSECTION;STRAIGHT,LEVEL;STATE SECONDARY ROUTE;TWO-WAY,DIVIDED,UNPROTECTED MEDIAN;SMOOTH ASPHALT;DRY;DAYLIGHT;CLEAR;STOP AND GO SIGNAL;35.755814836;-78.74147742;-78.7434;35.7543;P045;118;0;0;;;NONE;;NONE;;LIGHT TRUCK (MINI-VAN- PANEL);SPORT UTILITY;;;;NO;2571;2016-07-28;1:55:17 PM;2016-07-28T17:55:17+00:00;35.755814836, -78.74147742;2016;No;No;7;NONE;NONE,NONE;NONE,NONE;LIGHT TRUCK (MINI-VAN- PANEL),SPORT UTILITY;LIGHT TRUCK (MINI-VAN- PANEL),SPORT UTILITY;LIGHT TRUCK (MINI-VAN- PANEL),SPORT UTILITY;LIGHT TRUCK (MINI-VAN- PANEL),SPORT UTILITY
23194;50 FEET FROM SR 3073 (NW MAYNARD RD);NO SPECIAL FEATURE;STRAIGHT,LEVEL;STATE SECONDARY ROUTE;TWO-WAY,NOT DIVIDED;SMOOTH ASPHALT;DRY;DAYLIGHT;CLEAR;STOP AND GO SIGNAL;35.798770549;-78.79609261;-78.796267;35.798531;P023;111;0;0;1;;NONE;;NONE;;SPORT UTILITY;SPORT UTILITY;;;;NO;2572;2016-07-28;4:17:48 PM;2016-07-28T20:17:48+00:00;35.798770549, -78.79609261;2016;No;No;7;NONE;NONE,NONE;NONE,NONE;SPORT UTILITY,SPORT UTILITY;SPORT UTILITY,SPORT UTILITY;SPORT UTILITY,SPORT UTILITY;SPORT UTILITY,SPORT UTILITY
23201;250 FEET FROM SR 1653 (EVANS RD);RELATED TO INTERSECTION;STRAIGHT,LEVEL;STATE SECONDARY ROUTE;TWO-WAY,NOT DIVIDED;SMOOTH ASPHALT;DRY;DAYLIGHT;CLEAR;NO CONTROL PRESENT;35.826357201;-78.80601508;-78.8022;35.8253;P021;111;0;0;1;;;;NONE;;LIGHT TRUCK (MINI-VAN- PANEL);PASSENGER CAR;;;;NO;2579;2016-07-28;10:44 AM;2016-07-28T14:44:00+00:00;35.826357201, -78.80601508;2016;No;No;7;;NONE;NONE;LIGHT TRUCK (MINI-VAN- PANEL),PASSENGER CAR;LIGHT TRUCK (MINI-VAN- PANEL),PASSENGER CAR;LIGHT TRUCK (MINI-VAN- PANEL),PASSENGER CAR;LIGHT TRUCK (MINI-VAN- PANEL),PASSENGER CAR
23202;CARY;FOUR-WAY INTERSECTION;STRAIGHT,LEVEL;STATE SECONDARY ROUTE;TWO-WAY,NOT DIVIDED;SMOOTH ASPHALT;DRY;DAYLIGHT;CLEAR;STOP AND GO SIGNAL;35.798725362;-78.79608008;-78.7955;35.7983;P023;111;0;0;;;;;NONE;;SINGLE UNIT TRUCK (2-AXLE- 6-TIRE);SPORT UTILITY;;;;NO;2580;2016-07-28;11:22 AM;2016-07-28T15:22:00+00:00;35.798725362, -78.79608008;2016;No;No;7;;NONE;NONE;SINGLE UNIT TRUCK (2-AXLE- 6-TIRE),SPORT UTILITY;SINGLE UNIT TRUCK (2-AXLE- 6-TIRE),SPORT UTILITY;SINGLE UNIT TRUCK (2-AXLE- 6-TIRE),SPORT UTILITY;SINGLE UNIT TRUCK (2-AXLE- 6-TIRE),SPORT UTILITY
23215;0 FEET FROM SR 1415 (SW MAYNARD RD);NO SPECIAL FEATURE;STRAIGHT,LEVEL;STATE SECONDARY ROUTE;TWO-WAY,NOT DIVIDED;SMOOTH ASPHALT;DRY;DARK - LIGHTED ROADWAY;CLEAR;STOP AND GO SIGNAL;35.775896615;-78.76417339;-78.7642;35.7758;P061;120;0;2;1;;;;NONE;;PASSENGER CAR;PASSENGER CAR;;;;NO;2593;2016-07-27;5:13:03 PM;2016-07-27T21:13:03+00:00;35.775896615, -78.76417339;2016;No;Yes;7;;NONE;NONE;PASSENGER CAR,PASSENGER CAR;PASSENGER CAR,PASSENGER CAR;PASSENGER CAR,PASSENGER CAR;PASSENGER CAR,PASSENGER CAR
23216;30 FEET FROM SW CARY PKWY;NO SPECIAL FEATURE;STRAIGHT,LEVEL;STATE SECONDARY ROUTE;TWO-WAY,DIVIDED,UNPROTECTED MEDIAN;SMOOTH ASPHALT;DRY;DAYLIGHT;CLEAR;STOP AND GO SIGNAL;35.762021516;-78.8218049;-78.8217;35.7628;P009;117;0;0;;;NONE;;NONE;;SPORT UTILITY;PASSENGER CAR;;;;NO;2594;2016-07-29;7:56:46 AM;2016-07-29T11:56:46+00:00;35.762021516, -78.8218049;2016;No;No;7;NONE;NONE,NONE;NONE,NONE;SPORT UTILITY,PASSENGER CAR;SPORT UTILITY,PASSENGER CAR;SPORT UTILITY,PASSENGER CAR;SPORT UTILITY,PASSENGER CAR
23217;50 FEET FROM SR 3014 (MORRISVILLE CARPENTER;T-INTERSECTION;STRAIGHT,LEVEL;STATE SECONDARY ROUTE;TWO-WAY,NOT DIVIDED;SMOOTH ASPHALT;DRY;DAYLIGHT;CLEAR;STOP SIGN;35.821735868;-78.87038424;;;P069;121;0;0;;;NONE;;NONE;;PASSENGER CAR;;;;;NO;2595;2016-07-28;5:01:09 PM;2016-07-28T21:01:09+00:00;35.821735868, -78.87038424;2016;No;No;7;NONE;NONE,NONE;NONE,NONE;PASSENGER CAR;PASSENGER CAR;PASSENGER CAR;PASSENGER CAR
23226;613 FEET FROM PVA (107 COLLIER PL);NO SPECIAL FEATURE;STRAIGHT,GRADE;PUBLIC VEHICULAR AREA;TWO-WAY,NOT DIVIDED;SMOOTH ASPHALT;DRY;DAYLIGHT;CLEAR;NO CONTROL PRESENT;;;-78.7874;35.8097;;;0;0;1;;NONE;;NONE;;PASSENGER CAR;PASSENGER CAR;;;;NO;2604;2016-07-28;4:52:58 PM;2016-07-28T20:52:58+00:00;;2016;No;No;7;NONE;NONE,NONE;NONE,NONE;PASSENGER CAR,PASSENGER CAR;PASSENGER CAR,PASSENGER CAR;PASSENGER CAR,PASSENGER CAR;PASSENGER CAR,PASSENGER CAR
23235;.30 MILES FROM US 1 EXIT RAMP 98 SB;OFF-RAMP PROPER;CURVE,GRADE;STATE SECONDARY ROUTE;ONE-WAY,NOT DIVIDED;SMOOTH ASPHALT;DRY;DAYLIGHT;CLEAR;STOP AND GO SIGNAL;35.737325471;-78.79285877;-78.7945;35.7379;P042;115;0;0;;;NONE;;NONE;;PASSENGER CAR;PASSENGER CAR;;;;NO;2613;2016-07-30;11:42 AM;2016-07-30T15:42:00+00:00;35.737325471, -78.79285877;2016;No;No;7;NONE;NONE,NONE;NONE,NONE;PASSENGER CAR,PASSENGER CAR;PASSENGER CAR,PASSENGER CAR;PASSENGER CAR,PASSENGER CAR;PASSENGER CAR,PASSENGER CAR
23236;50 FEET FROM SR1615 (HIGH HOUSE RD);RELATED TO INTERSECTION;STRAIGHT,HILLCREST;STATE SECONDARY ROUTE;TWO-WAY,DIVIDED,UNPROTECTED MEDIAN;COARSE ASPHALT;DRY;DAYLIGHT;CLEAR;STOP AND GO SIGNAL;35.791399535;-78.84721906;-78.8469;35.791;P078;121;0;0;;;NONE;;NONE;;VAN;SPORT UTILITY;;;;NO;2614;2016-07-30;12:25 PM;2016-07-30T16:25:00+00:00;35.791399535, -78.84721906;2016;No;No;7;NONE;NONE,NONE;NONE,NONE;VAN,SPORT UTILITY;VAN,SPORT UTILITY;VAN,SPORT UTILITY;VAN,SPORT UTILITY
23243;50 FEET FROM P.V.A. (9101 CHAPEL HILL RD);DRIVEWAY, PUBLIC;CURVE,LEVEL;PUBLIC VEHICULAR AREA;TWO-WAY,NOT DIVIDED;SMOOTH ASPHALT;DRY;DAYLIGHT;CLOUDY;NO CONTROL PRESENT;;;-78.796;35.7983;;114;0;0;;;NONE;;NONE;;SPORT UTILITY;PICKUP;;;;NO;2621;2016-08-01;11:50 AM;2016-08-01T15:50:00+00:00;;2016;No;No;8;NONE;NONE,NONE;NONE,NONE;SPORT UTILITY,PICKUP;SPORT UTILITY,PICKUP;SPORT UTILITY,PICKUP;SPORT UTILITY,PICKUP
23244;250 FEET FROM  MACKENAN DR;NO SPECIAL FEATURE;STRAIGHT,LEVEL;PUBLIC VEHICULAR AREA;TWO-WAY,NOT DIVIDED;SMOOTH ASPHALT;DRY;DAYLIGHT;CLEAR;NO CONTROL PRESENT;35.740201142;-78.80874558;-78.8092;35.71;P041;116;0;0;;;NONE;;NONE;;PASSENGER CAR;PASSENGER CAR;;;;NO;2622;2016-07-31;2:41:57 PM;2016-07-31T18:41:57+00:00;35.740201142, -78.80874558;2016;No;No;7;NONE;NONE,NONE;NONE,NONE;PASSENGER CAR,PASSENGER CAR;PASSENGER CAR,PASSENGER CAR;PASSENGER CAR,PASSENGER CAR;PASSENGER CAR,PASSENGER CAR
23245;237 FEET FROM SR 3977 (SW CARY PKWY);NO SPECIAL FEATURE;STRAIGHT,LEVEL;STATE SECONDARY ROUTE;TWO-WAY,DIVIDED,UNPROTECTED MEDIAN;SMOOTH ASPHALT;DRY;DAYLIGHT;CLEAR;NO CONTROL PRESENT;;;-78.8345;35.7729;;;0;0;;;NONE;;NONE;;PASSENGER CAR;;;;;NO;2623;2016-07-31;8:44:24 AM;2016-07-31T12:44:24+00:00;;2016;No;No;7;NONE;NONE,NONE;NONE,NONE;PASSENGER CAR;PASSENGER CAR;PASSENGER CAR;PASSENGER CAR
23246;350 FEET FROM P.V.A. (WALMART);T-INTERSECTION;STRAIGHT,LEVEL;PUBLIC VEHICULAR AREA;TWO-WAY,NOT DIVIDED;SMOOTH ASPHALT;DRY;DAYLIGHT;CLEAR;NO CONTROL PRESENT;;;-78.781;35.737;;;0;0;;;NONE;;NONE;;PASSENGER CAR;PASSENGER CAR;;;;NO;2624;2016-08-01;2:30:32 PM;2016-08-01T18:30:32+00:00;;2016;No;No;8;NONE;NONE,NONE;NONE,NONE;PASSENGER CAR,PASSENGER CAR;PASSENGER CAR,PASSENGER CAR;PASSENGER CAR,PASSENGER CAR;PASSENGER CAR,PASSENGER CAR
23251;.25 MILES FROM W. DYNASTY;NO SPECIAL FEATURE;CURVE,GRADE;LOCAL STREET;TWO-WAY,NOT DIVIDED;SMOOTH ASPHALT;DRY;DAYLIGHT;CLEAR;NO CONTROL PRESENT;35.811070057;-78.78535853;-78.787472;35.8110471;P024;111;0;0;;;NONE;;NONE;;PASSENGER CAR;;;;;NO;2629;2016-07-31;4:54:01 PM;2016-07-31T20:54:01+00:00;35.811070057, -78.78535853;2016;No;No;7;NONE;NONE,NONE;NONE,NONE;PASSENGER CAR;PASSENGER CAR;PASSENGER CAR;PASSENGER CAR
23252;.05 MILES FROM FOREST PARK WAY;NO SPECIAL FEATURE;STRAIGHT,LEVEL;LOCAL STREET;TWO-WAY,DIVIDED,UNPROTECTED MEDIAN;SMOOTH ASPHALT;DRY;DAYLIGHT;CLEAR;NO CONTROL PRESENT;35.750283653;-78.76232406;-78.7616;35.7497;P004;118;0;0;;;NONE;;NONE;;PASSENGER CAR;PASSENGER CAR;;;;NO;2630;2016-07-31;12:00 AM;2016-07-31T04:00:00+00:00;35.750283653, -78.76232406;2016;No;No;7;NONE;NONE,NONE;NONE,NONE;PASSENGER CAR,PASSENGER CAR;PASSENGER CAR,PASSENGER CAR;PASSENGER CAR,PASSENGER CAR;PASSENGER CAR,PASSENGER CAR
23256;40 FEET FROM KILDAIRE FARM RD;NO SPECIAL FEATURE;STRAIGHT,LEVEL;LOCAL STREET;TWO-WAY,DIVIDED,UNPROTECTED MEDIAN;SMOOTH ASPHALT;DRY;DAYLIGHT;CLEAR;STOP AND GO SIGNAL;35.764861468;-78.78348136;-78.7834;35.7616;P027;112;0;0;1;;NONE;;NONE;;PASSENGER CAR;LIGHT TRUCK (MINI-VAN- PANEL);;;;NO;2634;2016-08-01;8:26:11 AM;2016-08-01T12:26:11+00:00;35.764861468, -78.78348136;2016;No;No;8;NONE;NONE,NONE;NONE,NONE;PASSENGER CAR,LIGHT TRUCK (MINI-VAN- PANEL);PASSENGER CAR,LIGHT TRUCK (MINI-VAN- PANEL);PASSENGER CAR,LIGHT TRUCK (MINI-VAN- PANEL);PASSENGER CAR,LIGHT TRUCK (MINI-VAN- PANEL)
23258;10 FEET FROM SR 1010 TEN TEN RD;NO SPECIAL FEATURE;STRAIGHT,LEVEL;STATE SECONDARY ROUTE;TWO-WAY,NOT DIVIDED;SMOOTH ASPHALT;DRY;DAYLIGHT;CLEAR;NO CONTROL PRESENT;35.701492101;-78.78510968;-78.785;35.7015;P052;116;0;0;1;;;;NONE;;PASSENGER CAR;PASSENGER CAR;;;;NO;2636;2016-08-01;6:22:55 PM;2016-08-01T22:22:55+00:00;35.701492101, -78.78510968;2016;No;No;8;;NONE;NONE;PASSENGER CAR,PASSENGER CAR;PASSENGER CAR,PASSENGER CAR;PASSENGER CAR,PASSENGER CAR;PASSENGER CAR,PASSENGER CAR
23264;50 FEET FROM SR 4067 (REGENCY PKWY);RELATED TO INTERSECTION;STRAIGHT,LEVEL;STATE SECONDARY ROUTE;TWO-WAY,DIVIDED,UNPROTECTED MEDIAN;SMOOTH ASPHALT;DRY;DAYLIGHT;CLOUDY;STOP AND GO SIGNAL;35.736319336;-78.78773694;-78.788;35.7352;P042;115;0;0;1;;NONE;;NONE;;PASSENGER CAR;PASSENGER CAR;;;;NO;2642;2016-08-02;5:13:24 PM;2016-08-02T21:13:24+00:00;35.736319336, -78.78773694;2016;No;No;8;NONE;NONE,NONE;NONE,NONE;PASSENGER CAR,PASSENGER CAR;PASSENGER CAR,PASSENGER CAR;PASSENGER CAR,PASSENGER CAR;PASSENGER CAR,PASSENGER CAR
23270;10 FEET FROM SR 1009 (TRYON RD);Y-INTERSECTION;CURVE,GRADE;STATE SECONDARY ROUTE;TWO-WAY,NOT DIVIDED;SMOOTH ASPHALT;DRY;DAYLIGHT;CLEAR;YIELD SIGN;35.736315152;-78.78768512;-78.7881;35.7358;P044;115;0;0;;;NONE;;NONE;;PASSENGER CAR;SPORT UTILITY;;;;NO;2648;2016-08-03;8:00:38 AM;2016-08-03T12:00:38+00:00;35.736315152, -78.78768512;2016;No;No;8;NONE;NONE,NONE;NONE,NONE;PASSENGER CAR,SPORT UTILITY;PASSENGER CAR,SPORT UTILITY;PASSENGER CAR,SPORT UTILITY;PASSENGER CAR,SPORT UTILITY
23277;.25 MILES FROM NC 55 HWY;NO SPECIAL FEATURE;STRAIGHT,LEVEL;NC ROUTE;TWO-WAY,DIVIDED,UNPROTECTED MEDIAN;SMOOTH ASPHALT;DRY;DAYLIGHT;CLEAR;NO CONTROL PRESENT;35.845781169;-78.89083056;-78.888871;35.843699;P091;WAKE;0;0;1;;NONE;;NONE;;SPORT UTILITY;PASSENGER CAR;;;;NO;2655;2016-08-03;7:59:57 AM;2016-08-03T11:59:57+00:00;35.845781169, -78.89083056;2016;No;No;8;NONE;NONE,NONE;NONE,NONE;SPORT UTILITY,PASSENGER CAR;SPORT UTILITY,PASSENGER CAR;SPORT UTILITY,PASSENGER CAR;SPORT UTILITY,PASSENGER CAR
23278;80 FEET FROM SR 3081 CHAPEL HILL RD;NO SPECIAL FEATURE;STRAIGHT,LEVEL;STATE SECONDARY ROUTE;TWO-WAY,NOT DIVIDED;SMOOTH ASPHALT;DRY;DAYLIGHT;CLEAR;NO CONTROL PRESENT;35.791705146;-78.78325017;-78.7837;35.7917;P032;113;0;0;;;NONE;;NONE;;PASSENGER CAR;VAN;;;;NO;2656;2016-08-04;8:51:54 AM;2016-08-04T12:51:54+00:00;35.791705146, -78.78325017;2016;No;No;8;NONE;NONE,NONE;NONE,NONE;PASSENGER CAR,VAN;PASSENGER CAR,VAN;PASSENGER CAR,VAN;PASSENGER CAR,VAN