tamainid;location_description;rdfeature;rdcharacter;rdclass;rdconfigur;rdsurface;rdcondition;lightcond;weather;trafcontrl;lat;lon;lon2;lat2;tract;zone;fatality;possblinj;numpassengers;numpedestrians;contrcir1_desc;contrcir2_desc;contrcir3_desc;contrcir4_desc;vehicle1;vehicle2;vehicle3;vehicle4;vehicle5;workarea;records;ta_date;ta_time;crash_date;geo_location;year;fatalities;injuries;month;contrfact1;contrfact2;contributing_factor;vehicleconcat1;vehicleconcat2;vehicleconcat3;vehicle_type
23289;125 FEET FROM PVA 1017 PARKSIDE MAIN ST;NO SPECIAL FEATURE;STRAIGHT,LEVEL;PUBLIC VEHICULAR AREA;TWO-WAY,NOT DIVIDED;SMOOTH ASPHALT;DRY;DAYLIGHT;CLOUDY;NO CONTROL PRESENT;;;-78.8881;35.8462;;;0;0;;;NONE;;NONE;;PASSENGER CAR;PASSENGER CAR;;;;NO;2667;2016-08-05;10:00 AM;2016-08-05T14:00:00+00:00;;2016;No;No;8;NONE;NONE,NONE;NONE,NONE;PASSENGER CAR,PASSENGER CAR;PASSENGER CAR,PASSENGER CAR;PASSENGER CAR,PASSENGER CAR;PASSENGER CAR,PASSENGER CAR
23290;100 FEET FROM 112 DISRAELI DR;NO SPECIAL FEATURE;STRAIGHT,LEVEL;LOCAL STREET;TWO-WAY,NOT DIVIDED;SMOOTH ASPHALT;DRY;DAYLIGHT;CLOUDY;NO CONTROL PRESENT;35.776083451;-78.83892761;-78.8394;35.776;P066;117;0;0;;;NONE;;NONE;;UNKNOWN HEAVY TRUCK;;;;;NO;2668;2016-08-05;8:40:28 AM;2016-08-05T12:40:28+00:00;35.776083451, -78.83892761;2016;No;No;8;NONE;NONE,NONE;NONE,NONE;UNKNOWN HEAVY TRUCK;UNKNOWN HEAVY TRUCK;UNKNOWN HEAVY TRUCK;UNKNOWN HEAVY TRUCK
23294;CARY;;;;;;;;;;;;;;;;0;0;;;;;;;SPORT UTILITY;PASSENGER CAR;;;;;2672;2016-08-03;8:51:26 AM;2016-08-03T12:51:26+00:00;;2016;No;No;8;;;;SPORT UTILITY,PASSENGER CAR;SPORT UTILITY,PASSENGER CAR;SPORT UTILITY,PASSENGER CAR;SPORT UTILITY,PASSENGER CAR
23295;.25 MILES FROM NC 55 HWY;FOUR-WAY INTERSECTION;STRAIGHT,LEVEL;NC ROUTE;TWO-WAY,DIVIDED,UNPROTECTED MEDIAN;SMOOTH ASPHALT;DRY;DAYLIGHT;CLEAR;STOP AND GO SIGNAL;35.813695663;-78.87268269;-78.8735;35.8191;P091;WAKE;0;1;1;;NONE;;NONE;;VAN;PASSENGER CAR;;;;NO;2673;2016-08-04;12:27 PM;2016-08-04T16:27:00+00:00;35.813695663, -78.87268269;2016;No;Yes;8;NONE;NONE,NONE;NONE,NONE;VAN,PASSENGER CAR;VAN,PASSENGER CAR;VAN,PASSENGER CAR;VAN,PASSENGER CAR
23298;15 FEET FROM SR 1613 (DAVIS DR);NO SPECIAL FEATURE;STRAIGHT,BOTTOM (SAG);STATE SECONDARY ROUTE;TWO-WAY,DIVIDED,UNPROTECTED MEDIAN;SMOOTH ASPHALT;DRY;DAYLIGHT;CLEAR;NO CONTROL PRESENT;35.79710737;-78.84848046;-78.8484;35.797;P078;121;0;0;;;NONE;;NONE;;PASSENGER CAR;SPORT UTILITY;;;;NO;2676;2016-08-05;1:31:33 PM;2016-08-05T17:31:33+00:00;35.79710737, -78.84848046;2016;No;No;8;NONE;NONE,NONE;NONE,NONE;PASSENGER CAR,SPORT UTILITY;PASSENGER CAR,SPORT UTILITY;PASSENGER CAR,SPORT UTILITY;PASSENGER CAR,SPORT UTILITY
23313;.25 MILES FROM PVA (4000 CENTREGREEN WAY);NO SPECIAL FEATURE;STRAIGHT,LEVEL;PUBLIC VEHICULAR AREA;TWO-WAY,NOT DIVIDED;SMOOTH ASPHALT;WET;DAYLIGHT;RAIN;NO CONTROL PRESENT;35.825153748;-78.79532147;-78.7956;35.8253;P022;111;0;0;;;NONE;;NONE;;PASSENGER CAR;PASSENGER CAR;;;;NO;2691;2016-08-05;5:55:55 PM;2016-08-05T21:55:55+00:00;35.825153748, -78.79532147;2016;No;No;8;NONE;NONE,NONE;NONE,NONE;PASSENGER CAR,PASSENGER CAR;PASSENGER CAR,PASSENGER CAR;PASSENGER CAR,PASSENGER CAR;PASSENGER CAR,PASSENGER CAR
23315;CARY;FOUR-WAY INTERSECTION;STRAIGHT,LEVEL;STATE SECONDARY ROUTE;TWO-WAY,DIVIDED,UNPROTECTED MEDIAN;SMOOTH ASPHALT;WET;DARK - LIGHTED ROADWAY;RAIN;STOP AND GO SIGNAL;;;-78.7831;35.8025;;;0;2;1;;NONE;;NONE;;PASSENGER CAR;SPORT UTILITY;;;;NO;2693;2016-08-04;10:53 PM;2016-08-05T02:53:00+00:00;;2016;No;Yes;8;NONE;NONE,NONE;NONE,NONE;PASSENGER CAR,SPORT UTILITY;PASSENGER CAR,SPORT UTILITY;PASSENGER CAR,SPORT UTILITY;PASSENGER CAR,SPORT UTILITY
23316;.42 MILES FROM PVA OF 525 CROSSROADS BLVD;NO SPECIAL FEATURE;STRAIGHT,LEVEL;PUBLIC VEHICULAR AREA;TWO-WAY,NOT DIVIDED;COARSE ASPHALT;DRY;DAYLIGHT;CLOUDY;NO CONTROL PRESENT;;;-78.7328;35.759;;;0;0;;;;;NONE;;PASSENGER CAR;PICKUP;;;;NO;2694;2016-08-06;10:17 AM;2016-08-06T14:17:00+00:00;;2016;No;No;8;;NONE;NONE;PASSENGER CAR,PICKUP;PASSENGER CAR,PICKUP;PASSENGER CAR,PICKUP;PASSENGER CAR,PICKUP
23329;15 FEET FROM NC 55 HWY;FOUR-WAY INTERSECTION;STRAIGHT,LEVEL;NC ROUTE;TWO-WAY,DIVIDED,UNPROTECTED MEDIAN;SMOOTH ASPHALT;WET;DARK - ROADWAY NOT LIGHTED;CLEAR;STOP AND GO SIGNAL;;;-78.874064;35.823125;;122;0;0;1;;NONE;;NONE;;PICKUP;PASSENGER CAR;;;;NO;2707;2016-08-05;2:03:56 AM;2016-08-05T06:03:56+00:00;;2016;No;No;8;NONE;NONE,NONE;NONE,NONE;PICKUP,PASSENGER CAR;PICKUP,PASSENGER CAR;PICKUP,PASSENGER CAR;PICKUP,PASSENGER CAR
23334;CARY;RELATED TO INTERSECTION;CURVE,LEVEL;STATE SECONDARY ROUTE;TWO-WAY,DIVIDED,UNPROTECTED MEDIAN;SMOOTH ASPHALT;DRY;DAYLIGHT;CLEAR;STOP AND GO SIGNAL;35.944639471;-78.56202346;-78.7738;35.7544;P119;RALW;0;0;;;NONE;;NONE;;PASSENGER CAR;PASSENGER CAR;;;;NO;2712;2016-08-07;6:08:56 PM;2016-08-07T22:08:56+00:00;35.944639471, -78.56202346;2016;No;No;8;NONE;NONE,NONE;NONE,NONE;PASSENGER CAR,PASSENGER CAR;PASSENGER CAR,PASSENGER CAR;PASSENGER CAR,PASSENGER CAR;PASSENGER CAR,PASSENGER CAR
23338;.25 MILES FROM US 1;NO SPECIAL FEATURE;STRAIGHT,LEVEL;INTERSTATE;TWO-WAY,DIVIDED,POSITIVE MEDIAN BARRIER;GROOVED CONCRETE;DRY;DAYLIGHT;CLEAR;NO CONTROL PRESENT;;;-78.7396;35.7651;;;0;1;;;NONE;;NONE;;PASSENGER CAR;PASSENGER CAR;;;;NO;2716;2016-08-08;12:48 PM;2016-08-08T16:48:00+00:00;;2016;No;Yes;8;NONE;NONE,NONE;NONE,NONE;PASSENGER CAR,PASSENGER CAR;PASSENGER CAR,PASSENGER CAR;PASSENGER CAR,PASSENGER CAR;PASSENGER CAR,PASSENGER CAR
23341;180 FEET FROM PVA 2080 KILDAIRE FARM RD;NO SPECIAL FEATURE;STRAIGHT,LEVEL;PUBLIC VEHICULAR AREA;TWO-WAY,NOT DIVIDED;SMOOTH ASPHALT;DRY;DAYLIGHT;CLEAR;NO CONTROL PRESENT;35.735538569;-78.78065434;-78.780475;35.735242;P053;116;0;0;;;;;NONE;;SPORT UTILITY;SPORT UTILITY;;;;NO;2719;2016-08-08;2:24:49 PM;2016-08-08T18:24:49+00:00;35.735538569, -78.78065434;2016;No;No;8;;NONE;NONE;SPORT UTILITY,SPORT UTILITY;SPORT UTILITY,SPORT UTILITY;SPORT UTILITY,SPORT UTILITY;SPORT UTILITY,SPORT UTILITY
23346;75 FEET FROM P.V.A. (JASON`S DELI);T-INTERSECTION;STRAIGHT,LEVEL;PUBLIC VEHICULAR AREA;TWO-WAY,NOT DIVIDED;SMOOTH ASPHALT;WET;DAYLIGHT;CLOUDY;NO CONTROL PRESENT;;;-78.7398;35.7606;;;0;0;;;NONE;;NONE;;SPORT UTILITY;SPORT UTILITY;;;;NO;2724;2016-08-08;6:01:48 PM;2016-08-08T22:01:48+00:00;;2016;No;No;8;NONE;NONE,NONE;NONE,NONE;SPORT UTILITY,SPORT UTILITY;SPORT UTILITY,SPORT UTILITY;SPORT UTILITY,SPORT UTILITY;SPORT UTILITY,SPORT UTILITY
23348;200 FEET FROM WESTON PKWY;NO SPECIAL FEATURE;STRAIGHT,LEVEL;PUBLIC VEHICULAR AREA;TWO-WAY,NOT DIVIDED;SMOOTH ASPHALT;DRY;DAYLIGHT;CLEAR;NO CONTROL PRESENT;35.827414797;-78.77010505;-78.770752;35.82721;P080;111;0;0;1;;;;NONE;;VAN;PASSENGER CAR;;;;NO;2726;2016-08-08;12:25 PM;2016-08-08T16:25:00+00:00;35.827414797, -78.77010505;2016;No;No;8;;NONE;NONE;VAN,PASSENGER CAR;VAN,PASSENGER CAR;VAN,PASSENGER CAR;VAN,PASSENGER CAR
23356;462 FEET FROM SR 1747 (NW MAYNARD RD);T-INTERSECTION;STRAIGHT,LEVEL;STATE SECONDARY ROUTE;TWO-WAY,DIVIDED,UNPROTECTED MEDIAN;SMOOTH ASPHALT;DRY;DUSK;CLEAR;STOP SIGN;35.802176459;-78.78665016;-78.78499;35.802311;P024;111;0;0;1;;NONE;;NONE;;SPORT UTILITY;PASSENGER CAR;;;;NO;2734;2016-08-06;8:30:31 PM;2016-08-07T00:30:31+00:00;35.802176459, -78.78665016;2016;No;No;8;NONE;NONE,NONE;NONE,NONE;SPORT UTILITY,PASSENGER CAR;SPORT UTILITY,PASSENGER CAR;SPORT UTILITY,PASSENGER CAR;SPORT UTILITY,PASSENGER CAR
23360;.104 MILES FROM  MORRISVILLE CARPENTER RD 3014;NO SPECIAL FEATURE;CURVE,LEVEL;STATE SECONDARY ROUTE;TWO-WAY,NOT DIVIDED;CONCRETE;DRY;DAYLIGHT;CLEAR;NO CONTROL PRESENT;35.824548612;-78.86381944;-78.866128;35.824955;P069;121;0;0;;;NONE;;NONE;;PASSENGER CAR;;;;;NO;2738;2016-08-10;10:16 AM;2016-08-10T14:16:00+00:00;35.824548612, -78.86381944;2016;No;No;8;NONE;NONE,NONE;NONE,NONE;PASSENGER CAR;PASSENGER CAR;PASSENGER CAR;PASSENGER CAR
23366;21 FEET FROM NW MAYNARD RD;NO SPECIAL FEATURE;STRAIGHT,GRADE;LOCAL STREET;TWO-WAY,DIVIDED,UNPROTECTED MEDIAN;SMOOTH ASPHALT;DRY;DAYLIGHT;CLEAR;NO CONTROL PRESENT;35.777770756;-78.80557575;-78.80561;35.777782;P008;117;0;0;;;NONE;;NONE;;PASSENGER CAR;VAN;;;;NO;2744;2016-08-09;4:49:13 PM;2016-08-09T20:49:13+00:00;35.777770756, -78.80557575;2016;No;No;8;NONE;NONE,NONE;NONE,NONE;PASSENGER CAR,VAN;PASSENGER CAR,VAN;PASSENGER CAR,VAN;PASSENGER CAR,VAN
23374;.1 MILES FROM PVA (1000 CENTREGREEN WAY);DRIVEWAY, PUBLIC;STRAIGHT,LEVEL;PUBLIC VEHICULAR AREA;TWO-WAY,NOT DIVIDED;SMOOTH ASPHALT;DRY;DAYLIGHT;CLEAR;NO CONTROL PRESENT;35.827575549;-78.79774423;-78.799;35.8258;P022;111;0;0;1;;NONE;;NONE;;PASSENGER CAR;PASSENGER CAR;;;;NO;2752;2016-08-10;5:11:22 PM;2016-08-10T21:11:22+00:00;35.827575549, -78.79774423;2016;No;No;8;NONE;NONE,NONE;NONE,NONE;PASSENGER CAR,PASSENGER CAR;PASSENGER CAR,PASSENGER CAR;PASSENGER CAR,PASSENGER CAR;PASSENGER CAR,PASSENGER CAR
23379;200 FEET FROM S. WALKER ST;NO SPECIAL FEATURE;STRAIGHT,LEVEL;LOCAL STREET;TWO-WAY,NOT DIVIDED;SMOOTH ASPHALT;DRY;DAYLIGHT;CLEAR;NO CONTROL PRESENT;35.783443224;-78.77850355;-78.7818;35.7872;P059;120;0;0;;;NONE;;FAILURE TO YIELD RIGHT OF WAY;;PASSENGER CAR;PASSENGER CAR;;;;CONSTRUCTION WORK AREA;2757;2016-08-09;11:00 AM;2016-08-09T15:00:00+00:00;35.783443224, -78.77850355;2016;No;No;8;NONE;NONE,FAILURE TO YIELD RIGHT OF WAY;NONE,FAILURE TO YIELD RIGHT OF WAY;PASSENGER CAR,PASSENGER CAR;PASSENGER CAR,PASSENGER CAR;PASSENGER CAR,PASSENGER CAR;PASSENGER CAR,PASSENGER CAR
23381;.25 MILES FROM PVA (2001 HOSPITALITY CT);NO SPECIAL FEATURE;STRAIGHT,LEVEL;PUBLIC VEHICULAR AREA;TWO-WAY,NOT DIVIDED;SMOOTH ASPHALT;DRY;DAYLIGHT;CLEAR;NO CONTROL PRESENT;35.96107401;-78.55053751;-78.81644;35.859;P119;RALW;0;0;;;NONE;;NONE;;UNKNOWN;SPORT UTILITY;;;;NO;2759;2016-08-11;11:07 AM;2016-08-11T15:07:00+00:00;35.96107401, -78.55053751;2016;No;No;8;NONE;NONE,NONE;NONE,NONE;UNKNOWN,SPORT UTILITY;UNKNOWN,SPORT UTILITY;UNKNOWN,SPORT UTILITY;UNKNOWN,SPORT UTILITY
23382;90 FEET FROM PVA OF 315 BARGATE DR.;NO SPECIAL FEATURE;STRAIGHT,LEVEL;PUBLIC VEHICULAR AREA;TWO-WAY,NOT DIVIDED;SMOOTH ASPHALT;DRY;DAYLIGHT;CLEAR;NO CONTROL PRESENT;;;-78.7897;35.7657;;;0;0;3;;NONE;;NONE;;SPORT UTILITY;PASSENGER CAR;;;;NO;2760;2016-08-11;2:25:01 PM;2016-08-11T18:25:01+00:00;;2016;No;No;8;NONE;NONE,NONE;NONE,NONE;SPORT UTILITY,PASSENGER CAR;SPORT UTILITY,PASSENGER CAR;SPORT UTILITY,PASSENGER CAR;SPORT UTILITY,PASSENGER CAR
23385;5 FEET FROM CROSSROADS BLVD;FOUR-WAY INTERSECTION;STRAIGHT,LEVEL;LOCAL STREET;TWO-WAY,DIVIDED,UNPROTECTED MEDIAN;SMOOTH ASPHALT;DRY;DAYLIGHT;CLEAR;STOP AND GO SIGNAL;35.754908262;-78.73025042;-78.73897;35.760879;P093;WAKE;0;0;;;;;NONE;;VAN;PASSENGER CAR;;;;NO;2763;2016-08-11;2:38:27 PM;2016-08-11T18:38:27+00:00;35.754908262, -78.73025042;2016;No;No;8;;NONE;NONE;VAN,PASSENGER CAR;VAN,PASSENGER CAR;VAN,PASSENGER CAR;VAN,PASSENGER CAR
23386;300 FEET FROM US 1 HWY OFF RAMP;NO SPECIAL FEATURE;STRAIGHT,GRADE;STATE SECONDARY ROUTE;ONE-WAY,NOT DIVIDED;SMOOTH ASPHALT;DRY;DAYLIGHT;CLEAR;NO CONTROL PRESENT;35.764511087;-78.78901468;-78.794;35.737;P039;115;0;0;;;;;NONE;;PASSENGER CAR;PASSENGER CAR;;;;NO;2764;2016-08-11;5:36:41 PM;2016-08-11T21:36:41+00:00;35.764511087, -78.78901468;2016;No;No;8;;NONE;NONE;PASSENGER CAR,PASSENGER CAR;PASSENGER CAR,PASSENGER CAR;PASSENGER CAR,PASSENGER CAR;PASSENGER CAR,PASSENGER CAR
23391;NEAR .01 MILES N OF N US HWY 1;NO SPECIAL FEATURE;STRAIGHT,LEVEL;US ROUTE;TWO-WAY,DIVIDED,POSITIVE MEDIAN BARRIER;GROOVED CONCRETE;DRY;DAYLIGHT;CLEAR;NO CONTROL PRESENT;;;-78.728956;35.758176;;;0;0;;;NONE;;NONE;;PASSENGER CAR;SPORT UTILITY;;;;NO;2769;2016-08-12;9:29:18 AM;2016-08-12T13:29:18+00:00;;2016;No;No;8;NONE;NONE,NONE;NONE,NONE;PASSENGER CAR,SPORT UTILITY;PASSENGER CAR,SPORT UTILITY;PASSENGER CAR,SPORT UTILITY;PASSENGER CAR,SPORT UTILITY
23400;20 FEET FROM P.V.A. 1177 BUCK JONES RD;DRIVEWAY, PUBLIC;STRAIGHT,LEVEL;PUBLIC VEHICULAR AREA;TWO-WAY,NOT DIVIDED;SMOOTH ASPHALT;DRY;DAYLIGHT;CLEAR;NO CONTROL PRESENT;;;-78.5187;35.7845;;;0;0;1;;;;NONE;;SPORT UTILITY;PASSENGER CAR;;;;NO;2778;2016-08-12;1:47:38 PM;2016-08-12T17:47:38+00:00;;2016;No;No;8;;NONE;NONE;SPORT UTILITY,PASSENGER CAR;SPORT UTILITY,PASSENGER CAR;SPORT UTILITY,PASSENGER CAR;SPORT UTILITY,PASSENGER CAR
23401;0 FEET FROM SR 3977 (SW CARY PKWY);NO SPECIAL FEATURE;STRAIGHT,LEVEL;STATE SECONDARY ROUTE;TWO-WAY,DIVIDED,UNPROTECTED MEDIAN;SMOOTH ASPHALT;DRY;DAYLIGHT;CLEAR;STOP AND GO SIGNAL;;;-78.839733;35.7804977;;;0;0;;;;;NONE;;SPORT UTILITY;PASSENGER CAR;;;;NO;2779;2016-08-12;1:59:07 PM;2016-08-12T17:59:07+00:00;;2016;No;No;8;;NONE;NONE;SPORT UTILITY,PASSENGER CAR;SPORT UTILITY,PASSENGER CAR;SPORT UTILITY,PASSENGER CAR;SPORT UTILITY,PASSENGER CAR
23404;15 FEET FROM SR 1300 (KILDAIRE FARM RD);NO SPECIAL FEATURE;STRAIGHT,LEVEL;STATE SECONDARY ROUTE;TWO-WAY,NOT DIVIDED;SMOOTH ASPHALT;DRY;DAYLIGHT;CLEAR;NO CONTROL PRESENT;;;-78.781;35.77;;;0;1;2;;NONE;;NONE;;VAN;VAN;PASSENGER CAR;;;NO;2782;2016-08-09;9:43:05 AM;2016-08-09T13:43:05+00:00;;2016;No;Yes;8;NONE;NONE,NONE;NONE,NONE;VAN,VAN;VAN,VAN,PASSENGER CAR;VAN,VAN,PASSENGER CAR;VAN,VAN,PASSENGER CAR
23410;.1 MILES FROM PVA 107 COLLIER PL;NO SPECIAL FEATURE;STRAIGHT,LEVEL;PUBLIC VEHICULAR AREA;TWO-WAY,NOT DIVIDED;SMOOTH ASPHALT;DRY;DAYLIGHT;CLEAR;NO CONTROL PRESENT;;;-78.787967;35.809439;;111;0;0;;;;;NONE;;PASSENGER CAR;SPORT UTILITY;;;;NO;2788;2016-08-07;10:47 AM;2016-08-07T14:47:00+00:00;;2016;No;No;8;;NONE;NONE;PASSENGER CAR,SPORT UTILITY;PASSENGER CAR,SPORT UTILITY;PASSENGER CAR,SPORT UTILITY;PASSENGER CAR,SPORT UTILITY
23412;200 FEET FROM 102 BUTTERWOOD CT (PVA);NO SPECIAL FEATURE;STRAIGHT,GRADE;PUBLIC VEHICULAR AREA;TWO-WAY,NOT DIVIDED;SMOOTH ASPHALT;DRY;UNKNOWN;CLEAR;NO CONTROL PRESENT;35.783258272;-78.76060795;-78.7608;35.7834;P057;120;0;0;;;;;NONE;;VAN;UNKNOWN;;;;NO;2790;2016-08-13;11:33 AM;2016-08-13T15:33:00+00:00;35.783258272, -78.76060795;2016;No;No;8;;NONE;NONE;VAN,UNKNOWN;VAN,UNKNOWN;VAN,UNKNOWN;VAN,UNKNOWN
23418;10 FEET FROM SR 1300 (KILDAIRE FARM RD);FOUR-WAY INTERSECTION;STRAIGHT,LEVEL;STATE SECONDARY ROUTE;TWO-WAY,NOT DIVIDED;SMOOTH ASPHALT;DRY;DAYLIGHT;CLEAR;STOP AND GO SIGNAL;35.773621892;-78.7658096;-78.781;35.77;P061;120;0;0;1;;NONE;;NONE;;PICKUP;PASSENGER CAR;;;;NO;2796;2016-08-11;11:13 PM;2016-08-12T03:13:00+00:00;35.773621892, -78.7658096;2016;No;No;8;NONE;NONE,NONE;NONE,NONE;PICKUP,PASSENGER CAR;PICKUP,PASSENGER CAR;PICKUP,PASSENGER CAR;PICKUP,PASSENGER CAR
23426;.12 MILES FROM US 1 HWY SB;NO SPECIAL FEATURE;STRAIGHT,LEVEL;US ROUTE;TWO-WAY,DIVIDED,POSITIVE MEDIAN BARRIER;SMOOTH ASPHALT;DRY;DARK - LIGHTED ROADWAY;CLEAR;NO CONTROL PRESENT;35.739237307;-78.78937626;-78.7913;35.7383;P042;115;0;0;;;NONE;;NONE;;PASSENGER CAR;;;;;NO;2804;2016-08-14;8:55:43 PM;2016-08-15T00:55:43+00:00;35.739237307, -78.78937626;2016;No;No;8;NONE;NONE,NONE;NONE,NONE;PASSENGER CAR;PASSENGER CAR;PASSENGER CAR;PASSENGER CAR
23431;.10 MILES FROM PVA OF 100 NOTTINGHAM DR;NO SPECIAL FEATURE;STRAIGHT,LEVEL;PUBLIC VEHICULAR AREA;TWO-WAY,NOT DIVIDED;SMOOTH ASPHALT;DRY;DAYLIGHT;CLEAR;NO CONTROL PRESENT;;;-78.7416;35.0;;;0;0;;;;;NONE;;SPORT UTILITY;SPORT UTILITY;;;;NO;2809;2016-08-13;2:11:45 PM;2016-08-13T18:11:45+00:00;;2016;No;No;8;;NONE;NONE;SPORT UTILITY,SPORT UTILITY;SPORT UTILITY,SPORT UTILITY;SPORT UTILITY,SPORT UTILITY;SPORT UTILITY,SPORT UTILITY
23438;CARY;TRAFFIC CIRCLE/ROUNDABOUT;CURVE,LEVEL;STATE SECONDARY ROUTE;TWO-WAY,DIVIDED,UNPROTECTED MEDIAN;SMOOTH ASPHALT;DRY;DARK - LIGHTED ROADWAY;CLEAR;YIELD SIGN;35.771226185;-78.80743757;-78.7906;35.7864;P068;117;0;0;;;;;NONE;;PASSENGER CAR;;;;;NO;2816;2016-08-14;6:54:20 AM;2016-08-14T10:54:20+00:00;35.771226185, -78.80743757;2016;No;No;8;;NONE;NONE;PASSENGER CAR;PASSENGER CAR;PASSENGER CAR;PASSENGER CAR
23440;CARY;NO SPECIAL FEATURE;STRAIGHT,LEVEL;PUBLIC VEHICULAR AREA;TWO-WAY,NOT DIVIDED;SMOOTH ASPHALT;DRY;DARK - LIGHTED ROADWAY;CLEAR;NO CONTROL PRESENT;;;-78.783712;35.788755;;114;0;0;1;;NONE;;NONE;;PASSENGER CAR;PASSENGER CAR;;;;NO;2818;2016-08-14;2:23:57 AM;2016-08-14T06:23:57+00:00;;2016;No;No;8;NONE;NONE,NONE;NONE,NONE;PASSENGER CAR,PASSENGER CAR;PASSENGER CAR,PASSENGER CAR;PASSENGER CAR,PASSENGER CAR;PASSENGER CAR,PASSENGER CAR
23443;20 FEET FROM COLONADES WAY;NO SPECIAL FEATURE;STRAIGHT,LEVEL;LOCAL STREET;TWO-WAY,DIVIDED,UNPROTECTED MEDIAN;SMOOTH ASPHALT;DRY;DAYLIGHT;CLEAR;NO CONTROL PRESENT;35.737725695;-78.77984264;-78.7793;35.738;P053;116;0;0;;;;;NONE;;SPORT UTILITY;;;;;NO;2821;2016-08-13;9:54:44 AM;2016-08-13T13:54:44+00:00;35.737725695, -78.77984264;2016;No;No;8;;NONE;NONE;SPORT UTILITY;SPORT UTILITY;SPORT UTILITY;SPORT UTILITY
23445;CARY;FOUR-WAY INTERSECTION;STRAIGHT,LEVEL;STATE SECONDARY ROUTE;TWO-WAY,NOT DIVIDED;SMOOTH ASPHALT;DRY;DAYLIGHT;CLEAR;STOP AND GO SIGNAL;35.816229903;-78.80005444;-78.8002;35.8163;P022;111;0;0;;;;;NONE;;PASSENGER CAR;PASSENGER CAR;;;;NO;2823;2016-08-13;7:19:35 AM;2016-08-13T11:19:35+00:00;35.816229903, -78.80005444;2016;No;No;8;;NONE;NONE;PASSENGER CAR,PASSENGER CAR;PASSENGER CAR,PASSENGER CAR;PASSENGER CAR,PASSENGER CAR;PASSENGER CAR,PASSENGER CAR
23446;75 FEET FROM PVA (1904 NW MAYNARD RD);DRIVEWAY, PUBLIC;STRAIGHT,LEVEL;PUBLIC VEHICULAR AREA;TWO-WAY,NOT DIVIDED;SMOOTH ASPHALT;DRY;DAYLIGHT;CLEAR;NO CONTROL PRESENT;35.818890483;-78.8028273;-78.794;35.799;P022;111;0;0;;;NONE;;NONE;;SPORT UTILITY;SPORT UTILITY;;;;NO;2824;2016-08-12;2:03:35 PM;2016-08-12T18:03:35+00:00;35.818890483, -78.8028273;2016;No;No;8;NONE;NONE,NONE;NONE,NONE;SPORT UTILITY,SPORT UTILITY;SPORT UTILITY,SPORT UTILITY;SPORT UTILITY,SPORT UTILITY;SPORT UTILITY,SPORT UTILITY
23450;CARY;ON-RAMP ENTRY;STRAIGHT,LEVEL;INTERSTATE;ONE-WAY,NOT DIVIDED;SMOOTH ASPHALT;DRY;DARK - ROADWAY NOT LIGHTED;CLEAR;STOP AND GO SIGNAL;;;-78.7647;35.8311;;;0;0;;;NONE;;NONE;;PASSENGER CAR;;;;;NO;2828;2016-08-14;3:30:19 AM;2016-08-14T07:30:19+00:00;;2016;No;No;8;NONE;NONE,NONE;NONE,NONE;PASSENGER CAR;PASSENGER CAR;PASSENGER CAR;PASSENGER CAR
23456;.28 MILES FROM CROSSROADS BLVD;FOUR-WAY INTERSECTION;STRAIGHT,LEVEL;PUBLIC VEHICULAR AREA;TWO-WAY,DIVIDED,UNPROTECTED MEDIAN;SMOOTH ASPHALT;DRY;DAYLIGHT;CLEAR;STOP SIGN;35.761266214;-78.7418746;-78.7376;35.7603;P120;118;0;0;2;;;;NONE;;SPORT UTILITY;SPORT UTILITY;;;;NO;2834;2016-08-14;3:38:23 PM;2016-08-14T19:38:23+00:00;35.761266214, -78.7418746;2016;No;No;8;;NONE;NONE;SPORT UTILITY,SPORT UTILITY;SPORT UTILITY,SPORT UTILITY;SPORT UTILITY,SPORT UTILITY;SPORT UTILITY,SPORT UTILITY
23468;5 FEET FROM MCCRIMMON PKWY;NO SPECIAL FEATURE;STRAIGHT,LEVEL;PUBLIC VEHICULAR AREA;TWO-WAY,NOT DIVIDED;SMOOTH ASPHALT;DRY;DARK - LIGHTED ROADWAY;CLEAR;NO CONTROL PRESENT;35.829145743;-78.88418313;-78887729.0;35.830219;P082;119;0;0;;;NONE;;NONE;;VAN;PASSENGER CAR;;;;NO;2846;2016-08-15;10:36 PM;2016-08-16T02:36:00+00:00;35.829145743, -78.88418313;2016;No;No;8;NONE;NONE,NONE;NONE,NONE;VAN,PASSENGER CAR;VAN,PASSENGER CAR;VAN,PASSENGER CAR;VAN,PASSENGER CAR
23469;.21 MILES FROM SR #1423 (PINEY PLAINS RD);NO SPECIAL FEATURE;STRAIGHT,LEVEL;STATE SECONDARY ROUTE;TWO-WAY,DIVIDED,UNPROTECTED MEDIAN;SMOOTH ASPHALT;DRY;DAYLIGHT;CLEAR;STOP AND GO SIGNAL;35.748601505;-78.75329861;-78.7547;35.7457;P004;118;0;0;2;;NONE;;NONE;;PASSENGER CAR;PASSENGER CAR;;;;NO;2847;2016-08-15;7:21:03 PM;2016-08-15T23:21:03+00:00;35.748601505, -78.75329861;2016;No;No;8;NONE;NONE,NONE;NONE,NONE;PASSENGER CAR,PASSENGER CAR;PASSENGER CAR,PASSENGER CAR;PASSENGER CAR,PASSENGER CAR;PASSENGER CAR,PASSENGER CAR