tamainid;location_description;rdfeature;rdcharacter;rdclass;rdconfigur;rdsurface;rdcondition;lightcond;weather;trafcontrl;lat;lon;lon2;lat2;tract;zone;fatality;possblinj;numpassengers;numpedestrians;contrcir1_desc;contrcir2_desc;contrcir3_desc;contrcir4_desc;vehicle1;vehicle2;vehicle3;vehicle4;vehicle5;workarea;records;ta_date;ta_time;crash_date;geo_location;year;fatalities;injuries;month;contrfact1;contrfact2;contributing_factor;vehicleconcat1;vehicleconcat2;vehicleconcat3;vehicle_type
23699;.10 MILES FROM PVA 6770 MCCRIMMON PKWY;NO SPECIAL FEATURE;STRAIGHT,LEVEL;PUBLIC VEHICULAR AREA;TWO-WAY,NOT DIVIDED;SMOOTH ASPHALT;DRY;DAYLIGHT;CLEAR;NO CONTROL PRESENT;;;-78.890024;35.829077;;;0;0;;;NONE;;NONE;;PASSENGER CAR;PICKUP;;;;NO;3076;2016-09-01;12:56 PM;2016-09-01T16:56:00+00:00;;2016;No;No;9;NONE;NONE,NONE;NONE,NONE;PASSENGER CAR,PICKUP;PASSENGER CAR,PICKUP;PASSENGER CAR,PICKUP;PASSENGER CAR,PICKUP
23702;.21 MILES FROM SR #1423 (PINEY PLAINS RD);;;;;;;;;;;;;;;;0;0;;;;;;;;;;;;;3079;2016-08-15;1:21:19 PM;2016-08-15T17:21:19+00:00;;2016;No;No;8;;;;;;;
23709;CARY;NO SPECIAL FEATURE;STRAIGHT,LEVEL;PUBLIC VEHICULAR AREA;ONE-WAY,NOT DIVIDED;SMOOTH ASPHALT;WET;DAYLIGHT;RAIN;NO CONTROL PRESENT;35.737272111;-78.78216601;-78.7822;35.737;P053;116;0;0;;;NONE;;NONE;;VAN;;;;;NO;3086;2016-09-02;1:07:41 PM;2016-09-02T17:07:41+00:00;35.737272111, -78.78216601;2016;No;No;9;NONE;NONE,NONE;NONE,NONE;VAN;VAN;VAN;VAN
23710;CARY;NO SPECIAL FEATURE;STRAIGHT,LEVEL;NC ROUTE;TWO-WAY,DIVIDED,UNPROTECTED MEDIAN;SMOOTH ASPHALT;DRY;DAYLIGHT;CLEAR;NO CONTROL PRESENT;35.782336729;-78.84821312;-78.759025;35.796366;P018;113;0;0;1;;NONE;;NONE;;PASSENGER CAR;PASSENGER CAR;;;;NO;3087;2016-09-01;1:10:11 PM;2016-09-01T17:10:11+00:00;35.782336729, -78.84821312;2016;No;No;9;NONE;NONE,NONE;NONE,NONE;PASSENGER CAR,PASSENGER CAR;PASSENGER CAR,PASSENGER CAR;PASSENGER CAR,PASSENGER CAR;PASSENGER CAR,PASSENGER CAR
23715;350 FEET FROM SR#1010 (TEN-TEN ROAD);NO SPECIAL FEATURE;STRAIGHT,LEVEL;STATE SECONDARY ROUTE;TWO-WAY,DIVIDED,UNPROTECTED MEDIAN;SMOOTH ASPHALT;WET;DAYLIGHT;RAIN;NO CONTROL PRESENT;35.701492129;-78.78510965;-78.7833;35.7008;P052;116;0;0;;;;;COMING FROM BEHIND PARKED VEHICLE;;SPORT UTILITY;;;;;NO;3092;2016-09-02;5:26:15 PM;2016-09-02T21:26:15+00:00;35.701492129, -78.78510965;2016;No;No;9;;COMING FROM BEHIND PARKED VEHICLE;COMING FROM BEHIND PARKED VEHICLE;SPORT UTILITY;SPORT UTILITY;SPORT UTILITY;SPORT UTILITY
23724;75 FEET FROM SR-1312 (310 S ACADEMY ST);NO SPECIAL FEATURE;STRAIGHT,LEVEL;STATE SECONDARY ROUTE;ONE-WAY,NOT DIVIDED;SMOOTH ASPHALT;DRY;DAYLIGHT;CLEAR;NO CONTROL PRESENT;;;-78.7812;35.7844;;;0;0;1;;NONE;;INATTENTIVE (TALKING, EATING, ETC.);FAILURE TO YIELD RIGHT OF WAY;PASSENGER CAR;;;;;CONSTRUCTION WORK AREA;3101;2016-09-04;6:04:53 AM;2016-09-04T10:04:53+00:00;;2016;No;No;9;NONE;NONE,INATTENTIVE (TALKING, EATING, ETC.);NONE,INATTENTIVE (TALKING,EATING,ETC.),FAILURE TO YIELD RIGHT OF WAY;PASSENGER CAR;PASSENGER CAR;PASSENGER CAR;PASSENGER CAR
23726;50 FEET FROM 302 W CHATHAM ST;NO SPECIAL FEATURE;STRAIGHT,LEVEL;PUBLIC VEHICULAR AREA;TWO-WAY,NOT DIVIDED;SMOOTH ASPHALT;DRY;DAYLIGHT;CLEAR;NO CONTROL PRESENT;35.781340509;-78.79468301;-78.7866;35.787;P036;114;0;0;;;NONE;;NONE;;PASSENGER CAR;PASSENGER CAR;;;;NO;3103;2016-09-05;1:43:26 PM;2016-09-05T17:43:26+00:00;35.781340509, -78.79468301;2016;No;No;9;NONE;NONE,NONE;NONE,NONE;PASSENGER CAR,PASSENGER CAR;PASSENGER CAR,PASSENGER CAR;PASSENGER CAR,PASSENGER CAR;PASSENGER CAR,PASSENGER CAR
23728;.12 MILES FROM 108 LEGAULT DR;NO SPECIAL FEATURE;STRAIGHT,LEVEL;LOCAL STREET;TWO-WAY,DIVIDED,UNPROTECTED MEDIAN;SMOOTH ASPHALT;DRY;UNKNOWN;CLEAR;NO CONTROL PRESENT;35.792800523;-78.83834509;-78.839472;35.791133;P067;121;0;0;;;UNKNOWN;;NONE;;PASSENGER CAR;;;;;NO;3105;2016-09-05;3:59:37 PM;2016-09-05T19:59:37+00:00;35.792800523, -78.83834509;2016;No;No;9;UNKNOWN;UNKNOWN,NONE;UNKNOWN,NONE;PASSENGER CAR;PASSENGER CAR;PASSENGER CAR;PASSENGER CAR
23746;CARY;NO SPECIAL FEATURE;STRAIGHT,LEVEL;STATE SECONDARY ROUTE;TWO-WAY,NOT DIVIDED;SMOOTH ASPHALT;DRY;DAYLIGHT;CLEAR;NO CONTROL PRESENT;35.793740329;-78.76900831;-78.773805;35.792421;P033;113;0;3;;;NONE;;NONE;;PASSENGER CAR;PASSENGER CAR;PASSENGER CAR;;;NO;3123;2016-09-06;6:38:17 PM;2016-09-06T22:38:17+00:00;35.793740329, -78.76900831;2016;No;Yes;9;NONE;NONE,NONE;NONE,NONE;PASSENGER CAR,PASSENGER CAR;PASSENGER CAR,PASSENGER CAR,PASSENGER CAR;PASSENGER CAR,PASSENGER CAR,PASSENGER CAR;PASSENGER CAR,PASSENGER CAR,PASSENGER CAR
23747;200 FEET FROM SR 1415, SE MAYNARD RD;NO SPECIAL FEATURE;STRAIGHT,GRADE;STATE SECONDARY ROUTE;TWO-WAY,NOT DIVIDED;SMOOTH ASPHALT;DRY;DAYLIGHT;CLEAR;SCHOOL ZONE SIGNS;;;;;;;0;0;1;;NONE;;NONE;;SPORT UTILITY;PASSENGER CAR;;;;NO;3124;2016-09-07;8:00:22 AM;2016-09-07T12:00:22+00:00;;2016;No;No;9;NONE;NONE,NONE;NONE,NONE;SPORT UTILITY,PASSENGER CAR;SPORT UTILITY,PASSENGER CAR;SPORT UTILITY,PASSENGER CAR;SPORT UTILITY,PASSENGER CAR
23749;.33 MILES FROM US 1 SB;NO SPECIAL FEATURE;STRAIGHT,LEVEL;US ROUTE;TWO-WAY,DIVIDED,POSITIVE MEDIAN BARRIER;CONCRETE;WET;DAYLIGHT;RAIN;NO CONTROL PRESENT;35.763961472;-78.7487568;-78.749608;35.759733;P028;112;0;0;;;NONE;;NONE;;PASSENGER CAR;;;;;NO;3126;2016-09-02;1:35:10 PM;2016-09-02T17:35:10+00:00;35.763961472, -78.7487568;2016;No;No;9;NONE;NONE,NONE;NONE,NONE;PASSENGER CAR;PASSENGER CAR;PASSENGER CAR;PASSENGER CAR
23750;75 FEET FROM P.V.A. (1020 BRADFORD PLAZA WA;DRIVEWAY, PUBLIC;STRAIGHT,LEVEL;PUBLIC VEHICULAR AREA;TWO-WAY,NOT DIVIDED;SMOOTH ASPHALT;DRY;DAYLIGHT;CLEAR;NO CONTROL PRESENT;35.644925372;-78.64929422;-78.8453;35.9728;P119;RALW;0;0;;;;;NONE;;SPORT UTILITY;SPORT UTILITY;;;;NO;3127;2016-09-07;3:17:35 PM;2016-09-07T19:17:35+00:00;35.644925372, -78.64929422;2016;No;No;9;;NONE;NONE;SPORT UTILITY,SPORT UTILITY;SPORT UTILITY,SPORT UTILITY;SPORT UTILITY,SPORT UTILITY;SPORT UTILITY,SPORT UTILITY
23754;116 FEET FROM SLOAN DR;T-INTERSECTION;STRAIGHT,LEVEL;LOCAL STREET;TWO-WAY,DIVIDED,UNPROTECTED MEDIAN;SMOOTH ASPHALT;DRY;DAYLIGHT;CLEAR;STOP SIGN;;;-78.764513;35.78512;;120;0;1;1;;NONE;;NONE;;PASSENGER CAR;;;;;NO;3131;2016-09-01;10:12 AM;2016-09-01T14:12:00+00:00;;2016;No;Yes;9;NONE;NONE,NONE;NONE,NONE;PASSENGER CAR;PASSENGER CAR;PASSENGER CAR;PASSENGER CAR
23761;50 FEET FROM SR 1307 (E CHATHAM ST);FOUR-WAY INTERSECTION;STRAIGHT,LEVEL;STATE SECONDARY ROUTE;TWO-WAY,NOT DIVIDED;SMOOTH ASPHALT;DRY;DAYLIGHT;CLEAR;STOP AND GO SIGNAL;35.792027516;-78.76378662;-78.764148;35.791955;P055;120;0;3;2;;NONE;;NONE;;PASSENGER CAR;VAN;PICKUP;;;NO;3138;2016-09-07;6:27:46 PM;2016-09-07T22:27:46+00:00;35.792027516, -78.76378662;2016;No;Yes;9;NONE;NONE,NONE;NONE,NONE;PASSENGER CAR,VAN;PASSENGER CAR,VAN,PICKUP;PASSENGER CAR,VAN,PICKUP;PASSENGER CAR,VAN,PICKUP
23766;400 FEET FROM PVA OF 106 KILMAYNE DR;NO SPECIAL FEATURE;STRAIGHT,LEVEL;PUBLIC VEHICULAR AREA;ONE-WAY,NOT DIVIDED;COARSE ASPHALT;DRY;DAYLIGHT;CLEAR;NO CONTROL PRESENT;;;-78.782;35.77;;;0;0;;;;;NONE;;;;;;;NO;3143;2016-09-07;7:46:16 AM;2016-09-07T11:46:16+00:00;;2016;No;No;9;;NONE;NONE;;;;
23770;10 FEET FROM GREENWOOD CIR;NO SPECIAL FEATURE;STRAIGHT,LEVEL;LOCAL STREET;TWO-WAY,NOT DIVIDED;SMOOTH ASPHALT;DRY;DAYLIGHT;CLEAR;NO CONTROL PRESENT;35.762590925;-78.75834789;-78.7582;35.7626;P028;112;0;0;;;NONE;;NONE;;PASSENGER CAR;;;;;NO;3147;2016-09-08;8:59:50 AM;2016-09-08T12:59:50+00:00;35.762590925, -78.75834789;2016;No;No;9;NONE;NONE,NONE;NONE,NONE;PASSENGER CAR;PASSENGER CAR;PASSENGER CAR;PASSENGER CAR
23773;50 FEET FROM SW CARY PKWY SR 3977;NO SPECIAL FEATURE;STRAIGHT,LEVEL;STATE SECONDARY ROUTE;TWO-WAY,DIVIDED,UNPROTECTED MEDIAN;SMOOTH ASPHALT;DRY;DAYLIGHT;CLEAR;NO CONTROL PRESENT;35.783949983;-78.83633895;-78.8365;35.7836;P018;117;0;0;;;NONE;;NONE;;UNKNOWN;;;;;NO;3150;2016-09-07;3:29:05 PM;2016-09-07T19:29:05+00:00;35.783949983, -78.83633895;2016;No;No;9;NONE;NONE,NONE;NONE,NONE;UNKNOWN;UNKNOWN;UNKNOWN;UNKNOWN
23778;150 FEET FROM SR 1415 (SE MAYNARD RD);RELATED TO INTERSECTION;STRAIGHT,LEVEL;STATE SECONDARY ROUTE;TWO-WAY,NOT DIVIDED;SMOOTH ASPHALT;DRY;DAYLIGHT;CLEAR;NO CONTROL PRESENT;;;-78.7642;35.7816;;;0;0;1;;;;NONE;;PASSENGER CAR;SPORT UTILITY;PASSENGER CAR;;;NO;3155;2016-09-08;4:02:19 PM;2016-09-08T20:02:19+00:00;;2016;No;No;9;;NONE;NONE;PASSENGER CAR,SPORT UTILITY;PASSENGER CAR,SPORT UTILITY,PASSENGER CAR;PASSENGER CAR,SPORT UTILITY,PASSENGER CAR;PASSENGER CAR,SPORT UTILITY,PASSENGER CAR
23780;.4 MILES FROM CROSSROADS BLVD;NO SPECIAL FEATURE;STRAIGHT,LEVEL;PRIVATE ROAD,DRIVEWAY;TWO-WAY,DIVIDED,POSITIVE MEDIAN BARRIER;SMOOTH ASPHALT;DRY;DAYLIGHT;CLEAR;STOP AND GO SIGNAL;35.761266214;-78.7418746;-78.7415;35.7613;P120;118;0;0;1;;NONE;;NONE;;PASSENGER CAR;SPORT UTILITY;;;;NO;3157;2016-09-08;7:48:05 PM;2016-09-08T23:48:05+00:00;35.761266214, -78.7418746;2016;No;No;9;NONE;NONE,NONE;NONE,NONE;PASSENGER CAR,SPORT UTILITY;PASSENGER CAR,SPORT UTILITY;PASSENGER CAR,SPORT UTILITY;PASSENGER CAR,SPORT UTILITY
23781;CARY;RELATED TO INTERSECTION;STRAIGHT,LEVEL;STATE SECONDARY ROUTE;TWO-WAY,DIVIDED,UNPROTECTED MEDIAN;SMOOTH ASPHALT;DRY;DARK - ROADWAY NOT LIGHTED;CLEAR;STOP AND GO SIGNAL;35.761866007;-78.40290327;-78.748396;35.763749;P119;RALW;0;0;;;NONE;;NONE;;PASSENGER CAR;PASSENGER CAR;;;;NO;3158;2016-09-08;10:00 PM;2016-09-09T02:00:00+00:00;35.761866007, -78.40290327;2016;No;No;9;NONE;NONE,NONE;NONE,NONE;PASSENGER CAR,PASSENGER CAR;PASSENGER CAR,PASSENGER CAR;PASSENGER CAR,PASSENGER CAR;PASSENGER CAR,PASSENGER CAR
23787;130 FEET FROM SR 1009 (TRYON RD);FOUR-WAY INTERSECTION;STRAIGHT,HILLCREST;STATE SECONDARY ROUTE;TWO-WAY,DIVIDED,UNPROTECTED MEDIAN;SMOOTH ASPHALT;DRY;DUSK;CLEAR;STOP AND GO SIGNAL;35.745547267;-78.75624785;-78.7557;35.7454;P004;118;0;0;;;;;NONE;;SPORT UTILITY;PASSENGER CAR;;;;NO;3164;2016-09-08;6:22:33 PM;2016-09-08T22:22:33+00:00;35.745547267, -78.75624785;2016;No;No;9;;NONE;NONE;SPORT UTILITY,PASSENGER CAR;SPORT UTILITY,PASSENGER CAR;SPORT UTILITY,PASSENGER CAR;SPORT UTILITY,PASSENGER CAR
23789;30 FEET FROM (SR 1652) N HARRISON AV;FOUR-WAY INTERSECTION;STRAIGHT,LEVEL;STATE SECONDARY ROUTE;TWO-WAY,NOT DIVIDED;SMOOTH ASPHALT;DRY;DAYLIGHT;CLEAR;STOP AND GO SIGNAL;;;-78.7715;35.819;;;0;0;;;NONE;;NONE;;PASSENGER CAR;PASSENGER CAR;;;;NO;3166;2016-09-09;12:47 PM;2016-09-09T16:47:00+00:00;;2016;No;No;9;NONE;NONE,NONE;NONE,NONE;PASSENGER CAR,PASSENGER CAR;PASSENGER CAR,PASSENGER CAR;PASSENGER CAR,PASSENGER CAR;PASSENGER CAR,PASSENGER CAR
23803;CARY;FOUR-WAY INTERSECTION;STRAIGHT,LEVEL;STATE SECONDARY ROUTE;TWO-WAY,DIVIDED,UNPROTECTED MEDIAN;SMOOTH ASPHALT;DRY;DAYLIGHT;CLEAR;STOP AND GO SIGNAL;35.787695258;-78.87077765;-78.870775;35.78772;P118;117;0;2;2;;NONE;;NONE;;PASSENGER CAR;SPORT UTILITY;;;;NO;3180;2016-09-09;12:25 PM;2016-09-09T16:25:00+00:00;35.787695258, -78.87077765;2016;No;Yes;9;NONE;NONE,NONE;NONE,NONE;PASSENGER CAR,SPORT UTILITY;PASSENGER CAR,SPORT UTILITY;PASSENGER CAR,SPORT UTILITY;PASSENGER CAR,SPORT UTILITY
23810;300 FEET FROM TRAVIS PARK DR.;RELATED TO INTERSECTION;STRAIGHT,GRADE;LOCAL STREET;TWO-WAY,NOT DIVIDED;SMOOTH ASPHALT;DRY;DAYLIGHT;CLEAR;STOP SIGN;;;-78.7487;35.7894;;;0;0;;;;;NONE;;PASSENGER CAR;PICKUP;;;;NO;3187;2016-09-08;7:36:13 PM;2016-09-08T23:36:13+00:00;;2016;No;No;9;;NONE;NONE;PASSENGER CAR,PICKUP;PASSENGER CAR,PICKUP;PASSENGER CAR,PICKUP;PASSENGER CAR,PICKUP
23819;.07 MILES FROM 7109 OKELLY CHAPEL RD;NO SPECIAL FEATURE;STRAIGHT,LEVEL;PUBLIC VEHICULAR AREA;TWO-WAY,NOT DIVIDED;SMOOTH ASPHALT;DRY;DAYLIGHT;CLEAR;NO CONTROL PRESENT;;;-78.89;35.84;;;0;0;;;NONE;;NONE;;SPORT UTILITY;;;;;NO;3196;2016-09-07;2:03:26 PM;2016-09-07T18:03:26+00:00;;2016;No;No;9;NONE;NONE,NONE;NONE,NONE;SPORT UTILITY;SPORT UTILITY;SPORT UTILITY;SPORT UTILITY
23821;230 FEET FROM PVA 1244 HAMILTON CT;NO SPECIAL FEATURE;CURVE,LEVEL;PUBLIC VEHICULAR AREA;TWO-WAY,NOT DIVIDED;COARSE ASPHALT;DRY;DARK - LIGHTED ROADWAY;CLEAR;NO CONTROL PRESENT;;;-78.7495;35.7655;;;0;0;;;NONE;;NONE;;POLICE;POLICE;;;;NO;3198;2016-09-12;1:13:37 AM;2016-09-12T05:13:37+00:00;;2016;No;No;9;NONE;NONE,NONE;NONE,NONE;POLICE,POLICE;POLICE,POLICE;POLICE,POLICE;POLICE,POLICE
23824;.2 MILES FROM SR-1002 (AVIATION PKWY);NO SPECIAL FEATURE;STRAIGHT,LEVEL;STATE SECONDARY ROUTE;TWO-WAY,DIVIDED,UNPROTECTED MEDIAN;SMOOTH ASPHALT;DRY;DAYLIGHT;CLEAR;NO CONTROL PRESENT;;;-78.8195;35.827;;;0;0;;;NONE;;NONE;;SPORT UTILITY;PASSENGER CAR;;;;NO;3201;2016-09-10;5:13:13 PM;2016-09-10T21:13:13+00:00;;2016;No;No;9;NONE;NONE,NONE;NONE,NONE;SPORT UTILITY,PASSENGER CAR;SPORT UTILITY,PASSENGER CAR;SPORT UTILITY,PASSENGER CAR;SPORT UTILITY,PASSENGER CAR
23825;CARY;FOUR-WAY INTERSECTION;STRAIGHT,LEVEL;NC ROUTE;TWO-WAY,DIVIDED,UNPROTECTED MEDIAN;SMOOTH ASPHALT;DRY;DAYLIGHT;CLEAR;STOP AND GO SIGNAL;35.803743082;-78.77462991;-78.7718;35.8029;P030;113;0;0;2;;NONE;;NONE;;PASSENGER CAR;SPORT UTILITY;PASSENGER CAR;PASSENGER CAR;;NO;3202;2016-09-10;3:30:10 AM;2016-09-10T07:30:10+00:00;35.803743082, -78.77462991;2016;No;No;9;NONE;NONE,NONE;NONE,NONE;PASSENGER CAR,SPORT UTILITY;PASSENGER CAR,SPORT UTILITY,PASSENGER CAR;PASSENGER CAR,SPORT UTILITY,PASSENGER CAR,PASSENGER CAR;PASSENGER CAR,SPORT UTILITY,PASSENGER CAR,PASSENGER CAR
23833;45 FEET FROM P.V.A. (CVS);NO SPECIAL FEATURE;STRAIGHT,LEVEL;PUBLIC VEHICULAR AREA;TWO-WAY,NOT DIVIDED;SMOOTH ASPHALT;DRY;DAYLIGHT;CLEAR;NO CONTROL PRESENT;;;-78.7402;35.745;;;0;0;;;NONE;;NONE;;PICKUP;PASSENGER CAR;;;;NO;3210;2016-09-12;2:41:12 PM;2016-09-12T18:41:12+00:00;;2016;No;No;9;NONE;NONE,NONE;NONE,NONE;PICKUP,PASSENGER CAR;PICKUP,PASSENGER CAR;PICKUP,PASSENGER CAR;PICKUP,PASSENGER CAR
23837;250 MILES FROM SR 1415 (SE MAYNARD RD);NO SPECIAL FEATURE;STRAIGHT,GRADE;STATE SECONDARY ROUTE;TWO-WAY,NOT DIVIDED;SMOOTH ASPHALT;DRY;DAYLIGHT;CLEAR;NO CONTROL PRESENT;35.791084558;-78.76337422;-78.7637;35.7909;P002;120;0;0;;;NONE;;NONE;;PASSENGER CAR;PICKUP;;;;NO;3214;2016-09-13;7:19:57 AM;2016-09-13T11:19:57+00:00;35.791084558, -78.76337422;2016;No;No;9;NONE;NONE,NONE;NONE,NONE;PASSENGER CAR,PICKUP;PASSENGER CAR,PICKUP;PASSENGER CAR,PICKUP;PASSENGER CAR,PICKUP
23843;250 FEET FROM SR 3977 (SE CARY PKWY);NO SPECIAL FEATURE;STRAIGHT,LEVEL;STATE SECONDARY ROUTE;TWO-WAY,DIVIDED,UNPROTECTED MEDIAN;SMOOTH ASPHALT;DRY;DAYLIGHT;CLEAR;NO CONTROL PRESENT;35.762711835;-78.78639564;-78.7779;35.758;P039;115;0;1;2;;NONE;;NONE;;PASSENGER CAR;VAN;;;;NO;3220;2016-09-13;6:32:22 PM;2016-09-13T22:32:22+00:00;35.762711835, -78.78639564;2016;No;Yes;9;NONE;NONE,NONE;NONE,NONE;PASSENGER CAR,VAN;PASSENGER CAR,VAN;PASSENGER CAR,VAN;PASSENGER CAR,VAN
23859;CARY;FOUR-WAY INTERSECTION;STRAIGHT,GRADE;STATE SECONDARY ROUTE;TWO-WAY,NOT DIVIDED;SMOOTH ASPHALT;DRY;DAYLIGHT;CLEAR;STOP AND GO SIGNAL;;;-78.8472;35.7914;;;0;0;;;NONE;;NONE;;PASSENGER CAR;PASSENGER CAR;;;;NO;3236;2016-09-13;4:07:40 PM;2016-09-13T20:07:40+00:00;;2016;No;No;9;NONE;NONE,NONE;NONE,NONE;PASSENGER CAR,PASSENGER CAR;PASSENGER CAR,PASSENGER CAR;PASSENGER CAR,PASSENGER CAR;PASSENGER CAR,PASSENGER CAR
23867;CARY;RELATED TO INTERSECTION;STRAIGHT,LEVEL;STATE SECONDARY ROUTE;TWO-WAY,DIVIDED,UNPROTECTED MEDIAN;SMOOTH ASPHALT;DRY;DAYLIGHT;CLEAR;STOP AND GO SIGNAL;;;-78.8457;;;;0;0;;;NONE;;NONE;;PASSENGER CAR;PASSENGER CAR;;;;NO;3244;2016-09-14;2:12:53 PM;2016-09-14T18:12:53+00:00;;2016;No;No;9;NONE;NONE,NONE;NONE,NONE;PASSENGER CAR,PASSENGER CAR;PASSENGER CAR,PASSENGER CAR;PASSENGER CAR,PASSENGER CAR;PASSENGER CAR,PASSENGER CAR
23870;.1 MILES FROM PVA(1225 KILDAIRE FARM RD);NO SPECIAL FEATURE;STRAIGHT,LEVEL;PUBLIC VEHICULAR AREA;TWO-WAY,NOT DIVIDED;SMOOTH ASPHALT;DRY;DAYLIGHT;CLEAR;NO CONTROL PRESENT;;;-78.7825;35.7625;;;0;0;;;;;NONE;;SPORT UTILITY;SPORT UTILITY;;;;NO;3247;2016-09-15;4:18:58 PM;2016-09-15T20:18:58+00:00;;2016;No;No;9;;NONE;NONE;SPORT UTILITY,SPORT UTILITY;SPORT UTILITY,SPORT UTILITY;SPORT UTILITY,SPORT UTILITY;SPORT UTILITY,SPORT UTILITY
23873;25 FEET FROM PVA PEBBLE CREEK DR;DRIVEWAY, PUBLIC;STRAIGHT,LEVEL;PUBLIC VEHICULAR AREA;TWO-WAY,NOT DIVIDED;SMOOTH ASPHALT;DRY;DARK - LIGHTED ROADWAY;CLEAR;NO CONTROL PRESENT;;;-78.794083;35.758884;;;0;0;;;NONE;;NONE;;PASSENGER CAR;PICKUP;;;;NO;3250;2016-09-15;10:41 PM;2016-09-16T02:41:00+00:00;;2016;No;No;9;NONE;NONE,NONE;NONE,NONE;PASSENGER CAR,PICKUP;PASSENGER CAR,PICKUP;PASSENGER CAR,PICKUP;PASSENGER CAR,PICKUP
23875;150 FEET FROM SR 1313 (WALNUT ST);RELATED TO INTERSECTION;STRAIGHT,LEVEL;STATE SECONDARY ROUTE;TWO-WAY,DIVIDED,UNPROTECTED MEDIAN;COARSE ASPHALT;DRY;DARK - ROADWAY NOT LIGHTED;CLEAR;NO CONTROL PRESENT;;;-78.7437;35.7607;;118;0;0;;;NONE;;FAILURE TO YIELD RIGHT OF WAY;;PASSENGER CAR;PASSENGER CAR;;;;CONSTRUCTION WORK AREA;3252;2016-09-14;11:31 PM;2016-09-15T03:31:00+00:00;;2016;No;No;9;NONE;NONE,FAILURE TO YIELD RIGHT OF WAY;NONE,FAILURE TO YIELD RIGHT OF WAY;PASSENGER CAR,PASSENGER CAR;PASSENGER CAR,PASSENGER CAR;PASSENGER CAR,PASSENGER CAR;PASSENGER CAR,PASSENGER CAR
23876;CARY;;;;;;;;;;35.754914703;-78.74234735;;;P120;118;0;0;;;;;;;;;;;;;3253;2016-09-08;6:11:37 AM;2016-09-08T10:11:37+00:00;35.754914703, -78.74234735;2016;No;No;9;;;;;;;
23879;40 FEET FROM PVA 5801 TRYON RD;DRIVEWAY, PRIVATE;STRAIGHT,LEVEL;PUBLIC VEHICULAR AREA;TWO-WAY,NOT DIVIDED;CONCRETE;DRY;DAYLIGHT;CLEAR;NO CONTROL PRESENT;;;-78.7386;35.7454;;;0;0;;;NONE;;NONE;;SPORT UTILITY;PASSENGER CAR;;;;NO;3256;2016-09-16;7:04:17 AM;2016-09-16T11:04:17+00:00;;2016;No;No;9;NONE;NONE,NONE;NONE,NONE;SPORT UTILITY,PASSENGER CAR;SPORT UTILITY,PASSENGER CAR;SPORT UTILITY,PASSENGER CAR;SPORT UTILITY,PASSENGER CAR
23882;120 FEET FROM SR 3081 (CHAPEL HILL RD);NO SPECIAL FEATURE;STRAIGHT,LEVEL;STATE SECONDARY ROUTE;TWO-WAY,DIVIDED,UNPROTECTED MEDIAN;SMOOTH ASPHALT;DRY;DAYLIGHT;CLEAR;NO CONTROL PRESENT;;;-78.7821;35.7915;;;0;0;;;NONE;;NONE;;PASSENGER CAR;VAN;;;;NO;3259;2016-09-16;2:14:21 PM;2016-09-16T18:14:21+00:00;;2016;No;No;9;NONE;NONE,NONE;NONE,NONE;PASSENGER CAR,VAN;PASSENGER CAR,VAN;PASSENGER CAR,VAN;PASSENGER CAR,VAN
23886;150 FEET FROM PVA (203 N HARRISON AVE);DRIVEWAY, PUBLIC;STRAIGHT,LEVEL;PUBLIC VEHICULAR AREA;TWO-WAY,NOT DIVIDED;SMOOTH ASPHALT;DRY;DAYLIGHT;CLEAR;NO CONTROL PRESENT;;;-78.7834;35.7881;;;0;0;1;;;;NONE;;PASSENGER CAR;PASSENGER CAR;;;;NO;3263;2016-09-16;1:30:51 PM;2016-09-16T17:30:51+00:00;;2016;No;No;9;;NONE;NONE;PASSENGER CAR,PASSENGER CAR;PASSENGER CAR,PASSENGER CAR;PASSENGER CAR,PASSENGER CAR;PASSENGER CAR,PASSENGER CAR
23896;CARY;RELATED TO INTERSECTION;STRAIGHT,LEVEL;US ROUTE;TWO-WAY,DIVIDED,UNPROTECTED MEDIAN;SMOOTH ASPHALT;DRY;DARK - LIGHTED ROADWAY;CLEAR;STOP AND GO SIGNAL;;;-78.7461;35.7635;;;0;0;1;;NONE;;NONE;;PASSENGER CAR;SPORT UTILITY;;;;NO;3273;2016-09-17;10:40 PM;2016-09-18T02:40:00+00:00;;2016;No;No;9;NONE;NONE,NONE;NONE,NONE;PASSENGER CAR,SPORT UTILITY;PASSENGER CAR,SPORT UTILITY;PASSENGER CAR,SPORT UTILITY;PASSENGER CAR,SPORT UTILITY
23897;.2 MILES FROM PVA 2010 KILDAIRE FARM RD;NO SPECIAL FEATURE;STRAIGHT,LEVEL;PUBLIC VEHICULAR AREA;TWO-WAY,NOT DIVIDED;SMOOTH ASPHALT;DRY;DAYLIGHT;CLEAR;NO CONTROL PRESENT;;;-78.7815;35.7372;;;0;0;;;NONE;;NONE;;UNKNOWN;PASSENGER CAR;;;;NO;3274;2016-09-17;5:37:19 PM;2016-09-17T21:37:19+00:00;;2016;No;No;9;NONE;NONE,NONE;NONE,NONE;UNKNOWN,PASSENGER CAR;UNKNOWN,PASSENGER CAR;UNKNOWN,PASSENGER CAR;UNKNOWN,PASSENGER CAR