tamainid;location_description;rdfeature;rdcharacter;rdclass;rdconfigur;rdsurface;rdcondition;lightcond;weather;trafcontrl;lat;lon;lon2;lat2;tract;zone;fatality;possblinj;numpassengers;numpedestrians;contrcir1_desc;contrcir2_desc;contrcir3_desc;contrcir4_desc;vehicle1;vehicle2;vehicle3;vehicle4;vehicle5;workarea;records;ta_date;ta_time;crash_date;geo_location;year;fatalities;injuries;month;contrfact1;contrfact2;contributing_factor;vehicleconcat1;vehicleconcat2;vehicleconcat3;vehicle_type
24131;.15 MILES FROM SR1009 TRYON RD;RELATED TO INTERSECTION;STRAIGHT,GRADE;STATE SECONDARY ROUTE;TWO-WAY,DIVIDED,UNPROTECTED MEDIAN;SMOOTH ASPHALT;DRY;DAYLIGHT;CLEAR;STOP AND GO SIGNAL;35.741327593;-78.7762376;-78.7785;35.7404;P044;115;0;1;;;;;NONE;;SPORT UTILITY;PASSENGER CAR;;;;NO;3508;2016-10-03;3:27:59 PM;2016-10-03T19:27:59+00:00;35.741327593, -78.7762376;2016;No;Yes;10;;NONE;NONE;SPORT UTILITY,PASSENGER CAR;SPORT UTILITY,PASSENGER CAR;SPORT UTILITY,PASSENGER CAR;SPORT UTILITY,PASSENGER CAR
24134;80 FEET FROM US 1 NB;NO SPECIAL FEATURE;STRAIGHT,LEVEL;US ROUTE;TWO-WAY,DIVIDED,UNPROTECTED MEDIAN;CONCRETE;DRY;DAYLIGHT;CLEAR;NO CONTROL PRESENT;;;-78.745185;35.761842;;;0;0;3;;NONE;;NONE;;SINGLE UNIT TRUCK (2-AXLE- 6-TIRE);SPORT UTILITY;;;;NO;3511;2016-09-28;3:32:35 PM;2016-09-28T19:32:35+00:00;;2016;No;No;9;NONE;NONE,NONE;NONE,NONE;SINGLE UNIT TRUCK (2-AXLE- 6-TIRE),SPORT UTILITY;SINGLE UNIT TRUCK (2-AXLE- 6-TIRE),SPORT UTILITY;SINGLE UNIT TRUCK (2-AXLE- 6-TIRE),SPORT UTILITY;SINGLE UNIT TRUCK (2-AXLE- 6-TIRE),SPORT UTILITY
24137;0 FEET FROM S WALKER ST;FOUR-WAY INTERSECTION;STRAIGHT,LEVEL;LOCAL STREET;TWO-WAY,NOT DIVIDED;SMOOTH ASPHALT;DRY;DAYLIGHT;CLEAR;STOP SIGN;35.786591781;-78.77858472;-78.7786;35.7865;P059;120;0;0;3;;NONE;;NONE;;PASSENGER CAR;SPORT UTILITY;;;;NO;3514;2016-09-30;7:13:55 AM;2016-09-30T11:13:55+00:00;35.786591781, -78.77858472;2016;No;No;9;NONE;NONE,NONE;NONE,NONE;PASSENGER CAR,SPORT UTILITY;PASSENGER CAR,SPORT UTILITY;PASSENGER CAR,SPORT UTILITY;PASSENGER CAR,SPORT UTILITY
24146;50 FEET FROM SR 1652 (N HARRISON AV);NO SPECIAL FEATURE;STRAIGHT,LEVEL;STATE SECONDARY ROUTE;TWO-WAY,NOT DIVIDED;SMOOTH ASPHALT;DRY;DARK - LIGHTED ROADWAY;CLEAR;NO CONTROL PRESENT;35.829708141;-78.7685142;-78.7701;35.8288;P029;111;0;0;1;;NONE;;NONE;;PASSENGER CAR;PASSENGER CAR;;;;NO;3523;2016-10-04;7:35:59 PM;2016-10-04T23:35:59+00:00;35.829708141, -78.7685142;2016;No;No;10;NONE;NONE,NONE;NONE,NONE;PASSENGER CAR,PASSENGER CAR;PASSENGER CAR,PASSENGER CAR;PASSENGER CAR,PASSENGER CAR;PASSENGER CAR,PASSENGER CAR
24147;CARY;FOUR-WAY INTERSECTION;STRAIGHT,LEVEL;NC ROUTE;TWO-WAY,DIVIDED,UNPROTECTED MEDIAN;SMOOTH ASPHALT;DRY;DARK - LIGHTED ROADWAY;CLEAR;STOP AND GO SIGNAL;35.802589603;-78.78296679;-78.7826;35.8027;P032;113;0;1;;;NONE;;NONE;;VAN;PASSENGER CAR;;;;NO;3524;2016-10-04;9:00:45 PM;2016-10-05T01:00:45+00:00;35.802589603, -78.78296679;2016;No;Yes;10;NONE;NONE,NONE;NONE,NONE;VAN,PASSENGER CAR;VAN,PASSENGER CAR;VAN,PASSENGER CAR;VAN,PASSENGER CAR
24164;10 FEET FROM US 1;OFF-RAMP TERMINAL ON CROSSROAD;CURVE,GRADE;US ROUTE;TWO-WAY,DIVIDED,POSITIVE MEDIAN BARRIER;CONCRETE;DRY;DAYLIGHT;CLEAR;STOP AND GO SIGNAL;;;-78.7927;35.7384;;;0;1;;;NONE;;NONE;;PASSENGER CAR;PASSENGER CAR;;;;NO;3541;2016-10-06;8:32:07 AM;2016-10-06T12:32:07+00:00;;2016;No;Yes;10;NONE;NONE,NONE;NONE,NONE;PASSENGER CAR,PASSENGER CAR;PASSENGER CAR,PASSENGER CAR;PASSENGER CAR,PASSENGER CAR;PASSENGER CAR,PASSENGER CAR
24166;230 FEET FROM PVA PATEL BROTHERS 802 E CHATH;DRIVEWAY, PUBLIC;STRAIGHT,LEVEL;PUBLIC VEHICULAR AREA;TWO-WAY,NOT DIVIDED;SMOOTH ASPHALT;DRY;DAYLIGHT;CLOUDY;NO CONTROL PRESENT;35.601953675;-78.79930456;-78.7634;35.7916;P119;RALW;0;0;;;NONE;;NONE;;SPORT UTILITY;VAN;;;;NO;3543;2016-10-06;12:15 PM;2016-10-06T16:15:00+00:00;35.601953675, -78.79930456;2016;No;No;10;NONE;NONE,NONE;NONE,NONE;SPORT UTILITY,VAN;SPORT UTILITY,VAN;SPORT UTILITY,VAN;SPORT UTILITY,VAN
24168;75 FEET FROM P.V.A. CARY ELEMENTARY (400 SR;NO SPECIAL FEATURE;STRAIGHT,LEVEL;PUBLIC VEHICULAR AREA;TWO-WAY,NOT DIVIDED;CONCRETE;DRY;DAYLIGHT;CLOUDY;NO CONTROL PRESENT;;;-78.7807;35.7823;;;0;0;;;NONE;;NONE;;SPORT UTILITY;PASSENGER CAR;;;;NO;3545;2016-10-06;5:46:14 PM;2016-10-06T21:46:14+00:00;;2016;No;No;10;NONE;NONE,NONE;NONE,NONE;SPORT UTILITY,PASSENGER CAR;SPORT UTILITY,PASSENGER CAR;SPORT UTILITY,PASSENGER CAR;SPORT UTILITY,PASSENGER CAR
24176;.2 MILES FROM US 1;NO SPECIAL FEATURE;STRAIGHT,LEVEL;US ROUTE;TWO-WAY,DIVIDED,POSITIVE MEDIAN BARRIER;CONCRETE;DRY;DAYLIGHT;CLOUDY;NO CONTROL PRESENT;;;-78.7419;35.7634;;;0;0;1;;NONE;;NONE;;PASSENGER CAR;PASSENGER CAR;;;;NO;3553;2016-10-06;1:00:03 PM;2016-10-06T17:00:03+00:00;;2016;No;No;10;NONE;NONE,NONE;NONE,NONE;PASSENGER CAR,PASSENGER CAR;PASSENGER CAR,PASSENGER CAR;PASSENGER CAR,PASSENGER CAR;PASSENGER CAR,PASSENGER CAR
24177;60 FEET FROM PVA MCDONALDS 869 SE MAYNARD R;DRIVEWAY, PUBLIC;STRAIGHT,LEVEL;PUBLIC VEHICULAR AREA;ONE-WAY,NOT DIVIDED;SMOOTH ASPHALT;WET;DARK - LIGHTED ROADWAY;RAIN;NO CONTROL PRESENT;;;-78.7645;35.7763;;;0;0;;;NONE;;NONE;;SPORT UTILITY;PASSENGER CAR;;;;NO;3554;2016-10-07;6:32:18 AM;2016-10-07T10:32:18+00:00;;2016;No;No;10;NONE;NONE,NONE;NONE,NONE;SPORT UTILITY,PASSENGER CAR;SPORT UTILITY,PASSENGER CAR;SPORT UTILITY,PASSENGER CAR;SPORT UTILITY,PASSENGER CAR
24178;0 FEET FROM [SR1615]HIGH HOUSE RD;FOUR-WAY INTERSECTION;STRAIGHT,LEVEL;LOCAL STREET;TWO-WAY,DIVIDED,UNPROTECTED MEDIAN;SMOOTH ASPHALT;WET;DAYLIGHT;RAIN;STOP AND GO SIGNAL;35.790025631;-78.85048905;-78.8505;35.7901;;;0;2;2;;NONE;;NONE;;PASSENGER CAR;PASSENGER CAR;;;;NO;3555;2016-10-07;10:44 AM;2016-10-07T14:44:00+00:00;35.790025631, -78.85048905;2016;No;Yes;10;NONE;NONE,NONE;NONE,NONE;PASSENGER CAR,PASSENGER CAR;PASSENGER CAR,PASSENGER CAR;PASSENGER CAR,PASSENGER CAR;PASSENGER CAR,PASSENGER CAR
24183;100 FEET FROM SR 1397 (SW CARY PKY);NO SPECIAL FEATURE;STRAIGHT,LEVEL;STATE SECONDARY ROUTE;TWO-WAY,DIVIDED,UNPROTECTED MEDIAN;SMOOTH ASPHALT;WET;DAYLIGHT;RAIN;STOP AND GO SIGNAL;;;-78.773309;35.749666;;;0;0;;;NONE;;NONE;;PASSENGER CAR;SPORT UTILITY;;;;NO;3560;2016-10-07;1:19:34 PM;2016-10-07T17:19:34+00:00;;2016;No;No;10;NONE;NONE,NONE;NONE,NONE;PASSENGER CAR,SPORT UTILITY;PASSENGER CAR,SPORT UTILITY;PASSENGER CAR,SPORT UTILITY;PASSENGER CAR,SPORT UTILITY
24184;CARY;;;;;;;;;;;;;;;;0;0;;;;;;;;;;;;;3561;2016-09-28;3:14:59 PM;2016-09-28T19:14:59+00:00;;2016;No;No;9;;;;;;;
24202;CARY;FOUR-WAY INTERSECTION;STRAIGHT,LEVEL;STATE SECONDARY ROUTE;TWO-WAY,DIVIDED,UNPROTECTED MEDIAN;SMOOTH ASPHALT;WET;DAYLIGHT;RAIN;STOP AND GO SIGNAL;;;-78.9026;35.818858;;;0;0;3;;NONE;;NONE;;PICKUP;SPORT UTILITY;;;;NO;3579;2016-10-08;4:38:55 PM;2016-10-08T20:38:55+00:00;;2016;No;No;10;NONE;NONE,NONE;NONE,NONE;PICKUP,SPORT UTILITY;PICKUP,SPORT UTILITY;PICKUP,SPORT UTILITY;PICKUP,SPORT UTILITY
24205;CARY;NO SPECIAL FEATURE;STRAIGHT,LEVEL;LOCAL STREET;TWO-WAY,NOT DIVIDED;SMOOTH ASPHALT;WATER (STANDING, MOVING);DAYLIGHT;RAIN;STOP AND GO SIGNAL;35.745646055;-78.74064505;-78.7407;35.7456;P046;118;0;0;1;;;;NONE;;PASSENGER CAR;PASSENGER CAR;;;;NO;3582;2016-10-08;2:21:00 PM;2016-10-08T18:21:00+00:00;35.745646055, -78.74064505;2016;No;No;10;;NONE;NONE;PASSENGER CAR,PASSENGER CAR;PASSENGER CAR,PASSENGER CAR;PASSENGER CAR,PASSENGER CAR;PASSENGER CAR,PASSENGER CAR
24229;.1 MILES FROM U.S. HWY 1 NORTHBOUND;NO SPECIAL FEATURE;STRAIGHT,LEVEL;US ROUTE;TWO-WAY,DIVIDED,POSITIVE MEDIAN BARRIER;SMOOTH ASPHALT;DRY;DUSK;CLEAR;NO CONTROL PRESENT;;;-78.7434;35.7627;;112;0;0;;;NONE;;NONE;;PASSENGER CAR;PASSENGER CAR;;;;NO;3606;2016-10-10;1:23:49 AM;2016-10-10T05:23:49+00:00;;2016;No;No;10;NONE;NONE,NONE;NONE,NONE;PASSENGER CAR,PASSENGER CAR;PASSENGER CAR,PASSENGER CAR;PASSENGER CAR,PASSENGER CAR;PASSENGER CAR,PASSENGER CAR
24230;100 FEET FROM PVA (102 MACON DR);NO SPECIAL FEATURE;STRAIGHT,LEVEL;PUBLIC VEHICULAR AREA;TWO-WAY,NOT DIVIDED;SMOOTH ASPHALT;DRY;DARK - ROADWAY NOT LIGHTED;CLEAR;NO CONTROL PRESENT;35.787510791;-78.76220455;-78.7627;35.7872;P056;120;0;0;;;NONE;;NONE;;PASSENGER CAR;;;;;NO;3607;2016-10-11;1:30:36 AM;2016-10-11T05:30:36+00:00;35.787510791, -78.76220455;2016;No;No;10;NONE;NONE,NONE;NONE,NONE;PASSENGER CAR;PASSENGER CAR;PASSENGER CAR;PASSENGER CAR
24235;50 FEET FROM CENTER POINTE DR;NO SPECIAL FEATURE;STRAIGHT,LEVEL;LOCAL STREET;TWO-WAY,NOT DIVIDED;SMOOTH ASPHALT;DRY;DAYLIGHT;CLEAR;NO CONTROL PRESENT;35.763346629;-78.82443288;-78.8246;35.7636;P010;117;0;0;;;NONE;;NONE;;PASSENGER CAR;PICKUP;;;;NO;3612;2016-10-11;8:45:56 AM;2016-10-11T12:45:56+00:00;35.763346629, -78.82443288;2016;No;No;10;NONE;NONE,NONE;NONE,NONE;PASSENGER CAR,PICKUP;PASSENGER CAR,PICKUP;PASSENGER CAR,PICKUP;PASSENGER CAR,PICKUP
24239;340 FEET FROM SR 1497 (CARY TOWNE BLVD);DRIVEWAY, PUBLIC;STRAIGHT,LEVEL;STATE SECONDARY ROUTE;TWO-WAY,NOT DIVIDED;SMOOTH ASPHALT;DRY;DAYLIGHT;CLEAR;STOP SIGN;;;-78.765;35.7758;;;0;0;;;NONE;;NONE;;PASSENGER CAR;PASSENGER CAR;;;;NO;3616;2016-10-11;5:09:46 PM;2016-10-11T21:09:46+00:00;;2016;No;No;10;NONE;NONE,NONE;NONE,NONE;PASSENGER CAR,PASSENGER CAR;PASSENGER CAR,PASSENGER CAR;PASSENGER CAR,PASSENGER CAR;PASSENGER CAR,PASSENGER CAR
24240;.45 MILES FROM SR 1011 (E CHATHAM ST);NO SPECIAL FEATURE;STRAIGHT,LEVEL;STATE SECONDARY ROUTE;TWO-WAY,NOT DIVIDED;SMOOTH ASPHALT;DRY;DAYLIGHT;CLEAR;NO CONTROL PRESENT;;;-78.7608;35.7916;;;0;0;;;NONE;;NONE;;VAN;PASSENGER CAR;;;;NO;3617;2016-10-11;6:07:51 PM;2016-10-11T22:07:51+00:00;;2016;No;No;10;NONE;NONE,NONE;NONE,NONE;VAN,PASSENGER CAR;VAN,PASSENGER CAR;VAN,PASSENGER CAR;VAN,PASSENGER CAR
24247;50 FEET FROM P.V.A. (125 WESTON PKWY);DRIVEWAY, PUBLIC;STRAIGHT,LEVEL;PUBLIC VEHICULAR AREA;TWO-WAY,NOT DIVIDED;SMOOTH ASPHALT;DRY;DAYLIGHT;CLEAR;NO CONTROL PRESENT;;;-78.770934;35.826944;;;0;0;;;NONE;;NONE;;PASSENGER CAR;SPORT UTILITY;;;;NO;3624;2016-10-12;8:22:00 AM;2016-10-12T12:22:00+00:00;;2016;No;No;10;NONE;NONE,NONE;NONE,NONE;PASSENGER CAR,SPORT UTILITY;PASSENGER CAR,SPORT UTILITY;PASSENGER CAR,SPORT UTILITY;PASSENGER CAR,SPORT UTILITY
24249;0.1 MILES FROM (PVA) 123 MIDDLE CREEK PKWY;DRIVEWAY, PUBLIC;STRAIGHT,LEVEL;PUBLIC VEHICULAR AREA;TWO-WAY,NOT DIVIDED;SMOOTH ASPHALT;;DARK - LIGHTED ROADWAY;CLEAR;NO CONTROL PRESENT;;;-78.759527;35.667042;;;0;0;2;;NONE;;NONE;;PICKUP;PASSENGER CAR;;;;NO;3626;2016-10-11;10:39 AM;2016-10-11T14:39:00+00:00;;2016;No;No;10;NONE;NONE,NONE;NONE,NONE;PICKUP,PASSENGER CAR;PICKUP,PASSENGER CAR;PICKUP,PASSENGER CAR;PICKUP,PASSENGER CAR
24254;.20 MILES FROM US 64 HWY;NO SPECIAL FEATURE;STRAIGHT,LEVEL;US ROUTE;TWO-WAY,DIVIDED,UNPROTECTED MEDIAN;SMOOTH ASPHALT;DRY;DAYLIGHT;CLEAR;NO CONTROL PRESENT;35.736273943;-78.78770167;-78.7902;35.7363;P043;116;0;0;;;NONE;;NONE;;PASSENGER CAR;SPORT UTILITY;;;;NO;3631;2016-10-12;7:49:09 AM;2016-10-12T11:49:09+00:00;35.736273943, -78.78770167;2016;No;No;10;NONE;NONE,NONE;NONE,NONE;PASSENGER CAR,SPORT UTILITY;PASSENGER CAR,SPORT UTILITY;PASSENGER CAR,SPORT UTILITY;PASSENGER CAR,SPORT UTILITY
24261;25 FEET FROM SR 1313 (WALNUT ST);RELATED TO INTERSECTION;STRAIGHT,LEVEL;STATE SECONDARY ROUTE;TWO-WAY,DIVIDED,UNPROTECTED MEDIAN;SMOOTH ASPHALT;DRY;DAYLIGHT;CLOUDY;STOP AND GO SIGNAL;;;-78.7422;35.746;;;0;1;1;;NONE;;NONE;;PICKUP;SPORT UTILITY;;;;NO;3638;2016-10-12;4:29:52 PM;2016-10-12T20:29:52+00:00;;2016;No;Yes;10;NONE;NONE,NONE;NONE,NONE;PICKUP,SPORT UTILITY;PICKUP,SPORT UTILITY;PICKUP,SPORT UTILITY;PICKUP,SPORT UTILITY
24267;.2 MILES FROM P.P. (2584 NEW HOPE CHURCH RD);NO SPECIAL FEATURE;STRAIGHT,LEVEL;PRIVATE ROAD,DRIVEWAY;TWO-WAY,NOT DIVIDED;GRAVEL;SAND, MUD, DIRT, GRAVEL;DAYLIGHT;CLEAR;NO CONTROL PRESENT;35.879281519;-78.71075613;-78.928489;35.814254;P119;RALW;0;0;;;NONE;;NONE;;PICKUP;;;;;NO;3644;2016-10-10;6:43:15 PM;2016-10-10T22:43:15+00:00;35.879281519, -78.71075613;2016;No;No;10;NONE;NONE,NONE;NONE,NONE;PICKUP;PICKUP;PICKUP;PICKUP
24270;25 FEET FROM NC HWY 55 NB;RELATED TO INTERSECTION;STRAIGHT,LEVEL;LOCAL STREET;TWO-WAY,DIVIDED,UNPROTECTED MEDIAN;SMOOTH ASPHALT;DRY;DAYLIGHT;CLOUDY;STOP AND GO SIGNAL;35.787721572;-78.87082441;-78.8702;35.7881;P118;117;0;0;;;NONE;;NONE;;PICKUP;VAN;;;;NO;3647;2016-10-13;3:14:17 PM;2016-10-13T19:14:17+00:00;35.787721572, -78.87082441;2016;No;No;10;NONE;NONE,NONE;NONE,NONE;PICKUP,VAN;PICKUP,VAN;PICKUP,VAN;PICKUP,VAN
24272;15 FEET FROM ASHVILLE AVE;T-INTERSECTION;STRAIGHT,LEVEL;LOCAL STREET;TWO-WAY,NOT DIVIDED;SMOOTH ASPHALT;DRY;DAYLIGHT;CLEAR;STOP SIGN;35.73834477;-78.78265005;-78.7828;35.7385;P044;115;0;0;;;NONE;;NONE;;PASSENGER CAR;SPORT UTILITY;;;;NO;3649;2016-10-13;5:49:42 PM;2016-10-13T21:49:42+00:00;35.73834477, -78.78265005;2016;No;No;10;NONE;NONE,NONE;NONE,NONE;PASSENGER CAR,SPORT UTILITY;PASSENGER CAR,SPORT UTILITY;PASSENGER CAR,SPORT UTILITY;PASSENGER CAR,SPORT UTILITY
24276;.10 MILES FROM P.V.A. DOLLAR GENERAL (832 SR;DRIVEWAY, PUBLIC;STRAIGHT,LEVEL;PUBLIC VEHICULAR AREA;TWO-WAY,NOT DIVIDED;SMOOTH ASPHALT;DRY;DAYLIGHT;CLEAR;STOP SIGN;;;-78.7605;35.7914;;;0;0;;;NONE;;NONE;;PASSENGER CAR;SPORT UTILITY;;;;NO;3653;2016-10-13;1:23:57 PM;2016-10-13T17:23:57+00:00;;2016;No;No;10;NONE;NONE,NONE;NONE,NONE;PASSENGER CAR,SPORT UTILITY;PASSENGER CAR,SPORT UTILITY;PASSENGER CAR,SPORT UTILITY;PASSENGER CAR,SPORT UTILITY
24285;.14 MILES FROM PVA 6770 MCCRIMMON PKWY;NO SPECIAL FEATURE;STRAIGHT,LEVEL;PUBLIC VEHICULAR AREA;TWO-WAY,NOT DIVIDED;SMOOTH ASPHALT;WET;DAYLIGHT;RAIN;NO CONTROL PRESENT;;;-78.891308;35.830327;;;0;0;1;;NONE;;NONE;;SPORT UTILITY;PASSENGER CAR;;;;NO;3662;2016-10-07;8:08:04 AM;2016-10-07T12:08:04+00:00;;2016;No;No;10;NONE;NONE,NONE;NONE,NONE;SPORT UTILITY,PASSENGER CAR;SPORT UTILITY,PASSENGER CAR;SPORT UTILITY,PASSENGER CAR;SPORT UTILITY,PASSENGER CAR
24286;400 FEET FROM 6770 MICCRIMMON PKWY;DRIVEWAY, PUBLIC;STRAIGHT,LEVEL;PUBLIC VEHICULAR AREA;TWO-WAY,NOT DIVIDED;SMOOTH ASPHALT;DRY;DAYLIGHT;CLEAR;NO CONTROL PRESENT;35.836377531;-78.85153733;-78.889761;35.829293;P011;121;0;0;;;NONE;;NONE;;SPORT UTILITY;PASSENGER CAR;;;;NO;3663;2016-10-11;11:07 AM;2016-10-11T15:07:00+00:00;35.836377531, -78.85153733;2016;No;No;10;NONE;NONE,NONE;NONE,NONE;SPORT UTILITY,PASSENGER CAR;SPORT UTILITY,PASSENGER CAR;SPORT UTILITY,PASSENGER CAR;SPORT UTILITY,PASSENGER CAR
24289;.3 MILES FROM US 1 HWY;NO SPECIAL FEATURE;STRAIGHT,LEVEL;US ROUTE;TWO-WAY,DIVIDED,POSITIVE MEDIAN BARRIER;CONCRETE;DRY;DAYLIGHT;CLEAR;NO CONTROL PRESENT;;;-78.759548;35.755108;;112;0;1;;;NONE;;NONE;;VAN;PASSENGER CAR;SPORT UTILITY;;;NO;3666;2016-10-12;7:49:02 AM;2016-10-12T11:49:02+00:00;;2016;No;Yes;10;NONE;NONE,NONE;NONE,NONE;VAN,PASSENGER CAR;VAN,PASSENGER CAR,SPORT UTILITY;VAN,PASSENGER CAR,SPORT UTILITY;VAN,PASSENGER CAR,SPORT UTILITY
24291;15 FEET FROM US 64 EAST;NO SPECIAL FEATURE;STRAIGHT,LEVEL;US ROUTE;TWO-WAY,DIVIDED,UNPROTECTED MEDIAN;SMOOTH ASPHALT;DRY;DAYLIGHT;CLEAR;NO CONTROL PRESENT;;;-78.798621;35.739011;;;0;1;;;;;NONE;;PASSENGER CAR;PASSENGER CAR;;;;NO;3668;2016-10-13;10:47 AM;2016-10-13T14:47:00+00:00;;2016;No;Yes;10;;NONE;NONE;PASSENGER CAR,PASSENGER CAR;PASSENGER CAR,PASSENGER CAR;PASSENGER CAR,PASSENGER CAR;PASSENGER CAR,PASSENGER CAR
24301;50 FEET FROM SR 1300 (KILDAIRE FARM RD);NO SPECIAL FEATURE;CURVE,LEVEL;STATE SECONDARY ROUTE;TWO-WAY,NOT DIVIDED;SMOOTH ASPHALT;DRY;DARK - LIGHTED ROADWAY;CLEAR;NO CONTROL PRESENT;35.775859601;-78.79072636;-78.78;35.783;P036;114;0;0;;;NONE;;NONE;;PASSENGER CAR;;;;;NO;3678;2016-10-14;10:37 PM;2016-10-15T02:37:00+00:00;35.775859601, -78.79072636;2016;No;No;10;NONE;NONE,NONE;NONE,NONE;PASSENGER CAR;PASSENGER CAR;PASSENGER CAR;PASSENGER CAR
24308;CARY;T-INTERSECTION;STRAIGHT,LEVEL;LOCAL STREET;TWO-WAY,NOT DIVIDED;SMOOTH ASPHALT;DRY;DAYLIGHT;CLEAR;STOP SIGN;35.822076142;-78.78909596;-78.7891;35.822;P022;111;0;0;;;;;NONE;;SPORT UTILITY;VAN;;;;NO;3685;2016-10-15;10:45 AM;2016-10-15T14:45:00+00:00;35.822076142, -78.78909596;2016;No;No;10;;NONE;NONE;SPORT UTILITY,VAN;SPORT UTILITY,VAN;SPORT UTILITY,VAN;SPORT UTILITY,VAN
24309;.03 MILES FROM US 64 HWY;RELATED TO INTERSECTION;STRAIGHT,LEVEL;US ROUTE;TWO-WAY,DIVIDED,UNPROTECTED MEDIAN;SMOOTH ASPHALT;DRY;DAYLIGHT;CLEAR;STOP AND GO SIGNAL;35.738696103;-78.79841368;-78.7956;35.7379;P041;116;0;0;1;;;;NONE;;PASSENGER CAR;PASSENGER CAR;;;;NO;3686;2016-10-15;1:09:47 PM;2016-10-15T17:09:47+00:00;35.738696103, -78.79841368;2016;No;No;10;;NONE;NONE;PASSENGER CAR,PASSENGER CAR;PASSENGER CAR,PASSENGER CAR;PASSENGER CAR,PASSENGER CAR;PASSENGER CAR,PASSENGER CAR
24312;.04 MILES FROM PVA 333 CROSSROADS BLVD;NO SPECIAL FEATURE;STRAIGHT,LEVEL;PUBLIC VEHICULAR AREA;TWO-WAY,NOT DIVIDED;SMOOTH ASPHALT;DRY;DUSK;CLEAR;NO CONTROL PRESENT;;;-78.738;35.7618;;;0;0;2;;;;NONE;;PICKUP;SPORT UTILITY;;;;NO;3689;2016-10-15;6:02:35 PM;2016-10-15T22:02:35+00:00;;2016;No;No;10;;NONE;NONE;PICKUP,SPORT UTILITY;PICKUP,SPORT UTILITY;PICKUP,SPORT UTILITY;PICKUP,SPORT UTILITY
24328;275 FEET FROM CONVENIENCE LN;NO SPECIAL FEATURE;CURVE,LEVEL;LOCAL STREET;TWO-WAY,NOT DIVIDED;SMOOTH ASPHALT;DRY;DAYLIGHT;CLEAR;NO CONTROL PRESENT;;;-78.89536;35.860044;;;0;0;;;NONE;;NONE;;VAN;PASSENGER CAR;;;;NO;3705;2016-10-17;1:32:55 PM;2016-10-17T17:32:55+00:00;;2016;No;No;10;NONE;NONE,NONE;NONE,NONE;VAN,PASSENGER CAR;VAN,PASSENGER CAR;VAN,PASSENGER CAR;VAN,PASSENGER CAR
24333;100 FEET FROM PVA OF 1393 KILDAIRE FARM RD;NO SPECIAL FEATURE;STRAIGHT,LEVEL;PUBLIC VEHICULAR AREA;TWO-WAY,NOT DIVIDED;SMOOTH ASPHALT;DRY;DAYLIGHT;CLEAR;NO CONTROL PRESENT;;;-78.782;35.7586;;;0;0;;;;;NONE;;SPORT UTILITY;PASSENGER CAR;;;;NO;3710;2016-10-17;3:43:04 PM;2016-10-17T19:43:04+00:00;;2016;No;No;10;;NONE;NONE;SPORT UTILITY,PASSENGER CAR;SPORT UTILITY,PASSENGER CAR;SPORT UTILITY,PASSENGER CAR;SPORT UTILITY,PASSENGER CAR
24341;250 FEET FROM PVA OF 1273 NW MAYNARD RD;DRIVEWAY, PUBLIC;STRAIGHT,LEVEL;PUBLIC VEHICULAR AREA;TWO-WAY,NOT DIVIDED;SMOOTH ASPHALT;DRY;DAYLIGHT;CLEAR;NO CONTROL PRESENT;35.783470538;-78.8100362;-78.8107;35.7854;P065;114;0;0;;;NONE;;NONE;;PASSENGER CAR;;;;;NO;3718;2016-10-18;8:39:13 AM;2016-10-18T12:39:13+00:00;35.783470538, -78.8100362;2016;No;No;10;NONE;NONE,NONE;NONE,NONE;PASSENGER CAR;PASSENGER CAR;PASSENGER CAR;PASSENGER CAR
24344;.14 MILES FROM PVA 6770 MCCRIMMON PKWY;NO SPECIAL FEATURE;STRAIGHT,LEVEL;PUBLIC VEHICULAR AREA;TWO-WAY,NOT DIVIDED;SMOOTH ASPHALT;DRY;DAYLIGHT;CLEAR;NO CONTROL PRESENT;;;-78.890531;35.830144;;;0;0;;;NONE;;NONE;;PASSENGER CAR;PASSENGER CAR;;;;NO;3721;2016-10-14;10:41 AM;2016-10-14T14:41:00+00:00;;2016;No;No;10;NONE;NONE,NONE;NONE,NONE;PASSENGER CAR,PASSENGER CAR;PASSENGER CAR,PASSENGER CAR;PASSENGER CAR,PASSENGER CAR;PASSENGER CAR,PASSENGER CAR
24347;20 FEET FROM PVA 8559 CHAPEL HILL RD;NO SPECIAL FEATURE;STRAIGHT,LEVEL;PUBLIC VEHICULAR AREA;TWO-WAY,NOT DIVIDED;SMOOTH ASPHALT;DRY;DAYLIGHT;CLEAR;NO CONTROL PRESENT;35.791705146;-78.78325017;-78.7825;35.7915;P032;113;0;0;1;;NONE;;NONE;;;;;;;NO;3724;2016-10-18;12:07 PM;2016-10-18T16:07:00+00:00;35.791705146, -78.78325017;2016;No;No;10;NONE;NONE,NONE;NONE,NONE;;;;
24348;300 FEET FROM WESTON PKWY;NO SPECIAL FEATURE;STRAIGHT,LEVEL;STATE SECONDARY ROUTE;TWO-WAY,DIVIDED,UNPROTECTED MEDIAN;SMOOTH ASPHALT;DRY;DARK - LIGHTED ROADWAY;CLEAR;NO CONTROL PRESENT;35.825522799;-78.80672215;-78.8068;35.8249;;111;0;0;;;;;NONE;;PICKUP;;;;;NO;3725;2016-10-18;5:44:50 AM;2016-10-18T09:44:50+00:00;35.825522799, -78.80672215;2016;No;No;10;;NONE;NONE;PICKUP;PICKUP;PICKUP;PICKUP