tamainid;location_description;rdfeature;rdcharacter;rdclass;rdconfigur;rdsurface;rdcondition;lightcond;weather;trafcontrl;lat;lon;lon2;lat2;tract;zone;fatality;possblinj;numpassengers;numpedestrians;contrcir1_desc;contrcir2_desc;contrcir3_desc;contrcir4_desc;vehicle1;vehicle2;vehicle3;vehicle4;vehicle5;workarea;records;ta_date;ta_time;crash_date;geo_location;year;fatalities;injuries;month;contrfact1;contrfact2;contributing_factor;vehicleconcat1;vehicleconcat2;vehicleconcat3;vehicle_type
27034;.5 MILES FROM US 1 HWY;ON-RAMP ENTRY;STRAIGHT,LEVEL;US ROUTE;TWO-WAY,DIVIDED,UNPROTECTED MEDIAN;COARSE ASPHALT;WET;DARK - LIGHTED ROADWAY;RAIN;NO CONTROL PRESENT;;;-78.7389;35.7648;;112;0;0;1;;;;NONE;;PASSENGER CAR;PASSENGER CAR;PASSENGER CAR;;;NO;4416;2016-12-04;9:47:13 PM;2016-12-05T02:47:13+00:00;;2016;No;No;12;;NONE;NONE;PASSENGER CAR,PASSENGER CAR;PASSENGER CAR,PASSENGER CAR,PASSENGER CAR;PASSENGER CAR,PASSENGER CAR,PASSENGER CAR;PASSENGER CAR,PASSENGER CAR,PASSENGER CAR
27036;.1 MILES FROM PVA OF 151 SE CARY PKWY;FOUR-WAY INTERSECTION;STRAIGHT,LEVEL;PUBLIC VEHICULAR AREA;TWO-WAY,NOT DIVIDED;SMOOTH ASPHALT;WET;DARK - LIGHTED ROADWAY;RAIN;STOP SIGN;;;-78.7815;35.7583;;;0;0;;;;;NONE;;PICKUP;SPORT UTILITY;;;;NO;4418;2016-12-04;5:01:09 PM;2016-12-04T22:01:09+00:00;;2016;No;No;12;;NONE;NONE;PICKUP,SPORT UTILITY;PICKUP,SPORT UTILITY;PICKUP,SPORT UTILITY;PICKUP,SPORT UTILITY
27042;.25 MILES FROM SR 1613 (DAVIS DR);NO SPECIAL FEATURE;STRAIGHT,LEVEL;STATE SECONDARY ROUTE;TWO-WAY,DIVIDED,POSITIVE MEDIAN BARRIER;SMOOTH ASPHALT;WET;DAYLIGHT;RAIN;NO CONTROL PRESENT;35.773717111;-78.84604471;-78.847088;35.787759;P071;117;0;0;;;NONE;;NONE;;SPORT UTILITY;;;;;NO;4424;2016-12-04;8:48:58 AM;2016-12-04T13:48:58+00:00;35.773717111, -78.84604471;2016;No;No;12;NONE;NONE,NONE;NONE,NONE;SPORT UTILITY;SPORT UTILITY;SPORT UTILITY;SPORT UTILITY
27044;CARY;FOUR-WAY INTERSECTION;STRAIGHT,LEVEL;STATE SECONDARY ROUTE;TWO-WAY,NOT DIVIDED;SMOOTH ASPHALT;DRY;DAYLIGHT;CLEAR;STOP AND GO SIGNAL;35.791730121;-78.78328254;-78.783;35.7912;P032;113;0;0;;;NONE;;NONE;;PICKUP;PICKUP;;;;NO;4426;2016-12-05;11:34 AM;2016-12-05T16:34:00+00:00;35.791730121, -78.78328254;2016;No;No;12;NONE;NONE,NONE;NONE,NONE;PICKUP,PICKUP;PICKUP,PICKUP;PICKUP,PICKUP;PICKUP,PICKUP
27045;CARY;NO SPECIAL FEATURE;STRAIGHT,LEVEL;STATE SECONDARY ROUTE;TWO-WAY,DIVIDED,UNPROTECTED MEDIAN;SMOOTH ASPHALT;DRY;DAYLIGHT;CLOUDY;NO CONTROL PRESENT;;;-78.7741;35.7914;;;0;0;;;NONE;;NONE;;PASSENGER CAR;PASSENGER CAR;;;;NO;4427;2016-12-05;4:22:42 PM;2016-12-05T21:22:42+00:00;;2016;No;No;12;NONE;NONE,NONE;NONE,NONE;PASSENGER CAR,PASSENGER CAR;PASSENGER CAR,PASSENGER CAR;PASSENGER CAR,PASSENGER CAR;PASSENGER CAR,PASSENGER CAR
27046;430 FEET FROM 1005 VILLAGE GREENWAY;DRIVEWAY, PUBLIC;CURVE,LEVEL;PUBLIC VEHICULAR AREA;TWO-WAY,NOT DIVIDED;SMOOTH ASPHALT;WET;DARK - LIGHTED ROADWAY;RAIN;NO CONTROL PRESENT;35.780859623;-78.76223337;-78.760941;35.780392;P057;120;0;1;;;NONE;;NONE;;PASSENGER CAR;PICKUP;PASSENGER CAR;PASSENGER CAR;;NO;4428;2016-11-30;6:30:57 PM;2016-11-30T23:30:57+00:00;35.780859623, -78.76223337;2016;No;Yes;11;NONE;NONE,NONE;NONE,NONE;PASSENGER CAR,PICKUP;PASSENGER CAR,PICKUP,PASSENGER CAR;PASSENGER CAR,PICKUP,PASSENGER CAR,PASSENGER CAR;PASSENGER CAR,PICKUP,PASSENGER CAR,PASSENGER CAR
27048;300 FEET FROM P.V.A. (329 N HARRISON AVE);DRIVEWAY, PUBLIC;STRAIGHT,LEVEL;PUBLIC VEHICULAR AREA;TWO-WAY,NOT DIVIDED;SMOOTH ASPHALT;WET;DARK - LIGHTED ROADWAY;RAIN;NO CONTROL PRESENT;35.79372823;-78.64389691;-78.7835;35.7901;P119;114;0;0;;;NONE;;NONE;;PICKUP;PASSENGER CAR;;;;NO;4430;2016-12-04;8:46:37 PM;2016-12-05T01:46:37+00:00;35.79372823, -78.64389691;2016;No;No;12;NONE;NONE,NONE;NONE,NONE;PICKUP,PASSENGER CAR;PICKUP,PASSENGER CAR;PICKUP,PASSENGER CAR;PICKUP,PASSENGER CAR
27053;.33 MILES FROM US HWY 64;NO SPECIAL FEATURE;STRAIGHT,LEVEL;US ROUTE;TWO-WAY,DIVIDED,UNPROTECTED MEDIAN;SMOOTH ASPHALT;DRY;DAYLIGHT;CLEAR;STOP AND GO SIGNAL;35.738714557;-78.79837573;-78.7992;35.739;;;0;0;;;;;NONE;;PASSENGER CAR;;;;;NO;4435;2016-12-05;2:38:19 PM;2016-12-05T19:38:19+00:00;35.738714557, -78.79837573;2016;No;No;12;;NONE;NONE;PASSENGER CAR;PASSENGER CAR;PASSENGER CAR;PASSENGER CAR
27057;0 FEET FROM SR 3977 (SE CARY PKWY);FOUR-WAY INTERSECTION;CURVE,HILLCREST;STATE SECONDARY ROUTE;TWO-WAY,DIVIDED,UNPROTECTED MEDIAN;SMOOTH ASPHALT;DRY;DARK - LIGHTED ROADWAY;CLEAR;STOP AND GO SIGNAL;;;-78.7567;35.7386;;118;1;0;;1;NOT VISIBLE (DARK CLOTHING, ETC.);FAILURE TO OBEY TRAFFIC SIGNS, SIGNALS;NONE;;PASSENGER CAR;;;;;NO;4439;2016-11-24;6:56:32 AM;2016-11-24T11:56:32+00:00;;2016;Yes;No;11;NOT VISIBLE (DARK CLOTHING, ETC.),FAILURE TO OBEY TRAFFIC SIGNS, SIGNALS;NOT VISIBLE (DARK CLOTHING, ETC.),FAILURE TO OBEY TRAFFIC SIGNS, SIGNALS,NONE;NOT VISIBLE (DARK CLOTHING,ETC.),FAILURE TO OBEY TRAFFIC SIGNS,SIGNALS,NONE;PASSENGER CAR;PASSENGER CAR;PASSENGER CAR;PASSENGER CAR
27064;150 FEET FROM S.R. 1415 (SW MAYNARD RD);RELATED TO INTERSECTION;STRAIGHT,LEVEL;STATE SECONDARY ROUTE;TWO-WAY,NOT DIVIDED;SMOOTH ASPHALT;WET;DARK - LIGHTED ROADWAY;RAIN;NO CONTROL PRESENT;35.77584768;-78.80144462;-78.8021;35.7761;P036;114;0;0;;;NONE;;NONE;;PASSENGER CAR;SPORT UTILITY;;;;NO;4446;2016-12-06;5:37:00 PM;2016-12-06T22:37:00+00:00;35.77584768, -78.80144462;2016;No;No;12;NONE;NONE,NONE;NONE,NONE;PASSENGER CAR,SPORT UTILITY;PASSENGER CAR,SPORT UTILITY;PASSENGER CAR,SPORT UTILITY;PASSENGER CAR,SPORT UTILITY
27065;25 FEET FROM SR 3977 (SW CARY PKWY);NO SPECIAL FEATURE;STRAIGHT,LEVEL;STATE SECONDARY ROUTE;TWO-WAY,DIVIDED,UNPROTECTED MEDIAN;SMOOTH ASPHALT;WET;DAYLIGHT;RAIN;NO CONTROL PRESENT;35.760410501;-78.82059838;-78.821;35.7606;P040;115;0;0;;;NONE;;NONE;;PASSENGER CAR;PASSENGER CAR;PASSENGER CAR;;;NO;4447;2016-12-06;3:28:21 PM;2016-12-06T20:28:21+00:00;35.760410501, -78.82059838;2016;No;No;12;NONE;NONE,NONE;NONE,NONE;PASSENGER CAR,PASSENGER CAR;PASSENGER CAR,PASSENGER CAR,PASSENGER CAR;PASSENGER CAR,PASSENGER CAR,PASSENGER CAR;PASSENGER CAR,PASSENGER CAR,PASSENGER CAR
27077;300 FEET FROM SR 1307 (W. CHATHAM ST.);NO SPECIAL FEATURE;STRAIGHT,LEVEL;STATE SECONDARY ROUTE;TWO-WAY,NOT DIVIDED;SMOOTH ASPHALT;WET;DAYLIGHT;RAIN;NO CONTROL PRESENT;35.786937033;-78.78585372;-78.786;35.786;P035;114;0;0;;;NONE;;NONE;;SPORT UTILITY;SPORT UTILITY;;;;NO;4459;2016-12-06;8:47:27 AM;2016-12-06T13:47:27+00:00;35.786937033, -78.78585372;2016;No;No;12;NONE;NONE,NONE;NONE,NONE;SPORT UTILITY,SPORT UTILITY;SPORT UTILITY,SPORT UTILITY;SPORT UTILITY,SPORT UTILITY;SPORT UTILITY,SPORT UTILITY
27084;35 FEET FROM 320 HILLIARD FOREST DR;NO SPECIAL FEATURE;STRAIGHT,LEVEL;LOCAL STREET;TWO-WAY,NOT DIVIDED;SMOOTH ASPHALT;DRY;DAYLIGHT;CLEAR;NO CONTROL PRESENT;35.801622875;-78.90067344;-78.9001;35.8011;P015;122;0;0;;;NONE;;NONE;;PASSENGER CAR;;;;;NO;4466;2016-11-30;2:42:02 PM;2016-11-30T19:42:02+00:00;35.801622875, -78.90067344;2016;No;No;11;NONE;NONE,NONE;NONE,NONE;PASSENGER CAR;PASSENGER CAR;PASSENGER CAR;PASSENGER CAR
27089;200 FEET FROM SR 1300 (WALNUT ST);NO SPECIAL FEATURE;STRAIGHT,LEVEL;STATE SECONDARY ROUTE;TWO-WAY,NOT DIVIDED;SMOOTH ASPHALT;DRY;DARK - LIGHTED ROADWAY;CLEAR;NO CONTROL PRESENT;;;-78.750334;35.764414;;;0;0;1;;NONE;;NONE;;PASSENGER CAR;SPORT UTILITY;;;;NO;4471;2016-12-07;5:53:33 PM;2016-12-07T22:53:33+00:00;;2016;No;No;12;NONE;NONE,NONE;NONE,NONE;PASSENGER CAR,SPORT UTILITY;PASSENGER CAR,SPORT UTILITY;PASSENGER CAR,SPORT UTILITY;PASSENGER CAR,SPORT UTILITY
27092;20 FEET FROM SR 1313 (WALNUT ST);NO SPECIAL FEATURE;STRAIGHT,LEVEL;STATE SECONDARY ROUTE;TWO-WAY,NOT DIVIDED;SMOOTH ASPHALT;DRY;DARK - LIGHTED ROADWAY;CLEAR;NO CONTROL PRESENT;;;-78.752082;35.764975;;;0;0;2;;NONE;;NONE;;PASSENGER CAR;SPORT UTILITY;PASSENGER CAR;;;NO;4474;2016-12-07;5:23:09 PM;2016-12-07T22:23:09+00:00;;2016;No;No;12;NONE;NONE,NONE;NONE,NONE;PASSENGER CAR,SPORT UTILITY;PASSENGER CAR,SPORT UTILITY,PASSENGER CAR;PASSENGER CAR,SPORT UTILITY,PASSENGER CAR;PASSENGER CAR,SPORT UTILITY,PASSENGER CAR
27097;10 FEET FROM W. CHATHAM ST.;;;;;;;;;;;;;;;;0;0;;;;;;;;;;;;;4479;2016-12-07;10:19 PM;2016-12-08T03:19:00+00:00;;2016;No;No;12;;;;;;;
27100;CARY;T-INTERSECTION;STRAIGHT,LEVEL;STATE SECONDARY ROUTE;TWO-WAY,NOT DIVIDED;SMOOTH ASPHALT;DRY;DAYLIGHT;CLEAR;STOP AND GO SIGNAL;35.829708141;-78.7685142;-78.7685;35.8297;P029;111;0;0;7;;NONE;;NONE;;SPORT UTILITY;VAN;PICKUP;;;NO;4482;2016-12-07;4:17:39 PM;2016-12-07T21:17:39+00:00;35.829708141, -78.7685142;2016;No;No;12;NONE;NONE,NONE;NONE,NONE;SPORT UTILITY,VAN;SPORT UTILITY,VAN,PICKUP;SPORT UTILITY,VAN,PICKUP;SPORT UTILITY,VAN,PICKUP
27102;255 FEET FROM P.V.A. (2010 KILDAIRE FARM RD);NO SPECIAL FEATURE;STRAIGHT,LEVEL;PUBLIC VEHICULAR AREA;ONE-WAY,NOT DIVIDED;SMOOTH ASPHALT;DRY;DAYLIGHT;CLEAR;NO CONTROL PRESENT;;;-78.78;35.73;;116;0;0;;;NONE;;NONE;;PASSENGER CAR;PASSENGER CAR;;;;NO;4484;2016-12-08;6:13:31 PM;2016-12-08T23:13:31+00:00;;2016;No;No;12;NONE;NONE,NONE;NONE,NONE;PASSENGER CAR,PASSENGER CAR;PASSENGER CAR,PASSENGER CAR;PASSENGER CAR,PASSENGER CAR;PASSENGER CAR,PASSENGER CAR
27110;.15 MILES FROM PVA 2010 KILDAIRE FARM RD;NO SPECIAL FEATURE;STRAIGHT,LEVEL;PUBLIC VEHICULAR AREA;TWO-WAY,NOT DIVIDED;SMOOTH ASPHALT;DRY;DAYLIGHT;CLEAR;NO CONTROL PRESENT;;;-78.7823;35.7374;;;0;0;;;NONE;;NONE;;PASSENGER CAR;PASSENGER CAR;;;;NO;4492;2016-12-08;1:00:10 PM;2016-12-08T18:00:10+00:00;;2016;No;No;12;NONE;NONE,NONE;NONE,NONE;PASSENGER CAR,PASSENGER CAR;PASSENGER CAR,PASSENGER CAR;PASSENGER CAR,PASSENGER CAR;PASSENGER CAR,PASSENGER CAR
27118;.12 MILES FROM PVA 6770 MCCRIMMON PKWY;NO SPECIAL FEATURE;STRAIGHT,LEVEL;PUBLIC VEHICULAR AREA;TWO-WAY,NOT DIVIDED;SMOOTH ASPHALT;DRY;DAYLIGHT;CLEAR;NO CONTROL PRESENT;;;-78.890665;35.830323;;;0;0;1;;NONE;;NONE;;SPORT UTILITY;PICKUP;;;;NO;4500;2016-12-09;11:43 AM;2016-12-09T16:43:00+00:00;;2016;No;No;12;NONE;NONE,NONE;NONE,NONE;SPORT UTILITY,PICKUP;SPORT UTILITY,PICKUP;SPORT UTILITY,PICKUP;SPORT UTILITY,PICKUP
27119;50 FEET FROM 1 HWY;NO SPECIAL FEATURE;STRAIGHT,LEVEL;US ROUTE;TWO-WAY,DIVIDED,POSITIVE MEDIAN BARRIER;GROOVED CONCRETE;DRY;DUSK;CLEAR;NO CONTROL PRESENT;35.748613249;-78.77190784;-78.771731;35.748747;;115;0;0;;;NONE;;NONE;;PASSENGER CAR;PASSENGER CAR;;;;NO;4501;2016-12-07;5:22:37 PM;2016-12-07T22:22:37+00:00;35.748613249, -78.77190784;2016;No;No;12;NONE;NONE,NONE;NONE,NONE;PASSENGER CAR,PASSENGER CAR;PASSENGER CAR,PASSENGER CAR;PASSENGER CAR,PASSENGER CAR;PASSENGER CAR,PASSENGER CAR
27124;300 FEET FROM WICKHAM PL;;;;;;;;;;35.797443382;-78.76696092;;;P031;113;0;0;;;;;;;PASSENGER CAR;;;;;;4506;2016-12-03;5:31:10 PM;2016-12-03T22:31:10+00:00;35.797443382, -78.76696092;2016;No;No;12;;;;PASSENGER CAR;PASSENGER CAR;PASSENGER CAR;PASSENGER CAR
27128;200 FEET FROM PVA SR#1625 GREEN LEVEL CHURCH;DRIVEWAY, PUBLIC;STRAIGHT,LEVEL;PUBLIC VEHICULAR AREA;TWO-WAY,NOT DIVIDED;SMOOTH ASPHALT;DRY;DAYLIGHT;CLEAR;NO CONTROL PRESENT;;;-78.900868;35.821199;;;0;1;;;NONE;;NONE;;SPORT UTILITY;SPORT UTILITY;;;;NO;4510;2016-12-10;2:08:21 PM;2016-12-10T19:08:21+00:00;;2016;No;Yes;12;NONE;NONE,NONE;NONE,NONE;SPORT UTILITY,SPORT UTILITY;SPORT UTILITY,SPORT UTILITY;SPORT UTILITY,SPORT UTILITY;SPORT UTILITY,SPORT UTILITY
27132;0.2 MILES FROM REGENCY PARKWAY;Y-INTERSECTION;CURVE,LEVEL;LOCAL STREET;TWO-WAY,DIVIDED,UNPROTECTED MEDIAN;SMOOTH ASPHALT;DRY;DARK - LIGHTED ROADWAY;CLOUDY;STOP SIGN;;;-78.789;35.7334;;;0;0;;;NONE;;NONE;;PASSENGER CAR;;;;;NO;4514;2016-12-11;12:57 AM;2016-12-11T05:57:00+00:00;;2016;No;No;12;NONE;NONE,NONE;NONE,NONE;PASSENGER CAR;PASSENGER CAR;PASSENGER CAR;PASSENGER CAR
27136;10 FEET FROM 270 GRANDE HEIGHTS DR;FOUR-WAY INTERSECTION;STRAIGHT,LEVEL;LOCAL STREET;TWO-WAY,DIVIDED,POSITIVE MEDIAN BARRIER;SMOOTH ASPHALT;DRY;DAYLIGHT;CLOUDY;STOP AND GO SIGNAL;35.804844009;-78.78291143;-78.7825;35.806;P032;113;0;0;;;NONE;;NONE;;PASSENGER CAR;PICKUP;;;;NO;4518;2016-11-29;2:12:03 PM;2016-11-29T19:12:03+00:00;35.804844009, -78.78291143;2016;No;No;11;NONE;NONE,NONE;NONE,NONE;PASSENGER CAR,PICKUP;PASSENGER CAR,PICKUP;PASSENGER CAR,PICKUP;PASSENGER CAR,PICKUP
27138;CARY;RELATED TO INTERSECTION;STRAIGHT,LEVEL;STATE SECONDARY ROUTE;TWO-WAY,DIVIDED,UNPROTECTED MEDIAN;COARSE ASPHALT;DRY;DAYLIGHT;CLEAR;NO CONTROL PRESENT;;;-78.7893;35.7935;;;0;0;1;;;;NONE;;SPORT UTILITY;PASSENGER CAR;PASSENGER CAR;;;NO;4520;2016-12-10;7:47:22 AM;2016-12-10T12:47:22+00:00;;2016;No;No;12;;NONE;NONE;SPORT UTILITY,PASSENGER CAR;SPORT UTILITY,PASSENGER CAR,PASSENGER CAR;SPORT UTILITY,PASSENGER CAR,PASSENGER CAR;SPORT UTILITY,PASSENGER CAR,PASSENGER CAR
27139;150 FEET FROM JO ANNE CIR;NO SPECIAL FEATURE;STRAIGHT,LEVEL;PUBLIC VEHICULAR AREA;UNKNOWN;COARSE ASPHALT;DRY;DAYLIGHT;CLEAR;NO CONTROL PRESENT;;;-78.804876;35.776376;;;0;0;;;;;NONE;;SPORT UTILITY;SPORT UTILITY;;;;NO;4521;2016-12-10;9:04:32 AM;2016-12-10T14:04:32+00:00;;2016;No;No;12;;NONE;NONE;SPORT UTILITY,SPORT UTILITY;SPORT UTILITY,SPORT UTILITY;SPORT UTILITY,SPORT UTILITY;SPORT UTILITY,SPORT UTILITY
27142;0 FEET FROM SR 1370 (TRYON RD);NO SPECIAL FEATURE;STRAIGHT,LEVEL;STATE SECONDARY ROUTE;TWO-WAY,DIVIDED,POSITIVE MEDIAN BARRIER;SMOOTH ASPHALT;DRY;DAYLIGHT;CLEAR;STOP AND GO SIGNAL;;;-78.7868;35.7367;;;0;0;;;NONE;;NONE;;PASSENGER CAR;PASSENGER CAR;;;;NO;4524;2016-12-09;2:34:28 PM;2016-12-09T19:34:28+00:00;;2016;No;No;12;NONE;NONE,NONE;NONE,NONE;PASSENGER CAR,PASSENGER CAR;PASSENGER CAR,PASSENGER CAR;PASSENGER CAR,PASSENGER CAR;PASSENGER CAR,PASSENGER CAR
27143;1 MILES FROM CROSSROADS BLVD;DRIVEWAY, PUBLIC;STRAIGHT,LEVEL;LOCAL STREET;TWO-WAY,DIVIDED,UNPROTECTED MEDIAN;SMOOTH ASPHALT;DRY;DAYLIGHT;CLEAR;NO CONTROL PRESENT;35.761266214;-78.7418746;-78.74183;35.761455;P120;118;0;0;;;NONE;;NONE;;SPORT UTILITY;SPORT UTILITY;;;;NO;4525;2016-12-09;5:11:52 PM;2016-12-09T22:11:52+00:00;35.761266214, -78.7418746;2016;No;No;12;NONE;NONE,NONE;NONE,NONE;SPORT UTILITY,SPORT UTILITY;SPORT UTILITY,SPORT UTILITY;SPORT UTILITY,SPORT UTILITY;SPORT UTILITY,SPORT UTILITY
27147;150 FEET FROM APPLE DOWN DR;DRIVEWAY, PUBLIC;STRAIGHT,LEVEL;PUBLIC VEHICULAR AREA;TWO-WAY,NOT DIVIDED;SMOOTH ASPHALT;DRY;DAYLIGHT;CLEAR;NO CONTROL PRESENT;;;-78.771003;35.802153;;;0;0;;;NONE;;NONE;;UNKNOWN;PASSENGER CAR;;;;NO;4529;2016-12-09;7:01:52 PM;2016-12-10T00:01:52+00:00;;2016;No;No;12;NONE;NONE,NONE;NONE,NONE;UNKNOWN,PASSENGER CAR;UNKNOWN,PASSENGER CAR;UNKNOWN,PASSENGER CAR;UNKNOWN,PASSENGER CAR
27154;150 FEET FROM PVA 100 CRESCENT COMMONS DR;NO SPECIAL FEATURE;STRAIGHT,LEVEL;PUBLIC VEHICULAR AREA;TWO-WAY,NOT DIVIDED;SMOOTH ASPHALT;WET;DARK - LIGHTED ROADWAY;CLEAR;STOP SIGN;;;-78.7797;35.7349;;;0;0;;;NONE;;NONE;;PASSENGER CAR;PASSENGER CAR;;;;NO;4536;2016-12-10;6:23:15 PM;2016-12-10T23:23:15+00:00;;2016;No;No;12;NONE;NONE,NONE;NONE,NONE;PASSENGER CAR,PASSENGER CAR;PASSENGER CAR,PASSENGER CAR;PASSENGER CAR,PASSENGER CAR;PASSENGER CAR,PASSENGER CAR
27164;CARY;NO SPECIAL FEATURE;STRAIGHT,LEVEL;STATE SECONDARY ROUTE;TWO-WAY,DIVIDED,UNPROTECTED MEDIAN;CONCRETE;DRY;DAYLIGHT;FOG, SMOG, SMOKE;STOP SIGN;35.81242213;-78.77270637;-78.7726;35.812;P030;113;0;2;;;;;NONE;;PASSENGER CAR;PASSENGER CAR;;;;NO;4546;2016-12-12;8:55:50 AM;2016-12-12T13:55:50+00:00;35.81242213, -78.77270637;2016;No;Yes;12;;NONE;NONE;PASSENGER CAR,PASSENGER CAR;PASSENGER CAR,PASSENGER CAR;PASSENGER CAR,PASSENGER CAR;PASSENGER CAR,PASSENGER CAR
27165;2 MILES FROM US 1 HWY;OFF-RAMP PROPER;STRAIGHT,LEVEL;US ROUTE;TWO-WAY,DIVIDED,UNPROTECTED MEDIAN;SMOOTH ASPHALT;DRY;DAYLIGHT;CLEAR;STOP AND GO SIGNAL;;;-78.75132;35.759214;;;0;0;;;NONE;;NONE;;PICKUP;SPORT UTILITY;;;;NO;4547;2016-12-12;9:26:24 AM;2016-12-12T14:26:24+00:00;;2016;No;No;12;NONE;NONE,NONE;NONE,NONE;PICKUP,SPORT UTILITY;PICKUP,SPORT UTILITY;PICKUP,SPORT UTILITY;PICKUP,SPORT UTILITY
27167;100 FEET FROM PVA 1151 TRYON VILLAGE DR;NO SPECIAL FEATURE;STRAIGHT,LEVEL;PUBLIC VEHICULAR AREA;TWO-WAY,NOT DIVIDED;SMOOTH ASPHALT;DRY;DAYLIGHT;CLEAR;NO CONTROL PRESENT;;;-78.7438;35.7461;;;0;0;;;;;NONE;;PICKUP;SPORT UTILITY;;;;NO;4549;2016-12-03;4:04:10 PM;2016-12-03T21:04:10+00:00;;2016;No;No;12;;NONE;NONE;PICKUP,SPORT UTILITY;PICKUP,SPORT UTILITY;PICKUP,SPORT UTILITY;PICKUP,SPORT UTILITY
27171;CARY;NO SPECIAL FEATURE;STRAIGHT,LEVEL;STATE SECONDARY ROUTE;TWO-WAY,NOT DIVIDED;SMOOTH ASPHALT;DRY;DUSK;CLEAR;NO CONTROL PRESENT;35.785682976;-78.82150579;-78.8213;35.7856;P065;114;0;2;3;;NONE;;NONE;;PASSENGER CAR;PASSENGER CAR;;;;NO;4553;2016-12-11;5:50:39 PM;2016-12-11T22:50:39+00:00;35.785682976, -78.82150579;2016;No;Yes;12;NONE;NONE,NONE;NONE,NONE;PASSENGER CAR,PASSENGER CAR;PASSENGER CAR,PASSENGER CAR;PASSENGER CAR,PASSENGER CAR;PASSENGER CAR,PASSENGER CAR
27172;200 FEET FROM SR 1011 (E CHATHAM ST);NO SPECIAL FEATURE;STRAIGHT,GRADE;STATE SECONDARY ROUTE;TWO-WAY,DIVIDED,UNPROTECTED MEDIAN;SMOOTH ASPHALT;DRY;DAYLIGHT;CLEAR;NO CONTROL PRESENT;35.792027489;-78.76378666;-78.7631;35.7917;P055;120;0;0;;;NONE;;NONE;;PICKUP;;;;;NO;4554;2016-12-12;12:41 PM;2016-12-12T17:41:00+00:00;35.792027489, -78.76378666;2016;No;No;12;NONE;NONE,NONE;NONE,NONE;PICKUP;PICKUP;PICKUP;PICKUP
27173;CARY;;;;;;;;;;35.81242213;-78.77270637;;;P030;113;0;0;;;;;;;;;;;;;4555;2016-12-12;1:50:16 PM;2016-12-12T18:50:16+00:00;35.81242213, -78.77270637;2016;No;No;12;;;;;;;
27180;499 FEET FROM NC 55 HWY;NO SPECIAL FEATURE;STRAIGHT,LEVEL;NC ROUTE;TWO-WAY,NOT DIVIDED;SMOOTH ASPHALT;WET;DARK - LIGHTED ROADWAY;CLEAR;NO CONTROL PRESENT;35.794647694;-78.8705187;-78.8705;35.7929;P091;WAKE;0;0;;;NONE;;NONE;;SPORT UTILITY;;;;;NO;4562;2016-12-12;4:22:59 AM;2016-12-12T09:22:59+00:00;35.794647694, -78.8705187;2016;No;No;12;NONE;NONE,NONE;NONE,NONE;SPORT UTILITY;SPORT UTILITY;SPORT UTILITY;SPORT UTILITY
27195;145 FEET FROM SR 1600 GREEN LEVEL CHURCH RD;NO SPECIAL FEATURE;STRAIGHT,GRADE;STATE SECONDARY ROUTE;TWO-WAY,DIVIDED,UNPROTECTED MEDIAN;SMOOTH ASPHALT;WET;DARK - ROADWAY NOT LIGHTED;RAIN;NO CONTROL PRESENT;35.838123349;-78.89977415;-78.8998;35.8381;P076;119;0;1;;;NONE;;NONE;;PASSENGER CAR;SPORT UTILITY;PASSENGER CAR;;;NO;4577;2016-12-13;5:07:41 PM;2016-12-13T22:07:41+00:00;35.838123349, -78.89977415;2016;No;Yes;12;NONE;NONE,NONE;NONE,NONE;PASSENGER CAR,SPORT UTILITY;PASSENGER CAR,SPORT UTILITY,PASSENGER CAR;PASSENGER CAR,SPORT UTILITY,PASSENGER CAR;PASSENGER CAR,SPORT UTILITY,PASSENGER CAR
27203;15 FEET FROM SR 1300 (KILDAIRE FARM RD);FOUR-WAY INTERSECTION;STRAIGHT,LEVEL;STATE SECONDARY ROUTE;TWO-WAY,NOT DIVIDED;SMOOTH ASPHALT;DRY;DAYLIGHT;CLOUDY;STOP AND GO SIGNAL;35.764861468;-78.78348136;-78.7831;35.7651;P027;112;0;0;;;NONE;;NONE;;PASSENGER CAR;;;;;NO;4585;2016-12-14;7:44:53 AM;2016-12-14T12:44:53+00:00;35.764861468, -78.78348136;2016;No;No;12;NONE;NONE,NONE;NONE,NONE;PASSENGER CAR;PASSENGER CAR;PASSENGER CAR;PASSENGER CAR
27205;CARY;FOUR-WAY INTERSECTION;STRAIGHT,GRADE;STATE SECONDARY ROUTE;TWO-WAY,DIVIDED,POSITIVE MEDIAN BARRIER;SMOOTH ASPHALT;DRY;DAYLIGHT;CLEAR;STOP AND GO SIGNAL;35.809846444;-78.78117072;-78.7813;35.81;P030;113;0;0;;;NONE;;NONE;;PASSENGER CAR;PASSENGER CAR;;;;NO;4587;2016-12-14;8:22:18 AM;2016-12-14T13:22:18+00:00;35.809846444, -78.78117072;2016;No;No;12;NONE;NONE,NONE;NONE,NONE;PASSENGER CAR,PASSENGER CAR;PASSENGER CAR,PASSENGER CAR;PASSENGER CAR,PASSENGER CAR;PASSENGER CAR,PASSENGER CAR