tamainid;location_description;rdfeature;rdcharacter;rdclass;rdconfigur;rdsurface;rdcondition;lightcond;weather;trafcontrl;lat;lon;lon2;lat2;tract;zone;fatality;possblinj;numpassengers;numpedestrians;contrcir1_desc;contrcir2_desc;contrcir3_desc;contrcir4_desc;vehicle1;vehicle2;vehicle3;vehicle4;vehicle5;workarea;records;ta_date;ta_time;crash_date;geo_location;year;fatalities;injuries;month;contrfact1;contrfact2;contributing_factor;vehicleconcat1;vehicleconcat2;vehicleconcat3;vehicle_type
27206;50 FEET FROM SR 1011 (E CHATHAM ST);NO SPECIAL FEATURE;STRAIGHT,LEVEL;STATE SECONDARY ROUTE;TWO-WAY,DIVIDED,UNPROTECTED MEDIAN;SMOOTH ASPHALT;DRY;DAYLIGHT;CLEAR;NO CONTROL PRESENT;35.789652558;-78.74864159;-78.76324;35.792038;P002;120;0;0;1;;NONE;;NONE;;PASSENGER CAR;SPORT UTILITY;;;;NO;4588;2016-12-14;8:43:39 AM;2016-12-14T13:43:39+00:00;35.789652558, -78.74864159;2016;No;No;12;NONE;NONE,NONE;NONE,NONE;PASSENGER CAR,SPORT UTILITY;PASSENGER CAR,SPORT UTILITY;PASSENGER CAR,SPORT UTILITY;PASSENGER CAR,SPORT UTILITY
27211;1 MILES FROM US 1;NO SPECIAL FEATURE;STRAIGHT,LEVEL;US ROUTE;TWO-WAY,DIVIDED,POSITIVE MEDIAN BARRIER;SMOOTH ASPHALT;DRY;DARK - ROADWAY NOT LIGHTED;CLEAR;NO CONTROL PRESENT;;;-78.782;35.7432;;;0;0;;;NONE;;NONE;;PASSENGER CAR;PASSENGER CAR;PASSENGER CAR;;;NO;4593;2016-12-14;5:32:13 PM;2016-12-14T22:32:13+00:00;;2016;No;No;12;NONE;NONE,NONE;NONE,NONE;PASSENGER CAR,PASSENGER CAR;PASSENGER CAR,PASSENGER CAR,PASSENGER CAR;PASSENGER CAR,PASSENGER CAR,PASSENGER CAR;PASSENGER CAR,PASSENGER CAR,PASSENGER CAR
27215;.10 MILES FROM SR 1312 ( S. ACADEMY ST );NO SPECIAL FEATURE;STRAIGHT,LEVEL;STATE SECONDARY ROUTE;TWO-WAY,NOT DIVIDED;SMOOTH ASPHALT;DRY;DAYLIGHT;CLOUDY;NO CONTROL PRESENT;35.786227059;-78.78085406;-78.7811;35.7854;P059;120;0;0;2;;NONE;;NONE;;PASSENGER CAR;;;;;NO;4597;2016-12-14;12:37 PM;2016-12-14T17:37:00+00:00;35.786227059, -78.78085406;2016;No;No;12;NONE;NONE,NONE;NONE,NONE;PASSENGER CAR;PASSENGER CAR;PASSENGER CAR;PASSENGER CAR
27231;150 FEET FROM 1103 PARKSIDE MAIN ST;NO SPECIAL FEATURE;STRAIGHT,LEVEL;PUBLIC VEHICULAR AREA;TWO-WAY,NOT DIVIDED;SMOOTH ASPHALT;DRY;DAYLIGHT;CLEAR;NO CONTROL PRESENT;35.851161017;-78.89248437;-78.8898;35.847;P074;119;0;0;;;NONE;;NONE;;UNKNOWN;PASSENGER CAR;;;;NO;4613;2016-12-15;3:58:10 PM;2016-12-15T20:58:10+00:00;35.851161017, -78.89248437;2016;No;No;12;NONE;NONE,NONE;NONE,NONE;UNKNOWN,PASSENGER CAR;UNKNOWN,PASSENGER CAR;UNKNOWN,PASSENGER CAR;UNKNOWN,PASSENGER CAR
27233;CARY;T-INTERSECTION;STRAIGHT,LEVEL;STATE SECONDARY ROUTE;TWO-WAY,NOT DIVIDED;SMOOTH ASPHALT;DRY;DARK - LIGHTED ROADWAY;FOG, SMOG, SMOKE;STOP SIGN;;;-78.9134;35.8015;;;0;0;;;NONE;;NONE;;PASSENGER CAR;;;;;NO;4615;2016-12-18;2:03:41 AM;2016-12-18T07:03:41+00:00;;2016;No;No;12;NONE;NONE,NONE;NONE,NONE;PASSENGER CAR;PASSENGER CAR;PASSENGER CAR;PASSENGER CAR
27238;150 FEET FROM SR 1307 (E CHATHAM ST);NO SPECIAL FEATURE;CURVE,GRADE;STATE SECONDARY ROUTE;TWO-WAY,DIVIDED,UNPROTECTED MEDIAN;SMOOTH ASPHALT;DRY;DAYLIGHT;CLOUDY;NO CONTROL PRESENT;;;-78.7568;35.7908;;;0;0;;;NONE;;NONE;;PASSENGER CAR;PASSENGER CAR;;;;NO;4620;2016-12-16;2:24:28 PM;2016-12-16T19:24:28+00:00;;2016;No;No;12;NONE;NONE,NONE;NONE,NONE;PASSENGER CAR,PASSENGER CAR;PASSENGER CAR,PASSENGER CAR;PASSENGER CAR,PASSENGER CAR;PASSENGER CAR,PASSENGER CAR
27239;CARY;FOUR-WAY INTERSECTION;STRAIGHT,LEVEL;STATE SECONDARY ROUTE;TWO-WAY,NOT DIVIDED;SMOOTH ASPHALT;DRY;DUSK;CLEAR;STOP AND GO SIGNAL;;;-78.7822;35.7692;;;0;0;;;NONE;;NONE;;PASSENGER CAR;PASSENGER CAR;;;;NO;4621;2016-12-16;4:44:33 PM;2016-12-16T21:44:33+00:00;;2016;No;No;12;NONE;NONE,NONE;NONE,NONE;PASSENGER CAR,PASSENGER CAR;PASSENGER CAR,PASSENGER CAR;PASSENGER CAR,PASSENGER CAR;PASSENGER CAR,PASSENGER CAR
27243;350 FEET FROM US 64 E HWY;NO SPECIAL FEATURE;STRAIGHT,LEVEL;US ROUTE;TWO-WAY,DIVIDED,UNPROTECTED MEDIAN;SMOOTH ASPHALT;WET;DARK - LIGHTED ROADWAY;RAIN;NO CONTROL PRESENT;;;-78.7963;35.7382;;;0;0;1;;NONE;;NONE;;SPORT UTILITY;SPORT UTILITY;;;;NO;4625;2016-12-18;9:24:59 PM;2016-12-19T02:24:59+00:00;;2016;No;No;12;NONE;NONE,NONE;NONE,NONE;SPORT UTILITY,SPORT UTILITY;SPORT UTILITY,SPORT UTILITY;SPORT UTILITY,SPORT UTILITY;SPORT UTILITY,SPORT UTILITY
27250;CARY;NO SPECIAL FEATURE;STRAIGHT,LEVEL;STATE SECONDARY ROUTE;TWO-WAY,DIVIDED,POSITIVE MEDIAN BARRIER;SMOOTH ASPHALT;DRY;DAYLIGHT;CLEAR;STOP AND GO SIGNAL;;;-78.776256;35.741247;;;0;0;;;NONE;;NONE;;SPORT UTILITY;PICKUP;;;;NO;4632;2016-12-16;9:25:07 PM;2016-12-17T02:25:07+00:00;;2016;No;No;12;NONE;NONE,NONE;NONE,NONE;SPORT UTILITY,PICKUP;SPORT UTILITY,PICKUP;SPORT UTILITY,PICKUP;SPORT UTILITY,PICKUP
27251;CARY;RELATED TO INTERSECTION;STRAIGHT,GRADE;LOCAL STREET;TWO-WAY,NOT DIVIDED;SMOOTH ASPHALT;DRY;DARK - LIGHTED ROADWAY;CLEAR;STOP SIGN;35.771991814;-78.75478728;-78.75;35.77;P003;112;0;0;;;NONE;;NONE;;PASSENGER CAR;SPORT UTILITY;;;;NO;4633;2016-12-16;9:26:17 PM;2016-12-17T02:26:17+00:00;35.771991814, -78.75478728;2016;No;No;12;NONE;NONE,NONE;NONE,NONE;PASSENGER CAR,SPORT UTILITY;PASSENGER CAR,SPORT UTILITY;PASSENGER CAR,SPORT UTILITY;PASSENGER CAR,SPORT UTILITY
27253;.1 MILES FROM US 1;BRIDGE;CURVE,HILLCREST;US ROUTE;ONE-WAY,NOT DIVIDED;GROOVED CONCRETE;ICE;DAYLIGHT;CLOUDY;NO CONTROL PRESENT;;;-78.7447;35.7625;;;0;0;;;;;COMING FROM BEHIND PARKED VEHICLE;;SPORT UTILITY;PASSENGER CAR;PASSENGER CAR;;;NO;4635;2016-12-17;7:02:46 AM;2016-12-17T12:02:46+00:00;;2016;No;No;12;;COMING FROM BEHIND PARKED VEHICLE;COMING FROM BEHIND PARKED VEHICLE;SPORT UTILITY,PASSENGER CAR;SPORT UTILITY,PASSENGER CAR,PASSENGER CAR;SPORT UTILITY,PASSENGER CAR,PASSENGER CAR;SPORT UTILITY,PASSENGER CAR,PASSENGER CAR
27264;300 FEET FROM SR 1313 (WALNUT ST);NO SPECIAL FEATURE;STRAIGHT,LEVEL;STATE SECONDARY ROUTE;TWO-WAY,DIVIDED,UNPROTECTED MEDIAN;COARSE ASPHALT;DRY;DARK - LIGHTED ROADWAY;CLEAR;NO CONTROL PRESENT;;;-78.742658;35.759437;;118;0;2;1;;NONE;;NONE;;PASSENGER CAR;PASSENGER CAR;PICKUP;;;NO;4646;2016-12-16;6:31:46 PM;2016-12-16T23:31:46+00:00;;2016;No;Yes;12;NONE;NONE,NONE;NONE,NONE;PASSENGER CAR,PASSENGER CAR;PASSENGER CAR,PASSENGER CAR,PICKUP;PASSENGER CAR,PASSENGER CAR,PICKUP;PASSENGER CAR,PASSENGER CAR,PICKUP
27266;50 FEET FROM NC 54 (CHAPEL HILL RD);NO SPECIAL FEATURE;STRAIGHT,LEVEL;NC ROUTE;TWO-WAY,NOT DIVIDED;SMOOTH ASPHALT;DRY;DUSK;CLEAR;NO CONTROL PRESENT;;;-78.804;35.8016;;;0;0;;;NONE;;NONE;;SPORT UTILITY;PASSENGER CAR;;;;NO;4648;2016-12-16;4:32:52 PM;2016-12-16T21:32:52+00:00;;2016;No;No;12;NONE;NONE,NONE;NONE,NONE;SPORT UTILITY,PASSENGER CAR;SPORT UTILITY,PASSENGER CAR;SPORT UTILITY,PASSENGER CAR;SPORT UTILITY,PASSENGER CAR
27267;CARY;NO SPECIAL FEATURE;STRAIGHT,LEVEL;PUBLIC VEHICULAR AREA;TWO-WAY,NOT DIVIDED;SMOOTH ASPHALT;DRY;DAYLIGHT;CLEAR;NO CONTROL PRESENT;;;-78.7837;35.835;;;0;0;;;NONE;;NONE;;PASSENGER CAR;PASSENGER CAR;;;;NO;4649;2016-12-14;2:47:52 PM;2016-12-14T19:47:52+00:00;;2016;No;No;12;NONE;NONE,NONE;NONE,NONE;PASSENGER CAR,PASSENGER CAR;PASSENGER CAR,PASSENGER CAR;PASSENGER CAR,PASSENGER CAR;PASSENGER CAR,PASSENGER CAR
27279;200 FEET FROM SR3073 NW MAYNARD RD;NO SPECIAL FEATURE;STRAIGHT,LEVEL;STATE SECONDARY ROUTE;TWO-WAY,DIVIDED,UNPROTECTED MEDIAN;SMOOTH ASPHALT;WET;DAYLIGHT;CLOUDY;NO CONTROL PRESENT;;;-78.7842;35.8022;;111;0;0;2;;;;NONE;;PASSENGER CAR;SPORT UTILITY;;;;NO;4661;2016-12-19;9:35:58 AM;2016-12-19T14:35:58+00:00;;2016;No;No;12;;NONE;NONE;PASSENGER CAR,SPORT UTILITY;PASSENGER CAR,SPORT UTILITY;PASSENGER CAR,SPORT UTILITY;PASSENGER CAR,SPORT UTILITY
27288;180 FEET FROM PVA 2010 KILDAIRE FARM RD;NO SPECIAL FEATURE;STRAIGHT,GRADE;PUBLIC VEHICULAR AREA;TWO-WAY,NOT DIVIDED;SMOOTH ASPHALT;WET;DAYLIGHT;CLOUDY;NO CONTROL PRESENT;35.737272111;-78.78216601;-78.7819;35.7373;P053;116;0;0;;;;;NONE;;SPORT UTILITY;VAN;;;;NO;4670;2016-12-19;10:19 AM;2016-12-19T15:19:00+00:00;35.737272111, -78.78216601;2016;No;No;12;;NONE;NONE;SPORT UTILITY,VAN;SPORT UTILITY,VAN;SPORT UTILITY,VAN;SPORT UTILITY,VAN
27293;0 FEET FROM NC 54 CHAPEL HILL RD;RELATED TO INTERSECTION;STRAIGHT,LEVEL;NC ROUTE;TWO-WAY,DIVIDED,UNPROTECTED MEDIAN;SMOOTH ASPHALT;WET;DAYLIGHT;CLOUDY;STOP AND GO SIGNAL;;;-78.763499;35.795172;;113;0;0;1;;;;NONE;;VAN;PASSENGER CAR;SPORT UTILITY;;;NO;4675;2016-12-19;11:57 AM;2016-12-19T16:57:00+00:00;;2016;No;No;12;;NONE;NONE;VAN,PASSENGER CAR;VAN,PASSENGER CAR,SPORT UTILITY;VAN,PASSENGER CAR,SPORT UTILITY;VAN,PASSENGER CAR,SPORT UTILITY
27296;CARY;T-INTERSECTION;STRAIGHT,LEVEL;STATE SECONDARY ROUTE;TWO-WAY,NOT DIVIDED;SMOOTH ASPHALT;WET;DARK - LIGHTED ROADWAY;RAIN;NO CONTROL PRESENT;;;-78.805;35.8041;;;0;0;2;;NONE;;NONE;;PASSENGER CAR;PASSENGER CAR;;;;NO;4678;2016-12-18;5:50:39 PM;2016-12-18T22:50:39+00:00;;2016;No;No;12;NONE;NONE,NONE;NONE,NONE;PASSENGER CAR,PASSENGER CAR;PASSENGER CAR,PASSENGER CAR;PASSENGER CAR,PASSENGER CAR;PASSENGER CAR,PASSENGER CAR
27298;50 FEET FROM 1381 SE MAYNARD RD;NO SPECIAL FEATURE;STRAIGHT,LEVEL;PUBLIC VEHICULAR AREA;TWO-WAY,NOT DIVIDED;SMOOTH ASPHALT;DRY;DAYLIGHT;CLOUDY;NO CONTROL PRESENT;;;-78.7642;35.7886;;;0;0;;;;;NONE;;PASSENGER CAR;SPORT UTILITY;;;;NO;4680;2016-12-19;4:00:19 PM;2016-12-19T21:00:19+00:00;;2016;No;No;12;;NONE;NONE;PASSENGER CAR,SPORT UTILITY;PASSENGER CAR,SPORT UTILITY;PASSENGER CAR,SPORT UTILITY;PASSENGER CAR,SPORT UTILITY
27302;125 FEET FROM PVA (GRANDE CLASSIC WAY);NO SPECIAL FEATURE;STRAIGHT,LEVEL;PUBLIC VEHICULAR AREA;TWO-WAY,NOT DIVIDED;SMOOTH ASPHALT;WET;DARK - LIGHTED ROADWAY;CLEAR;NO CONTROL PRESENT;;;-78.7859;35.8037;;;0;0;;;NONE;;NONE;;PASSENGER CAR;PASSENGER CAR;;;;NO;4684;2016-12-18;9:28:23 PM;2016-12-19T02:28:23+00:00;;2016;No;No;12;NONE;NONE,NONE;NONE,NONE;PASSENGER CAR,PASSENGER CAR;PASSENGER CAR,PASSENGER CAR;PASSENGER CAR,PASSENGER CAR;PASSENGER CAR,PASSENGER CAR
27316;15 FEET FROM PVA OF 7317 TRYON RD;DRIVEWAY, PUBLIC;STRAIGHT,LEVEL;PUBLIC VEHICULAR AREA;TWO-WAY,NOT DIVIDED;SMOOTH ASPHALT;DRY;DAYLIGHT;CLOUDY;NO CONTROL PRESENT;35.733572561;-78.78746615;-78.7863;35.7364;P053;116;0;0;;;NONE;;NONE;;SPORT UTILITY;SPORT UTILITY;;;;NO;4698;2016-12-20;2:40:56 PM;2016-12-20T19:40:56+00:00;35.733572561, -78.78746615;2016;No;No;12;NONE;NONE,NONE;NONE,NONE;SPORT UTILITY,SPORT UTILITY;SPORT UTILITY,SPORT UTILITY;SPORT UTILITY,SPORT UTILITY;SPORT UTILITY,SPORT UTILITY
27322;20 FEET FROM US 1 S OFF RAMP;RELATED TO INTERSECTION;STRAIGHT,LEVEL;US ROUTE;ONE-WAY,NOT DIVIDED;SMOOTH ASPHALT;DRY;DAYLIGHT;CLEAR;STOP AND GO SIGNAL;;;-78.794397;35.737972;;;0;0;1;;;;NONE;;PICKUP;PASSENGER CAR;;;;NO;4704;2016-12-20;11:29 AM;2016-12-20T16:29:00+00:00;;2016;No;No;12;;NONE;NONE;PICKUP,PASSENGER CAR;PICKUP,PASSENGER CAR;PICKUP,PASSENGER CAR;PICKUP,PASSENGER CAR
27323;123 FEET FROM PVA ( 1803 N. HARRISON AVE );DRIVEWAY, PUBLIC;STRAIGHT,LEVEL;PUBLIC VEHICULAR AREA;ONE-WAY,NOT DIVIDED;SMOOTH ASPHALT;DRY;DAYLIGHT;CLOUDY;NO CONTROL PRESENT;35.829338703;-78.76963824;-78.7696;35.829;P029;111;0;0;;;NONE;;NONE;;PASSENGER CAR;VAN;;;;NO;4705;2016-12-16;12:00 PM;2016-12-16T17:00:00+00:00;35.829338703, -78.76963824;2016;No;No;12;NONE;NONE,NONE;NONE,NONE;PASSENGER CAR,VAN;PASSENGER CAR,VAN;PASSENGER CAR,VAN;PASSENGER CAR,VAN
27328;.10 MILES FROM P.V.A. OF 938 KILDAIRE FARM RD;NO SPECIAL FEATURE;STRAIGHT,LEVEL;PUBLIC VEHICULAR AREA;TWO-WAY,NOT DIVIDED;SMOOTH ASPHALT;DRY;DAYLIGHT;CLEAR;NO CONTROL PRESENT;35.842385416;-78.67028897;-78.7832;35.7719;P119;RALW;0;0;;;NONE;;NONE;;PASSENGER CAR;PASSENGER CAR;;;;NO;4710;2016-12-21;7:07:01 PM;2016-12-22T00:07:01+00:00;35.842385416, -78.67028897;2016;No;No;12;NONE;NONE,NONE;NONE,NONE;PASSENGER CAR,PASSENGER CAR;PASSENGER CAR,PASSENGER CAR;PASSENGER CAR,PASSENGER CAR;PASSENGER CAR,PASSENGER CAR
27333;200 FEET FROM PVA SAS CAMPUS (100 SAS CAMPUS;DRIVEWAY, PUBLIC;STRAIGHT,LEVEL;PUBLIC VEHICULAR AREA;TWO-WAY,NOT DIVIDED;SMOOTH ASPHALT;DRY;DAYLIGHT;CLEAR;NO CONTROL PRESENT;;;-78.7659;35.8291;;;0;0;;;NONE;;NONE;;PASSENGER CAR;PASSENGER CAR;;;;NO;4715;2016-12-21;3:35:01 PM;2016-12-21T20:35:01+00:00;;2016;No;No;12;NONE;NONE,NONE;NONE,NONE;PASSENGER CAR,PASSENGER CAR;PASSENGER CAR,PASSENGER CAR;PASSENGER CAR,PASSENGER CAR;PASSENGER CAR,PASSENGER CAR
27347;0 FEET FROM US 1 HWY EXIT RAMP;OFF-RAMP TERMINAL ON CROSSROAD;STRAIGHT,GRADE;OTHER *;ONE-WAY,NOT DIVIDED;COARSE ASPHALT;DRY;DAYLIGHT;CLEAR;STOP AND GO SIGNAL;35.737921604;-78.79476536;-78.792741;35.737736;P043;116;0;0;2;;NONE;;NONE;;PASSENGER CAR;PICKUP;;;;NO;4729;2016-12-22;12:47 PM;2016-12-22T17:47:00+00:00;35.737921604, -78.79476536;2016;No;No;12;NONE;NONE,NONE;NONE,NONE;PASSENGER CAR,PICKUP;PASSENGER CAR,PICKUP;PASSENGER CAR,PICKUP;PASSENGER CAR,PICKUP
27353;400 FEET FROM SR 1600 (GREEN LEVEL CHURCH RD;NO SPECIAL FEATURE;STRAIGHT,GRADE;LOCAL STREET;TWO-WAY,NOT DIVIDED;SMOOTH ASPHALT;DRY;DARK - LIGHTED ROADWAY;CLEAR;NO CONTROL PRESENT;;;-78.8991;35.8315;;;0;0;;;WRONG SIDE OF ROAD;;NONE;;PASSENGER CAR;;;;;NO;4735;2016-12-27;7:16:15 PM;2016-12-28T00:16:15+00:00;;2016;No;No;12;WRONG SIDE OF ROAD;WRONG SIDE OF ROAD,NONE;WRONG SIDE OF ROAD,NONE;PASSENGER CAR;PASSENGER CAR;PASSENGER CAR;PASSENGER CAR
27359;150 FEET FROM PVA (2303 NW MAYNARD RD);DRIVEWAY, PUBLIC;STRAIGHT,LEVEL;PUBLIC VEHICULAR AREA;TWO-WAY,NOT DIVIDED;SMOOTH ASPHALT;DRY;DAYLIGHT;CLEAR;NO CONTROL PRESENT;;;-78.7861;35.8027;;;0;0;;;NONE;;NONE;;VAN;PASSENGER CAR;;;;NO;4741;2016-12-22;2:14:36 PM;2016-12-22T19:14:36+00:00;;2016;No;No;12;NONE;NONE,NONE;NONE,NONE;VAN,PASSENGER CAR;VAN,PASSENGER CAR;VAN,PASSENGER CAR;VAN,PASSENGER CAR
27374;50 FEET FROM NC54 (NE MAYNARD RD);T-INTERSECTION;CURVE,LEVEL;NC ROUTE;TWO-WAY,DIVIDED,UNPROTECTED MEDIAN;SMOOTH ASPHALT;DRY;DAYLIGHT;CLEAR;NO CONTROL PRESENT;35.757490419;-78.4609013;-78.769648;35.802523;P119;RALW;0;0;;;NONE;;NONE;;VAN;PASSENGER CAR;;;;NO;4756;2016-12-22;1:15:17 PM;2016-12-22T18:15:17+00:00;35.757490419, -78.4609013;2016;No;No;12;NONE;NONE,NONE;NONE,NONE;VAN,PASSENGER CAR;VAN,PASSENGER CAR;VAN,PASSENGER CAR;VAN,PASSENGER CAR
27375;80 FEET FROM US 1 SB;BRIDGE;STRAIGHT,LEVEL;US ROUTE;TWO-WAY,DIVIDED,POSITIVE MEDIAN BARRIER;CONCRETE;ICE;DARK - ROADWAY NOT LIGHTED;SLEET, HAIL, FREEZING RAIN/DRIZZLE;NO CONTROL PRESENT;;;-78.79413;35.736923;;;0;0;;;NONE;;NONE;;PASSENGER CAR;;;;;NO;4757;2016-12-17;1:14:41 AM;2016-12-17T06:14:41+00:00;;2016;No;No;12;NONE;NONE,NONE;NONE,NONE;PASSENGER CAR;PASSENGER CAR;PASSENGER CAR;PASSENGER CAR
27380;CARY;FOUR-WAY INTERSECTION;STRAIGHT,LEVEL;STATE SECONDARY ROUTE;TWO-WAY,DIVIDED,UNPROTECTED MEDIAN;SMOOTH ASPHALT;DRY;DAYLIGHT;CLEAR;STOP AND GO SIGNAL;;;-78.762441;35.7761829;;;0;0;1;;NONE;;NONE;;PASSENGER CAR;PASSENGER CAR;;;;NO;4762;2016-12-21;3:21:47 PM;2016-12-21T20:21:47+00:00;;2016;No;No;12;NONE;NONE,NONE;NONE,NONE;PASSENGER CAR,PASSENGER CAR;PASSENGER CAR,PASSENGER CAR;PASSENGER CAR,PASSENGER CAR;PASSENGER CAR,PASSENGER CAR
27393;20 FEET FROM US 1;OFF-RAMP TERMINAL ON CROSSROAD;CURVE,BOTTOM (SAG);US ROUTE;TWO-WAY,DIVIDED,POSITIVE MEDIAN BARRIER;CONCRETE;DRY;DARK - LIGHTED ROADWAY;CLEAR;STOP AND GO SIGNAL;;;-78.7944;35.7378;;;0;0;2;;NONE;;NONE;;PASSENGER CAR;PASSENGER CAR;;;;NO;4775;2016-12-23;7:49:35 PM;2016-12-24T00:49:35+00:00;;2016;No;No;12;NONE;NONE,NONE;NONE,NONE;PASSENGER CAR,PASSENGER CAR;PASSENGER CAR,PASSENGER CAR;PASSENGER CAR,PASSENGER CAR;PASSENGER CAR,PASSENGER CAR
27394;30 FEET FROM MEETING ST;NO SPECIAL FEATURE;STRAIGHT,GRADE;LOCAL STREET;TWO-WAY,NOT DIVIDED;SMOOTH ASPHALT;DRY;DARK - LIGHTED ROADWAY;CLEAR;NO CONTROL PRESENT;35.759565079;-78.74137444;-78.741519;35.759522;P120;118;0;0;1;;NONE;;NONE;;SPORT UTILITY;PASSENGER CAR;;;;NO;4776;2016-12-22;8:43:08 PM;2016-12-23T01:43:08+00:00;35.759565079, -78.74137444;2016;No;No;12;NONE;NONE,NONE;NONE,NONE;SPORT UTILITY,PASSENGER CAR;SPORT UTILITY,PASSENGER CAR;SPORT UTILITY,PASSENGER CAR;SPORT UTILITY,PASSENGER CAR
27403;CARY;FOUR-WAY INTERSECTION;STRAIGHT,LEVEL;STATE SECONDARY ROUTE;TWO-WAY,NOT DIVIDED;SMOOTH ASPHALT;DRY;DAYLIGHT;CLEAR;STOP AND GO SIGNAL;;;-78.744;35.7559;;;0;1;3;;NONE;;NONE;;PASSENGER CAR;PASSENGER CAR;;;;NO;4785;2016-12-24;12:40 PM;2016-12-24T17:40:00+00:00;;2016;No;Yes;12;NONE;NONE,NONE;NONE,NONE;PASSENGER CAR,PASSENGER CAR;PASSENGER CAR,PASSENGER CAR;PASSENGER CAR,PASSENGER CAR;PASSENGER CAR,PASSENGER CAR
27409;.3 MILES FROM SR 1615 (HIGH HOUSE RD)_;RELATED TO INTERSECTION;STRAIGHT,LEVEL;STATE SECONDARY ROUTE;TWO-WAY,DIVIDED,UNPROTECTED MEDIAN;SMOOTH ASPHALT;DRY;DAYLIGHT;CLEAR;STOP AND GO SIGNAL;;;-78.8297;35.7898;;;0;0;2;;NONE;;NONE;;PASSENGER CAR;SPORT UTILITY;;;;NO;4791;2016-12-23;12:42 PM;2016-12-23T17:42:00+00:00;;2016;No;No;12;NONE;NONE,NONE;NONE,NONE;PASSENGER CAR,SPORT UTILITY;PASSENGER CAR,SPORT UTILITY;PASSENGER CAR,SPORT UTILITY;PASSENGER CAR,SPORT UTILITY
27410;.10 MILES FROM P.V.A. 427 CROSSROADS BLVD;NO SPECIAL FEATURE;STRAIGHT,LEVEL;PUBLIC VEHICULAR AREA;TWO-WAY,NOT DIVIDED;SMOOTH ASPHALT;DRY;DAYLIGHT;CLEAR;NO CONTROL PRESENT;;;-78.4587;35.7487;;;0;0;;;;;NONE;;PASSENGER CAR;SPORT UTILITY;;;;NO;4792;2016-12-22;3:06:04 PM;2016-12-22T20:06:04+00:00;;2016;No;No;12;;NONE;NONE;PASSENGER CAR,SPORT UTILITY;PASSENGER CAR,SPORT UTILITY;PASSENGER CAR,SPORT UTILITY;PASSENGER CAR,SPORT UTILITY
27419;100 FEET FROM PVA 3494 KILDAIRE FARM RD;NO SPECIAL FEATURE;STRAIGHT,LEVEL;PUBLIC VEHICULAR AREA;TWO-WAY,NOT DIVIDED;SMOOTH ASPHALT;WET;DAYLIGHT;CLEAR;STOP SIGN;;;-78.7958;35.704;;;0;0;;;NONE;;NONE;;PASSENGER CAR;SPORT UTILITY;;;;NO;4801;2016-12-24;12:49 PM;2016-12-24T17:49:00+00:00;;2016;No;No;12;NONE;NONE,NONE;NONE,NONE;PASSENGER CAR,SPORT UTILITY;PASSENGER CAR,SPORT UTILITY;PASSENGER CAR,SPORT UTILITY;PASSENGER CAR,SPORT UTILITY
27420;300 FEET FROM SR 3051 (CHAPEL HILL RD);;;;;;;;;;;;-78.7953;35.7881;;;0;0;;;;;;;;;;;;;4802;2016-12-19;11:52 AM;2016-12-19T16:52:00+00:00;;2016;No;No;12;;;;;;;
27424;300 FEET FROM 2350 WALNUT ST;NO SPECIAL FEATURE;STRAIGHT,LEVEL;PUBLIC VEHICULAR AREA;TWO-WAY,NOT DIVIDED;SMOOTH ASPHALT;DRY;DAYLIGHT;CLEAR;STOP SIGN;35.750323438;-78.74107662;-78.744178;35.754062;P093;WAKE;0;0;1;;NONE;;NONE;;PASSENGER CAR;SPORT UTILITY;;;;NO;4806;2016-12-28;11:40 AM;2016-12-28T16:40:00+00:00;35.750323438, -78.74107662;2016;No;No;12;NONE;NONE,NONE;NONE,NONE;PASSENGER CAR,SPORT UTILITY;PASSENGER CAR,SPORT UTILITY;PASSENGER CAR,SPORT UTILITY;PASSENGER CAR,SPORT UTILITY
27425;200 FEET FROM 1300 CRESCENT GREEN;NO SPECIAL FEATURE;STRAIGHT,LEVEL;PUBLIC VEHICULAR AREA;TWO-WAY,NOT DIVIDED;SMOOTH ASPHALT;DRY;DAYLIGHT;CLEAR;NO CONTROL PRESENT;35.73602463;-78.78467133;-78.784518;35.733372;P053;116;0;0;;;NONE;;NONE;;PASSENGER CAR;PASSENGER CAR;;;;NO;4807;2016-12-28;1:20:39 PM;2016-12-28T18:20:39+00:00;35.73602463, -78.78467133;2016;No;No;12;NONE;NONE,NONE;NONE,NONE;PASSENGER CAR,PASSENGER CAR;PASSENGER CAR,PASSENGER CAR;PASSENGER CAR,PASSENGER CAR;PASSENGER CAR,PASSENGER CAR
27427;.2 MILES FROM REEDY CREEK RD;NO SPECIAL FEATURE;STRAIGHT,LEVEL;PUBLIC VEHICULAR AREA;TWO-WAY,NOT DIVIDED;CONCRETE;DRY;DAYLIGHT;CLEAR;NO CONTROL PRESENT;35.792424806;-78.76851176;;;P055;120;0;0;;;NONE;;NONE;;LIGHT TRUCK (MINI-VAN- PANEL);PASSENGER CAR;;;;NO;4809;2016-12-21;8:15:22 AM;2016-12-21T13:15:22+00:00;35.792424806, -78.76851176;2016;No;No;12;NONE;NONE,NONE;NONE,NONE;LIGHT TRUCK (MINI-VAN- PANEL),PASSENGER CAR;LIGHT TRUCK (MINI-VAN- PANEL),PASSENGER CAR;LIGHT TRUCK (MINI-VAN- PANEL),PASSENGER CAR;LIGHT TRUCK (MINI-VAN- PANEL),PASSENGER CAR