tamainid;location_description;rdfeature;rdcharacter;rdclass;rdconfigur;rdsurface;rdcondition;lightcond;weather;trafcontrl;lat;lon;lon2;lat2;tract;zone;fatality;possblinj;numpassengers;numpedestrians;contrcir1_desc;contrcir2_desc;contrcir3_desc;contrcir4_desc;vehicle1;vehicle2;vehicle3;vehicle4;vehicle5;workarea;records;ta_date;ta_time;crash_date;geo_location;year;fatalities;injuries;month;contrfact1;contrfact2;contributing_factor;vehicleconcat1;vehicleconcat2;vehicleconcat3;vehicle_type
27612;400 FEET FROM CROSSROADS BLVD;RELATED TO INTERSECTION;STRAIGHT,LEVEL;LOCAL STREET;TWO-WAY,DIVIDED,UNPROTECTED MEDIAN;SMOOTH ASPHALT;DRY;DAYLIGHT;CLEAR;STOP AND GO SIGNAL;35.761272293;-78.74190408;-78.7382;35.7607;P120;118;0;0;4;;NONE;;NONE;;SPORT UTILITY;SPORT UTILITY;PASSENGER CAR;;;NO;4993;2017-01-14;5:03:01 PM;2017-01-14T22:03:01+00:00;35.761272293, -78.74190408;2017;No;No;1;NONE;NONE,NONE;NONE,NONE;SPORT UTILITY,SPORT UTILITY;SPORT UTILITY,SPORT UTILITY,PASSENGER CAR;SPORT UTILITY,SPORT UTILITY,PASSENGER CAR;SPORT UTILITY,SPORT UTILITY,PASSENGER CAR
27617;201 FEET FROM SR 1652 (N HARRISON AV);DRIVEWAY, PUBLIC;STRAIGHT,LEVEL;STATE SECONDARY ROUTE;TWO-WAY,NOT DIVIDED;SMOOTH ASPHALT;DRY;DAYLIGHT;CLEAR;NO CONTROL PRESENT;;;-78.7832;35.7889;;;0;0;;;NONE;;NONE;;TAXICAB;MOPED;;;;NO;4998;2017-01-13;4:53:13 PM;2017-01-13T21:53:13+00:00;;2017;No;No;1;NONE;NONE,NONE;NONE,NONE;TAXICAB,MOPED;TAXICAB,MOPED;TAXICAB,MOPED;TAXICAB,MOPED
27635;.25 MILES FROM SR 1652 ( N HARRISON AVE);NO SPECIAL FEATURE;STRAIGHT,LEVEL;STATE SECONDARY ROUTE;TWO-WAY,DIVIDED,UNPROTECTED MEDIAN;SMOOTH ASPHALT;DRY;DAYLIGHT;CLOUDY;NO CONTROL PRESENT;;;-78.771625;35.819237;;;0;0;;;NONE;;NONE;;PASSENGER CAR;SPORT UTILITY;;;;NO;5016;2017-01-16;5:20:36 PM;2017-01-16T22:20:36+00:00;;2017;No;No;1;NONE;NONE,NONE;NONE,NONE;PASSENGER CAR,SPORT UTILITY;PASSENGER CAR,SPORT UTILITY;PASSENGER CAR,SPORT UTILITY;PASSENGER CAR,SPORT UTILITY
27643;.28 MILES FROM US 1 HWY;NO SPECIAL FEATURE;STRAIGHT,GRADE;US ROUTE;TWO-WAY,DIVIDED,POSITIVE MEDIAN BARRIER;SMOOTH ASPHALT;DRY;DAWN;CLOUDY;NO CONTROL PRESENT;;;-78.7887;35.7393;;;0;0;;;NONE;;NONE;;PASSENGER CAR;;;;;NO;5024;2017-01-16;6:23:04 AM;2017-01-16T11:23:04+00:00;;2017;No;No;1;NONE;NONE,NONE;NONE,NONE;PASSENGER CAR;PASSENGER CAR;PASSENGER CAR;PASSENGER CAR
27648;.10 MILES FROM PVA OF 3450 KILDAIRE FARM RD;DRIVEWAY, PUBLIC;STRAIGHT,LEVEL;PUBLIC VEHICULAR AREA;TWO-WAY,NOT DIVIDED;SMOOTH ASPHALT;DRY;DAYLIGHT;CLOUDY;NO CONTROL PRESENT;35.70616969;-78.79670015;-78.7973;35.7058;P052;116;0;0;;;NONE;;NONE;;PASSENGER CAR;SPORT UTILITY;;;;NO;5029;2017-01-17;12:41 PM;2017-01-17T17:41:00+00:00;35.70616969, -78.79670015;2017;No;No;1;NONE;NONE,NONE;NONE,NONE;PASSENGER CAR,SPORT UTILITY;PASSENGER CAR,SPORT UTILITY;PASSENGER CAR,SPORT UTILITY;PASSENGER CAR,SPORT UTILITY
27649;5 FEET FROM SR 1615 (DAVIS DR);RELATED TO INTERSECTION;STRAIGHT,HILLCREST;STATE SECONDARY ROUTE;TWO-WAY,DIVIDED,UNPROTECTED MEDIAN;SMOOTH ASPHALT;DRY;DAYLIGHT;CLOUDY;STOP AND GO SIGNAL;35.793917326;-78.84742256;-78.8483;35.7933;P078;121;0;0;;;NONE;;NONE;;VAN;VAN;;;;NO;5030;2017-01-17;3:06:20 PM;2017-01-17T20:06:20+00:00;35.793917326, -78.84742256;2017;No;No;1;NONE;NONE,NONE;NONE,NONE;VAN,VAN;VAN,VAN;VAN,VAN;VAN,VAN
27655;.2 MILES FROM US1;NO SPECIAL FEATURE;STRAIGHT,LEVEL;US ROUTE;TWO-WAY,DIVIDED,POSITIVE MEDIAN BARRIER;GROOVED CONCRETE;WET;DARK - LIGHTED ROADWAY;CLOUDY;NO CONTROL PRESENT;;;-78.767;35.7509;;112;0;0;;;;;NONE;;PASSENGER CAR;PASSENGER CAR;;;;NO;5036;2017-01-17;5:48:47 PM;2017-01-17T22:48:47+00:00;;2017;No;No;1;;NONE;NONE;PASSENGER CAR,PASSENGER CAR;PASSENGER CAR,PASSENGER CAR;PASSENGER CAR,PASSENGER CAR;PASSENGER CAR,PASSENGER CAR
27659;150 FEET FROM KILMAYNE DR;NO SPECIAL FEATURE;CURVE,LEVEL;LOCAL STREET;TWO-WAY,NOT DIVIDED;SMOOTH ASPHALT;ICE;DAYLIGHT;CLEAR;NO CONTROL PRESENT;;;-78.785279;35.771649;;120;0;0;;;NONE;;NONE;;PICKUP;;;;;NO;5040;2017-01-09;5:38:34 PM;2017-01-09T22:38:34+00:00;;2017;No;No;1;NONE;NONE,NONE;NONE,NONE;PICKUP;PICKUP;PICKUP;PICKUP
27664;.17 MILES FROM P.V.A. (110 CORNING RD);;;;;;;;;;;;;;;118;0;0;;;;;;;SPORT UTILITY;;;;;;5045;2016-12-07;12:37 AM;2016-12-07T05:37:00+00:00;;2016;No;No;12;;;;SPORT UTILITY;SPORT UTILITY;SPORT UTILITY;SPORT UTILITY
27665;0 FEET FROM SR 1613 (DAVIS DR);FOUR-WAY INTERSECTION;CURVE,LEVEL;STATE SECONDARY ROUTE;TWO-WAY,DIVIDED,UNPROTECTED MEDIAN;SMOOTH ASPHALT;WET;DARK - ROADWAY NOT LIGHTED;RAIN;NO CONTROL PRESENT;;;-78.852417;35.828813;;;0;3;4;;NONE;;NONE;;SPORT UTILITY;PASSENGER CAR;SPORT UTILITY;;;NO;5046;2017-01-17;6:26:47 PM;2017-01-17T23:26:47+00:00;;2017;No;Yes;1;NONE;NONE,NONE;NONE,NONE;SPORT UTILITY,PASSENGER CAR;SPORT UTILITY,PASSENGER CAR,SPORT UTILITY;SPORT UTILITY,PASSENGER CAR,SPORT UTILITY;SPORT UTILITY,PASSENGER CAR,SPORT UTILITY
27671;100 FEET FROM US 64 HWY;NO SPECIAL FEATURE;STRAIGHT,LEVEL;US ROUTE;TWO-WAY,DIVIDED,UNPROTECTED MEDIAN;SMOOTH ASPHALT;DRY;DAYLIGHT;CLEAR;NO CONTROL PRESENT;35.737208864;-78.79086044;-78.7955;35.7382;P042;115;0;0;;;NONE;;NONE;;SPORT UTILITY;PASSENGER CAR;;;;NO;5052;2017-01-18;3:25:36 PM;2017-01-18T20:25:36+00:00;35.737208864, -78.79086044;2017;No;No;1;NONE;NONE,NONE;NONE,NONE;SPORT UTILITY,PASSENGER CAR;SPORT UTILITY,PASSENGER CAR;SPORT UTILITY,PASSENGER CAR;SPORT UTILITY,PASSENGER CAR
27675;380 FEET FROM S.R. 1615 (HIGH HOUSE RD);NO SPECIAL FEATURE;STRAIGHT,LEVEL;STATE SECONDARY ROUTE;TWO-WAY,DIVIDED,POSITIVE MEDIAN BARRIER;SMOOTH ASPHALT;DRY;DAYLIGHT;CLEAR;NO CONTROL PRESENT;;;-78.8491;35.7905;;;0;0;;;NONE;;NONE;;PASSENGER CAR;PASSENGER CAR;;;;NO;5056;2017-01-18;1:47:31 PM;2017-01-18T18:47:31+00:00;;2017;No;No;1;NONE;NONE,NONE;NONE,NONE;PASSENGER CAR,PASSENGER CAR;PASSENGER CAR,PASSENGER CAR;PASSENGER CAR,PASSENGER CAR;PASSENGER CAR,PASSENGER CAR
27684;CARY;T-INTERSECTION;STRAIGHT,LEVEL;STATE SECONDARY ROUTE;TWO-WAY,NOT DIVIDED;SMOOTH ASPHALT;DRY;DAYLIGHT;CLEAR;STOP SIGN;35.76406552;-78.74339687;-78.7431;35.7645;P083;112;0;0;1;;NONE;;NONE;;PASSENGER CAR;SPORT UTILITY;;;;NO;5065;2017-01-19;3:49:22 PM;2017-01-19T20:49:22+00:00;35.76406552, -78.74339687;2017;No;No;1;NONE;NONE,NONE;NONE,NONE;PASSENGER CAR,SPORT UTILITY;PASSENGER CAR,SPORT UTILITY;PASSENGER CAR,SPORT UTILITY;PASSENGER CAR,SPORT UTILITY
27690;50 FEET FROM W CHATHAM ST;NO SPECIAL FEATURE;STRAIGHT,LEVEL;LOCAL STREET;TWO-WAY,NOT DIVIDED;SMOOTH ASPHALT;DRY;DAYLIGHT;CLEAR;STOP AND GO SIGNAL;35.786775486;-78.78803402;-78.788209;35.786665;P035;114;0;0;;;NONE;;NONE;;;;;;;NO;5071;2017-01-19;7:26:12 AM;2017-01-19T12:26:12+00:00;35.786775486, -78.78803402;2017;No;No;1;NONE;NONE,NONE;NONE,NONE;;;;
27693;.15 MILES FROM HINSHAW GREENWAY;BRIDGE;CURVE,LEVEL;OTHER *;TWO-WAY,NOT DIVIDED;CONCRETE;WET;DAYLIGHT;CLOUDY;NO CONTROL PRESENT;;;-78.768024;35.758056;;112;0;0;;;NONE;;NONE;;VAN;;;;;NO;5074;2017-01-20;12:27 PM;2017-01-20T17:27:00+00:00;;2017;No;No;1;NONE;NONE,NONE;NONE,NONE;VAN;VAN;VAN;VAN
27694;266 FEET FROM P.V.A. (1393 KILDAIRE FARM RD);DRIVEWAY, PUBLIC;STRAIGHT,LEVEL;PUBLIC VEHICULAR AREA;TWO-WAY,NOT DIVIDED;SMOOTH ASPHALT;DRY;DAYLIGHT;CLEAR;NO CONTROL PRESENT;;;-78.78;35.75;;112;0;0;1;;NONE;;NONE;;PICKUP;PASSENGER CAR;;;;NO;5075;2017-01-20;3:17:16 PM;2017-01-20T20:17:16+00:00;;2017;No;No;1;NONE;NONE,NONE;NONE,NONE;PICKUP,PASSENGER CAR;PICKUP,PASSENGER CAR;PICKUP,PASSENGER CAR;PICKUP,PASSENGER CAR
27697;CARY;FOUR-WAY INTERSECTION;STRAIGHT,LEVEL;STATE SECONDARY ROUTE;TWO-WAY,NOT DIVIDED;SMOOTH ASPHALT;DRY;DARK - LIGHTED ROADWAY;CLOUDY;STOP AND GO SIGNAL;;;-78.7903;35.7715;;;0;1;;;;;NONE;;PASSENGER CAR;SPORT UTILITY;;;;NO;5078;2017-01-20;12:45 PM;2017-01-20T17:45:00+00:00;;2017;No;Yes;1;;NONE;NONE;PASSENGER CAR,SPORT UTILITY;PASSENGER CAR,SPORT UTILITY;PASSENGER CAR,SPORT UTILITY;PASSENGER CAR,SPORT UTILITY
27699;0 FEET FROM NC 54 (NW MAYNARD RD);FOUR-WAY INTERSECTION;STRAIGHT,LEVEL;NC ROUTE;TWO-WAY,DIVIDED,UNPROTECTED MEDIAN;SMOOTH ASPHALT;DRY;DAYLIGHT;CLEAR;STOP AND GO SIGNAL;;;-78.783052;35.802576;;;0;0;;;;;NONE;;PASSENGER CAR;SPORT UTILITY;;;;NO;5080;2017-01-20;4:16:52 PM;2017-01-20T21:16:52+00:00;;2017;No;No;1;;NONE;NONE;PASSENGER CAR,SPORT UTILITY;PASSENGER CAR,SPORT UTILITY;PASSENGER CAR,SPORT UTILITY;PASSENGER CAR,SPORT UTILITY
27703;.20 MILES FROM PVA (1105 WALNUT ST);NO SPECIAL FEATURE;STRAIGHT,LEVEL;PUBLIC VEHICULAR AREA;TWO-WAY,NOT DIVIDED;SMOOTH ASPHALT;DRY;DAYLIGHT;CLOUDY;NO CONTROL PRESENT;;;-78.76;35.773;;;0;0;;;NONE;;NONE;;PICKUP;;;;;NO;5084;2017-01-14;2:07:22 PM;2017-01-14T19:07:22+00:00;;2017;No;No;1;NONE;NONE,NONE;NONE,NONE;PICKUP;PICKUP;PICKUP;PICKUP
27710;CARY;FOUR-WAY INTERSECTION;STRAIGHT,LEVEL;STATE SECONDARY ROUTE;TWO-WAY,DIVIDED,UNPROTECTED MEDIAN;SMOOTH ASPHALT;DRY;DAYLIGHT;CLOUDY;STOP AND GO SIGNAL;;;-78.7798;35.7398;;;0;0;2;;NONE;;NONE;;SPORT UTILITY;PASSENGER CAR;;;;NO;5091;2017-01-21;2:04:54 PM;2017-01-21T19:04:54+00:00;;2017;No;No;1;NONE;NONE,NONE;NONE,NONE;SPORT UTILITY,PASSENGER CAR;SPORT UTILITY,PASSENGER CAR;SPORT UTILITY,PASSENGER CAR;SPORT UTILITY,PASSENGER CAR
27718;67 FEET FROM PVA 4300 SNAP TURTLE DR;NO SPECIAL FEATURE;STRAIGHT,LEVEL;PUBLIC VEHICULAR AREA;TWO-WAY,NOT DIVIDED;SMOOTH ASPHALT;UNKNOWN;UNKNOWN;OTHER *;NO CONTROL PRESENT;35.747793132;-78.4566251;-78.8824;35.827;P119;RALW;0;0;;;NONE;;NONE;NONE;;PASSENGER CAR;;;;NO;5099;2017-01-22;3:13:40 PM;2017-01-22T20:13:40+00:00;35.747793132, -78.4566251;2017;No;No;1;NONE;NONE,NONE;NONE,NONE,NONE;PASSENGER CAR;PASSENGER CAR;PASSENGER CAR;PASSENGER CAR
27720;CARY;NO SPECIAL FEATURE;STRAIGHT,GRADE;STATE SECONDARY ROUTE;TWO-WAY,DIVIDED,UNPROTECTED MEDIAN;SMOOTH ASPHALT;DRY;DARK - LIGHTED ROADWAY;CLEAR;STOP SIGN;;;-78.8083;35.8212;;111;0;1;2;;NONE;;NONE;;PASSENGER CAR;PASSENGER CAR;;;;NO;5101;2017-01-20;9:20:38 PM;2017-01-21T02:20:38+00:00;;2017;No;Yes;1;NONE;NONE,NONE;NONE,NONE;PASSENGER CAR,PASSENGER CAR;PASSENGER CAR,PASSENGER CAR;PASSENGER CAR,PASSENGER CAR;PASSENGER CAR,PASSENGER CAR
27724;300 FEET FROM PVA OF 1020 BRADFORD PLAZA WAY;NO SPECIAL FEATURE;STRAIGHT,LEVEL;PUBLIC VEHICULAR AREA;TWO-WAY,NOT DIVIDED;SMOOTH ASPHALT;WET;DAYLIGHT;CLOUDY;NO CONTROL PRESENT;;;-78.8442;35.7934;;;0;0;;;NONE;;NONE;;PASSENGER CAR;PASSENGER CAR;;;;NO;5105;2017-01-22;3:18:31 PM;2017-01-22T20:18:31+00:00;;2017;No;No;1;NONE;NONE,NONE;NONE,NONE;PASSENGER CAR,PASSENGER CAR;PASSENGER CAR,PASSENGER CAR;PASSENGER CAR,PASSENGER CAR;PASSENGER CAR,PASSENGER CAR
27733;10 FEET FROM MEETING ST;NO SPECIAL FEATURE;STRAIGHT,LEVEL;LOCAL STREET;TWO-WAY,NOT DIVIDED;SMOOTH ASPHALT;DRY;DAYLIGHT;CLEAR;STOP AND GO SIGNAL;;;-78.742358;35.758971;;;0;0;;;NONE;;NONE;;VAN;SPORT UTILITY;;;;NO;5114;2017-01-23;4:57:03 PM;2017-01-23T21:57:03+00:00;;2017;No;No;1;NONE;NONE,NONE;NONE,NONE;VAN,SPORT UTILITY;VAN,SPORT UTILITY;VAN,SPORT UTILITY;VAN,SPORT UTILITY
27735;200 FEET FROM SR3977 (SE CARY PKWY);RELATED TO INTERSECTION;STRAIGHT,LEVEL;STATE SECONDARY ROUTE;TWO-WAY,DIVIDED,UNPROTECTED MEDIAN;SMOOTH ASPHALT;DRY;DUSK;CLEAR;STOP AND GO SIGNAL;;;-78.7828;35.758;;;0;0;;;;;NONE;;PASSENGER CAR;PASSENGER CAR;;;;NO;5116;2017-01-19;8:58:56 PM;2017-01-20T01:58:56+00:00;;2017;No;No;1;;NONE;NONE;PASSENGER CAR,PASSENGER CAR;PASSENGER CAR,PASSENGER CAR;PASSENGER CAR,PASSENGER CAR;PASSENGER CAR,PASSENGER CAR
27738;15 FEET FROM SR1625 (O`KELLY CHAPEL RD);FOUR-WAY INTERSECTION;STRAIGHT,LEVEL;STATE SECONDARY ROUTE;TWO-WAY,DIVIDED,UNPROTECTED MEDIAN;SMOOTH ASPHALT;DRY;DAYLIGHT;CLEAR;STOP AND GO SIGNAL;;;-78.8996;35.8422;;;0;0;2;;NONE;;NONE;;PASSENGER CAR;PASSENGER CAR;;;;NO;5119;2017-01-24;8:27:04 AM;2017-01-24T13:27:04+00:00;;2017;No;No;1;NONE;NONE,NONE;NONE,NONE;PASSENGER CAR,PASSENGER CAR;PASSENGER CAR,PASSENGER CAR;PASSENGER CAR,PASSENGER CAR;PASSENGER CAR,PASSENGER CAR
27741;80 FEET FROM P.V.A. STANLEY DENTISTRY (3731;NO SPECIAL FEATURE;STRAIGHT,LEVEL;PUBLIC VEHICULAR AREA;TWO-WAY,NOT DIVIDED;SMOOTH ASPHALT;DRY;DAYLIGHT;CLEAR;NO CONTROL PRESENT;;;-78.8181;35.7939;;;0;0;;;NONE;;NONE;;PASSENGER CAR;PASSENGER CAR;;;;NO;5122;2017-01-24;11:56 AM;2017-01-24T16:56:00+00:00;;2017;No;No;1;NONE;NONE,NONE;NONE,NONE;PASSENGER CAR,PASSENGER CAR;PASSENGER CAR,PASSENGER CAR;PASSENGER CAR,PASSENGER CAR;PASSENGER CAR,PASSENGER CAR
27750;300 FEET FROM US 1 HWY SB OFF RAMP;NO SPECIAL FEATURE;STRAIGHT,GRADE;US ROUTE;ONE-WAY,NOT DIVIDED;SMOOTH ASPHALT;DRY;DAYLIGHT;CLEAR;NO CONTROL PRESENT;;;-78.7927;35.7384;;;0;0;;;;;NONE;;PASSENGER CAR;PASSENGER CAR;;;;NO;5131;2017-01-24;3:45:11 PM;2017-01-24T20:45:11+00:00;;2017;No;No;1;;NONE;NONE;PASSENGER CAR,PASSENGER CAR;PASSENGER CAR,PASSENGER CAR;PASSENGER CAR,PASSENGER CAR;PASSENGER CAR,PASSENGER CAR
27752;100 FEET FROM US1;NO SPECIAL FEATURE;STRAIGHT,LEVEL;US ROUTE;TWO-WAY,DIVIDED,POSITIVE MEDIAN BARRIER;CONCRETE;DRY;DAYLIGHT;CLEAR;NO CONTROL PRESENT;;;-78.780137;35.743871;;115;0;0;;;NONE;;NONE;;PASSENGER CAR;;;;;NO;5133;2017-01-25;8:50:00 AM;2017-01-25T13:50:00+00:00;;2017;No;No;1;NONE;NONE,NONE;NONE,NONE;PASSENGER CAR;PASSENGER CAR;PASSENGER CAR;PASSENGER CAR
27756;400 FEET FROM P.V.A. (1920 NW MAYNARD RD);NO SPECIAL FEATURE;STRAIGHT,LEVEL;PUBLIC VEHICULAR AREA;TWO-WAY,NOT DIVIDED;SMOOTH ASPHALT;DRY;DAYLIGHT;CLEAR;NO CONTROL PRESENT;;;-78.7924;35.7981;;;0;0;;;NONE;;NONE;;PASSENGER CAR;VAN;PASSENGER CAR;;;NO;5137;2017-01-25;4:15:22 PM;2017-01-25T21:15:22+00:00;;2017;No;No;1;NONE;NONE,NONE;NONE,NONE;PASSENGER CAR,VAN;PASSENGER CAR,VAN,PASSENGER CAR;PASSENGER CAR,VAN,PASSENGER CAR;PASSENGER CAR,VAN,PASSENGER CAR
27759;20 FEET FROM SR-1313 WALNUT ST;NO SPECIAL FEATURE;STRAIGHT,LEVEL;STATE SECONDARY ROUTE;TWO-WAY,NOT DIVIDED;SMOOTH ASPHALT;DRY;DAYLIGHT;CLEAR;STOP AND GO SIGNAL;;;-78.7571;35.7668;;;0;0;;;NONE;;NONE;;PASSENGER CAR;SPORT UTILITY;;;;NO;5140;2017-01-25;7:04:34 AM;2017-01-25T12:04:34+00:00;;2017;No;No;1;NONE;NONE,NONE;NONE,NONE;PASSENGER CAR,SPORT UTILITY;PASSENGER CAR,SPORT UTILITY;PASSENGER CAR,SPORT UTILITY;PASSENGER CAR,SPORT UTILITY
27761;0 FEET FROM NC55;FOUR-WAY INTERSECTION;STRAIGHT,LEVEL;NC ROUTE;TWO-WAY,DIVIDED,UNPROTECTED MEDIAN;COARSE ASPHALT;DRY;DAYLIGHT;CLEAR;STOP AND GO SIGNAL;35.813695663;-78.87268269;-78.872655;35.813767;P091;WAKE;0;2;1;;NONE;;NONE;;PASSENGER CAR;PICKUP;;;;NO;5142;2017-01-25;6:57:34 AM;2017-01-25T11:57:34+00:00;35.813695663, -78.87268269;2017;No;Yes;1;NONE;NONE,NONE;NONE,NONE;PASSENGER CAR,PICKUP;PASSENGER CAR,PICKUP;PASSENGER CAR,PICKUP;PASSENGER CAR,PICKUP
27767;10 FEET FROM NC 55 HWY;NO SPECIAL FEATURE;STRAIGHT,LEVEL;NC ROUTE;TWO-WAY,DIVIDED,UNPROTECTED MEDIAN;SMOOTH ASPHALT;DRY;DUSK;CLEAR;STOP AND GO SIGNAL;35.713806102;-78.78948918;-78.8726;35.8134;P052;116;0;0;;;;;NONE;;SPORT UTILITY;SPORT UTILITY;;;;NO;5148;2017-01-25;2:44:19 PM;2017-01-25T19:44:19+00:00;35.713806102, -78.78948918;2017;No;No;1;;NONE;NONE;SPORT UTILITY,SPORT UTILITY;SPORT UTILITY,SPORT UTILITY;SPORT UTILITY,SPORT UTILITY;SPORT UTILITY,SPORT UTILITY
27771;100 FEET FROM PVA OF 501 CAITBOO AV;NO SPECIAL FEATURE;STRAIGHT,LEVEL;PUBLIC VEHICULAR AREA;TWO-WAY,NOT DIVIDED;SMOOTH ASPHALT;DRY;DAYLIGHT;CLEAR;NO CONTROL PRESENT;;;-78.735;35.7587;;;0;0;;;;;NONE;;PASSENGER CAR;PASSENGER CAR;;;;NO;5152;2017-01-26;12:43 PM;2017-01-26T17:43:00+00:00;;2017;No;No;1;;NONE;NONE;PASSENGER CAR,PASSENGER CAR;PASSENGER CAR,PASSENGER CAR;PASSENGER CAR,PASSENGER CAR;PASSENGER CAR,PASSENGER CAR
27773;CARY;NO SPECIAL FEATURE;STRAIGHT,LEVEL;STATE SECONDARY ROUTE;TWO-WAY,NOT DIVIDED;SMOOTH ASPHALT;DRY;DAYLIGHT;CLEAR;STOP SIGN;35.709295335;-78.79243026;-78.7927;35.7094;P052;116;0;0;;;NONE;;NONE;;PASSENGER CAR;PASSENGER CAR;;;;NO;5154;2017-01-26;4:57:40 PM;2017-01-26T21:57:40+00:00;35.709295335, -78.79243026;2017;No;No;1;NONE;NONE,NONE;NONE,NONE;PASSENGER CAR,PASSENGER CAR;PASSENGER CAR,PASSENGER CAR;PASSENGER CAR,PASSENGER CAR;PASSENGER CAR,PASSENGER CAR
27775;200 FEET FROM SR 1313 (WALNUT STREET);NO SPECIAL FEATURE;CURVE,LEVEL;STATE SECONDARY ROUTE;TWO-WAY,NOT DIVIDED;SMOOTH ASPHALT;DRY;DAYLIGHT;CLEAR;NO CONTROL PRESENT;;;-78.7671;35.7748;;;0;0;3;;NONE;;NONE;;PICKUP;PASSENGER CAR;;;;NO;5156;2017-01-25;3:17:44 PM;2017-01-25T20:17:44+00:00;;2017;No;No;1;NONE;NONE,NONE;NONE,NONE;PICKUP,PASSENGER CAR;PICKUP,PASSENGER CAR;PICKUP,PASSENGER CAR;PICKUP,PASSENGER CAR
27803;.25 MILES FROM PVA OF 2151 DAVIS DR;NO SPECIAL FEATURE;STRAIGHT,LEVEL;PUBLIC VEHICULAR AREA;TWO-WAY,DIVIDED,UNPROTECTED MEDIAN;SMOOTH ASPHALT;DRY;DAYLIGHT;CLEAR;STOP SIGN;35.777577447;-78.85091281;-78.8506;35.7796;P071;117;0;0;;;NONE;;NONE;;SPORT UTILITY;SPORT UTILITY;;;;NO;5184;2017-01-27;7:42:38 AM;2017-01-27T12:42:38+00:00;35.777577447, -78.85091281;2017;No;No;1;NONE;NONE,NONE;NONE,NONE;SPORT UTILITY,SPORT UTILITY;SPORT UTILITY,SPORT UTILITY;SPORT UTILITY,SPORT UTILITY;SPORT UTILITY,SPORT UTILITY
27813;.1 MILES FROM SR 1300 KILDAIRE FARM RD;NO SPECIAL FEATURE;STRAIGHT,LEVEL;STATE SECONDARY ROUTE;TWO-WAY,DIVIDED,UNPROTECTED MEDIAN;SMOOTH ASPHALT;DRY;DAYLIGHT;CLEAR;NO CONTROL PRESENT;;;-78.7829;35.7562;;;0;0;;;;;NONE;;PASSENGER CAR;SPORT UTILITY;;;;NO;5194;2017-01-30;4:45:25 PM;2017-01-30T21:45:25+00:00;;2017;No;No;1;;NONE;NONE;PASSENGER CAR,SPORT UTILITY;PASSENGER CAR,SPORT UTILITY;PASSENGER CAR,SPORT UTILITY;PASSENGER CAR,SPORT UTILITY
27816;0 FEET FROM NC 55 HWY;;;;;;;;;;35.813695663;-78.87268269;-78.872744;;P091;WAKE;0;0;;;;;;;PICKUP;;;;;;5197;2017-01-25;7:25:22 AM;2017-01-25T12:25:22+00:00;35.813695663, -78.87268269;2017;No;No;1;;;;PICKUP;PICKUP;PICKUP;PICKUP
27826;CARY;FOUR-WAY INTERSECTION;STRAIGHT,LEVEL;STATE SECONDARY ROUTE;TWO-WAY,DIVIDED,UNPROTECTED MEDIAN;SMOOTH ASPHALT;DRY;DAYLIGHT;CLEAR;STOP AND GO SIGNAL;35.745617616;-78.73771869;-78.7377;35.7457;P046;118;0;1;3;;;;NONE;;PASSENGER CAR;SPORT UTILITY;PASSENGER CAR;PASSENGER CAR;VAN;NO;5206;2017-01-31;9:03:11 AM;2017-01-31T14:03:11+00:00;35.745617616, -78.73771869;2017;No;Yes;1;;NONE;NONE;PASSENGER CAR,SPORT UTILITY;PASSENGER CAR,SPORT UTILITY,PASSENGER CAR;PASSENGER CAR,SPORT UTILITY,PASSENGER CAR,PASSENGER CAR;PASSENGER CAR,SPORT UTILITY,PASSENGER CAR,PASSENGER CAR,VAN
27827;200 FEET FROM SR 3977 (SE CARY PKWY);RELATED TO INTERSECTION;STRAIGHT,LEVEL;STATE SECONDARY ROUTE;TWO-WAY,DIVIDED,UNPROTECTED MEDIAN;SMOOTH ASPHALT;DRY;DAYLIGHT;CLEAR;STOP AND GO SIGNAL;35.757658352;-78.78446249;-78.783889;35.757707;P006;115;0;1;1;;;;NONE;;SINGLE UNIT TRUCK (2-AXLE- 6-TIRE);SPORT UTILITY;PASSENGER CAR;;;NO;5207;2017-01-31;2:47:43 PM;2017-01-31T19:47:43+00:00;35.757658352, -78.78446249;2017;No;Yes;1;;NONE;NONE;SINGLE UNIT TRUCK (2-AXLE- 6-TIRE),SPORT UTILITY;SINGLE UNIT TRUCK (2-AXLE- 6-TIRE),SPORT UTILITY,PASSENGER CAR;SINGLE UNIT TRUCK (2-AXLE- 6-TIRE),SPORT UTILITY,PASSENGER CAR;SINGLE UNIT TRUCK (2-AXLE- 6-TIRE),SPORT UTILITY,PASSENGER CAR
27838;.5 MILES FROM PVA (2700 LOUIS STEPHENS DR);NO SPECIAL FEATURE;STRAIGHT,LEVEL;PUBLIC VEHICULAR AREA;TWO-WAY,DIVIDED,UNPROTECTED MEDIAN;SMOOTH ASPHALT;DRY;DAYLIGHT;CLEAR;STOP SIGN;;;-78.8611;35.8036;;;0;0;;;NONE;;NONE;;PASSENGER CAR;SPORT UTILITY;;;;NO;5218;2017-02-01;3:38:13 PM;2017-02-01T20:38:13+00:00;;2017;No;No;2;NONE;NONE,NONE;NONE,NONE;PASSENGER CAR,SPORT UTILITY;PASSENGER CAR,SPORT UTILITY;PASSENGER CAR,SPORT UTILITY;PASSENGER CAR,SPORT UTILITY
27849;25 FEET FROM US 64 HWY;RELATED TO INTERSECTION;STRAIGHT,LEVEL;US ROUTE;TWO-WAY,DIVIDED,UNPROTECTED MEDIAN;SMOOTH ASPHALT;DRY;DAYLIGHT;CLEAR;STOP AND GO SIGNAL;35.738696103;-78.79841368;-78.798715;35.738799;P041;116;0;0;2;;;;NONE;;SPORT UTILITY;VAN;;;;NO;5229;2017-02-01;3:51:05 PM;2017-02-01T20:51:05+00:00;35.738696103, -78.79841368;2017;No;No;2;;NONE;NONE;SPORT UTILITY,VAN;SPORT UTILITY,VAN;SPORT UTILITY,VAN;SPORT UTILITY,VAN