tamainid;location_description;rdfeature;rdcharacter;rdclass;rdconfigur;rdsurface;rdcondition;lightcond;weather;trafcontrl;lat;lon;lon2;lat2;tract;zone;fatality;possblinj;numpassengers;numpedestrians;contrcir1_desc;contrcir2_desc;contrcir3_desc;contrcir4_desc;vehicle1;vehicle2;vehicle3;vehicle4;vehicle5;workarea;records;ta_date;ta_time;crash_date;geo_location;year;fatalities;injuries;month;contrfact1;contrfact2;contributing_factor;vehicleconcat1;vehicleconcat2;vehicleconcat3;vehicle_type
27859;.17 MILES FROM PVA OF 8745 HOLLY SPRINGS RD;NO SPECIAL FEATURE;STRAIGHT,GRADE;PUBLIC VEHICULAR AREA;TWO-WAY,NOT DIVIDED;SMOOTH ASPHALT;DRY;DAYLIGHT;CLEAR;STOP SIGN;;;-78.7734;35.6936;;;0;1;;;;;NONE;;PICKUP;PICKUP;;;;NO;5239;2017-02-04;1:29:33 PM;2017-02-04T18:29:33+00:00;;2017;No;Yes;2;;NONE;NONE;PICKUP,PICKUP;PICKUP,PICKUP;PICKUP,PICKUP;PICKUP,PICKUP
27861;CARY;NO SPECIAL FEATURE;STRAIGHT,LEVEL;STATE SECONDARY ROUTE;TWO-WAY,NOT DIVIDED;SMOOTH ASPHALT;DRY;DAYLIGHT;CLEAR;STOP AND GO SIGNAL;;;-78.7638;35.7919;;;0;0;;;NONE;;NONE;;PASSENGER CAR;SPORT UTILITY;;;;NO;5241;2017-02-04;7:11:15 PM;2017-02-05T00:11:15+00:00;;2017;No;No;2;NONE;NONE,NONE;NONE,NONE;PASSENGER CAR,SPORT UTILITY;PASSENGER CAR,SPORT UTILITY;PASSENGER CAR,SPORT UTILITY;PASSENGER CAR,SPORT UTILITY
27868;.10 MILES FROM US 1 NORTH;NO SPECIAL FEATURE;STRAIGHT,LEVEL;US ROUTE;TWO-WAY,DIVIDED,POSITIVE MEDIAN BARRIER;SMOOTH ASPHALT;WET;DAYLIGHT;RAIN;NO CONTROL PRESENT;;;-78.7415;35.7635;;;0;1;;;;;NONE;;VAN;SPORT UTILITY;;;;NO;5248;2017-02-03;9:06:25 AM;2017-02-03T14:06:25+00:00;;2017;No;Yes;2;;NONE;NONE;VAN,SPORT UTILITY;VAN,SPORT UTILITY;VAN,SPORT UTILITY;VAN,SPORT UTILITY
27882;10 FEET FROM SR 1009 (SR TRYON RD);RELATED TO INTERSECTION;CURVE,GRADE;STATE SECONDARY ROUTE;TWO-WAY,DIVIDED,UNPROTECTED MEDIAN;SMOOTH ASPHALT;DRY;DAYLIGHT;CLEAR;YIELD SIGN;35.739700092;-78.77988317;-78.78;35.739;P044;115;0;0;;;;;NONE;;PICKUP;PASSENGER CAR;;;;NO;5262;2017-02-03;3:15:27 PM;2017-02-03T20:15:27+00:00;35.739700092, -78.77988317;2017;No;No;2;;NONE;NONE;PICKUP,PASSENGER CAR;PICKUP,PASSENGER CAR;PICKUP,PASSENGER CAR;PICKUP,PASSENGER CAR
27884;75 FEET FROM NC 55 HWY;NO SPECIAL FEATURE;STRAIGHT,GRADE;NC ROUTE;TWO-WAY,DIVIDED,UNPROTECTED MEDIAN;SMOOTH ASPHALT;DRY;DARK - LIGHTED ROADWAY;CLEAR;NO CONTROL PRESENT;;;-78.873804;35.820191;;122;0;0;1;;NONE;;NONE;;PASSENGER CAR;PASSENGER CAR;;;;NO;5264;2017-02-02;6:38:09 PM;2017-02-02T23:38:09+00:00;;2017;No;No;2;NONE;NONE,NONE;NONE,NONE;PASSENGER CAR,PASSENGER CAR;PASSENGER CAR,PASSENGER CAR;PASSENGER CAR,PASSENGER CAR;PASSENGER CAR,PASSENGER CAR
27888;100 FEET FROM W MARILYN CIR;NO SPECIAL FEATURE;CURVE,LEVEL;LOCAL STREET;TWO-WAY,NOT DIVIDED;SMOOTH ASPHALT;DRY;DAYLIGHT;CLEAR;STOP SIGN;35.765697614;-78.81751325;-78.817;35.765;P009;117;0;0;;;NONE;;NONE;;PICKUP;PASSENGER CAR;;;;NO;5268;2017-02-06;9:20:54 AM;2017-02-06T14:20:54+00:00;35.765697614, -78.81751325;2017;No;No;2;NONE;NONE,NONE;NONE,NONE;PICKUP,PASSENGER CAR;PICKUP,PASSENGER CAR;PICKUP,PASSENGER CAR;PICKUP,PASSENGER CAR
27891;50 FEET FROM PVA (869 SE MAYNARD RD);NO SPECIAL FEATURE;STRAIGHT,LEVEL;PUBLIC VEHICULAR AREA;ONE-WAY,NOT DIVIDED;SMOOTH ASPHALT;DRY;DAYLIGHT;CLEAR;NO CONTROL PRESENT;35.798861752;-78.30952008;-78.764757;35.776633;P119;RALW;0;0;;;NONE;;NONE;;PASSENGER CAR;PASSENGER CAR;;;;NO;5271;2017-02-06;2:37:02 PM;2017-02-06T19:37:02+00:00;35.798861752, -78.30952008;2017;No;No;2;NONE;NONE,NONE;NONE,NONE;PASSENGER CAR,PASSENGER CAR;PASSENGER CAR,PASSENGER CAR;PASSENGER CAR,PASSENGER CAR;PASSENGER CAR,PASSENGER CAR
27897;.24 MILES FROM HWY US 1 S;NO SPECIAL FEATURE;STRAIGHT,GRADE;US ROUTE;TWO-WAY,DIVIDED,UNPROTECTED MEDIAN;SMOOTH ASPHALT;DRY;DAYLIGHT;CLEAR;NO CONTROL PRESENT;;;-78.7411;35.7642;;;0;0;;;;;NONE;;PASSENGER CAR;PASSENGER CAR;;;;NO;5277;2017-02-06;4:36:50 PM;2017-02-06T21:36:50+00:00;;2017;No;No;2;;NONE;NONE;PASSENGER CAR,PASSENGER CAR;PASSENGER CAR,PASSENGER CAR;PASSENGER CAR,PASSENGER CAR;PASSENGER CAR,PASSENGER CAR
27904;CARY;NO SPECIAL FEATURE;STRAIGHT,GRADE;STATE SECONDARY ROUTE;TWO-WAY,DIVIDED,UNPROTECTED MEDIAN;SMOOTH ASPHALT;DRY;DAYLIGHT;CLEAR;NO CONTROL PRESENT;;;-78.897;35.8288;;119;0;0;;;NONE;;NONE;;SPORT UTILITY;PASSENGER CAR;;;;NO;5284;2017-02-07;7:22:10 AM;2017-02-07T12:22:10+00:00;;2017;No;No;2;NONE;NONE,NONE;NONE,NONE;SPORT UTILITY,PASSENGER CAR;SPORT UTILITY,PASSENGER CAR;SPORT UTILITY,PASSENGER CAR;SPORT UTILITY,PASSENGER CAR
27908;.12 MILES FROM PVA 6770 MCCRIMMON PKWY;NO SPECIAL FEATURE;CURVE,LEVEL;PUBLIC VEHICULAR AREA;TWO-WAY,NOT DIVIDED;SMOOTH ASPHALT;DRY;DAYLIGHT;CLEAR;NO CONTROL PRESENT;;;-78.890593;35.829215;;;0;0;;;NONE;;NONE;;PASSENGER CAR;PASSENGER CAR;;;;NO;5288;2017-02-06;6:49:22 AM;2017-02-06T11:49:22+00:00;;2017;No;No;2;NONE;NONE,NONE;NONE,NONE;PASSENGER CAR,PASSENGER CAR;PASSENGER CAR,PASSENGER CAR;PASSENGER CAR,PASSENGER CAR;PASSENGER CAR,PASSENGER CAR
27910;.24 MILES FROM US HWY 64;FOUR-WAY INTERSECTION;STRAIGHT,LEVEL;US ROUTE;TWO-WAY,DIVIDED,UNPROTECTED MEDIAN;SMOOTH ASPHALT;DRY;DAYLIGHT;CLEAR;STOP AND GO SIGNAL;;;-78.81;35.7413;;116;0;0;;;;;NONE;;SPORT UTILITY;PASSENGER CAR;;;;NO;5290;2017-02-07;11:12 AM;2017-02-07T16:12:00+00:00;;2017;No;No;2;;NONE;NONE;SPORT UTILITY,PASSENGER CAR;SPORT UTILITY,PASSENGER CAR;SPORT UTILITY,PASSENGER CAR;SPORT UTILITY,PASSENGER CAR
27913;.2 MILES FROM SR 1497 (CARY TOWNE BLVD);NO SPECIAL FEATURE;STRAIGHT,LEVEL;STATE SECONDARY ROUTE;TWO-WAY,DIVIDED,UNPROTECTED MEDIAN;SMOOTH ASPHALT;DRY;DAYLIGHT;CLEAR;NO CONTROL PRESENT;;;-78.7522;35.7792;;;0;0;;;NONE;;NONE;;PASSENGER CAR;PASSENGER CAR;;;;NO;5293;2017-02-07;3:39:50 PM;2017-02-07T20:39:50+00:00;;2017;No;No;2;NONE;NONE,NONE;NONE,NONE;PASSENGER CAR,PASSENGER CAR;PASSENGER CAR,PASSENGER CAR;PASSENGER CAR,PASSENGER CAR;PASSENGER CAR,PASSENGER CAR
27920;0 FEET FROM P.V.A. 1001 SE CARY PKWY;NO SPECIAL FEATURE;STRAIGHT,LEVEL;PUBLIC VEHICULAR AREA;ONE-WAY,NOT DIVIDED;SMOOTH ASPHALT;DRY;DAYLIGHT;CLEAR;NO CONTROL PRESENT;35.735538569;-78.78065434;-78.7628;35.7453;P053;116;0;0;;;;;NONE;;SPORT UTILITY;PICKUP;;;;NO;5300;2017-02-07;1:17:13 PM;2017-02-07T18:17:13+00:00;35.735538569, -78.78065434;2017;No;No;2;;NONE;NONE;SPORT UTILITY,PICKUP;SPORT UTILITY,PICKUP;SPORT UTILITY,PICKUP;SPORT UTILITY,PICKUP
27927;400 FEET FROM PVA OF 101 TEAM HENDRICK WAY;NO SPECIAL FEATURE;STRAIGHT,LEVEL;PUBLIC VEHICULAR AREA;ONE-WAY,NOT DIVIDED;SMOOTH ASPHALT;DRY;DAYLIGHT;CLEAR;NO CONTROL PRESENT;35.824138916;-78.69708057;-78.817;35.739;P119;RALW;0;0;;;;;NONE;;SPORT UTILITY;PASSENGER CAR;;;;NO;5306;2017-02-07;3:50:01 PM;2017-02-07T20:50:01+00:00;35.824138916, -78.69708057;2017;No;No;2;;NONE;NONE;SPORT UTILITY,PASSENGER CAR;SPORT UTILITY,PASSENGER CAR;SPORT UTILITY,PASSENGER CAR;SPORT UTILITY,PASSENGER CAR
27931;0 FEET FROM CARY TOWNE BLVD;NO SPECIAL FEATURE;STRAIGHT,LEVEL;LOCAL STREET;TWO-WAY,NOT DIVIDED;SMOOTH ASPHALT;DRY;DAYLIGHT;CLEAR;STOP AND GO SIGNAL;;;-78.764142;35.775833;;;0;2;2;;;;NONE;;PASSENGER CAR;PICKUP;;;;NO;5309;2017-02-08;3:51:24 PM;2017-02-08T20:51:24+00:00;;2017;No;Yes;2;;NONE;NONE;PASSENGER CAR,PICKUP;PASSENGER CAR,PICKUP;PASSENGER CAR,PICKUP;PASSENGER CAR,PICKUP
27937;.25 MILES FROM PVA OF 111 MACKENAN DR;NO SPECIAL FEATURE;STRAIGHT,LEVEL;PUBLIC VEHICULAR AREA;TWO-WAY,NOT DIVIDED;SMOOTH ASPHALT;DRY;DAYLIGHT;CLEAR;NO CONTROL PRESENT;;;-78.8073;35.7347;;;0;0;1;;NONE;;NONE;;PASSENGER CAR;VAN;;;;NO;5314;2017-02-09;9:05:35 AM;2017-02-09T14:05:35+00:00;;2017;No;No;2;NONE;NONE,NONE;NONE,NONE;PASSENGER CAR,VAN;PASSENGER CAR,VAN;PASSENGER CAR,VAN;PASSENGER CAR,VAN
27951;450 FEET FROM GREEN LEVEL WEST RD;NO SPECIAL FEATURE;STRAIGHT,LEVEL;LOCAL STREET;TWO-WAY,NOT DIVIDED;SMOOTH ASPHALT;DRY;DAYLIGHT;CLEAR;NO CONTROL PRESENT;;;-78.8898;35.7817;;117;0;0;1;;NONE;;NONE;;SPORT UTILITY;PASSENGER CAR;;;;NO;5328;2017-02-10;12:32 PM;2017-02-10T17:32:00+00:00;;2017;No;No;2;NONE;NONE,NONE;NONE,NONE;SPORT UTILITY,PASSENGER CAR;SPORT UTILITY,PASSENGER CAR;SPORT UTILITY,PASSENGER CAR;SPORT UTILITY,PASSENGER CAR
27953;10 FEET FROM SR 1300 (KILDAIRE FARM RD);RELATED TO INTERSECTION;STRAIGHT,LEVEL;STATE SECONDARY ROUTE;TWO-WAY,NOT DIVIDED;SMOOTH ASPHALT;DRY;DAYLIGHT;CLEAR;STOP AND GO SIGNAL;;;-78.783366;35.762049;;;0;0;;;;;NONE;;PASSENGER CAR;SPORT UTILITY;;;;NO;5330;2017-02-09;4:28:08 PM;2017-02-09T21:28:08+00:00;;2017;No;No;2;;NONE;NONE;PASSENGER CAR,SPORT UTILITY;PASSENGER CAR,SPORT UTILITY;PASSENGER CAR,SPORT UTILITY;PASSENGER CAR,SPORT UTILITY
27956;20 FEET FROM SR 1152 (HOLLY SPRINGS RD);RELATED TO INTERSECTION;STRAIGHT,LEVEL;STATE SECONDARY ROUTE;TWO-WAY,NOT DIVIDED;SMOOTH ASPHALT;DRY;DAYLIGHT;CLEAR;STOP AND GO SIGNAL;;;-78.772123;35.695402;;;0;0;3;;;;NONE;;SPORT UTILITY;SPORT UTILITY;VAN;;;NO;5333;2017-02-10;3:22:20 PM;2017-02-10T20:22:20+00:00;;2017;No;No;2;;NONE;NONE;SPORT UTILITY,SPORT UTILITY;SPORT UTILITY,SPORT UTILITY,VAN;SPORT UTILITY,SPORT UTILITY,VAN;SPORT UTILITY,SPORT UTILITY,VAN
27958;25 FEET FROM GREENFIELD KNOLL DR;T-INTERSECTION;STRAIGHT,LEVEL;LOCAL STREET;TWO-WAY,NOT DIVIDED;SMOOTH ASPHALT;DRY;DAYLIGHT;CLEAR;STOP SIGN;35.812773976;-78.91336564;-78.913479;35.812808;P081;122;0;0;;;NONE;;NONE;;SPORT UTILITY;PASSENGER CAR;;;;NO;5335;2017-02-10;5:15:30 PM;2017-02-10T22:15:30+00:00;35.812773976, -78.91336564;2017;No;No;2;NONE;NONE,NONE;NONE,NONE;SPORT UTILITY,PASSENGER CAR;SPORT UTILITY,PASSENGER CAR;SPORT UTILITY,PASSENGER CAR;SPORT UTILITY,PASSENGER CAR
27963;CARY;ON-RAMP ENTRY;STRAIGHT,LEVEL;NC ROUTE;TWO-WAY,DIVIDED,UNPROTECTED MEDIAN;SMOOTH ASPHALT;DRY;DAYLIGHT;CLEAR;STOP AND GO SIGNAL;35.839105353;-78.88504862;-78.88514;35.839186;P091;WAKE;0;0;3;;NONE;;NONE;;SPORT UTILITY;PASSENGER CAR;;;;NO;5340;2017-02-12;11:54 AM;2017-02-12T16:54:00+00:00;35.839105353, -78.88504862;2017;No;No;2;NONE;NONE,NONE;NONE,NONE;SPORT UTILITY,PASSENGER CAR;SPORT UTILITY,PASSENGER CAR;SPORT UTILITY,PASSENGER CAR;SPORT UTILITY,PASSENGER CAR
27964;77 FEET FROM SR 1652 ( N. HARRISON AVE.);OFF-RAMP ENTRY;STRAIGHT,LEVEL;STATE SECONDARY ROUTE;TWO-WAY,NOT DIVIDED;SMOOTH ASPHALT;WET;DARK - LIGHTED ROADWAY;CLOUDY;NO CONTROL PRESENT;;;-78.7645;35.8313;;;0;0;1;;NONE;;NONE;;SPORT UTILITY;PASSENGER CAR;;;;NO;5341;2017-02-12;8:06:28 PM;2017-02-13T01:06:28+00:00;;2017;No;No;2;NONE;NONE,NONE;NONE,NONE;SPORT UTILITY,PASSENGER CAR;SPORT UTILITY,PASSENGER CAR;SPORT UTILITY,PASSENGER CAR;SPORT UTILITY,PASSENGER CAR
27966;0.5 MILES FROM US 1;NO SPECIAL FEATURE;STRAIGHT,LEVEL;US ROUTE;TWO-WAY,DIVIDED,POSITIVE MEDIAN BARRIER;SMOOTH ASPHALT;WET;DAYLIGHT;RAIN;NO CONTROL PRESENT;;;-78.7522;35.7582;;;0;1;7;;NONE;;NONE;;PASSENGER CAR;SPORT UTILITY;;;;NO;5343;2017-02-12;7:42:36 PM;2017-02-13T00:42:36+00:00;;2017;No;Yes;2;NONE;NONE,NONE;NONE,NONE;PASSENGER CAR,SPORT UTILITY;PASSENGER CAR,SPORT UTILITY;PASSENGER CAR,SPORT UTILITY;PASSENGER CAR,SPORT UTILITY
27972;CARY;NO SPECIAL FEATURE;STRAIGHT,GRADE;STATE SECONDARY ROUTE;TWO-WAY,DIVIDED,UNPROTECTED MEDIAN;SMOOTH ASPHALT;DRY;DAYLIGHT;CLEAR;STOP SIGN;;;-78.9102;35.8241;;119;0;0;;;NONE;;NONE;;PASSENGER CAR;SPORT UTILITY;;;;NO;5349;2017-02-11;8:01:36 AM;2017-02-11T13:01:36+00:00;;2017;No;No;2;NONE;NONE,NONE;NONE,NONE;PASSENGER CAR,SPORT UTILITY;PASSENGER CAR,SPORT UTILITY;PASSENGER CAR,SPORT UTILITY;PASSENGER CAR,SPORT UTILITY
27977;15 FEET FROM SR 1615 (HIGH HOUSE RD);NO SPECIAL FEATURE;STRAIGHT,LEVEL;LOCAL STREET;TWO-WAY,DIVIDED,POSITIVE MEDIAN BARRIER;SMOOTH ASPHALT;DRY;DAYLIGHT;CLEAR;STOP AND GO SIGNAL;35.783667351;-78.80579968;-78.8467;35.7932;P026;114;0;0;;;NONE;;NONE;;SPORT UTILITY;PASSENGER CAR;;;;NO;5354;2017-02-11;10:12 AM;2017-02-11T15:12:00+00:00;35.783667351, -78.80579968;2017;No;No;2;NONE;NONE,NONE;NONE,NONE;SPORT UTILITY,PASSENGER CAR;SPORT UTILITY,PASSENGER CAR;SPORT UTILITY,PASSENGER CAR;SPORT UTILITY,PASSENGER CAR
27982;NEAR .25 MILES  OF SR-1652 (N HARRISON AV);NO SPECIAL FEATURE;STRAIGHT,LEVEL;STATE SECONDARY ROUTE;TWO-WAY,DIVIDED,UNPROTECTED MEDIAN;SMOOTH ASPHALT;DRY;DAYLIGHT;CLEAR;NO CONTROL PRESENT;35.829708141;-78.76851424;-78.7692;35.83;P029;111;0;0;;;NONE;;NONE;;PASSENGER CAR;PASSENGER CAR;;;;NO;5359;2017-02-13;8:35:56 AM;2017-02-13T13:35:56+00:00;35.829708141, -78.76851424;2017;No;No;2;NONE;NONE,NONE;NONE,NONE;PASSENGER CAR,PASSENGER CAR;PASSENGER CAR,PASSENGER CAR;PASSENGER CAR,PASSENGER CAR;PASSENGER CAR,PASSENGER CAR
27984;40 FEET FROM SR#1313 (WALNUT ST);NO SPECIAL FEATURE;STRAIGHT,LEVEL;STATE SECONDARY ROUTE;TWO-WAY,NOT DIVIDED;SMOOTH ASPHALT;DRY;DAYLIGHT;CLEAR;NO CONTROL PRESENT;;;-78.752703;35.765073;;;0;0;;;NONE;;NONE;;PASSENGER CAR;SPORT UTILITY;;;;NO;5361;2017-02-13;5:12:17 PM;2017-02-13T22:12:17+00:00;;2017;No;No;2;NONE;NONE,NONE;NONE,NONE;PASSENGER CAR,SPORT UTILITY;PASSENGER CAR,SPORT UTILITY;PASSENGER CAR,SPORT UTILITY;PASSENGER CAR,SPORT UTILITY
27986;0 FEET FROM SR3977 (SW CARY PKWY);RELATED TO INTERSECTION;STRAIGHT,GRADE;STATE SECONDARY ROUTE;TWO-WAY,DIVIDED,UNPROTECTED MEDIAN;COARSE ASPHALT;WET;DARK - LIGHTED ROADWAY;CLEAR;STOP AND GO SIGNAL;;;-78.8216;35.762;;;0;1;;;NONE;;NONE;;SPORT UTILITY;PASSENGER CAR;;;;NO;5363;2017-02-12;7:14:28 PM;2017-02-13T00:14:28+00:00;;2017;No;Yes;2;NONE;NONE,NONE;NONE,NONE;SPORT UTILITY,PASSENGER CAR;SPORT UTILITY,PASSENGER CAR;SPORT UTILITY,PASSENGER CAR;SPORT UTILITY,PASSENGER CAR
27994;320 FEET FROM SR 1010 (TEN TEN RD);RELATED TO INTERSECTION;STRAIGHT,LEVEL;STATE SECONDARY ROUTE;TWO-WAY,DIVIDED,UNPROTECTED MEDIAN;SMOOTH ASPHALT;DRY;DAYLIGHT;CLEAR;NO CONTROL PRESENT;;;-78.773171;35.695809;;116;0;1;;;NONE;;NONE;;VAN;PASSENGER CAR;SPORT UTILITY;;;NO;5371;2017-02-09;5:45:03 PM;2017-02-09T22:45:03+00:00;;2017;No;Yes;2;NONE;NONE,NONE;NONE,NONE;VAN,PASSENGER CAR;VAN,PASSENGER CAR,SPORT UTILITY;VAN,PASSENGER CAR,SPORT UTILITY;VAN,PASSENGER CAR,SPORT UTILITY
28001;200 FEET FROM P.V.A. (7718 CHAPEL HILL RD);;;;;;;;;;;;;;;;0;0;;;;;;;PASSENGER CAR;;;;;;5378;2017-02-07;3:47:50 PM;2017-02-07T20:47:50+00:00;;2017;No;No;2;;;;PASSENGER CAR;PASSENGER CAR;PASSENGER CAR;PASSENGER CAR
28011;291 FEET FROM S WALKER ST;RELATED TO INTERSECTION;STRAIGHT,LEVEL;LOCAL STREET;TWO-WAY,NOT DIVIDED;SMOOTH ASPHALT;DRY;DAYLIGHT;CLOUDY;STOP SIGN;35.783443224;-78.77850355;-78.778526;35.78262;P125;120;0;0;;;NONE;;NONE;;PICKUP;PASSENGER CAR;;;;NO;5388;2017-02-15;1:55:30 PM;2017-02-15T18:55:30+00:00;35.783443224, -78.77850355;2017;No;No;2;NONE;NONE,NONE;NONE,NONE;PICKUP,PASSENGER CAR;PICKUP,PASSENGER CAR;PICKUP,PASSENGER CAR;PICKUP,PASSENGER CAR
28012;0 FEET FROM BALMORAL DR;FOUR-WAY INTERSECTION;CURVE,LEVEL;LOCAL STREET;TWO-WAY,NOT DIVIDED;SMOOTH ASPHALT;DRY;DARK - ROADWAY NOT LIGHTED;CLEAR;NO CONTROL PRESENT;35.767210582;-78.80633515;-78.8063;35.7672;P037;115;0;0;;;NONE;;NONE;;PASSENGER CAR;;;;;NO;5389;2017-02-11;8:04:07 PM;2017-02-12T01:04:07+00:00;35.767210582, -78.80633515;2017;No;No;2;NONE;NONE,NONE;NONE,NONE;PASSENGER CAR;PASSENGER CAR;PASSENGER CAR;PASSENGER CAR
28029;3 FEET FROM US HWY 64;RELATED TO INTERSECTION;CURVE,LEVEL;US ROUTE;TWO-WAY,DIVIDED,UNPROTECTED MEDIAN;SMOOTH ASPHALT;DRY;DAYLIGHT;CLEAR;STOP AND GO SIGNAL;;;-78.79483;35.737954;;;0;0;2;;NONE;;NONE;;PASSENGER CAR;PASSENGER CAR;;;;NO;5406;2017-02-15;3:27:35 PM;2017-02-15T20:27:35+00:00;;2017;No;No;2;NONE;NONE,NONE;NONE,NONE;PASSENGER CAR,PASSENGER CAR;PASSENGER CAR,PASSENGER CAR;PASSENGER CAR,PASSENGER CAR;PASSENGER CAR,PASSENGER CAR
28033;15 FEET FROM SR1152 (HOLLY SPRINGS RD);RELATED TO INTERSECTION;STRAIGHT,LEVEL;STATE SECONDARY ROUTE;TWO-WAY,NOT DIVIDED;SMOOTH ASPHALT;DRY;DAYLIGHT;CLEAR;STOP AND GO SIGNAL;;;-78.7721;35.6953;;;0;0;;;;;NONE;;SPORT UTILITY;SPORT UTILITY;;;;NO;5410;2017-02-16;8:17:04 AM;2017-02-16T13:17:04+00:00;;2017;No;No;2;;NONE;NONE;SPORT UTILITY,SPORT UTILITY;SPORT UTILITY,SPORT UTILITY;SPORT UTILITY,SPORT UTILITY;SPORT UTILITY,SPORT UTILITY
28049;15 FEET FROM SR 2977 (SW CARY PKWY);RELATED TO INTERSECTION;STRAIGHT,GRADE;STATE SECONDARY ROUTE;TWO-WAY,DIVIDED,POSITIVE MEDIAN BARRIER;SMOOTH ASPHALT;DRY;DAYLIGHT;CLEAR;STOP AND GO SIGNAL;35.754963817;-78.80845582;-78.809054;35.754848;P040;115;0;0;;;NONE;;NONE;;PASSENGER CAR;PASSENGER CAR;;;;NO;5426;2017-02-17;7:29:16 AM;2017-02-17T12:29:16+00:00;35.754963817, -78.80845582;2017;No;No;2;NONE;NONE,NONE;NONE,NONE;PASSENGER CAR,PASSENGER CAR;PASSENGER CAR,PASSENGER CAR;PASSENGER CAR,PASSENGER CAR;PASSENGER CAR,PASSENGER CAR
28061;25 FEET FROM SR 1625 (GREEN LEVEL CHURCH RD;FOUR-WAY INTERSECTION;STRAIGHT,LEVEL;STATE SECONDARY ROUTE;TWO-WAY,DIVIDED,UNPROTECTED MEDIAN;SMOOTH ASPHALT;DRY;DAYLIGHT;CLEAR;STOP AND GO SIGNAL;;;-78.902183;35.804696;;122;0;0;;;NONE;;NONE;;PASSENGER CAR;PASSENGER CAR;;;;NO;5438;2017-02-17;5:28:34 PM;2017-02-17T22:28:34+00:00;;2017;No;No;2;NONE;NONE,NONE;NONE,NONE;PASSENGER CAR,PASSENGER CAR;PASSENGER CAR,PASSENGER CAR;PASSENGER CAR,PASSENGER CAR;PASSENGER CAR,PASSENGER CAR
28065;300 FEET FROM PVA (1105 WALNUT ST);NO SPECIAL FEATURE;STRAIGHT,LEVEL;PUBLIC VEHICULAR AREA;TWO-WAY,NOT DIVIDED;SMOOTH ASPHALT;DRY;DAYLIGHT;CLEAR;NO CONTROL PRESENT;;;-78.7635;35.7718;;;0;0;1;;NONE;;NONE;;PASSENGER CAR;PICKUP;;;;NO;5442;2017-02-18;11:57 AM;2017-02-18T16:57:00+00:00;;2017;No;No;2;NONE;NONE,NONE;NONE,NONE;PASSENGER CAR,PICKUP;PASSENGER CAR,PICKUP;PASSENGER CAR,PICKUP;PASSENGER CAR,PICKUP
28069;.1 MILES FROM SR 1652 (HARRISON AVE NORTH);NO SPECIAL FEATURE;STRAIGHT,LEVEL;STATE SECONDARY ROUTE;TWO-WAY,NOT DIVIDED;SMOOTH ASPHALT;DRY;DAYLIGHT;CLEAR;NO CONTROL PRESENT;35.820123896;-78.77131188;-78.7712;35.8202;P080;111;0;1;1;;;;NONE;;PASSENGER CAR;PASSENGER CAR;PASSENGER CAR;;;NO;5446;2017-02-16;3:25:24 PM;2017-02-16T20:25:24+00:00;35.820123896, -78.77131188;2017;No;Yes;2;;NONE;NONE;PASSENGER CAR,PASSENGER CAR;PASSENGER CAR,PASSENGER CAR,PASSENGER CAR;PASSENGER CAR,PASSENGER CAR,PASSENGER CAR;PASSENGER CAR,PASSENGER CAR,PASSENGER CAR
28072;.272 MILES FROM SR #1313 (WALNUT ST);FOUR-WAY INTERSECTION;STRAIGHT,LEVEL;STATE SECONDARY ROUTE;TWO-WAY,DIVIDED,UNPROTECTED MEDIAN;SMOOTH ASPHALT;DRY;DARK - LIGHTED ROADWAY;CLEAR;STOP AND GO SIGNAL;;;-78.7411;35.7531;;;0;0;;;NONE;;NONE;;PICKUP;;;;;NO;5449;2017-02-20;9:27:12 PM;2017-02-21T02:27:12+00:00;;2017;No;No;2;NONE;NONE,NONE;NONE,NONE;PICKUP;PICKUP;PICKUP;PICKUP
28073;CARY;DRIVEWAY, PUBLIC;STRAIGHT,LEVEL;PUBLIC VEHICULAR AREA;TWO-WAY,NOT DIVIDED;SMOOTH ASPHALT;DRY;DAYLIGHT;CLEAR;NO CONTROL PRESENT;;;-78.764215;35.791779;;120;0;0;1;;NONE;;NONE;;PASSENGER CAR;PASSENGER CAR;;;;NO;5450;2017-02-20;10:16 AM;2017-02-20T15:16:00+00:00;;2017;No;No;2;NONE;NONE,NONE;NONE,NONE;PASSENGER CAR,PASSENGER CAR;PASSENGER CAR,PASSENGER CAR;PASSENGER CAR,PASSENGER CAR;PASSENGER CAR,PASSENGER CAR
28075;.25 MILES FROM PVA 2303 NW MAYNARD RD;NO SPECIAL FEATURE;STRAIGHT,LEVEL;PUBLIC VEHICULAR AREA;TWO-WAY,NOT DIVIDED;SMOOTH ASPHALT;DRY;DAYLIGHT;CLEAR;NO CONTROL PRESENT;35.802857219;-78.78593509;-78.4707;35.4809;P024;111;0;0;;;NONE;;NONE;;PASSENGER CAR;SPORT UTILITY;;;;NO;5452;2017-02-20;1:23:36 PM;2017-02-20T18:23:36+00:00;35.802857219, -78.78593509;2017;No;No;2;NONE;NONE,NONE;NONE,NONE;PASSENGER CAR,SPORT UTILITY;PASSENGER CAR,SPORT UTILITY;PASSENGER CAR,SPORT UTILITY;PASSENGER CAR,SPORT UTILITY