tamainid;location_description;rdfeature;rdcharacter;rdclass;rdconfigur;rdsurface;rdcondition;lightcond;weather;trafcontrl;lat;lon;lon2;lat2;tract;zone;fatality;possblinj;numpassengers;numpedestrians;contrcir1_desc;contrcir2_desc;contrcir3_desc;contrcir4_desc;vehicle1;vehicle2;vehicle3;vehicle4;vehicle5;workarea;records;ta_date;ta_time;crash_date;geo_location;year;fatalities;injuries;month;contrfact1;contrfact2;contributing_factor;vehicleconcat1;vehicleconcat2;vehicleconcat3;vehicle_type
28078;250 FEET FROM SR 1313 (WALNUT ST);NO SPECIAL FEATURE;STRAIGHT,LEVEL;STATE SECONDARY ROUTE;TWO-WAY,NOT DIVIDED;SMOOTH ASPHALT;DRY;DAYLIGHT;CLEAR;NO CONTROL PRESENT;;;-78.758199;35.767499;;;0;0;1;;;;NONE;;SPORT UTILITY;;;;;NO;5455;2017-02-21;9:22:34 AM;2017-02-21T14:22:34+00:00;;2017;No;No;2;;NONE;NONE;SPORT UTILITY;SPORT UTILITY;SPORT UTILITY;SPORT UTILITY
28080;400 FEET FROM P.V.A. (201 HARRISON OAKS BLVD;NO SPECIAL FEATURE;STRAIGHT,LEVEL;PUBLIC VEHICULAR AREA;TWO-WAY,NOT DIVIDED;COARSE ASPHALT;DRY;DAYLIGHT;CLEAR;NO CONTROL PRESENT;;;-78.771924;35.833107;;;0;0;1;;NONE;;NONE;;PASSENGER CAR;PASSENGER CAR;;;;NO;5457;2017-02-21;5:02:42 PM;2017-02-21T22:02:42+00:00;;2017;No;No;2;NONE;NONE,NONE;NONE,NONE;PASSENGER CAR,PASSENGER CAR;PASSENGER CAR,PASSENGER CAR;PASSENGER CAR,PASSENGER CAR;PASSENGER CAR,PASSENGER CAR
28081;300 FEET FROM SR 1315 BUCK JONES RD;NO SPECIAL FEATURE;STRAIGHT,LEVEL;STATE SECONDARY ROUTE;TWO-WAY,DIVIDED,UNPROTECTED MEDIAN;SMOOTH ASPHALT;DRY;DARK - LIGHTED ROADWAY;CLEAR;NO CONTROL PRESENT;;;-78.743455;35.764676;;;0;0;;;NONE;;NONE;;SPORT UTILITY;SPORT UTILITY;;;;NO;5458;2017-02-21;8:14:41 PM;2017-02-22T01:14:41+00:00;;2017;No;No;2;NONE;NONE,NONE;NONE,NONE;SPORT UTILITY,SPORT UTILITY;SPORT UTILITY,SPORT UTILITY;SPORT UTILITY,SPORT UTILITY;SPORT UTILITY,SPORT UTILITY
28083;300 FEET FROM P.V.A. (1273 NW MAYNARD RD);NO SPECIAL FEATURE;STRAIGHT,LEVEL;PUBLIC VEHICULAR AREA;TWO-WAY,NOT DIVIDED;SMOOTH ASPHALT;DRY;DAYLIGHT;CLEAR;NO CONTROL PRESENT;;;-78.8115;35.7852;;;0;0;;;NONE;;NONE;;PASSENGER CAR;SPORT UTILITY;;;;NO;5460;2017-02-22;9:28:55 AM;2017-02-22T14:28:55+00:00;;2017;No;No;2;NONE;NONE,NONE;NONE,NONE;PASSENGER CAR,SPORT UTILITY;PASSENGER CAR,SPORT UTILITY;PASSENGER CAR,SPORT UTILITY;PASSENGER CAR,SPORT UTILITY
28099;20 FEET FROM GRANDE HEIGHTS DR;FOUR-WAY INTERSECTION;STRAIGHT,LEVEL;LOCAL STREET;TWO-WAY,NOT DIVIDED;SMOOTH ASPHALT;DRY;DAYLIGHT;CLEAR;STOP SIGN;35.804835977;-78.78468668;-78.7848;35.8048;P024;111;0;0;;;NONE;;NONE;;PASSENGER CAR;PASSENGER CAR;;;;NO;5475;2017-02-23;11:46 AM;2017-02-23T16:46:00+00:00;35.804835977, -78.78468668;2017;No;No;2;NONE;NONE,NONE;NONE,NONE;PASSENGER CAR,PASSENGER CAR;PASSENGER CAR,PASSENGER CAR;PASSENGER CAR,PASSENGER CAR;PASSENGER CAR,PASSENGER CAR
28108;5 FEET FROM SR 1655 TRINITY RD;FOUR-WAY INTERSECTION;STRAIGHT,LEVEL;STATE SECONDARY ROUTE;TWO-WAY,NOT DIVIDED;SMOOTH ASPHALT;DRY;DAYLIGHT;CLEAR;YIELD SIGN;;;-78.750955;35.794988;;;0;0;;;NONE;;NONE;;SPORT UTILITY;SPORT UTILITY;;;;NO;5484;2017-02-24;10:36 AM;2017-02-24T15:36:00+00:00;;2017;No;No;2;NONE;NONE,NONE;NONE,NONE;SPORT UTILITY,SPORT UTILITY;SPORT UTILITY,SPORT UTILITY;SPORT UTILITY,SPORT UTILITY;SPORT UTILITY,SPORT UTILITY
28117;215 FEET FROM WARD ST;RELATED TO INTERSECTION;STRAIGHT,LEVEL;LOCAL STREET;TWO-WAY,NOT DIVIDED;SMOOTH ASPHALT;DRY;DAYLIGHT;CLEAR;STOP SIGN;;;-78.7739;35.7896;;;0;0;2;;NONE;;NONE;;UNKNOWN HEAVY TRUCK;PASSENGER CAR;;;;NO;5493;2017-02-25;11:56 AM;2017-02-25T16:56:00+00:00;;2017;No;No;2;NONE;NONE,NONE;NONE,NONE;UNKNOWN HEAVY TRUCK,PASSENGER CAR;UNKNOWN HEAVY TRUCK,PASSENGER CAR;UNKNOWN HEAVY TRUCK,PASSENGER CAR;UNKNOWN HEAVY TRUCK,PASSENGER CAR
28121;CARY;FOUR-WAY INTERSECTION;STRAIGHT,LEVEL;LOCAL STREET;TWO-WAY,NOT DIVIDED;SMOOTH ASPHALT;DRY;DAYLIGHT;CLEAR;STOP SIGN;35.785066521;-78.77859311;-78.7785;35.785;P059;120;0;0;2;;NONE;;NONE;;PICKUP;PASSENGER CAR;;;;NO;5497;2017-02-25;4:05:09 PM;2017-02-25T21:05:09+00:00;35.785066521, -78.77859311;2017;No;No;2;NONE;NONE,NONE;NONE,NONE;PICKUP,PASSENGER CAR;PICKUP,PASSENGER CAR;PICKUP,PASSENGER CAR;PICKUP,PASSENGER CAR
28130;CARY;FOUR-WAY INTERSECTION;STRAIGHT,GRADE;STATE SECONDARY ROUTE;TWO-WAY,NOT DIVIDED;SMOOTH ASPHALT;DRY;DAYLIGHT;CLEAR;STOP AND GO SIGNAL;;;-78.7312;35.7533;;;0;2;1;;NONE;;NONE;;PASSENGER CAR;PASSENGER CAR;;;;NO;5506;2017-02-25;11:16 AM;2017-02-25T16:16:00+00:00;;2017;No;Yes;2;NONE;NONE,NONE;NONE,NONE;PASSENGER CAR,PASSENGER CAR;PASSENGER CAR,PASSENGER CAR;PASSENGER CAR,PASSENGER CAR;PASSENGER CAR,PASSENGER CAR
28146;25 FEET FROM MARVISTA CT;NO SPECIAL FEATURE;CURVE,GRADE;LOCAL STREET;TWO-WAY,NOT DIVIDED;SMOOTH ASPHALT;DRY;DAYLIGHT;CLEAR;NO CONTROL PRESENT;35.74306215;-78.75789525;-78.7576;35.7431;P004;118;0;0;;;NONE;;NONE;;PASSENGER CAR;VAN;;;;NO;5521;2017-02-27;7:36:23 AM;2017-02-27T12:36:23+00:00;35.74306215, -78.75789525;2017;No;No;2;NONE;NONE,NONE;NONE,NONE;PASSENGER CAR,VAN;PASSENGER CAR,VAN;PASSENGER CAR,VAN;PASSENGER CAR,VAN
28151;200 FEET FROM 100 WHITE BLUFF LN (PVA);NO SPECIAL FEATURE;STRAIGHT,GRADE;PUBLIC VEHICULAR AREA;TWO-WAY,NOT DIVIDED;SMOOTH ASPHALT;DRY;DARK - LIGHTED ROADWAY;CLEAR;NO CONTROL PRESENT;35.811078261;-78.78582098;-78.7859;35.8109;P024;111;0;1;;;;;NONE;;PASSENGER CAR;;;;;NO;5526;2017-02-27;10:26 PM;2017-02-28T03:26:00+00:00;35.811078261, -78.78582098;2017;No;Yes;2;;NONE;NONE;PASSENGER CAR;PASSENGER CAR;PASSENGER CAR;PASSENGER CAR
28153;20 FEET FROM SR 1624 (CARPENTER FIRE STATIO;FOUR-WAY INTERSECTION;STRAIGHT,LEVEL;STATE SECONDARY ROUTE;TWO-WAY,NOT DIVIDED;SMOOTH ASPHALT;DRY;DARK - ROADWAY NOT LIGHTED;CLEAR;NO CONTROL PRESENT;;;-78.890505;35.82283;;;0;0;2;;;;NONE;;PASSENGER CAR;PASSENGER CAR;;;;NO;5528;2017-02-25;2:08:55 AM;2017-02-25T07:08:55+00:00;;2017;No;No;2;;NONE;NONE;PASSENGER CAR,PASSENGER CAR;PASSENGER CAR,PASSENGER CAR;PASSENGER CAR,PASSENGER CAR;PASSENGER CAR,PASSENGER CAR
28154;0.3 MILES FROM SR 1600 (GREEN LEVEL CHURCH RD;NO SPECIAL FEATURE;STRAIGHT,LEVEL;STATE SECONDARY ROUTE;TWO-WAY,DIVIDED,UNPROTECTED MEDIAN;SMOOTH ASPHALT;DRY;DAYLIGHT;CLEAR;NO CONTROL PRESENT;35.829197081;-78.90030349;-78.9012;35.8267;P016;119;0;0;;;NONE;;NONE;;PASSENGER CAR;;;;;NO;5529;2017-02-25;10:52 AM;2017-02-25T15:52:00+00:00;35.829197081, -78.90030349;2017;No;No;2;NONE;NONE,NONE;NONE,NONE;PASSENGER CAR;PASSENGER CAR;PASSENGER CAR;PASSENGER CAR
28169;1 MILES FROM HWY US 1;NO SPECIAL FEATURE;STRAIGHT,LEVEL;US ROUTE;TWO-WAY,DIVIDED,POSITIVE MEDIAN BARRIER;SMOOTH ASPHALT;WATER (STANDING, MOVING);DARK - ROADWAY NOT LIGHTED;RAIN;NO CONTROL PRESENT;35.736701222;-78.78832394;-78.7766;35.7461;P042;115;0;0;;;NONE;;COMING FROM BEHIND PARKED VEHICLE;COMING FROM BEHIND PARKED VEHICLE;PASSENGER CAR;;;;;NO;5543;2017-03-01;10:15 PM;2017-03-02T03:15:00+00:00;35.736701222, -78.78832394;2017;No;No;3;NONE;NONE,COMING FROM BEHIND PARKED VEHICLE;NONE,COMING FROM BEHIND PARKED VEHICLE,COMING FROM BEHIND PARKED VEHICLE;PASSENGER CAR;PASSENGER CAR;PASSENGER CAR;PASSENGER CAR
28173;1 MILES FROM HWY US 1;NO SPECIAL FEATURE;STRAIGHT,LEVEL;US ROUTE;TWO-WAY,DIVIDED,POSITIVE MEDIAN BARRIER;SMOOTH ASPHALT;WATER (STANDING, MOVING);DARK - ROADWAY NOT LIGHTED;RAIN;NO CONTROL PRESENT;;;-78.7767;35.746;;;0;0;1;;NONE;;;NONE;PASSENGER CAR;;;;;NO;5547;2017-03-01;9:15:40 PM;2017-03-02T02:15:40+00:00;;2017;No;No;3;NONE;NONE;NONE,NONE;PASSENGER CAR;PASSENGER CAR;PASSENGER CAR;PASSENGER CAR
28176;.1 MILES FROM PVA (973 N HARRISON AV);DRIVEWAY, PUBLIC;STRAIGHT,GRADE;PUBLIC VEHICULAR AREA;TWO-WAY,NOT DIVIDED;SMOOTH ASPHALT;DRY;DAYLIGHT;CLEAR;NO CONTROL PRESENT;;;-78.7847;35.8019;;;0;0;;;NONE;;NONE;;PASSENGER CAR;SPORT UTILITY;;;;NO;5550;2017-03-01;2:10:07 PM;2017-03-01T19:10:07+00:00;;2017;No;No;3;NONE;NONE,NONE;NONE,NONE;PASSENGER CAR,SPORT UTILITY;PASSENGER CAR,SPORT UTILITY;PASSENGER CAR,SPORT UTILITY;PASSENGER CAR,SPORT UTILITY
28186;CARY;T-INTERSECTION;STRAIGHT,LEVEL;STATE SECONDARY ROUTE;TWO-WAY,NOT DIVIDED;SMOOTH ASPHALT;DRY;DARK - LIGHTED ROADWAY;CLEAR;STOP SIGN;;;-78.7649;35.7918;;;0;0;;;NONE;;NONE;;SPORT UTILITY;PASSENGER CAR;;;;NO;5560;2017-03-02;7:37:12 PM;2017-03-03T00:37:12+00:00;;2017;No;No;3;NONE;NONE,NONE;NONE,NONE;SPORT UTILITY,PASSENGER CAR;SPORT UTILITY,PASSENGER CAR;SPORT UTILITY,PASSENGER CAR;SPORT UTILITY,PASSENGER CAR
28188;150 FEET FROM 1350 OLD APEX RD;DRIVEWAY, PUBLIC;STRAIGHT,LEVEL;PUBLIC VEHICULAR AREA;TWO-WAY,NOT DIVIDED;COARSE ASPHALT;DRY;DAYLIGHT;CLEAR;NO CONTROL PRESENT;;;-78.80736;35.771804;;;0;0;;;NONE;;NONE;;PICKUP;;;;;NO;5562;2017-02-28;10:45 AM;2017-02-28T15:45:00+00:00;;2017;No;No;2;NONE;NONE,NONE;NONE,NONE;PICKUP;PICKUP;PICKUP;PICKUP
28199;20 FEET FROM SR 1011 E CHATHAM ST;RELATED TO INTERSECTION;STRAIGHT,LEVEL;STATE SECONDARY ROUTE;TWO-WAY,NOT DIVIDED;SMOOTH ASPHALT;DRY;DAYLIGHT;CLEAR;STOP AND GO SIGNAL;;;-78.764;35.792;;;0;1;;;NONE;;NONE;;PICKUP;;;;;NO;5573;2017-03-02;3:03:27 PM;2017-03-02T20:03:27+00:00;;2017;No;Yes;3;NONE;NONE,NONE;NONE,NONE;PICKUP;PICKUP;PICKUP;PICKUP
28206;300 FEET FROM PVA CARY HIGH SCHOOL 638 WALNU;DRIVEWAY, PUBLIC;STRAIGHT,LEVEL;PUBLIC VEHICULAR AREA;TWO-WAY,NOT DIVIDED;SMOOTH ASPHALT;DRY;DARK - LIGHTED ROADWAY;CLEAR;NO CONTROL PRESENT;;;-78.7655;35.7708;;;0;0;18;;NONE;;NONE;;SPORT UTILITY;;;;;NO;5580;2017-03-03;6:14:37 PM;2017-03-03T23:14:37+00:00;;2017;No;No;3;NONE;NONE,NONE;NONE,NONE;SPORT UTILITY;SPORT UTILITY;SPORT UTILITY;SPORT UTILITY
28216;100 FEET FROM CHAPEL HILL RD;DRIVEWAY, PUBLIC;STRAIGHT,LEVEL;LOCAL STREET;TWO-WAY,NOT DIVIDED;SMOOTH ASPHALT;DRY;DARK - LIGHTED ROADWAY;CLEAR;NO CONTROL PRESENT;35.774879718;-78.76557924;-78.7822;35.7914;P061;120;0;0;3;;NONE;;NONE;;PASSENGER CAR;SPORT UTILITY;;;;NO;5590;2017-03-05;10:13 PM;2017-03-06T03:13:00+00:00;35.774879718, -78.76557924;2017;No;No;3;NONE;NONE,NONE;NONE,NONE;PASSENGER CAR,SPORT UTILITY;PASSENGER CAR,SPORT UTILITY;PASSENGER CAR,SPORT UTILITY;PASSENGER CAR,SPORT UTILITY
28218;45 FEET FROM P.P. (7802 HOLLY SPRINGS RD);DRIVEWAY, PRIVATE;STRAIGHT,LEVEL;PRIVATE ROAD,DRIVEWAY;TWO-WAY,NOT DIVIDED;SMOOTH ASPHALT;DRY;DAYLIGHT;CLEAR;NO CONTROL PRESENT;;;-78.7536;35.7174;;;0;0;1;;NONE;;NONE;;SINGLE UNIT TRUCK (2-AXLE- 6-TIRE);;;;;NO;5592;2017-03-06;11:33 AM;2017-03-06T16:33:00+00:00;;2017;No;No;3;NONE;NONE,NONE;NONE,NONE;SINGLE UNIT TRUCK (2-AXLE- 6-TIRE);SINGLE UNIT TRUCK (2-AXLE- 6-TIRE);SINGLE UNIT TRUCK (2-AXLE- 6-TIRE);SINGLE UNIT TRUCK (2-AXLE- 6-TIRE)
28231;20 FEET FROM 11000 WESTON PKWY;DRIVEWAY, PUBLIC;STRAIGHT,LEVEL;PUBLIC VEHICULAR AREA;TWO-WAY,NOT DIVIDED;SMOOTH ASPHALT;DRY;DAYLIGHT;CLEAR;STOP SIGN;35.82870879;-78.80202576;-78.8037;35.8271;P021;111;0;0;;;;;NONE;;PASSENGER CAR;PASSENGER CAR;;;;NO;5605;2017-03-06;6:16:33 PM;2017-03-06T23:16:33+00:00;35.82870879, -78.80202576;2017;No;No;3;;NONE;NONE;PASSENGER CAR,PASSENGER CAR;PASSENGER CAR,PASSENGER CAR;PASSENGER CAR,PASSENGER CAR;PASSENGER CAR,PASSENGER CAR
28233;160 FEET FROM PVA 4000 GLENAIRE CIR;NO SPECIAL FEATURE;STRAIGHT,LEVEL;PUBLIC VEHICULAR AREA;TWO-WAY,NOT DIVIDED;SMOOTH ASPHALT;DRY;DAYLIGHT;CLEAR;NO CONTROL PRESENT;;;-78.7855;35.7758;;;0;0;;1;NONE;;NONE;;PASSENGER CAR;;;;;NO;5607;2017-03-06;4:35:49 PM;2017-03-06T21:35:49+00:00;;2017;No;No;3;NONE;NONE,NONE;NONE,NONE;PASSENGER CAR;PASSENGER CAR;PASSENGER CAR;PASSENGER CAR
28242;CARY;NO SPECIAL FEATURE;STRAIGHT,LEVEL;LOCAL STREET;TWO-WAY,DIVIDED,UNPROTECTED MEDIAN;SMOOTH ASPHALT;DRY;DAYLIGHT;CLEAR;STOP AND GO SIGNAL;35.767659152;-78.74094236;-78.7409;35.7676;P083;112;0;1;2;;NONE;;NONE;;PASSENGER CAR;SPORT UTILITY;;;;NO;5616;2017-03-07;10:55 AM;2017-03-07T15:55:00+00:00;35.767659152, -78.74094236;2017;No;Yes;3;NONE;NONE,NONE;NONE,NONE;PASSENGER CAR,SPORT UTILITY;PASSENGER CAR,SPORT UTILITY;PASSENGER CAR,SPORT UTILITY;PASSENGER CAR,SPORT UTILITY
28243;30 FEET FROM P.V.A. (300 ASHVILLE AVE);NO SPECIAL FEATURE;STRAIGHT,LEVEL;PUBLIC VEHICULAR AREA;TWO-WAY,NOT DIVIDED;SMOOTH ASPHALT;DRY;DAYLIGHT;CLEAR;NO CONTROL PRESENT;;;-78.7835;35.7395;;;0;0;;;NONE;;NONE;;PASSENGER CAR;PASSENGER CAR;;;;NO;5617;2017-03-07;1:02:09 PM;2017-03-07T18:02:09+00:00;;2017;No;No;3;NONE;NONE,NONE;NONE,NONE;PASSENGER CAR,PASSENGER CAR;PASSENGER CAR,PASSENGER CAR;PASSENGER CAR,PASSENGER CAR;PASSENGER CAR,PASSENGER CAR
28247;60 FEET FROM P.V.A. (421 E. CHATHAM ST);NO SPECIAL FEATURE;STRAIGHT,LEVEL;PUBLIC VEHICULAR AREA;TWO-WAY,NOT DIVIDED;SMOOTH ASPHALT;DRY;DAYLIGHT;CLEAR;NO CONTROL PRESENT;35.601953675;-78.79930456;-78.772724;35.78991;P119;RALW;0;0;;;NONE;;NONE;;SPORT UTILITY;PICKUP;;;;NO;5621;2017-03-08;7:45:19 AM;2017-03-08T12:45:19+00:00;35.601953675, -78.79930456;2017;No;No;3;NONE;NONE,NONE;NONE,NONE;SPORT UTILITY,PICKUP;SPORT UTILITY,PICKUP;SPORT UTILITY,PICKUP;SPORT UTILITY,PICKUP
28251;.11 MILES FROM NW CARY PKWY;NO SPECIAL FEATURE;STRAIGHT,LEVEL;LOCAL STREET;TWO-WAY,DIVIDED,UNPROTECTED MEDIAN;SMOOTH ASPHALT;DRY;DARK - LIGHTED ROADWAY;CLEAR;NO CONTROL PRESENT;35.820540197;-78.77624522;-78.7743;35.8202;P080;111;0;0;;;NONE;;NONE;;PASSENGER CAR;;;;;NO;5625;2017-03-08;10:55 PM;2017-03-09T03:55:00+00:00;35.820540197, -78.77624522;2017;No;No;3;NONE;NONE,NONE;NONE,NONE;PASSENGER CAR;PASSENGER CAR;PASSENGER CAR;PASSENGER CAR
28262;100 FEET FROM SR 1600 (GREEN LEVEL CHURCH RD;NO SPECIAL FEATURE;STRAIGHT,LEVEL;STATE SECONDARY ROUTE;TWO-WAY,NOT DIVIDED;SMOOTH ASPHALT;DRY;DAYLIGHT;CLEAR;NO CONTROL PRESENT;35.8541978;-78.90002884;-78.9;35.8541;P074;119;0;0;;;DARTING;NONE;NONE;;PASSENGER CAR;;;;;NO;5636;2017-03-08;5:10:26 PM;2017-03-08T22:10:26+00:00;35.8541978, -78.90002884;2017;No;No;3;DARTING,NONE;DARTING,NONE,NONE;DARTING,NONE,NONE;PASSENGER CAR;PASSENGER CAR;PASSENGER CAR;PASSENGER CAR
28271;100 FEET FROM PVA OF 1959 NW MAYNARD RD;DRIVEWAY, PUBLIC;STRAIGHT,GRADE;PUBLIC VEHICULAR AREA;TWO-WAY,NOT DIVIDED;SMOOTH ASPHALT;DRY;DAYLIGHT;CLEAR;NO CONTROL PRESENT;35.737325471;-78.79285877;-78.794183;35.799201;P042;115;0;0;;;NONE;;NONE;;SPORT UTILITY;PASSENGER CAR;;;;NO;5645;2017-03-02;3:59:16 PM;2017-03-02T20:59:16+00:00;35.737325471, -78.79285877;2017;No;No;3;NONE;NONE,NONE;NONE,NONE;SPORT UTILITY,PASSENGER CAR;SPORT UTILITY,PASSENGER CAR;SPORT UTILITY,PASSENGER CAR;SPORT UTILITY,PASSENGER CAR
28273;70 FEET FROM CAITBOO AVE;FOUR-WAY INTERSECTION;STRAIGHT,LEVEL;LOCAL STREET;TWO-WAY,DIVIDED,UNPROTECTED MEDIAN;SMOOTH ASPHALT;WET;DAYLIGHT;RAIN;STOP AND GO SIGNAL;35.759541366;-78.74137283;-78.7419;35.7612;P120;118;0;0;;;NONE;;NONE;;PASSENGER CAR;PASSENGER CAR;;;;NO;5647;2017-03-08;6:50:47 AM;2017-03-08T11:50:47+00:00;35.759541366, -78.74137283;2017;No;No;3;NONE;NONE,NONE;NONE,NONE;PASSENGER CAR,PASSENGER CAR;PASSENGER CAR,PASSENGER CAR;PASSENGER CAR,PASSENGER CAR;PASSENGER CAR,PASSENGER CAR
28279;.23 MILES FROM US 1;NO SPECIAL FEATURE;STRAIGHT,LEVEL;US ROUTE;TWO-WAY,DIVIDED,UNPROTECTED MEDIAN;CONCRETE;DRY;DAYLIGHT;CLEAR;NO CONTROL PRESENT;35.758066593;-78.75355919;-78.739678;35.764502;P028;112;0;0;1;;;;NONE;;SPORT UTILITY;PICKUP;;;;NO;5653;2017-03-09;9:18:07 AM;2017-03-09T14:18:07+00:00;35.758066593, -78.75355919;2017;No;No;3;;NONE;NONE;SPORT UTILITY,PICKUP;SPORT UTILITY,PICKUP;SPORT UTILITY,PICKUP;SPORT UTILITY,PICKUP
28281;.02 MILES FROM (PVA) 123 MIDDLE CREEK PARK AV;DRIVEWAY, PUBLIC;STRAIGHT,LEVEL;PUBLIC VEHICULAR AREA;TWO-WAY,NOT DIVIDED;SMOOTH ASPHALT;DRY;DAYLIGHT;CLEAR;NO CONTROL PRESENT;;;-78.781;35.6684;;;0;0;;;NONE;;NONE;;SPORT UTILITY;PASSENGER CAR;;;;NO;5655;2017-03-08;9:41:43 PM;2017-03-09T02:41:43+00:00;;2017;No;No;3;NONE;NONE,NONE;NONE,NONE;SPORT UTILITY,PASSENGER CAR;SPORT UTILITY,PASSENGER CAR;SPORT UTILITY,PASSENGER CAR;SPORT UTILITY,PASSENGER CAR
28296;.23 MILES FROM US 1;NO SPECIAL FEATURE;STRAIGHT,LEVEL;US ROUTE;TWO-WAY,DIVIDED,UNPROTECTED MEDIAN;SMOOTH ASPHALT;DRY;DAYLIGHT;CLOUDY;NO CONTROL PRESENT;35.758066593;-78.75355919;-78.739978;35.764961;P028;112;0;0;;;;;NONE;;PASSENGER CAR;PASSENGER CAR;;;;NO;5670;2017-03-10;6:56:27 AM;2017-03-10T11:56:27+00:00;35.758066593, -78.75355919;2017;No;No;3;;NONE;NONE;PASSENGER CAR,PASSENGER CAR;PASSENGER CAR,PASSENGER CAR;PASSENGER CAR,PASSENGER CAR;PASSENGER CAR,PASSENGER CAR
28300;CARY;RELATED TO INTERSECTION;STRAIGHT,LEVEL;LOCAL STREET;TWO-WAY,NOT DIVIDED;COARSE ASPHALT;DRY;DAYLIGHT;CLEAR;STOP SIGN;35.788117054;-78.84793334;-78.8479;35.7881;P018;117;0;0;2;;NONE;;NONE;;PASSENGER CAR;SPORT UTILITY;;;;NO;5674;2017-03-11;11:32 AM;2017-03-11T16:32:00+00:00;35.788117054, -78.84793334;2017;No;No;3;NONE;NONE,NONE;NONE,NONE;PASSENGER CAR,SPORT UTILITY;PASSENGER CAR,SPORT UTILITY;PASSENGER CAR,SPORT UTILITY;PASSENGER CAR,SPORT UTILITY
28305;20 FEET FROM SR 1652 (HARRISON AV);NO SPECIAL FEATURE;STRAIGHT,LEVEL;STATE SECONDARY ROUTE;TWO-WAY,NOT DIVIDED;SMOOTH ASPHALT;DRY;DAYLIGHT;CLEAR;STOP AND GO SIGNAL;;;-78.7664;35.8311;;;0;1;;;;;NONE;;PICKUP;PASSENGER CAR;;;;NO;5679;2017-03-10;11:01 AM;2017-03-10T16:01:00+00:00;;2017;No;Yes;3;;NONE;NONE;PICKUP,PASSENGER CAR;PICKUP,PASSENGER CAR;PICKUP,PASSENGER CAR;PICKUP,PASSENGER CAR
28311;CARY;RELATED TO INTERSECTION;STRAIGHT,LEVEL;STATE SECONDARY ROUTE;TWO-WAY,DIVIDED,UNPROTECTED MEDIAN;SMOOTH ASPHALT;DRY;DAYLIGHT;CLEAR;STOP AND GO SIGNAL;35.802614562;-78.78300553;-78.783044;35.802741;;113;0;1;2;;NONE;;NONE;;PASSENGER CAR;PASSENGER CAR;;;;NO;5685;2017-03-11;3:49:47 PM;2017-03-11T20:49:47+00:00;35.802614562, -78.78300553;2017;No;Yes;3;NONE;NONE,NONE;NONE,NONE;PASSENGER CAR,PASSENGER CAR;PASSENGER CAR,PASSENGER CAR;PASSENGER CAR,PASSENGER CAR;PASSENGER CAR,PASSENGER CAR
28312;129 FEET FROM SW CARY PKWY SR 3977;FOUR-WAY INTERSECTION;STRAIGHT,LEVEL;STATE SECONDARY ROUTE;TWO-WAY,NOT DIVIDED;COARSE ASPHALT;DRY;DAYLIGHT;CLEAR;STOP AND GO SIGNAL;35.763038973;-78.82232216;-78.823154;35.7626805;P009;117;0;0;;;NONE;;NONE;;SPORT UTILITY;PASSENGER CAR;;;;NO;5686;2017-03-10;5:05:06 PM;2017-03-10T22:05:06+00:00;35.763038973, -78.82232216;2017;No;No;3;NONE;NONE,NONE;NONE,NONE;SPORT UTILITY,PASSENGER CAR;SPORT UTILITY,PASSENGER CAR;SPORT UTILITY,PASSENGER CAR;SPORT UTILITY,PASSENGER CAR
28321;60 FEET FROM P.V.A. (OLIVE GARDEN);NO SPECIAL FEATURE;STRAIGHT,LEVEL;PUBLIC VEHICULAR AREA;TWO-WAY,NOT DIVIDED;SMOOTH ASPHALT;DRY;DAYLIGHT;CLEAR;NO CONTROL PRESENT;;;-78.743;35.7607;;;0;0;4;;NONE;;NONE;;PICKUP;PASSENGER CAR;;;;NO;5695;2017-03-12;1:38:21 PM;2017-03-12T17:38:21+00:00;;2017;No;No;3;NONE;NONE,NONE;NONE,NONE;PICKUP,PASSENGER CAR;PICKUP,PASSENGER CAR;PICKUP,PASSENGER CAR;PICKUP,PASSENGER CAR
28322;334 FEET FROM SR 1009 (TRYON RD);NO SPECIAL FEATURE;STRAIGHT,HILLCREST;STATE SECONDARY ROUTE;ONE-WAY,NOT DIVIDED;SMOOTH ASPHALT;DRY;DAYLIGHT;CLEAR;NO CONTROL PRESENT;;;-78.789;35.7362;;;0;1;;;NONE;;NONE;;PICKUP;PASSENGER CAR;;;;NO;5696;2017-03-13;7:56:58 AM;2017-03-13T11:56:58+00:00;;2017;No;Yes;3;NONE;NONE,NONE;NONE,NONE;PICKUP,PASSENGER CAR;PICKUP,PASSENGER CAR;PICKUP,PASSENGER CAR;PICKUP,PASSENGER CAR
28334;CARY;NO SPECIAL FEATURE;STRAIGHT,LEVEL;NC ROUTE;TWO-WAY,DIVIDED,UNPROTECTED MEDIAN;SMOOTH ASPHALT;WET;DAYLIGHT;RAIN;STOP AND GO SIGNAL;35.800709855;-78.88407591;-78.8853;35.8392;P072;122;0;0;1;;NONE;;NONE;;SPORT UTILITY;PASSENGER CAR;;;;NO;5708;2017-03-13;3:15:09 PM;2017-03-13T19:15:09+00:00;35.800709855, -78.88407591;2017;No;No;3;NONE;NONE,NONE;NONE,NONE;SPORT UTILITY,PASSENGER CAR;SPORT UTILITY,PASSENGER CAR;SPORT UTILITY,PASSENGER CAR;SPORT UTILITY,PASSENGER CAR