tamainid;location_description;rdfeature;rdcharacter;rdclass;rdconfigur;rdsurface;rdcondition;lightcond;weather;trafcontrl;lat;lon;lon2;lat2;tract;zone;fatality;possblinj;numpassengers;numpedestrians;contrcir1_desc;contrcir2_desc;contrcir3_desc;contrcir4_desc;vehicle1;vehicle2;vehicle3;vehicle4;vehicle5;workarea;records;ta_date;ta_time;crash_date;geo_location;year;fatalities;injuries;month;contrfact1;contrfact2;contributing_factor;vehicleconcat1;vehicleconcat2;vehicleconcat3;vehicle_type
28341;87 FEET FROM PVA ( 100 FALCONE PKWY );DRIVEWAY, PUBLIC;STRAIGHT,LEVEL;PUBLIC VEHICULAR AREA;TWO-WAY,NOT DIVIDED;SMOOTH ASPHALT;WET;DAYLIGHT;RAIN;NO CONTROL PRESENT;;;-78.7942;35.7856;;;0;0;1;;NONE;;NONE;;SPORT UTILITY;;;;;NO;5715;2017-03-14;10:24 AM;2017-03-14T14:24:00+00:00;;2017;No;No;3;NONE;NONE,NONE;NONE,NONE;SPORT UTILITY;SPORT UTILITY;SPORT UTILITY;SPORT UTILITY
28344;.1 MILES FROM SR 1152 (HOLLY SPRINGS RD);NO SPECIAL FEATURE;CURVE,GRADE;STATE SECONDARY ROUTE;TWO-WAY,NOT DIVIDED;COARSE ASPHALT;WET;DAYLIGHT;RAIN;NO CONTROL PRESENT;;;-78.762079;35.7071;;;0;0;;;NONE;;NONE;;PASSENGER CAR;;;;;NO;5718;2017-03-14;4:13:03 PM;2017-03-14T20:13:03+00:00;;2017;No;No;3;NONE;NONE,NONE;NONE,NONE;PASSENGER CAR;PASSENGER CAR;PASSENGER CAR;PASSENGER CAR
28346;200 FEET FROM NC 55 HWY;NO SPECIAL FEATURE;STRAIGHT,LEVEL;NC ROUTE;TWO-WAY,DIVIDED,POSITIVE MEDIAN BARRIER;SMOOTH ASPHALT;WET;DAYLIGHT;CLOUDY;NO CONTROL PRESENT;35.835344567;-78.88200703;-78.8831;35.8367;P124;119;0;0;;;NONE;;NONE;;SPORT UTILITY;PASSENGER CAR;PASSENGER CAR;;;NO;5720;2017-03-14;8:42:28 AM;2017-03-14T12:42:28+00:00;35.835344567, -78.88200703;2017;No;No;3;NONE;NONE,NONE;NONE,NONE;SPORT UTILITY,PASSENGER CAR;SPORT UTILITY,PASSENGER CAR,PASSENGER CAR;SPORT UTILITY,PASSENGER CAR,PASSENGER CAR;SPORT UTILITY,PASSENGER CAR,PASSENGER CAR
28355;300 FEET FROM PVA OF 240 CROSSROADS BLVD;NO SPECIAL FEATURE;STRAIGHT,LEVEL;PUBLIC VEHICULAR AREA;ONE-WAY,NOT DIVIDED;SMOOTH ASPHALT;DRY;DAYLIGHT;CLEAR;NO CONTROL PRESENT;;;;;;118;0;0;;;NONE;;NONE;;PASSENGER CAR;PASSENGER CAR;;;;NO;5729;2017-03-15;3:12:13 PM;2017-03-15T19:12:13+00:00;;2017;No;No;3;NONE;NONE,NONE;NONE,NONE;PASSENGER CAR,PASSENGER CAR;PASSENGER CAR,PASSENGER CAR;PASSENGER CAR,PASSENGER CAR;PASSENGER CAR,PASSENGER CAR
28361;0 FEET FROM US 1 OFF RAMP;OFF-RAMP TERMINAL ON CROSSROAD;CURVE,BOTTOM (SAG);US ROUTE;TWO-WAY,DIVIDED,UNPROTECTED MEDIAN;SMOOTH ASPHALT;DRY;DAYLIGHT;CLOUDY;STOP AND GO SIGNAL;;;-78.794329;35.737955;;;0;0;;;NONE;;NONE;;SPORT UTILITY;PASSENGER CAR;;;;NO;5735;2017-03-09;4:21:26 PM;2017-03-09T21:21:26+00:00;;2017;No;No;3;NONE;NONE,NONE;NONE,NONE;SPORT UTILITY,PASSENGER CAR;SPORT UTILITY,PASSENGER CAR;SPORT UTILITY,PASSENGER CAR;SPORT UTILITY,PASSENGER CAR
28366;20 FEET FROM PVA AT 1401  BUCK JONES RD;NO SPECIAL FEATURE;STRAIGHT,LEVEL;PUBLIC VEHICULAR AREA;TWO-WAY,NOT DIVIDED;SMOOTH ASPHALT;DRY;DARK - LIGHTED ROADWAY;CLEAR;NO CONTROL PRESENT;;;-78.743473;35.764435;;;0;0;;;;;NONE;;PASSENGER CAR;PASSENGER CAR;;;;NO;5740;2017-03-16;8:59:57 AM;2017-03-16T12:59:57+00:00;;2017;No;No;3;;NONE;NONE;PASSENGER CAR,PASSENGER CAR;PASSENGER CAR,PASSENGER CAR;PASSENGER CAR,PASSENGER CAR;PASSENGER CAR,PASSENGER CAR
28373;CARY;FOUR-WAY INTERSECTION;STRAIGHT,LEVEL;STATE SECONDARY ROUTE;TWO-WAY,NOT DIVIDED;SMOOTH ASPHALT;DRY;DAYLIGHT;CLEAR;STOP AND GO SIGNAL;;;-78.782964;35.757927;;;0;1;2;;NONE;;NONE;;PASSENGER CAR;SPORT UTILITY;;;;NO;5747;2017-03-15;3:49:49 PM;2017-03-15T19:49:49+00:00;;2017;No;Yes;3;NONE;NONE,NONE;NONE,NONE;PASSENGER CAR,SPORT UTILITY;PASSENGER CAR,SPORT UTILITY;PASSENGER CAR,SPORT UTILITY;PASSENGER CAR,SPORT UTILITY
28379;18 FEET FROM SR# 1319 (JONES FRANKLIN RD);RELATED TO INTERSECTION;STRAIGHT,LEVEL;STATE SECONDARY ROUTE;TWO-WAY,NOT DIVIDED;SMOOTH ASPHALT;DRY;DAYLIGHT;CLEAR;STOP AND GO SIGNAL;;;-78.74;35.74;;118;0;0;;;NONE;;NONE;;PASSENGER CAR;PICKUP;;;;NO;5753;2017-03-16;9:12:59 PM;2017-03-17T01:12:59+00:00;;2017;No;No;3;NONE;NONE,NONE;NONE,NONE;PASSENGER CAR,PICKUP;PASSENGER CAR,PICKUP;PASSENGER CAR,PICKUP;PASSENGER CAR,PICKUP
28385;.03 MILES FROM US 1;NO SPECIAL FEATURE;STRAIGHT,LEVEL;US ROUTE;TWO-WAY,DIVIDED,POSITIVE MEDIAN BARRIER;SMOOTH ASPHALT;DRY;DARK - ROADWAY NOT LIGHTED;CLEAR;NO CONTROL PRESENT;;;-78.81;35.7279;;116;0;0;;;NONE;;NONE;;PASSENGER CAR;;;;;NO;5759;2017-03-17;8:07:02 PM;2017-03-18T00:07:02+00:00;;2017;No;No;3;NONE;NONE,NONE;NONE,NONE;PASSENGER CAR;PASSENGER CAR;PASSENGER CAR;PASSENGER CAR
28386;200 FEET FROM SR-4067 (REGENCY PKWY);;;;;;;;;;;;;;;;0;0;;;;;;;;;;;;;5760;2017-03-15;3:38:46 PM;2017-03-15T19:38:46+00:00;;2017;No;No;3;;;;;;;
28391;400 FEET FROM ROSEPINE DR;NO SPECIAL FEATURE;STRAIGHT,LEVEL;LOCAL STREET;TWO-WAY,NOT DIVIDED;SMOOTH ASPHALT;DRY;DAYLIGHT;CLEAR;NO CONTROL PRESENT;35.840608263;-78.89613261;-78.8968;35.8405;P076;119;0;0;1;;NONE;;NONE;;PASSENGER CAR;PASSENGER CAR;;;;NO;5765;2017-03-19;5:54:16 PM;2017-03-19T21:54:16+00:00;35.840608263, -78.89613261;2017;No;No;3;NONE;NONE,NONE;NONE,NONE;PASSENGER CAR,PASSENGER CAR;PASSENGER CAR,PASSENGER CAR;PASSENGER CAR,PASSENGER CAR;PASSENGER CAR,PASSENGER CAR
28392;150 FEET FROM P.V.A. (HARRIS TEETER);NO SPECIAL FEATURE;STRAIGHT,LEVEL;PUBLIC VEHICULAR AREA;TWO-WAY,NOT DIVIDED;SMOOTH ASPHALT;DRY;DAYLIGHT;CLEAR;NO CONTROL PRESENT;;;-78.7432;35.7465;;;0;0;2;;NONE;;NONE;;SPORT UTILITY;SPORT UTILITY;;;;NO;5766;2017-03-18;6:22:07 PM;2017-03-18T22:22:07+00:00;;2017;No;No;3;NONE;NONE,NONE;NONE,NONE;SPORT UTILITY,SPORT UTILITY;SPORT UTILITY,SPORT UTILITY;SPORT UTILITY,SPORT UTILITY;SPORT UTILITY,SPORT UTILITY
28395;0 FEET FROM NC 55 HWY;FOUR-WAY INTERSECTION;STRAIGHT,LEVEL;NC ROUTE;TWO-WAY,DIVIDED,UNPROTECTED MEDIAN;SMOOTH ASPHALT;DRY;DAYLIGHT;CLEAR;STOP AND GO SIGNAL;;;-78.8739;35.8204;;122;0;2;2;;NONE;;NONE;;PASSENGER CAR;SPORT UTILITY;;;;NO;5769;2017-03-16;5:48:48 PM;2017-03-16T21:48:48+00:00;;2017;No;Yes;3;NONE;NONE,NONE;NONE,NONE;PASSENGER CAR,SPORT UTILITY;PASSENGER CAR,SPORT UTILITY;PASSENGER CAR,SPORT UTILITY;PASSENGER CAR,SPORT UTILITY
28396;.01 MILES FROM PVA OF 1700 REGENCY PKWY;NO SPECIAL FEATURE;STRAIGHT,LEVEL;PUBLIC VEHICULAR AREA;ONE-WAY,NOT DIVIDED;SMOOTH ASPHALT;DRY;DAYLIGHT;CLEAR;NO CONTROL PRESENT;;;-78.7881;35.7328;;116;0;0;;;NONE;;NONE;;PASSENGER CAR;PASSENGER CAR;;;;NO;5770;2017-03-17;5:18:05 PM;2017-03-17T21:18:05+00:00;;2017;No;No;3;NONE;NONE,NONE;NONE,NONE;PASSENGER CAR,PASSENGER CAR;PASSENGER CAR,PASSENGER CAR;PASSENGER CAR,PASSENGER CAR;PASSENGER CAR,PASSENGER CAR
28399;420 FEET FROM SR 3014 (MORRISVILLE CARPENT);NO SPECIAL FEATURE;STRAIGHT,LEVEL;LOCAL STREET;TWO-WAY,NOT DIVIDED;COARSE ASPHALT;DRY;DAYLIGHT;CLEAR;NO CONTROL PRESENT;;;-78.863149;35.8235345;;;0;0;;;NONE;;NONE;;PASSENGER CAR;PASSENGER CAR;;;;NO;5773;2017-03-17;5:35:26 PM;2017-03-17T21:35:26+00:00;;2017;No;No;3;NONE;NONE,NONE;NONE,NONE;PASSENGER CAR,PASSENGER CAR;PASSENGER CAR,PASSENGER CAR;PASSENGER CAR,PASSENGER CAR;PASSENGER CAR,PASSENGER CAR
28400;.09 MILES FROM P.V.A. (201 SHANNON OAKS DR);NO SPECIAL FEATURE;STRAIGHT,LEVEL;PUBLIC VEHICULAR AREA;TWO-WAY,NOT DIVIDED;SMOOTH ASPHALT;DRY;DAYLIGHT;CLEAR;NO CONTROL PRESENT;;;-78.78;35.75;;115;0;0;1;;NONE;;NONE;;PASSENGER CAR;SPORT UTILITY;;;;NO;5774;2017-03-17;5:09:38 PM;2017-03-17T21:09:38+00:00;;2017;No;No;3;NONE;NONE,NONE;NONE,NONE;PASSENGER CAR,SPORT UTILITY;PASSENGER CAR,SPORT UTILITY;PASSENGER CAR,SPORT UTILITY;PASSENGER CAR,SPORT UTILITY
28406;300 FEET FROM SR 1315 (BUCK JONES RD);NO SPECIAL FEATURE;STRAIGHT,LEVEL;STATE SECONDARY ROUTE;TWO-WAY,NOT DIVIDED;SMOOTH ASPHALT;WET;DAYLIGHT;CLOUDY;NO CONTROL PRESENT;;;-78.7448;35.7636;;;0;0;2;;;;NONE;;PASSENGER CAR;PASSENGER CAR;;;;NO;5780;2017-03-18;11:35 AM;2017-03-18T15:35:00+00:00;;2017;No;No;3;;NONE;NONE;PASSENGER CAR,PASSENGER CAR;PASSENGER CAR,PASSENGER CAR;PASSENGER CAR,PASSENGER CAR;PASSENGER CAR,PASSENGER CAR
28409;.185 MILES FROM US 64;NO SPECIAL FEATURE;STRAIGHT,LEVEL;US ROUTE;TWO-WAY,DIVIDED,UNPROTECTED MEDIAN;SMOOTH ASPHALT;DRY;DAYLIGHT;CLEAR;NO CONTROL PRESENT;35.740528066;-78.80475789;-78.8017;35.7397;P041;116;0;0;1;;NONE;;NONE;;PASSENGER CAR;PASSENGER CAR;;;;NO;5783;2017-03-18;4:38:41 PM;2017-03-18T20:38:41+00:00;35.740528066, -78.80475789;2017;No;No;3;NONE;NONE,NONE;NONE,NONE;PASSENGER CAR,PASSENGER CAR;PASSENGER CAR,PASSENGER CAR;PASSENGER CAR,PASSENGER CAR;PASSENGER CAR,PASSENGER CAR
28420;40 FEET FROM P.V.A. (BOB EVANS);NO SPECIAL FEATURE;STRAIGHT,LEVEL;PUBLIC VEHICULAR AREA;TWO-WAY,NOT DIVIDED;SMOOTH ASPHALT;DRY;DAYLIGHT;CLEAR;NO CONTROL PRESENT;;;-78.7418;35.7588;;;0;0;1;;NONE;;NONE;;SPORT UTILITY;PASSENGER CAR;;;;NO;5794;2017-03-20;6:39:20 PM;2017-03-20T22:39:20+00:00;;2017;No;No;3;NONE;NONE,NONE;NONE,NONE;SPORT UTILITY,PASSENGER CAR;SPORT UTILITY,PASSENGER CAR;SPORT UTILITY,PASSENGER CAR;SPORT UTILITY,PASSENGER CAR
28422;.1 MILES FROM NC 55 HWY;NO SPECIAL FEATURE;STRAIGHT,LEVEL;NC ROUTE;TWO-WAY,DIVIDED,UNPROTECTED MEDIAN;COARSE ASPHALT;DRY;DAYLIGHT;CLEAR;NO CONTROL PRESENT;;;-78.873583;35.818813;;;0;0;;;;;NONE;;PICKUP;SPORT UTILITY;PASSENGER CAR;;;NO;5796;2017-03-20;5:46:24 PM;2017-03-20T21:46:24+00:00;;2017;No;No;3;;NONE;NONE;PICKUP,SPORT UTILITY;PICKUP,SPORT UTILITY,PASSENGER CAR;PICKUP,SPORT UTILITY,PASSENGER CAR;PICKUP,SPORT UTILITY,PASSENGER CAR
28426;139 FEET FROM SR 1011 (W CHATHAM ST);TRAFFIC CIRCLE/ROUNDABOUT;STRAIGHT,GRADE;STATE SECONDARY ROUTE;TWO-WAY,NOT DIVIDED;SMOOTH ASPHALT;WET;DARK - LIGHTED ROADWAY;CLOUDY;YIELD SIGN;;;-78.7903;35.7864;;;0;0;;;NONE;;NONE;;PASSENGER CAR;;;;;NO;5800;2017-03-18;2:18:49 AM;2017-03-18T06:18:49+00:00;;2017;No;No;3;NONE;NONE,NONE;NONE,NONE;PASSENGER CAR;PASSENGER CAR;PASSENGER CAR;PASSENGER CAR
28427;.1 MILES FROM SR1615 (HIGH HOUSE RD);NO SPECIAL FEATURE;STRAIGHT,LEVEL;STATE SECONDARY ROUTE;TWO-WAY,DIVIDED,UNPROTECTED MEDIAN;SMOOTH ASPHALT;DRY;DAYLIGHT;CLEAR;NO CONTROL PRESENT;;;-78.835386;35.791279;;121;0;0;1;;NONE;;NONE;;LIGHT TRUCK (MINI-VAN- PANEL);LIGHT TRUCK (MINI-VAN- PANEL);PASSENGER CAR;;;NO;5801;2017-03-21;6:17:51 PM;2017-03-21T22:17:51+00:00;;2017;No;No;3;NONE;NONE,NONE;NONE,NONE;LIGHT TRUCK (MINI-VAN- PANEL),LIGHT TRUCK (MINI-VAN- PANEL);LIGHT TRUCK (MINI-VAN- PANEL),LIGHT TRUCK (MINI-VAN- PANEL),PASSENGER CAR;LIGHT TRUCK (MINI-VAN- PANEL),LIGHT TRUCK (MINI-VAN- PANEL),PASSENGER CAR;LIGHT TRUCK (MINI-VAN- PANEL),LIGHT TRUCK (MINI-VAN- PANEL),PASSENGER CAR
28432;.02 MILES FROM PVA OF 12040 REGENCY PKWY;NO SPECIAL FEATURE;STRAIGHT,LEVEL;PUBLIC VEHICULAR AREA;ONE-WAY,NOT DIVIDED;SMOOTH ASPHALT;DRY;DAYLIGHT;CLEAR;HUMAN CONTROL;;;;;;116;0;0;;;NONE;;NONE;;SPORT UTILITY;SPORT UTILITY;;;;NO;5806;2017-03-21;10:49 AM;2017-03-21T14:49:00+00:00;;2017;No;No;3;NONE;NONE,NONE;NONE,NONE;SPORT UTILITY,SPORT UTILITY;SPORT UTILITY,SPORT UTILITY;SPORT UTILITY,SPORT UTILITY;SPORT UTILITY,SPORT UTILITY
28436;100 FEET FROM 429 CROSSROADS BLVD;;;;;;;;;;35.754908262;-78.73025042;;;P093;WAKE;0;0;;;;;;;PASSENGER CAR;;;;;;5810;2017-03-17;9:12:17 AM;2017-03-17T13:12:17+00:00;35.754908262, -78.73025042;2017;No;No;3;;;;PASSENGER CAR;PASSENGER CAR;PASSENGER CAR;PASSENGER CAR
28441;300 FEET FROM P.V.A. (200 SAS CAMPUS DR);NO SPECIAL FEATURE;STRAIGHT,LEVEL;PUBLIC VEHICULAR AREA;TWO-WAY,NOT DIVIDED;SMOOTH ASPHALT;DRY;DAYLIGHT;CLEAR;NO CONTROL PRESENT;35.826497214;-78.76347298;-78.7619;35.8205;P029;111;0;0;;;NONE;;NONE;;PICKUP;PASSENGER CAR;;;;NO;5815;2017-03-22;5:37:45 PM;2017-03-22T21:37:45+00:00;35.826497214, -78.76347298;2017;No;No;3;NONE;NONE,NONE;NONE,NONE;PICKUP,PASSENGER CAR;PICKUP,PASSENGER CAR;PICKUP,PASSENGER CAR;PICKUP,PASSENGER CAR
28444;CARY;NO SPECIAL FEATURE;STRAIGHT,LEVEL;STATE SECONDARY ROUTE;TWO-WAY,DIVIDED,POSITIVE MEDIAN BARRIER;SMOOTH ASPHALT;DRY;DAYLIGHT;CLEAR;FLASHING STOP AND GO SIGNAL;;;-78.8381;35.7932;;;0;0;;;NONE;;NONE;;SPORT UTILITY;SPORT UTILITY;;;;NO;5818;2017-03-22;8:10:26 AM;2017-03-22T12:10:26+00:00;;2017;No;No;3;NONE;NONE,NONE;NONE,NONE;SPORT UTILITY,SPORT UTILITY;SPORT UTILITY,SPORT UTILITY;SPORT UTILITY,SPORT UTILITY;SPORT UTILITY,SPORT UTILITY
28447;300 FEET FROM CARY RESERVE DR;DRIVEWAY, PUBLIC;STRAIGHT,LEVEL;PUBLIC VEHICULAR AREA;TWO-WAY,NOT DIVIDED;SMOOTH ASPHALT;DRY;DAYLIGHT;CLEAR;NO CONTROL PRESENT;35.821765246;-78.9000997;-78.899628;35.821308;P015;122;0;0;;;NONE;;NONE;;PASSENGER CAR;PICKUP;;;;NO;5821;2017-03-23;7:24:56 AM;2017-03-23T11:24:56+00:00;35.821765246, -78.9000997;2017;No;No;3;NONE;NONE,NONE;NONE,NONE;PASSENGER CAR,PICKUP;PASSENGER CAR,PICKUP;PASSENGER CAR,PICKUP;PASSENGER CAR,PICKUP
28455;10 FEET FROM PVA 4101 NC 55 HWY;NO SPECIAL FEATURE;STRAIGHT,LEVEL;PUBLIC VEHICULAR AREA;TWO-WAY,DIVIDED,POSITIVE MEDIAN BARRIER;SMOOTH ASPHALT;DRY;DAYLIGHT;CLEAR;NO CONTROL PRESENT;;;-78.8744;35.8238;;;0;0;;;NONE;;NONE;;SPORT UTILITY;;;;;NO;5829;2017-03-23;3:31:55 PM;2017-03-23T19:31:55+00:00;;2017;No;No;3;NONE;NONE,NONE;NONE,NONE;SPORT UTILITY;SPORT UTILITY;SPORT UTILITY;SPORT UTILITY
28476;100 FEET FROM P.V.A. CARY LIBRARY (310 S ACA;NO SPECIAL FEATURE;STRAIGHT,LEVEL;PUBLIC VEHICULAR AREA;ONE-WAY,NOT DIVIDED;SMOOTH ASPHALT;DRY;DAYLIGHT;CLEAR;NO CONTROL PRESENT;;;-78.7822;35.784;;;0;0;;;NONE;;NONE;;VAN;PASSENGER CAR;;;;NO;5850;2017-03-25;3:34:40 PM;2017-03-25T19:34:40+00:00;;2017;No;No;3;NONE;NONE,NONE;NONE,NONE;VAN,PASSENGER CAR;VAN,PASSENGER CAR;VAN,PASSENGER CAR;VAN,PASSENGER CAR
28483;50 FEET FROM P.V.A. (CROSSROADS 20);NO SPECIAL FEATURE;STRAIGHT,LEVEL;PUBLIC VEHICULAR AREA;TWO-WAY,NOT DIVIDED;SMOOTH ASPHALT;DRY;DAYLIGHT;CLEAR;NO CONTROL PRESENT;;;-78.7345;35.7586;;;0;0;1;;NONE;;NONE;;PASSENGER CAR;PASSENGER CAR;;;;NO;5857;2017-03-26;6:41:22 PM;2017-03-26T22:41:22+00:00;;2017;No;No;3;NONE;NONE,NONE;NONE,NONE;PASSENGER CAR,PASSENGER CAR;PASSENGER CAR,PASSENGER CAR;PASSENGER CAR,PASSENGER CAR;PASSENGER CAR,PASSENGER CAR
28485;400 FEET FROM SR1415 (SE MAYNARD RD);NO SPECIAL FEATURE;CURVE,GRADE;STATE SECONDARY ROUTE;TWO-WAY,NOT DIVIDED;SMOOTH ASPHALT;DRY;DARK - LIGHTED ROADWAY;CLEAR;NO CONTROL PRESENT;35.772262717;-78.76406053;-78.7624;35.7704;P062;120;0;0;3;;NONE;;NONE;;PASSENGER CAR;SPORT UTILITY;;;;NO;5859;2017-03-24;8:30:03 PM;2017-03-25T00:30:03+00:00;35.772262717, -78.76406053;2017;No;No;3;NONE;NONE,NONE;NONE,NONE;PASSENGER CAR,SPORT UTILITY;PASSENGER CAR,SPORT UTILITY;PASSENGER CAR,SPORT UTILITY;PASSENGER CAR,SPORT UTILITY
28491;15 FEET FROM SR1652 (N HARRISON AV);RELATED TO INTERSECTION;STRAIGHT,HILLCREST;STATE SECONDARY ROUTE;TWO-WAY,DIVIDED,UNPROTECTED MEDIAN;SMOOTH ASPHALT;DRY;DAYLIGHT;CLEAR;STOP AND GO SIGNAL;35.802643691;-78.78297888;-78.7828;35.8028;P032;113;0;0;;;;;NONE;;PASSENGER CAR;SPORT UTILITY;;;;NO;5865;2017-03-24;6:11:03 PM;2017-03-24T22:11:03+00:00;35.802643691, -78.78297888;2017;No;No;3;;NONE;NONE;PASSENGER CAR,SPORT UTILITY;PASSENGER CAR,SPORT UTILITY;PASSENGER CAR,SPORT UTILITY;PASSENGER CAR,SPORT UTILITY
28492;.12 MILES FROM GREEN LEVEL CHURCH ROAD 1625;NO SPECIAL FEATURE;STRAIGHT,LEVEL;PUBLIC VEHICULAR AREA;TWO-WAY,NOT DIVIDED;CONCRETE;DRY;DAYLIGHT;CLEAR;NO CONTROL PRESENT;35.822261458;-78.90223563;-78.90169;35.820661;P091;WAKE;0;0;;;NONE;;NONE;;PASSENGER CAR;PASSENGER CAR;;;;NO;5866;2017-03-24;2:45:17 PM;2017-03-24T18:45:17+00:00;35.822261458, -78.90223563;2017;No;No;3;NONE;NONE,NONE;NONE,NONE;PASSENGER CAR,PASSENGER CAR;PASSENGER CAR,PASSENGER CAR;PASSENGER CAR,PASSENGER CAR;PASSENGER CAR,PASSENGER CAR
28495;0 FEET FROM SR 3081 (CHAPEL HILL RD);T-INTERSECTION;STRAIGHT,LEVEL;STATE SECONDARY ROUTE;TWO-WAY,NOT DIVIDED;SMOOTH ASPHALT;DRY;DAYLIGHT;CLEAR;STOP SIGN;;;-78.7782;35.7914;;;0;0;3;;NONE;;NONE;;PASSENGER CAR;PASSENGER CAR;;;;NO;5869;2017-03-24;2:19:45 PM;2017-03-24T18:19:45+00:00;;2017;No;No;3;NONE;NONE,NONE;NONE,NONE;PASSENGER CAR,PASSENGER CAR;PASSENGER CAR,PASSENGER CAR;PASSENGER CAR,PASSENGER CAR;PASSENGER CAR,PASSENGER CAR
28498;50 FEET FROM PVA OF 102 GREGSON DR;DRIVEWAY, PUBLIC;STRAIGHT,LEVEL;PUBLIC VEHICULAR AREA;TWO-WAY,NOT DIVIDED;SMOOTH ASPHALT;DRY;DAYLIGHT;CLEAR;NO CONTROL PRESENT;35.789741928;-78.77963612;-78.805181;35.739926;P060;113;0;0;;;NONE;;NONE;;PICKUP;PASSENGER CAR;;;;NO;5872;2017-03-23;12:53 PM;2017-03-23T16:53:00+00:00;35.789741928, -78.77963612;2017;No;No;3;NONE;NONE,NONE;NONE,NONE;PICKUP,PASSENGER CAR;PICKUP,PASSENGER CAR;PICKUP,PASSENGER CAR;PICKUP,PASSENGER CAR
28500;70 FEET FROM PVA OF 220 KILMAYNE DR;DRIVEWAY, PUBLIC;STRAIGHT,LEVEL;PUBLIC VEHICULAR AREA;TWO-WAY,NOT DIVIDED;SMOOTH ASPHALT;DRY;DAYLIGHT;CLEAR;NO CONTROL PRESENT;35.789741928;-78.77963612;-78.784882;35.77043;P060;113;0;0;;;NONE;;NONE;;PASSENGER CAR;VAN;;;;NO;5874;2017-03-23;12:53 PM;2017-03-23T16:53:00+00:00;35.789741928, -78.77963612;2017;No;No;3;NONE;NONE,NONE;NONE,NONE;PASSENGER CAR,VAN;PASSENGER CAR,VAN;PASSENGER CAR,VAN;PASSENGER CAR,VAN
28511;200 FEET FROM HWY US 64;NO SPECIAL FEATURE;STRAIGHT,LEVEL;US ROUTE;TWO-WAY,DIVIDED,UNPROTECTED MEDIAN;SMOOTH ASPHALT;DRY;DAYLIGHT;CLEAR;STOP AND GO SIGNAL;;;-78.7987;35.7389;;116;0;0;;;;;NONE;;SPORT UTILITY;SPORT UTILITY;;;;NO;5885;2017-03-27;3:14:29 PM;2017-03-27T19:14:29+00:00;;2017;No;No;3;;NONE;NONE;SPORT UTILITY,SPORT UTILITY;SPORT UTILITY,SPORT UTILITY;SPORT UTILITY,SPORT UTILITY;SPORT UTILITY,SPORT UTILITY
28513;CARY;NO SPECIAL FEATURE;STRAIGHT,HILLCREST;LOCAL STREET;TWO-WAY,DIVIDED,POSITIVE MEDIAN BARRIER;SMOOTH ASPHALT;DRY;DAYLIGHT;CLEAR;STOP SIGN;35.73602463;-78.78467133;-78.7843;35.7359;P053;116;0;0;;;;;NONE;;PASSENGER CAR;PASSENGER CAR;;;;NO;5887;2017-03-27;5:10:19 PM;2017-03-27T21:10:19+00:00;35.73602463, -78.78467133;2017;No;No;3;;NONE;NONE;PASSENGER CAR,PASSENGER CAR;PASSENGER CAR,PASSENGER CAR;PASSENGER CAR,PASSENGER CAR;PASSENGER CAR,PASSENGER CAR
28514;.12 MILES FROM PVA (2750 NC 55 HWY);NO SPECIAL FEATURE;STRAIGHT,LEVEL;PUBLIC VEHICULAR AREA;TWO-WAY,NOT DIVIDED;COARSE ASPHALT;DRY;DUSK;CLEAR;NO CONTROL PRESENT;;;-78.8697;35.7859;;;0;0;;;NONE;;NONE;;PICKUP;PASSENGER CAR;;;;NO;5888;2017-03-27;6:58:18 PM;2017-03-27T22:58:18+00:00;;2017;No;No;3;NONE;NONE,NONE;NONE,NONE;PICKUP,PASSENGER CAR;PICKUP,PASSENGER CAR;PICKUP,PASSENGER CAR;PICKUP,PASSENGER CAR
28517;294 FEET FROM PVA (7404 CHAPEL HILL RD);NO SPECIAL FEATURE;STRAIGHT,LEVEL;PUBLIC VEHICULAR AREA;TWO-WAY,NOT DIVIDED;COARSE ASPHALT;DRY;DAYLIGHT;CLEAR;NO CONTROL PRESENT;;;-78.7481;35.7946;;;0;0;;;UNKNOWN;;NONE;;;PASSENGER CAR;;;;NO;5891;2017-03-27;6:43:29 PM;2017-03-27T22:43:29+00:00;;2017;No;No;3;UNKNOWN;UNKNOWN,NONE;UNKNOWN,NONE;PASSENGER CAR;PASSENGER CAR;PASSENGER CAR;PASSENGER CAR
28518;385 FEET FROM PVA (2420 SW CARY PKWY);NO SPECIAL FEATURE;STRAIGHT,LEVEL;PUBLIC VEHICULAR AREA;TWO-WAY,NOT DIVIDED;COARSE ASPHALT;DRY;DAYLIGHT;CLEAR;STOP SIGN;;;-78.822;35.7631;;;0;0;;;NONE;;NONE;;PICKUP;PASSENGER CAR;;;;NO;5892;2017-03-27;6:19:34 PM;2017-03-27T22:19:34+00:00;;2017;No;No;3;NONE;NONE,NONE;NONE,NONE;PICKUP,PASSENGER CAR;PICKUP,PASSENGER CAR;PICKUP,PASSENGER CAR;PICKUP,PASSENGER CAR
28538;360 FEET FROM SR 3073 (NW MAYNARD RD);NO SPECIAL FEATURE;STRAIGHT,GRADE;STATE SECONDARY ROUTE;TWO-WAY,DIVIDED,UNPROTECTED MEDIAN;SMOOTH ASPHALT;DRY;DAYLIGHT;CLEAR;NO CONTROL PRESENT;;;-78.8065;35.793;;;0;0;;;OTHER *;;NONE;;SPORT UTILITY;;;;;NO;5912;2017-03-29;11:50 AM;2017-03-29T15:50:00+00:00;;2017;No;No;3;OTHER *;OTHER *,NONE;OTHER *,NONE;SPORT UTILITY;SPORT UTILITY;SPORT UTILITY;SPORT UTILITY