tamainid;location_description;rdfeature;rdcharacter;rdclass;rdconfigur;rdsurface;rdcondition;lightcond;weather;trafcontrl;lat;lon;lon2;lat2;tract;zone;fatality;possblinj;numpassengers;numpedestrians;contrcir1_desc;contrcir2_desc;contrcir3_desc;contrcir4_desc;vehicle1;vehicle2;vehicle3;vehicle4;vehicle5;workarea;records;ta_date;ta_time;crash_date;geo_location;year;fatalities;injuries;month;contrfact1;contrfact2;contributing_factor;vehicleconcat1;vehicleconcat2;vehicleconcat3;vehicle_type
28543;CARY;OFF-RAMP PROPER;CURVE,GRADE;US ROUTE;ONE-WAY,NOT DIVIDED;SMOOTH ASPHALT;DRY;DAYLIGHT;CLEAR;STOP AND GO SIGNAL;35.736894104;-78.79376171;-78.794332;35.737945;P043;116;0;0;;;NONE;;NONE;;PASSENGER CAR;PASSENGER CAR;;;;NO;5917;2017-03-29;4:52:01 PM;2017-03-29T20:52:01+00:00;35.736894104, -78.79376171;2017;No;No;3;NONE;NONE,NONE;NONE,NONE;PASSENGER CAR,PASSENGER CAR;PASSENGER CAR,PASSENGER CAR;PASSENGER CAR,PASSENGER CAR;PASSENGER CAR,PASSENGER CAR
28555;100 FEET FROM PVA 98 CORNERSTONE DR;NO SPECIAL FEATURE;STRAIGHT,LEVEL;PUBLIC VEHICULAR AREA;TWO-WAY,NOT DIVIDED;SMOOTH ASPHALT;DRY;DAYLIGHT;CLEAR;NO CONTROL PRESENT;;;-78.850705;35.790364;;;0;0;1;;NONE;;NONE;;SPORT UTILITY;PASSENGER CAR;;;;NO;5929;2017-03-29;4:30:30 PM;2017-03-29T20:30:30+00:00;;2017;No;No;3;NONE;NONE,NONE;NONE,NONE;SPORT UTILITY,PASSENGER CAR;SPORT UTILITY,PASSENGER CAR;SPORT UTILITY,PASSENGER CAR;SPORT UTILITY,PASSENGER CAR
28581;CARY;TRAFFIC CIRCLE/ROUNDABOUT;CURVE,LEVEL;STATE SECONDARY ROUTE;ONE-WAY,NOT DIVIDED;SMOOTH ASPHALT;DRY;DARK - LIGHTED ROADWAY;CLEAR;YIELD SIGN;;;-78.7729;35.7898;;;0;0;;;NONE;;NONE;;PASSENGER CAR;PASSENGER CAR;;;;NO;5955;2017-03-31;9:46:58 PM;2017-04-01T01:46:58+00:00;;2017;No;No;3;NONE;NONE,NONE;NONE,NONE;PASSENGER CAR,PASSENGER CAR;PASSENGER CAR,PASSENGER CAR;PASSENGER CAR,PASSENGER CAR;PASSENGER CAR,PASSENGER CAR
28587;.16 MILES FROM SR-1302 (STEPHENSON RD);NO SPECIAL FEATURE;CURVE,LEVEL;STATE SECONDARY ROUTE;TWO-WAY,NOT DIVIDED;SMOOTH ASPHALT;DRY;DAYLIGHT;CLEAR;NO CONTROL PRESENT;;;-78.8055;35.6952;;;0;0;;;;;NONE;;PASSENGER CAR;PASSENGER CAR;;;;NO;5961;2017-04-01;3:50:05 PM;2017-04-01T19:50:05+00:00;;2017;No;No;4;;NONE;NONE;PASSENGER CAR,PASSENGER CAR;PASSENGER CAR,PASSENGER CAR;PASSENGER CAR,PASSENGER CAR;PASSENGER CAR,PASSENGER CAR
28594;20 FEET FROM RYAN RD;NO SPECIAL FEATURE;STRAIGHT,LEVEL;LOCAL STREET;TWO-WAY,NOT DIVIDED;SMOOTH ASPHALT;DRY;DAYLIGHT;CLEAR;NO CONTROL PRESENT;;;-78.7684;35.7759;;;0;0;2;;NONE;;NONE;;PASSENGER CAR;SPORT UTILITY;;;;NO;5968;2017-03-31;4:56:14 PM;2017-03-31T20:56:14+00:00;;2017;No;No;3;NONE;NONE,NONE;NONE,NONE;PASSENGER CAR,SPORT UTILITY;PASSENGER CAR,SPORT UTILITY;PASSENGER CAR,SPORT UTILITY;PASSENGER CAR,SPORT UTILITY
28597;.47 MILES FROM MACKENAN DR;FOUR-WAY INTERSECTION;STRAIGHT,LEVEL;LOCAL STREET;TWO-WAY,NOT DIVIDED;SMOOTH ASPHALT;DRY;DAYLIGHT;CLOUDY;STOP SIGN;;;-78.8071;35.732;;;0;0;;;;;NONE;;VAN;SPORT UTILITY;;;;NO;5971;2017-04-03;7:55:28 AM;2017-04-03T11:55:28+00:00;;2017;No;No;4;;NONE;NONE;VAN,SPORT UTILITY;VAN,SPORT UTILITY;VAN,SPORT UTILITY;VAN,SPORT UTILITY
28598;120 FEET FROM 115 GREGORY DR;;;;;;;;;;35.793955198;-78.77399036;;;P031;113;0;0;;;;;;;;;;;;;5972;2017-04-03;12:01 PM;2017-04-03T16:01:00+00:00;35.793955198, -78.77399036;2017;No;No;4;;;;;;;
28601;.293 MILES FROM US1;NO SPECIAL FEATURE;STRAIGHT,LEVEL;US ROUTE;TWO-WAY,DIVIDED,POSITIVE MEDIAN BARRIER;SMOOTH ASPHALT;DRY;DAYLIGHT;CLOUDY;NO CONTROL PRESENT;;;-78.740302;35.76475;;;0;0;;;NONE;;NONE;;PASSENGER CAR;PASSENGER CAR;;;;NO;5975;2017-04-03;10:33 AM;2017-04-03T14:33:00+00:00;;2017;No;No;4;NONE;NONE,NONE;NONE,NONE;PASSENGER CAR,PASSENGER CAR;PASSENGER CAR,PASSENGER CAR;PASSENGER CAR,PASSENGER CAR;PASSENGER CAR,PASSENGER CAR
28603;218 FEET FROM SR 1011 (W CHATHAM ST);NO SPECIAL FEATURE;STRAIGHT,LEVEL;STATE SECONDARY ROUTE;TWO-WAY,NOT DIVIDED;COARSE ASPHALT;WET;DAYLIGHT;RAIN;STOP AND GO SIGNAL;;;-78.7863;35.7869;;;0;0;;;NONE;;NONE;;PICKUP;SPORT UTILITY;;;;NO;5977;2017-04-03;9:51:36 PM;2017-04-04T01:51:36+00:00;;2017;No;No;4;NONE;NONE,NONE;NONE,NONE;PICKUP,SPORT UTILITY;PICKUP,SPORT UTILITY;PICKUP,SPORT UTILITY;PICKUP,SPORT UTILITY
28605;.1 MILES FROM PVA (315 N ACADEMY ST);DRIVEWAY, PUBLIC;STRAIGHT,LEVEL;PUBLIC VEHICULAR AREA;TWO-WAY,NOT DIVIDED;SMOOTH ASPHALT;DRY;DAYLIGHT;CLEAR;NO CONTROL PRESENT;35.789580503;-78.78182282;-78.7818;35.7894;P060;113;0;0;;;NONE;;NONE;;VAN;LIGHT TRUCK (MINI-VAN- PANEL);;;;NO;5979;2017-04-03;1:05:01 PM;2017-04-03T17:05:01+00:00;35.789580503, -78.78182282;2017;No;No;4;NONE;NONE,NONE;NONE,NONE;VAN,LIGHT TRUCK (MINI-VAN- PANEL);VAN,LIGHT TRUCK (MINI-VAN- PANEL);VAN,LIGHT TRUCK (MINI-VAN- PANEL);VAN,LIGHT TRUCK (MINI-VAN- PANEL)
28607;.1 MILES FROM SR 1313 WALNUT ST;NO SPECIAL FEATURE;STRAIGHT,GRADE;STATE SECONDARY ROUTE;TWO-WAY,DIVIDED,UNPROTECTED MEDIAN;SMOOTH ASPHALT;DRY;DAYLIGHT;CLEAR;NO CONTROL PRESENT;35.765455329;-78.75117919;-78.7528;35.7652;P083;112;0;1;1;;;;NONE;;PICKUP;PICKUP;PICKUP;;;NO;5981;2017-04-03;3:45:20 PM;2017-04-03T19:45:20+00:00;35.765455329, -78.75117919;2017;No;Yes;4;;NONE;NONE;PICKUP,PICKUP;PICKUP,PICKUP,PICKUP;PICKUP,PICKUP,PICKUP;PICKUP,PICKUP,PICKUP
28610;100 FEET FROM QUEENSFERRY RD;NO SPECIAL FEATURE;STRAIGHT,LEVEL;LOCAL STREET;TWO-WAY,DIVIDED,UNPROTECTED MEDIAN;COARSE ASPHALT;WET;DAYLIGHT;RAIN;NO CONTROL PRESENT;35.740168445;-78.79807428;-78.797263;35.740532;P042;115;0;0;;;NONE;;NONE;;PASSENGER CAR;;;;;NO;5984;2017-04-03;9:46:25 PM;2017-04-04T01:46:25+00:00;35.740168445, -78.79807428;2017;No;No;4;NONE;NONE,NONE;NONE,NONE;PASSENGER CAR;PASSENGER CAR;PASSENGER CAR;PASSENGER CAR
28622;.1 MILES FROM PVA (7165 OKELLY CHAPEL ROAD);DRIVEWAY, PUBLIC;STRAIGHT,LEVEL;PUBLIC VEHICULAR AREA;TWO-WAY,NOT DIVIDED;SMOOTH ASPHALT;DRY;DAYLIGHT;CLEAR;NO CONTROL PRESENT;;;-78.8881;35.8444;;119;0;0;;;NONE;;NONE;;PASSENGER CAR;PASSENGER CAR;;;;NO;5996;2017-04-04;12:30 PM;2017-04-04T16:30:00+00:00;;2017;No;No;4;NONE;NONE,NONE;NONE,NONE;PASSENGER CAR,PASSENGER CAR;PASSENGER CAR,PASSENGER CAR;PASSENGER CAR,PASSENGER CAR;PASSENGER CAR,PASSENGER CAR
28623;200 FEET FROM PVA OF 2450 LAURA DUNCAN RD;NO SPECIAL FEATURE;STRAIGHT,LEVEL;PUBLIC VEHICULAR AREA;ONE-WAY,NOT DIVIDED;SMOOTH ASPHALT;DRY;DAYLIGHT;CLEAR;NO CONTROL PRESENT;;;-78.826821;35.759847;;115;0;0;1;;NONE;;NONE;;PASSENGER CAR;SPORT UTILITY;;;;NO;5997;2017-04-04;4:06:10 PM;2017-04-04T20:06:10+00:00;;2017;No;No;4;NONE;NONE,NONE;NONE,NONE;PASSENGER CAR,SPORT UTILITY;PASSENGER CAR,SPORT UTILITY;PASSENGER CAR,SPORT UTILITY;PASSENGER CAR,SPORT UTILITY
28624;CARY;T-INTERSECTION;STRAIGHT,LEVEL;STATE SECONDARY ROUTE;TWO-WAY,DIVIDED,UNPROTECTED MEDIAN;SMOOTH ASPHALT;DRY;DAYLIGHT;CLEAR;STOP AND GO SIGNAL;;;-78.837575;35.78036;;117;0;0;;;NONE;;NONE;;SPORT UTILITY;PASSENGER CAR;;;;UTILITY WORK AREA;5998;2017-04-04;3:00:10 PM;2017-04-04T19:00:10+00:00;;2017;No;No;4;NONE;NONE,NONE;NONE,NONE;SPORT UTILITY,PASSENGER CAR;SPORT UTILITY,PASSENGER CAR;SPORT UTILITY,PASSENGER CAR;SPORT UTILITY,PASSENGER CAR
28625;20 FEET FROM SR-1652 N HARRISON AV;RELATED TO INTERSECTION;STRAIGHT,LEVEL;STATE SECONDARY ROUTE;TWO-WAY,NOT DIVIDED;SMOOTH ASPHALT;DRY;DAYLIGHT;CLEAR;STOP AND GO SIGNAL;;;-78.763;35.8319;;;0;0;;;NONE;;NONE;;PICKUP;PASSENGER CAR;;;;NO;5999;2017-04-04;7:23:20 PM;2017-04-04T23:23:20+00:00;;2017;No;No;4;NONE;NONE,NONE;NONE,NONE;PICKUP,PASSENGER CAR;PICKUP,PASSENGER CAR;PICKUP,PASSENGER CAR;PICKUP,PASSENGER CAR
28638;0 FEET FROM SR 1379 PENNY RD;NO SPECIAL FEATURE;STRAIGHT,LEVEL;STATE SECONDARY ROUTE;TWO-WAY,NOT DIVIDED;SMOOTH ASPHALT;DRY;DAYLIGHT;CLEAR;NO CONTROL PRESENT;;;-78.797277;35.715283;;;0;1;;;NONE;;NONE;;PASSENGER CAR;SPORT UTILITY;;;;NO;6012;2017-04-04;1:31:53 PM;2017-04-04T17:31:53+00:00;;2017;No;Yes;4;NONE;NONE,NONE;NONE,NONE;PASSENGER CAR,SPORT UTILITY;PASSENGER CAR,SPORT UTILITY;PASSENGER CAR,SPORT UTILITY;PASSENGER CAR,SPORT UTILITY
28645;300 FEET FROM SR1011 (E. CHATHAM ST);NO SPECIAL FEATURE;STRAIGHT,GRADE;STATE SECONDARY ROUTE;TWO-WAY,NOT DIVIDED;SMOOTH ASPHALT;DRY;DAYLIGHT;CLOUDY;NO CONTROL PRESENT;35.7863665;-78.75320535;-78.7507;35.79;P002;120;0;0;;;NONE;;NONE;;PASSENGER CAR;SPORT UTILITY;;;;NO;6019;2017-04-06;5:32:52 PM;2017-04-06T21:32:52+00:00;35.7863665, -78.75320535;2017;No;No;4;NONE;NONE,NONE;NONE,NONE;PASSENGER CAR,SPORT UTILITY;PASSENGER CAR,SPORT UTILITY;PASSENGER CAR,SPORT UTILITY;PASSENGER CAR,SPORT UTILITY
28656;20 FEET FROM NC 55 HWY NC 55;RELATED TO INTERSECTION;STRAIGHT,LEVEL;NC ROUTE;TWO-WAY,DIVIDED,POSITIVE MEDIAN BARRIER;SMOOTH ASPHALT;DRY;DAYLIGHT;CLEAR;FLASHING STOP AND GO SIGNAL;;;-78.8901;35.8451;;;0;1;;;NONE;;NONE;;PASSENGER CAR;PASSENGER CAR;;;;NO;6030;2017-04-07;9:21:53 AM;2017-04-07T13:21:53+00:00;;2017;No;Yes;4;NONE;NONE,NONE;NONE,NONE;PASSENGER CAR,PASSENGER CAR;PASSENGER CAR,PASSENGER CAR;PASSENGER CAR,PASSENGER CAR;PASSENGER CAR,PASSENGER CAR
28657;45 FEET FROM PVA OF 580 NEW WAVERLY PLACE;NO SPECIAL FEATURE;STRAIGHT,LEVEL;PUBLIC VEHICULAR AREA;ONE-WAY,NOT DIVIDED;SMOOTH ASPHALT;DRY;DAYLIGHT;CLEAR;NO CONTROL PRESENT;;;-78.7755;35.7392;;116;0;0;;;NONE;;NONE;;PASSENGER CAR;PASSENGER CAR;;;;NO;6031;2017-04-07;1:41:15 PM;2017-04-07T17:41:15+00:00;;2017;No;No;4;NONE;NONE,NONE;NONE,NONE;PASSENGER CAR,PASSENGER CAR;PASSENGER CAR,PASSENGER CAR;PASSENGER CAR,PASSENGER CAR;PASSENGER CAR,PASSENGER CAR
28661;0 FEET FROM SR 3977 (SE CARY PKWY);NO SPECIAL FEATURE;STRAIGHT,LEVEL;STATE SECONDARY ROUTE;TWO-WAY,NOT DIVIDED;SMOOTH ASPHALT;DRY;DAYLIGHT;CLEAR;STOP SIGN;;;-78.77373;35.75243;;;0;0;;;;;NONE;;SPORT UTILITY;PASSENGER CAR;;;;NO;6035;2017-04-07;3:40:48 PM;2017-04-07T19:40:48+00:00;;2017;No;No;4;;NONE;NONE;SPORT UTILITY,PASSENGER CAR;SPORT UTILITY,PASSENGER CAR;SPORT UTILITY,PASSENGER CAR;SPORT UTILITY,PASSENGER CAR
28663;.5 MILES FROM SR 1617 (2500 CARPENTER UPCHUR;NO SPECIAL FEATURE;STRAIGHT,LEVEL;PUBLIC VEHICULAR AREA;TWO-WAY,NOT DIVIDED;SMOOTH ASPHALT;DRY;DAYLIGHT;CLEAR;NO CONTROL PRESENT;;;-78.8691;35.804;;;0;0;;;NONE;;NONE;;PASSENGER CAR;SPORT UTILITY;;;;NO;6037;2017-04-07;2:35:00 PM;2017-04-07T18:35:00+00:00;;2017;No;No;4;NONE;NONE,NONE;NONE,NONE;PASSENGER CAR,SPORT UTILITY;PASSENGER CAR,SPORT UTILITY;PASSENGER CAR,SPORT UTILITY;PASSENGER CAR,SPORT UTILITY
28664;.10 MILES FROM P.V.A. WALMART (2010 SR 1300);NO SPECIAL FEATURE;STRAIGHT,LEVEL;PUBLIC VEHICULAR AREA;TWO-WAY,NOT DIVIDED;SMOOTH ASPHALT;DRY;DAYLIGHT;CLEAR;NO CONTROL PRESENT;;;-78.7817;35.7371;;;0;0;;;NONE;;NONE;;PASSENGER CAR;PASSENGER CAR;;;;NO;6038;2017-04-07;4:58:52 PM;2017-04-07T20:58:52+00:00;;2017;No;No;4;NONE;NONE,NONE;NONE,NONE;PASSENGER CAR,PASSENGER CAR;PASSENGER CAR,PASSENGER CAR;PASSENGER CAR,PASSENGER CAR;PASSENGER CAR,PASSENGER CAR
28665;300 FEET FROM PVA (11825 WESTON PKWY);NO SPECIAL FEATURE;STRAIGHT,LEVEL;PUBLIC VEHICULAR AREA;TWO-WAY,NOT DIVIDED;COARSE ASPHALT;DRY;DAYLIGHT;CLEAR;NO CONTROL PRESENT;;;-78.8045;35.8258;;;0;0;;;NONE;;FAILURE TO YIELD RIGHT OF WAY;;PICKUP;PICKUP;;;;NO;6039;2017-04-06;9:19:18 AM;2017-04-06T13:19:18+00:00;;2017;No;No;4;NONE;NONE,FAILURE TO YIELD RIGHT OF WAY;NONE,FAILURE TO YIELD RIGHT OF WAY;PICKUP,PICKUP;PICKUP,PICKUP;PICKUP,PICKUP;PICKUP,PICKUP
28677;200 FEET FROM US 64;NO SPECIAL FEATURE;STRAIGHT,LEVEL;US ROUTE;TWO-WAY,DIVIDED,UNPROTECTED MEDIAN;COARSE ASPHALT;DRY;DAYLIGHT;CLEAR;NO CONTROL PRESENT;35.738948319;-78.79830398;-78.797977;35.738588;P041;116;0;1;3;;NONE;;NONE;;PICKUP;PASSENGER CAR;PASSENGER CAR;;;NO;6051;2017-04-09;7:57:34 PM;2017-04-09T23:57:34+00:00;35.738948319, -78.79830398;2017;No;Yes;4;NONE;NONE,NONE;NONE,NONE;PICKUP,PASSENGER CAR;PICKUP,PASSENGER CAR,PASSENGER CAR;PICKUP,PASSENGER CAR,PASSENGER CAR;PICKUP,PASSENGER CAR,PASSENGER CAR
28680;129 FEET FROM 4010 CONVENIENCE LN;NO SPECIAL FEATURE;STRAIGHT,LEVEL;PUBLIC VEHICULAR AREA;TWO-WAY,NOT DIVIDED;CONCRETE;DRY;DAYLIGHT;CLEAR;NO CONTROL PRESENT;;;-78.8949;35.8601;;;0;0;1;;;;NONE;;PASSENGER CAR;PASSENGER CAR;;;;NO;6054;2017-04-07;4:16:50 PM;2017-04-07T20:16:50+00:00;;2017;No;No;4;;NONE;NONE;PASSENGER CAR,PASSENGER CAR;PASSENGER CAR,PASSENGER CAR;PASSENGER CAR,PASSENGER CAR;PASSENGER CAR,PASSENGER CAR
28686;75 FEET FROM MAPLE AV;NO SPECIAL FEATURE;STRAIGHT,LEVEL;LOCAL STREET;TWO-WAY,NOT DIVIDED;COARSE ASPHALT;DRY;DAYLIGHT;CLEAR;NO CONTROL PRESENT;35.789409983;-78.76474305;-78.764;35.7895;P056;120;0;0;2;;NONE;;NONE;;PICKUP;VAN;;;;NO;6060;2017-04-08;12:28 PM;2017-04-08T16:28:00+00:00;35.789409983, -78.76474305;2017;No;No;4;NONE;NONE,NONE;NONE,NONE;PICKUP,VAN;PICKUP,VAN;PICKUP,VAN;PICKUP,VAN
28687;.2 MILES FROM US HWY 1;NO SPECIAL FEATURE;STRAIGHT,LEVEL;US ROUTE;TWO-WAY,DIVIDED,POSITIVE MEDIAN BARRIER;CONCRETE;DRY;DAYLIGHT;CLEAR;NO CONTROL PRESENT;;;-78.7635;35.7531;;;0;0;1;;;;NONE;;PASSENGER CAR;SPORT UTILITY;SPORT UTILITY;;;NO;6061;2017-04-09;10:33 AM;2017-04-09T14:33:00+00:00;;2017;No;No;4;;NONE;NONE;PASSENGER CAR,SPORT UTILITY;PASSENGER CAR,SPORT UTILITY,SPORT UTILITY;PASSENGER CAR,SPORT UTILITY,SPORT UTILITY;PASSENGER CAR,SPORT UTILITY,SPORT UTILITY
28688;CARY;NO SPECIAL FEATURE;STRAIGHT,LEVEL;STATE SECONDARY ROUTE;TWO-WAY,DIVIDED,UNPROTECTED MEDIAN;SMOOTH ASPHALT;DRY;DAYLIGHT;CLEAR;STOP AND GO SIGNAL;35.752384142;-78.77385875;-78.7733;35.7523;P027;112;0;0;;;;;NONE;;PASSENGER CAR;SPORT UTILITY;;;;NO;6062;2017-04-04;7:30:23 AM;2017-04-04T11:30:23+00:00;35.752384142, -78.77385875;2017;No;No;4;;NONE;NONE;PASSENGER CAR,SPORT UTILITY;PASSENGER CAR,SPORT UTILITY;PASSENGER CAR,SPORT UTILITY;PASSENGER CAR,SPORT UTILITY
28690;CARY;NO SPECIAL FEATURE;STRAIGHT,LEVEL;STATE SECONDARY ROUTE;TWO-WAY,DIVIDED,UNPROTECTED MEDIAN;SMOOTH ASPHALT;DRY;DAYLIGHT;CLEAR;STOP AND GO SIGNAL;;;-78.7928;35.7568;;;0;1;;;NONE;;NONE;;SPORT UTILITY;SPORT UTILITY;SPORT UTILITY;;;NO;6064;2017-04-10;3:20:54 PM;2017-04-10T19:20:54+00:00;;2017;No;Yes;4;NONE;NONE,NONE;NONE,NONE;SPORT UTILITY,SPORT UTILITY;SPORT UTILITY,SPORT UTILITY,SPORT UTILITY;SPORT UTILITY,SPORT UTILITY,SPORT UTILITY;SPORT UTILITY,SPORT UTILITY,SPORT UTILITY
28691;.13 MILES FROM SHERWOOD FOREST PL;NO SPECIAL FEATURE;STRAIGHT,HILLCREST;LOCAL STREET;TWO-WAY,NOT DIVIDED;COARSE ASPHALT;DRY;DARK - LIGHTED ROADWAY;CLEAR;NO CONTROL PRESENT;35.768295814;-78.85032102;-78.8478;35.7682;P071;117;0;0;;;NONE;;NONE;;PASSENGER CAR;PASSENGER CAR;;;;NO;6065;2017-04-08;8:41:07 PM;2017-04-09T00:41:07+00:00;35.768295814, -78.85032102;2017;No;No;4;NONE;NONE,NONE;NONE,NONE;PASSENGER CAR,PASSENGER CAR;PASSENGER CAR,PASSENGER CAR;PASSENGER CAR,PASSENGER CAR;PASSENGER CAR,PASSENGER CAR
28696;CARY;T-INTERSECTION;STRAIGHT,LEVEL;STATE SECONDARY ROUTE;TWO-WAY,NOT DIVIDED;SMOOTH ASPHALT;DRY;DAYLIGHT;CLEAR;NO CONTROL PRESENT;;;-78.7643;35.7882;;;0;0;;;NONE;;NONE;;PASSENGER CAR;SPORT UTILITY;;;;NO;6070;2017-04-10;4:39:51 PM;2017-04-10T20:39:51+00:00;;2017;No;No;4;NONE;NONE,NONE;NONE,NONE;PASSENGER CAR,SPORT UTILITY;PASSENGER CAR,SPORT UTILITY;PASSENGER CAR,SPORT UTILITY;PASSENGER CAR,SPORT UTILITY
28697;.35 MILES FROM HWY US 64;T-INTERSECTION;STRAIGHT,LEVEL;US ROUTE;TWO-WAY,DIVIDED,UNPROTECTED MEDIAN;SMOOTH ASPHALT;DRY;DAYLIGHT;CLEAR;STOP AND GO SIGNAL;;;-78.8045;35.7406;;;0;0;;;;;NONE;;PICKUP;SPORT UTILITY;;;;NO;6071;2017-04-10;2:58:42 PM;2017-04-10T18:58:42+00:00;;2017;No;No;4;;NONE;NONE;PICKUP,SPORT UTILITY;PICKUP,SPORT UTILITY;PICKUP,SPORT UTILITY;PICKUP,SPORT UTILITY
28702;140 FEET FROM PVA HARRIS TEETER 270 GRANDE H;DRIVEWAY, PUBLIC;STRAIGHT,LEVEL;PUBLIC VEHICULAR AREA;TWO-WAY,NOT DIVIDED;SMOOTH ASPHALT;DRY;DAYLIGHT;CLEAR;NO CONTROL PRESENT;;;-78.7805;35.8043;;;0;0;1;;NONE;;NONE;;SPORT UTILITY;SPORT UTILITY;;;;NO;6076;2017-04-11;11:51 AM;2017-04-11T15:51:00+00:00;;2017;No;No;4;NONE;NONE,NONE;NONE,NONE;SPORT UTILITY,SPORT UTILITY;SPORT UTILITY,SPORT UTILITY;SPORT UTILITY,SPORT UTILITY;SPORT UTILITY,SPORT UTILITY
28703;10 FEET FROM SR-1313 WALNUT ST;RELATED TO INTERSECTION;STRAIGHT,LEVEL;STATE SECONDARY ROUTE;TWO-WAY,NOT DIVIDED;SMOOTH ASPHALT;DRY;DARK - LIGHTED ROADWAY;CLEAR;STOP AND GO SIGNAL;35.764975104;-78.75212579;-78.752;35.765;P003;112;0;0;;;NONE;;NONE;;;;;;;NO;6077;2017-04-11;8:19:53 PM;2017-04-12T00:19:53+00:00;35.764975104, -78.75212579;2017;No;No;4;NONE;NONE,NONE;NONE,NONE;;;;
28705;250 FEET FROM WESTON PKWY;RELATED TO INTERSECTION;STRAIGHT,LEVEL;LOCAL STREET;TWO-WAY,DIVIDED,UNPROTECTED MEDIAN;SMOOTH ASPHALT;DRY;DAYLIGHT;CLEAR;NO CONTROL PRESENT;;;-78.7717;35.8284;;;0;0;1;;NONE;;NONE;;PASSENGER CAR;;;;;NO;6079;2017-04-11;5:23:10 PM;2017-04-11T21:23:10+00:00;;2017;No;No;4;NONE;NONE,NONE;NONE,NONE;PASSENGER CAR;PASSENGER CAR;PASSENGER CAR;PASSENGER CAR
28717;CARY;FOUR-WAY INTERSECTION;STRAIGHT,LEVEL;STATE SECONDARY ROUTE;TWO-WAY,DIVIDED,UNPROTECTED MEDIAN;SMOOTH ASPHALT;DRY;DAYLIGHT;CLEAR;STOP AND GO SIGNAL;;;-78.766311;35.83052;;111;0;3;;;NONE;;NONE;;PASSENGER CAR;PASSENGER CAR;PICKUP;;;NO;6091;2017-04-11;10:20 PM;2017-04-12T02:20:00+00:00;;2017;No;Yes;4;NONE;NONE,NONE;NONE,NONE;PASSENGER CAR,PASSENGER CAR;PASSENGER CAR,PASSENGER CAR,PICKUP;PASSENGER CAR,PASSENGER CAR,PICKUP;PASSENGER CAR,PASSENGER CAR,PICKUP
28719;300 FEET FROM PVA OF 6430 TRYON RD;NO SPECIAL FEATURE;STRAIGHT,LEVEL;PUBLIC VEHICULAR AREA;TWO-WAY,NOT DIVIDED;COARSE ASPHALT;DRY;DAYLIGHT;CLEAR;NO CONTROL PRESENT;;;-78.7613;35.7453;;;0;0;;;;;NONE;;SPORT UTILITY;PASSENGER CAR;;;;NO;6093;2017-04-12;5:35:57 PM;2017-04-12T21:35:57+00:00;;2017;No;No;4;;NONE;NONE;SPORT UTILITY,PASSENGER CAR;SPORT UTILITY,PASSENGER CAR;SPORT UTILITY,PASSENGER CAR;SPORT UTILITY,PASSENGER CAR
28730;436 FEET FROM US 64 HWY;RELATED TO INTERSECTION;STRAIGHT,LEVEL;US ROUTE;TWO-WAY,DIVIDED,UNPROTECTED MEDIAN;SMOOTH ASPHALT;DRY;DAYLIGHT;CLEAR;STOP AND GO SIGNAL;35.738696103;-78.79841368;-78.79;35.73;P041;116;0;0;;;NONE;;NONE;;SPORT UTILITY;PASSENGER CAR;;;;NO;6104;2017-04-13;10:03 AM;2017-04-13T14:03:00+00:00;35.738696103, -78.79841368;2017;No;No;4;NONE;NONE,NONE;NONE,NONE;SPORT UTILITY,PASSENGER CAR;SPORT UTILITY,PASSENGER CAR;SPORT UTILITY,PASSENGER CAR;SPORT UTILITY,PASSENGER CAR
28733;200 FEET FROM PVA 6560 TRYON RD;NO SPECIAL FEATURE;STRAIGHT,LEVEL;PUBLIC VEHICULAR AREA;ONE-WAY,NOT DIVIDED;SMOOTH ASPHALT;DRY;DAYLIGHT;CLEAR;NO CONTROL PRESENT;;;-78.765299;35.74434;;;0;0;;;NONE;;NONE;;SPORT UTILITY;SPORT UTILITY;;;;NO;6107;2017-04-13;10:24 AM;2017-04-13T14:24:00+00:00;;2017;No;No;4;NONE;NONE,NONE;NONE,NONE;SPORT UTILITY,SPORT UTILITY;SPORT UTILITY,SPORT UTILITY;SPORT UTILITY,SPORT UTILITY;SPORT UTILITY,SPORT UTILITY
28735;.5256 MILES FROM US 1 HWY;ON-RAMP ENTRY;STRAIGHT,LEVEL;US ROUTE;TWO-WAY,DIVIDED,POSITIVE MEDIAN BARRIER;SMOOTH ASPHALT;DRY;DAYLIGHT;CLEAR;NO CONTROL PRESENT;;;-78.752647;35.758636;;;0;0;2;;NONE;;NONE;;PASSENGER CAR;PICKUP;;;;NO;6109;2017-04-13;11:13 AM;2017-04-13T15:13:00+00:00;;2017;No;No;4;NONE;NONE,NONE;NONE,NONE;PASSENGER CAR,PICKUP;PASSENGER CAR,PICKUP;PASSENGER CAR,PICKUP;PASSENGER CAR,PICKUP
28739;57 FEET FROM 1931 HIGH HOUSE RD;NO SPECIAL FEATURE;STRAIGHT,LEVEL;PUBLIC VEHICULAR AREA;TWO-WAY,NOT DIVIDED;SMOOTH ASPHALT;DRY;DAYLIGHT;CLEAR;NO CONTROL PRESENT;35.790025631;-78.85048905;-78.8498;35.7892;P017;121;0;0;;;NONE;;NONE;;PASSENGER CAR;SPORT UTILITY;;;;NO;6113;2017-04-12;1:01:22 PM;2017-04-12T17:01:22+00:00;35.790025631, -78.85048905;2017;No;No;4;NONE;NONE,NONE;NONE,NONE;PASSENGER CAR,SPORT UTILITY;PASSENGER CAR,SPORT UTILITY;PASSENGER CAR,SPORT UTILITY;PASSENGER CAR,SPORT UTILITY