tamainid;location_description;rdfeature;rdcharacter;rdclass;rdconfigur;rdsurface;rdcondition;lightcond;weather;trafcontrl;lat;lon;lon2;lat2;tract;zone;fatality;possblinj;numpassengers;numpedestrians;contrcir1_desc;contrcir2_desc;contrcir3_desc;contrcir4_desc;vehicle1;vehicle2;vehicle3;vehicle4;vehicle5;workarea;records;ta_date;ta_time;crash_date;geo_location;year;fatalities;injuries;month;contrfact1;contrfact2;contributing_factor;vehicleconcat1;vehicleconcat2;vehicleconcat3;vehicle_type
28939;20 FEET FROM SR 1415 SE MAYNARD RD;NO SPECIAL FEATURE;CURVE,LEVEL;STATE SECONDARY ROUTE;TWO-WAY,DIVIDED,POSITIVE MEDIAN BARRIER;SMOOTH ASPHALT;DRY;DARK - LIGHTED ROADWAY;CLEAR;NO CONTROL PRESENT;;;-78.780949;35.771134;;;0;1;1;;NONE;;NONE;;SPORT UTILITY;;;;;NO;6313;2017-04-28;6:37:24 AM;2017-04-28T10:37:24+00:00;;2017;No;Yes;4;NONE;NONE,NONE;NONE,NONE;SPORT UTILITY;SPORT UTILITY;SPORT UTILITY;SPORT UTILITY
28942;180 FEET FROM PVA 1273 NW MAYNARD RD;NO SPECIAL FEATURE;STRAIGHT,LEVEL;PUBLIC VEHICULAR AREA;TWO-WAY,NOT DIVIDED;SMOOTH ASPHALT;DRY;DAYLIGHT;CLEAR;NO CONTROL PRESENT;35.785510081;-78.81214547;-78.8109;35.7854;P065;114;0;0;1;;;;NONE;;PASSENGER CAR;SPORT UTILITY;;;;NO;6316;2017-04-29;2:25:07 PM;2017-04-29T18:25:07+00:00;35.785510081, -78.81214547;2017;No;No;4;;NONE;NONE;PASSENGER CAR,SPORT UTILITY;PASSENGER CAR,SPORT UTILITY;PASSENGER CAR,SPORT UTILITY;PASSENGER CAR,SPORT UTILITY
28956;CARY;NO SPECIAL FEATURE;STRAIGHT,LEVEL;STATE SECONDARY ROUTE;TWO-WAY,DIVIDED,UNPROTECTED MEDIAN;SMOOTH ASPHALT;DRY;DAYLIGHT;CLEAR;NO CONTROL PRESENT;;;-78.8752;35.7868;;117;0;1;;;NONE;;NONE;;PASSENGER CAR;PASSENGER CAR;PASSENGER CAR;;;NO;6330;2017-04-29;7:48:51 PM;2017-04-29T23:48:51+00:00;;2017;No;Yes;4;NONE;NONE,NONE;NONE,NONE;PASSENGER CAR,PASSENGER CAR;PASSENGER CAR,PASSENGER CAR,PASSENGER CAR;PASSENGER CAR,PASSENGER CAR,PASSENGER CAR;PASSENGER CAR,PASSENGER CAR,PASSENGER CAR
28960;5 FEET FROM POND ST;NO SPECIAL FEATURE;STRAIGHT,LEVEL;LOCAL STREET;TWO-WAY,NOT DIVIDED;SMOOTH ASPHALT;DRY;DAYLIGHT;CLOUDY;STOP SIGN;;;-78.7873;35.7713;;;0;0;;;NONE;;NONE;;VAN;SPORT UTILITY;;;;NO;6334;2017-05-01;3:24:03 PM;2017-05-01T19:24:03+00:00;;2017;No;No;5;NONE;NONE,NONE;NONE,NONE;VAN,SPORT UTILITY;VAN,SPORT UTILITY;VAN,SPORT UTILITY;VAN,SPORT UTILITY
28969;60 FEET FROM 638 WALNUT ST;NO SPECIAL FEATURE;STRAIGHT,LEVEL;PUBLIC VEHICULAR AREA;TWO-WAY,NOT DIVIDED;SMOOTH ASPHALT;DRY;DAYLIGHT;CLEAR;NO CONTROL PRESENT;;;;;;;0;0;;;NONE;;NONE;;SPORT UTILITY;PICKUP;;;;NO;6343;2017-05-02;11:40 AM;2017-05-02T15:40:00+00:00;;2017;No;No;5;NONE;NONE,NONE;NONE,NONE;SPORT UTILITY,PICKUP;SPORT UTILITY,PICKUP;SPORT UTILITY,PICKUP;SPORT UTILITY,PICKUP
28984;15 FEET FROM US 1 NORTH ON RAMP;ON-RAMP ENTRY;CURVE,GRADE;US ROUTE;ONE-WAY,NOT DIVIDED;SMOOTH ASPHALT;DRY;DAYLIGHT;CLEAR;YIELD SIGN;;;-78.7446;35.761;;;0;0;;;;;NONE;;PASSENGER CAR;PASSENGER CAR;;;;NO;6358;2017-05-02;1:03:44 PM;2017-05-02T17:03:44+00:00;;2017;No;No;5;;NONE;NONE;PASSENGER CAR,PASSENGER CAR;PASSENGER CAR,PASSENGER CAR;PASSENGER CAR,PASSENGER CAR;PASSENGER CAR,PASSENGER CAR
28991;CARY;FOUR-WAY INTERSECTION;STRAIGHT,LEVEL;US ROUTE;ONE-WAY,NOT DIVIDED;SMOOTH ASPHALT;DRY;DAYLIGHT;CLEAR;STOP AND GO SIGNAL;;;-78.79;35.73;;;0;1;;;NONE;;NONE;;PASSENGER CAR;PICKUP;;;;NO;6365;2017-05-03;8:38:56 AM;2017-05-03T12:38:56+00:00;;2017;No;Yes;5;NONE;NONE,NONE;NONE,NONE;PASSENGER CAR,PICKUP;PASSENGER CAR,PICKUP;PASSENGER CAR,PICKUP;PASSENGER CAR,PICKUP
28992;300 FEET FROM PVA OF 6405 TRYON RD;NO SPECIAL FEATURE;STRAIGHT,GRADE;PUBLIC VEHICULAR AREA;TWO-WAY,NOT DIVIDED;COARSE ASPHALT;DRY;DAYLIGHT;CLEAR;NO CONTROL PRESENT;;;-78.7592;35.7438;;;0;0;;;;;NONE;;SPORT UTILITY;;;;;NO;6366;2017-05-03;12:49 PM;2017-05-03T16:49:00+00:00;;2017;No;No;5;;NONE;NONE;SPORT UTILITY;SPORT UTILITY;SPORT UTILITY;SPORT UTILITY
28997;200 FEET FROM ST CHARLES PL;NO SPECIAL FEATURE;STRAIGHT,GRADE;LOCAL STREET;TWO-WAY,NOT DIVIDED;SMOOTH ASPHALT;DRY;DAYLIGHT;CLEAR;NO CONTROL PRESENT;;;-78.7814;35.8023;;;0;0;;;;;NONE;;SPORT UTILITY;;;;;NO;6371;2017-05-04;7:56:47 AM;2017-05-04T11:56:47+00:00;;2017;No;No;5;;NONE;NONE;SPORT UTILITY;SPORT UTILITY;SPORT UTILITY;SPORT UTILITY
29002;55 FEET FROM US 64 EAST;NO SPECIAL FEATURE;STRAIGHT,LEVEL;US ROUTE;TWO-WAY,DIVIDED,UNPROTECTED MEDIAN;SMOOTH ASPHALT;DRY;DAYLIGHT;CLEAR;NO CONTROL PRESENT;;;-78.8427;35.7428;;;0;0;;;;;NONE;;SPORT UTILITY;;;;;NO;6376;2017-05-04;3:17:34 PM;2017-05-04T19:17:34+00:00;;2017;No;No;5;;NONE;NONE;SPORT UTILITY;SPORT UTILITY;SPORT UTILITY;SPORT UTILITY
29007;15 FEET FROM SR 1313 (WALNUT ST);RELATED TO INTERSECTION;STRAIGHT,LEVEL;STATE SECONDARY ROUTE;TWO-WAY,DIVIDED,UNPROTECTED MEDIAN;SMOOTH ASPHALT;DRY;DUSK;CLEAR;STOP AND GO SIGNAL;;;-78.740629;35.74592;;;0;0;3;;;;NONE;;PICKUP;SPORT UTILITY;;;;NO;6381;2017-05-04;7:22:29 PM;2017-05-04T23:22:29+00:00;;2017;No;No;5;;NONE;NONE;PICKUP,SPORT UTILITY;PICKUP,SPORT UTILITY;PICKUP,SPORT UTILITY;PICKUP,SPORT UTILITY
29010;50 FEET FROM GREGSON DR;NO SPECIAL FEATURE;STRAIGHT,LEVEL;LOCAL STREET;TWO-WAY,NOT DIVIDED;SMOOTH ASPHALT;DRY;DAYLIGHT;CLEAR;NO CONTROL PRESENT;35.735137793;-78.80336661;-78.8043;35.7355;P041;116;0;0;1;;NONE;;NONE;;PASSENGER CAR;PASSENGER CAR;;;;NO;6384;2017-05-04;7:49:49 AM;2017-05-04T11:49:49+00:00;35.735137793, -78.80336661;2017;No;No;5;NONE;NONE,NONE;NONE,NONE;PASSENGER CAR,PASSENGER CAR;PASSENGER CAR,PASSENGER CAR;PASSENGER CAR,PASSENGER CAR;PASSENGER CAR,PASSENGER CAR
29017;300 FEET FROM PVA OF 790 SE CARY PKWY;NO SPECIAL FEATURE;STRAIGHT,LEVEL;PUBLIC VEHICULAR AREA;TWO-WAY,NOT DIVIDED;SMOOTH ASPHALT;DRY;DAYLIGHT;CLEAR;NO CONTROL PRESENT;;;-78.7729;35.7515;;;0;0;;;;;NONE;;PASSENGER CAR;SPORT UTILITY;;;;NO;6391;2017-05-05;1:44:56 PM;2017-05-05T17:44:56+00:00;;2017;No;No;5;;NONE;NONE;PASSENGER CAR,SPORT UTILITY;PASSENGER CAR,SPORT UTILITY;PASSENGER CAR,SPORT UTILITY;PASSENGER CAR,SPORT UTILITY
29018;60 FEET FROM PVA OF 525-203 NEW WAVERLY PL;NO SPECIAL FEATURE;STRAIGHT,LEVEL;PUBLIC VEHICULAR AREA;ONE-WAY,NOT DIVIDED;SMOOTH ASPHALT;DRY;DARK - LIGHTED ROADWAY;CLEAR;NO CONTROL PRESENT;;;;;;116;0;0;;;NONE;;NONE;;;SPORT UTILITY;;;;NO;6392;2017-05-04;10:21 PM;2017-05-05T02:21:00+00:00;;2017;No;No;5;NONE;NONE,NONE;NONE,NONE;SPORT UTILITY;SPORT UTILITY;SPORT UTILITY;SPORT UTILITY
29022;CARY;;;;;;;;;;;;;;;;0;0;;;;;;;;;;;;;6396;2017-05-07;6:25:05 PM;2017-05-07T22:25:05+00:00;;2017;No;No;5;;;;;;;
29030;200 FEET FROM TRYON VILLAGE;NO SPECIAL FEATURE;STRAIGHT,LEVEL;PUBLIC VEHICULAR AREA;TWO-WAY,NOT DIVIDED;SMOOTH ASPHALT;DRY;DAYLIGHT;CLEAR;NO CONTROL PRESENT;35.7466524;-78.74274059;-78.743;35.7465;P046;118;0;0;;;UNKNOWN;UNKNOWN;NONE;;UNKNOWN;PASSENGER CAR;;;;NO;6404;2017-05-05;6:35:27 PM;2017-05-05T22:35:27+00:00;35.7466524, -78.74274059;2017;No;No;5;UNKNOWN,UNKNOWN;UNKNOWN,UNKNOWN,NONE;UNKNOWN,UNKNOWN,NONE;UNKNOWN,PASSENGER CAR;UNKNOWN,PASSENGER CAR;UNKNOWN,PASSENGER CAR;UNKNOWN,PASSENGER CAR
29031;50 FEET FROM SR 1313 (WALNUT ST);NO SPECIAL FEATURE;STRAIGHT,GRADE;STATE SECONDARY ROUTE;TWO-WAY,DIVIDED,UNPROTECTED MEDIAN;SMOOTH ASPHALT;DRY;DAYLIGHT;CLEAR;NO CONTROL PRESENT;;;-78.7627;35.7723;;;0;0;;;;;NONE;;PASSENGER CAR;PASSENGER CAR;;;;NO;6405;2017-05-05;7:09:08 PM;2017-05-05T23:09:08+00:00;;2017;No;No;5;;NONE;NONE;PASSENGER CAR,PASSENGER CAR;PASSENGER CAR,PASSENGER CAR;PASSENGER CAR,PASSENGER CAR;PASSENGER CAR,PASSENGER CAR
29035;.50 MILES FROM PVA(1920 NW MAYNARD RD);NO SPECIAL FEATURE;STRAIGHT,LEVEL;PUBLIC VEHICULAR AREA;TWO-WAY,NOT DIVIDED;SMOOTH ASPHALT;DRY;DAYLIGHT;CLEAR;NO CONTROL PRESENT;;;-787922.0;35.7892;;;0;0;;;NONE;;NONE;;PICKUP;VAN;;;;NO;6409;2017-04-29;8:14:18 AM;2017-04-29T12:14:18+00:00;;2017;No;No;4;NONE;NONE,NONE;NONE,NONE;PICKUP,VAN;PICKUP,VAN;PICKUP,VAN;PICKUP,VAN
29038;200 FEET FROM 1151 TRYON VILLAGE DR;DRIVEWAY, PUBLIC;STRAIGHT,LEVEL;PUBLIC VEHICULAR AREA;TWO-WAY,NOT DIVIDED;SMOOTH ASPHALT;DRY;DUSK;CLOUDY;NO CONTROL PRESENT;35.746670296;-78.74414081;-78.7432;35.7464;P046;118;0;0;;;NONE;;NONE;;PASSENGER CAR;PASSENGER CAR;;;;NO;6412;2017-05-06;6:59:28 PM;2017-05-06T22:59:28+00:00;35.746670296, -78.74414081;2017;No;No;5;NONE;NONE,NONE;NONE,NONE;PASSENGER CAR,PASSENGER CAR;PASSENGER CAR,PASSENGER CAR;PASSENGER CAR,PASSENGER CAR;PASSENGER CAR,PASSENGER CAR
29044;20 FEET FROM NC 55 HWY;RELATED TO INTERSECTION;STRAIGHT,LEVEL;NC ROUTE;TWO-WAY,DIVIDED,UNPROTECTED MEDIAN;SMOOTH ASPHALT;DRY;DAYLIGHT;CLEAR;STOP AND GO SIGNAL;35.845780977;-78.89083097;-78.8905;35.8456;P091;WAKE;0;0;1;;NONE;;NONE;;SPORT UTILITY;PASSENGER CAR;;;;NO;6418;2017-05-07;4:37:15 PM;2017-05-07T20:37:15+00:00;35.845780977, -78.89083097;2017;No;No;5;NONE;NONE,NONE;NONE,NONE;SPORT UTILITY,PASSENGER CAR;SPORT UTILITY,PASSENGER CAR;SPORT UTILITY,PASSENGER CAR;SPORT UTILITY,PASSENGER CAR
29049;CARY;;;;;;;;;;;;;;;;0;0;;;;;;;;;;;;;6423;2017-04-23;12:00 AM;2017-04-23T04:00:00+00:00;;2017;No;No;4;;;;;;;
29055;300 FEET FROM P.V.A(1397 KILDAIRE FARM RD);NO SPECIAL FEATURE;STRAIGHT,LEVEL;PUBLIC VEHICULAR AREA;ONE-WAY,NOT DIVIDED;COARSE ASPHALT;DRY;DAYLIGHT;CLEAR;NO CONTROL PRESENT;;;-78.782845;35.758287;;;0;0;;;NONE;;NONE;;LIGHT TRUCK (MINI-VAN- PANEL);PASSENGER CAR;;;;NO;6429;2017-05-08;3:45:18 PM;2017-05-08T19:45:18+00:00;;2017;No;No;5;NONE;NONE,NONE;NONE,NONE;LIGHT TRUCK (MINI-VAN- PANEL),PASSENGER CAR;LIGHT TRUCK (MINI-VAN- PANEL),PASSENGER CAR;LIGHT TRUCK (MINI-VAN- PANEL),PASSENGER CAR;LIGHT TRUCK (MINI-VAN- PANEL),PASSENGER CAR
29060;CARY;RELATED TO INTERSECTION;STRAIGHT,GRADE;STATE SECONDARY ROUTE;TWO-WAY,DIVIDED,UNPROTECTED MEDIAN;SMOOTH ASPHALT;DRY;DAYLIGHT;CLEAR;STOP SIGN;;;-78.7635;35.7453;;;0;0;3;;NONE;;NONE;;PASSENGER CAR;VAN;;;;NO;6434;2017-05-08;5:25:29 PM;2017-05-08T21:25:29+00:00;;2017;No;No;5;NONE;NONE,NONE;NONE,NONE;PASSENGER CAR,VAN;PASSENGER CAR,VAN;PASSENGER CAR,VAN;PASSENGER CAR,VAN
29062;75 FEET FROM 638 WALNUT ST;NO SPECIAL FEATURE;STRAIGHT,GRADE;PUBLIC VEHICULAR AREA;TWO-WAY,NOT DIVIDED;SMOOTH ASPHALT;DRY;DAYLIGHT;CLOUDY;NO CONTROL PRESENT;;;;;;;0;0;;;NONE;;NONE;;SPORT UTILITY;SPORT UTILITY;;;;NO;6436;2017-05-09;8:00:29 AM;2017-05-09T12:00:29+00:00;;2017;No;No;5;NONE;NONE,NONE;NONE,NONE;SPORT UTILITY,SPORT UTILITY;SPORT UTILITY,SPORT UTILITY;SPORT UTILITY,SPORT UTILITY;SPORT UTILITY,SPORT UTILITY
29076;360 FEET FROM PVA OF 2101 DAVIS DR;DRIVEWAY, PUBLIC;STRAIGHT,GRADE;PUBLIC VEHICULAR AREA;TWO-WAY,NOT DIVIDED;SMOOTH ASPHALT;DRY;DARK - LIGHTED ROADWAY;CLOUDY;NO CONTROL PRESENT;35.6449254;-78.64929422;-78.8494;35.7774;P119;RALW;0;0;2;;;;NONE;;PASSENGER CAR;PICKUP;;;;NO;6450;2017-05-09;8:52:45 PM;2017-05-10T00:52:45+00:00;35.6449254, -78.64929422;2017;No;No;5;;NONE;NONE;PASSENGER CAR,PICKUP;PASSENGER CAR,PICKUP;PASSENGER CAR,PICKUP;PASSENGER CAR,PICKUP
29078;200 FEET FROM PVA OF 2000 WALNUT ST;NO SPECIAL FEATURE;STRAIGHT,LEVEL;PUBLIC VEHICULAR AREA;TWO-WAY,NOT DIVIDED;SMOOTH ASPHALT;DRY;DAYLIGHT;CLEAR;NO CONTROL PRESENT;;;-78.7433;35.7579;;;0;0;;;;;NONE;;PASSENGER CAR;PICKUP;;;;NO;6452;2017-05-10;12:19 PM;2017-05-10T16:19:00+00:00;;2017;No;No;5;;NONE;NONE;PASSENGER CAR,PICKUP;PASSENGER CAR,PICKUP;PASSENGER CAR,PICKUP;PASSENGER CAR,PICKUP
29080;NEAR .1 MILES N OF N US1;MERGE LANE BETWEEN ON AND OFF RAMP;STRAIGHT,LEVEL;US ROUTE;TWO-WAY,DIVIDED,POSITIVE MEDIAN BARRIER;GROOVED CONCRETE;WET;DAYLIGHT;CLOUDY;NO CONTROL PRESENT;35.744104981;-78.77773293;-78.7372;35.7662;P044;115;0;0;;;;;NONE;;PASSENGER CAR;PASSENGER CAR;;;;NO;6454;2017-05-09;2:38:47 PM;2017-05-09T18:38:47+00:00;35.744104981, -78.77773293;2017;No;No;5;;NONE;NONE;PASSENGER CAR,PASSENGER CAR;PASSENGER CAR,PASSENGER CAR;PASSENGER CAR,PASSENGER CAR;PASSENGER CAR,PASSENGER CAR
29081;CARY;T-INTERSECTION;STRAIGHT,HILLCREST;STATE SECONDARY ROUTE;TWO-WAY,DIVIDED,UNPROTECTED MEDIAN;SMOOTH ASPHALT;DRY;DAYLIGHT;CLEAR;STOP SIGN;;;-78.81;35.75;;;0;1;;;NONE;;NONE;;SPORT UTILITY;PICKUP;;;;NO;6455;2017-05-10;10:31 AM;2017-05-10T14:31:00+00:00;;2017;No;Yes;5;NONE;NONE,NONE;NONE,NONE;SPORT UTILITY,PICKUP;SPORT UTILITY,PICKUP;SPORT UTILITY,PICKUP;SPORT UTILITY,PICKUP
29090;CARY;T-INTERSECTION;STRAIGHT,LEVEL;LOCAL STREET;TWO-WAY,NOT DIVIDED;SMOOTH ASPHALT;DRY;DAYLIGHT;CLEAR;STOP SIGN;;;-78.78267;35.738507;;;0;0;1;;NONE;;NONE;;PASSENGER CAR;SPORT UTILITY;;;;NO;6464;2017-05-10;2:22:37 PM;2017-05-10T18:22:37+00:00;;2017;No;No;5;NONE;NONE,NONE;NONE,NONE;PASSENGER CAR,SPORT UTILITY;PASSENGER CAR,SPORT UTILITY;PASSENGER CAR,SPORT UTILITY;PASSENGER CAR,SPORT UTILITY
29094;475 FEET FROM SR 1300 (KILDAIRE FARM RD);NO SPECIAL FEATURE;STRAIGHT,GRADE;STATE SECONDARY ROUTE;TWO-WAY,NOT DIVIDED;SMOOTH ASPHALT;DRY;DAYLIGHT;CLEAR;STOP AND GO SIGNAL;;;-78.783454;35.760851;;115;0;0;;;NONE;;NONE;;PASSENGER CAR;PICKUP;;;;NO;6468;2017-05-05;12:30 AM;2017-05-05T04:30:00+00:00;;2017;No;No;5;NONE;NONE,NONE;NONE,NONE;PASSENGER CAR,PICKUP;PASSENGER CAR,PICKUP;PASSENGER CAR,PICKUP;PASSENGER CAR,PICKUP
29101;200 FEET FROM SR1652 (N HARRISON AVE);NO SPECIAL FEATURE;STRAIGHT,GRADE;STATE SECONDARY ROUTE;TWO-WAY,NOT DIVIDED;SMOOTH ASPHALT;DRY;DAYLIGHT;CLEAR;NO CONTROL PRESENT;;;-78.7829;35.797;;;0;0;3;;NONE;;NONE;;PASSENGER CAR;PASSENGER CAR;;;;NO;6475;2017-05-10;1:11:08 PM;2017-05-10T17:11:08+00:00;;2017;No;No;5;NONE;NONE,NONE;NONE,NONE;PASSENGER CAR,PASSENGER CAR;PASSENGER CAR,PASSENGER CAR;PASSENGER CAR,PASSENGER CAR;PASSENGER CAR,PASSENGER CAR
29109;181 FEET FROM P.V.A. (1401 BUCK JONES RD);DRIVEWAY, PUBLIC;STRAIGHT,LEVEL;PUBLIC VEHICULAR AREA;TWO-WAY,NOT DIVIDED;SMOOTH ASPHALT;DRY;DARK - LIGHTED ROADWAY;CLEAR;NO CONTROL PRESENT;35.76406552;-78.74339687;-78.74;35.76;P083;112;0;0;;;NONE;;NONE;;PASSENGER CAR;PASSENGER CAR;;;;NO;6483;2017-05-10;11:51 PM;2017-05-11T03:51:00+00:00;35.76406552, -78.74339687;2017;No;No;5;NONE;NONE,NONE;NONE,NONE;PASSENGER CAR,PASSENGER CAR;PASSENGER CAR,PASSENGER CAR;PASSENGER CAR,PASSENGER CAR;PASSENGER CAR,PASSENGER CAR
29114;50 FEET FROM SR 1010;NO SPECIAL FEATURE;STRAIGHT,LEVEL;NC ROUTE;TWO-WAY,DIVIDED,UNPROTECTED MEDIAN;SMOOTH ASPHALT;DRY;DAYLIGHT;CLEAR;STOP AND GO SIGNAL;35.703277099;-78.79428437;-78.7939;35.7035;P052;116;0;0;;;NONE;;NONE;;PASSENGER CAR;PASSENGER CAR;;;;NO;6488;2017-05-11;4:02:39 PM;2017-05-11T20:02:39+00:00;35.703277099, -78.79428437;2017;No;No;5;NONE;NONE,NONE;NONE,NONE;PASSENGER CAR,PASSENGER CAR;PASSENGER CAR,PASSENGER CAR;PASSENGER CAR,PASSENGER CAR;PASSENGER CAR,PASSENGER CAR
29126;40 FEET FROM SR 3073 (MAYNARD RD);NO SPECIAL FEATURE;STRAIGHT,LEVEL;STATE SECONDARY ROUTE;TWO-WAY,NOT DIVIDED;SMOOTH ASPHALT;DRY;DAYLIGHT;CLEAR;NO CONTROL PRESENT;;;-78.811;35.784;;;0;0;;;NONE;;NONE;;PASSENGER CAR;PICKUP;;;;NO;6500;2017-05-14;10:15 AM;2017-05-14T14:15:00+00:00;;2017;No;No;5;NONE;NONE,NONE;NONE,NONE;PASSENGER CAR,PICKUP;PASSENGER CAR,PICKUP;PASSENGER CAR,PICKUP;PASSENGER CAR,PICKUP
29128;280 FEET FROM SR 1011 (E CHATHAM ST);RELATED TO INTERSECTION;STRAIGHT,LEVEL;STATE SECONDARY ROUTE;TWO-WAY,DIVIDED,UNPROTECTED MEDIAN;SMOOTH ASPHALT;DRY;DAYLIGHT;CLOUDY;STOP AND GO SIGNAL;35.791329318;-78.76209217;-78.7613;35.7917;P002;120;0;0;;;;;NONE;;SPORT UTILITY;SPORT UTILITY;;;;NO;6502;2017-05-12;5:52:18 PM;2017-05-12T21:52:18+00:00;35.791329318, -78.76209217;2017;No;No;5;;NONE;NONE;SPORT UTILITY,SPORT UTILITY;SPORT UTILITY,SPORT UTILITY;SPORT UTILITY,SPORT UTILITY;SPORT UTILITY,SPORT UTILITY
29133;100 FEET FROM BURNABY COURT;NO SPECIAL FEATURE;STRAIGHT,LEVEL;LOCAL STREET;TWO-WAY,NOT DIVIDED;SMOOTH ASPHALT;DRY;DAYLIGHT;CLEAR;NO CONTROL PRESENT;35.831937608;-78.91475657;-78.9155;35.8316;P076;119;0;0;;;NONE;;NONE;;VAN;PASSENGER CAR;;;;NO;6507;2017-05-14;2:34:54 PM;2017-05-14T18:34:54+00:00;35.831937608, -78.91475657;2017;No;No;5;NONE;NONE,NONE;NONE,NONE;VAN,PASSENGER CAR;VAN,PASSENGER CAR;VAN,PASSENGER CAR;VAN,PASSENGER CAR
29135;400 FEET FROM PVA (1105 WALNUT ST);NO SPECIAL FEATURE;STRAIGHT,LEVEL;PUBLIC VEHICULAR AREA;TWO-WAY,NOT DIVIDED;SMOOTH ASPHALT;DRY;DARK - LIGHTED ROADWAY;CLEAR;NO CONTROL PRESENT;;;-78.761193;35.775117;;;0;0;3;;NONE;;NONE;;PASSENGER CAR;PASSENGER CAR;;;;NO;6509;2017-05-13;8:37:37 PM;2017-05-14T00:37:37+00:00;;2017;No;No;5;NONE;NONE,NONE;NONE,NONE;PASSENGER CAR,PASSENGER CAR;PASSENGER CAR,PASSENGER CAR;PASSENGER CAR,PASSENGER CAR;PASSENGER CAR,PASSENGER CAR
29145;.12 MILES FROM SR 3977 (SW CARY PKWY);FOUR-WAY INTERSECTION;STRAIGHT,LEVEL;LOCAL STREET;TWO-WAY,NOT DIVIDED;SMOOTH ASPHALT;DRY;DAYLIGHT;CLOUDY;STOP AND GO SIGNAL;;;-78.8216;35.7619;;;0;0;;;NONE;;NONE;;PASSENGER CAR;PASSENGER CAR;;;;NO;6519;2017-05-13;9:34:30 AM;2017-05-13T13:34:30+00:00;;2017;No;No;5;NONE;NONE,NONE;NONE,NONE;PASSENGER CAR,PASSENGER CAR;PASSENGER CAR,PASSENGER CAR;PASSENGER CAR,PASSENGER CAR;PASSENGER CAR,PASSENGER CAR
29147;CARY;FOUR-WAY INTERSECTION;STRAIGHT,LEVEL;LOCAL STREET;TWO-WAY,NOT DIVIDED;SMOOTH ASPHALT;DRY;DAYLIGHT;CLOUDY;NO CONTROL PRESENT;35.75775629;-78.73641414;-78.736392;35.757721;P045;118;0;0;;;NONE;;NONE;;PASSENGER CAR;PASSENGER CAR;;;;NO;6521;2017-05-13;5:21:48 PM;2017-05-13T21:21:48+00:00;35.75775629, -78.73641414;2017;No;No;5;NONE;NONE,NONE;NONE,NONE;PASSENGER CAR,PASSENGER CAR;PASSENGER CAR,PASSENGER CAR;PASSENGER CAR,PASSENGER CAR;PASSENGER CAR,PASSENGER CAR
29153;100 FEET FROM PVA OF 801 SE MAYNARD RD;NO SPECIAL FEATURE;STRAIGHT,LEVEL;PUBLIC VEHICULAR AREA;ONE-WAY,NOT DIVIDED;SMOOTH ASPHALT;DRY;DAYLIGHT;CLEAR;NO CONTROL PRESENT;;;-78.7646;35.773;;;0;0;;;;;NONE;;SINGLE UNIT TRUCK (2-AXLE- 6-TIRE);;;;;NO;6527;2017-05-15;4:18:33 PM;2017-05-15T20:18:33+00:00;;2017;No;No;5;;NONE;NONE;SINGLE UNIT TRUCK (2-AXLE- 6-TIRE);SINGLE UNIT TRUCK (2-AXLE- 6-TIRE);SINGLE UNIT TRUCK (2-AXLE- 6-TIRE);SINGLE UNIT TRUCK (2-AXLE- 6-TIRE)
29155;30 FEET FROM BYRUM ST;DRIVEWAY, PUBLIC;STRAIGHT,LEVEL;LOCAL STREET;TWO-WAY,NOT DIVIDED;SMOOTH ASPHALT;DRY;DAYLIGHT;CLEAR;NO CONTROL PRESENT;35.781144977;-78.77843399;-78.778444;35.781225;P062;120;0;1;;;NONE;;NONE;;PASSENGER CAR;PICKUP;;;;NO;6529;2017-05-15;12:01 PM;2017-05-15T16:01:00+00:00;35.781144977, -78.77843399;2017;No;Yes;5;NONE;NONE,NONE;NONE,NONE;PASSENGER CAR,PICKUP;PASSENGER CAR,PICKUP;PASSENGER CAR,PICKUP;PASSENGER CAR,PICKUP
29162;CARY;FOUR-WAY INTERSECTION;STRAIGHT,LEVEL;LOCAL STREET;TWO-WAY,NOT DIVIDED;SMOOTH ASPHALT;DRY;DAYLIGHT;CLEAR;STOP SIGN;35.785066521;-78.77859311;-78.778;35.785;P059;120;0;3;2;;NONE;;NONE;;PICKUP;SPORT UTILITY;PASSENGER CAR;;;NO;6536;2017-05-15;3:07:24 PM;2017-05-15T19:07:24+00:00;35.785066521, -78.77859311;2017;No;Yes;5;NONE;NONE,NONE;NONE,NONE;PICKUP,SPORT UTILITY;PICKUP,SPORT UTILITY,PASSENGER CAR;PICKUP,SPORT UTILITY,PASSENGER CAR;PICKUP,SPORT UTILITY,PASSENGER CAR
29167;350 FEET FROM SR #1652 (N HARRISON AV);NO SPECIAL FEATURE;STRAIGHT,LEVEL;STATE SECONDARY ROUTE;TWO-WAY,DIVIDED,POSITIVE MEDIAN BARRIER;SMOOTH ASPHALT;DRY;DAYLIGHT;CLEAR;STOP AND GO SIGNAL;35.830273527;-78.76722978;-78.7679;35.83;P029;111;0;1;;;NONE;;NONE;;PASSENGER CAR;PASSENGER CAR;;;;NO;6541;2017-05-16;12:06 PM;2017-05-16T16:06:00+00:00;35.830273527, -78.76722978;2017;No;Yes;5;NONE;NONE,NONE;NONE,NONE;PASSENGER CAR,PASSENGER CAR;PASSENGER CAR,PASSENGER CAR;PASSENGER CAR,PASSENGER CAR;PASSENGER CAR,PASSENGER CAR