tamainid;location_description;rdfeature;rdcharacter;rdclass;rdconfigur;rdsurface;rdcondition;lightcond;weather;trafcontrl;lat;lon;lon2;lat2;tract;zone;fatality;possblinj;numpassengers;numpedestrians;contrcir1_desc;contrcir2_desc;contrcir3_desc;contrcir4_desc;vehicle1;vehicle2;vehicle3;vehicle4;vehicle5;workarea;records;ta_date;ta_time;crash_date;geo_location;year;fatalities;injuries;month;contrfact1;contrfact2;contributing_factor;vehicleconcat1;vehicleconcat2;vehicleconcat3;vehicle_type
29168;0 FEET FROM SR1615 (HIGH HOUSE RD);FOUR-WAY INTERSECTION;STRAIGHT,GRADE;STATE SECONDARY ROUTE;TWO-WAY,DIVIDED,UNPROTECTED MEDIAN;SMOOTH ASPHALT;DRY;DAYLIGHT;CLEAR;STOP AND GO SIGNAL;;;-78.8515;35.7907;;;0;0;1;;;;NONE;;PASSENGER CAR;PASSENGER CAR;;;;NO;6542;2017-05-16;3:51:30 PM;2017-05-16T19:51:30+00:00;;2017;No;No;5;;NONE;NONE;PASSENGER CAR,PASSENGER CAR;PASSENGER CAR,PASSENGER CAR;PASSENGER CAR,PASSENGER CAR;PASSENGER CAR,PASSENGER CAR
29169;0.1 MILES FROM PVA SAS 500 SAS CAMPUS DR;DRIVEWAY, PUBLIC;STRAIGHT,LEVEL;PUBLIC VEHICULAR AREA;TWO-WAY,NOT DIVIDED;SMOOTH ASPHALT;DRY;DAYLIGHT;CLEAR;STOP SIGN;;;-78.7579;35.8239;;;0;0;;;NONE;;NONE;;PASSENGER CAR;PASSENGER CAR;;;;NO;6543;2017-05-16;1:44:57 PM;2017-05-16T17:44:57+00:00;;2017;No;No;5;NONE;NONE,NONE;NONE,NONE;PASSENGER CAR,PASSENGER CAR;PASSENGER CAR,PASSENGER CAR;PASSENGER CAR,PASSENGER CAR;PASSENGER CAR,PASSENGER CAR
29177;40 FEET FROM WALDO ROOD BLVD;FOUR-WAY INTERSECTION;STRAIGHT,LEVEL;LOCAL STREET;TWO-WAY,NOT DIVIDED;SMOOTH ASPHALT;DRY;DAYLIGHT;CLEAR;STOP AND GO SIGNAL;35.783474097;-78.84957521;-78.848;35.782;P018;117;0;0;1;;NONE;;NONE;;PASSENGER CAR;PASSENGER CAR;;;;NO;6551;2017-05-17;9:02:07 AM;2017-05-17T13:02:07+00:00;35.783474097, -78.84957521;2017;No;No;5;NONE;NONE,NONE;NONE,NONE;PASSENGER CAR,PASSENGER CAR;PASSENGER CAR,PASSENGER CAR;PASSENGER CAR,PASSENGER CAR;PASSENGER CAR,PASSENGER CAR
29178;0.25 MILES FROM 2030 SR 1300 (KILDARE FARM RD);NO SPECIAL FEATURE;STRAIGHT,LEVEL;PUBLIC VEHICULAR AREA;TWO-WAY,NOT DIVIDED;SMOOTH ASPHALT;DRY;DAYLIGHT;CLEAR;NO CONTROL PRESENT;;;-78.7812;35.7363;;;0;0;;;NONE;;NONE;;PASSENGER CAR;PASSENGER CAR;;;;NO;6552;2017-05-17;2:03:11 PM;2017-05-17T18:03:11+00:00;;2017;No;No;5;NONE;NONE,NONE;NONE,NONE;PASSENGER CAR,PASSENGER CAR;PASSENGER CAR,PASSENGER CAR;PASSENGER CAR,PASSENGER CAR;PASSENGER CAR,PASSENGER CAR
29179;81 FEET FROM P.V.A. MACS TAVERN (1014 RYAN;NO SPECIAL FEATURE;STRAIGHT,LEVEL;PUBLIC VEHICULAR AREA;TWO-WAY,NOT DIVIDED;SMOOTH ASPHALT;DRY;DARK - LIGHTED ROADWAY;CLEAR;NO CONTROL PRESENT;;;-78.7681;35.7771;;;0;0;;;NONE;;NONE;;PICKUP;PICKUP;;;;NO;6553;2017-05-17;12:25 AM;2017-05-17T04:25:00+00:00;;2017;No;No;5;NONE;NONE,NONE;NONE,NONE;PICKUP,PICKUP;PICKUP,PICKUP;PICKUP,PICKUP;PICKUP,PICKUP
29184;25 FEET FROM NC 55 HWY;NO SPECIAL FEATURE;STRAIGHT,GRADE;NC ROUTE;TWO-WAY,NOT DIVIDED;SMOOTH ASPHALT;DRY;DAYLIGHT;CLEAR;NO CONTROL PRESENT;35.782539561;-78.87167976;-78.8719;35.7826;P013;117;0;1;;;;;NONE;;PASSENGER CAR;SPORT UTILITY;;;;NO;6558;2017-05-17;4:36:50 PM;2017-05-17T20:36:50+00:00;35.782539561, -78.87167976;2017;No;Yes;5;;NONE;NONE;PASSENGER CAR,SPORT UTILITY;PASSENGER CAR,SPORT UTILITY;PASSENGER CAR,SPORT UTILITY;PASSENGER CAR,SPORT UTILITY
29185;35 FEET FROM SR 1300 (KILDAIRE FARM RD);NO SPECIAL FEATURE;STRAIGHT,LEVEL;STATE SECONDARY ROUTE;TWO-WAY,DIVIDED,UNPROTECTED MEDIAN;SMOOTH ASPHALT;DRY;DAYLIGHT;CLEAR;STOP AND GO SIGNAL;;;-78.78;35.7401;;115;0;0;2;;NONE;;NONE;;PASSENGER CAR;SPORT UTILITY;;;;NO;6559;2017-05-16;6:38:08 PM;2017-05-16T22:38:08+00:00;;2017;No;No;5;NONE;NONE,NONE;NONE,NONE;PASSENGER CAR,SPORT UTILITY;PASSENGER CAR,SPORT UTILITY;PASSENGER CAR,SPORT UTILITY;PASSENGER CAR,SPORT UTILITY
29188;100 FEET FROM PVA 1115 TRYON VILLAGE DR;NO SPECIAL FEATURE;STRAIGHT,LEVEL;PUBLIC VEHICULAR AREA;ONE-WAY,NOT DIVIDED;SMOOTH ASPHALT;DRY;DAYLIGHT;CLEAR;NO CONTROL PRESENT;;;-78.743227;35.746456;;;0;0;;;NONE;;NONE;;PASSENGER CAR;SPORT UTILITY;;;;NO;6562;2017-05-17;8:49:21 PM;2017-05-18T00:49:21+00:00;;2017;No;No;5;NONE;NONE,NONE;NONE,NONE;PASSENGER CAR,SPORT UTILITY;PASSENGER CAR,SPORT UTILITY;PASSENGER CAR,SPORT UTILITY;PASSENGER CAR,SPORT UTILITY
29189;.2 MILES FROM REGENCY PKWY;NO SPECIAL FEATURE;CURVE,LEVEL;LOCAL STREET;TWO-WAY,DIVIDED,POSITIVE MEDIAN BARRIER;SMOOTH ASPHALT;DRY;DAYLIGHT;CLEAR;NO CONTROL PRESENT;35.721620656;-78.79718479;-78792155.0;35.728424;P054;116;0;0;;;NONE;;NONE;;PASSENGER CAR;PASSENGER CAR;;;;NO;6563;2017-05-17;3:50:33 PM;2017-05-17T19:50:33+00:00;35.721620656, -78.79718479;2017;No;No;5;NONE;NONE,NONE;NONE,NONE;PASSENGER CAR,PASSENGER CAR;PASSENGER CAR,PASSENGER CAR;PASSENGER CAR,PASSENGER CAR;PASSENGER CAR,PASSENGER CAR
29201;0 FEET FROM SR 1300 (KILDAIRE FARM RD);FOUR-WAY INTERSECTION;STRAIGHT,LEVEL;STATE SECONDARY ROUTE;TWO-WAY,DIVIDED,UNPROTECTED MEDIAN;SMOOTH ASPHALT;DRY;DAYLIGHT;CLEAR;STOP AND GO SIGNAL;;;-78.780696;35.74231;;115;0;0;;;NONE;;NONE;;PASSENGER CAR;SPORT UTILITY;;;;NO;6575;2017-05-16;4:01:01 PM;2017-05-16T20:01:01+00:00;;2017;No;No;5;NONE;NONE,NONE;NONE,NONE;PASSENGER CAR,SPORT UTILITY;PASSENGER CAR,SPORT UTILITY;PASSENGER CAR,SPORT UTILITY;PASSENGER CAR,SPORT UTILITY
29211;.13 MILES FROM SR #1652 (N HARRISON AV);NO SPECIAL FEATURE;STRAIGHT,LEVEL;STATE SECONDARY ROUTE;TWO-WAY,NOT DIVIDED;SMOOTH ASPHALT;DRY;DAYLIGHT;CLEAR;NO CONTROL PRESENT;35.829708141;-78.76851424;-78.7698;35.8283;P029;111;0;0;;;NONE;;NONE;;PASSENGER CAR;PASSENGER CAR;;;;NO;6585;2017-05-19;7:41:20 AM;2017-05-19T11:41:20+00:00;35.829708141, -78.76851424;2017;No;No;5;NONE;NONE,NONE;NONE,NONE;PASSENGER CAR,PASSENGER CAR;PASSENGER CAR,PASSENGER CAR;PASSENGER CAR,PASSENGER CAR;PASSENGER CAR,PASSENGER CAR
29218;100 FEET FROM PVA 240 CROSSROADS BLVD;NO SPECIAL FEATURE;STRAIGHT,LEVEL;PUBLIC VEHICULAR AREA;ONE-WAY,NOT DIVIDED;SMOOTH ASPHALT;DRY;DAYLIGHT;CLEAR;NO CONTROL PRESENT;;;-78.739583;35.760443;;;0;0;;;NONE;;NONE;;PASSENGER CAR;PASSENGER CAR;;;;NO;6592;2017-05-19;9:11:01 PM;2017-05-20T01:11:01+00:00;;2017;No;No;5;NONE;NONE,NONE;NONE,NONE;PASSENGER CAR,PASSENGER CAR;PASSENGER CAR,PASSENGER CAR;PASSENGER CAR,PASSENGER CAR;PASSENGER CAR,PASSENGER CAR
29221;.15 MILES FROM SR1423 (PINEY PLAINS RD);NO SPECIAL FEATURE;CURVE,LEVEL;STATE SECONDARY ROUTE;TWO-WAY,NOT DIVIDED;SMOOTH ASPHALT;DRY;DARK - LIGHTED ROADWAY;CLEAR;NO CONTROL PRESENT;35.755864063;-78.74817525;-78.7483;35.7557;P045;118;0;0;;;;;NONE;;SPORT UTILITY;;;;;NO;6595;2017-05-19;3:50:53 AM;2017-05-19T07:50:53+00:00;35.755864063, -78.74817525;2017;No;No;5;;NONE;NONE;SPORT UTILITY;SPORT UTILITY;SPORT UTILITY;SPORT UTILITY
29225;.041 MILES FROM 300 AIRGATE DR PVA;NO SPECIAL FEATURE;STRAIGHT,LEVEL;PUBLIC VEHICULAR AREA;TWO-WAY,NOT DIVIDED;SMOOTH ASPHALT;DRY;DAYLIGHT;CLEAR;NO CONTROL PRESENT;35.865487072;-78.81486208;-78.8151;35.8654;P019;111;0;0;;;;;NONE;;UNKNOWN;PASSENGER CAR;;;;NO;6599;2017-05-20;11:32 AM;2017-05-20T15:32:00+00:00;35.865487072, -78.81486208;2017;No;No;5;;NONE;NONE;UNKNOWN,PASSENGER CAR;UNKNOWN,PASSENGER CAR;UNKNOWN,PASSENGER CAR;UNKNOWN,PASSENGER CAR
29229;CARY;RELATED TO INTERSECTION;STRAIGHT,LEVEL;LOCAL STREET;TWO-WAY,NOT DIVIDED;COARSE ASPHALT;DRY;DAYLIGHT;CLEAR;NO CONTROL PRESENT;35.784991989;-78.78336216;-78.7833;35.7843;P035;114;0;0;1;;;;NONE;;PASSENGER CAR;PASSENGER CAR;;;;NO;6603;2017-05-20;4:01:06 PM;2017-05-20T20:01:06+00:00;35.784991989, -78.78336216;2017;No;No;5;;NONE;NONE;PASSENGER CAR,PASSENGER CAR;PASSENGER CAR,PASSENGER CAR;PASSENGER CAR,PASSENGER CAR;PASSENGER CAR,PASSENGER CAR
29233;280 FEET FROM PVA OF 575 NEW WAVERLY PL;NO SPECIAL FEATURE;STRAIGHT,GRADE;PUBLIC VEHICULAR AREA;TWO-WAY,NOT DIVIDED;SMOOTH ASPHALT;DRY;DAYLIGHT;CLEAR;NO CONTROL PRESENT;;;-78.7777;35.7373;;;0;0;;;;;NONE;;SPORT UTILITY;SPORT UTILITY;;;;NO;6607;2017-05-21;4:08:30 PM;2017-05-21T20:08:30+00:00;;2017;No;No;5;;NONE;NONE;SPORT UTILITY,SPORT UTILITY;SPORT UTILITY,SPORT UTILITY;SPORT UTILITY,SPORT UTILITY;SPORT UTILITY,SPORT UTILITY
29237;450 FEET FROM PVA 760 SE MAYNARD RD;NO SPECIAL FEATURE;STRAIGHT,GRADE;PUBLIC VEHICULAR AREA;TWO-WAY,NOT DIVIDED;SMOOTH ASPHALT;DRY;DAYLIGHT;CLEAR;NO CONTROL PRESENT;35.770092949;-78.76225575;-78.7626;35.7702;P003;112;0;0;1;;NONE;;NONE;;PASSENGER CAR;PICKUP;;;;NO;6611;2017-05-18;3:19:28 PM;2017-05-18T19:19:28+00:00;35.770092949, -78.76225575;2017;No;No;5;NONE;NONE,NONE;NONE,NONE;PASSENGER CAR,PICKUP;PASSENGER CAR,PICKUP;PASSENGER CAR,PICKUP;PASSENGER CAR,PICKUP
29242;470 FEET FROM PRITCHETT FARM LN;NO SPECIAL FEATURE;STRAIGHT,LEVEL;LOCAL STREET;TWO-WAY,NOT DIVIDED;SMOOTH ASPHALT;DRY;DAYLIGHT;CLEAR;NO CONTROL PRESENT;35.737863786;-78.742961;-78.74;35.73;P046;118;0;0;;;NONE;;;;LIGHT TRUCK (MINI-VAN- PANEL);;;;;NO;6616;2017-05-19;4:01:42 PM;2017-05-19T20:01:42+00:00;35.737863786, -78.742961;2017;No;No;5;NONE;NONE;NONE;LIGHT TRUCK (MINI-VAN- PANEL);LIGHT TRUCK (MINI-VAN- PANEL);LIGHT TRUCK (MINI-VAN- PANEL);LIGHT TRUCK (MINI-VAN- PANEL)
29246;.094 MILES FROM US64;NO SPECIAL FEATURE;STRAIGHT,LEVEL;US ROUTE;TWO-WAY,DIVIDED,UNPROTECTED MEDIAN;SMOOTH ASPHALT;DRY;DAYLIGHT;CLEAR;NO CONTROL PRESENT;;;-78.796482;35.738215;;;0;0;3;;NONE;;NONE;;PICKUP;PASSENGER CAR;PICKUP;PASSENGER CAR;VAN;NO;6620;2017-05-20;8:41:16 AM;2017-05-20T12:41:16+00:00;;2017;No;No;5;NONE;NONE,NONE;NONE,NONE;PICKUP,PASSENGER CAR;PICKUP,PASSENGER CAR,PICKUP;PICKUP,PASSENGER CAR,PICKUP,PASSENGER CAR;PICKUP,PASSENGER CAR,PICKUP,PASSENGER CAR,VAN
29247;.25 MILES FROM SR#1300 (KILDAIRE FARM RD);NO SPECIAL FEATURE;STRAIGHT,LEVEL;STATE SECONDARY ROUTE;TWO-WAY,NOT DIVIDED;SMOOTH ASPHALT;DRY;DAYLIGHT;CLEAR;NO CONTROL PRESENT;;;-78.7945;35.7037;;;0;0;5;;NONE;;NONE;;SPORT UTILITY;PASSENGER CAR;SPORT UTILITY;;;NO;6621;2017-05-21;3:46:59 PM;2017-05-21T19:46:59+00:00;;2017;No;No;5;NONE;NONE,NONE;NONE,NONE;SPORT UTILITY,PASSENGER CAR;SPORT UTILITY,PASSENGER CAR,SPORT UTILITY;SPORT UTILITY,PASSENGER CAR,SPORT UTILITY;SPORT UTILITY,PASSENGER CAR,SPORT UTILITY
29250;300 FEET FROM PVA (1105 WALNUT ST);NO SPECIAL FEATURE;STRAIGHT,LEVEL;PUBLIC VEHICULAR AREA;TWO-WAY,DIVIDED,UNPROTECTED MEDIAN;SMOOTH ASPHALT;DRY;DARK - LIGHTED ROADWAY;CLEAR;NO CONTROL PRESENT;;;-78.760946;35.774999;;;0;0;;;NONE;;NONE;;SPORT UTILITY;UNKNOWN;;;;NO;6624;2017-05-21;6:10:54 PM;2017-05-21T22:10:54+00:00;;2017;No;No;5;NONE;NONE,NONE;NONE,NONE;SPORT UTILITY,UNKNOWN;SPORT UTILITY,UNKNOWN;SPORT UTILITY,UNKNOWN;SPORT UTILITY,UNKNOWN
29251;.2 MILES FROM SW CARY PKWY;FOUR-WAY INTERSECTION;CURVE,GRADE;LOCAL STREET;TWO-WAY,DIVIDED,UNPROTECTED MEDIAN;COARSE ASPHALT;DRY;DAYLIGHT;CLEAR;STOP AND GO SIGNAL;35.77365305;-78.83476772;-78.835671;35.7735048;P064;117;0;0;;;NONE;;NONE;;SPORT UTILITY;PASSENGER CAR;;;;NO;6625;2017-05-22;4:57:49 PM;2017-05-22T20:57:49+00:00;35.77365305, -78.83476772;2017;No;No;5;NONE;NONE,NONE;NONE,NONE;SPORT UTILITY,PASSENGER CAR;SPORT UTILITY,PASSENGER CAR;SPORT UTILITY,PASSENGER CAR;SPORT UTILITY,PASSENGER CAR
29252;CARY;DRIVEWAY, PRIVATE;STRAIGHT,LEVEL;LOCAL STREET;TWO-WAY,NOT DIVIDED;SMOOTH ASPHALT;DRY;DAYLIGHT;CLEAR;NO CONTROL PRESENT;35.798460794;-78.75611285;-78.7564;35.7984;P034;113;0;0;;;NONE;;NONE;;PASSENGER CAR;PASSENGER CAR;;;;NO;6626;2017-05-21;6:52:08 PM;2017-05-21T22:52:08+00:00;35.798460794, -78.75611285;2017;No;No;5;NONE;NONE,NONE;NONE,NONE;PASSENGER CAR,PASSENGER CAR;PASSENGER CAR,PASSENGER CAR;PASSENGER CAR,PASSENGER CAR;PASSENGER CAR,PASSENGER CAR
29254;.25 MILES FROM SR 1615 (HIGH HOUSE RD);FOUR-WAY INTERSECTION;STRAIGHT,LEVEL;STATE SECONDARY ROUTE;TWO-WAY,DIVIDED,POSITIVE MEDIAN BARRIER;SMOOTH ASPHALT;WET;DAYLIGHT;CLOUDY;STOP AND GO SIGNAL;35.788686601;-78.86670582;-78.8706;35.7878;P012;121;0;0;1;;NONE;;NONE;;PASSENGER CAR;SPORT UTILITY;;;;NO;6628;2017-05-22;8:50:32 AM;2017-05-22T12:50:32+00:00;35.788686601, -78.86670582;2017;No;No;5;NONE;NONE,NONE;NONE,NONE;PASSENGER CAR,SPORT UTILITY;PASSENGER CAR,SPORT UTILITY;PASSENGER CAR,SPORT UTILITY;PASSENGER CAR,SPORT UTILITY
29256;10 FEET FROM PVA 4402 1010 RD;NO SPECIAL FEATURE;STRAIGHT,LEVEL;PUBLIC VEHICULAR AREA;TWO-WAY,DIVIDED,UNPROTECTED MEDIAN;SMOOTH ASPHALT;DRY;DAYLIGHT;CLEAR;STOP SIGN;35.695250875;-78.77223456;-78.771453;35.694481;P049;116;0;0;1;;NONE;;NONE;;SPORT UTILITY;PASSENGER CAR;;;;NO;6630;2017-05-22;3:27:31 PM;2017-05-22T19:27:31+00:00;35.695250875, -78.77223456;2017;No;No;5;NONE;NONE,NONE;NONE,NONE;SPORT UTILITY,PASSENGER CAR;SPORT UTILITY,PASSENGER CAR;SPORT UTILITY,PASSENGER CAR;SPORT UTILITY,PASSENGER CAR
29264;20 FEET FROM US 64 HWY;NO SPECIAL FEATURE;STRAIGHT,LEVEL;US ROUTE;TWO-WAY,DIVIDED,UNPROTECTED MEDIAN;SMOOTH ASPHALT;WET;DAYLIGHT;RAIN;STOP AND GO SIGNAL;35.738948319;-78.79830394;-78.7979;35.7385;P041;116;0;0;;;NONE;;NONE;;SPORT UTILITY;PASSENGER CAR;;;;NO;6638;2017-05-23;10:08 AM;2017-05-23T14:08:00+00:00;35.738948319, -78.79830394;2017;No;No;5;NONE;NONE,NONE;NONE,NONE;SPORT UTILITY,PASSENGER CAR;SPORT UTILITY,PASSENGER CAR;SPORT UTILITY,PASSENGER CAR;SPORT UTILITY,PASSENGER CAR
29267;30 FEET FROM SR 3977(SE CARY PKWY;RELATED TO INTERSECTION;STRAIGHT,LEVEL;STATE SECONDARY ROUTE;TWO-WAY,DIVIDED,UNPROTECTED MEDIAN;SMOOTH ASPHALT;WET;DAYLIGHT;RAIN;STOP AND GO SIGNAL;;;-78.780114;35.758075;;;0;0;;;;;NONE;;PASSENGER CAR;PASSENGER CAR;;;;NO;6641;2017-05-23;3:01:25 PM;2017-05-23T19:01:25+00:00;;2017;No;No;5;;NONE;NONE;PASSENGER CAR,PASSENGER CAR;PASSENGER CAR,PASSENGER CAR;PASSENGER CAR,PASSENGER CAR;PASSENGER CAR,PASSENGER CAR
29268;30 FEET FROM I 40 EXIT 287 RAMP EB;NO SPECIAL FEATURE;CURVE,GRADE;INTERSTATE;ONE-WAY,NOT DIVIDED;SMOOTH ASPHALT;WET;DAYLIGHT;RAIN;STOP AND GO SIGNAL;;;-78.765052;35.831326;;;0;0;;;NONE;;NONE;;SPORT UTILITY;PICKUP;;;;NO;6642;2017-05-23;2:35:59 PM;2017-05-23T18:35:59+00:00;;2017;No;No;5;NONE;NONE,NONE;NONE,NONE;SPORT UTILITY,PICKUP;SPORT UTILITY,PICKUP;SPORT UTILITY,PICKUP;SPORT UTILITY,PICKUP
29271;CARY;NO SPECIAL FEATURE;STRAIGHT,LEVEL;PUBLIC VEHICULAR AREA;TWO-WAY,NOT DIVIDED;SMOOTH ASPHALT;DRY;DAYLIGHT;CLEAR;NO CONTROL PRESENT;;;-78.776383;35.792136;;113;0;0;;;NONE;;NONE;;PASSENGER CAR;;;;;NO;6645;2017-05-20;5:39:30 PM;2017-05-20T21:39:30+00:00;;2017;No;No;5;NONE;NONE,NONE;NONE,NONE;PASSENGER CAR;PASSENGER CAR;PASSENGER CAR;PASSENGER CAR
29277;10 FEET FROM REEVE HALL DR;NO SPECIAL FEATURE;STRAIGHT,LEVEL;LOCAL STREET;TWO-WAY,NOT DIVIDED;SMOOTH ASPHALT;WET;DAYLIGHT;CLOUDY;STOP SIGN;35.794141949;-78.86367084;-78.8637;35.794;P012;121;0;0;;;NONE;;NONE;;PASSENGER CAR;;;;;NO;6651;2017-05-23;11:55 AM;2017-05-23T15:55:00+00:00;35.794141949, -78.86367084;2017;No;No;5;NONE;NONE,NONE;NONE,NONE;PASSENGER CAR;PASSENGER CAR;PASSENGER CAR;PASSENGER CAR
29278;400 FEET FROM WALDO ROOD BLVD;NO SPECIAL FEATURE;STRAIGHT,LEVEL;LOCAL STREET;TWO-WAY,NOT DIVIDED;SMOOTH ASPHALT;WET;DAYLIGHT;CLOUDY;NO CONTROL PRESENT;35.782135589;-78.84745742;-78.847;35.782;P018;117;0;0;;;NONE;;NONE;;PASSENGER CAR;SPORT UTILITY;;;;NO;6652;2017-05-24;7:46:16 AM;2017-05-24T11:46:16+00:00;35.782135589, -78.84745742;2017;No;No;5;NONE;NONE,NONE;NONE,NONE;PASSENGER CAR,SPORT UTILITY;PASSENGER CAR,SPORT UTILITY;PASSENGER CAR,SPORT UTILITY;PASSENGER CAR,SPORT UTILITY
29281;.35 MILES FROM PVA 2468 WALNUT ST;NO SPECIAL FEATURE;STRAIGHT,LEVEL;PUBLIC VEHICULAR AREA;TWO-WAY,NOT DIVIDED;SMOOTH ASPHALT;DRY;DAYLIGHT;CLOUDY;NO CONTROL PRESENT;;;-78.7421;35.7525;;;0;0;;;NONE;;NONE;;PASSENGER CAR;PASSENGER CAR;;;;NO;6655;2017-05-24;10:21 AM;2017-05-24T14:21:00+00:00;;2017;No;No;5;NONE;NONE,NONE;NONE,NONE;PASSENGER CAR,PASSENGER CAR;PASSENGER CAR,PASSENGER CAR;PASSENGER CAR,PASSENGER CAR;PASSENGER CAR,PASSENGER CAR
29300;5 FEET FROM US 1 S  OFF RAMP TO US;OFF-RAMP PROPER;STRAIGHT,GRADE;US ROUTE;ONE-WAY,NOT DIVIDED;SMOOTH ASPHALT;DRY;DAYLIGHT;CLEAR;STOP AND GO SIGNAL;;;-78.794439;35.737919;;;0;0;;;NONE;;NONE;;PASSENGER CAR;PASSENGER CAR;;;;NO;6674;2017-05-18;5:24:17 PM;2017-05-18T21:24:17+00:00;;2017;No;No;5;NONE;NONE,NONE;NONE,NONE;PASSENGER CAR,PASSENGER CAR;PASSENGER CAR,PASSENGER CAR;PASSENGER CAR,PASSENGER CAR;PASSENGER CAR,PASSENGER CAR
29308;25 FEET FROM 1844 BOULDERSTONE WAY;NO SPECIAL FEATURE;STRAIGHT,LEVEL;PUBLIC VEHICULAR AREA;TWO-WAY,NOT DIVIDED;SMOOTH ASPHALT;DRY;DAYLIGHT;CLEAR;NO CONTROL PRESENT;35.79172615;-78.84753965;-78.8489;35.7917;P017;121;0;0;;;NONE;;NONE;;;LIGHT TRUCK (MINI-VAN- PANEL);;;;NO;6682;2017-05-17;3:50:59 PM;2017-05-17T19:50:59+00:00;35.79172615, -78.84753965;2017;No;No;5;NONE;NONE,NONE;NONE,NONE;LIGHT TRUCK (MINI-VAN- PANEL);LIGHT TRUCK (MINI-VAN- PANEL);LIGHT TRUCK (MINI-VAN- PANEL);LIGHT TRUCK (MINI-VAN- PANEL)
29319;.15 MILES FROM P.V.A. (RENAISSANCE PARK PL);NO SPECIAL FEATURE;STRAIGHT,LEVEL;PUBLIC VEHICULAR AREA;TWO-WAY,NOT DIVIDED;SMOOTH ASPHALT;DRY;DAYLIGHT;CLEAR;STOP SIGN;;;-78.7723;35.8274;;;0;0;;;NONE;;NONE;;PASSENGER CAR;PICKUP;;;;NO;6693;2017-05-26;8:53:02 AM;2017-05-26T12:53:02+00:00;;2017;No;No;5;NONE;NONE,NONE;NONE,NONE;PASSENGER CAR,PICKUP;PASSENGER CAR,PICKUP;PASSENGER CAR,PICKUP;PASSENGER CAR,PICKUP
29320;.1 MILES FROM P.V.A. (2010 KILDAIRE FARM RD);NO SPECIAL FEATURE;STRAIGHT,LEVEL;PUBLIC VEHICULAR AREA;TWO-WAY,NOT DIVIDED;SMOOTH ASPHALT;WET;DAYLIGHT;RAIN;NO CONTROL PRESENT;;;-78.7824;35.7367;;;0;0;;;UNKNOWN;;NONE;;PASSENGER CAR;PASSENGER CAR;;;;NO;6694;2017-05-23;4:41:11 PM;2017-05-23T20:41:11+00:00;;2017;No;No;5;UNKNOWN;UNKNOWN,NONE;UNKNOWN,NONE;PASSENGER CAR,PASSENGER CAR;PASSENGER CAR,PASSENGER CAR;PASSENGER CAR,PASSENGER CAR;PASSENGER CAR,PASSENGER CAR
29325;300 FEET FROM PVA (114 HIDDEN OAKS DR);NO SPECIAL FEATURE;STRAIGHT,LEVEL;PUBLIC VEHICULAR AREA;TWO-WAY,NOT DIVIDED;SMOOTH ASPHALT;DRY;DAYLIGHT;CLEAR;NO CONTROL PRESENT;;;-78.7772;35.8038;;113;0;0;;;NONE;;NONE;;SPORT UTILITY;PASSENGER CAR;;;;NO;6699;2017-05-26;1:52:26 PM;2017-05-26T17:52:26+00:00;;2017;No;No;5;NONE;NONE,NONE;NONE,NONE;SPORT UTILITY,PASSENGER CAR;SPORT UTILITY,PASSENGER CAR;SPORT UTILITY,PASSENGER CAR;SPORT UTILITY,PASSENGER CAR
29326;CARY;OFF-RAMP ENTRY;CURVE,BOTTOM (SAG);STATE SECONDARY ROUTE;ONE-WAY,NOT DIVIDED;SMOOTH ASPHALT;DRY;DAYLIGHT;CLEAR;YIELD SIGN;35.76215792;-78.74506048;-78.7446;35.7609;P083;112;0;0;;;;;NONE;;SPORT UTILITY;PASSENGER CAR;;;;NO;6700;2017-05-28;12:57 PM;2017-05-28T16:57:00+00:00;35.76215792, -78.74506048;2017;No;No;5;;NONE;NONE;SPORT UTILITY,PASSENGER CAR;SPORT UTILITY,PASSENGER CAR;SPORT UTILITY,PASSENGER CAR;SPORT UTILITY,PASSENGER CAR
29341;80 FEET FROM US 1 N ON RAMP;ON-RAMP ENTRY;CURVE,BOTTOM (SAG);US ROUTE;ONE-WAY,NOT DIVIDED;CONCRETE;DRY;DAYLIGHT;CLEAR;YIELD SIGN;;;-78.744754;35.760857;;;0;0;3;;;;NONE;;PASSENGER CAR;SPORT UTILITY;;;;NO;6715;2017-05-26;1:23:11 PM;2017-05-26T17:23:11+00:00;;2017;No;No;5;;NONE;NONE;PASSENGER CAR,SPORT UTILITY;PASSENGER CAR,SPORT UTILITY;PASSENGER CAR,SPORT UTILITY;PASSENGER CAR,SPORT UTILITY
29350;393 FEET FROM SR 3090 (WESTON PKWY);NO SPECIAL FEATURE;STRAIGHT,LEVEL;STATE SECONDARY ROUTE;TWO-WAY,DIVIDED,UNPROTECTED MEDIAN;SMOOTH ASPHALT;DRY;DARK - LIGHTED ROADWAY;CLEAR;NO CONTROL PRESENT;;;-78.7778;35.8313;;111;0;0;;;NONE;;NONE;;SPORT UTILITY;;;;;NO;6724;2017-05-27;3:13:37 AM;2017-05-27T07:13:37+00:00;;2017;No;No;5;NONE;NONE,NONE;NONE,NONE;SPORT UTILITY;SPORT UTILITY;SPORT UTILITY;SPORT UTILITY
29352;250 FEET FROM SR1600 (GREEN LVL CH RD);RELATED TO INTERSECTION;STRAIGHT,GRADE;STATE SECONDARY ROUTE;TWO-WAY,DIVIDED,UNPROTECTED MEDIAN;COARSE ASPHALT;DRY;DAYLIGHT;CLOUDY;STOP AND GO SIGNAL;;;-78.9006;35.8284;;;0;0;1;;NONE;;NONE;;SPORT UTILITY;PASSENGER CAR;;;;NO;6726;2017-05-28;7:09:36 PM;2017-05-28T23:09:36+00:00;;2017;No;No;5;NONE;NONE,NONE;NONE,NONE;SPORT UTILITY,PASSENGER CAR;SPORT UTILITY,PASSENGER CAR;SPORT UTILITY,PASSENGER CAR;SPORT UTILITY,PASSENGER CAR