tamainid;location_description;rdfeature;rdcharacter;rdclass;rdconfigur;rdsurface;rdcondition;lightcond;weather;trafcontrl;lat;lon;lon2;lat2;tract;zone;fatality;possblinj;numpassengers;numpedestrians;contrcir1_desc;contrcir2_desc;contrcir3_desc;contrcir4_desc;vehicle1;vehicle2;vehicle3;vehicle4;vehicle5;workarea;records;ta_date;ta_time;crash_date;geo_location;year;fatalities;injuries;month;contrfact1;contrfact2;contributing_factor;vehicleconcat1;vehicleconcat2;vehicleconcat3;vehicle_type
21509;CARY;FOUR-WAY INTERSECTION;STRAIGHT,LEVEL;STATE SECONDARY ROUTE;TWO-WAY,NOT DIVIDED;SMOOTH ASPHALT;DRY;DAYLIGHT;CLEAR;STOP SIGN;;;-78.9033;35.8425;;;0;0;;;NONE;;NONE;;SPORT UTILITY;PASSENGER CAR;;;;NO;891;2016-03-16;3:54:44 PM;2016-03-16T19:54:44+00:00;;2016;No;No;3;NONE;NONE,NONE;NONE,NONE;SPORT UTILITY,PASSENGER CAR;SPORT UTILITY,PASSENGER CAR;SPORT UTILITY,PASSENGER CAR;SPORT UTILITY,PASSENGER CAR
21510;15 FEET FROM SR 1009 (TRYON RD);RELATED TO INTERSECTION;STRAIGHT,BOTTOM (SAG);STATE SECONDARY ROUTE;TWO-WAY,DIVIDED,UNPROTECTED MEDIAN;SMOOTH ASPHALT;DRY;DAYLIGHT;CLEAR;STOP AND GO SIGNAL;35.743498512;-78.76255629;-78.762414;35.743638;P004;118;0;0;1;;;;NONE;;VAN;PICKUP;;;;NO;892;2016-03-17;3:20:08 PM;2016-03-17T19:20:08+00:00;35.743498512, -78.76255629;2016;No;No;3;;NONE;NONE;VAN,PICKUP;VAN,PICKUP;VAN,PICKUP;VAN,PICKUP
21513;55 FEET FROM SR 3977 (CARY PKWY);NO SPECIAL FEATURE;STRAIGHT,GRADE;STATE SECONDARY ROUTE;TWO-WAY,DIVIDED,UNPROTECTED MEDIAN;SMOOTH ASPHALT;DRY;DAYLIGHT;CLEAR;NO CONTROL PRESENT;;;-78.788;35.757;;;0;0;;;;;NONE;;PASSENGER CAR;PASSENGER CAR;;;;NO;895;2016-03-15;3:27:15 PM;2016-03-15T19:27:15+00:00;;2016;No;No;3;;NONE;NONE;PASSENGER CAR,PASSENGER CAR;PASSENGER CAR,PASSENGER CAR;PASSENGER CAR,PASSENGER CAR;PASSENGER CAR,PASSENGER CAR
21515;5 FEET FROM SR 1300 (KILDAIRE FARM RD);RELATED TO INTERSECTION;STRAIGHT,LEVEL;STATE SECONDARY ROUTE;TWO-WAY,NOT DIVIDED;SMOOTH ASPHALT;DRY;DAYLIGHT;CLEAR;STOP AND GO SIGNAL;;;-78.7822;35.7577;;;0;0;1;;;;NONE;;PASSENGER CAR;PASSENGER CAR;;;;NO;897;2016-03-16;4:52:35 PM;2016-03-16T20:52:35+00:00;;2016;No;No;3;;NONE;NONE;PASSENGER CAR,PASSENGER CAR;PASSENGER CAR,PASSENGER CAR;PASSENGER CAR,PASSENGER CAR;PASSENGER CAR,PASSENGER CAR
21520;CARY;DRIVEWAY, PUBLIC;STRAIGHT,GRADE;PUBLIC VEHICULAR AREA;TWO-WAY,NOT DIVIDED;SMOOTH ASPHALT;DRY;DAYLIGHT;CLEAR;NO CONTROL PRESENT;;;-78.7819;35.771;;;0;0;;;NONE;;NONE;;SPORT UTILITY;SPORT UTILITY;;;;NO;902;2016-03-18;8:27:30 AM;2016-03-18T12:27:30+00:00;;2016;No;No;3;NONE;NONE,NONE;NONE,NONE;SPORT UTILITY,SPORT UTILITY;SPORT UTILITY,SPORT UTILITY;SPORT UTILITY,SPORT UTILITY;SPORT UTILITY,SPORT UTILITY
21522;CARY;T-INTERSECTION;STRAIGHT,LEVEL;LOCAL STREET;TWO-WAY,DIVIDED,UNPROTECTED MEDIAN;SMOOTH ASPHALT;DRY;DAYLIGHT;CLEAR;STOP SIGN;35.768127833;-78.8301435;-78.8301;35.7679;P009;117;0;1;;;NONE;;NONE;;PASSENGER CAR;PASSENGER CAR;;;;NO;904;2016-03-18;7:12:46 AM;2016-03-18T11:12:46+00:00;35.768127833, -78.8301435;2016;No;Yes;3;NONE;NONE,NONE;NONE,NONE;PASSENGER CAR,PASSENGER CAR;PASSENGER CAR,PASSENGER CAR;PASSENGER CAR,PASSENGER CAR;PASSENGER CAR,PASSENGER CAR
21526;10 FEET FROM SR 3977 (SW CARY PKWY);RELATED TO INTERSECTION;STRAIGHT,LEVEL;STATE SECONDARY ROUTE;TWO-WAY,DIVIDED,UNPROTECTED MEDIAN;SMOOTH ASPHALT;DRY;DAYLIGHT;CLEAR;STOP AND GO SIGNAL;35.756949446;-78.79292651;-78.792433;35.757185;P006;115;0;0;;;NONE;;NONE;;PASSENGER CAR;PASSENGER CAR;;;;NO;908;2016-03-18;10:21 AM;2016-03-18T14:21:00+00:00;35.756949446, -78.79292651;2016;No;No;3;NONE;NONE,NONE;NONE,NONE;PASSENGER CAR,PASSENGER CAR;PASSENGER CAR,PASSENGER CAR;PASSENGER CAR,PASSENGER CAR;PASSENGER CAR,PASSENGER CAR
21529;150 FEET FROM CRESCENT GREEN;NO SPECIAL FEATURE;STRAIGHT,GRADE;LOCAL STREET;TWO-WAY,DIVIDED,UNPROTECTED MEDIAN;SMOOTH ASPHALT;DRY;DAYLIGHT;CLEAR;NO CONTROL PRESENT;35.732939108;-78.77916279;-78.7789;35.7328;P053;116;0;1;1;;NONE;;NONE;;PASSENGER CAR;SPORT UTILITY;;;;NO;911;2016-03-18;11:59 AM;2016-03-18T15:59:00+00:00;35.732939108, -78.77916279;2016;No;Yes;3;NONE;NONE,NONE;NONE,NONE;PASSENGER CAR,SPORT UTILITY;PASSENGER CAR,SPORT UTILITY;PASSENGER CAR,SPORT UTILITY;PASSENGER CAR,SPORT UTILITY
21537;50 FEET FROM PVA (1805 N HARRISON AV);DRIVEWAY, PUBLIC;STRAIGHT,LEVEL;PUBLIC VEHICULAR AREA;TWO-WAY,NOT DIVIDED;SMOOTH ASPHALT;DRY;DUSK;CLEAR;NO CONTROL PRESENT;35.829777306;-78.76913137;-78.769;35.83;P029;111;0;0;;;NONE;;NONE;;PASSENGER CAR;PASSENGER CAR;;;;NO;919;2016-03-18;7:13:47 PM;2016-03-18T23:13:47+00:00;35.829777306, -78.76913137;2016;No;No;3;NONE;NONE,NONE;NONE,NONE;PASSENGER CAR,PASSENGER CAR;PASSENGER CAR,PASSENGER CAR;PASSENGER CAR,PASSENGER CAR;PASSENGER CAR,PASSENGER CAR
21539;200 FEET FROM WALNUT ST;BRIDGE;STRAIGHT,HILLCREST;LOCAL STREET;TWO-WAY,DIVIDED,UNPROTECTED MEDIAN;COARSE ASPHALT;DRY;DAYLIGHT;CLEAR;STOP AND GO SIGNAL;35.762771913;-78.7457146;-78.7446;35.7616;P083;112;0;1;1;;NONE;;NONE;;PASSENGER CAR;SPORT UTILITY;;;;CONSTRUCTION WORK AREA;921;2016-03-18;10:47 PM;2016-03-19T02:47:00+00:00;35.762771913, -78.7457146;2016;No;Yes;3;NONE;NONE,NONE;NONE,NONE;PASSENGER CAR,SPORT UTILITY;PASSENGER CAR,SPORT UTILITY;PASSENGER CAR,SPORT UTILITY;PASSENGER CAR,SPORT UTILITY
21567;200 FEET FROM PVA 1393 KILDAIRE FARM RD;NO SPECIAL FEATURE;STRAIGHT,LEVEL;PUBLIC VEHICULAR AREA;TWO-WAY,NOT DIVIDED;SMOOTH ASPHALT;DRY;DAYLIGHT;CLEAR;NO CONTROL PRESENT;35.842385416;-78.67028897;-78.782;35.7582;P119;RALW;0;0;;;NONE;;NONE;;VAN;PICKUP;;;;NO;949;2016-03-18;2:34:30 PM;2016-03-18T18:34:30+00:00;35.842385416, -78.67028897;2016;No;No;3;NONE;NONE,NONE;NONE,NONE;VAN,PICKUP;VAN,PICKUP;VAN,PICKUP;VAN,PICKUP
21578;62 FEET FROM P.P. (SAS CAMPUS DR);OTHER *;STRAIGHT,LEVEL;PRIVATE ROAD,DRIVEWAY;TWO-WAY,NOT DIVIDED;SMOOTH ASPHALT;DRY;DAYLIGHT;CLEAR;NO CONTROL PRESENT;;;-78.7629;35.8274;;111;0;0;;;NONE;;NONE;;SPORT UTILITY;SPORT UTILITY;;;;NO;960;2016-03-23;8:15:20 AM;2016-03-23T12:15:20+00:00;;2016;No;No;3;NONE;NONE,NONE;NONE,NONE;SPORT UTILITY,SPORT UTILITY;SPORT UTILITY,SPORT UTILITY;SPORT UTILITY,SPORT UTILITY;SPORT UTILITY,SPORT UTILITY
21586;0 FEET FROM SR 1521 (LAKE PINE DR;NO SPECIAL FEATURE;STRAIGHT,GRADE;STATE SECONDARY ROUTE;TWO-WAY,NOT DIVIDED;SMOOTH ASPHALT;DRY;DAYLIGHT;CLEAR;STOP AND GO SIGNAL;35.754963817;-78.80845582;-78.8079;35.7545;P040;115;0;0;;;NONE;;NONE;;PASSENGER CAR;PASSENGER CAR;;;;NO;968;2016-03-21;2:43:48 PM;2016-03-21T18:43:48+00:00;35.754963817, -78.80845582;2016;No;No;3;NONE;NONE,NONE;NONE,NONE;PASSENGER CAR,PASSENGER CAR;PASSENGER CAR,PASSENGER CAR;PASSENGER CAR,PASSENGER CAR;PASSENGER CAR,PASSENGER CAR
21589;100 FEET FROM SR 3977 (NW CARY PKWY);END OR BEGINNING-DIVIDED HIGHWAY;STRAIGHT,LEVEL;STATE SECONDARY ROUTE;TWO-WAY,NOT DIVIDED;SMOOTH ASPHALT;DRY;DAYLIGHT;CLEAR;NO CONTROL PRESENT;;;-78.778428;35.8206324;;;0;0;;;NONE;;NONE;;PASSENGER CAR;;;;;NO;971;2016-03-23;7:49:46 AM;2016-03-23T11:49:46+00:00;;2016;No;No;3;NONE;NONE,NONE;NONE,NONE;PASSENGER CAR;PASSENGER CAR;PASSENGER CAR;PASSENGER CAR
21605;110 FEET FROM W JOHNSON ST;NO SPECIAL FEATURE;STRAIGHT,LEVEL;LOCAL STREET;TWO-WAY,NOT DIVIDED;SMOOTH ASPHALT;DRY;DAYLIGHT;CLEAR;NO CONTROL PRESENT;35.793491047;-78.78112606;-78.7811;35.7933;P032;113;0;0;1;;NONE;;NONE;;PASSENGER CAR;MOTOR HOME/RECREATIONAL VEHICLE;PASSENGER CAR;;;NO;987;2016-03-24;9:10:10 AM;2016-03-24T13:10:10+00:00;35.793491047, -78.78112606;2016;No;No;3;NONE;NONE,NONE;NONE,NONE;PASSENGER CAR,MOTOR HOME/RECREATIONAL VEHICLE;PASSENGER CAR,MOTOR HOME/RECREATIONAL VEHICLE,PASSENGER CAR;PASSENGER CAR,MOTOR HOME/RECREATIONAL VEHICLE,PASSENGER CAR;PASSENGER CAR,MOTOR HOME/RECREATIONAL VEHICLE,PASSENGER CAR
21606;CARY;T-INTERSECTION;STRAIGHT,GRADE;STATE SECONDARY ROUTE;TWO-WAY,NOT DIVIDED;COARSE ASPHALT;DRY;DAYLIGHT;CLEAR;STOP SIGN;35.766584787;-78.76005557;-78.7601;35.7665;P028;112;0;0;;;NONE;;NONE;;SPORT UTILITY;PASSENGER CAR;;;;NO;988;2016-03-24;4:19:22 PM;2016-03-24T20:19:22+00:00;35.766584787, -78.76005557;2016;No;No;3;NONE;NONE,NONE;NONE,NONE;SPORT UTILITY,PASSENGER CAR;SPORT UTILITY,PASSENGER CAR;SPORT UTILITY,PASSENGER CAR;SPORT UTILITY,PASSENGER CAR
21608;50 FEET FROM SR 1009 (TRYON RD);NO SPECIAL FEATURE;STRAIGHT,LEVEL;STATE SECONDARY ROUTE;TWO-WAY,DIVIDED,UNPROTECTED MEDIAN;SMOOTH ASPHALT;DRY;DAYLIGHT;CLEAR;STOP AND GO SIGNAL;35.743498512;-78.76255629;-78.7622;35.7435;P004;118;0;0;;;NONE;;NONE;;PASSENGER CAR;SPORT UTILITY;;;;NO;990;2016-03-24;5:57:44 PM;2016-03-24T21:57:44+00:00;35.743498512, -78.76255629;2016;No;No;3;NONE;NONE,NONE;NONE,NONE;PASSENGER CAR,SPORT UTILITY;PASSENGER CAR,SPORT UTILITY;PASSENGER CAR,SPORT UTILITY;PASSENGER CAR,SPORT UTILITY
21611;80 FEET FROM 1148 W CHATHAM ST (PVA);NO SPECIAL FEATURE;STRAIGHT,LEVEL;PUBLIC VEHICULAR AREA;TWO-WAY,NOT DIVIDED;SMOOTH ASPHALT;DRY;DAYLIGHT;CLEAR;NO CONTROL PRESENT;;;-78.8069;35.7719;;;0;0;;;NONE;;NONE;;PICKUP;PICKUP;;;;NO;993;2016-03-24;6:29:18 AM;2016-03-24T10:29:18+00:00;;2016;No;No;3;NONE;NONE,NONE;NONE,NONE;PICKUP,PICKUP;PICKUP,PICKUP;PICKUP,PICKUP;PICKUP,PICKUP
21621;40 FEET FROM NC 54 HWY;RELATED TO INTERSECTION;STRAIGHT,LEVEL;NC ROUTE;TWO-WAY,NOT DIVIDED;SMOOTH ASPHALT;DRY;DAYLIGHT;CLEAR;STOP AND GO SIGNAL;35.798725335;-78.79608011;-78.796739;35.798982;P023;111;0;0;1;;NONE;;NONE;;LIGHT TRUCK (MINI-VAN- PANEL);PASSENGER CAR;;;;NO;1003;2016-03-25;1:11:34 PM;2016-03-25T17:11:34+00:00;35.798725335, -78.79608011;2016;No;No;3;NONE;NONE,NONE;NONE,NONE;LIGHT TRUCK (MINI-VAN- PANEL),PASSENGER CAR;LIGHT TRUCK (MINI-VAN- PANEL),PASSENGER CAR;LIGHT TRUCK (MINI-VAN- PANEL),PASSENGER CAR;LIGHT TRUCK (MINI-VAN- PANEL),PASSENGER CAR
21624;40 FEET FROM PVA 151 SE CARY PKWY;NO SPECIAL FEATURE;STRAIGHT,LEVEL;PUBLIC VEHICULAR AREA;TWO-WAY,NOT DIVIDED;SMOOTH ASPHALT;DRY;DAYLIGHT;CLEAR;NO CONTROL PRESENT;;;-78.7821;35.7582;;;0;0;;;;;NONE;;PASSENGER CAR;PASSENGER CAR;;;;NO;1006;2016-03-25;1:24:15 PM;2016-03-25T17:24:15+00:00;;2016;No;No;3;;NONE;NONE;PASSENGER CAR,PASSENGER CAR;PASSENGER CAR,PASSENGER CAR;PASSENGER CAR,PASSENGER CAR;PASSENGER CAR,PASSENGER CAR
21626;15 FEET FROM SR1370 (TRYON RD);FOUR-WAY INTERSECTION;STRAIGHT,LEVEL;STATE SECONDARY ROUTE;TWO-WAY,DIVIDED,POSITIVE MEDIAN BARRIER;SMOOTH ASPHALT;DRY;DAYLIGHT;CLOUDY;YIELD SIGN;;;-78.7805;35.7381;;;0;0;1;;NONE;;NONE;;PASSENGER CAR;PASSENGER CAR;;;;NO;1008;2016-03-25;3:26:36 PM;2016-03-25T19:26:36+00:00;;2016;No;No;3;NONE;NONE,NONE;NONE,NONE;PASSENGER CAR,PASSENGER CAR;PASSENGER CAR,PASSENGER CAR;PASSENGER CAR,PASSENGER CAR;PASSENGER CAR,PASSENGER CAR
21628;.2 MILES FROM PVA 2700 LOUIS STEPHENS DR;NO SPECIAL FEATURE;STRAIGHT,LEVEL;PUBLIC VEHICULAR AREA;TWO-WAY,NOT DIVIDED;COARSE ASPHALT;DRY;DARK - LIGHTED ROADWAY;CLEAR;NO CONTROL PRESENT;;;-78.8615;35.8022;;;0;0;3;;NONE;;NONE;;PASSENGER CAR;PASSENGER CAR;;;;NO;1010;2016-03-24;8:44:38 PM;2016-03-25T00:44:38+00:00;;2016;No;No;3;NONE;NONE,NONE;NONE,NONE;PASSENGER CAR,PASSENGER CAR;PASSENGER CAR,PASSENGER CAR;PASSENGER CAR,PASSENGER CAR;PASSENGER CAR,PASSENGER CAR
21630;40 FEET FROM PVA AT 325 CROSSROADS BLVD;NO SPECIAL FEATURE;STRAIGHT,LEVEL;PUBLIC VEHICULAR AREA;TWO-WAY,NOT DIVIDED;SMOOTH ASPHALT;DRY;DAYLIGHT;CLEAR;NO CONTROL PRESENT;;;-78.737989;35.760936;;;0;0;;;;;NONE;;PASSENGER CAR;PASSENGER CAR;;;;NO;1012;2016-03-23;12:00 PM;2016-03-23T16:00:00+00:00;;2016;No;No;3;;NONE;NONE;PASSENGER CAR,PASSENGER CAR;PASSENGER CAR,PASSENGER CAR;PASSENGER CAR,PASSENGER CAR;PASSENGER CAR,PASSENGER CAR
21635;50 FEET FROM HIGH HOUSE RD SR 1615;NO SPECIAL FEATURE;STRAIGHT,LEVEL;STATE SECONDARY ROUTE;TWO-WAY,DIVIDED,UNPROTECTED MEDIAN;SMOOTH ASPHALT;DRY;DAYLIGHT;CLEAR;STOP AND GO SIGNAL;35.790343238;-78.83026797;-78.8305;35.79;P067;121;0;0;;;NONE;;NONE;;PASSENGER CAR;PICKUP;;;;NO;1017;2016-03-24;4:19:44 PM;2016-03-24T20:19:44+00:00;35.790343238, -78.83026797;2016;No;No;3;NONE;NONE,NONE;NONE,NONE;PASSENGER CAR,PICKUP;PASSENGER CAR,PICKUP;PASSENGER CAR,PICKUP;PASSENGER CAR,PICKUP
21642;152 FEET FROM P.V.A. 1301 KILDAIRE FARM RD;NO SPECIAL FEATURE;STRAIGHT,LEVEL;PUBLIC VEHICULAR AREA;TWO-WAY,NOT DIVIDED;SMOOTH ASPHALT;DRY;DAYLIGHT;CLOUDY;NO CONTROL PRESENT;;;-78.7827;35.7613;;;0;0;2;;NONE;;NONE;;PICKUP;PASSENGER CAR;;;;NO;1024;2016-03-27;1:49:56 PM;2016-03-27T17:49:56+00:00;;2016;No;No;3;NONE;NONE,NONE;NONE,NONE;PICKUP,PASSENGER CAR;PICKUP,PASSENGER CAR;PICKUP,PASSENGER CAR;PICKUP,PASSENGER CAR
21643;0 FEET FROM SR 1615 (HIGH HOUSE RD);FOUR-WAY INTERSECTION;STRAIGHT,LEVEL;STATE SECONDARY ROUTE;TWO-WAY,NOT DIVIDED;SMOOTH ASPHALT;DRY;DAYLIGHT;CLEAR;STOP AND GO SIGNAL;;;-78.828762;35.789079;;121;0;0;1;;NONE;;NONE;;PASSENGER CAR;PICKUP;;;;NO;1025;2016-03-25;12:41 PM;2016-03-25T16:41:00+00:00;;2016;No;No;3;NONE;NONE,NONE;NONE,NONE;PASSENGER CAR,PICKUP;PASSENGER CAR,PICKUP;PASSENGER CAR,PICKUP;PASSENGER CAR,PICKUP
21648;20 FEET FROM SE CARY PARKWAY;NO SPECIAL FEATURE;STRAIGHT,LEVEL;LOCAL STREET;TWO-WAY,DIVIDED,POSITIVE MEDIAN BARRIER;SMOOTH ASPHALT;WET;DAYLIGHT;CLOUDY;STOP AND GO SIGNAL;;;-78.7767;35.7576;;;0;0;1;;NONE;;NONE;;PICKUP;SPORT UTILITY;;;;NO;1030;2016-03-27;5:26:41 PM;2016-03-27T21:26:41+00:00;;2016;No;No;3;NONE;NONE,NONE;NONE,NONE;PICKUP,SPORT UTILITY;PICKUP,SPORT UTILITY;PICKUP,SPORT UTILITY;PICKUP,SPORT UTILITY
21649;CARY;NO SPECIAL FEATURE;STRAIGHT,GRADE;STATE SECONDARY ROUTE;ONE-WAY,NOT DIVIDED;SMOOTH ASPHALT;DRY;DAYLIGHT;CLEAR;NO CONTROL PRESENT;35.809846773;-78.78117072;-78.781232;35.809864;P030;113;0;0;;;NONE;;NONE;;PASSENGER CAR;PASSENGER CAR;;;;NO;1031;2016-03-28;3:37:12 PM;2016-03-28T19:37:12+00:00;35.809846773, -78.78117072;2016;No;No;3;NONE;NONE,NONE;NONE,NONE;PASSENGER CAR,PASSENGER CAR;PASSENGER CAR,PASSENGER CAR;PASSENGER CAR,PASSENGER CAR;PASSENGER CAR,PASSENGER CAR
21658;350 FEET FROM SR 1011 (E CHATHAM ST);NO SPECIAL FEATURE;STRAIGHT,LEVEL;STATE SECONDARY ROUTE;TWO-WAY,DIVIDED,UNPROTECTED MEDIAN;SMOOTH ASPHALT;DRY;DAYLIGHT;CLEAR;NO CONTROL PRESENT;;;-742869.06;2072253.88;;;0;0;;;NONE;;NONE;;PASSENGER CAR;SPORT UTILITY;;;;NO;1040;2016-03-29;10:06 AM;2016-03-29T14:06:00+00:00;;2016;No;No;3;NONE;NONE,NONE;NONE,NONE;PASSENGER CAR,SPORT UTILITY;PASSENGER CAR,SPORT UTILITY;PASSENGER CAR,SPORT UTILITY;PASSENGER CAR,SPORT UTILITY
21660;0 FEET FROM SR 1613 (DAVIS DR);;;;;;;;;;;;;;;;0;0;;;;;;;;;;;;;1042;2016-03-28;3:59:19 PM;2016-03-28T19:59:19+00:00;;2016;No;No;3;;;;;;;
21661;50 FEET FROM SR 3977 (SE CARY PKWY);NO SPECIAL FEATURE;STRAIGHT,LEVEL;STATE SECONDARY ROUTE;TWO-WAY,DIVIDED,UNPROTECTED MEDIAN;SMOOTH ASPHALT;DRY;DAYLIGHT;CLEAR;NO CONTROL PRESENT;;;-78.781488;35.757896;;;0;0;;;;;NONE;;PASSENGER CAR;SPORT UTILITY;;;;NO;1043;2016-03-30;7:41:07 AM;2016-03-30T11:41:07+00:00;;2016;No;No;3;;NONE;NONE;PASSENGER CAR,SPORT UTILITY;PASSENGER CAR,SPORT UTILITY;PASSENGER CAR,SPORT UTILITY;PASSENGER CAR,SPORT UTILITY
21669;50 FEET FROM SR 3112 (NW CARY PKWY);NO SPECIAL FEATURE;STRAIGHT,LEVEL;STATE SECONDARY ROUTE;TWO-WAY,DIVIDED,POSITIVE MEDIAN BARRIER;SMOOTH ASPHALT;DRY;DAYLIGHT;CLEAR;FLASHING STOP AND GO SIGNAL;;;-78.8281;35.7896;;;0;2;3;;NONE;;NONE;;SPORT UTILITY;SPORT UTILITY;PICKUP;;;NO;1051;2016-03-29;6:56:04 PM;2016-03-29T22:56:04+00:00;;2016;No;Yes;3;NONE;NONE,NONE;NONE,NONE;SPORT UTILITY,SPORT UTILITY;SPORT UTILITY,SPORT UTILITY,PICKUP;SPORT UTILITY,SPORT UTILITY,PICKUP;SPORT UTILITY,SPORT UTILITY,PICKUP
21692;20 FEET FROM PVA 103 SW MAYNARD RD;NO SPECIAL FEATURE;STRAIGHT,LEVEL;PUBLIC VEHICULAR AREA;TWO-WAY,NOT DIVIDED;SMOOTH ASPHALT;DRY;DARK - LIGHTED ROADWAY;CLEAR;NO CONTROL PRESENT;35.770981659;-78.78224336;-78.782;35.7709;P039;115;0;0;;;;;NONE;;SPORT UTILITY;PASSENGER CAR;;;;NO;1074;2016-04-02;10:25 PM;2016-04-03T02:25:00+00:00;35.770981659, -78.78224336;2016;No;No;4;;NONE;NONE;SPORT UTILITY,PASSENGER CAR;SPORT UTILITY,PASSENGER CAR;SPORT UTILITY,PASSENGER CAR;SPORT UTILITY,PASSENGER CAR
21697;CARY;T-INTERSECTION;STRAIGHT,LEVEL;STATE SECONDARY ROUTE;TWO-WAY,DIVIDED,UNPROTECTED MEDIAN;SMOOTH ASPHALT;DRY;DAYLIGHT;CLOUDY;NO CONTROL PRESENT;35.690858222;-78.76133955;-78.7613;35.6912;P049;116;0;1;1;;NONE;;NONE;;PASSENGER CAR;PICKUP;;;;NO;1079;2016-03-31;2:26:01 PM;2016-03-31T18:26:01+00:00;35.690858222, -78.76133955;2016;No;Yes;3;NONE;NONE,NONE;NONE,NONE;PASSENGER CAR,PICKUP;PASSENGER CAR,PICKUP;PASSENGER CAR,PICKUP;PASSENGER CAR,PICKUP
21706;CARY;FOUR-WAY INTERSECTION;STRAIGHT,LEVEL;STATE SECONDARY ROUTE;TWO-WAY,DIVIDED,UNPROTECTED MEDIAN;SMOOTH ASPHALT;DRY;DUSK;CLEAR;STOP AND GO SIGNAL;35.757663261;-78.78451937;-78.821922;35.762088;P006;115;0;0;1;;;;NONE;;PASSENGER CAR;PASSENGER CAR;;;;NO;1088;2016-04-02;9:26:17 PM;2016-04-03T01:26:17+00:00;35.757663261, -78.78451937;2016;No;No;4;;NONE;NONE;PASSENGER CAR,PASSENGER CAR;PASSENGER CAR,PASSENGER CAR;PASSENGER CAR,PASSENGER CAR;PASSENGER CAR,PASSENGER CAR
21715;CARY;FOUR-WAY INTERSECTION;STRAIGHT,LEVEL;LOCAL STREET;TWO-WAY,NOT DIVIDED;SMOOTH ASPHALT;DRY;DAYLIGHT;CLEAR;STOP SIGN;;;-78.7417;35.7602;;;0;0;;;NONE;;NONE;;VAN;PASSENGER CAR;;;;NO;1097;2016-04-04;1:42:27 PM;2016-04-04T17:42:27+00:00;;2016;No;No;4;NONE;NONE,NONE;NONE,NONE;VAN,PASSENGER CAR;VAN,PASSENGER CAR;VAN,PASSENGER CAR;VAN,PASSENGER CAR
21717;30 FEET FROM SR 1009 (TRYON RD);NO SPECIAL FEATURE;STRAIGHT,LEVEL;STATE SECONDARY ROUTE;TWO-WAY,DIVIDED,UNPROTECTED MEDIAN;SMOOTH ASPHALT;DRY;DAYLIGHT;CLEAR;STOP AND GO SIGNAL;;;-78.782479;35.7;;;0;0;;;;;NONE;;PASSENGER CAR;PASSENGER CAR;;;;NO;1099;2016-04-04;6:46:02 PM;2016-04-04T22:46:02+00:00;;2016;No;No;4;;NONE;NONE;PASSENGER CAR,PASSENGER CAR;PASSENGER CAR,PASSENGER CAR;PASSENGER CAR,PASSENGER CAR;PASSENGER CAR,PASSENGER CAR
21723;CARY;NO SPECIAL FEATURE;CURVE,HILLCREST;PUBLIC VEHICULAR AREA;;SMOOTH ASPHALT;DRY;DAYLIGHT;CLEAR;STOP SIGN;35.742101162;-78.88001951;-78.7789;35.7386;P115;APEX;0;0;;;NONE;;NONE;;SPORT UTILITY;PASSENGER CAR;;;;NO;1105;2016-04-04;1:41:34 PM;2016-04-04T17:41:34+00:00;35.742101162, -78.88001951;2016;No;No;4;NONE;NONE,NONE;NONE,NONE;SPORT UTILITY,PASSENGER CAR;SPORT UTILITY,PASSENGER CAR;SPORT UTILITY,PASSENGER CAR;SPORT UTILITY,PASSENGER CAR
21731;50 FEET FROM SR 3977 (SE CARY PKWY);NO SPECIAL FEATURE;STRAIGHT,LEVEL;STATE SECONDARY ROUTE;TWO-WAY,NOT DIVIDED;SMOOTH ASPHALT;DRY;DAYLIGHT;CLEAR;NO CONTROL PRESENT;;;-78.7728;35.7493;;;0;0;;;NONE;;NONE;;PASSENGER CAR;PASSENGER CAR;;;;NO;1113;2016-04-05;5:53:24 PM;2016-04-05T21:53:24+00:00;;2016;No;No;4;NONE;NONE,NONE;NONE,NONE;PASSENGER CAR,PASSENGER CAR;PASSENGER CAR,PASSENGER CAR;PASSENGER CAR,PASSENGER CAR;PASSENGER CAR,PASSENGER CAR
21742;15 FEET FROM PVA OF 3100 REGENCY PKWY;FOUR-WAY INTERSECTION;STRAIGHT,LEVEL;PUBLIC VEHICULAR AREA;TWO-WAY,NOT DIVIDED;SMOOTH ASPHALT;DRY;DAYLIGHT;CLEAR;STOP AND GO SIGNAL;;;-78.7895;35.732;;116;0;0;2;;NONE;;NONE;;LIGHT TRUCK (MINI-VAN- PANEL);PASSENGER CAR;;;;NO;1124;2016-04-06;8:11:07 PM;2016-04-07T00:11:07+00:00;;2016;No;No;4;NONE;NONE,NONE;NONE,NONE;LIGHT TRUCK (MINI-VAN- PANEL),PASSENGER CAR;LIGHT TRUCK (MINI-VAN- PANEL),PASSENGER CAR;LIGHT TRUCK (MINI-VAN- PANEL),PASSENGER CAR;LIGHT TRUCK (MINI-VAN- PANEL),PASSENGER CAR