tamainid;location_description;rdfeature;rdcharacter;rdclass;rdconfigur;rdsurface;rdcondition;lightcond;weather;trafcontrl;lat;lon;lon2;lat2;tract;zone;fatality;possblinj;numpassengers;numpedestrians;contrcir1_desc;contrcir2_desc;contrcir3_desc;contrcir4_desc;vehicle1;vehicle2;vehicle3;vehicle4;vehicle5;workarea;records;ta_date;ta_time;crash_date;geo_location;year;fatalities;injuries;month;contrfact1;contrfact2;contributing_factor;vehicleconcat1;vehicleconcat2;vehicleconcat3;vehicle_type
22162;335 FEET FROM PVA (6408 TRYON RD);DRIVEWAY, PUBLIC;STRAIGHT,HILLCREST;PUBLIC VEHICULAR AREA;TWO-WAY,NOT DIVIDED;COARSE ASPHALT;DRY;DAYLIGHT;CLOUDY;NO CONTROL PRESENT;;;-78.7617;35.7454;;;0;0;;;;;NONE;;SPORT UTILITY;PASSENGER CAR;;;;NO;1543;2016-05-06;12:45 PM;2016-05-06T16:45:00+00:00;;2016;No;No;5;;NONE;NONE;SPORT UTILITY,PASSENGER CAR;SPORT UTILITY,PASSENGER CAR;SPORT UTILITY,PASSENGER CAR;SPORT UTILITY,PASSENGER CAR
22164;CARY;FOUR-WAY INTERSECTION;STRAIGHT,LEVEL;LOCAL STREET;TWO-WAY,DIVIDED,UNPROTECTED MEDIAN;SMOOTH ASPHALT;WET;DAYLIGHT;RAIN;STOP AND GO SIGNAL;35.829396586;-78.77266668;-78.7727;35.829;P029;111;0;0;;;;;NONE;;SPORT UTILITY;PASSENGER CAR;;;;NO;1545;2016-05-06;4:13:40 PM;2016-05-06T20:13:40+00:00;35.829396586, -78.77266668;2016;No;No;5;;NONE;NONE;SPORT UTILITY,PASSENGER CAR;SPORT UTILITY,PASSENGER CAR;SPORT UTILITY,PASSENGER CAR;SPORT UTILITY,PASSENGER CAR
22168;400 FEET FROM PVA (4010 CONVENIECE LN);NO SPECIAL FEATURE;STRAIGHT,LEVEL;PUBLIC VEHICULAR AREA;TWO-WAY,NOT DIVIDED;CONCRETE;DRY;DAYLIGHT;CLOUDY;NO CONTROL PRESENT;35.819881514;-78.43839849;-78.5342;355138.0;P119;RALW;0;0;1;;;;NONE;;SPORT UTILITY;SPORT UTILITY;;;;NO;1549;2016-05-06;12:53 PM;2016-05-06T16:53:00+00:00;35.819881514, -78.43839849;2016;No;No;5;;NONE;NONE;SPORT UTILITY,SPORT UTILITY;SPORT UTILITY,SPORT UTILITY;SPORT UTILITY,SPORT UTILITY;SPORT UTILITY,SPORT UTILITY
22184;400 FEET FROM 6430 TRYON RD (PVA);DRIVEWAY, PUBLIC;STRAIGHT,LEVEL;PUBLIC VEHICULAR AREA;TWO-WAY,NOT DIVIDED;SMOOTH ASPHALT;DRY;DAYLIGHT;CLEAR;NO CONTROL PRESENT;;;-78.7619;35.7453;;;0;0;1;;;;NONE;;PICKUP;PASSENGER CAR;;;;NO;1565;2016-05-09;1:08:30 PM;2016-05-09T17:08:30+00:00;;2016;No;No;5;;NONE;NONE;PICKUP,PASSENGER CAR;PICKUP,PASSENGER CAR;PICKUP,PASSENGER CAR;PICKUP,PASSENGER CAR
22185;.10 MILES FROM PVA OF 1213 BUCK JONES RD;NO SPECIAL FEATURE;STRAIGHT,LEVEL;PUBLIC VEHICULAR AREA;TWO-WAY,NOT DIVIDED;COARSE ASPHALT;DRY;DAYLIGHT;CLEAR;NO CONTROL PRESENT;;;-78.7391;35.766;;;0;0;;;;;NONE;;;PASSENGER CAR;;;;NO;1566;2016-05-09;3:32:55 PM;2016-05-09T19:32:55+00:00;;2016;No;No;5;;NONE;NONE;PASSENGER CAR;PASSENGER CAR;PASSENGER CAR;PASSENGER CAR
22197;.2 MILES FROM P.V.A. (1628 CHARGER LN);NO SPECIAL FEATURE;STRAIGHT,LEVEL;PUBLIC VEHICULAR AREA;TWO-WAY,NOT DIVIDED;SMOOTH ASPHALT;DRY;DAYLIGHT;CLEAR;NO CONTROL PRESENT;;;-78.7678;35.8202;;111;0;0;;;NONE;;NONE;;PICKUP;;;;;NO;1578;2016-05-10;3:57:28 PM;2016-05-10T19:57:28+00:00;;2016;No;No;5;NONE;NONE,NONE;NONE,NONE;PICKUP;PICKUP;PICKUP;PICKUP
22198;100 FEET FROM SR 1415 (SE MAYNARD RD);NO SPECIAL FEATURE;STRAIGHT,LEVEL;STATE SECONDARY ROUTE;TWO-WAY,DIVIDED,UNPROTECTED MEDIAN;SMOOTH ASPHALT;DRY;DAYLIGHT;CLEAR;NO CONTROL PRESENT;;;-78.7637;35.7918;;;0;0;1;;NONE;;NONE;;PASSENGER CAR;SPORT UTILITY;;;;NO;1579;2016-05-10;6:27:58 PM;2016-05-10T22:27:58+00:00;;2016;No;No;5;NONE;NONE,NONE;NONE,NONE;PASSENGER CAR,SPORT UTILITY;PASSENGER CAR,SPORT UTILITY;PASSENGER CAR,SPORT UTILITY;PASSENGER CAR,SPORT UTILITY
22200;CARY;NO SPECIAL FEATURE;STRAIGHT,LEVEL;LOCAL STREET;TWO-WAY,NOT DIVIDED;SMOOTH ASPHALT;DRY;DAYLIGHT;CLEAR;STOP AND GO SIGNAL;;;-78.7884;35.7161;;;0;0;;;NONE;;NONE;;SPORT UTILITY;SPORT UTILITY;;;;NO;1581;2016-05-06;10:08 PM;2016-05-07T02:08:00+00:00;;2016;No;No;5;NONE;NONE,NONE;NONE,NONE;SPORT UTILITY,SPORT UTILITY;SPORT UTILITY,SPORT UTILITY;SPORT UTILITY,SPORT UTILITY;SPORT UTILITY,SPORT UTILITY
22208;033 MILES FROM SR 1423 (PINEY PLAINS RD);NO SPECIAL FEATURE;STRAIGHT,LEVEL;STATE SECONDARY ROUTE;TWO-WAY,NOT DIVIDED;SMOOTH ASPHALT;DRY;DAYLIGHT;CLOUDY;NO CONTROL PRESENT;;;-78.7531;35.7492;;;0;0;;;;;NONE;;SPORT UTILITY;;;;;NO;1589;2016-05-10;12:25 PM;2016-05-10T16:25:00+00:00;;2016;No;No;5;;NONE;NONE;SPORT UTILITY;SPORT UTILITY;SPORT UTILITY;SPORT UTILITY
22210;CARY;RELATED TO INTERSECTION;STRAIGHT,LEVEL;STATE SECONDARY ROUTE;TWO-WAY,NOT DIVIDED;SMOOTH ASPHALT;DRY;DAYLIGHT;CLEAR;STOP AND GO SIGNAL;;;-78.7715;35.8191;;111;0;0;1;;NONE;;NONE;;PASSENGER CAR;PASSENGER CAR;PASSENGER CAR;PASSENGER CAR;;NO;1591;2016-05-11;3:21:40 PM;2016-05-11T19:21:40+00:00;;2016;No;No;5;NONE;NONE,NONE;NONE,NONE;PASSENGER CAR,PASSENGER CAR;PASSENGER CAR,PASSENGER CAR,PASSENGER CAR;PASSENGER CAR,PASSENGER CAR,PASSENGER CAR,PASSENGER CAR;PASSENGER CAR,PASSENGER CAR,PASSENGER CAR,PASSENGER CAR
22219;404 FEET FROM PVA OF 2416 WALNUT ST;FOUR-WAY INTERSECTION;STRAIGHT,LEVEL;PUBLIC VEHICULAR AREA;TWO-WAY,NOT DIVIDED;COARSE ASPHALT;DRY;DAYLIGHT;CLEAR;STOP SIGN;;;-78.744165;35.754858;;;0;2;1;;NONE;;NONE;;PASSENGER CAR;PICKUP;;;;NO;1599;2016-05-06;7:11:39 PM;2016-05-06T23:11:39+00:00;;2016;No;Yes;5;NONE;NONE,NONE;NONE,NONE;PASSENGER CAR,PICKUP;PASSENGER CAR,PICKUP;PASSENGER CAR,PICKUP;PASSENGER CAR,PICKUP
22231;CARY;RELATED TO INTERSECTION;STRAIGHT,LEVEL;LOCAL STREET;TWO-WAY,NOT DIVIDED;SMOOTH ASPHALT;DRY;DAYLIGHT;CLEAR;NO CONTROL PRESENT;35.790196314;-78.79789712;-78.7979;35.7902;P026;114;0;0;;;NONE;;NONE;;PASSENGER CAR;PASSENGER CAR;;;;NO;1611;2016-05-13;5:36:40 PM;2016-05-13T21:36:40+00:00;35.790196314, -78.79789712;2016;No;No;5;NONE;NONE,NONE;NONE,NONE;PASSENGER CAR,PASSENGER CAR;PASSENGER CAR,PASSENGER CAR;PASSENGER CAR,PASSENGER CAR;PASSENGER CAR,PASSENGER CAR
22239;450 FEET FROM 2021 WALNUT ST;DRIVEWAY, PUBLIC;STRAIGHT,LEVEL;PUBLIC VEHICULAR AREA;TWO-WAY,NOT DIVIDED;COARSE ASPHALT;DRY;DAYLIGHT;CLEAR;NO CONTROL PRESENT;;;-78.7387;35.7583;;;0;0;4;;;;NONE;;SPORT UTILITY;SPORT UTILITY;;;;NO;1619;2016-05-15;7:06:12 PM;2016-05-15T23:06:12+00:00;;2016;No;No;5;;NONE;NONE;SPORT UTILITY,SPORT UTILITY;SPORT UTILITY,SPORT UTILITY;SPORT UTILITY,SPORT UTILITY;SPORT UTILITY,SPORT UTILITY
22244;350 FEET FROM P.V.A. 980 KILDAIRE FARM RD;NO SPECIAL FEATURE;STRAIGHT,LEVEL;PUBLIC VEHICULAR AREA;TWO-WAY,NOT DIVIDED;SMOOTH ASPHALT;DRY;DAYLIGHT;CLEAR;NO CONTROL PRESENT;;;-78.7829;35.7722;;;0;0;1;;NONE;;NONE;;SPORT UTILITY;PASSENGER CAR;;;;NO;1624;2016-05-13;6:11:07 PM;2016-05-13T22:11:07+00:00;;2016;No;No;5;NONE;NONE,NONE;NONE,NONE;SPORT UTILITY,PASSENGER CAR;SPORT UTILITY,PASSENGER CAR;SPORT UTILITY,PASSENGER CAR;SPORT UTILITY,PASSENGER CAR
22249;100 FEET FROM NC 55 HWY;NO SPECIAL FEATURE;STRAIGHT,LEVEL;NC ROUTE;TWO-WAY,NOT DIVIDED;SMOOTH ASPHALT;DRY;DAYLIGHT;CLEAR;NO CONTROL PRESENT;;;-78.8702;35.79;;;0;0;;;NONE;;NONE;;PASSENGER CAR;PASSENGER CAR;;;;NO;1629;2016-05-11;6:39:59 PM;2016-05-11T22:39:59+00:00;;2016;No;No;5;NONE;NONE,NONE;NONE,NONE;PASSENGER CAR,PASSENGER CAR;PASSENGER CAR,PASSENGER CAR;PASSENGER CAR,PASSENGER CAR;PASSENGER CAR,PASSENGER CAR
22251;200 FEET FROM LOUIS STEPHENS RD SR 1635;NO SPECIAL FEATURE;STRAIGHT,LEVEL;STATE SECONDARY ROUTE;TWO-WAY,NOT DIVIDED;SMOOTH ASPHALT;DRY;DAYLIGHT;CLOUDY;NO CONTROL PRESENT;;;;;;;0;0;;;NONE;;LYING AND/OR ILLEGALLY IN ROADWAY;COMING FROM BEHIND PARKED VEHICLE;PASSENGER CAR;;;;;NO;1631;2016-05-13;9:07:16 AM;2016-05-13T13:07:16+00:00;;2016;No;No;5;NONE;NONE,LYING AND/OR ILLEGALLY IN ROADWAY;NONE,LYING AND/OR ILLEGALLY IN ROADWAY,COMING FROM BEHIND PARKED VEHICLE;PASSENGER CAR;PASSENGER CAR;PASSENGER CAR;PASSENGER CAR
22261;75 FEET FROM 2500 CARPENTER UPCHURCH RD;DRIVEWAY, PUBLIC;STRAIGHT,LEVEL;PUBLIC VEHICULAR AREA;TWO-WAY,NOT DIVIDED;SMOOTH ASPHALT;DRY;DAYLIGHT;CLEAR;NO CONTROL PRESENT;35.808095913;-78.87058863;;;P092;WAKE;0;0;3;;NONE;;NONE;;SPORT UTILITY;SPORT UTILITY;;;;NO;1641;2016-05-10;11:03 AM;2016-05-10T15:03:00+00:00;35.808095913, -78.87058863;2016;No;No;5;NONE;NONE,NONE;NONE,NONE;SPORT UTILITY,SPORT UTILITY;SPORT UTILITY,SPORT UTILITY;SPORT UTILITY,SPORT UTILITY;SPORT UTILITY,SPORT UTILITY
22262;288 FEET FROM 2500 CARPENTER UPCHURCH RD;DRIVEWAY, PUBLIC;STRAIGHT,LEVEL;PUBLIC VEHICULAR AREA;TWO-WAY,NOT DIVIDED;SMOOTH ASPHALT;DRY;DAYLIGHT;CLEAR;NO CONTROL PRESENT;35.808095886;-78.87058866;-78.869029;35.804402;P092;WAKE;0;0;2;;NONE;;NONE;;PASSENGER CAR;PASSENGER CAR;;;;NO;1642;2016-05-10;4:36:14 PM;2016-05-10T20:36:14+00:00;35.808095886, -78.87058866;2016;No;No;5;NONE;NONE,NONE;NONE,NONE;PASSENGER CAR,PASSENGER CAR;PASSENGER CAR,PASSENGER CAR;PASSENGER CAR,PASSENGER CAR;PASSENGER CAR,PASSENGER CAR
22265;CARY;NO SPECIAL FEATURE;STRAIGHT,LEVEL;LOCAL STREET;TWO-WAY,DIVIDED,UNPROTECTED MEDIAN;SMOOTH ASPHALT;DRY;DAYLIGHT;CLEAR;DOUBLE YELLOW LINE, NO PASSING ZONE;35.793740329;-78.76900834;-78.77422;35.792328;P033;113;0;1;;;NONE;;NONE;;PASSENGER CAR;PASSENGER CAR;;;;NO;1645;2016-05-15;8:48:14 AM;2016-05-15T12:48:14+00:00;35.793740329, -78.76900834;2016;No;Yes;5;NONE;NONE,NONE;NONE,NONE;PASSENGER CAR,PASSENGER CAR;PASSENGER CAR,PASSENGER CAR;PASSENGER CAR,PASSENGER CAR;PASSENGER CAR,PASSENGER CAR
22268;CARY;NO SPECIAL FEATURE;STRAIGHT,LEVEL;STATE SECONDARY ROUTE;TWO-WAY,DIVIDED,UNPROTECTED MEDIAN;SMOOTH ASPHALT;DRY;DAYLIGHT;CLEAR;STOP SIGN;;;-78.875295;35.786836;;;0;0;1;;NONE;;NONE;;VAN;PASSENGER CAR;;;;NO;1648;2016-05-14;1:04:44 PM;2016-05-14T17:04:44+00:00;;2016;No;No;5;NONE;NONE,NONE;NONE,NONE;VAN,PASSENGER CAR;VAN,PASSENGER CAR;VAN,PASSENGER CAR;VAN,PASSENGER CAR
22271;50 FEET FROM WALNUT ST;NO SPECIAL FEATURE;STRAIGHT,LEVEL;LOCAL STREET;TWO-WAY,DIVIDED,POSITIVE MEDIAN BARRIER;SMOOTH ASPHALT;DRY;DAYLIGHT;CLEAR;STOP AND GO SIGNAL;35.764008041;-78.74877098;-78.7489;35.764;P028;112;0;0;1;;NONE;;NONE;;SPORT UTILITY;PASSENGER CAR;;;;NO;1651;2016-05-16;2:03:43 PM;2016-05-16T18:03:43+00:00;35.764008041, -78.74877098;2016;No;No;5;NONE;NONE,NONE;NONE,NONE;SPORT UTILITY,PASSENGER CAR;SPORT UTILITY,PASSENGER CAR;SPORT UTILITY,PASSENGER CAR;SPORT UTILITY,PASSENGER CAR
22272;CARY;NO SPECIAL FEATURE;STRAIGHT,LEVEL;PUBLIC VEHICULAR AREA;ONE-WAY,NOT DIVIDED;SMOOTH ASPHALT;DRY;DAYLIGHT;CLEAR;NO CONTROL PRESENT;;;-78.75963;35.772937;;;0;0;;;NONE;;NONE;;PASSENGER CAR;PASSENGER CAR;;;;NO;1652;2016-05-16;1:51:01 PM;2016-05-16T17:51:01+00:00;;2016;No;No;5;NONE;NONE,NONE;NONE,NONE;PASSENGER CAR,PASSENGER CAR;PASSENGER CAR,PASSENGER CAR;PASSENGER CAR,PASSENGER CAR;PASSENGER CAR,PASSENGER CAR
22273;175 FEET FROM N. HARRISON AVE;DRIVEWAY, PUBLIC;STRAIGHT,LEVEL;LOCAL STREET;TWO-WAY,NOT DIVIDED;SMOOTH ASPHALT;DRY;DAYLIGHT;CLEAR;NO CONTROL PRESENT;;;-78.7696;35.8288;;;0;1;1;;NONE;;NONE;;PASSENGER CAR;SPORT UTILITY;PASSENGER CAR;;;NO;1653;2016-05-16;4:43:41 PM;2016-05-16T20:43:41+00:00;;2016;No;Yes;5;NONE;NONE,NONE;NONE,NONE;PASSENGER CAR,SPORT UTILITY;PASSENGER CAR,SPORT UTILITY,PASSENGER CAR;PASSENGER CAR,SPORT UTILITY,PASSENGER CAR;PASSENGER CAR,SPORT UTILITY,PASSENGER CAR
22281;.149 MILES FROM NC 54 (CHAPEL HILL RD);NO SPECIAL FEATURE;STRAIGHT,GRADE;STATE SECONDARY ROUTE;TWO-WAY,NOT DIVIDED;SMOOTH ASPHALT;WET;DAYLIGHT;RAIN;NO CONTROL PRESENT;;;-78.7951;35.7981;;;0;0;;;NONE;;NONE;;PASSENGER CAR;PASSENGER CAR;;;;NO;1661;2016-05-17;11:24 AM;2016-05-17T15:24:00+00:00;;2016;No;No;5;NONE;NONE,NONE;NONE,NONE;PASSENGER CAR,PASSENGER CAR;PASSENGER CAR,PASSENGER CAR;PASSENGER CAR,PASSENGER CAR;PASSENGER CAR,PASSENGER CAR
22283;25 FEET FROM E DURHAM RD;NO SPECIAL FEATURE;CURVE,LEVEL;LOCAL STREET;TWO-WAY,DIVIDED,POSITIVE MEDIAN BARRIER;GROOVED CONCRETE;DRY;DARK - LIGHTED ROADWAY;CLEAR;YIELD SIGN;;;-78.77238;35.790222;;;0;0;;;NONE;;NONE;;;;;;;NO;1663;2016-05-17;3:05:48 AM;2016-05-17T07:05:48+00:00;;2016;No;No;5;NONE;NONE,NONE;NONE,NONE;;;;
22285;50 FEET FROM PVA 1331 BUCK JONES RD;NO SPECIAL FEATURE;STRAIGHT,LEVEL;PUBLIC VEHICULAR AREA;TWO-WAY,NOT DIVIDED;SMOOTH ASPHALT;WET;DAYLIGHT;RAIN;NO CONTROL PRESENT;;;-78.743;35.7646;;;0;0;;;NONE;;NONE;;SPORT UTILITY;PASSENGER CAR;;;;NO;1665;2016-05-17;5:12:34 PM;2016-05-17T21:12:34+00:00;;2016;No;No;5;NONE;NONE,NONE;NONE,NONE;SPORT UTILITY,PASSENGER CAR;SPORT UTILITY,PASSENGER CAR;SPORT UTILITY,PASSENGER CAR;SPORT UTILITY,PASSENGER CAR
22288;40 FEET FROM SR 1152 (HOLLY SPRINGS RD);FOUR-WAY INTERSECTION;STRAIGHT,LEVEL;STATE SECONDARY ROUTE;TWO-WAY,NOT DIVIDED;SMOOTH ASPHALT;WET;DAYLIGHT;CLOUDY;STOP AND GO SIGNAL;;;-78.77234;35.695041;;;0;0;;;NONE;;NONE;;SPORT UTILITY;SPORT UTILITY;;;;NO;1668;2016-05-17;3:24:30 PM;2016-05-17T19:24:30+00:00;;2016;No;No;5;NONE;NONE,NONE;NONE,NONE;SPORT UTILITY,SPORT UTILITY;SPORT UTILITY,SPORT UTILITY;SPORT UTILITY,SPORT UTILITY;SPORT UTILITY,SPORT UTILITY
22290;.25 MILES FROM US-1 HWY SB;NO SPECIAL FEATURE;STRAIGHT,LEVEL;US ROUTE;TWO-WAY,DIVIDED,POSITIVE MEDIAN BARRIER;GROOVED CONCRETE;WET;DAYLIGHT;RAIN;NO CONTROL PRESENT;;;-78.752;35.758;;;0;0;;;;;NONE;;PASSENGER CAR;;;;;NO;1670;2016-05-17;2:44:14 PM;2016-05-17T18:44:14+00:00;;2016;No;No;5;;NONE;NONE;PASSENGER CAR;PASSENGER CAR;PASSENGER CAR;PASSENGER CAR
22291;50 FEET FROM PVA AT 2000 WALNUT ST;NO SPECIAL FEATURE;STRAIGHT,LEVEL;PUBLIC VEHICULAR AREA;TWO-WAY,NOT DIVIDED;SMOOTH ASPHALT;WET;DAYLIGHT;CLOUDY;NO CONTROL PRESENT;;;-78.74288;35.758231;;;0;0;1;;NONE;;NONE;;SPORT UTILITY;SPORT UTILITY;;;;NO;1671;2016-05-17;3:28:24 PM;2016-05-17T19:28:24+00:00;;2016;No;No;5;NONE;NONE,NONE;NONE,NONE;SPORT UTILITY,SPORT UTILITY;SPORT UTILITY,SPORT UTILITY;SPORT UTILITY,SPORT UTILITY;SPORT UTILITY,SPORT UTILITY
22293;150 FEET FROM PVA OF 115 PARKWAY OFFICE CT;NO SPECIAL FEATURE;STRAIGHT,LEVEL;PUBLIC VEHICULAR AREA;ONE-WAY,NOT DIVIDED;SMOOTH ASPHALT;DRY;DAYLIGHT;CLEAR;NO CONTROL PRESENT;;;;;;118;0;0;;;NONE;;NONE;;SPORT UTILITY;SPORT UTILITY;;;;NO;1673;2016-05-13;12:35 PM;2016-05-13T16:35:00+00:00;;2016;No;No;5;NONE;NONE,NONE;NONE,NONE;SPORT UTILITY,SPORT UTILITY;SPORT UTILITY,SPORT UTILITY;SPORT UTILITY,SPORT UTILITY;SPORT UTILITY,SPORT UTILITY
22294;0 FEET FROM SR 1628 (O KELLY CHAPEL RD);FOUR-WAY INTERSECTION;STRAIGHT,HILLCREST;STATE SECONDARY ROUTE;TWO-WAY,DIVIDED,UNPROTECTED MEDIAN;SMOOTH ASPHALT;DRY;DAYLIGHT;CLEAR;STOP SIGN;;;-78.909821;35.842913;;;0;1;;;NONE;;NONE;;PASSENGER CAR;PASSENGER CAR;;;;NO;1674;2016-05-13;5:41:01 PM;2016-05-13T21:41:01+00:00;;2016;No;Yes;5;NONE;NONE,NONE;NONE,NONE;PASSENGER CAR,PASSENGER CAR;PASSENGER CAR,PASSENGER CAR;PASSENGER CAR,PASSENGER CAR;PASSENGER CAR,PASSENGER CAR
22298;15 FEET FROM PVA 2080 KILDAIRE FARM RD;RELATED TO INTERSECTION;STRAIGHT,HILLCREST;LOCAL STREET;TWO-WAY,DIVIDED,UNPROTECTED MEDIAN;SMOOTH ASPHALT;DRY;DAYLIGHT;CLOUDY;STOP AND GO SIGNAL;;;-78.7795;35.7371;;;0;0;6;;NONE;;NONE;;;;;;;NO;1678;2016-05-12;2:13:35 PM;2016-05-12T18:13:35+00:00;;2016;No;No;5;NONE;NONE,NONE;NONE,NONE;;;;
22302;CARY;Y-INTERSECTION;STRAIGHT,LEVEL;STATE SECONDARY ROUTE;TWO-WAY,NOT DIVIDED;COARSE ASPHALT;WET;DAYLIGHT;RAIN;STOP SIGN;;;-78.85;35.78;;;0;0;9;;NONE;;NONE;;VAN;SPORT UTILITY;;;;NO;1682;2016-05-17;1:35:50 PM;2016-05-17T17:35:50+00:00;;2016;No;No;5;NONE;NONE,NONE;NONE,NONE;VAN,SPORT UTILITY;VAN,SPORT UTILITY;VAN,SPORT UTILITY;VAN,SPORT UTILITY
22303;CARY;RELATED TO INTERSECTION;STRAIGHT,GRADE;STATE SECONDARY ROUTE;TWO-WAY,DIVIDED,UNPROTECTED MEDIAN;SMOOTH ASPHALT;WET;DAYLIGHT;RAIN;STOP AND GO SIGNAL;;;-78.8469;35.7881;;;0;1;;;NONE;;NONE;;PASSENGER CAR;PASSENGER CAR;;;;NO;1683;2016-05-17;4:03:14 PM;2016-05-17T20:03:14+00:00;;2016;No;Yes;5;NONE;NONE,NONE;NONE,NONE;PASSENGER CAR,PASSENGER CAR;PASSENGER CAR,PASSENGER CAR;PASSENGER CAR,PASSENGER CAR;PASSENGER CAR,PASSENGER CAR
22309;250 FEET FROM PVA 33000 FOLKLORE WAY;NO SPECIAL FEATURE;STRAIGHT,LEVEL;PUBLIC VEHICULAR AREA;TWO-WAY,NOT DIVIDED;SMOOTH ASPHALT;DRY;DAYLIGHT;CLOUDY;NO CONTROL PRESENT;;;-78.8974;35.8475;;;0;0;2;;NONE;;NONE;;VAN;PASSENGER CAR;;;;NO;1689;2016-05-18;12:52 PM;2016-05-18T16:52:00+00:00;;2016;No;No;5;NONE;NONE,NONE;NONE,NONE;VAN,PASSENGER CAR;VAN,PASSENGER CAR;VAN,PASSENGER CAR;VAN,PASSENGER CAR
22310;200 FEET FROM 2020 KILDAIRE FARM RD;NO SPECIAL FEATURE;STRAIGHT,LEVEL;PUBLIC VEHICULAR AREA;TWO-WAY,NOT DIVIDED;SMOOTH ASPHALT;DRY;DAYLIGHT;;NO CONTROL PRESENT;35.770794489;-78.80102087;-78.7817;35.7363;P037;115;0;0;;;NONE;;NONE;;SPORT UTILITY;VAN;;;;NO;1690;2016-05-13;8:19:58 AM;2016-05-13T12:19:58+00:00;35.770794489, -78.80102087;2016;No;No;5;NONE;NONE,NONE;NONE,NONE;SPORT UTILITY,VAN;SPORT UTILITY,VAN;SPORT UTILITY,VAN;SPORT UTILITY,VAN
22320;CARY;NO SPECIAL FEATURE;STRAIGHT,LEVEL;PUBLIC VEHICULAR AREA;TWO-WAY,NOT DIVIDED;SMOOTH ASPHALT;DRY;DAYLIGHT;CLOUDY;NO CONTROL PRESENT;35.754908235;-78.73025045;-78.7379;35.7621;P093;WAKE;0;0;;;NONE;;NONE;;PASSENGER CAR;SPORT UTILITY;;;;NO;1700;2016-05-20;2:21:01 PM;2016-05-20T18:21:01+00:00;35.754908235, -78.73025045;2016;No;No;5;NONE;NONE,NONE;NONE,NONE;PASSENGER CAR,SPORT UTILITY;PASSENGER CAR,SPORT UTILITY;PASSENGER CAR,SPORT UTILITY;PASSENGER CAR,SPORT UTILITY
22321;CARY;NO SPECIAL FEATURE;STRAIGHT,LEVEL;STATE SECONDARY ROUTE;TWO-WAY,NOT DIVIDED;SMOOTH ASPHALT;DRY;DAYLIGHT;CLOUDY;NO CONTROL PRESENT;;;-78.783578;35.701017;;116;0;0;;;NONE;;NONE;;SPORT UTILITY;PICKUP;;;;NO;1701;2016-05-20;2:43:47 PM;2016-05-20T18:43:47+00:00;;2016;No;No;5;NONE;NONE,NONE;NONE,NONE;SPORT UTILITY,PICKUP;SPORT UTILITY,PICKUP;SPORT UTILITY,PICKUP;SPORT UTILITY,PICKUP
22322;CARY;;;;;;;;;;35.791966448;-78.7640865;;;P055;120;0;0;;;;;;;;;;;;;1702;2016-05-21;2:32:50 PM;2016-05-21T18:32:50+00:00;35.791966448, -78.7640865;2016;No;No;5;;;;;;;
22331;0 FEET FROM SR 3977 (SW CARY PKWY);T-INTERSECTION;STRAIGHT,LEVEL;STATE SECONDARY ROUTE;TWO-WAY,DIVIDED,UNPROTECTED MEDIAN;SMOOTH ASPHALT;DRY;DARK - LIGHTED ROADWAY;CLEAR;STOP SIGN;;;-78.83058;35.769933;;117;0;0;;;NONE;;NONE;;PASSENGER CAR;PASSENGER CAR;;;;NO;1711;2016-05-19;8:18:53 PM;2016-05-20T00:18:53+00:00;;2016;No;No;5;NONE;NONE,NONE;NONE,NONE;PASSENGER CAR,PASSENGER CAR;PASSENGER CAR,PASSENGER CAR;PASSENGER CAR,PASSENGER CAR;PASSENGER CAR,PASSENGER CAR
22332;20 FEET FROM PVA AT 8204 TRYON WOODS DR;NO SPECIAL FEATURE;STRAIGHT,LEVEL;PUBLIC VEHICULAR AREA;TWO-WAY,NOT DIVIDED;COARSE ASPHALT;DRY;DAYLIGHT;CLOUDY;NO CONTROL PRESENT;;;-78.741352;35.74696;;;0;0;;;;;NONE;;PASSENGER CAR;SPORT UTILITY;;;;NO;1712;2016-05-20;4:51:17 PM;2016-05-20T20:51:17+00:00;;2016;No;No;5;;NONE;NONE;PASSENGER CAR,SPORT UTILITY;PASSENGER CAR,SPORT UTILITY;PASSENGER CAR,SPORT UTILITY;PASSENGER CAR,SPORT UTILITY
22349;CARY;FOUR-WAY INTERSECTION;CURVE,HILLCREST;STATE SECONDARY ROUTE;TWO-WAY,DIVIDED,UNPROTECTED MEDIAN;SMOOTH ASPHALT;DRY;DAYLIGHT;CLOUDY;STOP AND GO SIGNAL;35.737272276;-78.78216601;-78.7809;35.7377;P053;116;0;0;;;NONE;;NONE;;PICKUP;SPORT UTILITY;;;;NO;1729;2016-05-21;9:39:55 AM;2016-05-21T13:39:55+00:00;35.737272276, -78.78216601;2016;No;No;5;NONE;NONE,NONE;NONE,NONE;PICKUP,SPORT UTILITY;PICKUP,SPORT UTILITY;PICKUP,SPORT UTILITY;PICKUP,SPORT UTILITY
22356;1 MILES FROM RP# 1741 (NW MAYNARD RD);OTHER *;STRAIGHT,GRADE;LOCAL STREET;TWO-WAY,DIVIDED,POSITIVE MEDIAN BARRIER;SMOOTH ASPHALT;DRY;DAYLIGHT;CLEAR;OTHER *;35.800475823;-78.79076383;-78.7913;35.801;P025;111;0;0;;;NONE;;NONE;;PASSENGER CAR;SPORT UTILITY;;;;NO;1736;2016-05-22;2:56:57 PM;2016-05-22T18:56:57+00:00;35.800475823, -78.79076383;2016;No;No;5;NONE;NONE,NONE;NONE,NONE;PASSENGER CAR,SPORT UTILITY;PASSENGER CAR,SPORT UTILITY;PASSENGER CAR,SPORT UTILITY;PASSENGER CAR,SPORT UTILITY