tamainid;location_description;rdfeature;rdcharacter;rdclass;rdconfigur;rdsurface;rdcondition;lightcond;weather;trafcontrl;lat;lon;lon2;lat2;tract;zone;fatality;possblinj;numpassengers;numpedestrians;contrcir1_desc;contrcir2_desc;contrcir3_desc;contrcir4_desc;vehicle1;vehicle2;vehicle3;vehicle4;vehicle5;workarea;records;ta_date;ta_time;crash_date;geo_location;year;fatalities;injuries;month;contrfact1;contrfact2;contributing_factor;vehicleconcat1;vehicleconcat2;vehicleconcat3;vehicle_type
23352;25 FEET FROM PVA OF 3302 OLD RALEIGH RD;DRIVEWAY, PUBLIC;STRAIGHT,LEVEL;PUBLIC VEHICULAR AREA;TWO-WAY,NOT DIVIDED;SMOOTH ASPHALT;DRY;DAYLIGHT;CLOUDY;NO CONTROL PRESENT;35.750152522;-78.75261225;-78.8152;35.7398;P004;118;0;0;;;NONE;;NONE;;PASSENGER CAR;PICKUP;;;;NO;2730;2016-07-21;12:38 PM;2016-07-21T16:38:00+00:00;35.750152522, -78.75261225;2016;No;No;7;NONE;NONE,NONE;NONE,NONE;PASSENGER CAR,PICKUP;PASSENGER CAR,PICKUP;PASSENGER CAR,PICKUP;PASSENGER CAR,PICKUP
23358;0 FEET FROM SR 1652 (N HARRISON AV);DRIVEWAY, PUBLIC;STRAIGHT,LEVEL;STATE SECONDARY ROUTE;TWO-WAY,NOT DIVIDED;SMOOTH ASPHALT;DRY;DAYLIGHT;CLEAR;STOP AND GO SIGNAL;35.8306533;-78.76640681;-78.7664;35.8308;P029;111;0;0;1;;NONE;;NONE;;SPORT UTILITY;PASSENGER CAR;;;;NO;2736;2016-08-09;10:02 AM;2016-08-09T14:02:00+00:00;35.8306533, -78.76640681;2016;No;No;8;NONE;NONE,NONE;NONE,NONE;SPORT UTILITY,PASSENGER CAR;SPORT UTILITY,PASSENGER CAR;SPORT UTILITY,PASSENGER CAR;SPORT UTILITY,PASSENGER CAR
23362;0 FEET FROM WALDO ST;FOUR-WAY INTERSECTION;STRAIGHT,LEVEL;LOCAL STREET;TWO-WAY,NOT DIVIDED;SMOOTH ASPHALT;DRY;DAYLIGHT;CLEAR;STOP SIGN;35.786681085;-78.77541209;-78.78;35.79;P059;120;0;1;1;;NONE;;NONE;;PICKUP;PASSENGER CAR;;;;NO;2740;2016-08-09;2:42:11 PM;2016-08-09T18:42:11+00:00;35.786681085, -78.77541209;2016;No;Yes;8;NONE;NONE,NONE;NONE,NONE;PICKUP,PASSENGER CAR;PICKUP,PASSENGER CAR;PICKUP,PASSENGER CAR;PICKUP,PASSENGER CAR
23368;50 FEET FROM SR 1415 (SW MAYNARD RD);NO SPECIAL FEATURE;STRAIGHT,LEVEL;STATE SECONDARY ROUTE;TWO-WAY,DIVIDED,UNPROTECTED MEDIAN;SMOOTH ASPHALT;DRY;DAYLIGHT;CLEAR;NO CONTROL PRESENT;35.769619367;-78.77817355;-78.785;35.7713;P062;120;0;0;;;NONE;;NONE;;PICKUP;PASSENGER CAR;;;;NO;2746;2016-08-10;7:29:39 AM;2016-08-10T11:29:39+00:00;35.769619367, -78.77817355;2016;No;No;8;NONE;NONE,NONE;NONE,NONE;PICKUP,PASSENGER CAR;PICKUP,PASSENGER CAR;PICKUP,PASSENGER CAR;PICKUP,PASSENGER CAR
23371;175 FEET FROM PVA 100 AUTO MALL DRIVE;NO SPECIAL FEATURE;STRAIGHT,LEVEL;PUBLIC VEHICULAR AREA;TWO-WAY,NOT DIVIDED;SMOOTH ASPHALT;DRY;DAYLIGHT;CLEAR;NO CONTROL PRESENT;35.740201142;-78.80874558;-78.8082;35.7403;P041;116;0;0;;;;;NONE;;PASSENGER CAR;PICKUP;;;;NO;2749;2016-08-10;2:56:48 PM;2016-08-10T18:56:48+00:00;35.740201142, -78.80874558;2016;No;No;8;;NONE;NONE;PASSENGER CAR,PICKUP;PASSENGER CAR,PICKUP;PASSENGER CAR,PICKUP;PASSENGER CAR,PICKUP
23373;10 FEET FROM SR 1415 (SE MAYNARD RD);FOUR-WAY INTERSECTION;CURVE,LEVEL;STATE SECONDARY ROUTE;TWO-WAY,DIVIDED,UNPROTECTED MEDIAN;SMOOTH ASPHALT;DRY;DAYLIGHT;CLEAR;STOP AND GO SIGNAL;35.772232929;-78.76411371;-78.762;35.77;P062;120;0;0;2;;NONE;;NONE;;SPORT UTILITY;PASSENGER CAR;;;;NO;2751;2016-08-10;7:18:27 PM;2016-08-10T23:18:27+00:00;35.772232929, -78.76411371;2016;No;No;8;NONE;NONE,NONE;NONE,NONE;SPORT UTILITY,PASSENGER CAR;SPORT UTILITY,PASSENGER CAR;SPORT UTILITY,PASSENGER CAR;SPORT UTILITY,PASSENGER CAR
23377;50 FEET FROM SR1300 (KILDAIRE FARM RD);NO SPECIAL FEATURE;STRAIGHT,LEVEL;STATE SECONDARY ROUTE;TWO-WAY,DIVIDED,UNPROTECTED MEDIAN;SMOOTH ASPHALT;DRY;DAYLIGHT;CLEAR;STOP AND GO SIGNAL;35.703277099;-78.79428437;-78.7941;35.7023;P052;116;0;0;;;NONE;;NONE;;PASSENGER CAR;PASSENGER CAR;;;;NO;2755;2016-08-10;1:41:29 PM;2016-08-10T17:41:29+00:00;35.703277099, -78.79428437;2016;No;No;8;NONE;NONE,NONE;NONE,NONE;PASSENGER CAR,PASSENGER CAR;PASSENGER CAR,PASSENGER CAR;PASSENGER CAR,PASSENGER CAR;PASSENGER CAR,PASSENGER CAR
23392;200 FEET FROM NC 55;;;;;;;;;;;;-78.8854;35.8393;;;0;0;;;;;;;PICKUP;PASSENGER CAR;;;;;2770;2016-08-09;12:12 PM;2016-08-09T16:12:00+00:00;;2016;No;No;8;;;;PICKUP,PASSENGER CAR;PICKUP,PASSENGER CAR;PICKUP,PASSENGER CAR;PICKUP,PASSENGER CAR
23397;50 FEET FROM P.V.A. 1920 NC 54 (NW MAYNARD;DRIVEWAY, PUBLIC;STRAIGHT,GRADE;PUBLIC VEHICULAR AREA;TWO-WAY,NOT DIVIDED;SMOOTH ASPHALT;DRY;DAYLIGHT;CLEAR;STOP AND GO SIGNAL;;;-78.7947;35.7994;;;0;0;;;NONE;;NONE;;PASSENGER CAR;;;;;NO;2775;2016-08-12;8:22:34 AM;2016-08-12T12:22:34+00:00;;2016;No;No;8;NONE;NONE,NONE;NONE,NONE;PASSENGER CAR;PASSENGER CAR;PASSENGER CAR;PASSENGER CAR
23407;60 FEET FROM WIDDINGTON LN;NO SPECIAL FEATURE;STRAIGHT,LEVEL;LOCAL STREET;TWO-WAY,NOT DIVIDED;COARSE ASPHALT;DRY;DAYLIGHT;CLEAR;NO CONTROL PRESENT;35.78823565;-78.85977033;-78.859615;35.788659;P013;117;0;1;;;NONE;;NONE;;SPORT UTILITY;;;;;NO;2785;2016-08-12;7:00:57 AM;2016-08-12T11:00:57+00:00;35.78823565, -78.85977033;2016;No;Yes;8;NONE;NONE,NONE;NONE,NONE;SPORT UTILITY;SPORT UTILITY;SPORT UTILITY;SPORT UTILITY
23408;.1 MILES FROM NEEDLE PARK DR;NO SPECIAL FEATURE;STRAIGHT,LEVEL;LOCAL STREET;TWO-WAY,NOT DIVIDED;SMOOTH ASPHALT;DRY;DAYLIGHT;CLEAR;NO CONTROL PRESENT;35.805834843;-78.7937452;-78.7905;35.8057;P024;111;0;0;;;NONE;;;;PASSENGER CAR;PASSENGER CAR;;;;CONSTRUCTION WORK AREA;2786;2016-08-09;7:11:55 PM;2016-08-09T23:11:55+00:00;35.805834843, -78.7937452;2016;No;No;8;NONE;NONE;NONE;PASSENGER CAR,PASSENGER CAR;PASSENGER CAR,PASSENGER CAR;PASSENGER CAR,PASSENGER CAR;PASSENGER CAR,PASSENGER CAR
23415;NEAR .55 MILES NE OF NE US 1;NO SPECIAL FEATURE;STRAIGHT,LEVEL;US ROUTE;TWO-WAY,DIVIDED,POSITIVE MEDIAN BARRIER;CONCRETE;DRY;DAYLIGHT;CLEAR;NO CONTROL PRESENT;35.758066593;-78.75355919;-78.726844;35.769375;P028;112;0;0;;;;;NONE;;PASSENGER CAR;;;;;CONSTRUCTION WORK AREA;2793;2016-08-11;7:27:48 PM;2016-08-11T23:27:48+00:00;35.758066593, -78.75355919;2016;No;No;8;;NONE;NONE;PASSENGER CAR;PASSENGER CAR;PASSENGER CAR;PASSENGER CAR
23420;20 FEET FROM SEABROOK AVE;T-INTERSECTION;STRAIGHT,LEVEL;LOCAL STREET;TWO-WAY,NOT DIVIDED;SMOOTH ASPHALT;DRY;DARK - LIGHTED ROADWAY;CLEAR;STOP SIGN;35.767884587;-78.76550889;-78.7653;35.7676;P062;120;0;0;;;NONE;;NONE;;PASSENGER CAR;PASSENGER CAR;;;;NO;2798;2016-08-11;8:11:12 PM;2016-08-12T00:11:12+00:00;35.767884587, -78.76550889;2016;No;No;8;NONE;NONE,NONE;NONE,NONE;PASSENGER CAR,PASSENGER CAR;PASSENGER CAR,PASSENGER CAR;PASSENGER CAR,PASSENGER CAR;PASSENGER CAR,PASSENGER CAR
23421;300 FEET FROM PVA OF 700 RENSHAW CT;NO SPECIAL FEATURE;STRAIGHT,LEVEL;PUBLIC VEHICULAR AREA;TWO-WAY,NOT DIVIDED;SMOOTH ASPHALT;DRY;DARK - LIGHTED ROADWAY;CLEAR;NO CONTROL PRESENT;;;-78.763;35.751;;;0;0;;;;;NONE;;PASSENGER CAR;PASSENGER CAR;;;;NO;2799;2016-08-11;10:29 PM;2016-08-12T02:29:00+00:00;;2016;No;No;8;;NONE;NONE;PASSENGER CAR,PASSENGER CAR;PASSENGER CAR,PASSENGER CAR;PASSENGER CAR,PASSENGER CAR;PASSENGER CAR,PASSENGER CAR
23427;330 FEET FROM SR 3977 (CARY PARKWAY);NO SPECIAL FEATURE;STRAIGHT,LEVEL;STATE SECONDARY ROUTE;TWO-WAY,DIVIDED,POSITIVE MEDIAN BARRIER;SMOOTH ASPHALT;DRY;DAYLIGHT;CLEAR;NO CONTROL PRESENT;35.762021516;-78.8218049;-78.822183;35.76309;P009;117;0;0;;;NONE;;NONE;;PASSENGER CAR;PASSENGER CAR;;;;NO;2805;2016-08-13;11:16 AM;2016-08-13T15:16:00+00:00;35.762021516, -78.8218049;2016;No;No;8;NONE;NONE,NONE;NONE,NONE;PASSENGER CAR,PASSENGER CAR;PASSENGER CAR,PASSENGER CAR;PASSENGER CAR,PASSENGER CAR;PASSENGER CAR,PASSENGER CAR
23428;.16 MILES FROM PVA OF 2370 WALNUT ST;NO SPECIAL FEATURE;STRAIGHT,LEVEL;PUBLIC VEHICULAR AREA;TWO-WAY,NOT DIVIDED;SMOOTH ASPHALT;DRY;DAYLIGHT;CLEAR;NO CONTROL PRESENT;;;-78.7449;35.7534;;;0;0;;;;;NONE;;PASSENGER CAR;PASSENGER CAR;;;;NO;2806;2016-08-13;11:06 AM;2016-08-13T15:06:00+00:00;;2016;No;No;8;;NONE;NONE;PASSENGER CAR,PASSENGER CAR;PASSENGER CAR,PASSENGER CAR;PASSENGER CAR,PASSENGER CAR;PASSENGER CAR,PASSENGER CAR
23429;.44 MILES FROM CROSSROADS BLVD;FOUR-WAY INTERSECTION;STRAIGHT,LEVEL;PUBLIC VEHICULAR AREA;TWO-WAY,DIVIDED,UNPROTECTED MEDIAN;SMOOTH ASPHALT;DRY;DAYLIGHT;CLEAR;NO CONTROL PRESENT;35.761266214;-78.7418746;-78.7345;35.7591;P120;118;0;0;2;;;;NONE;;PASSENGER CAR;PASSENGER CAR;;;;NO;2807;2016-08-13;1:12:49 PM;2016-08-13T17:12:49+00:00;35.761266214, -78.7418746;2016;No;No;8;;NONE;NONE;PASSENGER CAR,PASSENGER CAR;PASSENGER CAR,PASSENGER CAR;PASSENGER CAR,PASSENGER CAR;PASSENGER CAR,PASSENGER CAR
23430;.25 MILES FROM HWY 55;NO SPECIAL FEATURE;STRAIGHT,GRADE;INTERSTATE;TWO-WAY,DIVIDED,UNPROTECTED MEDIAN;SMOOTH ASPHALT;DRY;DAYLIGHT;CLEAR;NO CONTROL PRESENT;;;-78.872379;35.779076;;;0;0;;;NONE;;NONE;;LIGHT TRUCK (MINI-VAN- PANEL);SPORT UTILITY;;;;NO;2808;2016-08-13;6:37:23 AM;2016-08-13T10:37:23+00:00;;2016;No;No;8;NONE;NONE,NONE;NONE,NONE;LIGHT TRUCK (MINI-VAN- PANEL),SPORT UTILITY;LIGHT TRUCK (MINI-VAN- PANEL),SPORT UTILITY;LIGHT TRUCK (MINI-VAN- PANEL),SPORT UTILITY;LIGHT TRUCK (MINI-VAN- PANEL),SPORT UTILITY
23439;.02 MILES FROM US 64 HWY;RELATED TO INTERSECTION;STRAIGHT,LEVEL;US ROUTE;TWO-WAY,DIVIDED,UNPROTECTED MEDIAN;SMOOTH ASPHALT;WET;DAYLIGHT;RAIN;STOP AND GO SIGNAL;35.740944023;-78.78580864;-78.7943;35.7378;P042;115;0;0;3;;;;NONE;;PASSENGER CAR;PASSENGER CAR;;;;NO;2817;2016-08-14;6:02:24 PM;2016-08-14T22:02:24+00:00;35.740944023, -78.78580864;2016;No;No;8;;NONE;NONE;PASSENGER CAR,PASSENGER CAR;PASSENGER CAR,PASSENGER CAR;PASSENGER CAR,PASSENGER CAR;PASSENGER CAR,PASSENGER CAR
23447;255 FEET FROM PVA OF 1910 WALNUT ST;NO SPECIAL FEATURE;STRAIGHT,LEVEL;PUBLIC VEHICULAR AREA;TWO-WAY,NOT DIVIDED;SMOOTH ASPHALT;DRY;DAYLIGHT;CLEAR;NO CONTROL PRESENT;;;-78.7424;35.758;;;0;0;;;;;NONE;;UNKNOWN;PASSENGER CAR;;;;NO;2825;2016-08-13;4:07:57 PM;2016-08-13T20:07:57+00:00;;2016;No;No;8;;NONE;NONE;UNKNOWN,PASSENGER CAR;UNKNOWN,PASSENGER CAR;UNKNOWN,PASSENGER CAR;UNKNOWN,PASSENGER CAR
23448;.1 MILES FROM PVA 1705 HIGH HOUSE RD;NO SPECIAL FEATURE;STRAIGHT,LEVEL;PUBLIC VEHICULAR AREA;TWO-WAY,NOT DIVIDED;SMOOTH ASPHALT;DRY;DAYLIGHT;CLEAR;NO CONTROL PRESENT;35.79165381;-78.84382722;-78.8439;35.7915;P018;117;0;0;;;NONE;;NONE;;UNKNOWN;PASSENGER CAR;;;;NO;2826;2016-08-13;8:16:56 PM;2016-08-14T00:16:56+00:00;35.79165381, -78.84382722;2016;No;No;8;NONE;NONE,NONE;NONE,NONE;UNKNOWN,PASSENGER CAR;UNKNOWN,PASSENGER CAR;UNKNOWN,PASSENGER CAR;UNKNOWN,PASSENGER CAR
23455;.15 MILES FROM P.V.A. 1177 (BUCK JONES RD);NO SPECIAL FEATURE;STRAIGHT,LEVEL;PUBLIC VEHICULAR AREA;TWO-WAY,NOT DIVIDED;SMOOTH ASPHALT;DRY;DAYLIGHT;CLEAR;NO CONTROL PRESENT;;;-78.7383;35.7672;;;0;0;;;NONE;;NONE;;PASSENGER CAR;PASSENGER CAR;;;;NO;2833;2016-07-31;3:19:31 PM;2016-07-31T19:19:31+00:00;;2016;No;No;7;NONE;NONE,NONE;NONE,NONE;PASSENGER CAR,PASSENGER CAR;PASSENGER CAR,PASSENGER CAR;PASSENGER CAR,PASSENGER CAR;PASSENGER CAR,PASSENGER CAR
23463;CARY;RELATED TO INTERSECTION;STRAIGHT,LEVEL;LOCAL STREET;TWO-WAY,DIVIDED,UNPROTECTED MEDIAN;SMOOTH ASPHALT;DRY;DAYLIGHT;CLEAR;STOP AND GO SIGNAL;35.79469543;-78.75084182;-78.750638;35.794689;P034;113;0;0;;;NONE;;NONE;;PASSENGER CAR;PASSENGER CAR;;;;NO;2841;2016-08-15;7:27:08 PM;2016-08-15T23:27:08+00:00;35.79469543, -78.75084182;2016;No;No;8;NONE;NONE,NONE;NONE,NONE;PASSENGER CAR,PASSENGER CAR;PASSENGER CAR,PASSENGER CAR;PASSENGER CAR,PASSENGER CAR;PASSENGER CAR,PASSENGER CAR
23464;60 FEET FROM SR 1010 TEN TEN RD;T-INTERSECTION;STRAIGHT,LEVEL;STATE SECONDARY ROUTE;TWO-WAY,NOT DIVIDED;SMOOTH ASPHALT;DRY;DAYLIGHT;CLEAR;STOP SIGN;;;-78.7834;35.7012;;;0;0;;;NONE;;NONE;;SPORT UTILITY;SPORT UTILITY;;;;NO;2842;2016-08-15;1:15:26 PM;2016-08-15T17:15:26+00:00;;2016;No;No;8;NONE;NONE,NONE;NONE,NONE;SPORT UTILITY,SPORT UTILITY;SPORT UTILITY,SPORT UTILITY;SPORT UTILITY,SPORT UTILITY;SPORT UTILITY,SPORT UTILITY
23471;CARY;FOUR-WAY INTERSECTION;STRAIGHT,LEVEL;STATE SECONDARY ROUTE;TWO-WAY,NOT DIVIDED;SMOOTH ASPHALT;DRY;DAYLIGHT;CLEAR;STOP AND GO SIGNAL;;;-78.7638;35.7919;;;0;0;1;;NONE;;NONE;;PASSENGER CAR;PASSENGER CAR;;;;NO;2849;2016-08-12;2:13:51 AM;2016-08-12T06:13:51+00:00;;2016;No;No;8;NONE;NONE,NONE;NONE,NONE;PASSENGER CAR,PASSENGER CAR;PASSENGER CAR,PASSENGER CAR;PASSENGER CAR,PASSENGER CAR;PASSENGER CAR,PASSENGER CAR
23473;.01 MILES FROM NC 55;NO SPECIAL FEATURE;STRAIGHT,LEVEL;NC ROUTE;TWO-WAY,DIVIDED,UNPROTECTED MEDIAN;SMOOTH ASPHALT;DRY;DARK - ROADWAY NOT LIGHTED;CLEAR;NO CONTROL PRESENT;35.820401083;-78.87368239;-78.8739;35.8218;P091;WAKE;0;0;;;;;NONE;;SPORT UTILITY;;;;;NO;2851;2016-08-14;12:25 AM;2016-08-14T04:25:00+00:00;35.820401083, -78.87368239;2016;No;No;8;;NONE;NONE;SPORT UTILITY;SPORT UTILITY;SPORT UTILITY;SPORT UTILITY
23485;30 FEET FROM NC 54 (CHAPEL HILL RD);RELATED TO INTERSECTION;STRAIGHT,LEVEL;STATE SECONDARY ROUTE;TWO-WAY,DIVIDED,POSITIVE MEDIAN BARRIER;SMOOTH ASPHALT;DRY;DAYLIGHT;CLEAR;NO CONTROL PRESENT;35.794748307;-78.75082436;-744269.69;2073882.5;P034;113;0;0;;;NONE;;NONE;;PASSENGER CAR;VAN;;;;NO;2863;2016-08-11;2:08:29 PM;2016-08-11T18:08:29+00:00;35.794748307, -78.75082436;2016;No;No;8;NONE;NONE,NONE;NONE,NONE;PASSENGER CAR,VAN;PASSENGER CAR,VAN;PASSENGER CAR,VAN;PASSENGER CAR,VAN
23486;CARY;NO SPECIAL FEATURE;CURVE,LEVEL;STATE SECONDARY ROUTE;TWO-WAY,DIVIDED,UNPROTECTED MEDIAN;SMOOTH ASPHALT;DRY;DARK - LIGHTED ROADWAY;CLEAR;STOP AND GO SIGNAL;35.739716842;-78.77993916;-78.7804;35.7379;P044;115;0;0;;;NONE;;NONE;;PASSENGER CAR;SPORT UTILITY;;;;NO;2864;2016-08-16;8:19:38 PM;2016-08-17T00:19:38+00:00;35.739716842, -78.77993916;2016;No;No;8;NONE;NONE,NONE;NONE,NONE;PASSENGER CAR,SPORT UTILITY;PASSENGER CAR,SPORT UTILITY;PASSENGER CAR,SPORT UTILITY;PASSENGER CAR,SPORT UTILITY
23487;25 FEET FROM PVA AT 1207 KILDAIRE FARM RD;NO SPECIAL FEATURE;STRAIGHT,LEVEL;PUBLIC VEHICULAR AREA;TWO-WAY,NOT DIVIDED;SMOOTH ASPHALT;DRY;DAYLIGHT;CLEAR;NO CONTROL PRESENT;;;-78.782379;;;;0;0;;;;;NONE;;SPORT UTILITY;PASSENGER CAR;;;;NO;2865;2016-08-16;4:06:17 PM;2016-08-16T20:06:17+00:00;;2016;No;No;8;;NONE;NONE;SPORT UTILITY,PASSENGER CAR;SPORT UTILITY,PASSENGER CAR;SPORT UTILITY,PASSENGER CAR;SPORT UTILITY,PASSENGER CAR
23490;440 FEET FROM NANTUCKET DR;NO SPECIAL FEATURE;STRAIGHT,LEVEL;LOCAL STREET;TWO-WAY,NOT DIVIDED;SMOOTH ASPHALT;DRY;DARK - LIGHTED ROADWAY;CLEAR;NO CONTROL PRESENT;35.820983749;-78.79420919;-78.7931;35.82;P022;111;0;0;;;NONE;;NONE;;PASSENGER CAR;;;;;NO;2868;2016-08-17;8:31:47 AM;2016-08-17T12:31:47+00:00;35.820983749, -78.79420919;2016;No;No;8;NONE;NONE,NONE;NONE,NONE;PASSENGER CAR;PASSENGER CAR;PASSENGER CAR;PASSENGER CAR
23498;CARY;RELATED TO INTERSECTION;STRAIGHT,LEVEL;STATE SECONDARY ROUTE;TWO-WAY,DIVIDED,UNPROTECTED MEDIAN;SMOOTH ASPHALT;DRY;DAYLIGHT;CLEAR;NO CONTROL PRESENT;35.792457922;-78.820647;-78.8207;35.7925;P067;121;0;0;;;NONE;;NONE;;PASSENGER CAR;SPORT UTILITY;;;;NO;2876;2016-08-16;5:37:26 PM;2016-08-16T21:37:26+00:00;35.792457922, -78.820647;2016;No;No;8;NONE;NONE,NONE;NONE,NONE;PASSENGER CAR,SPORT UTILITY;PASSENGER CAR,SPORT UTILITY;PASSENGER CAR,SPORT UTILITY;PASSENGER CAR,SPORT UTILITY
23499;CARY;RELATED TO INTERSECTION;STRAIGHT,LEVEL;STATE SECONDARY ROUTE;TWO-WAY,NOT DIVIDED;SMOOTH ASPHALT;DRY;DAYLIGHT;CLEAR;STOP SIGN;;;-78.8702;35.8219;;;0;0;;;NONE;;NONE;;PASSENGER CAR;SPORT UTILITY;;;;NO;2877;2016-08-16;3:43:06 PM;2016-08-16T19:43:06+00:00;;2016;No;No;8;NONE;NONE,NONE;NONE,NONE;PASSENGER CAR,SPORT UTILITY;PASSENGER CAR,SPORT UTILITY;PASSENGER CAR,SPORT UTILITY;PASSENGER CAR,SPORT UTILITY
23500;.75 MILES FROM US1;NO SPECIAL FEATURE;STRAIGHT,LEVEL;US ROUTE;TWO-WAY,DIVIDED,POSITIVE MEDIAN BARRIER;SMOOTH ASPHALT;DRY;DAYLIGHT;CLEAR;NO CONTROL PRESENT;35.736701222;-78.78832394;-78.8001;35.7333;P042;115;0;0;;;;;NONE;;PASSENGER CAR;;;;;NO;2878;2016-08-17;7:26:48 AM;2016-08-17T11:26:48+00:00;35.736701222, -78.78832394;2016;No;No;8;;NONE;NONE;PASSENGER CAR;PASSENGER CAR;PASSENGER CAR;PASSENGER CAR
23501;180 FEET FROM PVA 1297 BUCK JONES RD;NO SPECIAL FEATURE;STRAIGHT,LEVEL;PUBLIC VEHICULAR AREA;ONE-WAY,NOT DIVIDED;SMOOTH ASPHALT;DRY;DAYLIGHT;CLEAR;NO CONTROL PRESENT;;;-78.739469;35.765799;;112;0;0;2;;;;NONE;;PASSENGER CAR;PASSENGER CAR;;;;NO;2879;2016-08-17;11:34 AM;2016-08-17T15:34:00+00:00;;2016;No;No;8;;NONE;NONE;PASSENGER CAR,PASSENGER CAR;PASSENGER CAR,PASSENGER CAR;PASSENGER CAR,PASSENGER CAR;PASSENGER CAR,PASSENGER CAR
23502;CARY;TRAFFIC CIRCLE/ROUNDABOUT;CURVE,GRADE;PUBLIC VEHICULAR AREA;TWO-WAY,NOT DIVIDED;SMOOTH ASPHALT;DRY;DAYLIGHT;CLEAR;YIELD SIGN;;;-78.7664;35.7451;;;0;0;;;NONE;;NONE;;PICKUP;SPORT UTILITY;;;;NO;2880;2016-08-17;6:33:54 AM;2016-08-17T10:33:54+00:00;;2016;No;No;8;NONE;NONE,NONE;NONE,NONE;PICKUP,SPORT UTILITY;PICKUP,SPORT UTILITY;PICKUP,SPORT UTILITY;PICKUP,SPORT UTILITY
23504;35 FEET FROM 3402 KILDAIRE FARM RD;NO SPECIAL FEATURE;STRAIGHT,LEVEL;PUBLIC VEHICULAR AREA;TWO-WAY,NOT DIVIDED;SMOOTH ASPHALT;DRY;DAYLIGHT;CLEAR;NO CONTROL PRESENT;35.704282368;-78.79453147;-78.796716;35.7041312;P052;116;0;0;;;NONE;;NONE;;PICKUP;PASSENGER CAR;;;;NO;2882;2016-08-17;7:09:23 AM;2016-08-17T11:09:23+00:00;35.704282368, -78.79453147;2016;No;No;8;NONE;NONE,NONE;NONE,NONE;PICKUP,PASSENGER CAR;PICKUP,PASSENGER CAR;PICKUP,PASSENGER CAR;PICKUP,PASSENGER CAR
23509;50 FEET FROM SR 1300 (KILDAIRE FARM RD);RELATED TO INTERSECTION;STRAIGHT,LEVEL;STATE SECONDARY ROUTE;TWO-WAY,NOT DIVIDED;SMOOTH ASPHALT;DRY;DAYLIGHT;CLEAR;STOP AND GO SIGNAL;;;-78.78;35.74;;;0;0;3;;;;NONE;;PASSENGER CAR;PASSENGER CAR;;;;NO;2887;2016-08-18;4:29:19 PM;2016-08-18T20:29:19+00:00;;2016;No;No;8;;NONE;NONE;PASSENGER CAR,PASSENGER CAR;PASSENGER CAR,PASSENGER CAR;PASSENGER CAR,PASSENGER CAR;PASSENGER CAR,PASSENGER CAR
23517;318 FEET FROM 7129 O`KELLY CHAPEL RD;NO SPECIAL FEATURE;STRAIGHT,LEVEL;PUBLIC VEHICULAR AREA;TWO-WAY,NOT DIVIDED;SMOOTH ASPHALT;DRY;DAYLIGHT;CLEAR;NO CONTROL PRESENT;35.844420251;-78.88559908;-78.8856;35.8448;P124;119;0;0;1;;;;NONE;;PASSENGER CAR;PASSENGER CAR;;;;NO;2895;2016-08-17;11:18 AM;2016-08-17T15:18:00+00:00;35.844420251, -78.88559908;2016;No;No;8;;NONE;NONE;PASSENGER CAR,PASSENGER CAR;PASSENGER CAR,PASSENGER CAR;PASSENGER CAR,PASSENGER CAR;PASSENGER CAR,PASSENGER CAR
23521;108 FEET FROM 525-203 NEW WAVERLY PL;NO SPECIAL FEATURE;STRAIGHT,LEVEL;PUBLIC VEHICULAR AREA;TWO-WAY,NOT DIVIDED;SMOOTH ASPHALT;DRY;DAYLIGHT;CLEAR;NO CONTROL PRESENT;35.740426083;-78.77602991;-78.7765;35.7394;P053;116;0;0;;;NONE;;NONE;;PASSENGER CAR;PASSENGER CAR;;;;NO;2899;2016-08-10;1:31:29 PM;2016-08-10T17:31:29+00:00;35.740426083, -78.77602991;2016;No;No;8;NONE;NONE,NONE;NONE,NONE;PASSENGER CAR,PASSENGER CAR;PASSENGER CAR,PASSENGER CAR;PASSENGER CAR,PASSENGER CAR;PASSENGER CAR,PASSENGER CAR
23522;CARY;NO SPECIAL FEATURE;STRAIGHT,LEVEL;PUBLIC VEHICULAR AREA;TWO-WAY,NOT DIVIDED;SMOOTH ASPHALT;DRY;DAYLIGHT;CLEAR;NO CONTROL PRESENT;35.754908235;-78.73025045;-78.7411;35.7599;P093;WAKE;0;0;;;NONE;;NONE;;PICKUP;SPORT UTILITY;;;;NO;2900;2016-08-19;2:46:12 PM;2016-08-19T18:46:12+00:00;35.754908235, -78.73025045;2016;No;No;8;NONE;NONE,NONE;NONE,NONE;PICKUP,SPORT UTILITY;PICKUP,SPORT UTILITY;PICKUP,SPORT UTILITY;PICKUP,SPORT UTILITY