tamainid;location_description;rdfeature;rdcharacter;rdclass;rdconfigur;rdsurface;rdcondition;lightcond;weather;trafcontrl;lat;lon;lon2;lat2;tract;zone;fatality;possblinj;numpassengers;numpedestrians;contrcir1_desc;contrcir2_desc;contrcir3_desc;contrcir4_desc;vehicle1;vehicle2;vehicle3;vehicle4;vehicle5;workarea;records;ta_date;ta_time;crash_date;geo_location;year;fatalities;injuries;month;contrfact1;contrfact2;contributing_factor;vehicleconcat1;vehicleconcat2;vehicleconcat3;vehicle_type
23525;125 FEET FROM SR 1621 (GREEN HOPE SCHOOL RD);NO SPECIAL FEATURE;STRAIGHT,LEVEL;STATE SECONDARY ROUTE;TWO-WAY,NOT DIVIDED;SMOOTH ASPHALT;WET;DAYLIGHT;CLEAR;NO CONTROL PRESENT;;;-78.872079;35.803031;;122;0;0;;;NONE;;NONE;;PASSENGER CAR;PASSENGER CAR;;;;NO;2902;2016-08-19;4:43:08 PM;2016-08-19T20:43:08+00:00;;2016;No;No;8;NONE;NONE,NONE;NONE,NONE;PASSENGER CAR,PASSENGER CAR;PASSENGER CAR,PASSENGER CAR;PASSENGER CAR,PASSENGER CAR;PASSENGER CAR,PASSENGER CAR
23531;50 FEET FROM PVA (403 COLLIN CREEK LN);DRIVEWAY, PUBLIC;STRAIGHT,LEVEL;PUBLIC VEHICULAR AREA;TWO-WAY,NOT DIVIDED;SMOOTH ASPHALT;DRY;DAYLIGHT;CLEAR;NO CONTROL PRESENT;35.800475823;-78.79076383;-78.7875;35.7951;P025;111;0;0;;;NONE;;NONE;;PASSENGER CAR;PICKUP;;;;NO;2908;2016-08-18;2:22:02 PM;2016-08-18T18:22:02+00:00;35.800475823, -78.79076383;2016;No;No;8;NONE;NONE,NONE;NONE,NONE;PASSENGER CAR,PICKUP;PASSENGER CAR,PICKUP;PASSENGER CAR,PICKUP;PASSENGER CAR,PICKUP
23543;250 FEET FROM CASTALIA DR;NO SPECIAL FEATURE;STRAIGHT,LEVEL;LOCAL STREET;TWO-WAY,NOT DIVIDED;SMOOTH ASPHALT;DRY;DARK - LIGHTED ROADWAY;CLEAR;NO CONTROL PRESENT;;;-78.808452;35.779533;;117;0;0;;;NONE;;NONE;;PASSENGER CAR;SPORT UTILITY;;;;NO;2920;2016-08-17;3:43:33 PM;2016-08-17T19:43:33+00:00;;2016;No;No;8;NONE;NONE,NONE;NONE,NONE;PASSENGER CAR,SPORT UTILITY;PASSENGER CAR,SPORT UTILITY;PASSENGER CAR,SPORT UTILITY;PASSENGER CAR,SPORT UTILITY
23555;0.1 MILES FROM 1273 NW MAYNARD RD (PVA);NO SPECIAL FEATURE;STRAIGHT,LEVEL;PUBLIC VEHICULAR AREA;TWO-WAY,NOT DIVIDED;SMOOTH ASPHALT;DRY;DAYLIGHT;CLEAR;NO CONTROL PRESENT;35.785510081;-78.81214547;-78.8111;35.785;P065;114;0;0;;;;;NONE;;VAN;PASSENGER CAR;;;;NO;2932;2016-08-22;3:14:29 PM;2016-08-22T19:14:29+00:00;35.785510081, -78.81214547;2016;No;No;8;;NONE;NONE;VAN,PASSENGER CAR;VAN,PASSENGER CAR;VAN,PASSENGER CAR;VAN,PASSENGER CAR
23560;CARY;NO SPECIAL FEATURE;CURVE,LEVEL;NC ROUTE;TWO-WAY,NOT DIVIDED;SMOOTH ASPHALT;DRY;DAYLIGHT;CLEAR;NO CONTROL PRESENT;;;-78.8049;35.8041;;;0;0;1;;NONE;;NONE;;PASSENGER CAR;PASSENGER CAR;;;;NO;2937;2016-08-22;6:50:52 PM;2016-08-22T22:50:52+00:00;;2016;No;No;8;NONE;NONE,NONE;NONE,NONE;PASSENGER CAR,PASSENGER CAR;PASSENGER CAR,PASSENGER CAR;PASSENGER CAR,PASSENGER CAR;PASSENGER CAR,PASSENGER CAR
23576;CARY;FOUR-WAY INTERSECTION;STRAIGHT,LEVEL;STATE SECONDARY ROUTE;TWO-WAY,DIVIDED,UNPROTECTED MEDIAN;COARSE ASPHALT;DRY;DAYLIGHT;CLEAR;STOP SIGN;35.842969139;-78.90969559;-78.909689;35.842905;P074;119;0;1;;;;;NONE;;PASSENGER CAR;PICKUP;;;;NO;2953;2016-08-23;1:17:36 PM;2016-08-23T17:17:36+00:00;35.842969139, -78.90969559;2016;No;Yes;8;;NONE;NONE;PASSENGER CAR,PICKUP;PASSENGER CAR,PICKUP;PASSENGER CAR,PICKUP;PASSENGER CAR,PICKUP
23579;35 FEET FROM 101 SE CARY PKWY;NO SPECIAL FEATURE;STRAIGHT,GRADE;PUBLIC VEHICULAR AREA;TWO-WAY,NOT DIVIDED;SMOOTH ASPHALT;DRY;DAYLIGHT;CLEAR;NO CONTROL PRESENT;35.757897859;-78.78108667;-78.7833;35.7576;P027;112;0;0;1;;NONE;;NONE;;SPORT UTILITY;SPORT UTILITY;;;;NO;2956;2016-08-24;9:42:17 AM;2016-08-24T13:42:17+00:00;35.757897859, -78.78108667;2016;No;No;8;NONE;NONE,NONE;NONE,NONE;SPORT UTILITY,SPORT UTILITY;SPORT UTILITY,SPORT UTILITY;SPORT UTILITY,SPORT UTILITY;SPORT UTILITY,SPORT UTILITY
23585;440 FEET FROM PVA OF 107 EDINBURGH SOUTH DR;DRIVEWAY, PUBLIC;STRAIGHT,LEVEL;PUBLIC VEHICULAR AREA;TWO-WAY,NOT DIVIDED;SMOOTH ASPHALT;DRY;DAYLIGHT;CLEAR;NO CONTROL PRESENT;35.794419292;-78.78314807;-78.798582;35.73683;P032;113;0;0;;;NONE;;NONE;;;SPORT UTILITY;;;;NO;2962;2016-08-18;11:06 PM;2016-08-19T03:06:00+00:00;35.794419292, -78.78314807;2016;No;No;8;NONE;NONE,NONE;NONE,NONE;SPORT UTILITY;SPORT UTILITY;SPORT UTILITY;SPORT UTILITY
23587;0 FEET FROM SW CARY PKWY;FOUR-WAY INTERSECTION;STRAIGHT,LEVEL;LOCAL STREET;TWO-WAY,DIVIDED,UNPROTECTED MEDIAN;SMOOTH ASPHALT;DRY;DAYLIGHT;CLEAR;NO CONTROL PRESENT;35.764057849;-78.82289171;-78.823012;35.763975;P009;117;0;0;;;NONE;;NONE;;PASSENGER CAR;PASSENGER CAR;;;;NO;2964;2016-08-17;1:15:28 AM;2016-08-17T05:15:28+00:00;35.764057849, -78.82289171;2016;No;No;8;NONE;NONE,NONE;NONE,NONE;PASSENGER CAR,PASSENGER CAR;PASSENGER CAR,PASSENGER CAR;PASSENGER CAR,PASSENGER CAR;PASSENGER CAR,PASSENGER CAR
23593;350 FEET FROM GREEN LEVEL CHURCH ROAD 1625;NO SPECIAL FEATURE;STRAIGHT,LEVEL;STATE SECONDARY ROUTE;TWO-WAY,DIVIDED,UNPROTECTED MEDIAN;CONCRETE;DRY;DAYLIGHT;CLEAR;OTHER *;35.807876249;-78.90287568;-78.902915;35.808868;P015;122;0;0;2;;NONE;;NONE;;PASSENGER CAR;PASSENGER CAR;;;;NO;2970;2016-08-25;8:53:47 AM;2016-08-25T12:53:47+00:00;35.807876249, -78.90287568;2016;No;No;8;NONE;NONE,NONE;NONE,NONE;PASSENGER CAR,PASSENGER CAR;PASSENGER CAR,PASSENGER CAR;PASSENGER CAR,PASSENGER CAR;PASSENGER CAR,PASSENGER CAR
23594;100 FEET FROM P.V.A. OF 102 BAINES CT;NO SPECIAL FEATURE;STRAIGHT,LEVEL;PUBLIC VEHICULAR AREA;TWO-WAY,NOT DIVIDED;SMOOTH ASPHALT;DRY;DAYLIGHT;CLEAR;NO CONTROL PRESENT;35.924325574;-78.34773431;-78.781691;35.757699;P119;115;0;0;;;NONE;;NONE;;VAN;;;;;NO;2971;2016-08-18;4:41:24 PM;2016-08-18T20:41:24+00:00;35.924325574, -78.34773431;2016;No;No;8;NONE;NONE,NONE;NONE,NONE;VAN;VAN;VAN;VAN
23595;300 FEET FROM P.V.A. (101 WILKINSON AV);NO SPECIAL FEATURE;STRAIGHT,LEVEL;PUBLIC VEHICULAR AREA;TWO-WAY,NOT DIVIDED;SMOOTH ASPHALT;DRY;DAYLIGHT;CLEAR;NO CONTROL PRESENT;35.790610332;-78.78053995;-78.7805;35.7902;P060;113;0;0;1;;;;NONE;;PASSENGER CAR;PICKUP;;;;NO;2972;2016-08-25;11:46 AM;2016-08-25T15:46:00+00:00;35.790610332, -78.78053995;2016;No;No;8;;NONE;NONE;PASSENGER CAR,PICKUP;PASSENGER CAR,PICKUP;PASSENGER CAR,PICKUP;PASSENGER CAR,PICKUP
23601;10 FEET FROM SR 1415 (SE MAYNARD RD);NO SPECIAL FEATURE;STRAIGHT,LEVEL;STATE SECONDARY ROUTE;TWO-WAY,DIVIDED,UNPROTECTED MEDIAN;SMOOTH ASPHALT;DRY;DARK - LIGHTED ROADWAY;CLEAR;NO CONTROL PRESENT;35.767095861;-78.76763154;-78.7668;35.7675;P062;120;0;0;;;NONE;;NONE;;SPORT UTILITY;;;;;NO;2978;2016-08-25;9:04:56 PM;2016-08-26T01:04:56+00:00;35.767095861, -78.76763154;2016;No;No;8;NONE;NONE,NONE;NONE,NONE;SPORT UTILITY;SPORT UTILITY;SPORT UTILITY;SPORT UTILITY
23604;CARY;NO SPECIAL FEATURE;STRAIGHT,LEVEL;PUBLIC VEHICULAR AREA;TWO-WAY,NOT DIVIDED;SMOOTH ASPHALT;DRY;DAYLIGHT;CLEAR;NO CONTROL PRESENT;35.754908235;-78.73025045;-78.7336;35.7588;P093;WAKE;0;0;;;NONE;;NONE;;PICKUP;PASSENGER CAR;;;;NO;2981;2016-08-26;9:49:03 AM;2016-08-26T13:49:03+00:00;35.754908235, -78.73025045;2016;No;No;8;NONE;NONE,NONE;NONE,NONE;PICKUP,PASSENGER CAR;PICKUP,PASSENGER CAR;PICKUP,PASSENGER CAR;PICKUP,PASSENGER CAR
23613;.2 MILES FROM AMBASSADOR LOOP;NO SPECIAL FEATURE;STRAIGHT,LEVEL;LOCAL STREET;TWO-WAY,NOT DIVIDED;SMOOTH ASPHALT;DRY;DUSK;CLEAR;NO CONTROL PRESENT;35.790104737;-78.77887857;-78.7776;35.7901;P060;113;0;0;;;;;NONE;;SINGLE UNIT TRUCK (2-AXLE- 6-TIRE);;;;;NO;2990;2016-08-28;9:30:48 AM;2016-08-28T13:30:48+00:00;35.790104737, -78.77887857;2016;No;No;8;;NONE;NONE;SINGLE UNIT TRUCK (2-AXLE- 6-TIRE);SINGLE UNIT TRUCK (2-AXLE- 6-TIRE);SINGLE UNIT TRUCK (2-AXLE- 6-TIRE);SINGLE UNIT TRUCK (2-AXLE- 6-TIRE)
23621;35 FEET FROM   PVA 103 SW MAYNARD RD;NO SPECIAL FEATURE;STRAIGHT,LEVEL;PUBLIC VEHICULAR AREA;TWO-WAY,NOT DIVIDED;SMOOTH ASPHALT;DRY;DAYLIGHT;CLEAR;NO CONTROL PRESENT;35.770981989;-78.78224379;-78.7824;35.7711;P039;115;0;0;;;;;NONE;;PASSENGER CAR;SPORT UTILITY;;;;NO;2998;2016-08-27;1:03:05 PM;2016-08-27T17:03:05+00:00;35.770981989, -78.78224379;2016;No;No;8;;NONE;NONE;PASSENGER CAR,SPORT UTILITY;PASSENGER CAR,SPORT UTILITY;PASSENGER CAR,SPORT UTILITY;PASSENGER CAR,SPORT UTILITY
23623;.19 MILES FROM SR-3977 (SE CARY PKWY);T-INTERSECTION;STRAIGHT,LEVEL;STATE SECONDARY ROUTE;TWO-WAY,DIVIDED,UNPROTECTED MEDIAN;SMOOTH ASPHALT;DRY;DAYLIGHT;CLEAR;STOP AND GO SIGNAL;;;-78.7759;35.7583;;;0;0;1;;;;NONE;;PASSENGER CAR;PASSENGER CAR;;;;NO;3000;2016-08-28;1:12:47 PM;2016-08-28T17:12:47+00:00;;2016;No;No;8;;NONE;NONE;PASSENGER CAR,PASSENGER CAR;PASSENGER CAR,PASSENGER CAR;PASSENGER CAR,PASSENGER CAR;PASSENGER CAR,PASSENGER CAR
23624;10 FEET FROM PVA OF 1144 KILDAIRE FARM RD;NO SPECIAL FEATURE;STRAIGHT,LEVEL;PUBLIC VEHICULAR AREA;TWO-WAY,NOT DIVIDED;SMOOTH ASPHALT;DRY;DAYLIGHT;CLEAR;NO CONTROL PRESENT;35.766505687;-78.78326668;-78.783;35.766;P039;115;0;0;;;;;NONE;;PASSENGER CAR;PASSENGER CAR;;;;NO;3001;2016-08-25;4:13:49 PM;2016-08-25T20:13:49+00:00;35.766505687, -78.78326668;2016;No;No;8;;NONE;NONE;PASSENGER CAR,PASSENGER CAR;PASSENGER CAR,PASSENGER CAR;PASSENGER CAR,PASSENGER CAR;PASSENGER CAR,PASSENGER CAR
23627;.2 MILES FROM S.R. 3977 (CARY PKWY);NO SPECIAL FEATURE;STRAIGHT,LEVEL;STATE SECONDARY ROUTE;TWO-WAY,NOT DIVIDED;SMOOTH ASPHALT;DRY;DAYLIGHT;CLEAR;NO CONTROL PRESENT;;;-78.7719;35.7486;;;0;0;1;;;;NONE;;SPORT UTILITY;PASSENGER CAR;;;;NO;3004;2016-08-26;2:37:08 PM;2016-08-26T18:37:08+00:00;;2016;No;No;8;;NONE;NONE;SPORT UTILITY,PASSENGER CAR;SPORT UTILITY,PASSENGER CAR;SPORT UTILITY,PASSENGER CAR;SPORT UTILITY,PASSENGER CAR
23632;.25 MILES FROM PVA (1105 WALNUT ST);DRIVEWAY, PUBLIC;STRAIGHT,LEVEL;PUBLIC VEHICULAR AREA;ONE-WAY,NOT DIVIDED;GROOVED CONCRETE;DRY;DAYLIGHT;CLEAR;NO CONTROL PRESENT;35.773850825;-78.75931174;-78.7622;35.7731;P121;120;0;0;2;;NONE;;NONE;;PASSENGER CAR;PASSENGER CAR;;;;NO;3009;2016-08-25;7:03:26 PM;2016-08-25T23:03:26+00:00;35.773850825, -78.75931174;2016;No;No;8;NONE;NONE,NONE;NONE,NONE;PASSENGER CAR,PASSENGER CAR;PASSENGER CAR,PASSENGER CAR;PASSENGER CAR,PASSENGER CAR;PASSENGER CAR,PASSENGER CAR
23636;.15 MILES FROM SR1315 (BUCK JONES RD);NO SPECIAL FEATURE;STRAIGHT,GRADE;STATE SECONDARY ROUTE;TWO-WAY,NOT DIVIDED;SMOOTH ASPHALT;DRY;DAYLIGHT;CLEAR;NO CONTROL PRESENT;;;-78.7442;35.764;;;0;0;1;;;;NONE;;PASSENGER CAR;PASSENGER CAR;;;;NO;3013;2016-08-28;5:18:35 PM;2016-08-28T21:18:35+00:00;;2016;No;No;8;;NONE;NONE;PASSENGER CAR,PASSENGER CAR;PASSENGER CAR,PASSENGER CAR;PASSENGER CAR,PASSENGER CAR;PASSENGER CAR,PASSENGER CAR
23637;.1 MILES FROM SR 1010 (TEN TEN RD);T-INTERSECTION;STRAIGHT,LEVEL;STATE SECONDARY ROUTE;TWO-WAY,DIVIDED,UNPROTECTED MEDIAN;SMOOTH ASPHALT;DRY;DAYLIGHT;CLEAR;NO CONTROL PRESENT;;;-78.7983;35.7043;;;0;0;;;NONE;;NONE;;PASSENGER CAR;;;;;NO;3014;2016-08-28;7:00:55 PM;2016-08-28T23:00:55+00:00;;2016;No;No;8;NONE;NONE,NONE;NONE,NONE;PASSENGER CAR;PASSENGER CAR;PASSENGER CAR;PASSENGER CAR
23645;CARY;FOUR-WAY INTERSECTION;STRAIGHT,LEVEL;STATE SECONDARY ROUTE;TWO-WAY,DIVIDED,UNPROTECTED MEDIAN;COARSE ASPHALT;DRY;DAYLIGHT;CLEAR;STOP AND GO SIGNAL;;;-78.7951;35.7996;;;0;0;1;;;;NONE;;PICKUP;SPORT UTILITY;;;;NO;3022;2016-08-29;9:52:58 AM;2016-08-29T13:52:58+00:00;;2016;No;No;8;;NONE;NONE;PICKUP,SPORT UTILITY;PICKUP,SPORT UTILITY;PICKUP,SPORT UTILITY;PICKUP,SPORT UTILITY
23648;300 FEET FROM SR1313 (WALNUT ST);RELATED TO INTERSECTION;STRAIGHT,LEVEL;STATE SECONDARY ROUTE;TWO-WAY,DIVIDED,UNPROTECTED MEDIAN;SMOOTH ASPHALT;DRY;DAYLIGHT;CLEAR;STOP AND GO SIGNAL;;;-78.7437;35.7607;;;0;0;1;;;;NONE;;PICKUP;PASSENGER CAR;;;;INTERMITTENT/MOVING WORK (E.G. PATCHING POTHO;3025;2016-08-29;12:09 PM;2016-08-29T16:09:00+00:00;;2016;No;No;8;;NONE;NONE;PICKUP,PASSENGER CAR;PICKUP,PASSENGER CAR;PICKUP,PASSENGER CAR;PICKUP,PASSENGER CAR
23649;166 FEET FROM P.V.A. (BIG LOTS) 144 KILMAYNE;DRIVEWAY, PUBLIC;STRAIGHT,LEVEL;PUBLIC VEHICULAR AREA;TWO-WAY,NOT DIVIDED;SMOOTH ASPHALT;DRY;DARK - LIGHTED ROADWAY;CLEAR;NO CONTROL PRESENT;35.769452437;-78.78302241;;;P039;115;0;0;;;;;NONE;;SPORT UTILITY;;;;;NO;3026;2016-08-29;4:30:31 AM;2016-08-29T08:30:31+00:00;35.769452437, -78.78302241;2016;No;No;8;;NONE;NONE;SPORT UTILITY;SPORT UTILITY;SPORT UTILITY;SPORT UTILITY
23658;.10 MILES FROM AMBASSADOR LOOP;NO SPECIAL FEATURE;CURVE,LEVEL;LOCAL STREET;TWO-WAY,NOT DIVIDED;SMOOTH ASPHALT;DRY;DAYLIGHT;CLEAR;NO CONTROL PRESENT;35.788641684;-78.78120324;-78.779109;35.7886;P060;113;0;0;;;NONE;;NONE;;SINGLE UNIT TRUCK (2-AXLE- 6-TIRE);;;;;NO;3035;2016-08-28;9:39:27 AM;2016-08-28T13:39:27+00:00;35.788641684, -78.78120324;2016;No;No;8;NONE;NONE,NONE;NONE,NONE;SINGLE UNIT TRUCK (2-AXLE- 6-TIRE);SINGLE UNIT TRUCK (2-AXLE- 6-TIRE);SINGLE UNIT TRUCK (2-AXLE- 6-TIRE);SINGLE UNIT TRUCK (2-AXLE- 6-TIRE)
23659;CARY;RELATED TO INTERSECTION;STRAIGHT,LEVEL;STATE SECONDARY ROUTE;TWO-WAY,NOT DIVIDED;SMOOTH ASPHALT;DRY;DAYLIGHT;CLEAR;STOP AND GO SIGNAL;;;-78.7647;35.7806;;;0;0;;;;;NONE;;PASSENGER CAR;PASSENGER CAR;;;;NO;3036;2016-08-30;6:15:57 AM;2016-08-30T10:15:57+00:00;;2016;No;No;8;;NONE;NONE;PASSENGER CAR,PASSENGER CAR;PASSENGER CAR,PASSENGER CAR;PASSENGER CAR,PASSENGER CAR;PASSENGER CAR,PASSENGER CAR
23685;.25 MILES FROM US1;NO SPECIAL FEATURE;STRAIGHT,LEVEL;US ROUTE;TWO-WAY,DIVIDED,POSITIVE MEDIAN BARRIER;GROOVED CONCRETE;DRY;DAYLIGHT;CLEAR;NO CONTROL PRESENT;;;-78.752262;35.75827;;112;0;0;;;;;NONE;;PASSENGER CAR;PASSENGER CAR;;;;NO;3062;2016-09-01;10:33 AM;2016-09-01T14:33:00+00:00;;2016;No;No;9;;NONE;NONE;PASSENGER CAR,PASSENGER CAR;PASSENGER CAR,PASSENGER CAR;PASSENGER CAR,PASSENGER CAR;PASSENGER CAR,PASSENGER CAR
23688;0 FEET FROM WESTON PKWY;FOUR-WAY INTERSECTION;STRAIGHT,LEVEL;STATE SECONDARY ROUTE;TWO-WAY,NOT DIVIDED;SMOOTH ASPHALT;DRY;DAYLIGHT;CLEAR;STOP AND GO SIGNAL;35.828850984;-78.7908367;-78.7906;35.829;P021;111;0;0;1;;NONE;;NONE;;PICKUP;SPORT UTILITY;;;;NO;3065;2016-09-01;8:23:51 AM;2016-09-01T12:23:51+00:00;35.828850984, -78.7908367;2016;No;No;9;NONE;NONE,NONE;NONE,NONE;PICKUP,SPORT UTILITY;PICKUP,SPORT UTILITY;PICKUP,SPORT UTILITY;PICKUP,SPORT UTILITY
23694;NEAR .05 MILES E OF E SR 1617 (CARPENTER UPCHURCH RD;NO SPECIAL FEATURE;STRAIGHT,LEVEL;STATE SECONDARY ROUTE;TWO-WAY,NOT DIVIDED;SMOOTH ASPHALT;DRY;DAYLIGHT;CLEAR;NO CONTROL PRESENT;35.792524392;-78.85817721;-78.863;35.7953;P092;WAKE;0;2;10;;NONE;;NONE;;PASSENGER CAR;SPORT UTILITY;PASSENGER CAR;;;NO;3071;2016-09-01;11:09 AM;2016-09-01T15:09:00+00:00;35.792524392, -78.85817721;2016;No;Yes;9;NONE;NONE,NONE;NONE,NONE;PASSENGER CAR,SPORT UTILITY;PASSENGER CAR,SPORT UTILITY,PASSENGER CAR;PASSENGER CAR,SPORT UTILITY,PASSENGER CAR;PASSENGER CAR,SPORT UTILITY,PASSENGER CAR
23697;0 FEET FROM SR 1650 (REEDY CREEK RD);DRIVEWAY, PUBLIC;STRAIGHT,LEVEL;STATE SECONDARY ROUTE;TWO-WAY,NOT DIVIDED;SMOOTH ASPHALT;DRY;DAYLIGHT;CLOUDY;STOP SIGN;;;-78.772678;35.81242;;;0;0;1;;NONE;;NONE;;SPORT UTILITY;SPORT UTILITY;;;;NO;3074;2016-09-02;9:41:57 AM;2016-09-02T13:41:57+00:00;;2016;No;No;9;NONE;NONE,NONE;NONE,NONE;SPORT UTILITY,SPORT UTILITY;SPORT UTILITY,SPORT UTILITY;SPORT UTILITY,SPORT UTILITY;SPORT UTILITY,SPORT UTILITY
23701;CARY;RELATED TO INTERSECTION;STRAIGHT,GRADE;STATE SECONDARY ROUTE;TWO-WAY,DIVIDED,UNPROTECTED MEDIAN;SMOOTH ASPHALT;DRY;DAYLIGHT;CLEAR;STOP AND GO SIGNAL;;;-78.8431;35.7924;;;0;2;5;;NONE;;NONE;;SPORT UTILITY;PASSENGER CAR;PASSENGER CAR;;;NO;3078;2016-08-31;7:29:57 PM;2016-08-31T23:29:57+00:00;;2016;No;Yes;8;NONE;NONE,NONE;NONE,NONE;SPORT UTILITY,PASSENGER CAR;SPORT UTILITY,PASSENGER CAR,PASSENGER CAR;SPORT UTILITY,PASSENGER CAR,PASSENGER CAR;SPORT UTILITY,PASSENGER CAR,PASSENGER CAR
23705;.1 MILES FROM PARABLE WAY;DRIVEWAY, PUBLIC;STRAIGHT,LEVEL;LOCAL STREET;TWO-WAY,NOT DIVIDED;COARSE ASPHALT;DRY;DAYLIGHT;CLEAR;NO CONTROL PRESENT;35.843802426;-78.89690584;-78.8974;35.8435;P074;119;0;0;;;NONE;;NONE;;SPORT UTILITY;PASSENGER CAR;;;;NO;3082;2016-09-03;9:22:49 PM;2016-09-04T01:22:49+00:00;35.843802426, -78.89690584;2016;No;No;9;NONE;NONE,NONE;NONE,NONE;SPORT UTILITY,PASSENGER CAR;SPORT UTILITY,PASSENGER CAR;SPORT UTILITY,PASSENGER CAR;SPORT UTILITY,PASSENGER CAR
23707;10 FEET FROM I40 EB ON RAMP;ON-RAMP ENTRY;CURVE,LEVEL;INTERSTATE;ONE-WAY,NOT DIVIDED;SMOOTH ASPHALT;DRY;DAYLIGHT;CLEAR;NO CONTROL PRESENT;35.811895595;-78.80832096;-78.7645;35.8311;P022;111;0;0;;;NONE;;NONE;;PASSENGER CAR;PASSENGER CAR;;;;NO;3084;2016-08-31;5:41:12 PM;2016-08-31T21:41:12+00:00;35.811895595, -78.80832096;2016;No;No;8;NONE;NONE,NONE;NONE,NONE;PASSENGER CAR,PASSENGER CAR;PASSENGER CAR,PASSENGER CAR;PASSENGER CAR,PASSENGER CAR;PASSENGER CAR,PASSENGER CAR
23713;200 FEET FROM CHIPLEY DR;NO SPECIAL FEATURE;STRAIGHT,LEVEL;LOCAL STREET;TWO-WAY,NOT DIVIDED;SMOOTH ASPHALT;DRY;UNKNOWN;CLEAR;NO CONTROL PRESENT;35.859524783;-78.90181298;-78.9016;35.8602;P074;119;0;0;;;UNKNOWN;;NONE;;UNKNOWN;PASSENGER CAR;;;;NO;3090;2016-08-31;2:07:35 PM;2016-08-31T18:07:35+00:00;35.859524783, -78.90181298;2016;No;No;8;UNKNOWN;UNKNOWN,NONE;UNKNOWN,NONE;UNKNOWN,PASSENGER CAR;UNKNOWN,PASSENGER CAR;UNKNOWN,PASSENGER CAR;UNKNOWN,PASSENGER CAR
23714;150 FEET FROM SR 1009 (TRYON RD);RELATED TO INTERSECTION;STRAIGHT,LEVEL;STATE SECONDARY ROUTE;TWO-WAY,DIVIDED,UNPROTECTED MEDIAN;SMOOTH ASPHALT;WET;DAYLIGHT;RAIN;STOP AND GO SIGNAL;;;-78.761607;35.743808;;;0;1;;;;;NONE;;PASSENGER CAR;PASSENGER CAR;PASSENGER CAR;;;NO;3091;2016-09-02;2:52:03 PM;2016-09-02T18:52:03+00:00;;2016;No;Yes;9;;NONE;NONE;PASSENGER CAR,PASSENGER CAR;PASSENGER CAR,PASSENGER CAR,PASSENGER CAR;PASSENGER CAR,PASSENGER CAR,PASSENGER CAR;PASSENGER CAR,PASSENGER CAR,PASSENGER CAR
23732;CARY;NO SPECIAL FEATURE;STRAIGHT,LEVEL;PUBLIC VEHICULAR AREA;ONE-WAY,NOT DIVIDED;COARSE ASPHALT;DRY;DAYLIGHT;CLEAR;NO CONTROL PRESENT;35.77385099;-78.75931174;-78.7616;35.7724;P121;120;0;0;;;;;NONE;;PICKUP;LIGHT TRUCK (MINI-VAN- PANEL);;;;NO;3109;2016-09-05;6:44:22 PM;2016-09-05T22:44:22+00:00;35.77385099, -78.75931174;2016;No;No;9;;NONE;NONE;PICKUP,LIGHT TRUCK (MINI-VAN- PANEL);PICKUP,LIGHT TRUCK (MINI-VAN- PANEL);PICKUP,LIGHT TRUCK (MINI-VAN- PANEL);PICKUP,LIGHT TRUCK (MINI-VAN- PANEL)
23733;.25 MILES FROM PVA 211 N ACADEMY ST.;DRIVEWAY, PUBLIC;STRAIGHT,LEVEL;PUBLIC VEHICULAR AREA;TWO-WAY,NOT DIVIDED;SMOOTH ASPHALT;WET;DARK - ROADWAY NOT LIGHTED;RAIN;NO CONTROL PRESENT;35.788318078;-78.78256802;-78.782016;35.788363;P060;113;0;0;1;;;;NONE;;PASSENGER CAR;SPORT UTILITY;;;;NO;3110;2016-09-02;8:30:40 PM;2016-09-03T00:30:40+00:00;35.788318078, -78.78256802;2016;No;No;9;;NONE;NONE;PASSENGER CAR,SPORT UTILITY;PASSENGER CAR,SPORT UTILITY;PASSENGER CAR,SPORT UTILITY;PASSENGER CAR,SPORT UTILITY
23736;.11 MILES FROM PVA (1105 WALNUT ST);NO SPECIAL FEATURE;STRAIGHT,LEVEL;PUBLIC VEHICULAR AREA;TWO-WAY,NOT DIVIDED;SMOOTH ASPHALT;DRY;DAYLIGHT;CLEAR;NO CONTROL PRESENT;;;-78.7614;35.7726;;;0;0;1;;NONE;;NONE;;SPORT UTILITY;SPORT UTILITY;;;;NO;3113;2016-09-04;1:37:36 PM;2016-09-04T17:37:36+00:00;;2016;No;No;9;NONE;NONE,NONE;NONE,NONE;SPORT UTILITY,SPORT UTILITY;SPORT UTILITY,SPORT UTILITY;SPORT UTILITY,SPORT UTILITY;SPORT UTILITY,SPORT UTILITY
23737;CARY;FOUR-WAY INTERSECTION;STRAIGHT,LEVEL;LOCAL STREET;TWO-WAY,DIVIDED,UNPROTECTED MEDIAN;SMOOTH ASPHALT;DRY;DAYLIGHT;CLOUDY;NO CONTROL PRESENT;;;-78.7403;35.7613;;;0;0;1;;NONE;;NONE;;PASSENGER CAR;PASSENGER CAR;;;;NO;3114;2016-09-03;4:41:34 PM;2016-09-03T20:41:34+00:00;;2016;No;No;9;NONE;NONE,NONE;NONE,NONE;PASSENGER CAR,PASSENGER CAR;PASSENGER CAR,PASSENGER CAR;PASSENGER CAR,PASSENGER CAR;PASSENGER CAR,PASSENGER CAR