tamainid;location_description;rdfeature;rdcharacter;rdclass;rdconfigur;rdsurface;rdcondition;lightcond;weather;trafcontrl;lat;lon;lon2;lat2;tract;zone;fatality;possblinj;numpassengers;numpedestrians;contrcir1_desc;contrcir2_desc;contrcir3_desc;contrcir4_desc;vehicle1;vehicle2;vehicle3;vehicle4;vehicle5;workarea;records;ta_date;ta_time;crash_date;geo_location;year;fatalities;injuries;month;contrfact1;contrfact2;contributing_factor;vehicleconcat1;vehicleconcat2;vehicleconcat3;vehicle_type
23946;0.1 MILES FROM SR 1010 (TEN TEN RD);DRIVEWAY, PUBLIC;STRAIGHT,LEVEL;STATE SECONDARY ROUTE;TWO-WAY,NOT DIVIDED;SMOOTH ASPHALT;DRY;DAYLIGHT;CLOUDY;STOP SIGN;;;-78.7961;35.7037;;116;0;1;;;NONE;;NONE;;SPORT UTILITY;PASSENGER CAR;;;;NO;3323;2016-09-20;12:16 PM;2016-09-20T16:16:00+00:00;;2016;No;Yes;9;NONE;NONE,NONE;NONE,NONE;SPORT UTILITY,PASSENGER CAR;SPORT UTILITY,PASSENGER CAR;SPORT UTILITY,PASSENGER CAR;SPORT UTILITY,PASSENGER CAR
23954;.3 MILES FROM 1 HWY;NO SPECIAL FEATURE;STRAIGHT,LEVEL;US ROUTE;TWO-WAY,DIVIDED,POSITIVE MEDIAN BARRIER;GROOVED CONCRETE;WATER (STANDING, MOVING);DAYLIGHT;CLOUDY;NO CONTROL PRESENT;35.736779439;-78.78759801;-78.812986;35.726453;;116;0;0;;;NONE;;NONE;;PASSENGER CAR;SPORT UTILITY;;;;NO;3331;2016-09-21;7:15:19 AM;2016-09-21T11:15:19+00:00;35.736779439, -78.78759801;2016;No;No;9;NONE;NONE,NONE;NONE,NONE;PASSENGER CAR,SPORT UTILITY;PASSENGER CAR,SPORT UTILITY;PASSENGER CAR,SPORT UTILITY;PASSENGER CAR,SPORT UTILITY
23973;400 FEET FROM 1 HWY;NO SPECIAL FEATURE;STRAIGHT,LEVEL;US ROUTE;TWO-WAY,DIVIDED,POSITIVE MEDIAN BARRIER;GROOVED CONCRETE;WET;DAYLIGHT;CLOUDY;NO CONTROL PRESENT;;;-78.770523;35.749332;;115;0;0;2;;NONE;;NONE;;PASSENGER CAR;SPORT UTILITY;;;;NO;3350;2016-09-20;8:47:55 AM;2016-09-20T12:47:55+00:00;;2016;No;No;9;NONE;NONE,NONE;NONE,NONE;PASSENGER CAR,SPORT UTILITY;PASSENGER CAR,SPORT UTILITY;PASSENGER CAR,SPORT UTILITY;PASSENGER CAR,SPORT UTILITY
23983;CARY;DRIVEWAY, PUBLIC;STRAIGHT,LEVEL;PUBLIC VEHICULAR AREA;TWO-WAY,DIVIDED,UNPROTECTED MEDIAN;SMOOTH ASPHALT;WET;DAYLIGHT;RAIN;STOP AND GO SIGNAL;35.754908262;-78.73025042;-78.7388;35.7608;P093;WAKE;0;1;2;;;;NONE;;PASSENGER CAR;SPORT UTILITY;;;;NO;3360;2016-09-21;3:23:20 PM;2016-09-21T19:23:20+00:00;35.754908262, -78.73025042;2016;No;Yes;9;;NONE;NONE;PASSENGER CAR,SPORT UTILITY;PASSENGER CAR,SPORT UTILITY;PASSENGER CAR,SPORT UTILITY;PASSENGER CAR,SPORT UTILITY
23987;250 FEET FROM SR 1009 (TRYON RD);RELATED TO INTERSECTION;STRAIGHT,LEVEL;STATE SECONDARY ROUTE;TWO-WAY,DIVIDED,UNPROTECTED MEDIAN;SMOOTH ASPHALT;WET;DAYLIGHT;CLOUDY;STOP AND GO SIGNAL;;;-78.761581;35.743828;;;0;2;;;;;NONE;;SPORT UTILITY;SPORT UTILITY;;;;NO;3364;2016-09-22;9:46:22 AM;2016-09-22T13:46:22+00:00;;2016;No;Yes;9;;NONE;NONE;SPORT UTILITY,SPORT UTILITY;SPORT UTILITY,SPORT UTILITY;SPORT UTILITY,SPORT UTILITY;SPORT UTILITY,SPORT UTILITY
23992;0 FEET FROM [SR3014]MORRISVILLE CARPENTER;NO SPECIAL FEATURE;STRAIGHT,LEVEL;LOCAL STREET;TWO-WAY,NOT DIVIDED;SMOOTH ASPHALT;DRY;DAYLIGHT;CLEAR;STOP SIGN;35.824051461;-78.86828867;-78.8691;35.8252;;;0;0;;;NONE;;NONE;;PASSENGER CAR;VAN;;;;NO;3369;2016-09-23;5:45:08 PM;2016-09-23T21:45:08+00:00;35.824051461, -78.86828867;2016;No;No;9;NONE;NONE,NONE;NONE,NONE;PASSENGER CAR,VAN;PASSENGER CAR,VAN;PASSENGER CAR,VAN;PASSENGER CAR,VAN
23999;499 FEET FROM BUCK JONES RD;NO SPECIAL FEATURE;STRAIGHT,LEVEL;LOCAL STREET;TWO-WAY,DIVIDED,POSITIVE MEDIAN BARRIER;COARSE ASPHALT;DRY;DAYLIGHT;CLOUDY;STOP AND GO SIGNAL;35.762730718;-78.74570839;-78.7443;35.7639;P083;112;0;1;;;NONE;;NONE;;SPORT UTILITY;PASSENGER CAR;;;;NO;3376;2016-09-25;12:47 PM;2016-09-25T16:47:00+00:00;35.762730718, -78.74570839;2016;No;Yes;9;NONE;NONE,NONE;NONE,NONE;SPORT UTILITY,PASSENGER CAR;SPORT UTILITY,PASSENGER CAR;SPORT UTILITY,PASSENGER CAR;SPORT UTILITY,PASSENGER CAR
24003;100 FEET FROM SR3090 (WESTON PKY);RELATED TO INTERSECTION;STRAIGHT,LEVEL;STATE SECONDARY ROUTE;TWO-WAY,NOT DIVIDED;SMOOTH ASPHALT;DRY;DAYLIGHT;CLEAR;NO CONTROL PRESENT;;;-78.7705;35.8272;;;0;0;;;NONE;;NONE;;SPORT UTILITY;PASSENGER CAR;;;;NO;3380;2016-09-23;9:00:23 PM;2016-09-24T01:00:23+00:00;;2016;No;No;9;NONE;NONE,NONE;NONE,NONE;SPORT UTILITY,PASSENGER CAR;SPORT UTILITY,PASSENGER CAR;SPORT UTILITY,PASSENGER CAR;SPORT UTILITY,PASSENGER CAR
24004;.18 MILES FROM PVA (2021 WALNUT ST);DRIVEWAY, PUBLIC;STRAIGHT,LEVEL;PUBLIC VEHICULAR AREA;TWO-WAY,NOT DIVIDED;SMOOTH ASPHALT;DRY;DUSK;CLOUDY;NO CONTROL PRESENT;;;-78.7384;35.7582;;;0;0;3;;;;NONE;;SPORT UTILITY;PASSENGER CAR;;;;NO;3381;2016-09-23;6:47:30 PM;2016-09-23T22:47:30+00:00;;2016;No;No;9;;NONE;NONE;SPORT UTILITY,PASSENGER CAR;SPORT UTILITY,PASSENGER CAR;SPORT UTILITY,PASSENGER CAR;SPORT UTILITY,PASSENGER CAR
24007;CARY;T-INTERSECTION;STRAIGHT,LEVEL;STATE SECONDARY ROUTE;TWO-WAY,NOT DIVIDED;SMOOTH ASPHALT;DRY;DAYLIGHT;CLOUDY;NO CONTROL PRESENT;;;-78.7882;35.7022;;;0;0;;;NONE;;NONE;;PICKUP;PASSENGER CAR;;;;NO;3384;2016-09-24;5:51:03 PM;2016-09-24T21:51:03+00:00;;2016;No;No;9;NONE;NONE,NONE;NONE,NONE;PICKUP,PASSENGER CAR;PICKUP,PASSENGER CAR;PICKUP,PASSENGER CAR;PICKUP,PASSENGER CAR
24021;400 FEET FROM SR 1010 RD (TEN TEN RD);RELATED TO INTERSECTION;STRAIGHT,LEVEL;STATE SECONDARY ROUTE;TWO-WAY,DIVIDED,UNPROTECTED MEDIAN;SMOOTH ASPHALT;DRY;DAYLIGHT;CLOUDY;NO CONTROL PRESENT;;;-78.77031;35.693958;;116;0;0;2;;NONE;;NONE;;PICKUP;PASSENGER CAR;PASSENGER CAR;SPORT UTILITY;;NO;3398;2016-09-23;7:06:43 AM;2016-09-23T11:06:43+00:00;;2016;No;No;9;NONE;NONE,NONE;NONE,NONE;PICKUP,PASSENGER CAR;PICKUP,PASSENGER CAR,PASSENGER CAR;PICKUP,PASSENGER CAR,PASSENGER CAR,SPORT UTILITY;PICKUP,PASSENGER CAR,PASSENGER CAR,SPORT UTILITY
24024;15 FEET FROM P.V.A (COOK-OUT);;;;;;;;;;;;;;;;0;0;;;;;;;;;;;;;3401;2016-08-13;4:35:10 PM;2016-08-13T20:35:10+00:00;;2016;No;No;8;;;;;;;
24025;.16 MILES FROM PVA OF 150 PARKWAY OFFICE CT;TRAFFIC CIRCLE/ROUNDABOUT;STRAIGHT,LEVEL;PUBLIC VEHICULAR AREA;UNKNOWN;SMOOTH ASPHALT;DRY;DAYLIGHT;CLOUDY;NO CONTROL PRESENT;;;-78.7608;35.7453;;118;0;0;;;NONE;;NONE;;SPORT UTILITY;PASSENGER CAR;;;;NO;3402;2016-09-26;4:00:44 PM;2016-09-26T20:00:44+00:00;;2016;No;No;9;NONE;NONE,NONE;NONE,NONE;SPORT UTILITY,PASSENGER CAR;SPORT UTILITY,PASSENGER CAR;SPORT UTILITY,PASSENGER CAR;SPORT UTILITY,PASSENGER CAR
24026;400 FEET FROM 2438 SW CARY PKWY;DRIVEWAY, PUBLIC;STRAIGHT,LEVEL;PUBLIC VEHICULAR AREA;TWO-WAY,NOT DIVIDED;COARSE ASPHALT;DRY;DAYLIGHT;CLEAR;NO CONTROL PRESENT;35.762021516;-78.8218049;;;P009;117;0;0;;;NONE;;NONE;;SPORT UTILITY;PASSENGER CAR;;;;NO;3403;2016-09-22;6:42:49 AM;2016-09-22T10:42:49+00:00;35.762021516, -78.8218049;2016;No;No;9;NONE;NONE,NONE;NONE,NONE;SPORT UTILITY,PASSENGER CAR;SPORT UTILITY,PASSENGER CAR;SPORT UTILITY,PASSENGER CAR;SPORT UTILITY,PASSENGER CAR
24027;CARY;NO SPECIAL FEATURE;STRAIGHT,LEVEL;STATE SECONDARY ROUTE;TWO-WAY,DIVIDED,POSITIVE MEDIAN BARRIER;SMOOTH ASPHALT;DRY;DAYLIGHT;CLOUDY;STOP AND GO SIGNAL;;;-78.7624;35.7432;;;0;0;1;;NONE;;NONE;;PASSENGER CAR;PASSENGER CAR;;;;NO;3404;2016-09-26;12:51 PM;2016-09-26T16:51:00+00:00;;2016;No;No;9;NONE;NONE,NONE;NONE,NONE;PASSENGER CAR,PASSENGER CAR;PASSENGER CAR,PASSENGER CAR;PASSENGER CAR,PASSENGER CAR;PASSENGER CAR,PASSENGER CAR
24028;20 FEET FROM SR 1300 KILDAIRE FARM RD;NO SPECIAL FEATURE;STRAIGHT,LEVEL;STATE SECONDARY ROUTE;TWO-WAY,DIVIDED,POSITIVE MEDIAN BARRIER;SMOOTH ASPHALT;DRY;DAYLIGHT;CLEAR;STOP AND GO SIGNAL;35.760212065;-78.78200313;-78.782;35.7583;P027;112;0;0;;;;;NONE;;PICKUP;PASSENGER CAR;;;;NO;3405;2016-09-26;6:00:44 PM;2016-09-26T22:00:44+00:00;35.760212065, -78.78200313;2016;No;No;9;;NONE;NONE;PICKUP,PASSENGER CAR;PICKUP,PASSENGER CAR;PICKUP,PASSENGER CAR;PICKUP,PASSENGER CAR
24047;200 FEET FROM 201 METLIFE WAY;NO SPECIAL FEATURE;STRAIGHT,LEVEL;PUBLIC VEHICULAR AREA;TWO-WAY,NOT DIVIDED;SMOOTH ASPHALT;DRY;DAYLIGHT;CLEAR;NO CONTROL PRESENT;35.829035814;-78.79770263;;;P021;111;0;0;;;NONE;;NONE;;PASSENGER CAR;;;;;NO;3424;2016-09-28;2:36:06 PM;2016-09-28T18:36:06+00:00;35.829035814, -78.79770263;2016;No;No;9;NONE;NONE,NONE;NONE,NONE;PASSENGER CAR;PASSENGER CAR;PASSENGER CAR;PASSENGER CAR
24050;0.12 MILES FROM PVA (6430 TRYON RD);DRIVEWAY, PUBLIC;STRAIGHT,GRADE;PUBLIC VEHICULAR AREA;TWO-WAY,NOT DIVIDED;SMOOTH ASPHALT;DRY;DAYLIGHT;CLOUDY;NO CONTROL PRESENT;;;-78.7609;35.7454;;;0;0;1;;;;NONE;;VAN;PASSENGER CAR;;;;NO;3427;2016-09-28;3:14:04 PM;2016-09-28T19:14:04+00:00;;2016;No;No;9;;NONE;NONE;VAN,PASSENGER CAR;VAN,PASSENGER CAR;VAN,PASSENGER CAR;VAN,PASSENGER CAR
24059;.1 MILES FROM PVA 3100 REGENCY PARKWAY;NO SPECIAL FEATURE;STRAIGHT,GRADE;PUBLIC VEHICULAR AREA;TWO-WAY,NOT DIVIDED;SMOOTH ASPHALT;WET;DARK - LIGHTED ROADWAY;RAIN;NO CONTROL PRESENT;35.732173239;-78.78851437;-78.7881;35.7322;P053;116;0;0;;;;;NONE;;PASSENGER CAR;PASSENGER CAR;;;;NO;3436;2016-09-29;6:46:06 AM;2016-09-29T10:46:06+00:00;35.732173239, -78.78851437;2016;No;No;9;;NONE;NONE;PASSENGER CAR,PASSENGER CAR;PASSENGER CAR,PASSENGER CAR;PASSENGER CAR,PASSENGER CAR;PASSENGER CAR,PASSENGER CAR
24069;200 FEET FROM SR1613 DAVIS DR;T-INTERSECTION;STRAIGHT,LEVEL;STATE SECONDARY ROUTE;TWO-WAY,DIVIDED,UNPROTECTED MEDIAN;SMOOTH ASPHALT;DRY;DAYLIGHT;CLOUDY;NO CONTROL PRESENT;;;-78.848725;35.800239;;;0;0;2;;NONE;;NONE;;PICKUP;VAN;;;;NO;3446;2016-09-29;3:42:05 PM;2016-09-29T19:42:05+00:00;;2016;No;No;9;NONE;NONE,NONE;NONE,NONE;PICKUP,VAN;PICKUP,VAN;PICKUP,VAN;PICKUP,VAN
24081;.1 MILES FROM U.S. 1 HWY;NO SPECIAL FEATURE;STRAIGHT,LEVEL;US ROUTE;TWO-WAY,DIVIDED,POSITIVE MEDIAN BARRIER;CONCRETE;WET;DAYLIGHT;RAIN;NO CONTROL PRESENT;;;-78.7497;35.7599;;;0;0;;;;;NONE;;SPORT UTILITY;;;;;NO;3458;2016-09-30;10:05 AM;2016-09-30T14:05:00+00:00;;2016;No;No;9;;NONE;NONE;SPORT UTILITY;SPORT UTILITY;SPORT UTILITY;SPORT UTILITY
24084;NEAR .5 MILES W OF W SR-1614 SALEM CHURCH RD;NO SPECIAL FEATURE;STRAIGHT,LEVEL;STATE SECONDARY ROUTE;TWO-WAY,NOT DIVIDED;SMOOTH ASPHALT;WET;DARK - ROADWAY NOT LIGHTED;CLOUDY;NO CONTROL PRESENT;35.757636123;-78.83921163;-78.8341;35.7587;P099;APEX;0;0;;;NONE;;NONE;;PASSENGER CAR;;;;;NO;3461;2016-09-30;1:27:31 AM;2016-09-30T05:27:31+00:00;35.757636123, -78.83921163;2016;No;No;9;NONE;NONE,NONE;NONE,NONE;PASSENGER CAR;PASSENGER CAR;PASSENGER CAR;PASSENGER CAR
24087;100 FEET FROM PVA 150 W CHATHAM S ST;DRIVEWAY, PUBLIC;STRAIGHT,LEVEL;PUBLIC VEHICULAR AREA;ONE-WAY,NOT DIVIDED;SMOOTH ASPHALT;WET;DAYLIGHT;CLOUDY;NO CONTROL PRESENT;;;-78.782545;35.787624;;;0;0;1;;NONE;;NONE;;PICKUP;PASSENGER CAR;;;;NO;3464;2016-09-30;6:36:56 PM;2016-09-30T22:36:56+00:00;;2016;No;No;9;NONE;NONE,NONE;NONE,NONE;PICKUP,PASSENGER CAR;PICKUP,PASSENGER CAR;PICKUP,PASSENGER CAR;PICKUP,PASSENGER CAR
24089;250 FEET FROM SR 3081 (CHAPEL HILL RD);NO SPECIAL FEATURE;STRAIGHT,LEVEL;STATE SECONDARY ROUTE;TWO-WAY,NOT DIVIDED;SMOOTH ASPHALT;WET;DAYLIGHT;CLOUDY;NO CONTROL PRESENT;35.800047655;-78.80265151;-78.80183;35.799502;P023;111;0;0;;;NONE;;NONE;;SPORT UTILITY;SPORT UTILITY;;;;NO;3466;2016-09-30;7:48:05 PM;2016-09-30T23:48:05+00:00;35.800047655, -78.80265151;2016;No;No;9;NONE;NONE,NONE;NONE,NONE;SPORT UTILITY,SPORT UTILITY;SPORT UTILITY,SPORT UTILITY;SPORT UTILITY,SPORT UTILITY;SPORT UTILITY,SPORT UTILITY
24090;.20 MILES FROM SR 3977 (SE CARY PARKWAY);RELATED TO INTERSECTION;STRAIGHT,LEVEL;STATE SECONDARY ROUTE;TWO-WAY,NOT DIVIDED;SMOOTH ASPHALT;DRY;DAYLIGHT;CLEAR;STOP AND GO SIGNAL;35.752367952;-78.77382465;-78.77;35.74;P027;112;0;0;;;NONE;;NONE;;PASSENGER CAR;PASSENGER CAR;PASSENGER CAR;;;NO;3467;2016-09-30;11:37 PM;2016-10-01T03:37:00+00:00;35.752367952, -78.77382465;2016;No;No;9;NONE;NONE,NONE;NONE,NONE;PASSENGER CAR,PASSENGER CAR;PASSENGER CAR,PASSENGER CAR,PASSENGER CAR;PASSENGER CAR,PASSENGER CAR,PASSENGER CAR;PASSENGER CAR,PASSENGER CAR,PASSENGER CAR
24091;100 FEET FROM TRAILVIEW DR;NO SPECIAL FEATURE;STRAIGHT,LEVEL;LOCAL STREET;TWO-WAY,NOT DIVIDED;SMOOTH ASPHALT;DRY;DARK - LIGHTED ROADWAY;CLEAR;NO CONTROL PRESENT;35.778077534;-78.84014112;-78.840133;35.778877;P066;117;0;0;;;NONE;;NONE;;SPORT UTILITY;PASSENGER CAR;;;;NO;3468;2016-10-02;9:55:46 AM;2016-10-02T13:55:46+00:00;35.778077534, -78.84014112;2016;No;No;10;NONE;NONE,NONE;NONE,NONE;SPORT UTILITY,PASSENGER CAR;SPORT UTILITY,PASSENGER CAR;SPORT UTILITY,PASSENGER CAR;SPORT UTILITY,PASSENGER CAR
24092;.462 MILES FROM NC 55 HWY;NO SPECIAL FEATURE;STRAIGHT,LEVEL;NC ROUTE;TWO-WAY,DIVIDED,UNPROTECTED MEDIAN;SMOOTH ASPHALT;DRY;DAYLIGHT;CLEAR;STOP AND GO SIGNAL;35.820401083;-78.87368236;-78.872843;35.813983;P091;WAKE;0;0;3;;NONE;;NONE;;PASSENGER CAR;PASSENGER CAR;;;;NO;3469;2016-10-01;1:51:26 PM;2016-10-01T17:51:26+00:00;35.820401083, -78.87368236;2016;No;No;10;NONE;NONE,NONE;NONE,NONE;PASSENGER CAR,PASSENGER CAR;PASSENGER CAR,PASSENGER CAR;PASSENGER CAR,PASSENGER CAR;PASSENGER CAR,PASSENGER CAR
24097;50 FEET FROM SR 3977 (SW CARY PKWY);NO SPECIAL FEATURE;STRAIGHT,GRADE;STATE SECONDARY ROUTE;TWO-WAY,DIVIDED,POSITIVE MEDIAN BARRIER;SMOOTH ASPHALT;WET;DAYLIGHT;RAIN;NO CONTROL PRESENT;35.779866607;-78.75062196;-78.8059;35.755;P098;RALW;0;0;1;;NONE;;NONE;;PASSENGER CAR;PASSENGER CAR;PASSENGER CAR;;;NO;3474;2016-09-30;5:53:51 PM;2016-09-30T21:53:51+00:00;35.779866607, -78.75062196;2016;No;No;9;NONE;NONE,NONE;NONE,NONE;PASSENGER CAR,PASSENGER CAR;PASSENGER CAR,PASSENGER CAR,PASSENGER CAR;PASSENGER CAR,PASSENGER CAR,PASSENGER CAR;PASSENGER CAR,PASSENGER CAR,PASSENGER CAR
24103;CARY;FOUR-WAY INTERSECTION;STRAIGHT,LEVEL;STATE SECONDARY ROUTE;TWO-WAY,NOT DIVIDED;SMOOTH ASPHALT;DRY;DAYLIGHT;CLOUDY;STOP AND GO SIGNAL;35.792027516;-78.76378662;-78.7637;35.792;P055;120;0;1;1;;NONE;;NONE;;PICKUP;PICKUP;;;;NO;3480;2016-09-30;5:07:15 PM;2016-09-30T21:07:15+00:00;35.792027516, -78.76378662;2016;No;Yes;9;NONE;NONE,NONE;NONE,NONE;PICKUP,PICKUP;PICKUP,PICKUP;PICKUP,PICKUP;PICKUP,PICKUP
24107;CARY;FOUR-WAY INTERSECTION;STRAIGHT,LEVEL;LOCAL STREET;TWO-WAY,DIVIDED,UNPROTECTED MEDIAN;SMOOTH ASPHALT;DRY;DAYLIGHT;CLEAR;STOP AND GO SIGNAL;35.829461376;-78.75989044;-78.7833;35.7832;P029;111;0;0;1;;;;NONE;;LIGHT TRUCK (MINI-VAN- PANEL);SPORT UTILITY;;;;NO;3484;2016-10-03;8:16:26 AM;2016-10-03T12:16:26+00:00;35.829461376, -78.75989044;2016;No;No;10;;NONE;NONE;LIGHT TRUCK (MINI-VAN- PANEL),SPORT UTILITY;LIGHT TRUCK (MINI-VAN- PANEL),SPORT UTILITY;LIGHT TRUCK (MINI-VAN- PANEL),SPORT UTILITY;LIGHT TRUCK (MINI-VAN- PANEL),SPORT UTILITY
24120;CARY;FOUR-WAY INTERSECTION;STRAIGHT,LEVEL;LOCAL STREET;TWO-WAY,NOT DIVIDED;SMOOTH ASPHALT;DRY;DAYLIGHT;CLEAR;STOP SIGN;35.775048104;-78.78972338;-78.7899;35.7751;P036;114;0;0;;;NONE;;NONE;;VAN;SPORT UTILITY;;;;NO;3497;2016-10-01;5:47:57 PM;2016-10-01T21:47:57+00:00;35.775048104, -78.78972338;2016;No;No;10;NONE;NONE,NONE;NONE,NONE;VAN,SPORT UTILITY;VAN,SPORT UTILITY;VAN,SPORT UTILITY;VAN,SPORT UTILITY
24126;100 FEET FROM NC 54 HWY (NW MAYNARD RD);NO SPECIAL FEATURE;STRAIGHT,LEVEL;NC ROUTE;TWO-WAY,NOT DIVIDED;SMOOTH ASPHALT;DRY;DAYLIGHT;CLEAR;NO CONTROL PRESENT;35.798725362;-78.79608008;-78.7953;35.7994;P023;111;0;0;1;;NONE;;NONE;;PASSENGER CAR;PASSENGER CAR;;;;NO;3503;2016-10-01;7:55:47 PM;2016-10-01T23:55:47+00:00;35.798725362, -78.79608008;2016;No;No;10;NONE;NONE,NONE;NONE,NONE;PASSENGER CAR,PASSENGER CAR;PASSENGER CAR,PASSENGER CAR;PASSENGER CAR,PASSENGER CAR;PASSENGER CAR,PASSENGER CAR
24128;CARY;FOUR-WAY INTERSECTION;STRAIGHT,LEVEL;STATE SECONDARY ROUTE;TWO-WAY,NOT DIVIDED;SMOOTH ASPHALT;DRY;DAYLIGHT;CLEAR;STOP AND GO SIGNAL;35.788086667;-78.84696653;-78.84706;35.788055;P018;117;0;0;;;NONE;;NONE;;PASSENGER CAR;PASSENGER CAR;;;;NO;3505;2016-10-03;10:56 AM;2016-10-03T14:56:00+00:00;35.788086667, -78.84696653;2016;No;No;10;NONE;NONE,NONE;NONE,NONE;PASSENGER CAR,PASSENGER CAR;PASSENGER CAR,PASSENGER CAR;PASSENGER CAR,PASSENGER CAR;PASSENGER CAR,PASSENGER CAR
24140;CARY;NO SPECIAL FEATURE;STRAIGHT,LEVEL;STATE SECONDARY ROUTE;TWO-WAY,DIVIDED,UNPROTECTED MEDIAN;SMOOTH ASPHALT;DRY;DAYLIGHT;CLEAR;STOP AND GO SIGNAL;;;-78.7442;35.7613;;;0;0;;;NONE;;NONE;NONE;PASSENGER CAR;PASSENGER CAR;;;;CONSTRUCTION WORK AREA;3517;2016-09-29;2:45:51 PM;2016-09-29T18:45:51+00:00;;2016;No;No;9;NONE;NONE,NONE;NONE,NONE,NONE;PASSENGER CAR,PASSENGER CAR;PASSENGER CAR,PASSENGER CAR;PASSENGER CAR,PASSENGER CAR;PASSENGER CAR,PASSENGER CAR
24144;100 FEET FROM PVA OF 4101 NC 55 HWY;NO SPECIAL FEATURE;STRAIGHT,LEVEL;PUBLIC VEHICULAR AREA;TWO-WAY,NOT DIVIDED;CONCRETE;DRY;DAYLIGHT;CLEAR;NO CONTROL PRESENT;35.823805141;-78.87469875;-78.8747;35.824;P122;122;0;0;;;NONE;;NONE;;LIGHT TRUCK (MINI-VAN- PANEL);UNKNOWN;;;;NO;3521;2016-10-04;3:57:42 PM;2016-10-04T19:57:42+00:00;35.823805141, -78.87469875;2016;No;No;10;NONE;NONE,NONE;NONE,NONE;LIGHT TRUCK (MINI-VAN- PANEL),UNKNOWN;LIGHT TRUCK (MINI-VAN- PANEL),UNKNOWN;LIGHT TRUCK (MINI-VAN- PANEL),UNKNOWN;LIGHT TRUCK (MINI-VAN- PANEL),UNKNOWN
24145;.11 MILES FROM NC 54 (CHAPEL HILL RD);NO SPECIAL FEATURE;STRAIGHT,LEVEL;NC ROUTE;TWO-WAY,NOT DIVIDED;SMOOTH ASPHALT;DRY;DAYLIGHT;CLEAR;NO CONTROL PRESENT;35.804018865;-78.80521796;-78.806;35.8045;P023;111;0;1;;;NONE;;NONE;;PASSENGER CAR;LIGHT TRUCK (MINI-VAN- PANEL);;;;NO;3522;2016-10-04;4:54:55 PM;2016-10-04T20:54:55+00:00;35.804018865, -78.80521796;2016;No;Yes;10;NONE;NONE,NONE;NONE,NONE;PASSENGER CAR,LIGHT TRUCK (MINI-VAN- PANEL);PASSENGER CAR,LIGHT TRUCK (MINI-VAN- PANEL);PASSENGER CAR,LIGHT TRUCK (MINI-VAN- PANEL);PASSENGER CAR,LIGHT TRUCK (MINI-VAN- PANEL)
24149;5 FEET FROM SR 4067 (REGENCY PKWY);NO SPECIAL FEATURE;STRAIGHT,LEVEL;STATE SECONDARY ROUTE;TWO-WAY,NOT DIVIDED;SMOOTH ASPHALT;WET;DAYLIGHT;RAIN;STOP SIGN;;;-78.79093;35.72943;;;0;2;;;;;NONE;;PASSENGER CAR;PASSENGER CAR;;;;NO;3526;2016-09-30;7:14:50 PM;2016-09-30T23:14:50+00:00;;2016;No;Yes;9;;NONE;NONE;PASSENGER CAR,PASSENGER CAR;PASSENGER CAR,PASSENGER CAR;PASSENGER CAR,PASSENGER CAR;PASSENGER CAR,PASSENGER CAR
24150;120 FEET FROM SR# 1349 (DILLIARD DR);RELATED TO INTERSECTION;STRAIGHT,LEVEL;STATE SECONDARY ROUTE;TWO-WAY,NOT DIVIDED;SMOOTH ASPHALT;DRY;DAYLIGHT;CLEAR;STOP AND GO SIGNAL;;;-78.733357;35.75334;;118;0;0;;;NONE;;NONE;;PASSENGER CAR;SPORT UTILITY;;;;NO;3527;2016-10-05;9:32:42 AM;2016-10-05T13:32:42+00:00;;2016;No;No;10;NONE;NONE,NONE;NONE,NONE;PASSENGER CAR,SPORT UTILITY;PASSENGER CAR,SPORT UTILITY;PASSENGER CAR,SPORT UTILITY;PASSENGER CAR,SPORT UTILITY
24155;300 FEET FROM (PVA) 509 MILLS PARK DR;DRIVEWAY, PUBLIC;STRAIGHT,LEVEL;PUBLIC VEHICULAR AREA;TWO-WAY,NOT DIVIDED;SMOOTH ASPHALT;DRY;DAYLIGHT;CLEAR;NO CONTROL PRESENT;35.811956932;-78.89613444;-78.896509;35.809716;;;0;0;;;NONE;;NONE;;SPORT UTILITY;PASSENGER CAR;;;;NO;3532;2016-10-04;9:13:18 AM;2016-10-04T13:13:18+00:00;35.811956932, -78.89613444;2016;No;No;10;NONE;NONE,NONE;NONE,NONE;SPORT UTILITY,PASSENGER CAR;SPORT UTILITY,PASSENGER CAR;SPORT UTILITY,PASSENGER CAR;SPORT UTILITY,PASSENGER CAR
24169;10 FEET FROM US1 SB OFF RAMP;RELATED TO INTERSECTION;STRAIGHT,GRADE;US ROUTE;ONE-WAY,NOT DIVIDED;SMOOTH ASPHALT;DRY;DAYLIGHT;CLEAR;STOP AND GO SIGNAL;;;-78.7943;35.7379;;;0;0;2;;NONE;;NONE;;PASSENGER CAR;VAN;;;;NO;3546;2016-10-05;4:38:45 PM;2016-10-05T20:38:45+00:00;;2016;No;No;10;NONE;NONE,NONE;NONE,NONE;PASSENGER CAR,VAN;PASSENGER CAR,VAN;PASSENGER CAR,VAN;PASSENGER CAR,VAN
24172;CARY;FOUR-WAY INTERSECTION;STRAIGHT,LEVEL;STATE SECONDARY ROUTE;TWO-WAY,NOT DIVIDED;SMOOTH ASPHALT;DRY;DAYLIGHT;CLEAR;STOP AND GO SIGNAL;;;-78.7815;35.771;;;0;0;;;NONE;;NONE;;PASSENGER CAR;PASSENGER CAR;;;;NO;3549;2016-10-05;3:21:09 PM;2016-10-05T19:21:09+00:00;;2016;No;No;10;NONE;NONE,NONE;NONE,NONE;PASSENGER CAR,PASSENGER CAR;PASSENGER CAR,PASSENGER CAR;PASSENGER CAR,PASSENGER CAR;PASSENGER CAR,PASSENGER CAR