tamainid;location_description;rdfeature;rdcharacter;rdclass;rdconfigur;rdsurface;rdcondition;lightcond;weather;trafcontrl;lat;lon;lon2;lat2;tract;zone;fatality;possblinj;numpassengers;numpedestrians;contrcir1_desc;contrcir2_desc;contrcir3_desc;contrcir4_desc;vehicle1;vehicle2;vehicle3;vehicle4;vehicle5;workarea;records;ta_date;ta_time;crash_date;geo_location;year;fatalities;injuries;month;contrfact1;contrfact2;contributing_factor;vehicleconcat1;vehicleconcat2;vehicleconcat3;vehicle_type
27412;125 FEET FROM SR 1313 (WALNUT ST);NO SPECIAL FEATURE;STRAIGHT,LEVEL;STATE SECONDARY ROUTE;TWO-WAY,NOT DIVIDED;SMOOTH ASPHALT;DRY;DAYLIGHT;CLEAR;STOP AND GO SIGNAL;;;-78.750225;35.76435;;;0;1;2;;NONE;;NONE;;PASSENGER CAR;PASSENGER CAR;;;;NO;4794;2016-12-22;2:32:03 PM;2016-12-22T19:32:03+00:00;;2016;No;Yes;12;NONE;NONE,NONE;NONE,NONE;PASSENGER CAR,PASSENGER CAR;PASSENGER CAR,PASSENGER CAR;PASSENGER CAR,PASSENGER CAR;PASSENGER CAR,PASSENGER CAR
27430;15 FEET FROM SR 1313 (WALNUT ST);FOUR-WAY INTERSECTION;STRAIGHT,LEVEL;STATE SECONDARY ROUTE;TWO-WAY,DIVIDED,POSITIVE MEDIAN BARRIER;SMOOTH ASPHALT;DRY;DAYLIGHT;CLEAR;FLASHING STOP AND GO SIGNAL;35.779958511;-78.36493434;-78.7631;35.77;P119;RALW;0;0;;;NONE;;NONE;;PASSENGER CAR;PASSENGER CAR;;;;NO;4812;2016-12-28;8:31:43 AM;2016-12-28T13:31:43+00:00;35.779958511, -78.36493434;2016;No;No;12;NONE;NONE,NONE;NONE,NONE;PASSENGER CAR,PASSENGER CAR;PASSENGER CAR,PASSENGER CAR;PASSENGER CAR,PASSENGER CAR;PASSENGER CAR,PASSENGER CAR
27439;CARY;OFF-RAMP ENTRY;CURVE,GRADE;US ROUTE;TWO-WAY,DIVIDED,UNPROTECTED MEDIAN;SMOOTH ASPHALT;DRY;DARK - LIGHTED ROADWAY;CLEAR;STOP AND GO SIGNAL;35.736894104;-78.79376167;-78.7946;35.738;P043;116;0;0;;;NONE;;NONE;;PICKUP;PASSENGER CAR;;;;NO;4821;2016-12-29;6:54:12 PM;2016-12-29T23:54:12+00:00;35.736894104, -78.79376167;2016;No;No;12;NONE;NONE,NONE;NONE,NONE;PICKUP,PASSENGER CAR;PICKUP,PASSENGER CAR;PICKUP,PASSENGER CAR;PICKUP,PASSENGER CAR
27441;200 FEET FROM 1110 SE CARY PKY;NO SPECIAL FEATURE;STRAIGHT,LEVEL;PUBLIC VEHICULAR AREA;ONE-WAY,NOT DIVIDED;SMOOTH ASPHALT;DRY;DAYLIGHT;CLEAR;NO CONTROL PRESENT;;;-78.762523;35.742733;;;0;0;;;NONE;;NONE;;SPORT UTILITY;PASSENGER CAR;;;;NO;4823;2016-12-29;2:27:55 PM;2016-12-29T19:27:55+00:00;;2016;No;No;12;NONE;NONE,NONE;NONE,NONE;SPORT UTILITY,PASSENGER CAR;SPORT UTILITY,PASSENGER CAR;SPORT UTILITY,PASSENGER CAR;SPORT UTILITY,PASSENGER CAR
27457;50 FEET FROM P.V.A. (WALGREENS);NO SPECIAL FEATURE;STRAIGHT,LEVEL;PUBLIC VEHICULAR AREA;TWO-WAY,NOT DIVIDED;SMOOTH ASPHALT;DRY;DAYLIGHT;CLEAR;NO CONTROL PRESENT;;;-78.7422;35.746;;;0;0;;;NONE;;NONE;;PICKUP;PASSENGER CAR;;;;NO;4839;2016-12-31;11:21 AM;2016-12-31T16:21:00+00:00;;2016;No;No;12;NONE;NONE,NONE;NONE,NONE;PICKUP,PASSENGER CAR;PICKUP,PASSENGER CAR;PICKUP,PASSENGER CAR;PICKUP,PASSENGER CAR
27463;CARY;FOUR-WAY INTERSECTION;STRAIGHT,LEVEL;STATE SECONDARY ROUTE;TWO-WAY,DIVIDED,UNPROTECTED MEDIAN;COARSE ASPHALT;WET;DARK - LIGHTED ROADWAY;RAIN;STOP AND GO SIGNAL;35.775896587;-78.76417342;-78.7636;35.7759;P061;120;0;2;2;;;;NONE;;PASSENGER CAR;PASSENGER CAR;;;;NO;4845;2017-01-01;10:02 PM;2017-01-02T03:02:00+00:00;35.775896587, -78.76417342;2017;No;Yes;1;;NONE;NONE;PASSENGER CAR,PASSENGER CAR;PASSENGER CAR,PASSENGER CAR;PASSENGER CAR,PASSENGER CAR;PASSENGER CAR,PASSENGER CAR
27472;100 FEET FROM PVA OF 1805 WALNUT ST;NO SPECIAL FEATURE;STRAIGHT,LEVEL;PUBLIC VEHICULAR AREA;TWO-WAY,NOT DIVIDED;SMOOTH ASPHALT;DRY;DARK - LIGHTED ROADWAY;CLEAR;NO CONTROL PRESENT;;;-78.7431;35.761;;;0;0;2;;;;NONE;;PASSENGER CAR;VAN;;;;NO;4854;2016-12-30;5:46:39 PM;2016-12-30T22:46:39+00:00;;2016;No;No;12;;NONE;NONE;PASSENGER CAR,VAN;PASSENGER CAR,VAN;PASSENGER CAR,VAN;PASSENGER CAR,VAN
27476;200 FEET FROM PVA 760 SE MAYNARD RD;NO SPECIAL FEATURE;STRAIGHT,LEVEL;PUBLIC VEHICULAR AREA;TWO-WAY,NOT DIVIDED;SMOOTH ASPHALT;WET;DARK - LIGHTED ROADWAY;CLEAR;NO CONTROL PRESENT;;;-78.7626;35.7696;;;0;0;;;NONE;;NONE;;PASSENGER CAR;VAN;;;;NO;4858;2017-01-02;4:02:51 PM;2017-01-02T21:02:51+00:00;;2017;No;No;1;NONE;NONE,NONE;NONE,NONE;PASSENGER CAR,VAN;PASSENGER CAR,VAN;PASSENGER CAR,VAN;PASSENGER CAR,VAN
27483;CARY;;;;;;;;;;;;;;;;0;0;;;;;;;;;;;;;4865;2017-01-04;1:20:28 AM;2017-01-04T06:20:28+00:00;;2017;No;No;1;;;;;;;
27486;CARY;FOUR-WAY INTERSECTION;STRAIGHT,LEVEL;STATE SECONDARY ROUTE;TWO-WAY,DIVIDED,UNPROTECTED MEDIAN;SMOOTH ASPHALT;WET;DARK - LIGHTED ROADWAY;CLOUDY;STOP AND GO SIGNAL;35.826357174;-78.80601511;-78.8057;35.8263;P021;111;0;0;1;;NONE;;NONE;;PASSENGER CAR;PASSENGER CAR;;;;NO;4868;2017-01-03;5:44:32 PM;2017-01-03T22:44:32+00:00;35.826357174, -78.80601511;2017;No;No;1;NONE;NONE,NONE;NONE,NONE;PASSENGER CAR,PASSENGER CAR;PASSENGER CAR,PASSENGER CAR;PASSENGER CAR,PASSENGER CAR;PASSENGER CAR,PASSENGER CAR
27487;CARY;NO SPECIAL FEATURE;STRAIGHT,LEVEL;NC ROUTE;TWO-WAY,DIVIDED,UNPROTECTED MEDIAN;CONCRETE;DRY;DARK - LIGHTED ROADWAY;CLEAR;STOP AND GO SIGNAL;35.787721572;-78.87082441;-78.870734;;P118;117;0;0;;;NONE;;NONE;;PASSENGER CAR;PASSENGER CAR;;;;NO;4869;2017-01-03;6:10:49 PM;2017-01-03T23:10:49+00:00;35.787721572, -78.87082441;2017;No;No;1;NONE;NONE,NONE;NONE,NONE;PASSENGER CAR,PASSENGER CAR;PASSENGER CAR,PASSENGER CAR;PASSENGER CAR,PASSENGER CAR;PASSENGER CAR,PASSENGER CAR
27494;10 FEET FROM US 1;OFF-RAMP TERMINAL ON CROSSROAD;CURVE,BOTTOM (SAG);US ROUTE;TWO-WAY,DIVIDED,POSITIVE MEDIAN BARRIER;CONCRETE;DRY;DAYLIGHT;CLEAR;STOP AND GO SIGNAL;35.736894104;-78.79376167;-78.7944;35.7378;P043;116;0;0;;;NONE;;NONE;;LIGHT TRUCK (MINI-VAN- PANEL);PASSENGER CAR;;;;NO;4876;2017-01-04;8:42:32 AM;2017-01-04T13:42:32+00:00;35.736894104, -78.79376167;2017;No;No;1;NONE;NONE,NONE;NONE,NONE;LIGHT TRUCK (MINI-VAN- PANEL),PASSENGER CAR;LIGHT TRUCK (MINI-VAN- PANEL),PASSENGER CAR;LIGHT TRUCK (MINI-VAN- PANEL),PASSENGER CAR;LIGHT TRUCK (MINI-VAN- PANEL),PASSENGER CAR
27497;10 FEET FROM US 1;OFF-RAMP TERMINAL ON CROSSROAD;CURVE,BOTTOM (SAG);US ROUTE;TWO-WAY,DIVIDED,POSITIVE MEDIAN BARRIER;CONCRETE;DRY;DAYLIGHT;CLEAR;STOP AND GO SIGNAL;35.736894104;-78.79376167;-78.7944;35.7378;P043;116;0;1;2;;NONE;;NONE;;PASSENGER CAR;PASSENGER CAR;;;;NO;4879;2017-01-04;1:36:05 PM;2017-01-04T18:36:05+00:00;35.736894104, -78.79376167;2017;No;Yes;1;NONE;NONE,NONE;NONE,NONE;PASSENGER CAR,PASSENGER CAR;PASSENGER CAR,PASSENGER CAR;PASSENGER CAR,PASSENGER CAR;PASSENGER CAR,PASSENGER CAR
27506;358 FEET FROM LAKE PINE DR;RELATED TO INTERSECTION;STRAIGHT,GRADE;LOCAL STREET;TWO-WAY,NOT DIVIDED;SMOOTH ASPHALT;DRY;DAYLIGHT;CLEAR;STOP SIGN;35.770541537;-78.79287486;-78.79282;35.771515;P039;115;0;1;;;NONE;;NONE;;PASSENGER CAR;PASSENGER CAR;;;;NO;4887;2017-01-04;4:25:53 PM;2017-01-04T21:25:53+00:00;35.770541537, -78.79287486;2017;No;Yes;1;NONE;NONE,NONE;NONE,NONE;PASSENGER CAR,PASSENGER CAR;PASSENGER CAR,PASSENGER CAR;PASSENGER CAR,PASSENGER CAR;PASSENGER CAR,PASSENGER CAR
27509;250 FEET FROM NC 54 (NE MAYNARD RD);NO SPECIAL FEATURE;STRAIGHT,LEVEL;NC ROUTE;TWO-WAY,NOT DIVIDED;SMOOTH ASPHALT;DRY;DAYLIGHT;CLEAR;NO CONTROL PRESENT;35.802410284;-78.76928244;-78.768739;35.802101;P030;113;0;0;1;;NONE;;NONE;;PASSENGER CAR;PASSENGER CAR;;;;NO;4890;2017-01-05;7:54:38 AM;2017-01-05T12:54:38+00:00;35.802410284, -78.76928244;2017;No;No;1;NONE;NONE,NONE;NONE,NONE;PASSENGER CAR,PASSENGER CAR;PASSENGER CAR,PASSENGER CAR;PASSENGER CAR,PASSENGER CAR;PASSENGER CAR,PASSENGER CAR
27510;0 FEET FROM SUMMER LAKES DR;T-INTERSECTION;STRAIGHT,LEVEL;LOCAL STREET;;SMOOTH ASPHALT;DRY;DARK - LIGHTED ROADWAY;CLEAR;STOP SIGN;;;-78.830377;35.790359;;;0;0;1;;NONE;;NONE;;PASSENGER CAR;PASSENGER CAR;;;;NO;4891;2017-01-04;6:56:49 PM;2017-01-04T23:56:49+00:00;;2017;No;No;1;NONE;NONE,NONE;NONE,NONE;PASSENGER CAR,PASSENGER CAR;PASSENGER CAR,PASSENGER CAR;PASSENGER CAR,PASSENGER CAR;PASSENGER CAR,PASSENGER CAR
27514;172 FEET FROM P.V.A. OF 2900 WATERFORD FORES;NO SPECIAL FEATURE;STRAIGHT,LEVEL;PUBLIC VEHICULAR AREA;TWO-WAY,NOT DIVIDED;SMOOTH ASPHALT;DRY;DAYLIGHT;CLEAR;NO CONTROL PRESENT;;;-78.8078;35.7866;;114;0;0;;;NONE;;NONE;;PASSENGER CAR;PASSENGER CAR;;;;NO;4895;2017-01-05;11:20 AM;2017-01-05T16:20:00+00:00;;2017;No;No;1;NONE;NONE,NONE;NONE,NONE;PASSENGER CAR,PASSENGER CAR;PASSENGER CAR,PASSENGER CAR;PASSENGER CAR,PASSENGER CAR;PASSENGER CAR,PASSENGER CAR
27521;20 FEET FROM SR 1300 (KILDAIRE FARM RD);DRIVEWAY, PUBLIC;STRAIGHT,LEVEL;STATE SECONDARY ROUTE;TWO-WAY,DIVIDED,UNPROTECTED MEDIAN;SMOOTH ASPHALT;DRY;DARK - LIGHTED ROADWAY;CLEAR;STOP SIGN;;;-78.77993;35.737608;;;0;0;3;;NONE;;NONE;;PASSENGER CAR;PASSENGER CAR;;;;NO;4902;2017-01-05;8:26:06 PM;2017-01-06T01:26:06+00:00;;2017;No;No;1;NONE;NONE,NONE;NONE,NONE;PASSENGER CAR,PASSENGER CAR;PASSENGER CAR,PASSENGER CAR;PASSENGER CAR,PASSENGER CAR;PASSENGER CAR,PASSENGER CAR
27526;40 FEET FROM DONALDSON DR;NO SPECIAL FEATURE;STRAIGHT,LEVEL;LOCAL STREET;TWO-WAY,NOT DIVIDED;SMOOTH ASPHALT;DRY;DAYLIGHT;CLEAR;NO CONTROL PRESENT;;;-78.748642;35.764287;;;0;0;5;;NONE;;NONE;;SPORT UTILITY;PASSENGER CAR;;;;UTILITY WORK AREA;4907;2017-01-04;12:31 PM;2017-01-04T17:31:00+00:00;;2017;No;No;1;NONE;NONE,NONE;NONE,NONE;SPORT UTILITY,PASSENGER CAR;SPORT UTILITY,PASSENGER CAR;SPORT UTILITY,PASSENGER CAR;SPORT UTILITY,PASSENGER CAR
27530;200 FEET FROM P.V.A. (1151 TRYON VILLAGE DR);NO SPECIAL FEATURE;STRAIGHT,LEVEL;PUBLIC VEHICULAR AREA;TWO-WAY,NOT DIVIDED;SMOOTH ASPHALT;DRY;DAYLIGHT;CLOUDY;NO CONTROL PRESENT;;;-78.7439;35.7465;;;0;0;;;NONE;;NONE;;PASSENGER CAR;PASSENGER CAR;;;;NO;4911;2017-01-06;1:29:37 PM;2017-01-06T18:29:37+00:00;;2017;No;No;1;NONE;NONE,NONE;NONE,NONE;PASSENGER CAR,PASSENGER CAR;PASSENGER CAR,PASSENGER CAR;PASSENGER CAR,PASSENGER CAR;PASSENGER CAR,PASSENGER CAR
27532;.10 MILES FROM SR1010 (WALNUT ST);NO SPECIAL FEATURE;STRAIGHT,GRADE;STATE SECONDARY ROUTE;TWO-WAY,NOT DIVIDED;SMOOTH ASPHALT;WET;DARK - LIGHTED ROADWAY;RAIN;NO CONTROL PRESENT;35.772262717;-78.76406053;-78.7624;35.7701;P062;120;0;0;;;NONE;;NONE;;SPORT UTILITY;PASSENGER CAR;;;;NO;4913;2017-01-06;5:29:07 PM;2017-01-06T22:29:07+00:00;35.772262717, -78.76406053;2017;No;No;1;NONE;NONE,NONE;NONE,NONE;SPORT UTILITY,PASSENGER CAR;SPORT UTILITY,PASSENGER CAR;SPORT UTILITY,PASSENGER CAR;SPORT UTILITY,PASSENGER CAR
27533;.1 MILES FROM NE MAYNARD RD (SR 1415);NO SPECIAL FEATURE;STRAIGHT,HILLCREST;STATE SECONDARY ROUTE;TWO-WAY,DIVIDED,UNPROTECTED MEDIAN;SMOOTH ASPHALT;WET;DAYLIGHT;RAIN;NO CONTROL PRESENT;35.798437276;-78.76537522;-78.76;35.8;P034;113;0;0;3;;NONE;;NONE;;SPORT UTILITY;PICKUP;VAN;;;NO;4914;2017-01-06;3:31:27 PM;2017-01-06T20:31:27+00:00;35.798437276, -78.76537522;2017;No;No;1;NONE;NONE,NONE;NONE,NONE;SPORT UTILITY,PICKUP;SPORT UTILITY,PICKUP,VAN;SPORT UTILITY,PICKUP,VAN;SPORT UTILITY,PICKUP,VAN
27534;CARY;;;;;;;;;;;;;;;;0;0;1;;;;;;;;;;;;4915;2016-05-02;12:00 AM;2016-05-02T04:00:00+00:00;;2016;No;No;5;;;;;;;
27537;50 FEET FROM REED ST;NO SPECIAL FEATURE;STRAIGHT,GRADE;LOCAL STREET;TWO-WAY,NOT DIVIDED;SMOOTH ASPHALT;ICE;DARK - ROADWAY NOT LIGHTED;CLEAR;NO CONTROL PRESENT;35.789852089;-78.76375464;-78.763;35.7898;P056;120;0;0;1;;NONE;;COMING FROM BEHIND PARKED VEHICLE;COMING FROM BEHIND PARKED VEHICLE;PASSENGER CAR;PASSENGER CAR;;;;NO;4918;2017-01-08;2:32:21 AM;2017-01-08T07:32:21+00:00;35.789852089, -78.76375464;2017;No;No;1;NONE;NONE,COMING FROM BEHIND PARKED VEHICLE;NONE,COMING FROM BEHIND PARKED VEHICLE,COMING FROM BEHIND PARKED VEHICLE;PASSENGER CAR,PASSENGER CAR;PASSENGER CAR,PASSENGER CAR;PASSENGER CAR,PASSENGER CAR;PASSENGER CAR,PASSENGER CAR
27541;415 FEET FROM P.V.A. (801 BASS PRO LN);NO SPECIAL FEATURE;STRAIGHT,LEVEL;PUBLIC VEHICULAR AREA;TWO-WAY,NOT DIVIDED;SMOOTH ASPHALT;WET;DARK - LIGHTED ROADWAY;RAIN;STOP SIGN;35.829313329;-78.77075158;-78.7703;35.8294;P029;111;0;0;1;;NONE;;NONE;;PASSENGER CAR;PASSENGER CAR;;;;NO;4922;2017-01-06;6:06:45 PM;2017-01-06T23:06:45+00:00;35.829313329, -78.77075158;2017;No;No;1;NONE;NONE,NONE;NONE,NONE;PASSENGER CAR,PASSENGER CAR;PASSENGER CAR,PASSENGER CAR;PASSENGER CAR,PASSENGER CAR;PASSENGER CAR,PASSENGER CAR
27549;66 FEET FROM PVA (885 WALNUT ST);NO SPECIAL FEATURE;STRAIGHT,LEVEL;PUBLIC VEHICULAR AREA;TWO-WAY,NOT DIVIDED;SMOOTH ASPHALT;DRY;DARK - LIGHTED ROADWAY;CLEAR;NO CONTROL PRESENT;;;-78.764524;35.774712;;;0;1;;;NONE;;NONE;;SPORT UTILITY;;;;;NO;4930;2017-01-05;12:49 AM;2017-01-05T05:49:00+00:00;;2017;No;Yes;1;NONE;NONE,NONE;NONE,NONE;SPORT UTILITY;SPORT UTILITY;SPORT UTILITY;SPORT UTILITY
27553;CARY;NO SPECIAL FEATURE;STRAIGHT,GRADE;LOCAL STREET;TWO-WAY,NOT DIVIDED;SMOOTH ASPHALT;ICE;DAYLIGHT;CLEAR;NO CONTROL PRESENT;35.794259579;-78.86805477;-78.8675;35.7939;P012;121;0;0;;;NONE;;COMING FROM BEHIND PARKED VEHICLE;;PASSENGER CAR;PICKUP;;;;NO;4934;2017-01-08;4:16:11 PM;2017-01-08T21:16:11+00:00;35.794259579, -78.86805477;2017;No;No;1;NONE;NONE,COMING FROM BEHIND PARKED VEHICLE;NONE,COMING FROM BEHIND PARKED VEHICLE;PASSENGER CAR,PICKUP;PASSENGER CAR,PICKUP;PASSENGER CAR,PICKUP;PASSENGER CAR,PICKUP
27572;50 FEET FROM PVA OF 280 MEETING ST;NO SPECIAL FEATURE;STRAIGHT,LEVEL;PUBLIC VEHICULAR AREA;TWO-WAY,NOT DIVIDED;SMOOTH ASPHALT;WET;DARK - LIGHTED ROADWAY;CLEAR;NO CONTROL PRESENT;;;-78.7445;35.7566;;;0;0;;;;;NONE;;PASSENGER CAR;PASSENGER CAR;;;;NO;4953;2017-01-11;9:35:04 PM;2017-01-12T02:35:04+00:00;;2017;No;No;1;;NONE;NONE;PASSENGER CAR,PASSENGER CAR;PASSENGER CAR,PASSENGER CAR;PASSENGER CAR,PASSENGER CAR;PASSENGER CAR,PASSENGER CAR
27579;.10 MILES FROM SR 1615 (HIGH HOUSE RD);NO SPECIAL FEATURE;STRAIGHT,GRADE;STATE SECONDARY ROUTE;TWO-WAY,NOT DIVIDED;SMOOTH ASPHALT;DRY;DARK - LIGHTED ROADWAY;CLEAR;NO CONTROL PRESENT;;;-78.8231;35.786;;;0;0;;;NONE;;NONE;;PASSENGER CAR;PASSENGER CAR;;;;NO;4960;2017-01-12;8:36:18 PM;2017-01-13T01:36:18+00:00;;2017;No;No;1;NONE;NONE,NONE;NONE,NONE;PASSENGER CAR,PASSENGER CAR;PASSENGER CAR,PASSENGER CAR;PASSENGER CAR,PASSENGER CAR;PASSENGER CAR,PASSENGER CAR
27580;250 FEET FROM 6430 TRYON RD;NO SPECIAL FEATURE;STRAIGHT,LEVEL;PUBLIC VEHICULAR AREA;TWO-WAY,NOT DIVIDED;SMOOTH ASPHALT;DRY;DAYLIGHT;CLEAR;NO CONTROL PRESENT;;;-78.761544;35.745405;;;0;0;;;NONE;;NONE;;PASSENGER CAR;VAN;;;;NO;4961;2017-01-12;3:34:07 PM;2017-01-12T20:34:07+00:00;;2017;No;No;1;NONE;NONE,NONE;NONE,NONE;PASSENGER CAR,VAN;PASSENGER CAR,VAN;PASSENGER CAR,VAN;PASSENGER CAR,VAN
27582;200 FEET FROM SR1300 (KILDAIRE FARM RD);NO SPECIAL FEATURE;STRAIGHT,LEVEL;STATE SECONDARY ROUTE;TWO-WAY,DIVIDED,UNPROTECTED MEDIAN;SMOOTH ASPHALT;DRY;DARK - LIGHTED ROADWAY;CLEAR;NO CONTROL PRESENT;;;-78.7801;35.7382;;;0;0;1;;;;NONE;;SPORT UTILITY;PASSENGER CAR;;;;NO;4963;2017-01-12;8:52:12 PM;2017-01-13T01:52:12+00:00;;2017;No;No;1;;NONE;NONE;SPORT UTILITY,PASSENGER CAR;SPORT UTILITY,PASSENGER CAR;SPORT UTILITY,PASSENGER CAR;SPORT UTILITY,PASSENGER CAR
27588;150 FEET FROM CAITBOO AVE;DRIVEWAY, PUBLIC;STRAIGHT,LEVEL;PUBLIC VEHICULAR AREA;TWO-WAY,NOT DIVIDED;SMOOTH ASPHALT;DRY;DAYLIGHT;CLEAR;STOP AND GO SIGNAL;35.759541366;-78.74137283;-78.741669;35.759886;P120;118;0;0;3;;NONE;;NONE;;SPORT UTILITY;SPORT UTILITY;;;;NO;4969;2017-01-12;2:01:14 PM;2017-01-12T19:01:14+00:00;35.759541366, -78.74137283;2017;No;No;1;NONE;NONE,NONE;NONE,NONE;SPORT UTILITY,SPORT UTILITY;SPORT UTILITY,SPORT UTILITY;SPORT UTILITY,SPORT UTILITY;SPORT UTILITY,SPORT UTILITY
27591;.2 MILES FROM US1;NO SPECIAL FEATURE;STRAIGHT,LEVEL;US ROUTE;TWO-WAY,DIVIDED,POSITIVE MEDIAN BARRIER;GROOVED CONCRETE;DRY;DAYLIGHT;CLEAR;NO CONTROL PRESENT;;;-78.7407;35.7639;;112;0;0;3;;;;NONE;;PASSENGER CAR;PASSENGER CAR;;;;NO;4972;2017-01-12;6:39:13 PM;2017-01-12T23:39:13+00:00;;2017;No;No;1;;NONE;NONE;PASSENGER CAR,PASSENGER CAR;PASSENGER CAR,PASSENGER CAR;PASSENGER CAR,PASSENGER CAR;PASSENGER CAR,PASSENGER CAR
27594;2.3 MILES FROM US HWY 1;NO SPECIAL FEATURE;STRAIGHT,LEVEL;US ROUTE;TWO-WAY,DIVIDED,POSITIVE MEDIAN BARRIER;SMOOTH ASPHALT;WET;DARK - LIGHTED ROADWAY;CLEAR;NO CONTROL PRESENT;;;-78.8129;35.7266;;;0;0;2;;NONE;;NONE;;PASSENGER CAR;SPORT UTILITY;PASSENGER CAR;;;NO;4975;2017-01-11;12:23 AM;2017-01-11T05:23:00+00:00;;2017;No;No;1;NONE;NONE,NONE;NONE,NONE;PASSENGER CAR,SPORT UTILITY;PASSENGER CAR,SPORT UTILITY,PASSENGER CAR;PASSENGER CAR,SPORT UTILITY,PASSENGER CAR;PASSENGER CAR,SPORT UTILITY,PASSENGER CAR
27605;0.1 MILES FROM SR 1615 (HIGH HOUSE RD);NO SPECIAL FEATURE;STRAIGHT,LEVEL;STATE SECONDARY ROUTE;TWO-WAY,NOT DIVIDED;SMOOTH ASPHALT;DRY;DAYLIGHT;CLEAR;NO CONTROL PRESENT;35.784051595;-78.81596219;-78.8135;35.7836;P065;114;0;0;1;;NONE;;NONE;;PASSENGER CAR;PASSENGER CAR;;;;NO;4986;2017-01-14;1:43:53 PM;2017-01-14T18:43:53+00:00;35.784051595, -78.81596219;2017;No;No;1;NONE;NONE,NONE;NONE,NONE;PASSENGER CAR,PASSENGER CAR;PASSENGER CAR,PASSENGER CAR;PASSENGER CAR,PASSENGER CAR;PASSENGER CAR,PASSENGER CAR
27610;100 FEET FROM SR 1313 (WALNUT ST);NO SPECIAL FEATURE;STRAIGHT,LEVEL;STATE SECONDARY ROUTE;TWO-WAY,DIVIDED,POSITIVE MEDIAN BARRIER;SMOOTH ASPHALT;DRY;DARK - LIGHTED ROADWAY;CLEAR;STOP AND GO SIGNAL;35.759037805;-78.7433454;-78.7426;35.759;P120;118;0;0;1;;;;NONE;;PASSENGER CAR;SPORT UTILITY;;;;NO;4991;2017-01-15;10:09 PM;2017-01-16T03:09:00+00:00;35.759037805, -78.7433454;2017;No;No;1;;NONE;NONE;PASSENGER CAR,SPORT UTILITY;PASSENGER CAR,SPORT UTILITY;PASSENGER CAR,SPORT UTILITY;PASSENGER CAR,SPORT UTILITY
27620;NEAR .1 MILES N OF N NC 55 HWY;NO SPECIAL FEATURE;STRAIGHT,LEVEL;NC ROUTE;TWO-WAY,DIVIDED,UNPROTECTED MEDIAN;CONCRETE;DRY;DAYLIGHT;CLEAR;NO CONTROL PRESENT;35.829488892;-78.87707378;-78.87462;35.824562;P082;119;0;0;;;NONE;;NONE;;PASSENGER CAR;PASSENGER CAR;;;;NO;5001;2017-01-13;3:25:18 PM;2017-01-13T20:25:18+00:00;35.829488892, -78.87707378;2017;No;No;1;NONE;NONE,NONE;NONE,NONE;PASSENGER CAR,PASSENGER CAR;PASSENGER CAR,PASSENGER CAR;PASSENGER CAR,PASSENGER CAR;PASSENGER CAR,PASSENGER CAR
27630;CARY;FOUR-WAY INTERSECTION;STRAIGHT,LEVEL;NC ROUTE;TWO-WAY,NOT DIVIDED;SMOOTH ASPHALT;DRY;DAYLIGHT;CLEAR;STOP AND GO SIGNAL;35.794748281;-78.7508248;-78.7508;35.7947;;;0;0;;;NONE;;NONE;;VAN;SPORT UTILITY;;;;NO;5011;2017-01-16;1:12:23 PM;2017-01-16T18:12:23+00:00;35.794748281, -78.7508248;2017;No;No;1;NONE;NONE,NONE;NONE,NONE;VAN,SPORT UTILITY;VAN,SPORT UTILITY;VAN,SPORT UTILITY;VAN,SPORT UTILITY
27636;250 FEET FROM PVA 575 NEW WAVERLY PL;NO SPECIAL FEATURE;STRAIGHT,LEVEL;PUBLIC VEHICULAR AREA;TWO-WAY,NOT DIVIDED;SMOOTH ASPHALT;DRY;DAYLIGHT;CLEAR;NO CONTROL PRESENT;;;-78.7776;35.7373;;;0;0;;;NONE;;NONE;;PASSENGER CAR;SPORT UTILITY;;;;NO;5017;2017-01-14;12:13 PM;2017-01-14T17:13:00+00:00;;2017;No;No;1;NONE;NONE,NONE;NONE,NONE;PASSENGER CAR,SPORT UTILITY;PASSENGER CAR,SPORT UTILITY;PASSENGER CAR,SPORT UTILITY;PASSENGER CAR,SPORT UTILITY
27638;150 FEET FROM SR1625  (O`KELLY CHAPEL RD);FOUR-WAY INTERSECTION;STRAIGHT,LEVEL;STATE SECONDARY ROUTE;TWO-WAY,DIVIDED,UNPROTECTED MEDIAN;SMOOTH ASPHALT;WET;DARK - LIGHTED ROADWAY;CLOUDY;STOP AND GO SIGNAL;;;-78.8992;35.8422;;;0;0;;;;;COMING FROM BEHIND PARKED VEHICLE;;SPORT UTILITY;PASSENGER CAR;SPORT UTILITY;;;NO;5019;2017-01-11;6:04:51 PM;2017-01-11T23:04:51+00:00;;2017;No;No;1;;COMING FROM BEHIND PARKED VEHICLE;COMING FROM BEHIND PARKED VEHICLE;SPORT UTILITY,PASSENGER CAR;SPORT UTILITY,PASSENGER CAR,SPORT UTILITY;SPORT UTILITY,PASSENGER CAR,SPORT UTILITY;SPORT UTILITY,PASSENGER CAR,SPORT UTILITY