tamainid;location_description;rdfeature;rdcharacter;rdclass;rdconfigur;rdsurface;rdcondition;lightcond;weather;trafcontrl;lat;lon;lon2;lat2;tract;zone;fatality;possblinj;numpassengers;numpedestrians;contrcir1_desc;contrcir2_desc;contrcir3_desc;contrcir4_desc;vehicle1;vehicle2;vehicle3;vehicle4;vehicle5;workarea;records;ta_date;ta_time;crash_date;geo_location;year;fatalities;injuries;month;contrfact1;contrfact2;contributing_factor;vehicleconcat1;vehicleconcat2;vehicleconcat3;vehicle_type
27639;10 FEET FROM PVA 1219 BUCK JONES RD;DRIVEWAY, PUBLIC;STRAIGHT,LEVEL;PUBLIC VEHICULAR AREA;TWO-WAY,NOT DIVIDED;SMOOTH ASPHALT;DRY;DAYLIGHT;CLEAR;NO CONTROL PRESENT;;;-78.740474;35.767558;;112;0;0;;;;;;;PASSENGER CAR;;;;;NO;5020;2017-01-13;3:45:26 PM;2017-01-13T20:45:26+00:00;;2017;No;No;1;;;;PASSENGER CAR;PASSENGER CAR;PASSENGER CAR;PASSENGER CAR
27640;100 FEET FROM SR 1300 (KILDAIRE FARM RD);NO SPECIAL FEATURE;STRAIGHT,LEVEL;STATE SECONDARY ROUTE;TWO-WAY,DIVIDED,UNPROTECTED MEDIAN;SMOOTH ASPHALT;OTHER *;DUSK;SLEET, HAIL, FREEZING RAIN/DRIZZLE;NO CONTROL PRESENT;;;-78.781958;35.769069;;115;0;0;;;NONE;;NONE;;SPORT UTILITY;SPORT UTILITY;;;;NO;5021;2017-01-06;12:01 AM;2017-01-06T05:01:00+00:00;;2017;No;No;1;NONE;NONE,NONE;NONE,NONE;SPORT UTILITY,SPORT UTILITY;SPORT UTILITY,SPORT UTILITY;SPORT UTILITY,SPORT UTILITY;SPORT UTILITY,SPORT UTILITY
27641;0.15 MILES FROM BUCK JONES RD;NO SPECIAL FEATURE;STRAIGHT,LEVEL;LOCAL STREET;TWO-WAY,DIVIDED,UNPROTECTED MEDIAN;SMOOTH ASPHALT;DRY;DARK - LIGHTED ROADWAY;CLEAR;NO CONTROL PRESENT;35.767659152;-78.74094236;-78.7422;35.7657;P083;112;0;0;;;NONE;;NONE;;PICKUP;PASSENGER CAR;;;;NO;5022;2017-01-15;10:28 AM;2017-01-15T15:28:00+00:00;35.767659152, -78.74094236;2017;No;No;1;NONE;NONE,NONE;NONE,NONE;PICKUP,PASSENGER CAR;PICKUP,PASSENGER CAR;PICKUP,PASSENGER CAR;PICKUP,PASSENGER CAR
27651;214 FEET FROM I40 EXIT 287 RAMP WB;OFF-RAMP PROPER;STRAIGHT,GRADE;INTERSTATE;ONE-WAY,NOT DIVIDED;SMOOTH ASPHALT;WET;DARK - ROADWAY NOT LIGHTED;CLOUDY;NO CONTROL PRESENT;35.830605159;-78.76637365;-78.76208;35.831694;P029;111;0;0;;;;;NONE;;PASSENGER CAR;PASSENGER CAR;;;;NO;5032;2017-01-17;6:47:12 PM;2017-01-17T23:47:12+00:00;35.830605159, -78.76637365;2017;No;No;1;;NONE;NONE;PASSENGER CAR,PASSENGER CAR;PASSENGER CAR,PASSENGER CAR;PASSENGER CAR,PASSENGER CAR;PASSENGER CAR,PASSENGER CAR
27660;50 FEET FROM MERRIWOOD DR;NO SPECIAL FEATURE;STRAIGHT,LEVEL;PUBLIC VEHICULAR AREA;TWO-WAY,NOT DIVIDED;COARSE ASPHALT;DRY;DARK - ROADWAY NOT LIGHTED;CLEAR;NO CONTROL PRESENT;35.780789976;-78.76306422;-78.763192;35.781139;P057;120;0;0;;;NONE;;NONE;;PICKUP;PASSENGER CAR;;;;NO;5041;2017-01-12;6:30:59 PM;2017-01-12T23:30:59+00:00;35.780789976, -78.76306422;2017;No;No;1;NONE;NONE,NONE;NONE,NONE;PICKUP,PASSENGER CAR;PICKUP,PASSENGER CAR;PICKUP,PASSENGER CAR;PICKUP,PASSENGER CAR
27667;150 FEET FROM PVA CARY NAILS (1369 SE MAYNAR;DRIVEWAY, PUBLIC;STRAIGHT,LEVEL;PUBLIC VEHICULAR AREA;TWO-WAY,NOT DIVIDED;SMOOTH ASPHALT;DRY;DAYLIGHT;CLEAR;NO CONTROL PRESENT;;;-78.7642;35.7884;;;0;0;;;NONE;;NONE;;PASSENGER CAR;PASSENGER CAR;;;;NO;5048;2017-01-18;12:39 PM;2017-01-18T17:39:00+00:00;;2017;No;No;1;NONE;NONE,NONE;NONE,NONE;PASSENGER CAR,PASSENGER CAR;PASSENGER CAR,PASSENGER CAR;PASSENGER CAR,PASSENGER CAR;PASSENGER CAR,PASSENGER CAR
27668;200 FEET FROM P.V.A. (1943 HIGH HOUSE RD);DRIVEWAY, PUBLIC;STRAIGHT,LEVEL;PUBLIC VEHICULAR AREA;TWO-WAY,NOT DIVIDED;SMOOTH ASPHALT;DRY;DAYLIGHT;CLEAR;NO CONTROL PRESENT;35.95005598;-78.54115733;-78.8492;35.7894;;117;0;0;1;;NONE;;NONE;;PASSENGER CAR;PASSENGER CAR;;;;NO;5049;2017-01-18;3:04:22 PM;2017-01-18T20:04:22+00:00;35.95005598, -78.54115733;2017;No;No;1;NONE;NONE,NONE;NONE,NONE;PASSENGER CAR,PASSENGER CAR;PASSENGER CAR,PASSENGER CAR;PASSENGER CAR,PASSENGER CAR;PASSENGER CAR,PASSENGER CAR
27674;100 FEET FROM ALLENHURST PL;NO SPECIAL FEATURE;STRAIGHT,LEVEL;LOCAL STREET;ONE-WAY,NOT DIVIDED;SMOOTH ASPHALT;DRY;DAYLIGHT;CLEAR;NO CONTROL PRESENT;35.695603546;-78.8005927;-78.7985;35.69;P048;116;0;0;;;NONE;;NONE;;PASSENGER CAR;VAN;;;;NO;5055;2017-01-18;12:38 PM;2017-01-18T17:38:00+00:00;35.695603546, -78.8005927;2017;No;No;1;NONE;NONE,NONE;NONE,NONE;PASSENGER CAR,VAN;PASSENGER CAR,VAN;PASSENGER CAR,VAN;PASSENGER CAR,VAN
27679;50 FEET FROM SR 1747 NW MAYNARD RD;NO SPECIAL FEATURE;STRAIGHT,LEVEL;STATE SECONDARY ROUTE;TWO-WAY,DIVIDED,POSITIVE MEDIAN BARRIER;SMOOTH ASPHALT;DRY;DAYLIGHT;CLEAR;NO CONTROL PRESENT;;;-78.795962;35.799088;;;0;0;;;NONE;;NONE;;PASSENGER CAR;;;;;NO;5060;2017-01-19;9:43:13 AM;2017-01-19T14:43:13+00:00;;2017;No;No;1;NONE;NONE,NONE;NONE,NONE;PASSENGER CAR;PASSENGER CAR;PASSENGER CAR;PASSENGER CAR
27683;.2 MILES FROM SR 1300 (KILDAIRE FARM RD);NO SPECIAL FEATURE;STRAIGHT,LEVEL;STATE SECONDARY ROUTE;TWO-WAY,NOT DIVIDED;SMOOTH ASPHALT;DRY;DARK - LIGHTED ROADWAY;CLEAR;NO CONTROL PRESENT;;;-78.783438;35.764563;;112;0;0;;;;;NONE;;PASSENGER CAR;PASSENGER CAR;;;;NO;5064;2017-01-18;12:00 AM;2017-01-18T05:00:00+00:00;;2017;No;No;1;;NONE;NONE;PASSENGER CAR,PASSENGER CAR;PASSENGER CAR,PASSENGER CAR;PASSENGER CAR,PASSENGER CAR;PASSENGER CAR,PASSENGER CAR
27685;50 FEET FROM SR 3977 (SE CARY PARKWAY);NO SPECIAL FEATURE;STRAIGHT,LEVEL;STATE SECONDARY ROUTE;TWO-WAY,DIVIDED,UNPROTECTED MEDIAN;SMOOTH ASPHALT;DRY;DARK - LIGHTED ROADWAY;CLEAR;STOP AND GO SIGNAL;;;-78.762917;35.74394;;118;0;2;1;;;;NONE;;PASSENGER CAR;SPORT UTILITY;;;;NO;5066;2017-01-19;7:44:28 PM;2017-01-20T00:44:28+00:00;;2017;No;Yes;1;;NONE;NONE;PASSENGER CAR,SPORT UTILITY;PASSENGER CAR,SPORT UTILITY;PASSENGER CAR,SPORT UTILITY;PASSENGER CAR,SPORT UTILITY
27701;CARY;;;;;;;;;;;;;;;;0;0;;;;;;;;;;;;;5082;2017-01-20;3:35:55 PM;2017-01-20T20:35:55+00:00;;2017;No;No;1;;;;;;;
27704;50 FEET FROM PVA OF 2010 KILDAIRE FARM RD;DRIVEWAY, PUBLIC;STRAIGHT,LEVEL;PUBLIC VEHICULAR AREA;TWO-WAY,NOT DIVIDED;SMOOTH ASPHALT;WET;DAYLIGHT;CLOUDY;NO CONTROL PRESENT;35.737272111;-78.78216601;-78.7822;35.7377;P053;116;0;0;;;NONE;;NONE;;PASSENGER CAR;PASSENGER CAR;;;;NO;5085;2017-01-20;11:16 AM;2017-01-20T16:16:00+00:00;35.737272111, -78.78216601;2017;No;No;1;NONE;NONE,NONE;NONE,NONE;PASSENGER CAR,PASSENGER CAR;PASSENGER CAR,PASSENGER CAR;PASSENGER CAR,PASSENGER CAR;PASSENGER CAR,PASSENGER CAR
27706;.1 MILES FROM SR 1497 (CARY TOWNE BLVD);NO SPECIAL FEATURE;STRAIGHT,LEVEL;STATE SECONDARY ROUTE;TWO-WAY,DIVIDED,UNPROTECTED MEDIAN;SMOOTH ASPHALT;WET;DARK - LIGHTED ROADWAY;CLOUDY;NO CONTROL PRESENT;35.775859896;-78.76296279;-78.7622;35.776;P061;120;0;0;;;NONE;;NONE;;PASSENGER CAR;;;;;NO;5087;2017-01-21;2:41:50 AM;2017-01-21T07:41:50+00:00;35.775859896, -78.76296279;2017;No;No;1;NONE;NONE,NONE;NONE,NONE;PASSENGER CAR;PASSENGER CAR;PASSENGER CAR;PASSENGER CAR
27719;300 FEET FROM (PVA) 1105 WALNUT ST;DRIVEWAY, PUBLIC;STRAIGHT,LEVEL;PUBLIC VEHICULAR AREA;TWO-WAY,NOT DIVIDED;SMOOTH ASPHALT;WET;DAYLIGHT;CLOUDY;NO CONTROL PRESENT;35.77385099;-78.75931174;-78.7598;35.7726;;;0;0;1;;NONE;;NONE;;VAN;VAN;;;;NO;5100;2017-01-20;1:07:33 PM;2017-01-20T18:07:33+00:00;35.77385099, -78.75931174;2017;No;No;1;NONE;NONE,NONE;NONE,NONE;VAN,VAN;VAN,VAN;VAN,VAN;VAN,VAN
27730;CARY;;;;;;;;;;;;;;;;0;0;;;;;;;;;;;;;5111;2016-12-04;12:00 AM;2016-12-04T05:00:00+00:00;;2016;No;No;12;;;;;;;
27739;.1 MILES FROM SR 1653 (EVANS RD);NO SPECIAL FEATURE;CURVE,GRADE;STATE SECONDARY ROUTE;TWO-WAY,NOT DIVIDED;SMOOTH ASPHALT;DRY;DARK - LIGHTED ROADWAY;CLEAR;NO CONTROL PRESENT;;;-78.8026;35.8179;;;0;0;;;;;NONE;;SPORT UTILITY;PICKUP;;;;NO;5120;2017-01-20;1:41:27 AM;2017-01-20T06:41:27+00:00;;2017;No;No;1;;NONE;NONE;SPORT UTILITY,PICKUP;SPORT UTILITY,PICKUP;SPORT UTILITY,PICKUP;SPORT UTILITY,PICKUP
27747;.5 MILES FROM US1;NO SPECIAL FEATURE;STRAIGHT,LEVEL;US ROUTE;TWO-WAY,DIVIDED,POSITIVE MEDIAN BARRIER;SMOOTH ASPHALT;DRY;DAWN;CLEAR;NO CONTROL PRESENT;;;-78.813;35.7266;;116;0;0;1;;NONE;;NONE;;PASSENGER CAR;;;;;NO;5128;2017-01-25;4:39:37 AM;2017-01-25T09:39:37+00:00;;2017;No;No;1;NONE;NONE,NONE;NONE,NONE;PASSENGER CAR;PASSENGER CAR;PASSENGER CAR;PASSENGER CAR
27770;CARY;T-INTERSECTION;STRAIGHT,LEVEL;STATE SECONDARY ROUTE;TWO-WAY,DIVIDED,UNPROTECTED MEDIAN;COARSE ASPHALT;DRY;DAYLIGHT;CLEAR;NO CONTROL PRESENT;35.786068439;-78.84836584;-78.83;35.76;P018;117;0;0;1;;NONE;;NONE;;PICKUP;PASSENGER CAR;;;;CONSTRUCTION WORK AREA;5151;2017-01-26;4:25:06 PM;2017-01-26T21:25:06+00:00;35.786068439, -78.84836584;2017;No;No;1;NONE;NONE,NONE;NONE,NONE;PICKUP,PASSENGER CAR;PICKUP,PASSENGER CAR;PICKUP,PASSENGER CAR;PICKUP,PASSENGER CAR
27772;CARY;FOUR-WAY INTERSECTION;STRAIGHT,LEVEL;STATE SECONDARY ROUTE;TWO-WAY,NOT DIVIDED;COARSE ASPHALT;DRY;DARK - LIGHTED ROADWAY;CLEAR;FLASHING STOP AND GO SIGNAL;35.786068439;-78.84836584;-78.82;35.76;P018;117;0;0;;;NONE;;NONE;;SPORT UTILITY;PASSENGER CAR;;;;NO;5153;2017-01-26;3:11:10 PM;2017-01-26T20:11:10+00:00;35.786068439, -78.84836584;2017;No;No;1;NONE;NONE,NONE;NONE,NONE;SPORT UTILITY,PASSENGER CAR;SPORT UTILITY,PASSENGER CAR;SPORT UTILITY,PASSENGER CAR;SPORT UTILITY,PASSENGER CAR
27778;400 FEET FROM MILLS PARK DR;NO SPECIAL FEATURE;STRAIGHT,LEVEL;LOCAL STREET;TWO-WAY,NOT DIVIDED;SMOOTH ASPHALT;DRY;DAYLIGHT;CLEAR;NO CONTROL PRESENT;35.812655369;-78.90338008;-78.901316;35.81289;P015;122;0;0;;;NONE;;NONE;;PASSENGER CAR;PASSENGER CAR;;;;NO;5159;2017-01-25;8:47:31 AM;2017-01-25T13:47:31+00:00;35.812655369, -78.90338008;2017;No;No;1;NONE;NONE,NONE;NONE,NONE;PASSENGER CAR,PASSENGER CAR;PASSENGER CAR,PASSENGER CAR;PASSENGER CAR,PASSENGER CAR;PASSENGER CAR,PASSENGER CAR
27779;439 FEET FROM SR 1010 (TEN TEN RD);NO SPECIAL FEATURE;STRAIGHT,LEVEL;STATE SECONDARY ROUTE;TWO-WAY,DIVIDED,UNPROTECTED MEDIAN;SMOOTH ASPHALT;DRY;DAYLIGHT;CLEAR;NO CONTROL PRESENT;;;-78.78626;35.701692;;;0;1;;;NONE;;NONE;;PASSENGER CAR;;;;;NO;5160;2017-01-26;12:19 PM;2017-01-26T17:19:00+00:00;;2017;No;Yes;1;NONE;NONE,NONE;NONE,NONE;PASSENGER CAR;PASSENGER CAR;PASSENGER CAR;PASSENGER CAR
27781;300 FEET FROM 1273 NW MAYNARD RD (PVA);NO SPECIAL FEATURE;STRAIGHT,LEVEL;PUBLIC VEHICULAR AREA;TWO-WAY,NOT DIVIDED;SMOOTH ASPHALT;DRY;DAYLIGHT;CLEAR;NO CONTROL PRESENT;35.785510081;-78.81214547;-78.8116;35.7852;P065;114;0;0;;;;;NONE;;PASSENGER CAR;PASSENGER CAR;;;;NO;5162;2017-01-28;4:14:54 PM;2017-01-28T21:14:54+00:00;35.785510081, -78.81214547;2017;No;No;1;;NONE;NONE;PASSENGER CAR,PASSENGER CAR;PASSENGER CAR,PASSENGER CAR;PASSENGER CAR,PASSENGER CAR;PASSENGER CAR,PASSENGER CAR
27785;.10 MILES FROM PVA 6770 MCCRIMMON PKWY;NO SPECIAL FEATURE;STRAIGHT,LEVEL;PUBLIC VEHICULAR AREA;TWO-WAY,NOT DIVIDED;SMOOTH ASPHALT;DRY;DAYLIGHT;CLEAR;NO CONTROL PRESENT;;;-78.891376;35.830327;;;0;0;1;;NONE;;NONE;;PASSENGER CAR;PASSENGER CAR;;;;NO;5166;2017-01-25;1:05:20 PM;2017-01-25T18:05:20+00:00;;2017;No;No;1;NONE;NONE,NONE;NONE,NONE;PASSENGER CAR,PASSENGER CAR;PASSENGER CAR,PASSENGER CAR;PASSENGER CAR,PASSENGER CAR;PASSENGER CAR,PASSENGER CAR
27787;80 FEET FROM PVA AT 1130 BUCK JONES RD;NO SPECIAL FEATURE;STRAIGHT,LEVEL;PUBLIC VEHICULAR AREA;TWO-WAY,NOT DIVIDED;SMOOTH ASPHALT;DRY;DAYLIGHT;CLEAR;NO CONTROL PRESENT;;;-78.74135;35.768411;;;0;0;1;;;;NONE;;PASSENGER CAR;PASSENGER CAR;;;;NO;5168;2017-01-26;4:16:48 PM;2017-01-26T21:16:48+00:00;;2017;No;No;1;;NONE;NONE;PASSENGER CAR,PASSENGER CAR;PASSENGER CAR,PASSENGER CAR;PASSENGER CAR,PASSENGER CAR;PASSENGER CAR,PASSENGER CAR
27790;0 FEET FROM NC 54 HWY (NW MAYNARD RD);FOUR-WAY INTERSECTION;STRAIGHT,LEVEL;NC ROUTE;TWO-WAY,DIVIDED,UNPROTECTED MEDIAN;SMOOTH ASPHALT;DRY;DAYLIGHT;CLEAR;STOP AND GO SIGNAL;35.747067054;-78.89224565;-78.7961;35.7988;P092;WAKE;0;0;;;;;NONE;;PASSENGER CAR;PASSENGER CAR;;;;NO;5171;2017-01-28;10:48 AM;2017-01-28T15:48:00+00:00;35.747067054, -78.89224565;2017;No;No;1;;NONE;NONE;PASSENGER CAR,PASSENGER CAR;PASSENGER CAR,PASSENGER CAR;PASSENGER CAR,PASSENGER CAR;PASSENGER CAR,PASSENGER CAR
27794;400 FEET FROM PVA 1330 OLD APEX RD;NO SPECIAL FEATURE;STRAIGHT,LEVEL;PUBLIC VEHICULAR AREA;TWO-WAY,NOT DIVIDED;SMOOTH ASPHALT;DRY;DARK - LIGHTED ROADWAY;CLEAR;NO CONTROL PRESENT;;;-78.809;35.7764;;;0;0;2;;NONE;;NONE;;PICKUP;PASSENGER CAR;;;;NO;5175;2017-01-28;9:06:36 PM;2017-01-29T02:06:36+00:00;;2017;No;No;1;NONE;NONE,NONE;NONE,NONE;PICKUP,PASSENGER CAR;PICKUP,PASSENGER CAR;PICKUP,PASSENGER CAR;PICKUP,PASSENGER CAR
27795;CARY;T-INTERSECTION;STRAIGHT,LEVEL;LOCAL STREET;TWO-WAY,DIVIDED,UNPROTECTED MEDIAN;SMOOTH ASPHALT;DRY;DAYLIGHT;CLEAR;STOP SIGN;35.81330866;-78.86179272;-78.861844;35.813259;P069;121;0;0;;;;;NONE;;SPORT UTILITY;PASSENGER CAR;;;;NO;5176;2017-01-28;8:16:30 AM;2017-01-28T13:16:30+00:00;35.81330866, -78.86179272;2017;No;No;1;;NONE;NONE;SPORT UTILITY,PASSENGER CAR;SPORT UTILITY,PASSENGER CAR;SPORT UTILITY,PASSENGER CAR;SPORT UTILITY,PASSENGER CAR
27797;CARY;FOUR-WAY INTERSECTION;STRAIGHT,LEVEL;STATE SECONDARY ROUTE;TWO-WAY,DIVIDED,POSITIVE MEDIAN BARRIER;SMOOTH ASPHALT;DRY;DAYLIGHT;CLOUDY;STOP AND GO SIGNAL;;;-78.764214;35.77614;;;0;0;;;NONE;;NONE;;PASSENGER CAR;SPORT UTILITY;;;;NO;5178;2017-01-29;1:24:27 PM;2017-01-29T18:24:27+00:00;;2017;No;No;1;NONE;NONE,NONE;NONE,NONE;PASSENGER CAR,SPORT UTILITY;PASSENGER CAR,SPORT UTILITY;PASSENGER CAR,SPORT UTILITY;PASSENGER CAR,SPORT UTILITY
27801;.1 MILES FROM S.R. 1315 (BUCK JONES RD);NO SPECIAL FEATURE;STRAIGHT,HILLCREST;STATE SECONDARY ROUTE;TWO-WAY,NOT DIVIDED;SMOOTH ASPHALT;DRY;DARK - LIGHTED ROADWAY;CLEAR;NO CONTROL PRESENT;;;-78.7432;35.7649;;;0;2;5;;NONE;;NONE;;SPORT UTILITY;PASSENGER CAR;PICKUP;;;NO;5182;2017-01-28;7:20:08 PM;2017-01-29T00:20:08+00:00;;2017;No;Yes;1;NONE;NONE,NONE;NONE,NONE;SPORT UTILITY,PASSENGER CAR;SPORT UTILITY,PASSENGER CAR,PICKUP;SPORT UTILITY,PASSENGER CAR,PICKUP;SPORT UTILITY,PASSENGER CAR,PICKUP
27805;.28 MILES FROM US 1 N;NO SPECIAL FEATURE;STRAIGHT,LEVEL;US ROUTE;TWO-WAY,DIVIDED,POSITIVE MEDIAN BARRIER;GROOVED CONCRETE;DRY;DAYLIGHT;CLEAR;NO CONTROL PRESENT;;;-78.749615;35.759622;;;0;0;;;;;NONE;;PASSENGER CAR;PICKUP;;;;NO;5186;2017-01-26;5:13:09 PM;2017-01-26T22:13:09+00:00;;2017;No;No;1;;NONE;NONE;PASSENGER CAR,PICKUP;PASSENGER CAR,PICKUP;PASSENGER CAR,PICKUP;PASSENGER CAR,PICKUP
27818;300 FEET FROM SR 1652 (N HARRISON AVE);NO SPECIAL FEATURE;STRAIGHT,LEVEL;STATE SECONDARY ROUTE;TWO-WAY,DIVIDED,UNPROTECTED MEDIAN;SMOOTH ASPHALT;DRY;DAYLIGHT;CLEAR;NO CONTROL PRESENT;35.829708141;-78.76851424;-78.7687;35.8296;P029;111;0;0;;;;;NONE;;SINGLE UNIT TRUCK (2-AXLE- 6-TIRE);PASSENGER CAR;;;;NO;5199;2017-01-31;9:20:26 AM;2017-01-31T14:20:26+00:00;35.829708141, -78.76851424;2017;No;No;1;;NONE;NONE;SINGLE UNIT TRUCK (2-AXLE- 6-TIRE),PASSENGER CAR;SINGLE UNIT TRUCK (2-AXLE- 6-TIRE),PASSENGER CAR;SINGLE UNIT TRUCK (2-AXLE- 6-TIRE),PASSENGER CAR;SINGLE UNIT TRUCK (2-AXLE- 6-TIRE),PASSENGER CAR
27819;0 FEET FROM SR 3011 (JENKS CARPENTER RD);NO SPECIAL FEATURE;STRAIGHT,LEVEL;STATE SECONDARY ROUTE;TWO-WAY,NOT DIVIDED;SMOOTH ASPHALT;DRY;DAYLIGHT;CLEAR;STOP SIGN;35.773559197;-78.86096305;-78.8609;35.7737;P071;117;0;0;7;;;;NONE;;VAN;VAN;;;;NO;5200;2017-01-31;8:32:43 AM;2017-01-31T13:32:43+00:00;35.773559197, -78.86096305;2017;No;No;1;;NONE;NONE;VAN,VAN;VAN,VAN;VAN,VAN;VAN,VAN
27821;350 FEET FROM N.C. 54 (NW MAYNARD RD);;;;;;;;;;;;;;;;0;0;;;;;;;;;;;;;5202;2017-01-04;12:21 AM;2017-01-04T05:21:00+00:00;;2017;No;No;1;;;;;;;
27824;.25 MILES FROM PVA 419 CROSSROADS BLVD;NO SPECIAL FEATURE;STRAIGHT,LEVEL;PUBLIC VEHICULAR AREA;TWO-WAY,NOT DIVIDED;SMOOTH ASPHALT;DRY;DAYLIGHT;CLOUDY;NO CONTROL PRESENT;;;-78.736;35.7611;;;0;0;1;;NONE;;NONE;;PASSENGER CAR;PASSENGER CAR;;;;NO;5204;2017-01-31;2:44:14 PM;2017-01-31T19:44:14+00:00;;2017;No;No;1;NONE;NONE,NONE;NONE,NONE;PASSENGER CAR,PASSENGER CAR;PASSENGER CAR,PASSENGER CAR;PASSENGER CAR,PASSENGER CAR;PASSENGER CAR,PASSENGER CAR
27828;200 FEET FROM P.V.A. (120 WILKINSON AV);NO SPECIAL FEATURE;STRAIGHT,LEVEL;PUBLIC VEHICULAR AREA;TWO-WAY,NOT DIVIDED;SMOOTH ASPHALT;DRY;DAYLIGHT;CLEAR;NO CONTROL PRESENT;35.789741928;-78.77963612;-78.7792;35.7897;P060;113;0;0;;;;;NONE;;;SPORT UTILITY;;;;NO;5208;2017-02-01;8:41:12 AM;2017-02-01T13:41:12+00:00;35.789741928, -78.77963612;2017;No;No;2;;NONE;NONE;SPORT UTILITY;SPORT UTILITY;SPORT UTILITY;SPORT UTILITY
27830;463 FEET FROM P.V.A. TOC PUBLIC WORKS (400 J;NO SPECIAL FEATURE;STRAIGHT,LEVEL;PUBLIC VEHICULAR AREA;ONE-WAY,NOT DIVIDED;SMOOTH ASPHALT;DRY;DAYLIGHT;CLOUDY;NO CONTROL PRESENT;;;-78.8069;35.7972;;;0;0;;;NONE;;NONE;;SINGLE UNIT TRUCK (2-AXLE- 6-TIRE);SINGLE UNIT TRUCK (2-AXLE- 6-TIRE);;;;NO;5210;2017-02-01;7:54:09 AM;2017-02-01T12:54:09+00:00;;2017;No;No;2;NONE;NONE,NONE;NONE,NONE;SINGLE UNIT TRUCK (2-AXLE- 6-TIRE),SINGLE UNIT TRUCK (2-AXLE- 6-TIRE);SINGLE UNIT TRUCK (2-AXLE- 6-TIRE),SINGLE UNIT TRUCK (2-AXLE- 6-TIRE);SINGLE UNIT TRUCK (2-AXLE- 6-TIRE),SINGLE UNIT TRUCK (2-AXLE- 6-TIRE);SINGLE UNIT TRUCK (2-AXLE- 6-TIRE),SINGLE UNIT TRUCK (2-AXLE- 6-TIRE)
27834;433 FEET FROM SR 1613 DAVIS DR;NO SPECIAL FEATURE;STRAIGHT,LEVEL;STATE SECONDARY ROUTE;TWO-WAY,DIVIDED,UNPROTECTED MEDIAN;SMOOTH ASPHALT;DRY;DARK - LIGHTED ROADWAY;CLEAR;NO CONTROL PRESENT;35.78968338;-78.77898216;-78.846344;35.774809;P060;113;0;0;;;NONE;;NONE;;PASSENGER CAR;;;;;NO;5214;2017-02-01;1:31:34 AM;2017-02-01T06:31:34+00:00;35.78968338, -78.77898216;2017;No;No;2;NONE;NONE,NONE;NONE,NONE;PASSENGER CAR;PASSENGER CAR;PASSENGER CAR;PASSENGER CAR
27836;0 FEET FROM SR 1010 (TEN TEN RD);NO SPECIAL FEATURE;STRAIGHT,LEVEL;STATE SECONDARY ROUTE;TWO-WAY,NOT DIVIDED;SMOOTH ASPHALT;DRY;DAYLIGHT;CLEAR;STOP AND GO SIGNAL;;;-78.7944;35.7031;;;0;0;;;;;NONE;;SPORT UTILITY;PASSENGER CAR;;;;NO;5216;2017-02-01;3:43:38 PM;2017-02-01T20:43:38+00:00;;2017;No;No;2;;NONE;NONE;SPORT UTILITY,PASSENGER CAR;SPORT UTILITY,PASSENGER CAR;SPORT UTILITY,PASSENGER CAR;SPORT UTILITY,PASSENGER CAR
27842;CARY;NO SPECIAL FEATURE;STRAIGHT,LEVEL;STATE SECONDARY ROUTE;TWO-WAY,NOT DIVIDED;SMOOTH ASPHALT;DRY;DUSK;CLEAR;NO CONTROL PRESENT;;;-78.7428;35.7405;;;0;1;;;;;NONE;;PICKUP;;;;;NO;5222;2017-02-01;6:32:37 AM;2017-02-01T11:32:37+00:00;;2017;No;Yes;2;;NONE;NONE;PICKUP;PICKUP;PICKUP;PICKUP
27848;270 FEET FROM PVA ( 1370 NW MAYNARD RD );TUNNEL;STRAIGHT,LEVEL;PUBLIC VEHICULAR AREA;ONE-WAY,NOT DIVIDED;SMOOTH ASPHALT;WET;DAYLIGHT;CLOUDY;STOP AND GO SIGNAL;35.787126424;-78.80920827;-78.8094;35.7874;P065;114;0;0;;;NONE;;NONE;;SPORT UTILITY;PASSENGER CAR;;;;NO;5228;2017-02-02;3:01:20 PM;2017-02-02T20:01:20+00:00;35.787126424, -78.80920827;2017;No;No;2;NONE;NONE,NONE;NONE,NONE;SPORT UTILITY,PASSENGER CAR;SPORT UTILITY,PASSENGER CAR;SPORT UTILITY,PASSENGER CAR;SPORT UTILITY,PASSENGER CAR
27851;392 FEET FROM NC 54 HWY (NE MAYNARD RD);RELATED TO INTERSECTION;STRAIGHT,LEVEL;NC ROUTE;TWO-WAY,DIVIDED,UNPROTECTED MEDIAN;SMOOTH ASPHALT;DRY;DAYLIGHT;CLOUDY;STOP AND GO SIGNAL;;;-78.78283;35.802727;;;0;0;;;NONE;;NONE;;PASSENGER CAR;PASSENGER CAR;;;;NO;5231;2017-02-03;1:45:00 PM;2017-02-03T18:45:00+00:00;;2017;No;No;2;NONE;NONE,NONE;NONE,NONE;PASSENGER CAR,PASSENGER CAR;PASSENGER CAR,PASSENGER CAR;PASSENGER CAR,PASSENGER CAR;PASSENGER CAR,PASSENGER CAR
27857;.10 MILES FROM SR 1315 (BUCK JONES RD);NO SPECIAL FEATURE;STRAIGHT,LEVEL;STATE SECONDARY ROUTE;TWO-WAY,NOT DIVIDED;COARSE ASPHALT;DRY;DARK - LIGHTED ROADWAY;CLEAR;NO CONTROL PRESENT;;;-78.7426;35.7657;;;0;0;;;NONE;;NONE;;SPORT UTILITY;PASSENGER CAR;;;;NO;5237;2017-02-04;11:13 PM;2017-02-05T04:13:00+00:00;;2017;No;No;2;NONE;NONE,NONE;NONE,NONE;SPORT UTILITY,PASSENGER CAR;SPORT UTILITY,PASSENGER CAR;SPORT UTILITY,PASSENGER CAR;SPORT UTILITY,PASSENGER CAR