tamainid;location_description;rdfeature;rdcharacter;rdclass;rdconfigur;rdsurface;rdcondition;lightcond;weather;trafcontrl;lat;lon;lon2;lat2;tract;zone;fatality;possblinj;numpassengers;numpedestrians;contrcir1_desc;contrcir2_desc;contrcir3_desc;contrcir4_desc;vehicle1;vehicle2;vehicle3;vehicle4;vehicle5;workarea;records;ta_date;ta_time;crash_date;geo_location;year;fatalities;injuries;month;contrfact1;contrfact2;contributing_factor;vehicleconcat1;vehicleconcat2;vehicleconcat3;vehicle_type
27862;.1 MILES FROM SR 1313 WALNUT ST;ON-RAMP ENTRY;CURVE,GRADE;STATE SECONDARY ROUTE;ONE-WAY,NOT DIVIDED;SMOOTH ASPHALT;DRY;DAYLIGHT;CLEAR;YIELD SIGN;35.76190718;-78.74480216;-78.745;35.7605;P083;112;0;0;2;;;;NONE;;PASSENGER CAR;SPORT UTILITY;;;;NO;5242;2017-02-04;1:25:55 PM;2017-02-04T18:25:55+00:00;35.76190718, -78.74480216;2017;No;No;2;;NONE;NONE;PASSENGER CAR,SPORT UTILITY;PASSENGER CAR,SPORT UTILITY;PASSENGER CAR,SPORT UTILITY;PASSENGER CAR,SPORT UTILITY
27873;100 FEET FROM SR 1623 (INDIAN WELLS RD);NO SPECIAL FEATURE;STRAIGHT,LEVEL;STATE SECONDARY ROUTE;TWO-WAY,NOT DIVIDED;SMOOTH ASPHALT;DRY;DAYLIGHT;CLEAR;STOP AND GO SIGNAL;;;-78.874142;35.820345;;122;0;0;2;;NONE;;NONE;;PASSENGER CAR;VAN;;;;NO;5253;2017-02-03;4:21:41 PM;2017-02-03T21:21:41+00:00;;2017;No;No;2;NONE;NONE,NONE;NONE,NONE;PASSENGER CAR,VAN;PASSENGER CAR,VAN;PASSENGER CAR,VAN;PASSENGER CAR,VAN
27875;CARY;T-INTERSECTION;STRAIGHT,LEVEL;LOCAL STREET;TWO-WAY,NOT DIVIDED;SMOOTH ASPHALT;WET;DAWN;CLOUDY;STOP SIGN;35.872524954;-78.81611127;-78.8158;35.872;P088;111;0;2;;;NONE;;NONE;;PASSENGER CAR;PICKUP;;;;NO;5255;2017-02-03;12:00 PM;2017-02-03T17:00:00+00:00;35.872524954, -78.81611127;2017;No;Yes;2;NONE;NONE,NONE;NONE,NONE;PASSENGER CAR,PICKUP;PASSENGER CAR,PICKUP;PASSENGER CAR,PICKUP;PASSENGER CAR,PICKUP
27876;.1 MILES FROM P.V.A. OF 1105 WALNUT ST;NO SPECIAL FEATURE;STRAIGHT,LEVEL;PUBLIC VEHICULAR AREA;TWO-WAY,NOT DIVIDED;COARSE ASPHALT;DRY;DAYLIGHT;CLEAR;NO CONTROL PRESENT;;;-78.759592;35.772521;;120;0;1;3;;NONE;;NONE;;PASSENGER CAR;VAN;;;;NO;5256;2017-02-02;1:27:27 PM;2017-02-02T18:27:27+00:00;;2017;No;Yes;2;NONE;NONE,NONE;NONE,NONE;PASSENGER CAR,VAN;PASSENGER CAR,VAN;PASSENGER CAR,VAN;PASSENGER CAR,VAN
27885;.5 MILES FROM US 1 SOUTH;NO SPECIAL FEATURE;STRAIGHT,LEVEL;US ROUTE;ONE-WAY,NOT DIVIDED;COARSE ASPHALT;WET;DARK - LIGHTED ROADWAY;RAIN;NO CONTROL PRESENT;35.760212065;-78.78200313;-78.751173;35.759205;P027;112;0;1;1;;NONE;;NONE;;PASSENGER CAR;PICKUP;PASSENGER CAR;;;NO;5265;2017-02-03;8:56:30 PM;2017-02-04T01:56:30+00:00;35.760212065, -78.78200313;2017;No;Yes;2;NONE;NONE,NONE;NONE,NONE;PASSENGER CAR,PICKUP;PASSENGER CAR,PICKUP,PASSENGER CAR;PASSENGER CAR,PICKUP,PASSENGER CAR;PASSENGER CAR,PICKUP,PASSENGER CAR
27886;.1 MILES FROM PVA 6051 TRYON RD;NO SPECIAL FEATURE;STRAIGHT,LEVEL;PUBLIC VEHICULAR AREA;TWO-WAY,NOT DIVIDED;SMOOTH ASPHALT;DRY;DAYLIGHT;CLEAR;NO CONTROL PRESENT;;;-78.7417;35.7434;;;0;0;;;;;NONE;;PASSENGER CAR;PASSENGER CAR;;;;NO;5266;2017-02-05;11:33 AM;2017-02-05T16:33:00+00:00;;2017;No;No;2;;NONE;NONE;PASSENGER CAR,PASSENGER CAR;PASSENGER CAR,PASSENGER CAR;PASSENGER CAR,PASSENGER CAR;PASSENGER CAR,PASSENGER CAR
27890;.25 MILES FROM SR 1415 (SE MAYNARD RD);NO SPECIAL FEATURE;STRAIGHT,LEVEL;STATE SECONDARY ROUTE;TWO-WAY,DIVIDED,UNPROTECTED MEDIAN;SMOOTH ASPHALT;DRY;DAYLIGHT;CLEAR;NO CONTROL PRESENT;;;-78.763705;35.782427;;;0;0;8;;NONE;;NONE;;VAN;PASSENGER CAR;PICKUP;;;NO;5270;2017-01-30;4:30:59 PM;2017-01-30T21:30:59+00:00;;2017;No;No;1;NONE;NONE,NONE;NONE,NONE;VAN,PASSENGER CAR;VAN,PASSENGER CAR,PICKUP;VAN,PASSENGER CAR,PICKUP;VAN,PASSENGER CAR,PICKUP
27892;CARY;RELATED TO INTERSECTION;STRAIGHT,LEVEL;LOCAL STREET;TWO-WAY,DIVIDED,UNPROTECTED MEDIAN;SMOOTH ASPHALT;DRY;DARK - LIGHTED ROADWAY;CLEAR;STOP AND GO SIGNAL;;;-78.767634;35.801512;;113;0;0;;;NONE;;NONE;;PASSENGER CAR;PASSENGER CAR;;;;NO;5272;2017-02-06;1:31:32 AM;2017-02-06T06:31:32+00:00;;2017;No;No;2;NONE;NONE,NONE;NONE,NONE;PASSENGER CAR,PASSENGER CAR;PASSENGER CAR,PASSENGER CAR;PASSENGER CAR,PASSENGER CAR;PASSENGER CAR,PASSENGER CAR
27896;0 FEET FROM SR 3073 (NW MAYNARD);FOUR-WAY INTERSECTION;STRAIGHT,HILLCREST;STATE SECONDARY ROUTE;TWO-WAY,DIVIDED,POSITIVE MEDIAN BARRIER;SMOOTH ASPHALT;DRY;DAYLIGHT;CLEAR;STOP AND GO SIGNAL;35.783445237;-78.8100017;-78.81;35.7834;P065;114;0;0;1;;;;NONE;;PASSENGER CAR;PASSENGER CAR;;;;NO;5276;2017-02-06;3:52:45 PM;2017-02-06T20:52:45+00:00;35.783445237, -78.8100017;2017;No;No;2;;NONE;NONE;PASSENGER CAR,PASSENGER CAR;PASSENGER CAR,PASSENGER CAR;PASSENGER CAR,PASSENGER CAR;PASSENGER CAR,PASSENGER CAR
27900;0 FEET FROM SR 1313 WALNUT ST;T-INTERSECTION;STRAIGHT,LEVEL;STATE SECONDARY ROUTE;TWO-WAY,NOT DIVIDED;SMOOTH ASPHALT;DRY;DARK - LIGHTED ROADWAY;CLEAR;STOP AND GO SIGNAL;35.762730691;-78.74570839;-78.745718;35.763028;P083;112;0;0;;;NONE;;NONE;;SPORT UTILITY;MOPED;;;;NO;5280;2017-02-02;11:54 PM;2017-02-03T04:54:00+00:00;35.762730691, -78.74570839;2017;No;No;2;NONE;NONE,NONE;NONE,NONE;SPORT UTILITY,MOPED;SPORT UTILITY,MOPED;SPORT UTILITY,MOPED;SPORT UTILITY,MOPED
27901;CARY;FOUR-WAY INTERSECTION;STRAIGHT,LEVEL;STATE SECONDARY ROUTE;TWO-WAY,NOT DIVIDED;SMOOTH ASPHALT;DRY;DAYLIGHT;CLEAR;STOP AND GO SIGNAL;;;-78.7786;35.7874;;;0;0;;;NONE;;NONE;;PICKUP;PASSENGER CAR;;;;NO;5281;2017-02-06;5:32:58 PM;2017-02-06T22:32:58+00:00;;2017;No;No;2;NONE;NONE,NONE;NONE,NONE;PICKUP,PASSENGER CAR;PICKUP,PASSENGER CAR;PICKUP,PASSENGER CAR;PICKUP,PASSENGER CAR
27906;10 FEET FROM HARLON DR;NO SPECIAL FEATURE;STRAIGHT,LEVEL;LOCAL STREET;TWO-WAY,NOT DIVIDED;SMOOTH ASPHALT;DRY;DAYLIGHT;CLEAR;STOP SIGN;35.767374046;-78.7466288;-78.746674;35.767411;P083;112;0;0;;;;;NONE;;SPORT UTILITY;PASSENGER CAR;;;;NO;5286;2017-02-06;9:38:30 AM;2017-02-06T14:38:30+00:00;35.767374046, -78.7466288;2017;No;No;2;;NONE;NONE;SPORT UTILITY,PASSENGER CAR;SPORT UTILITY,PASSENGER CAR;SPORT UTILITY,PASSENGER CAR;SPORT UTILITY,PASSENGER CAR
27909;175 FEET FROM SR-4067 (REGENCY PKWY);NO SPECIAL FEATURE;STRAIGHT,GRADE;STATE SECONDARY ROUTE;TWO-WAY,DIVIDED,UNPROTECTED MEDIAN;SMOOTH ASPHALT;DRY;DARK - LIGHTED ROADWAY;CLEAR;YIELD SIGN;;;-78.7892;35.7349;;;0;0;;;;;NONE;;SPORT UTILITY;PICKUP;;;;NO;5289;2017-02-06;5:56:58 PM;2017-02-06T22:56:58+00:00;;2017;No;No;2;;NONE;NONE;SPORT UTILITY,PICKUP;SPORT UTILITY,PICKUP;SPORT UTILITY,PICKUP;SPORT UTILITY,PICKUP
27911;250 FEET FROM SR 1623 (INDIAN WELLS RD);NO SPECIAL FEATURE;STRAIGHT,LEVEL;STATE SECONDARY ROUTE;TWO-WAY,NOT DIVIDED;SMOOTH ASPHALT;DRY;DAYLIGHT;CLEAR;STOP AND GO SIGNAL;;;-78.873992;35.820369;;122;0;0;1;;NONE;;NONE;;VAN;;;;;NO;5291;2017-02-07;1:37:35 PM;2017-02-07T18:37:35+00:00;;2017;No;No;2;NONE;NONE,NONE;NONE,NONE;VAN;VAN;VAN;VAN
27912;50 FEET FROM SR 1415 (SE MAYNARD RD);NO SPECIAL FEATURE;STRAIGHT,LEVEL;STATE SECONDARY ROUTE;TWO-WAY,DIVIDED,UNPROTECTED MEDIAN;SMOOTH ASPHALT;DRY;DAYLIGHT;CLEAR;STOP AND GO SIGNAL;35.780649297;-78.76569738;-78.7642;35.7808;P058;120;0;0;;;;;NONE;;PASSENGER CAR;PASSENGER CAR;;;;NO;5292;2017-02-07;2:31:16 PM;2017-02-07T19:31:16+00:00;35.780649297, -78.76569738;2017;No;No;2;;NONE;NONE;PASSENGER CAR,PASSENGER CAR;PASSENGER CAR,PASSENGER CAR;PASSENGER CAR,PASSENGER CAR;PASSENGER CAR,PASSENGER CAR
27917;100 FEET FROM TRYON RD(SR#1370);NO SPECIAL FEATURE;STRAIGHT,LEVEL;STATE SECONDARY ROUTE;TWO-WAY,DIVIDED,UNPROTECTED MEDIAN;SMOOTH ASPHALT;DRY;DAYLIGHT;CLEAR;STOP AND GO SIGNAL;35.740426749;-78.77949535;-78.7778;35.7408;P044;115;0;0;1;;NONE;;NONE;;SPORT UTILITY;SPORT UTILITY;;;;NO;5297;2017-02-07;4:44:33 PM;2017-02-07T21:44:33+00:00;35.740426749, -78.77949535;2017;No;No;2;NONE;NONE,NONE;NONE,NONE;SPORT UTILITY,SPORT UTILITY;SPORT UTILITY,SPORT UTILITY;SPORT UTILITY,SPORT UTILITY;SPORT UTILITY,SPORT UTILITY
27921;0 FEET FROM P.V.A. 2080 KILDAIRE FARM RM;NO SPECIAL FEATURE;STRAIGHT,LEVEL;PUBLIC VEHICULAR AREA;TWO-WAY,NOT DIVIDED;SMOOTH ASPHALT;DRY;DAYLIGHT;CLEAR;NO CONTROL PRESENT;35.735538569;-78.78065434;-78.7794;35.7357;P053;116;0;0;1;;;;NONE;;PASSENGER CAR;SPORT UTILITY;;;;NO;5301;2017-02-07;1:17:13 PM;2017-02-07T18:17:13+00:00;35.735538569, -78.78065434;2017;No;No;2;;NONE;NONE;PASSENGER CAR,SPORT UTILITY;PASSENGER CAR,SPORT UTILITY;PASSENGER CAR,SPORT UTILITY;PASSENGER CAR,SPORT UTILITY
27922;10 FEET FROM P.V.A. 1301 KILDAIRE FARM RD;NO SPECIAL FEATURE;STRAIGHT,LEVEL;PUBLIC VEHICULAR AREA;TWO-WAY,NOT DIVIDED;SMOOTH ASPHALT;DRY;DAYLIGHT;CLEAR;NO CONTROL PRESENT;;;-78.8647;35.8187;;;0;1;;;;;NONE;;PICKUP;;;;;NO;5302;2017-02-07;9:38:03 AM;2017-02-07T14:38:03+00:00;;2017;No;Yes;2;;NONE;NONE;PICKUP;PICKUP;PICKUP;PICKUP
27924;100 FEET FROM PVA OF 4980 CARY GLEN BLVD;FOUR-WAY INTERSECTION;STRAIGHT,HILLCREST;PUBLIC VEHICULAR AREA;TWO-WAY,NOT DIVIDED;SMOOTH ASPHALT;DRY;DARK - LIGHTED ROADWAY;CLEAR;NO CONTROL PRESENT;35.822461505;-78.9016105;-78.9013;35.8192;P016;119;0;0;1;;NONE;;NONE;;PASSENGER CAR;PASSENGER CAR;;;;NO;5304;2017-02-07;7:20:39 PM;2017-02-08T00:20:39+00:00;35.822461505, -78.9016105;2017;No;No;2;NONE;NONE,NONE;NONE,NONE;PASSENGER CAR,PASSENGER CAR;PASSENGER CAR,PASSENGER CAR;PASSENGER CAR,PASSENGER CAR;PASSENGER CAR,PASSENGER CAR
27928;CARY;FOUR-WAY INTERSECTION;STRAIGHT,LEVEL;NC ROUTE;TWO-WAY,DIVIDED,UNPROTECTED MEDIAN;COARSE ASPHALT;DRY;DARK - LIGHTED ROADWAY;CLEAR;FLASHING STOP AND GO SIGNAL;;;-78.744243;35.745839;;;0;0;;;NONE;;NONE;;SPORT UTILITY;SPORT UTILITY;;;;NO;5307;2017-02-08;9:30:01 PM;2017-02-09T02:30:01+00:00;;2017;No;No;2;NONE;NONE,NONE;NONE,NONE;SPORT UTILITY,SPORT UTILITY;SPORT UTILITY,SPORT UTILITY;SPORT UTILITY,SPORT UTILITY;SPORT UTILITY,SPORT UTILITY
27930;CARY;T-INTERSECTION;STRAIGHT,LEVEL;STATE SECONDARY ROUTE;TWO-WAY,NOT DIVIDED;SMOOTH ASPHALT;DRY;DAYLIGHT;CLEAR;STOP AND GO SIGNAL;;;-78.7804;35.7824;;;0;0;1;;NONE;;NONE;;SINGLE UNIT TRUCK (2-AXLE- 6-TIRE);PASSENGER CAR;;;;NO;5308;2017-02-08;10:54 AM;2017-02-08T15:54:00+00:00;;2017;No;No;2;NONE;NONE,NONE;NONE,NONE;SINGLE UNIT TRUCK (2-AXLE- 6-TIRE),PASSENGER CAR;SINGLE UNIT TRUCK (2-AXLE- 6-TIRE),PASSENGER CAR;SINGLE UNIT TRUCK (2-AXLE- 6-TIRE),PASSENGER CAR;SINGLE UNIT TRUCK (2-AXLE- 6-TIRE),PASSENGER CAR
27932;15 FEET FROM SR 1747 (NW MAYNARD);RELATED TO INTERSECTION;STRAIGHT,LEVEL;STATE SECONDARY ROUTE;TWO-WAY,DIVIDED,UNPROTECTED MEDIAN;SMOOTH ASPHALT;WET;DAWN;CLEAR;STOP AND GO SIGNAL;35.814698128;-78.79388325;-78.7959;35.7987;P024;111;0;0;;;NONE;;NONE;;PICKUP;SPORT UTILITY;;;;NO;5310;2017-02-09;7:32:08 AM;2017-02-09T12:32:08+00:00;35.814698128, -78.79388325;2017;No;No;2;NONE;NONE,NONE;NONE,NONE;PICKUP,SPORT UTILITY;PICKUP,SPORT UTILITY;PICKUP,SPORT UTILITY;PICKUP,SPORT UTILITY
27939;0 FEET FROM P.V.A. 2000 REGENCY PKWY;NO SPECIAL FEATURE;STRAIGHT,LEVEL;PUBLIC VEHICULAR AREA;TWO-WAY,NOT DIVIDED;SMOOTH ASPHALT;DRY;DAYLIGHT;CLEAR;NO CONTROL PRESENT;35.734950904;-78.79015822;-78.7905;35.7342;P043;116;0;0;;;;;NONE;;;PASSENGER CAR;;;;NO;5316;2017-02-09;2:51:14 PM;2017-02-09T19:51:14+00:00;35.734950904, -78.79015822;2017;No;No;2;;NONE;NONE;PASSENGER CAR;PASSENGER CAR;PASSENGER CAR;PASSENGER CAR
27946;.7 MILES FROM NC 55 HWY;NO SPECIAL FEATURE;STRAIGHT,LEVEL;NC ROUTE;TWO-WAY,DIVIDED,UNPROTECTED MEDIAN;CONCRETE;DRY;DAYLIGHT;CLEAR;STOP AND GO SIGNAL;35.830697747;-78.87814852;-78.88501;35.838969;P091;WAKE;0;0;1;;NONE;;NONE;;UNKNOWN HEAVY TRUCK;PASSENGER CAR;;;;NO;5323;2017-02-09;1:14:28 PM;2017-02-09T18:14:28+00:00;35.830697747, -78.87814852;2017;No;No;2;NONE;NONE,NONE;NONE,NONE;UNKNOWN HEAVY TRUCK,PASSENGER CAR;UNKNOWN HEAVY TRUCK,PASSENGER CAR;UNKNOWN HEAVY TRUCK,PASSENGER CAR;UNKNOWN HEAVY TRUCK,PASSENGER CAR
27949;75 FEET FROM P.P. 1126 MANCHESTER DR;DRIVEWAY, PRIVATE;STRAIGHT,GRADE;PRIVATE ROAD,DRIVEWAY;TWO-WAY,NOT DIVIDED;CONCRETE;DRY;DAYLIGHT;SEVERE CROSSWINDS;NO CONTROL PRESENT;;;-78.752663;35.77098;;;0;0;;;;;NONE;;PASSENGER CAR;;;;;NO;5326;2017-02-09;12:00 AM;2017-02-09T05:00:00+00:00;;2017;No;No;2;;NONE;NONE;PASSENGER CAR;PASSENGER CAR;PASSENGER CAR;PASSENGER CAR
27957;CARY;RELATED TO INTERSECTION;STRAIGHT,LEVEL;STATE SECONDARY ROUTE;TWO-WAY,DIVIDED,UNPROTECTED MEDIAN;SMOOTH ASPHALT;DRY;DARK - LIGHTED ROADWAY;CLOUDY;STOP AND GO SIGNAL;;;-78.848;35.8136;;;0;0;1;;NONE;;NONE;;PASSENGER CAR;PASSENGER CAR;;;;NO;5334;2017-02-09;7:50:12 PM;2017-02-10T00:50:12+00:00;;2017;No;No;2;NONE;NONE,NONE;NONE,NONE;PASSENGER CAR,PASSENGER CAR;PASSENGER CAR,PASSENGER CAR;PASSENGER CAR,PASSENGER CAR;PASSENGER CAR,PASSENGER CAR
27959;.20 MILES FROM SR 1624 (CARPENTER FIRE STATIO;NO SPECIAL FEATURE;STRAIGHT,LEVEL;STATE SECONDARY ROUTE;TWO-WAY,NOT DIVIDED;SMOOTH ASPHALT;DRY;DUSK;CLEAR;STOP SIGN;;;-78.8714;35.8221;;;0;0;2;;NONE;;NONE;;PASSENGER CAR;SPORT UTILITY;;;;NO;5336;2017-02-08;5:48:16 PM;2017-02-08T22:48:16+00:00;;2017;No;No;2;NONE;NONE,NONE;NONE,NONE;PASSENGER CAR,SPORT UTILITY;PASSENGER CAR,SPORT UTILITY;PASSENGER CAR,SPORT UTILITY;PASSENGER CAR,SPORT UTILITY
27967;80 FEET FROM 2001 HOSPITALITY CT;NO SPECIAL FEATURE;STRAIGHT,LEVEL;PUBLIC VEHICULAR AREA;TWO-WAY,NOT DIVIDED;SMOOTH ASPHALT;DRY;UNKNOWN;CLEAR;NO CONTROL PRESENT;35.85719755;-78.81433521;-78.814277;35.857293;P020;111;0;0;;;NONE;;NONE;;UNKNOWN;PICKUP;;;;NO;5344;2017-02-11;5:51:42 PM;2017-02-11T22:51:42+00:00;35.85719755, -78.81433521;2017;No;No;2;NONE;NONE,NONE;NONE,NONE;UNKNOWN,PICKUP;UNKNOWN,PICKUP;UNKNOWN,PICKUP;UNKNOWN,PICKUP
27968;100 FEET FROM US 64 HWY;NO SPECIAL FEATURE;STRAIGHT,LEVEL;US ROUTE;TWO-WAY,DIVIDED,UNPROTECTED MEDIAN;SMOOTH ASPHALT;DRY;DAYLIGHT;CLEAR;NO CONTROL PRESENT;35.738948319;-78.79830398;-78.7977;35.7386;P041;116;0;0;;;NONE;;NONE;;SPORT UTILITY;VAN;;;;NO;5345;2017-02-09;3:48:48 PM;2017-02-09T20:48:48+00:00;35.738948319, -78.79830398;2017;No;No;2;NONE;NONE,NONE;NONE,NONE;SPORT UTILITY,VAN;SPORT UTILITY,VAN;SPORT UTILITY,VAN;SPORT UTILITY,VAN
27971;50 FEET FROM PVA 832 SR 1011 (E CHATHAM ST);NO SPECIAL FEATURE;STRAIGHT,LEVEL;PUBLIC VEHICULAR AREA;TWO-WAY,NOT DIVIDED;SMOOTH ASPHALT;DRY;DAYLIGHT;CLEAR;NO CONTROL PRESENT;;;-78.7607;35.7914;;;0;0;;;;;NONE;;SPORT UTILITY;PASSENGER CAR;;;;NO;5348;2017-02-10;5:39:15 PM;2017-02-10T22:39:15+00:00;;2017;No;No;2;;NONE;NONE;SPORT UTILITY,PASSENGER CAR;SPORT UTILITY,PASSENGER CAR;SPORT UTILITY,PASSENGER CAR;SPORT UTILITY,PASSENGER CAR
27981;100 FEET FROM (PVA) 801 SE MAYNARD RD;NO SPECIAL FEATURE;STRAIGHT,LEVEL;PUBLIC VEHICULAR AREA;TWO-WAY,NOT DIVIDED;SMOOTH ASPHALT;DRY;DAYLIGHT;CLEAR;NO CONTROL PRESENT;35.773229584;-78.76467379;-78.764214;35.773377;;;0;0;;;NONE;;NONE;;PASSENGER CAR;SPORT UTILITY;;;;NO;5358;2017-02-13;1:12:10 PM;2017-02-13T18:12:10+00:00;35.773229584, -78.76467379;2017;No;No;2;NONE;NONE,NONE;NONE,NONE;PASSENGER CAR,SPORT UTILITY;PASSENGER CAR,SPORT UTILITY;PASSENGER CAR,SPORT UTILITY;PASSENGER CAR,SPORT UTILITY
27983;.10 MILES FROM WESTON PKWY (600 BLOCK);NO SPECIAL FEATURE;STRAIGHT,LEVEL;LOCAL STREET;TWO-WAY,DIVIDED,POSITIVE MEDIAN BARRIER;SMOOTH ASPHALT;DRY;DAYLIGHT;CLEAR;NO CONTROL PRESENT;35.829452464;-78.77169578;-78.7717;35.8289;P029;111;0;0;;;NONE;;NONE;;PICKUP;;;;;NO;5360;2017-02-13;3:42:59 PM;2017-02-13T20:42:59+00:00;35.829452464, -78.77169578;2017;No;No;2;NONE;NONE,NONE;NONE,NONE;PICKUP;PICKUP;PICKUP;PICKUP
27985;1 MILES FROM US1;NO SPECIAL FEATURE;STRAIGHT,LEVEL;US ROUTE;TWO-WAY,DIVIDED,POSITIVE MEDIAN BARRIER;SMOOTH ASPHALT;DRY;DAYLIGHT;CLEAR;NO CONTROL PRESENT;35.736779439;-78.78759801;-78.7963;35.7355;P042;115;0;1;;;NONE;;NONE;;PASSENGER CAR;PASSENGER CAR;PASSENGER CAR;;;NO;5362;2017-02-13;4:21:00 PM;2017-02-13T21:21:00+00:00;35.736779439, -78.78759801;2017;No;Yes;2;NONE;NONE,NONE;NONE,NONE;PASSENGER CAR,PASSENGER CAR;PASSENGER CAR,PASSENGER CAR,PASSENGER CAR;PASSENGER CAR,PASSENGER CAR,PASSENGER CAR;PASSENGER CAR,PASSENGER CAR,PASSENGER CAR
27993;75 FEET FROM CHAPEL HILL RD;NO SPECIAL FEATURE;STRAIGHT,LEVEL;STATE SECONDARY ROUTE;TWO-WAY,DIVIDED,UNPROTECTED MEDIAN;SMOOTH ASPHALT;DRY;DAYLIGHT;CLEAR;NO CONTROL PRESENT;35.792208478;-78.78676918;-78.786383;35.792134;P025;111;0;1;;;NONE;;NONE;;PASSENGER CAR;PASSENGER CAR;;;;NO;5370;2017-02-11;4:51:30 PM;2017-02-11T21:51:30+00:00;35.792208478, -78.78676918;2017;No;Yes;2;NONE;NONE,NONE;NONE,NONE;PASSENGER CAR,PASSENGER CAR;PASSENGER CAR,PASSENGER CAR;PASSENGER CAR,PASSENGER CAR;PASSENGER CAR,PASSENGER CAR
27997;50 FEET FROM SR 3977 SW CARY PARKWAY;NO SPECIAL FEATURE;STRAIGHT,LEVEL;STATE SECONDARY ROUTE;TWO-WAY,DIVIDED,UNPROTECTED MEDIAN;SMOOTH ASPHALT;DRY;DAYLIGHT;CLEAR;NO CONTROL PRESENT;;;-78.783294;35.757789;;115;0;2;1;;;;NONE;;SPORT UTILITY;SPORT UTILITY;;;;NO;5374;2017-02-14;9:44:33 AM;2017-02-14T14:44:33+00:00;;2017;No;Yes;2;;NONE;NONE;SPORT UTILITY,SPORT UTILITY;SPORT UTILITY,SPORT UTILITY;SPORT UTILITY,SPORT UTILITY;SPORT UTILITY,SPORT UTILITY
27998;15 FEET FROM SR 1747 (NW MAYNARD);RELATED TO INTERSECTION;STRAIGHT,LEVEL;STATE SECONDARY ROUTE;TWO-WAY,DIVIDED,UNPROTECTED MEDIAN;SMOOTH ASPHALT;DRY;DAYLIGHT;CLEAR;STOP AND GO SIGNAL;;;-78.7956;35.7977;;111;0;0;;;NONE;;NONE;;PICKUP;SPORT UTILITY;;;;NO;5375;2017-02-14;1:04:18 PM;2017-02-14T18:04:18+00:00;;2017;No;No;2;NONE;NONE,NONE;NONE,NONE;PICKUP,SPORT UTILITY;PICKUP,SPORT UTILITY;PICKUP,SPORT UTILITY;PICKUP,SPORT UTILITY
28004;50 FEET FROM 3430 TEN TEN RD(PVA);NO SPECIAL FEATURE;STRAIGHT,LEVEL;PUBLIC VEHICULAR AREA;TWO-WAY,NOT DIVIDED;SMOOTH ASPHALT;DRY;DAYLIGHT;CLEAR;NO CONTROL PRESENT;35.703294147;-78.79430915;-78.793;35.7022;P052;116;0;0;;;NONE;;NONE;;PASSENGER CAR;SPORT UTILITY;;;;NO;5381;2017-02-14;3:46:55 PM;2017-02-14T20:46:55+00:00;35.703294147, -78.79430915;2017;No;No;2;NONE;NONE,NONE;NONE,NONE;PASSENGER CAR,SPORT UTILITY;PASSENGER CAR,SPORT UTILITY;PASSENGER CAR,SPORT UTILITY;PASSENGER CAR,SPORT UTILITY
28014;30 FEET FROM NC54 (CHAPEL HILL RD);NO SPECIAL FEATURE;STRAIGHT,LEVEL;NC ROUTE;TWO-WAY,DIVIDED,POSITIVE MEDIAN BARRIER;SMOOTH ASPHALT;DRY;DUSK;CLEAR;NO CONTROL PRESENT;;;-78.7636;35.7939;;;0;0;;;NONE;;NONE;;PASSENGER CAR;SPORT UTILITY;;;;NO;5391;2017-02-15;5:34:44 PM;2017-02-15T22:34:44+00:00;;2017;No;No;2;NONE;NONE,NONE;NONE,NONE;PASSENGER CAR,SPORT UTILITY;PASSENGER CAR,SPORT UTILITY;PASSENGER CAR,SPORT UTILITY;PASSENGER CAR,SPORT UTILITY
28015;85 FEET FROM SR 1313 (WALNUT ST);FOUR-WAY INTERSECTION;STRAIGHT,LEVEL;STATE SECONDARY ROUTE;TWO-WAY,DIVIDED,UNPROTECTED MEDIAN;SMOOTH ASPHALT;DRY;DAYLIGHT;CLEAR;STOP AND GO SIGNAL;;;-78.7406;35.7458;;;0;0;;;NONE;;NONE;;PASSENGER CAR;PASSENGER CAR;;;;NO;5392;2017-02-15;4:20:38 PM;2017-02-15T21:20:38+00:00;;2017;No;No;2;NONE;NONE,NONE;NONE,NONE;PASSENGER CAR,PASSENGER CAR;PASSENGER CAR,PASSENGER CAR;PASSENGER CAR,PASSENGER CAR;PASSENGER CAR,PASSENGER CAR
28019;10 FEET FROM SR1653 (EVANS RD);NO SPECIAL FEATURE;STRAIGHT,LEVEL;STATE SECONDARY ROUTE;TWO-WAY,DIVIDED,UNPROTECTED MEDIAN;SMOOTH ASPHALT;DRY;DARK - LIGHTED ROADWAY;CLEAR;NO CONTROL PRESENT;;;-78.800003;35.816131;;;0;0;;;NONE;;NONE;;PICKUP;PASSENGER CAR;;;;NO;5396;2017-02-14;7:41:00 PM;2017-02-15T00:41:00+00:00;;2017;No;No;2;NONE;NONE,NONE;NONE,NONE;PICKUP,PASSENGER CAR;PICKUP,PASSENGER CAR;PICKUP,PASSENGER CAR;PICKUP,PASSENGER CAR