tamainid;location_description;rdfeature;rdcharacter;rdclass;rdconfigur;rdsurface;rdcondition;lightcond;weather;trafcontrl;lat;lon;lon2;lat2;tract;zone;fatality;possblinj;numpassengers;numpedestrians;contrcir1_desc;contrcir2_desc;contrcir3_desc;contrcir4_desc;vehicle1;vehicle2;vehicle3;vehicle4;vehicle5;workarea;records;ta_date;ta_time;crash_date;geo_location;year;fatalities;injuries;month;contrfact1;contrfact2;contributing_factor;vehicleconcat1;vehicleconcat2;vehicleconcat3;vehicle_type
28837;50 FEET FROM HIGH HOUSE DR;NO SPECIAL FEATURE;STRAIGHT,LEVEL;LOCAL STREET;TWO-WAY,DIVIDED,UNPROTECTED MEDIAN;SMOOTH ASPHALT;DRY;DAYLIGHT;CLEAR;STOP AND GO SIGNAL;35.782801201;-78.90370233;-78.8464;35.7917;;121;0;0;;;NONE;;NONE;;PASSENGER CAR;SPORT UTILITY;;;;NO;6211;2017-04-21;3:06:46 PM;2017-04-21T19:06:46+00:00;35.782801201, -78.90370233;2017;No;No;4;NONE;NONE,NONE;NONE,NONE;PASSENGER CAR,SPORT UTILITY;PASSENGER CAR,SPORT UTILITY;PASSENGER CAR,SPORT UTILITY;PASSENGER CAR,SPORT UTILITY
28840;CARY;NO SPECIAL FEATURE;STRAIGHT,LEVEL;NC ROUTE;TWO-WAY,NOT DIVIDED;SMOOTH ASPHALT;DRY;DAYLIGHT;CLEAR;STOP AND GO SIGNAL;;;-78.7929;35.6976;;;0;0;;;NONE;;NONE;;PASSENGER CAR;PASSENGER CAR;;;;NO;6214;2017-04-21;6:09:02 PM;2017-04-21T22:09:02+00:00;;2017;No;No;4;NONE;NONE,NONE;NONE,NONE;PASSENGER CAR,PASSENGER CAR;PASSENGER CAR,PASSENGER CAR;PASSENGER CAR,PASSENGER CAR;PASSENGER CAR,PASSENGER CAR
28843;CARY;ON-RAMP ENTRY;STRAIGHT,LEVEL;STATE SECONDARY ROUTE;TWO-WAY,NOT DIVIDED;SMOOTH ASPHALT;WET;DAYLIGHT;RAIN;STOP AND GO SIGNAL;35.83150727;-78.76325125;-78.7645;35.8311;P029;111;0;0;3;;NONE;;NONE;;SPORT UTILITY;PASSENGER CAR;;;;NO;6217;2017-04-23;4:08:34 PM;2017-04-23T20:08:34+00:00;35.83150727, -78.76325125;2017;No;No;4;NONE;NONE,NONE;NONE,NONE;SPORT UTILITY,PASSENGER CAR;SPORT UTILITY,PASSENGER CAR;SPORT UTILITY,PASSENGER CAR;SPORT UTILITY,PASSENGER CAR
28844;200 FEET FROM P.V.A. (COLONIAL CHURCH);NO SPECIAL FEATURE;STRAIGHT,LEVEL;PUBLIC VEHICULAR AREA;TWO-WAY,NOT DIVIDED;SMOOTH ASPHALT;WET;DAYLIGHT;RAIN;NO CONTROL PRESENT;;;-78.7444;35.7434;;;0;0;;;NONE;;NONE;;UNKNOWN;PASSENGER CAR;;;;NO;6218;2017-04-23;3:26:13 PM;2017-04-23T19:26:13+00:00;;2017;No;No;4;NONE;NONE,NONE;NONE,NONE;UNKNOWN,PASSENGER CAR;UNKNOWN,PASSENGER CAR;UNKNOWN,PASSENGER CAR;UNKNOWN,PASSENGER CAR
28868;100 FEET FROM US 64 HWY;RELATED TO INTERSECTION;STRAIGHT,GRADE;US ROUTE;TWO-WAY,DIVIDED,UNPROTECTED MEDIAN;SMOOTH ASPHALT;DRY;DAYLIGHT;CLEAR;STOP AND GO SIGNAL;;;-78.7961;35.7383;;116;0;0;;;NONE;;NONE;;PASSENGER CAR;VAN;;;;NO;6242;2017-04-21;5:18:54 PM;2017-04-21T21:18:54+00:00;;2017;No;No;4;NONE;NONE,NONE;NONE,NONE;PASSENGER CAR,VAN;PASSENGER CAR,VAN;PASSENGER CAR,VAN;PASSENGER CAR,VAN
28873;10 FEET FROM RALPH DR;NO SPECIAL FEATURE;STRAIGHT,LEVEL;LOCAL STREET;TWO-WAY,NOT DIVIDED;COARSE ASPHALT;WATER (STANDING, MOVING);DAYLIGHT;CLOUDY;NO CONTROL PRESENT;35.776687189;-78.77333861;-78.7731;35.7768;P062;120;0;0;;;;;NONE;;PASSENGER CAR;PASSENGER CAR;;;;NO;6247;2017-04-25;2:31:13 PM;2017-04-25T18:31:13+00:00;35.776687189, -78.77333861;2017;No;No;4;;NONE;NONE;PASSENGER CAR,PASSENGER CAR;PASSENGER CAR,PASSENGER CAR;PASSENGER CAR,PASSENGER CAR;PASSENGER CAR,PASSENGER CAR
28881;.1 MILES FROM SR 3112 (NW CARY PKWY);NO SPECIAL FEATURE;STRAIGHT,GRADE;STATE SECONDARY ROUTE;TWO-WAY,DIVIDED,UNPROTECTED MEDIAN;SMOOTH ASPHALT;DRY;DAYLIGHT;CLOUDY;STOP AND GO SIGNAL;35.780158996;-78.86499367;-78.8273;35.7889;P013;117;0;0;;;NONE;;NONE;;PASSENGER CAR;PICKUP;PASSENGER CAR;PASSENGER CAR;;NO;6255;2017-04-25;4:15:55 PM;2017-04-25T20:15:55+00:00;35.780158996, -78.86499367;2017;No;No;4;NONE;NONE,NONE;NONE,NONE;PASSENGER CAR,PICKUP;PASSENGER CAR,PICKUP,PASSENGER CAR;PASSENGER CAR,PICKUP,PASSENGER CAR,PASSENGER CAR;PASSENGER CAR,PICKUP,PASSENGER CAR,PASSENGER CAR
28884;300 FEET FROM P.V.A. OF 2031 WALNUT ST;NO SPECIAL FEATURE;STRAIGHT,LEVEL;PUBLIC VEHICULAR AREA;TWO-WAY,NOT DIVIDED;COARSE ASPHALT;DRY;DAYLIGHT;CLEAR;NO CONTROL PRESENT;;;;;;;0;0;;;NONE;;NONE;;PICKUP;;;;;NO;6258;2017-04-25;12:18 PM;2017-04-25T16:18:00+00:00;;2017;No;No;4;NONE;NONE,NONE;NONE,NONE;PICKUP;PICKUP;PICKUP;PICKUP
28886;0 FEET FROM SR 1300 (KILDAIRE FARM RD);FOUR-WAY INTERSECTION;STRAIGHT,LEVEL;STATE SECONDARY ROUTE;TWO-WAY,DIVIDED,UNPROTECTED MEDIAN;SMOOTH ASPHALT;WATER (STANDING, MOVING);DAYLIGHT;RAIN;STOP AND GO SIGNAL;;;-78.783442;35.7651;;112;0;0;1;;NONE;;NONE;;PASSENGER CAR;PASSENGER CAR;;;;NO;6260;2017-04-25;1:22:20 PM;2017-04-25T17:22:20+00:00;;2017;No;No;4;NONE;NONE,NONE;NONE,NONE;PASSENGER CAR,PASSENGER CAR;PASSENGER CAR,PASSENGER CAR;PASSENGER CAR,PASSENGER CAR;PASSENGER CAR,PASSENGER CAR
28894;300 FEET FROM 1273 NW MAYNARD RD;NO SPECIAL FEATURE;STRAIGHT,LEVEL;PUBLIC VEHICULAR AREA;TWO-WAY,NOT DIVIDED;SMOOTH ASPHALT;DRY;DAYLIGHT;CLEAR;NO CONTROL PRESENT;35.786221565;-78.80988853;-78.8114;35.7852;P065;114;0;0;3;;;;NONE;;FIRETRUCK;;;;;NO;6268;2017-04-26;1:09:00 PM;2017-04-26T17:09:00+00:00;35.786221565, -78.80988853;2017;No;No;4;;NONE;NONE;FIRETRUCK;FIRETRUCK;FIRETRUCK;FIRETRUCK
28901;CARY;NO SPECIAL FEATURE;STRAIGHT,LEVEL;LOCAL STREET;TWO-WAY,DIVIDED,UNPROTECTED MEDIAN;SMOOTH ASPHALT;DRY;DAYLIGHT;CLEAR;NO CONTROL PRESENT;;;-78.7763;35.7394;;;0;0;;;NONE;;NONE;;SPORT UTILITY;PASSENGER CAR;;;;NO;6275;2017-04-27;8:02:55 AM;2017-04-27T12:02:55+00:00;;2017;No;No;4;NONE;NONE,NONE;NONE,NONE;SPORT UTILITY,PASSENGER CAR;SPORT UTILITY,PASSENGER CAR;SPORT UTILITY,PASSENGER CAR;SPORT UTILITY,PASSENGER CAR
28905;0 FEET FROM SR 1313 WALNUT ST;FOUR-WAY INTERSECTION;STRAIGHT,LEVEL;STATE SECONDARY ROUTE;TWO-WAY,NOT DIVIDED;SMOOTH ASPHALT;WET;DAYLIGHT;RAIN;STOP SIGN;;;-78.77849;35.782506;;;0;1;;;NONE;;NONE;;SPORT UTILITY;VAN;;;;NO;6279;2017-04-25;3:47:47 PM;2017-04-25T19:47:47+00:00;;2017;No;Yes;4;NONE;NONE,NONE;NONE,NONE;SPORT UTILITY,VAN;SPORT UTILITY,VAN;SPORT UTILITY,VAN;SPORT UTILITY,VAN
28910;.01 MILES FROM (PVA) 123 MIDDLE CREEK PARK AV;DRIVEWAY, PUBLIC;STRAIGHT,LEVEL;PUBLIC VEHICULAR AREA;TWO-WAY,NOT DIVIDED;SMOOTH ASPHALT;DRY;DAYLIGHT;CLEAR;NO CONTROL PRESENT;;;-78.7613;35.6681;;;0;0;;;NONE;;NONE;;SPORT UTILITY;PASSENGER CAR;;;;NO;6284;2017-04-25;8:43:24 AM;2017-04-25T12:43:24+00:00;;2017;No;No;4;NONE;NONE,NONE;NONE,NONE;SPORT UTILITY,PASSENGER CAR;SPORT UTILITY,PASSENGER CAR;SPORT UTILITY,PASSENGER CAR;SPORT UTILITY,PASSENGER CAR
28916;120 FEET FROM P.V.A. KROGER (1273 SR 3073);NO SPECIAL FEATURE;STRAIGHT,LEVEL;PUBLIC VEHICULAR AREA;TWO-WAY,NOT DIVIDED;SMOOTH ASPHALT;DRY;DAYLIGHT;CLEAR;NO CONTROL PRESENT;;;-78.8108;35.7855;;;0;0;2;;NONE;;NONE;;;;;;;NO;6290;2017-04-28;11:04 AM;2017-04-28T15:04:00+00:00;;2017;No;No;4;NONE;NONE,NONE;NONE,NONE;;;;
28923;CARY;;;;;;;;;;35.761279491;-78.75122574;;;P028;112;0;0;;;;;;;;;;;;;6297;2017-04-29;7:24:16 PM;2017-04-29T23:24:16+00:00;35.761279491, -78.75122574;2017;No;No;4;;;;;;;
28929;CARY;FOUR-WAY INTERSECTION;STRAIGHT,LEVEL;NC ROUTE;TWO-WAY,DIVIDED,UNPROTECTED MEDIAN;SMOOTH ASPHALT;DRY;DARK - LIGHTED ROADWAY;CLEAR;STOP AND GO SIGNAL;;;-78.8936;35.8609;;;0;1;;;NONE;;NONE;;PASSENGER CAR;PASSENGER CAR;;;;NO;6303;2017-04-29;5:23:52 AM;2017-04-29T09:23:52+00:00;;2017;No;Yes;4;NONE;NONE,NONE;NONE,NONE;PASSENGER CAR,PASSENGER CAR;PASSENGER CAR,PASSENGER CAR;PASSENGER CAR,PASSENGER CAR;PASSENGER CAR,PASSENGER CAR
28932;100 FEET FROM SAS CAMPUS DR;NO SPECIAL FEATURE;STRAIGHT,LEVEL;LOCAL STREET;TWO-WAY,DIVIDED,UNPROTECTED MEDIAN;SMOOTH ASPHALT;DRY;DARK - LIGHTED ROADWAY;CLEAR;NO CONTROL PRESENT;35.829418764;-78.76560619;-78.765029;35.828658;P029;111;0;2;4;;NONE;;NONE;;PASSENGER CAR;PASSENGER CAR;;;;NO;6306;2017-04-28;9:27:41 PM;2017-04-29T01:27:41+00:00;35.829418764, -78.76560619;2017;No;Yes;4;NONE;NONE,NONE;NONE,NONE;PASSENGER CAR,PASSENGER CAR;PASSENGER CAR,PASSENGER CAR;PASSENGER CAR,PASSENGER CAR;PASSENGER CAR,PASSENGER CAR
28937;.1 MILES FROM CRABTREE CROSSING PKWY;NO SPECIAL FEATURE;STRAIGHT,LEVEL;LOCAL STREET;TWO-WAY,DIVIDED,UNPROTECTED MEDIAN;SMOOTH ASPHALT;DRY;DAYLIGHT;CLEAR;NO CONTROL PRESENT;35.794288825;-78.82730066;-78.8244;35.7934;P067;121;0;0;;;NONE;;NONE;;PASSENGER CAR;SPORT UTILITY;SPORT UTILITY;;;NO;6311;2017-04-28;4:09:22 PM;2017-04-28T20:09:22+00:00;35.794288825, -78.82730066;2017;No;No;4;NONE;NONE,NONE;NONE,NONE;PASSENGER CAR,SPORT UTILITY;PASSENGER CAR,SPORT UTILITY,SPORT UTILITY;PASSENGER CAR,SPORT UTILITY,SPORT UTILITY;PASSENGER CAR,SPORT UTILITY,SPORT UTILITY
28940;CARY;;;;;;;;;;;;;;;;0;0;;;;;;;SPORT UTILITY;;;;;;6314;2017-04-23;12:00 AM;2017-04-23T04:00:00+00:00;;2017;No;No;4;;;;SPORT UTILITY;SPORT UTILITY;SPORT UTILITY;SPORT UTILITY
28944;.22 MILES FROM US 1;NO SPECIAL FEATURE;STRAIGHT,LEVEL;US ROUTE;TWO-WAY,DIVIDED,POSITIVE MEDIAN BARRIER;SMOOTH ASPHALT;DRY;DAYLIGHT;CLEAR;NO CONTROL PRESENT;;;-78.7414;35.7636;;;0;0;;;NONE;;NONE;;SPORT UTILITY;PASSENGER CAR;;;;NO;6318;2017-04-29;2:53:36 PM;2017-04-29T18:53:36+00:00;;2017;No;No;4;NONE;NONE,NONE;NONE,NONE;SPORT UTILITY,PASSENGER CAR;SPORT UTILITY,PASSENGER CAR;SPORT UTILITY,PASSENGER CAR;SPORT UTILITY,PASSENGER CAR
28945;CARY;RELATED TO INTERSECTION;STRAIGHT,HILLCREST;STATE SECONDARY ROUTE;TWO-WAY,DIVIDED,UNPROTECTED MEDIAN;SMOOTH ASPHALT;DRY;DAWN;CLEAR;STOP AND GO SIGNAL;;;-78.763366;35.795194;;113;0;1;;;NONE;;NONE;;PASSENGER CAR;PASSENGER CAR;;;;NO;6319;2017-04-29;2:29:06 PM;2017-04-29T18:29:06+00:00;;2017;No;Yes;4;NONE;NONE,NONE;NONE,NONE;PASSENGER CAR,PASSENGER CAR;PASSENGER CAR,PASSENGER CAR;PASSENGER CAR,PASSENGER CAR;PASSENGER CAR,PASSENGER CAR
28952;.07 MILES FROM SR-3081 (CHAPEL HILL RD);NO SPECIAL FEATURE;STRAIGHT,LEVEL;LOCAL STREET;TWO-WAY,NOT DIVIDED;SMOOTH ASPHALT;DRY;DAYLIGHT;CLEAR;STOP AND GO SIGNAL;35.792096004;-78.78600151;-78.7844;35.7917;P025;111;0;0;;;NONE;;NONE;;;PASSENGER CAR;PASSENGER CAR;;;NO;6326;2017-04-30;5:24:01 PM;2017-04-30T21:24:01+00:00;35.792096004, -78.78600151;2017;No;No;4;NONE;NONE,NONE;NONE,NONE;PASSENGER CAR;PASSENGER CAR,PASSENGER CAR;PASSENGER CAR,PASSENGER CAR;PASSENGER CAR,PASSENGER CAR
28958;.1 MILES FROM PVA (1273 NW MAYNARD RD);DRIVEWAY, PUBLIC;STRAIGHT,LEVEL;PUBLIC VEHICULAR AREA;TWO-WAY,NOT DIVIDED;SMOOTH ASPHALT;DRY;DAYLIGHT;CLEAR;NO CONTROL PRESENT;35.785510081;-78.81214547;-78.8116;35.7853;P065;114;0;0;1;;NONE;;NONE;;SPORT UTILITY;SPORT UTILITY;;;;NO;6332;2017-05-01;5:44:04 PM;2017-05-01T21:44:04+00:00;35.785510081, -78.81214547;2017;No;No;5;NONE;NONE,NONE;NONE,NONE;SPORT UTILITY,SPORT UTILITY;SPORT UTILITY,SPORT UTILITY;SPORT UTILITY,SPORT UTILITY;SPORT UTILITY,SPORT UTILITY
28962;CARY;RELATED TO INTERSECTION;STRAIGHT,LEVEL;LOCAL STREET;TWO-WAY,DIVIDED,UNPROTECTED MEDIAN;SMOOTH ASPHALT;DRY;DAYLIGHT;CLEAR;STOP AND GO SIGNAL;;;-78.7637;35.7722;;;0;0;;;NONE;;NONE;;PASSENGER CAR;PASSENGER CAR;;;;NO;6336;2017-05-01;11:12 AM;2017-05-01T15:12:00+00:00;;2017;No;No;5;NONE;NONE,NONE;NONE,NONE;PASSENGER CAR,PASSENGER CAR;PASSENGER CAR,PASSENGER CAR;PASSENGER CAR,PASSENGER CAR;PASSENGER CAR,PASSENGER CAR
28963;CARY;NO SPECIAL FEATURE;STRAIGHT,LEVEL;STATE SECONDARY ROUTE;TWO-WAY,DIVIDED,UNPROTECTED MEDIAN;SMOOTH ASPHALT;DRY;DAYLIGHT;CLEAR;STOP AND GO SIGNAL;;;-78.847527;35.791415;;;0;0;1;;NONE;;NONE;;VAN;SPORT UTILITY;;;;NO;6337;2017-05-01;12:13 PM;2017-05-01T16:13:00+00:00;;2017;No;No;5;NONE;NONE,NONE;NONE,NONE;VAN,SPORT UTILITY;VAN,SPORT UTILITY;VAN,SPORT UTILITY;VAN,SPORT UTILITY
28965;CARY;FOUR-WAY INTERSECTION;CURVE,GRADE;LOCAL STREET;TWO-WAY,DIVIDED,UNPROTECTED MEDIAN;SMOOTH ASPHALT;DRY;DAYLIGHT;CLEAR;STOP SIGN;35.726439777;-78.7627474;-78.7626;35.7263;P047;118;0;0;4;;NONE;;NONE;;PASSENGER CAR;PASSENGER CAR;;;;NO;6339;2017-05-02;8:05:16 AM;2017-05-02T12:05:16+00:00;35.726439777, -78.7627474;2017;No;No;5;NONE;NONE,NONE;NONE,NONE;PASSENGER CAR,PASSENGER CAR;PASSENGER CAR,PASSENGER CAR;PASSENGER CAR,PASSENGER CAR;PASSENGER CAR,PASSENGER CAR
28967;CARY;OFF-RAMP TERMINAL ON CROSSROAD;STRAIGHT,LEVEL;STATE SECONDARY ROUTE;TWO-WAY,DIVIDED,UNPROTECTED MEDIAN;SMOOTH ASPHALT;DRY;DAYLIGHT;CLEAR;STOP AND GO SIGNAL;;;-78.7438;35.76;;;0;0;;;NONE;;NONE;;PASSENGER CAR;PICKUP;;;;NO;6341;2017-05-02;7:11:48 AM;2017-05-02T11:11:48+00:00;;2017;No;No;5;NONE;NONE,NONE;NONE,NONE;PASSENGER CAR,PICKUP;PASSENGER CAR,PICKUP;PASSENGER CAR,PICKUP;PASSENGER CAR,PICKUP
28971;CARY;FOUR-WAY INTERSECTION;STRAIGHT,LEVEL;STATE SECONDARY ROUTE;TWO-WAY,DIVIDED,UNPROTECTED MEDIAN;SMOOTH ASPHALT;DRY;DAYLIGHT;CLEAR;STOP AND GO SIGNAL;35.771573961;-78.79032829;-78.7902;35.7719;P036;114;0;0;;;NONE;;NONE;;PASSENGER CAR;SPORT UTILITY;;;;NO;6345;2017-05-02;3:57:13 PM;2017-05-02T19:57:13+00:00;35.771573961, -78.79032829;2017;No;No;5;NONE;NONE,NONE;NONE,NONE;PASSENGER CAR,SPORT UTILITY;PASSENGER CAR,SPORT UTILITY;PASSENGER CAR,SPORT UTILITY;PASSENGER CAR,SPORT UTILITY
28972;15 FEET FROM SR 3977 (CARY PKWY);T-INTERSECTION;STRAIGHT,LEVEL;STATE SECONDARY ROUTE;TWO-WAY,DIVIDED,UNPROTECTED MEDIAN;SMOOTH ASPHALT;DRY;DAYLIGHT;CLEAR;STOP SIGN;;;-78.767;35.7443;;;0;0;;;NONE;;NONE;;PASSENGER CAR;PASSENGER CAR;;;;NO;6346;2017-05-02;5:35:23 PM;2017-05-02T21:35:23+00:00;;2017;No;No;5;NONE;NONE,NONE;NONE,NONE;PASSENGER CAR,PASSENGER CAR;PASSENGER CAR,PASSENGER CAR;PASSENGER CAR,PASSENGER CAR;PASSENGER CAR,PASSENGER CAR
28974;50 FEET FROM 600 WALNUT ST;NO SPECIAL FEATURE;STRAIGHT,LEVEL;PUBLIC VEHICULAR AREA;TWO-WAY,NOT DIVIDED;SMOOTH ASPHALT;DRY;DAYLIGHT;CLEAR;NO CONTROL PRESENT;35.774495701;-78.76688293;-78.7681;35.7738;P061;120;0;0;1;;NONE;;NONE;;PASSENGER CAR;PASSENGER CAR;;;;NO;6348;2017-05-02;4:07:01 PM;2017-05-02T20:07:01+00:00;35.774495701, -78.76688293;2017;No;No;5;NONE;NONE,NONE;NONE,NONE;PASSENGER CAR,PASSENGER CAR;PASSENGER CAR,PASSENGER CAR;PASSENGER CAR,PASSENGER CAR;PASSENGER CAR,PASSENGER CAR
28977;30 FEET FROM PVA (1298 BUCK JONES RD);NO SPECIAL FEATURE;STRAIGHT,LEVEL;PUBLIC VEHICULAR AREA;TWO-WAY,NOT DIVIDED;SMOOTH ASPHALT;DRY;DAYLIGHT;CLEAR;NO CONTROL PRESENT;;;-78.7424;35.7658;;;0;0;;;NONE;;NONE;;VAN;;;;;NO;6351;2017-05-02;2:56:37 PM;2017-05-02T18:56:37+00:00;;2017;No;No;5;NONE;NONE,NONE;NONE,NONE;VAN;VAN;VAN;VAN
28978;.25 MILES FROM 4500 WEST LAKE RD (PVA);NO SPECIAL FEATURE;STRAIGHT,LEVEL;PUBLIC VEHICULAR AREA;TWO-WAY,NOT DIVIDED;SMOOTH ASPHALT;DRY;DAYLIGHT;CLEAR;NO CONTROL PRESENT;35.661972209;-78.75940595;-78.760076;35.661327;P051;116;0;0;;;NONE;;NONE;;PASSENGER CAR;SPORT UTILITY;;;;NO;6352;2017-05-01;12:16 AM;2017-05-01T04:16:00+00:00;35.661972209, -78.75940595;2017;No;No;5;NONE;NONE,NONE;NONE,NONE;PASSENGER CAR,SPORT UTILITY;PASSENGER CAR,SPORT UTILITY;PASSENGER CAR,SPORT UTILITY;PASSENGER CAR,SPORT UTILITY
28986;CARY;RELATED TO INTERSECTION;STRAIGHT,LEVEL;STATE SECONDARY ROUTE;TWO-WAY,NOT DIVIDED;SMOOTH ASPHALT;DRY;DAYLIGHT;CLEAR;STOP SIGN;35.821735868;-78.87038424;-78.8218;35.8218;P069;121;0;0;4;;NONE;;NONE;;PICKUP;PASSENGER CAR;;;;NO;6360;2017-05-02;4:58:58 PM;2017-05-02T20:58:58+00:00;35.821735868, -78.87038424;2017;No;No;5;NONE;NONE,NONE;NONE,NONE;PICKUP,PASSENGER CAR;PICKUP,PASSENGER CAR;PICKUP,PASSENGER CAR;PICKUP,PASSENGER CAR
28987;20 FEET FROM SR 1497 CARY TOWNE BLVD;NO SPECIAL FEATURE;STRAIGHT,LEVEL;STATE SECONDARY ROUTE;TWO-WAY,DIVIDED,UNPROTECTED MEDIAN;SMOOTH ASPHALT;WET;DAYLIGHT;CLOUDY;NO CONTROL PRESENT;;;-78.754635;35.77831;;;0;0;;;NONE;;NONE;;VAN;;;;;NO;6361;2017-04-25;4:07:45 PM;2017-04-25T20:07:45+00:00;;2017;No;No;4;NONE;NONE,NONE;NONE,NONE;VAN;VAN;VAN;VAN
28993;50 FEET FROM MCRAE RD;NO SPECIAL FEATURE;STRAIGHT,LEVEL;LOCAL STREET;TWO-WAY,NOT DIVIDED;SMOOTH ASPHALT;DRY;DAYLIGHT;CLEAR;NO CONTROL PRESENT;35.782671439;-78.85217327;-78.852;35.782;P014;117;0;0;2;;NONE;;NONE;;PASSENGER CAR;PASSENGER CAR;;;;NO;6367;2017-05-03;5:29:51 PM;2017-05-03T21:29:51+00:00;35.782671439, -78.85217327;2017;No;No;5;NONE;NONE,NONE;NONE,NONE;PASSENGER CAR,PASSENGER CAR;PASSENGER CAR,PASSENGER CAR;PASSENGER CAR,PASSENGER CAR;PASSENGER CAR,PASSENGER CAR
29013;200 FEET FROM 638 WALNUT ST (PVA);DRIVEWAY, PRIVATE;STRAIGHT,LEVEL;PUBLIC VEHICULAR AREA;ONE-WAY,NOT DIVIDED;SMOOTH ASPHALT;DRY;DAYLIGHT;CLEAR;NO CONTROL PRESENT;;;-78.7649;35.7742;;;0;0;;;NONE;;NONE;;PASSENGER CAR;PASSENGER CAR;;;;NO;6387;2017-05-04;9:21:32 AM;2017-05-04T13:21:32+00:00;;2017;No;No;5;NONE;NONE,NONE;NONE,NONE;PASSENGER CAR,PASSENGER CAR;PASSENGER CAR,PASSENGER CAR;PASSENGER CAR,PASSENGER CAR;PASSENGER CAR,PASSENGER CAR
29014;CARY;FOUR-WAY INTERSECTION;STRAIGHT,LEVEL;NC ROUTE;TWO-WAY,DIVIDED,UNPROTECTED MEDIAN;COARSE ASPHALT;DRY;DAYLIGHT;CLEAR;STOP AND GO SIGNAL;;;-78.88;35.83;;;0;2;2;;NONE;;NONE;;PICKUP;SPORT UTILITY;;;;NO;6388;2017-05-03;1:49:15 PM;2017-05-03T17:49:15+00:00;;2017;No;Yes;5;NONE;NONE,NONE;NONE,NONE;PICKUP,SPORT UTILITY;PICKUP,SPORT UTILITY;PICKUP,SPORT UTILITY;PICKUP,SPORT UTILITY
29023;.25 MILES FROM SR 1152 (WALNUT ST);NO SPECIAL FEATURE;STRAIGHT,LEVEL;STATE SECONDARY ROUTE;TWO-WAY,NOT DIVIDED;SMOOTH ASPHALT;DRY;DAYLIGHT;CLEAR;STOP AND GO SIGNAL;35.77385099;-78.75931174;-78.762001;35.770708;;;0;0;;;NONE;;NONE;;SPORT UTILITY;SPORT UTILITY;;;;NO;6397;2017-05-06;1:13:59 PM;2017-05-06T17:13:59+00:00;35.77385099, -78.75931174;2017;No;No;5;NONE;NONE,NONE;NONE,NONE;SPORT UTILITY,SPORT UTILITY;SPORT UTILITY,SPORT UTILITY;SPORT UTILITY,SPORT UTILITY;SPORT UTILITY,SPORT UTILITY
29028;100 FEET FROM REGENCY COTTAGE PLACE;NO SPECIAL FEATURE;STRAIGHT,LEVEL;LOCAL STREET;TWO-WAY,NOT DIVIDED;COARSE ASPHALT;DRY;DAYLIGHT;CLEAR;NO CONTROL PRESENT;35.738324278;-78.78232873;-78.808219;35.726953;P044;115;0;0;;;NONE;;NONE;;PICKUP;;;;;CONSTRUCTION WORK AREA;6402;2017-05-02;11:30 AM;2017-05-02T15:30:00+00:00;35.738324278, -78.78232873;2017;No;No;5;NONE;NONE,NONE;NONE,NONE;PICKUP;PICKUP;PICKUP;PICKUP
29032;CARY;FOUR-WAY INTERSECTION;STRAIGHT,LEVEL;STATE SECONDARY ROUTE;TWO-WAY,DIVIDED,UNPROTECTED MEDIAN;SMOOTH ASPHALT;DRY;DAYLIGHT;CLEAR;STOP AND GO SIGNAL;35.770734551;-78.78214333;-78.782;35.771;P039;115;0;0;1;;NONE;;NONE;;PICKUP;SPORT UTILITY;;;;NO;6406;2017-05-05;5:57:34 PM;2017-05-05T21:57:34+00:00;35.770734551, -78.78214333;2017;No;No;5;NONE;NONE,NONE;NONE,NONE;PICKUP,SPORT UTILITY;PICKUP,SPORT UTILITY;PICKUP,SPORT UTILITY;PICKUP,SPORT UTILITY
29033;125 FEET FROM PVA AT 204 CROSSROADS BLVD;NO SPECIAL FEATURE;STRAIGHT,LEVEL;PUBLIC VEHICULAR AREA;TWO-WAY,NOT DIVIDED;SMOOTH ASPHALT;DRY;DAYLIGHT;CLEAR;NO CONTROL PRESENT;;;-78.741289;35.760595;;;0;0;;;;;NONE;;PASSENGER CAR;PASSENGER CAR;;;;NO;6407;2017-05-05;3:21:16 PM;2017-05-05T19:21:16+00:00;;2017;No;No;5;;NONE;NONE;PASSENGER CAR,PASSENGER CAR;PASSENGER CAR,PASSENGER CAR;PASSENGER CAR,PASSENGER CAR;PASSENGER CAR,PASSENGER CAR
29036;CARY;FOUR-WAY INTERSECTION;STRAIGHT,LEVEL;STATE SECONDARY ROUTE;TWO-WAY,DIVIDED,POSITIVE MEDIAN BARRIER;SMOOTH ASPHALT;DRY;DARK - LIGHTED ROADWAY;CLEAR;FLASHING STOP AND GO SIGNAL;;;-78.8471;35.7922;;;0;0;2;;NONE;;NONE;;PASSENGER CAR;PASSENGER CAR;;;;NO;6410;2017-05-05;10:34 PM;2017-05-06T02:34:00+00:00;;2017;No;No;5;NONE;NONE,NONE;NONE,NONE;PASSENGER CAR,PASSENGER CAR;PASSENGER CAR,PASSENGER CAR;PASSENGER CAR,PASSENGER CAR;PASSENGER CAR,PASSENGER CAR
29042;.28 MILES FROM US 1 HWY;;;;;;;;;;;;-78.780961;35.743663;;;1;0;;1;;;;;;;;;;;6416;2017-04-30;3:12:00 AM;2017-04-30T07:12:00+00:00;;2017;Yes;No;4;;;;;;;
29045;.1 MILES FROM SR 1010 (TEN TEN RD);NO SPECIAL FEATURE;STRAIGHT,LEVEL;STATE SECONDARY ROUTE;TWO-WAY,NOT DIVIDED;COARSE ASPHALT;DRY;DAYLIGHT;CLEAR;NO CONTROL PRESENT;;;-78.7879;35.7045;;;0;1;;;NONE;;NONE;;PASSENGER CAR;;;;;NO;6419;2017-05-08;10:12 AM;2017-05-08T14:12:00+00:00;;2017;No;Yes;5;NONE;NONE,NONE;NONE,NONE;PASSENGER CAR;PASSENGER CAR;PASSENGER CAR;PASSENGER CAR