tamainid;location_description;rdfeature;rdcharacter;rdclass;rdconfigur;rdsurface;rdcondition;lightcond;weather;trafcontrl;lat;lon;lon2;lat2;tract;zone;fatality;possblinj;numpassengers;numpedestrians;contrcir1_desc;contrcir2_desc;contrcir3_desc;contrcir4_desc;vehicle1;vehicle2;vehicle3;vehicle4;vehicle5;workarea;records;ta_date;ta_time;crash_date;geo_location;year;fatalities;injuries;month;contrfact1;contrfact2;contributing_factor;vehicleconcat1;vehicleconcat2;vehicleconcat3;vehicle_type
29294;.22 MILES FROM US 1 HWY;NO SPECIAL FEATURE;STRAIGHT,LEVEL;US ROUTE;TWO-WAY,DIVIDED,POSITIVE MEDIAN BARRIER;CONCRETE;DRY;DAYLIGHT;CLOUDY;NO CONTROL PRESENT;;;-78.789365;35.739153;;;0;0;;;;;NONE;;SPORT UTILITY;PASSENGER CAR;;;;NO;6668;2017-05-25;7:45:06 AM;2017-05-25T11:45:06+00:00;;2017;No;No;5;;NONE;NONE;SPORT UTILITY,PASSENGER CAR;SPORT UTILITY,PASSENGER CAR;SPORT UTILITY,PASSENGER CAR;SPORT UTILITY,PASSENGER CAR
29296;CARY;FOUR-WAY INTERSECTION;STRAIGHT,LEVEL;STATE SECONDARY ROUTE;TWO-WAY,NOT DIVIDED;SMOOTH ASPHALT;DRY;DAYLIGHT;CLEAR;NO CONTROL PRESENT;;;-78.7709;35.8077;;;0;0;;;NONE;;NONE;;SPORT UTILITY;PASSENGER CAR;;;;NO;6670;2017-05-25;3:51:53 PM;2017-05-25T19:51:53+00:00;;2017;No;No;5;NONE;NONE,NONE;NONE,NONE;SPORT UTILITY,PASSENGER CAR;SPORT UTILITY,PASSENGER CAR;SPORT UTILITY,PASSENGER CAR;SPORT UTILITY,PASSENGER CAR
29299;5 FEET FROM PARK VILLAGE DR;OTHER *;STRAIGHT,LEVEL;LOCAL STREET;TWO-WAY,DIVIDED,UNPROTECTED MEDIAN;SMOOTH ASPHALT;WET;DARK - ROADWAY NOT LIGHTED;RAIN;STOP AND GO SIGNAL;;;-78.846185;35.77376;;117;0;1;;;NOT VISIBLE (DARK CLOTHING, ETC.);;NONE;;SPORT UTILITY;;;;;NO;6673;2017-05-23;11:01 PM;2017-05-24T03:01:00+00:00;;2017;No;Yes;5;NOT VISIBLE (DARK CLOTHING, ETC.);NOT VISIBLE (DARK CLOTHING, ETC.),NONE;NOT VISIBLE (DARK CLOTHING,ETC.),NONE;SPORT UTILITY;SPORT UTILITY;SPORT UTILITY;SPORT UTILITY
29306;30 FEET FROM SR 3090 (WESTON PKWY);FOUR-WAY INTERSECTION;CURVE,GRADE;STATE SECONDARY ROUTE;TWO-WAY,DIVIDED,POSITIVE MEDIAN BARRIER;SMOOTH ASPHALT;DRY;DAYLIGHT;CLOUDY;STOP AND GO SIGNAL;;;-78.8056;35.8265;;;0;0;;;NONE;;NONE;;PASSENGER CAR;PASSENGER CAR;;;;NO;6680;2017-05-25;5:58:00 PM;2017-05-25T21:58:00+00:00;;2017;No;No;5;NONE;NONE,NONE;NONE,NONE;PASSENGER CAR,PASSENGER CAR;PASSENGER CAR,PASSENGER CAR;PASSENGER CAR,PASSENGER CAR;PASSENGER CAR,PASSENGER CAR
29309;250 FEET FROM PVA 104 RAMSEY ST;NO SPECIAL FEATURE;STRAIGHT,GRADE;PUBLIC VEHICULAR AREA;TWO-WAY,NOT DIVIDED;SMOOTH ASPHALT;DRY;DARK - LIGHTED ROADWAY;CLEAR;NO CONTROL PRESENT;;;-78.743816;35.7697;;;0;0;;;NONE;;NONE;;PASSENGER CAR;SPORT UTILITY;;;;NO;6683;2017-05-24;7:28:06 PM;2017-05-24T23:28:06+00:00;;2017;No;No;5;NONE;NONE,NONE;NONE,NONE;PASSENGER CAR,SPORT UTILITY;PASSENGER CAR,SPORT UTILITY;PASSENGER CAR,SPORT UTILITY;PASSENGER CAR,SPORT UTILITY
29315;0.25 MILES FROM 311 ASHVILLE AVE;NO SPECIAL FEATURE;STRAIGHT,LEVEL;PUBLIC VEHICULAR AREA;TWO-WAY,NOT DIVIDED;SMOOTH ASPHALT;DRY;DAYLIGHT;CLEAR;NO CONTROL PRESENT;;;-78.7852;35.7381;;;0;1;;;NONE;;NONE;;PASSENGER CAR;VAN;;;;NO;6689;2017-05-26;10:56 AM;2017-05-26T14:56:00+00:00;;2017;No;Yes;5;NONE;NONE,NONE;NONE,NONE;PASSENGER CAR,VAN;PASSENGER CAR,VAN;PASSENGER CAR,VAN;PASSENGER CAR,VAN
29318;0 FEET FROM SR 1313 (WALNUT ST);NO SPECIAL FEATURE;STRAIGHT,LEVEL;STATE SECONDARY ROUTE;TWO-WAY,DIVIDED,UNPROTECTED MEDIAN;SMOOTH ASPHALT;DRY;DAYLIGHT;CLEAR;STOP AND GO SIGNAL;;;-78.745835;35.762917;;;0;0;1;;;;NONE;;PASSENGER CAR;SPORT UTILITY;;;;NO;6692;2017-05-26;8:18:50 AM;2017-05-26T12:18:50+00:00;;2017;No;No;5;;NONE;NONE;PASSENGER CAR,SPORT UTILITY;PASSENGER CAR,SPORT UTILITY;PASSENGER CAR,SPORT UTILITY;PASSENGER CAR,SPORT UTILITY
29322;.1 MILES FROM U.S. 1 HWY;NO SPECIAL FEATURE;STRAIGHT,LEVEL;US ROUTE;TWO-WAY,DIVIDED,POSITIVE MEDIAN BARRIER;SMOOTH ASPHALT;WET;DARK - ROADWAY NOT LIGHTED;RAIN;NO CONTROL PRESENT;;;-78.7973;35.7349;;;0;0;;;;;NONE;;PASSENGER CAR;;;;;NO;6696;2017-05-28;1:15:52 AM;2017-05-28T05:15:52+00:00;;2017;No;No;5;;NONE;NONE;PASSENGER CAR;PASSENGER CAR;PASSENGER CAR;PASSENGER CAR
29333;20 FEET FROM IVY LN;NO SPECIAL FEATURE;STRAIGHT,LEVEL;LOCAL STREET;TWO-WAY,NOT DIVIDED;SMOOTH ASPHALT;DRY;DAYLIGHT;CLEAR;NO CONTROL PRESENT;35.770536865;-78.75826601;-78.75856;35.770231;P003;112;0;0;1;;NONE;;NONE;;PICKUP;SPORT UTILITY;;;;NO;6707;2017-05-26;6:20:31 PM;2017-05-26T22:20:31+00:00;35.770536865, -78.75826601;2017;No;No;5;NONE;NONE,NONE;NONE,NONE;PICKUP,SPORT UTILITY;PICKUP,SPORT UTILITY;PICKUP,SPORT UTILITY;PICKUP,SPORT UTILITY
29335;0 FEET FROM NC-54 (CHAPEL HILL RD);FOUR-WAY INTERSECTION;STRAIGHT,LEVEL;NC ROUTE;TWO-WAY,DIVIDED,POSITIVE MEDIAN BARRIER;SMOOTH ASPHALT;DRY;DAYLIGHT;CLEAR;STOP AND GO SIGNAL;35.79469543;-78.75084182;-78.7508;35.795;P034;113;0;0;1;;NONE;;NONE;;SPORT UTILITY;PASSENGER CAR;;;;NO;6709;2017-05-29;9:29:26 AM;2017-05-29T13:29:26+00:00;35.79469543, -78.75084182;2017;No;No;5;NONE;NONE,NONE;NONE,NONE;SPORT UTILITY,PASSENGER CAR;SPORT UTILITY,PASSENGER CAR;SPORT UTILITY,PASSENGER CAR;SPORT UTILITY,PASSENGER CAR
29346;10 FEET FROM US 64 HWY;NO SPECIAL FEATURE;STRAIGHT,LEVEL;US ROUTE;TWO-WAY,DIVIDED,UNPROTECTED MEDIAN;SMOOTH ASPHALT;DRY;DAYLIGHT;CLEAR;NO CONTROL PRESENT;35.738696103;-78.79841368;-78.798;35.7386;P041;116;0;1;5;;NONE;;NONE;;SPORT UTILITY;PASSENGER CAR;SPORT UTILITY;PASSENGER CAR;;NO;6720;2017-05-26;7:05:13 PM;2017-05-26T23:05:13+00:00;35.738696103, -78.79841368;2017;No;Yes;5;NONE;NONE,NONE;NONE,NONE;SPORT UTILITY,PASSENGER CAR;SPORT UTILITY,PASSENGER CAR,SPORT UTILITY;SPORT UTILITY,PASSENGER CAR,SPORT UTILITY,PASSENGER CAR;SPORT UTILITY,PASSENGER CAR,SPORT UTILITY,PASSENGER CAR
29351;CARY;NO SPECIAL FEATURE;STRAIGHT,LEVEL;LOCAL STREET;TWO-WAY,NOT DIVIDED;SMOOTH ASPHALT;DRY;DAYLIGHT;CLEAR;STOP SIGN;35.781308936;-78.76317396;-78.763232;35.781816;P057;120;0;1;1;;NONE;;NONE;;PICKUP;SPORT UTILITY;;;;NO;6725;2017-05-27;6:02:38 PM;2017-05-27T22:02:38+00:00;35.781308936, -78.76317396;2017;No;Yes;5;NONE;NONE,NONE;NONE,NONE;PICKUP,SPORT UTILITY;PICKUP,SPORT UTILITY;PICKUP,SPORT UTILITY;PICKUP,SPORT UTILITY
29359;15 FEET FROM SR#3977 (SE CARY PKWY);NO SPECIAL FEATURE;STRAIGHT,LEVEL;STATE SECONDARY ROUTE;TWO-WAY,DIVIDED,UNPROTECTED MEDIAN;SMOOTH ASPHALT;DRY;DAYLIGHT;CLOUDY;NO CONTROL PRESENT;;;-78.74438;35.737215;;;0;0;;;NONE;;NONE;;PASSENGER CAR;VAN;;;;NO;6733;2017-05-30;11:41 AM;2017-05-30T15:41:00+00:00;;2017;No;No;5;NONE;NONE,NONE;NONE,NONE;PASSENGER CAR,VAN;PASSENGER CAR,VAN;PASSENGER CAR,VAN;PASSENGER CAR,VAN
29362;.1 MILES FROM PVA OF 2700 SR 3122 (LOUIS STE;DRIVEWAY, PUBLIC;CURVE,LEVEL;PUBLIC VEHICULAR AREA;;COARSE ASPHALT;;DAYLIGHT;CLEAR;NO CONTROL PRESENT;;;-78.860213;35.802507;;;0;0;;;NONE;;NONE;;PICKUP;;;;;NO;6736;2017-03-20;12:00 AM;2017-03-20T04:00:00+00:00;;2017;No;No;3;NONE;NONE,NONE;NONE,NONE;PICKUP;PICKUP;PICKUP;PICKUP
29380;CARY;FOUR-WAY INTERSECTION;STRAIGHT,LEVEL;STATE SECONDARY ROUTE;TWO-WAY,DIVIDED,UNPROTECTED MEDIAN;SMOOTH ASPHALT;DRY;DAYLIGHT;CLEAR;STOP AND GO SIGNAL;;;-78.7523;35.7455;;;0;0;;;NONE;;NONE;;PASSENGER CAR;PICKUP;;;;NO;6754;2017-06-01;6:43:05 AM;2017-06-01T10:43:05+00:00;;2017;No;No;6;NONE;NONE,NONE;NONE,NONE;PASSENGER CAR,PICKUP;PASSENGER CAR,PICKUP;PASSENGER CAR,PICKUP;PASSENGER CAR,PICKUP
29381;40 FEET FROM SR 1613 (DAVIS DR);RELATED TO INTERSECTION;STRAIGHT,GRADE;STATE SECONDARY ROUTE;TWO-WAY,DIVIDED,UNPROTECTED MEDIAN;SMOOTH ASPHALT;DRY;DAYLIGHT;CLEAR;STOP AND GO SIGNAL;35.769874684;-78.84634069;-78.8473;35.7916;P071;117;0;0;1;;NONE;;NONE;;PASSENGER CAR;PASSENGER CAR;;;;NO;6755;2017-05-31;9:19:03 AM;2017-05-31T13:19:03+00:00;35.769874684, -78.84634069;2017;No;No;5;NONE;NONE,NONE;NONE,NONE;PASSENGER CAR,PASSENGER CAR;PASSENGER CAR,PASSENGER CAR;PASSENGER CAR,PASSENGER CAR;PASSENGER CAR,PASSENGER CAR
29389;CARY;FOUR-WAY INTERSECTION;STRAIGHT,LEVEL;STATE SECONDARY ROUTE;TWO-WAY,DIVIDED,UNPROTECTED MEDIAN;SMOOTH ASPHALT;DRY;DARK - LIGHTED ROADWAY;CLOUDY;STOP AND GO SIGNAL;35.736273943;-78.78770167;-78.7868;35.7368;P043;116;0;1;;;NONE;;NONE;;PASSENGER CAR;PASSENGER CAR;;;;NO;6763;2017-06-02;12:10 AM;2017-06-02T04:10:00+00:00;35.736273943, -78.78770167;2017;No;Yes;6;NONE;NONE,NONE;NONE,NONE;PASSENGER CAR,PASSENGER CAR;PASSENGER CAR,PASSENGER CAR;PASSENGER CAR,PASSENGER CAR;PASSENGER CAR,PASSENGER CAR
29390;20 FEET FROM NC 54;RELATED TO INTERSECTION;STRAIGHT,LEVEL;NC ROUTE;TWO-WAY,DIVIDED,UNPROTECTED MEDIAN;SMOOTH ASPHALT;DRY;DAYLIGHT;CLEAR;STOP AND GO SIGNAL;;;-78.7631;35.7953;;;0;0;;;NONE;;NONE;;PASSENGER CAR;PASSENGER CAR;;;;NO;6764;2017-05-31;9:30:58 PM;2017-06-01T01:30:58+00:00;;2017;No;No;5;NONE;NONE,NONE;NONE,NONE;PASSENGER CAR,PASSENGER CAR;PASSENGER CAR,PASSENGER CAR;PASSENGER CAR,PASSENGER CAR;PASSENGER CAR,PASSENGER CAR
29394;CARY;OFF-RAMP TERMINAL ON CROSSROAD;STRAIGHT,LEVEL;US ROUTE;TWO-WAY,DIVIDED,UNPROTECTED MEDIAN;SMOOTH ASPHALT;DRY;DAYLIGHT;CLEAR;YIELD SIGN;;;-78.788;35.73593;;;0;0;2;;NONE;;NONE;;PASSENGER CAR;PASSENGER CAR;;;;NO;6768;2017-06-02;8:50:52 AM;2017-06-02T12:50:52+00:00;;2017;No;No;6;NONE;NONE,NONE;NONE,NONE;PASSENGER CAR,PASSENGER CAR;PASSENGER CAR,PASSENGER CAR;PASSENGER CAR,PASSENGER CAR;PASSENGER CAR,PASSENGER CAR
29400;0 FEET FROM SR 1415 (MAYNARD RD);NO SPECIAL FEATURE;STRAIGHT,LEVEL;STATE SECONDARY ROUTE;TWO-WAY,NOT DIVIDED;SMOOTH ASPHALT;DRY;DAYLIGHT;CLEAR;STOP AND GO SIGNAL;35.799675386;-78.79484301;-78.7949;35.801;P024;111;0;0;;;;;NONE;;SPORT UTILITY;SPORT UTILITY;;;;NO;6774;2017-06-01;2:48:21 PM;2017-06-01T18:48:21+00:00;35.799675386, -78.79484301;2017;No;No;6;;NONE;NONE;SPORT UTILITY,SPORT UTILITY;SPORT UTILITY,SPORT UTILITY;SPORT UTILITY,SPORT UTILITY;SPORT UTILITY,SPORT UTILITY
29403;CARY;;;;;;;;;;;;;;;;0;0;;;;;;;;;;;;;6777;2017-06-03;6:53:23 PM;2017-06-03T22:53:23+00:00;;2017;No;No;6;;;;;;;
29408;0.15 MILES FROM SR(1624)CARPENTER FIRE STATION;NO SPECIAL FEATURE;STRAIGHT,HILLCREST;STATE SECONDARY ROUTE;TWO-WAY,NOT DIVIDED;SMOOTH ASPHALT;DRY;DARK - ROADWAY NOT LIGHTED;CLEAR;DOUBLE YELLOW LINE, NO PASSING ZONE;;;-78.8718;35.8223;;121;0;3;1;;NONE;;NONE;;PICKUP;PICKUP;PICKUP;PASSENGER CAR;;NO;6782;2017-06-04;4:11:05 AM;2017-06-04T08:11:05+00:00;;2017;No;Yes;6;NONE;NONE,NONE;NONE,NONE;PICKUP,PICKUP;PICKUP,PICKUP,PICKUP;PICKUP,PICKUP,PICKUP,PASSENGER CAR;PICKUP,PICKUP,PICKUP,PASSENGER CAR
29415;175 FEET FROM WESTON PKWY;RELATED TO INTERSECTION;STRAIGHT,LEVEL;LOCAL STREET;TWO-WAY,DIVIDED,UNPROTECTED MEDIAN;SMOOTH ASPHALT;DRY;DAYLIGHT;CLEAR;STOP AND GO SIGNAL;;;-78.7706;35.8279;;;0;0;;;NONE;;NONE;;PASSENGER CAR;PASSENGER CAR;;;;NO;6789;2017-06-02;4:37:38 PM;2017-06-02T20:37:38+00:00;;2017;No;No;6;NONE;NONE,NONE;NONE,NONE;PASSENGER CAR,PASSENGER CAR;PASSENGER CAR,PASSENGER CAR;PASSENGER CAR,PASSENGER CAR;PASSENGER CAR,PASSENGER CAR
29417;50 FEET FROM PVA 204 CROSSROADS BLVD;NO SPECIAL FEATURE;STRAIGHT,LEVEL;PUBLIC VEHICULAR AREA;ONE-WAY,NOT DIVIDED;SMOOTH ASPHALT;DRY;DAYLIGHT;CLEAR;NO CONTROL PRESENT;;;-78.741265;35.760634;;;0;0;1;;NONE;;NONE;;PASSENGER CAR;PASSENGER CAR;;;;NO;6791;2017-06-02;7:41:16 PM;2017-06-02T23:41:16+00:00;;2017;No;No;6;NONE;NONE,NONE;NONE,NONE;PASSENGER CAR,PASSENGER CAR;PASSENGER CAR,PASSENGER CAR;PASSENGER CAR,PASSENGER CAR;PASSENGER CAR,PASSENGER CAR
29423;35 FEET FROM PVA 111 E CHATHAM ST;DRIVEWAY, PUBLIC;STRAIGHT,LEVEL;PUBLIC VEHICULAR AREA;TWO-WAY,NOT DIVIDED;SMOOTH ASPHALT;DRY;DAYLIGHT;CLEAR;NO CONTROL PRESENT;35.790227602;-78.77203916;-78.78;35.787;P055;120;0;0;2;;NONE;;NONE;;SPORT UTILITY;SPORT UTILITY;;;;NO;6797;2017-06-03;2:36:52 PM;2017-06-03T18:36:52+00:00;35.790227602, -78.77203916;2017;No;No;6;NONE;NONE,NONE;NONE,NONE;SPORT UTILITY,SPORT UTILITY;SPORT UTILITY,SPORT UTILITY;SPORT UTILITY,SPORT UTILITY;SPORT UTILITY,SPORT UTILITY
29425;360 FEET FROM PVA 1297 BUCK JONES RD;DRIVEWAY, PUBLIC;STRAIGHT,LEVEL;PUBLIC VEHICULAR AREA;TWO-WAY,NOT DIVIDED;SMOOTH ASPHALT;DRY;DAYLIGHT;CLEAR;NO CONTROL PRESENT;;;-78.740746;35.765219;;;0;0;2;;NONE;;NONE;;PICKUP;PASSENGER CAR;;;;NO;6799;2017-06-04;2:13:24 PM;2017-06-04T18:13:24+00:00;;2017;No;No;6;NONE;NONE,NONE;NONE,NONE;PICKUP,PASSENGER CAR;PICKUP,PASSENGER CAR;PICKUP,PASSENGER CAR;PICKUP,PASSENGER CAR
29427;.3 MILES FROM PVA 2420 WALNUT ST;NO SPECIAL FEATURE;STRAIGHT,LEVEL;PUBLIC VEHICULAR AREA;TWO-WAY,NOT DIVIDED;SMOOTH ASPHALT;DRY;DAYLIGHT;CLEAR;NO CONTROL PRESENT;;;-78.7438;35.753;;;0;0;;;;;NONE;;SPORT UTILITY;VAN;;;;NO;6801;2017-06-04;2:12:10 PM;2017-06-04T18:12:10+00:00;;2017;No;No;6;;NONE;NONE;SPORT UTILITY,VAN;SPORT UTILITY,VAN;SPORT UTILITY,VAN;SPORT UTILITY,VAN
29428;20 FEET FROM SR 1605 (HIGH HOUSE RD);RELATED TO INTERSECTION;STRAIGHT,LEVEL;STATE SECONDARY ROUTE;TWO-WAY,DIVIDED,UNPROTECTED MEDIAN;SMOOTH ASPHALT;DRY;DAYLIGHT;CLEAR;STOP AND GO SIGNAL;;;-78.8471;35.7914;;121;0;0;1;;NONE;;NONE;;PASSENGER CAR;VAN;;;;NO;6802;2017-06-03;12:39 PM;2017-06-03T16:39:00+00:00;;2017;No;No;6;NONE;NONE,NONE;NONE,NONE;PASSENGER CAR,VAN;PASSENGER CAR,VAN;PASSENGER CAR,VAN;PASSENGER CAR,VAN
29439;250 FEET FROM SR 1613 (DAVIS DR);NO SPECIAL FEATURE;STRAIGHT,GRADE;STATE SECONDARY ROUTE;TWO-WAY,DIVIDED,POSITIVE MEDIAN BARRIER;COARSE ASPHALT;DRY;DAYLIGHT;CLOUDY;STOP AND GO SIGNAL;;;-78.847835;35.793183;;;0;0;;;NONE;;NONE;;PASSENGER CAR;PASSENGER CAR;;;;NO;6813;2017-06-05;5:08:57 PM;2017-06-05T21:08:57+00:00;;2017;No;No;6;NONE;NONE,NONE;NONE,NONE;PASSENGER CAR,PASSENGER CAR;PASSENGER CAR,PASSENGER CAR;PASSENGER CAR,PASSENGER CAR;PASSENGER CAR,PASSENGER CAR
29443;CARY;NO SPECIAL FEATURE;STRAIGHT,LEVEL;PUBLIC VEHICULAR AREA;TWO-WAY,NOT DIVIDED;SMOOTH ASPHALT;WET;DAYLIGHT;CLOUDY;NO CONTROL PRESENT;35.849872149;-78.79449923;-78.7941;35.849;P019;111;0;0;;;;;NONE;;UNKNOWN;PASSENGER CAR;;;;NO;6817;2017-06-05;3:15:15 PM;2017-06-05T19:15:15+00:00;35.849872149, -78.79449923;2017;No;No;6;;NONE;NONE;UNKNOWN,PASSENGER CAR;UNKNOWN,PASSENGER CAR;UNKNOWN,PASSENGER CAR;UNKNOWN,PASSENGER CAR
29446;200 FEET FROM WRENN DR;NO SPECIAL FEATURE;STRAIGHT,LEVEL;LOCAL STREET;TWO-WAY,NOT DIVIDED;COARSE ASPHALT;DRY;DAYLIGHT;CLOUDY;NO CONTROL PRESENT;35.764882913;-78.786494;-78.784659;35.764965;P039;115;0;0;;;NONE;;NONE;;PASSENGER CAR;PASSENGER CAR;;;;NO;6820;2017-06-05;9:25:56 PM;2017-06-06T01:25:56+00:00;35.764882913, -78.786494;2017;No;No;6;NONE;NONE,NONE;NONE,NONE;PASSENGER CAR,PASSENGER CAR;PASSENGER CAR,PASSENGER CAR;PASSENGER CAR,PASSENGER CAR;PASSENGER CAR,PASSENGER CAR
29453;30 FEET FROM 123 MIDDLE CREEK PARK AVE;NO SPECIAL FEATURE;STRAIGHT,LEVEL;PUBLIC VEHICULAR AREA;TWO-WAY,NOT DIVIDED;SMOOTH ASPHALT;DRY;DAYLIGHT;CLEAR;NO CONTROL PRESENT;35.668918444;-78.75771492;-78.7601;35.6689;P051;116;0;0;;;NONE;;NONE;;SPORT UTILITY;VAN;PASSENGER CAR;;;NO;6827;2017-06-06;10:51 AM;2017-06-06T14:51:00+00:00;35.668918444, -78.75771492;2017;No;No;6;NONE;NONE,NONE;NONE,NONE;SPORT UTILITY,VAN;SPORT UTILITY,VAN,PASSENGER CAR;SPORT UTILITY,VAN,PASSENGER CAR;SPORT UTILITY,VAN,PASSENGER CAR
29456;100 FEET FROM CROSSROADS BLVD;NO SPECIAL FEATURE;STRAIGHT,LEVEL;LOCAL STREET;TWO-WAY,DIVIDED,POSITIVE MEDIAN BARRIER;SMOOTH ASPHALT;DRY;DAYLIGHT;CLEAR;STOP SIGN;35.761266214;-78.7418746;-78.740702;35.761081;P120;118;0;0;1;;NONE;;NONE;;PASSENGER CAR;PASSENGER CAR;;;;NO;6830;2017-06-06;3:06:51 PM;2017-06-06T19:06:51+00:00;35.761266214, -78.7418746;2017;No;No;6;NONE;NONE,NONE;NONE,NONE;PASSENGER CAR,PASSENGER CAR;PASSENGER CAR,PASSENGER CAR;PASSENGER CAR,PASSENGER CAR;PASSENGER CAR,PASSENGER CAR
29461;200 FEET FROM 11555 GREEN LEVEL CHURCH RD;DRIVEWAY, PUBLIC;STRAIGHT,LEVEL;PUBLIC VEHICULAR AREA;TWO-WAY,NOT DIVIDED;COARSE ASPHALT;DRY;DAYLIGHT;CLEAR;NO CONTROL PRESENT;35.861115575;-78.89784518;-78.89;35.86;P091;WAKE;0;0;43;;NONE;;NONE;;ACTIVITY BUS;;;;;NO;6835;2017-06-02;11:02 AM;2017-06-02T15:02:00+00:00;35.861115575, -78.89784518;2017;No;No;6;NONE;NONE,NONE;NONE,NONE;ACTIVITY BUS;ACTIVITY BUS;ACTIVITY BUS;ACTIVITY BUS
29465;50 FEET FROM WEDGEMERE ST;NO SPECIAL FEATURE;STRAIGHT,LEVEL;LOCAL STREET;TWO-WAY,NOT DIVIDED;SMOOTH ASPHALT;DRY;DAYLIGHT;CLEAR;NO CONTROL PRESENT;35.767359001;-78.86553123;-78.875;35.76;P071;117;0;0;;;NONE;;NONE;;SINGLE UNIT TRUCK (2-AXLE- 6-TIRE);;;;;NO;6839;2017-06-06;2:40:59 PM;2017-06-06T18:40:59+00:00;35.767359001, -78.86553123;2017;No;No;6;NONE;NONE,NONE;NONE,NONE;SINGLE UNIT TRUCK (2-AXLE- 6-TIRE);SINGLE UNIT TRUCK (2-AXLE- 6-TIRE);SINGLE UNIT TRUCK (2-AXLE- 6-TIRE);SINGLE UNIT TRUCK (2-AXLE- 6-TIRE)
29471;0 FEET FROM US 1;BRIDGE;STRAIGHT,LEVEL;US ROUTE;TWO-WAY,DIVIDED,POSITIVE MEDIAN BARRIER;CONCRETE;DRY;DAYLIGHT;CLOUDY;NO CONTROL PRESENT;;;-78.7931;35.7373;;;0;0;;;NONE;;NONE;;PASSENGER CAR;PASSENGER CAR;;;;NO;6845;2017-06-07;7:30:16 PM;2017-06-07T23:30:16+00:00;;2017;No;No;6;NONE;NONE,NONE;NONE,NONE;PASSENGER CAR,PASSENGER CAR;PASSENGER CAR,PASSENGER CAR;PASSENGER CAR,PASSENGER CAR;PASSENGER CAR,PASSENGER CAR
29483;.25 MILES FROM SR1605 HIGH HOUSE RD;RELATED TO INTERSECTION;STRAIGHT,LEVEL;STATE SECONDARY ROUTE;TWO-WAY,DIVIDED,UNPROTECTED MEDIAN;SMOOTH ASPHALT;DRY;DAYLIGHT;CLEAR;STOP AND GO SIGNAL;;;-78.845993;35.791963;;;0;0;5;;NONE;;NONE;;SPORT UTILITY;VAN;;;;NO;6857;2017-06-07;3:20:24 PM;2017-06-07T19:20:24+00:00;;2017;No;No;6;NONE;NONE,NONE;NONE,NONE;SPORT UTILITY,VAN;SPORT UTILITY,VAN;SPORT UTILITY,VAN;SPORT UTILITY,VAN
29501;400 FEET FROM NC 55 HWY;;;;;;;;;;35.799517008;-78.87090124;;;P091;WAKE;0;1;1;;;;;;;;;;;;6875;2017-05-29;9:01:22 AM;2017-05-29T13:01:22+00:00;35.799517008, -78.87090124;2017;No;Yes;5;;;;;;;
29513;70 FEET FROM TRYON VILLAGE DR;NO SPECIAL FEATURE;STRAIGHT,LEVEL;PUBLIC VEHICULAR AREA;ONE-WAY,NOT DIVIDED;SMOOTH ASPHALT;DRY;DAYLIGHT;CLEAR;NO CONTROL PRESENT;35.746835352;-78.74580508;-78.7447;35.7467;P046;118;0;0;;;NONE;;NONE;;SPORT UTILITY;SPORT UTILITY;;;;NO;6887;2017-06-11;2:18:48 PM;2017-06-11T18:18:48+00:00;35.746835352, -78.74580508;2017;No;No;6;NONE;NONE,NONE;NONE,NONE;SPORT UTILITY,SPORT UTILITY;SPORT UTILITY,SPORT UTILITY;SPORT UTILITY,SPORT UTILITY;SPORT UTILITY,SPORT UTILITY
29515;.25 MILES FROM CROSSROADS BLVD;FOUR-WAY INTERSECTION;STRAIGHT,LEVEL;LOCAL STREET;TWO-WAY,DIVIDED,UNPROTECTED MEDIAN;SMOOTH ASPHALT;DRY;DAYLIGHT;CLEAR;STOP AND GO SIGNAL;35.761266214;-78.7418746;-78.7391;35.761;P120;118;0;0;;;NONE;;NONE;;PASSENGER CAR;PICKUP;PASSENGER CAR;;;NO;6889;2017-06-11;3:26:47 PM;2017-06-11T19:26:47+00:00;35.761266214, -78.7418746;2017;No;No;6;NONE;NONE,NONE;NONE,NONE;PASSENGER CAR,PICKUP;PASSENGER CAR,PICKUP,PASSENGER CAR;PASSENGER CAR,PICKUP,PASSENGER CAR;PASSENGER CAR,PICKUP,PASSENGER CAR
29519;230 FEET FROM PVA 410 E CHATHAM ST;DRIVEWAY, PUBLIC;CURVE,GRADE;PUBLIC VEHICULAR AREA;TWO-WAY,NOT DIVIDED;SMOOTH ASPHALT;DRY;DAYLIGHT;CLEAR;NO CONTROL PRESENT;;;;;;;0;0;;;NONE;;NONE;;;;;;;NO;6893;2017-06-12;10:05 AM;2017-06-12T14:05:00+00:00;;2017;No;No;6;NONE;NONE,NONE;NONE,NONE;;;;
29522;337 FEET FROM HIGH MEADOW DR;NO SPECIAL FEATURE;CURVE,LEVEL;LOCAL STREET;TWO-WAY,DIVIDED,UNPROTECTED MEDIAN;COARSE ASPHALT;DRY;DAYLIGHT;CLEAR;STOP SIGN;35.761828454;-78.78340521;-78.7822;35.7617;P027;112;0;0;;;NONE;;NONE;;PASSENGER CAR;PASSENGER CAR;;;;NO;6896;2017-06-12;2:23:59 PM;2017-06-12T18:23:59+00:00;35.761828454, -78.78340521;2017;No;No;6;NONE;NONE,NONE;NONE,NONE;PASSENGER CAR,PASSENGER CAR;PASSENGER CAR,PASSENGER CAR;PASSENGER CAR,PASSENGER CAR;PASSENGER CAR,PASSENGER CAR