tamainid;location_description;rdfeature;rdcharacter;rdclass;rdconfigur;rdsurface;rdcondition;lightcond;weather;trafcontrl;lat;lon;lon2;lat2;tract;zone;fatality;possblinj;numpassengers;numpedestrians;contrcir1_desc;contrcir2_desc;contrcir3_desc;contrcir4_desc;vehicle1;vehicle2;vehicle3;vehicle4;vehicle5;workarea;records;ta_date;ta_time;crash_date;geo_location;year;fatalities;injuries;month;contrfact1;contrfact2;contributing_factor;vehicleconcat1;vehicleconcat2;vehicleconcat3;vehicle_type
29719;83 FEET FROM PVA 1937 SR 1615 (HIGH HOUSE R;NO SPECIAL FEATURE;STRAIGHT,GRADE;PUBLIC VEHICULAR AREA;TWO-WAY,NOT DIVIDED;SMOOTH ASPHALT;DRY;DAYLIGHT;CLEAR;NO CONTROL PRESENT;;;-78.849929;35.78934;;117;0;0;2;;NONE;;NONE;;PASSENGER CAR;PICKUP;;;;NO;7093;2017-06-27;2:07:50 PM;2017-06-27T18:07:50+00:00;;2017;No;No;6;NONE;NONE,NONE;NONE,NONE;PASSENGER CAR,PICKUP;PASSENGER CAR,PICKUP;PASSENGER CAR,PICKUP;PASSENGER CAR,PICKUP
29725;50 FEET FROM NC 55 HWY;RELATED TO INTERSECTION;STRAIGHT,LEVEL;NC ROUTE;TWO-WAY,NOT DIVIDED;SMOOTH ASPHALT;DRY;DAYLIGHT;CLEAR;STOP AND GO SIGNAL;35.787741693;-78.8708349;-78.8702;35.7866;P118;117;0;0;;;NONE;;NONE;;PASSENGER CAR;VAN;;;;NO;7099;2017-06-28;11:27 AM;2017-06-28T15:27:00+00:00;35.787741693, -78.8708349;2017;No;No;6;NONE;NONE,NONE;NONE,NONE;PASSENGER CAR,VAN;PASSENGER CAR,VAN;PASSENGER CAR,VAN;PASSENGER CAR,VAN
29731;1 MILES FROM US 1 HWY;NO SPECIAL FEATURE;STRAIGHT,LEVEL;US ROUTE;TWO-WAY,DIVIDED,POSITIVE MEDIAN BARRIER;COARSE ASPHALT;DRY;DAYLIGHT;CLEAR;NO CONTROL PRESENT;;;-78.7705;35.7498;;;0;0;;;NONE;;NONE;;PASSENGER CAR;PASSENGER CAR;;;;NO;7105;2017-06-28;4:17:00 PM;2017-06-28T20:17:00+00:00;;2017;No;No;6;NONE;NONE,NONE;NONE,NONE;PASSENGER CAR,PASSENGER CAR;PASSENGER CAR,PASSENGER CAR;PASSENGER CAR,PASSENGER CAR;PASSENGER CAR,PASSENGER CAR
29732;60 FEET FROM PVA 2420 TRENTON RD;DRIVEWAY, PRIVATE;STRAIGHT,LEVEL;PRIVATE ROAD,DRIVEWAY;ONE-WAY,NOT DIVIDED;GRAVEL;DRY;DAYLIGHT;CLEAR;NO CONTROL PRESENT;;;-78.7449;35.8142;;;0;0;1;;NONE;;NONE;;PICKUP;PASSENGER CAR;;;;NO;7106;2017-06-28;6:45:19 AM;2017-06-28T10:45:19+00:00;;2017;No;No;6;NONE;NONE,NONE;NONE,NONE;PICKUP,PASSENGER CAR;PICKUP,PASSENGER CAR;PICKUP,PASSENGER CAR;PICKUP,PASSENGER CAR
29737;200 FEET FROM 2010 KILDAIRE FARM ROAD (PVA);DRIVEWAY, PUBLIC;STRAIGHT,LEVEL;PUBLIC VEHICULAR AREA;ONE-WAY,NOT DIVIDED;SMOOTH ASPHALT;DRY;DAYLIGHT;CLEAR;NO CONTROL PRESENT;;;-78.781385;35.73791;;116;0;0;;;;;NONE;;PASSENGER CAR;PASSENGER CAR;;;;NO;7111;2017-06-29;7:56:10 PM;2017-06-29T23:56:10+00:00;;2017;No;No;6;;NONE;NONE;PASSENGER CAR,PASSENGER CAR;PASSENGER CAR,PASSENGER CAR;PASSENGER CAR,PASSENGER CAR;PASSENGER CAR,PASSENGER CAR
29742;100 FEET FROM US 1 HWY;RELATED TO INTERSECTION;STRAIGHT,GRADE;US ROUTE;TWO-WAY,DIVIDED,UNPROTECTED MEDIAN;SMOOTH ASPHALT;DRY;DUSK;CLEAR;STOP AND GO SIGNAL;35.76215792;-78.74506048;-78.7446;35.7607;P083;112;0;0;;;NONE;;NONE;;PASSENGER CAR;PASSENGER CAR;;;;NO;7116;2017-06-29;7:42:57 PM;2017-06-29T23:42:57+00:00;35.76215792, -78.74506048;2017;No;No;6;NONE;NONE,NONE;NONE,NONE;PASSENGER CAR,PASSENGER CAR;PASSENGER CAR,PASSENGER CAR;PASSENGER CAR,PASSENGER CAR;PASSENGER CAR,PASSENGER CAR
29745;95 FEET FROM DRIVEWAY 103 RAPPORT DR;NO SPECIAL FEATURE;STRAIGHT,GRADE;PRIVATE ROAD,DRIVEWAY;ONE-WAY,NOT DIVIDED;CONCRETE;DRY;DAYLIGHT;CLEAR;NO CONTROL PRESENT;;;-78.878789;35.778437;;117;0;0;;;NONE;;NONE;;LIGHT TRUCK (MINI-VAN- PANEL);;;;;NO;7119;2017-06-28;5:47:37 PM;2017-06-28T21:47:37+00:00;;2017;No;No;6;NONE;NONE,NONE;NONE,NONE;LIGHT TRUCK (MINI-VAN- PANEL);LIGHT TRUCK (MINI-VAN- PANEL);LIGHT TRUCK (MINI-VAN- PANEL);LIGHT TRUCK (MINI-VAN- PANEL)
29750;.82 MILES FROM US 1 HIGHWAY;OFF-RAMP TERMINAL ON CROSSROAD;STRAIGHT,GRADE;US ROUTE;ONE-WAY,NOT DIVIDED;COARSE ASPHALT;DRY;DAYLIGHT;CLEAR;STOP AND GO SIGNAL;;;-78.79;35.73;;115;0;0;;;NONE;;NONE;;PASSENGER CAR;PICKUP;;;;NO;7124;2017-06-30;8:08:17 AM;2017-06-30T12:08:17+00:00;;2017;No;No;6;NONE;NONE,NONE;NONE,NONE;PASSENGER CAR,PICKUP;PASSENGER CAR,PICKUP;PASSENGER CAR,PICKUP;PASSENGER CAR,PICKUP
29757;CARY;;;;;;;;;;;;;;;;0;0;;;;;;;PICKUP;;;;;;7131;2017-06-26;12:00 AM;2017-06-26T04:00:00+00:00;;2017;No;No;6;;;;PICKUP;PICKUP;PICKUP;PICKUP
29759;.1 MILES FROM PVA OF 2021 WALNUT ST;NO SPECIAL FEATURE;STRAIGHT,LEVEL;PUBLIC VEHICULAR AREA;TWO-WAY,NOT DIVIDED;SMOOTH ASPHALT;DRY;DAYLIGHT;CLEAR;NO CONTROL PRESENT;35.758150292;-78.73940464;-78.738;35.7581;P120;118;0;0;;;;;NONE;;PASSENGER CAR;PASSENGER CAR;;;;NO;7133;2017-07-02;6:38:16 PM;2017-07-02T22:38:16+00:00;35.758150292, -78.73940464;2017;No;No;7;;NONE;NONE;PASSENGER CAR,PASSENGER CAR;PASSENGER CAR,PASSENGER CAR;PASSENGER CAR,PASSENGER CAR;PASSENGER CAR,PASSENGER CAR
29761;302 FEET FROM PVA 1961 SR 1615 (HIGH HOUSE R;NO SPECIAL FEATURE;STRAIGHT,GRADE;PUBLIC VEHICULAR AREA;TWO-WAY,NOT DIVIDED;SMOOTH ASPHALT;DRY;DAYLIGHT;CLEAR;NO CONTROL PRESENT;;;-78.848225;35.790006;;117;0;0;2;;NONE;;NONE;;PASSENGER CAR;PASSENGER CAR;;;;NO;7135;2017-06-30;4:25:51 PM;2017-06-30T20:25:51+00:00;;2017;No;No;6;NONE;NONE,NONE;NONE,NONE;PASSENGER CAR,PASSENGER CAR;PASSENGER CAR,PASSENGER CAR;PASSENGER CAR,PASSENGER CAR;PASSENGER CAR,PASSENGER CAR
29765;110 FEET FROM SR 3112 (SW CARY PKWY);NO SPECIAL FEATURE;STRAIGHT,LEVEL;STATE SECONDARY ROUTE;TWO-WAY,DIVIDED,UNPROTECTED MEDIAN;SMOOTH ASPHALT;DRY;DAYLIGHT;CLOUDY;NO CONTROL PRESENT;;;-78.830437;35.769475;;117;0;0;;;NONE;;NONE;;PASSENGER CAR;PASSENGER CAR;;;;NO;7139;2017-06-30;5:19:12 PM;2017-06-30T21:19:12+00:00;;2017;No;No;6;NONE;NONE,NONE;NONE,NONE;PASSENGER CAR,PASSENGER CAR;PASSENGER CAR,PASSENGER CAR;PASSENGER CAR,PASSENGER CAR;PASSENGER CAR,PASSENGER CAR
29770;.11 MILES FROM US HWY 1 SB;ON-RAMP ENTRY;STRAIGHT,LEVEL;US ROUTE;TWO-WAY,DIVIDED,UNPROTECTED MEDIAN;SMOOTH ASPHALT;WET;DAYLIGHT;CLOUDY;NO CONTROL PRESENT;35.761049535;-78.74408944;-78.739473;35.765219;P045;118;0;0;;;NONE;;NONE;;PASSENGER CAR;PASSENGER CAR;;;;NO;7144;2017-06-30;7:55:40 PM;2017-06-30T23:55:40+00:00;35.761049535, -78.74408944;2017;No;No;6;NONE;NONE,NONE;NONE,NONE;PASSENGER CAR,PASSENGER CAR;PASSENGER CAR,PASSENGER CAR;PASSENGER CAR,PASSENGER CAR;PASSENGER CAR,PASSENGER CAR
29777;200 FEET FROM US HWY 64;NO SPECIAL FEATURE;STRAIGHT,LEVEL;US ROUTE;TWO-WAY,DIVIDED,UNPROTECTED MEDIAN;SMOOTH ASPHALT;WET;DAYLIGHT;RAIN;NO CONTROL PRESENT;35.742279787;-78.81425216;-78.817452;35.743069;P041;116;0;1;;;NONE;;NONE;;SPORT UTILITY;PICKUP;PASSENGER CAR;;;NO;7151;2017-06-30;2:54:52 PM;2017-06-30T18:54:52+00:00;35.742279787, -78.81425216;2017;No;Yes;6;NONE;NONE,NONE;NONE,NONE;SPORT UTILITY,PICKUP;SPORT UTILITY,PICKUP,PASSENGER CAR;SPORT UTILITY,PICKUP,PASSENGER CAR;SPORT UTILITY,PICKUP,PASSENGER CAR
29781;.15 MILES FROM SR1613 (DAVIS DR);NO SPECIAL FEATURE;STRAIGHT,LEVEL;STATE SECONDARY ROUTE;TWO-WAY,DIVIDED,UNPROTECTED MEDIAN;COARSE ASPHALT;DRY;DAYLIGHT;CLEAR;NO CONTROL PRESENT;35.768412277;-78.84339762;-78.8442;35.7704;P071;117;0;0;2;;NONE;;NONE;;SPORT UTILITY;PASSENGER CAR;;;;NO;7155;2017-07-02;9:45:43 AM;2017-07-02T13:45:43+00:00;35.768412277, -78.84339762;2017;No;No;7;NONE;NONE,NONE;NONE,NONE;SPORT UTILITY,PASSENGER CAR;SPORT UTILITY,PASSENGER CAR;SPORT UTILITY,PASSENGER CAR;SPORT UTILITY,PASSENGER CAR
29790;50 FEET FROM PVA (205 S ACADEMY ST);NO SPECIAL FEATURE;STRAIGHT,LEVEL;PUBLIC VEHICULAR AREA;TWO-WAY,NOT DIVIDED;SMOOTH ASPHALT;DRY;DAYLIGHT;CLEAR;NO CONTROL PRESENT;;;-78.7807;35.786;;;0;0;;;NONE;;NONE;;PASSENGER CAR;PASSENGER CAR;;;;NO;7164;2017-07-03;11:35 AM;2017-07-03T15:35:00+00:00;;2017;No;No;7;NONE;NONE,NONE;NONE,NONE;PASSENGER CAR,PASSENGER CAR;PASSENGER CAR,PASSENGER CAR;PASSENGER CAR,PASSENGER CAR;PASSENGER CAR,PASSENGER CAR
29795;CARY;RELATED TO INTERSECTION;STRAIGHT,LEVEL;STATE SECONDARY ROUTE;TWO-WAY,NOT DIVIDED;SMOOTH ASPHALT;DRY;DAYLIGHT;CLEAR;STOP AND GO SIGNAL;;;-78.796238;35.798778;;;0;0;;;;;NONE;;SPORT UTILITY;PASSENGER CAR;;;;NO;7169;2017-07-01;12:53 PM;2017-07-01T16:53:00+00:00;;2017;No;No;7;;NONE;NONE;SPORT UTILITY,PASSENGER CAR;SPORT UTILITY,PASSENGER CAR;SPORT UTILITY,PASSENGER CAR;SPORT UTILITY,PASSENGER CAR
29815;0 FEET FROM SR 3081 (CHAPEL HILL RD);T-INTERSECTION;STRAIGHT,LEVEL;STATE SECONDARY ROUTE;TWO-WAY,NOT DIVIDED;SMOOTH ASPHALT;DRY;DAYLIGHT;CLEAR;STOP SIGN;;;-78.786;35.792;;;0;0;;;NONE;;NONE;;PASSENGER CAR;SPORT UTILITY;;;;NO;7189;2017-07-05;4:55:18 PM;2017-07-05T20:55:18+00:00;;2017;No;No;7;NONE;NONE,NONE;NONE,NONE;PASSENGER CAR,SPORT UTILITY;PASSENGER CAR,SPORT UTILITY;PASSENGER CAR,SPORT UTILITY;PASSENGER CAR,SPORT UTILITY
29821;150 FEET FROM PVA (1150 SW MAYNARD RD);NO SPECIAL FEATURE;STRAIGHT,LEVEL;PUBLIC VEHICULAR AREA;TWO-WAY,NOT DIVIDED;SMOOTH ASPHALT;DRY;DAYLIGHT;CLEAR;NO CONTROL PRESENT;;;-78.8038;35.7767;;114;0;0;1;;NONE;;NONE;;SPORT UTILITY;VAN;;;;NO;7195;2017-07-06;12:44 PM;2017-07-06T16:44:00+00:00;;2017;No;No;7;NONE;NONE,NONE;NONE,NONE;SPORT UTILITY,VAN;SPORT UTILITY,VAN;SPORT UTILITY,VAN;SPORT UTILITY,VAN
29822;125 FEET FROM SR 1011 (OLD APEX RD);NO SPECIAL FEATURE;STRAIGHT,LEVEL;STATE SECONDARY ROUTE;TWO-WAY,NOT DIVIDED;SMOOTH ASPHALT;DRY;DAYLIGHT;CLEAR;STOP AND GO SIGNAL;;;-78.821313;35.762244;;117;0;0;1;;NONE;;NONE;;PASSENGER CAR;PASSENGER CAR;;;;NO;7196;2017-07-06;7:05:40 PM;2017-07-06T23:05:40+00:00;;2017;No;No;7;NONE;NONE,NONE;NONE,NONE;PASSENGER CAR,PASSENGER CAR;PASSENGER CAR,PASSENGER CAR;PASSENGER CAR,PASSENGER CAR;PASSENGER CAR,PASSENGER CAR
29831;200 FEET FROM HWY US 64;NO SPECIAL FEATURE;STRAIGHT,GRADE;US ROUTE;TWO-WAY,DIVIDED,UNPROTECTED MEDIAN;SMOOTH ASPHALT;DRY;DAYLIGHT;CLEAR;NO CONTROL PRESENT;;;-78.7974;35.7385;;;0;1;1;;;;NONE;;VAN;SPORT UTILITY;PASSENGER CAR;;;NO;7205;2017-07-10;4:44:39 PM;2017-07-10T20:44:39+00:00;;2017;No;Yes;7;;NONE;NONE;VAN,SPORT UTILITY;VAN,SPORT UTILITY,PASSENGER CAR;VAN,SPORT UTILITY,PASSENGER CAR;VAN,SPORT UTILITY,PASSENGER CAR
29836;50 FEET FROM SR 1423 (PINEY PLAINS RD);NO SPECIAL FEATURE;STRAIGHT,LEVEL;STATE SECONDARY ROUTE;TWO-WAY,NOT DIVIDED;SMOOTH ASPHALT;DRY;DAYLIGHT;CLEAR;STOP AND GO SIGNAL;;;-78.7547;35.7455;;;0;0;1;;;;NONE;;SPORT UTILITY;SPORT UTILITY;;;;NO;7210;2017-07-10;2:47:03 PM;2017-07-10T18:47:03+00:00;;2017;No;No;7;;NONE;NONE;SPORT UTILITY,SPORT UTILITY;SPORT UTILITY,SPORT UTILITY;SPORT UTILITY,SPORT UTILITY;SPORT UTILITY,SPORT UTILITY
29837;125 FEET FROM PVA OF 8204 TRYON WOODS DR;NO SPECIAL FEATURE;STRAIGHT,LEVEL;PUBLIC VEHICULAR AREA;TWO-WAY,NOT DIVIDED;SMOOTH ASPHALT;DRY;DAYLIGHT;CLEAR;NO CONTROL PRESENT;;;-78.7412;35.746;;;0;0;;;;;NONE;;PASSENGER CAR;SPORT UTILITY;;;;NO;7211;2017-07-10;12:14 PM;2017-07-10T16:14:00+00:00;;2017;No;No;7;;NONE;NONE;PASSENGER CAR,SPORT UTILITY;PASSENGER CAR,SPORT UTILITY;PASSENGER CAR,SPORT UTILITY;PASSENGER CAR,SPORT UTILITY
29839;CARY;T-INTERSECTION;STRAIGHT,LEVEL;STATE SECONDARY ROUTE;TWO-WAY,DIVIDED,UNPROTECTED MEDIAN;SMOOTH ASPHALT;DRY;DAYLIGHT;CLEAR;STOP AND GO SIGNAL;;;-78.774;35.7547;P112;112;0;2;1;;;;NONE;;PASSENGER CAR;PASSENGER CAR;;;;NO;7213;2017-07-06;7:39:56 PM;2017-07-06T23:39:56+00:00;;2017;No;Yes;7;;NONE;NONE;PASSENGER CAR,PASSENGER CAR;PASSENGER CAR,PASSENGER CAR;PASSENGER CAR,PASSENGER CAR;PASSENGER CAR,PASSENGER CAR
29840;50 FEET FROM SR-4067 (REGENCY PKWY);RELATED TO INTERSECTION;STRAIGHT,LEVEL;STATE SECONDARY ROUTE;TWO-WAY,DIVIDED,UNPROTECTED MEDIAN;SMOOTH ASPHALT;DRY;DAYLIGHT;CLEAR;STOP AND GO SIGNAL;;;-78.7919;35.7326;;;0;0;;;NONE;;NONE;;SPORT UTILITY;PASSENGER CAR;;;;NO;7214;2017-07-11;8:13:38 AM;2017-07-11T12:13:38+00:00;;2017;No;No;7;NONE;NONE,NONE;NONE,NONE;SPORT UTILITY,PASSENGER CAR;SPORT UTILITY,PASSENGER CAR;SPORT UTILITY,PASSENGER CAR;SPORT UTILITY,PASSENGER CAR
29842;170 FEET FROM SR 1616 (OLD APEX RD);NO SPECIAL FEATURE;STRAIGHT,LEVEL;STATE SECONDARY ROUTE;TWO-WAY,NOT DIVIDED;SMOOTH ASPHALT;DRY;DAYLIGHT;CLEAR;NO CONTROL PRESENT;;;-78.7992;35.7839;;;0;0;;;NONE;;NONE;;PASSENGER CAR;;;;;NO;7216;2017-07-07;1:43:24 PM;2017-07-07T17:43:24+00:00;;2017;No;No;7;NONE;NONE,NONE;NONE,NONE;PASSENGER CAR;PASSENGER CAR;PASSENGER CAR;PASSENGER CAR
29843;.2 MILES FROM PVA CARY TOWNE CENTER;NO SPECIAL FEATURE;STRAIGHT,LEVEL;PUBLIC VEHICULAR AREA;TWO-WAY,NOT DIVIDED;SMOOTH ASPHALT;DRY;DAYLIGHT;CLEAR;NO CONTROL PRESENT;;;-78.757968;35.772269;;;0;0;;;NONE;;NONE;;PASSENGER CAR;PASSENGER CAR;;;;NO;7217;2017-07-11;10:48 AM;2017-07-11T14:48:00+00:00;;2017;No;No;7;NONE;NONE,NONE;NONE,NONE;PASSENGER CAR,PASSENGER CAR;PASSENGER CAR,PASSENGER CAR;PASSENGER CAR,PASSENGER CAR;PASSENGER CAR,PASSENGER CAR
29846;.25 MILES FROM SR 1652 (HARRISON AVE);RAILROAD CROSSING;STRAIGHT,LEVEL;STATE SECONDARY ROUTE;TWO-WAY,NOT DIVIDED;SMOOTH ASPHALT;DRY;DARK - ROADWAY NOT LIGHTED;CLEAR;RR GATE AND FLASHER;;;-78.783314;35.789068;;;0;0;;;NONE;;NONE;;PASSENGER CAR;;;;;NO;7220;2017-07-07;10:48 PM;2017-07-08T02:48:00+00:00;;2017;No;No;7;NONE;NONE,NONE;NONE,NONE;PASSENGER CAR;PASSENGER CAR;PASSENGER CAR;PASSENGER CAR
29860;499 FEET FROM 2021 SR 1313 (WALNUT ST);DRIVEWAY, PUBLIC;STRAIGHT,LEVEL;PUBLIC VEHICULAR AREA;TWO-WAY,NOT DIVIDED;COARSE ASPHALT;DRY;DAYLIGHT;CLEAR;STOP SIGN;35.755814836;-78.74147742;-78.740579;35.758735;P045;118;0;0;;;NONE;;NONE;;PASSENGER CAR;PASSENGER CAR;;;;NO;7234;2017-07-12;6:25:44 PM;2017-07-12T22:25:44+00:00;35.755814836, -78.74147742;2017;No;No;7;NONE;NONE,NONE;NONE,NONE;PASSENGER CAR,PASSENGER CAR;PASSENGER CAR,PASSENGER CAR;PASSENGER CAR,PASSENGER CAR;PASSENGER CAR,PASSENGER CAR
29862;.5 MILES FROM CROSSROADS BLVD;NO SPECIAL FEATURE;STRAIGHT,LEVEL;LOCAL STREET;TWO-WAY,DIVIDED,UNPROTECTED MEDIAN;SMOOTH ASPHALT;DRY;DAYLIGHT;CLEAR;STOP SIGN;35.761266214;-78.7418746;-78.7361;35.7602;P120;118;0;0;;;NONE;;NONE;;PASSENGER CAR;PASSENGER CAR;;;;NO;7236;2017-07-11;5:34:40 PM;2017-07-11T21:34:40+00:00;35.761266214, -78.7418746;2017;No;No;7;NONE;NONE,NONE;NONE,NONE;PASSENGER CAR,PASSENGER CAR;PASSENGER CAR,PASSENGER CAR;PASSENGER CAR,PASSENGER CAR;PASSENGER CAR,PASSENGER CAR
29864;.13 MILES FROM SR #1415 (SE MAYNARD RD);NO SPECIAL FEATURE;STRAIGHT,LEVEL;STATE SECONDARY ROUTE;TWO-WAY,DIVIDED,POSITIVE MEDIAN BARRIER;SMOOTH ASPHALT;DRY;DAYLIGHT;CLEAR;STOP AND GO SIGNAL;;;-78.7642;35.7762;;;0;0;;;NONE;;NONE;;MOPED;PASSENGER CAR;;;;NO;7238;2017-07-12;4:27:39 PM;2017-07-12T20:27:39+00:00;;2017;No;No;7;NONE;NONE,NONE;NONE,NONE;MOPED,PASSENGER CAR;MOPED,PASSENGER CAR;MOPED,PASSENGER CAR;MOPED,PASSENGER CAR
29865;70 FEET FROM SR 1009 (TRYON RD);T-INTERSECTION;STRAIGHT,LEVEL;STATE SECONDARY ROUTE;TWO-WAY,DIVIDED,UNPROTECTED MEDIAN;SMOOTH ASPHALT;DRY;DAYLIGHT;CLEAR;STOP AND GO SIGNAL;;;-78.7859;35.7375;;;0;0;;;NONE;;NONE;;PASSENGER CAR;PASSENGER CAR;;;;NO;7239;2017-07-12;5:13:20 PM;2017-07-12T21:13:20+00:00;;2017;No;No;7;NONE;NONE,NONE;NONE,NONE;PASSENGER CAR,PASSENGER CAR;PASSENGER CAR,PASSENGER CAR;PASSENGER CAR,PASSENGER CAR;PASSENGER CAR,PASSENGER CAR
29873;400 FEET FROM PVA OF 121 TEAM HENDRICKS WAY;NO SPECIAL FEATURE;STRAIGHT,LEVEL;PUBLIC VEHICULAR AREA;TWO-WAY,NOT DIVIDED;SMOOTH ASPHALT;DRY;DAYLIGHT;CLEAR;NO CONTROL PRESENT;;;-78.8173;35.738;;;0;0;;;NONE;;NONE;;PASSENGER CAR;LIGHT TRUCK (MINI-VAN- PANEL);;;;NO;7247;2017-07-13;9:43:55 AM;2017-07-13T13:43:55+00:00;;2017;No;No;7;NONE;NONE,NONE;NONE,NONE;PASSENGER CAR,LIGHT TRUCK (MINI-VAN- PANEL);PASSENGER CAR,LIGHT TRUCK (MINI-VAN- PANEL);PASSENGER CAR,LIGHT TRUCK (MINI-VAN- PANEL);PASSENGER CAR,LIGHT TRUCK (MINI-VAN- PANEL)
29881;366 FEET FROM SR 1615 (HIGH HOUSE RD);NO SPECIAL FEATURE;STRAIGHT,LEVEL;STATE SECONDARY ROUTE;TWO-WAY,DIVIDED,UNPROTECTED MEDIAN;SMOOTH ASPHALT;DRY;DAYLIGHT;CLEAR;NO CONTROL PRESENT;;;-78.837153;35.792319;;121;0;0;;;NONE;;NONE;;LIGHT TRUCK (MINI-VAN- PANEL);SPORT UTILITY;;;;CONSTRUCTION WORK AREA;7255;2017-07-14;11:59 AM;2017-07-14T15:59:00+00:00;;2017;No;No;7;NONE;NONE,NONE;NONE,NONE;LIGHT TRUCK (MINI-VAN- PANEL),SPORT UTILITY;LIGHT TRUCK (MINI-VAN- PANEL),SPORT UTILITY;LIGHT TRUCK (MINI-VAN- PANEL),SPORT UTILITY;LIGHT TRUCK (MINI-VAN- PANEL),SPORT UTILITY
29884;150 FEET FROM PVA OF 2021 WALNUT ST;NO SPECIAL FEATURE;STRAIGHT,LEVEL;PUBLIC VEHICULAR AREA;TWO-WAY,NOT DIVIDED;COARSE ASPHALT;DRY;DAYLIGHT;CLEAR;NO CONTROL PRESENT;35.755814836;-78.74147742;-78.7399;35.7582;P045;118;0;0;;;;;NONE;;PASSENGER CAR;SPORT UTILITY;;;;NO;7258;2017-07-14;10:01 AM;2017-07-14T14:01:00+00:00;35.755814836, -78.74147742;2017;No;No;7;;NONE;NONE;PASSENGER CAR,SPORT UTILITY;PASSENGER CAR,SPORT UTILITY;PASSENGER CAR,SPORT UTILITY;PASSENGER CAR,SPORT UTILITY
29885;127 FEET FROM SR 3977 (CARY PKWY);NO SPECIAL FEATURE;CURVE,LEVEL;STATE SECONDARY ROUTE;TWO-WAY,DIVIDED,UNPROTECTED MEDIAN;SMOOTH ASPHALT;DRY;DARK - LIGHTED ROADWAY;CLEAR;NO CONTROL PRESENT;;;-78.759803;35.73964;;118;0;0;;;NONE;;NONE;;SPORT UTILITY;;;;;NO;7259;2017-07-13;1:49:29 AM;2017-07-13T05:49:29+00:00;;2017;No;No;7;NONE;NONE,NONE;NONE,NONE;SPORT UTILITY;SPORT UTILITY;SPORT UTILITY;SPORT UTILITY
29886;100 FEET FROM PVA 1393 KILDAIRE FARM RD);DRIVEWAY, PUBLIC;STRAIGHT,LEVEL;PUBLIC VEHICULAR AREA;ONE-WAY,NOT DIVIDED;SMOOTH ASPHALT;DRY;DAYLIGHT;CLEAR;NO CONTROL PRESENT;;;-78.781566;35.758941;;112;0;0;2;;;;NONE;;PASSENGER CAR;PASSENGER CAR;;;;NO;7260;2017-07-14;1:14:40 PM;2017-07-14T17:14:40+00:00;;2017;No;No;7;;NONE;NONE;PASSENGER CAR,PASSENGER CAR;PASSENGER CAR,PASSENGER CAR;PASSENGER CAR,PASSENGER CAR;PASSENGER CAR,PASSENGER CAR
29900;.1212 MILES FROM PVA OF 2430 WALNUT ST;DRIVEWAY, PUBLIC;STRAIGHT,LEVEL;PUBLIC VEHICULAR AREA;TWO-WAY,NOT DIVIDED;SMOOTH ASPHALT;DRY;DAYLIGHT;CLEAR;NO CONTROL PRESENT;;;-78.743315;35.752414;;;0;0;1;;NONE;;NONE;;PASSENGER CAR;VAN;;;;NO;7274;2017-07-15;2:11:39 PM;2017-07-15T18:11:39+00:00;;2017;No;No;7;NONE;NONE,NONE;NONE,NONE;PASSENGER CAR,VAN;PASSENGER CAR,VAN;PASSENGER CAR,VAN;PASSENGER CAR,VAN
29904;300 FEET FROM TRAILVIEW DR;NO SPECIAL FEATURE;STRAIGHT,LEVEL;LOCAL STREET;TWO-WAY,NOT DIVIDED;SMOOTH ASPHALT;DRY;DAYLIGHT;CLEAR;NO CONTROL PRESENT;35.776786389;-78.84244461;-78.84143;35.77738;P066;117;0;0;;;;;NONE;;SPORT UTILITY;PASSENGER CAR;;;;NO;7278;2017-07-16;11:19 AM;2017-07-16T15:19:00+00:00;35.776786389, -78.84244461;2017;No;No;7;;NONE;NONE;SPORT UTILITY,PASSENGER CAR;SPORT UTILITY,PASSENGER CAR;SPORT UTILITY,PASSENGER CAR;SPORT UTILITY,PASSENGER CAR
29906;.05 MILES FROM WALNUT ST;NO SPECIAL FEATURE;STRAIGHT,LEVEL;LOCAL STREET;TWO-WAY,NOT DIVIDED;SMOOTH ASPHALT;DRY;DAYLIGHT;CLEAR;NO CONTROL PRESENT;35.778201406;-78.7716373;-78.7733;35.7795;P058;120;0;0;;;NONE;;NONE;;PASSENGER CAR;PASSENGER CAR;PASSENGER CAR;;;NO;7280;2017-07-16;6:24:45 PM;2017-07-16T22:24:45+00:00;35.778201406, -78.7716373;2017;No;No;7;NONE;NONE,NONE;NONE,NONE;PASSENGER CAR,PASSENGER CAR;PASSENGER CAR,PASSENGER CAR,PASSENGER CAR;PASSENGER CAR,PASSENGER CAR,PASSENGER CAR;PASSENGER CAR,PASSENGER CAR,PASSENGER CAR
29912;CARY;NO SPECIAL FEATURE;STRAIGHT,LEVEL;STATE SECONDARY ROUTE;TWO-WAY,DIVIDED,UNPROTECTED MEDIAN;SMOOTH ASPHALT;DRY;DAYLIGHT;CLEAR;NO CONTROL PRESENT;35.792027516;-78.76378662;-78.762285;35.791989;P055;120;0;0;;;NONE;;NONE;;PASSENGER CAR;PASSENGER CAR;;;;NO;7286;2017-07-14;5:43:57 PM;2017-07-14T21:43:57+00:00;35.792027516, -78.76378662;2017;No;No;7;NONE;NONE,NONE;NONE,NONE;PASSENGER CAR,PASSENGER CAR;PASSENGER CAR,PASSENGER CAR;PASSENGER CAR,PASSENGER CAR;PASSENGER CAR,PASSENGER CAR