tamainid;location_description;rdfeature;rdcharacter;rdclass;rdconfigur;rdsurface;rdcondition;lightcond;weather;trafcontrl;lat;lon;lon2;lat2;tract;zone;fatality;possblinj;numpassengers;numpedestrians;contrcir1_desc;contrcir2_desc;contrcir3_desc;contrcir4_desc;vehicle1;vehicle2;vehicle3;vehicle4;vehicle5;workarea;records;ta_date;ta_time;crash_date;geo_location;year;fatalities;injuries;month;contrfact1;contrfact2;contributing_factor;vehicleconcat1;vehicleconcat2;vehicleconcat3;vehicle_type
29925;CARY;FOUR-WAY INTERSECTION;STRAIGHT,LEVEL;STATE SECONDARY ROUTE;TWO-WAY,DIVIDED,UNPROTECTED MEDIAN;SMOOTH ASPHALT;DRY;DAYLIGHT;CLEAR;STOP AND GO SIGNAL;;;-78.8091;35.7861;;;0;2;;;NONE;;NONE;;PASSENGER CAR;PASSENGER CAR;;;;NO;7299;2017-07-17;3:22:41 PM;2017-07-17T19:22:41+00:00;;2017;No;Yes;7;NONE;NONE,NONE;NONE,NONE;PASSENGER CAR,PASSENGER CAR;PASSENGER CAR,PASSENGER CAR;PASSENGER CAR,PASSENGER CAR;PASSENGER CAR,PASSENGER CAR
29927;.1 MILES FROM SR 1300 WALNUT ST;NO SPECIAL FEATURE;STRAIGHT,LEVEL;STATE SECONDARY ROUTE;TWO-WAY,DIVIDED,UNPROTECTED MEDIAN;SMOOTH ASPHALT;DRY;DAYLIGHT;CLEAR;NO CONTROL PRESENT;;;-78.7494;35.764;;;0;0;;;;;NONE;;PASSENGER CAR;VAN;;;;NO;7301;2017-07-17;4:50:36 PM;2017-07-17T20:50:36+00:00;;2017;No;No;7;;NONE;NONE;PASSENGER CAR,VAN;PASSENGER CAR,VAN;PASSENGER CAR,VAN;PASSENGER CAR,VAN
29928;200 FEET FROM PVA (1961 HIGH HOUSE RD);NO SPECIAL FEATURE;STRAIGHT,GRADE;PUBLIC VEHICULAR AREA;TWO-WAY,NOT DIVIDED;COARSE ASPHALT;DRY;DAYLIGHT;CLOUDY;NO CONTROL PRESENT;35.790025631;-78.85048902;-78.8478;35.7897;P017;121;0;0;1;;NONE;;NONE;;PASSENGER CAR;PASSENGER CAR;;;;NO;7302;2017-07-17;6:02:17 PM;2017-07-17T22:02:17+00:00;35.790025631, -78.85048902;2017;No;No;7;NONE;NONE,NONE;NONE,NONE;PASSENGER CAR,PASSENGER CAR;PASSENGER CAR,PASSENGER CAR;PASSENGER CAR,PASSENGER CAR;PASSENGER CAR,PASSENGER CAR
29932;30 FEET FROM PVA (101 MARBURY CT);NO SPECIAL FEATURE;STRAIGHT,LEVEL;PUBLIC VEHICULAR AREA;TWO-WAY,NOT DIVIDED;SMOOTH ASPHALT;DRY;DAYLIGHT;CLEAR;NO CONTROL PRESENT;;;-78.789382;35.811289;;;0;0;;;NONE;;NONE;;PASSENGER CAR;PASSENGER CAR;;;;NO;7306;2017-07-15;5:51:01 PM;2017-07-15T21:51:01+00:00;;2017;No;No;7;NONE;NONE,NONE;NONE,NONE;PASSENGER CAR,PASSENGER CAR;PASSENGER CAR,PASSENGER CAR;PASSENGER CAR,PASSENGER CAR;PASSENGER CAR,PASSENGER CAR
29935;20 FEET FROM NC 54 (NE MAYNARD RD);NO SPECIAL FEATURE;STRAIGHT,GRADE;NC ROUTE;TWO-WAY,DIVIDED,UNPROTECTED MEDIAN;SMOOTH ASPHALT;WET;DAYLIGHT;RAIN;NO CONTROL PRESENT;35.889162378;-78.89578575;-78.7816;35.8027;P095;DURH;0;0;;;NONE;;NONE;;PASSENGER CAR;PASSENGER CAR;;;;NO;7309;2017-07-18;4:51:28 PM;2017-07-18T20:51:28+00:00;35.889162378, -78.89578575;2017;No;No;7;NONE;NONE,NONE;NONE,NONE;PASSENGER CAR,PASSENGER CAR;PASSENGER CAR,PASSENGER CAR;PASSENGER CAR,PASSENGER CAR;PASSENGER CAR,PASSENGER CAR
29936;75 FEET FROM SR 1300 (KILDAIRE FARM RD);NO SPECIAL FEATURE;STRAIGHT,LEVEL;STATE SECONDARY ROUTE;TWO-WAY,DIVIDED,UNPROTECTED MEDIAN;SMOOTH ASPHALT;DRY;DAYLIGHT;CLEAR;STOP AND GO SIGNAL;;;-78.7829;35.7576;;112;0;0;;;;;NONE;;PASSENGER CAR;PASSENGER CAR;;;;NO;7310;2017-07-06;3:40:07 PM;2017-07-06T19:40:07+00:00;;2017;No;No;7;;NONE;NONE;PASSENGER CAR,PASSENGER CAR;PASSENGER CAR,PASSENGER CAR;PASSENGER CAR,PASSENGER CAR;PASSENGER CAR,PASSENGER CAR
29958;CARY;NO SPECIAL FEATURE;STRAIGHT,LEVEL;LOCAL STREET;TWO-WAY,NOT DIVIDED;SMOOTH ASPHALT;DRY;DAYLIGHT;CLEAR;NO CONTROL PRESENT;;;-78.917;35.8032;;;0;0;;;NONE;;NONE;;VAN;PICKUP;;;;CONSTRUCTION WORK AREA;7332;2017-07-19;12:38 PM;2017-07-19T16:38:00+00:00;;2017;No;No;7;NONE;NONE,NONE;NONE,NONE;VAN,PICKUP;VAN,PICKUP;VAN,PICKUP;VAN,PICKUP
29961;CARY;FOUR-WAY INTERSECTION;STRAIGHT,LEVEL;LOCAL STREET;TWO-WAY,NOT DIVIDED;SMOOTH ASPHALT;DRY;DAYLIGHT;CLEAR;STOP SIGN;35.786591781;-78.77858472;-78.7785;35.7824;P125;120;0;1;;;;;NONE;;PASSENGER CAR;PASSENGER CAR;;;;NO;7335;2017-07-20;1:34:57 PM;2017-07-20T17:34:57+00:00;35.786591781, -78.77858472;2017;No;Yes;7;;NONE;NONE;PASSENGER CAR,PASSENGER CAR;PASSENGER CAR,PASSENGER CAR;PASSENGER CAR,PASSENGER CAR;PASSENGER CAR,PASSENGER CAR
29965;100 FEET FROM PVA OF 1300 CRESCENT GREEN;NO SPECIAL FEATURE;STRAIGHT,LEVEL;PUBLIC VEHICULAR AREA;TWO-WAY,NOT DIVIDED;SMOOTH ASPHALT;DRY;DAYLIGHT;CLEAR;NO CONTROL PRESENT;;;;35.7330042;;;0;0;;;;;NONE;;PASSENGER CAR;PASSENGER CAR;;;;NO;7339;2017-07-20;1:13:07 PM;2017-07-20T17:13:07+00:00;;2017;No;No;7;;NONE;NONE;PASSENGER CAR,PASSENGER CAR;PASSENGER CAR,PASSENGER CAR;PASSENGER CAR,PASSENGER CAR;PASSENGER CAR,PASSENGER CAR
29968;.19 MILES FROM SR #1652 (N HARRISON AV);NO SPECIAL FEATURE;CURVE,LEVEL;STATE SECONDARY ROUTE;TWO-WAY,NOT DIVIDED;SMOOTH ASPHALT;DRY;DAYLIGHT;CLEAR;STOP AND GO SIGNAL;;;-78.7686;35.8295;;;0;0;;;NONE;;NONE;;PASSENGER CAR;PASSENGER CAR;;;;NO;7342;2017-07-20;6:08:35 PM;2017-07-20T22:08:35+00:00;;2017;No;No;7;NONE;NONE,NONE;NONE,NONE;PASSENGER CAR,PASSENGER CAR;PASSENGER CAR,PASSENGER CAR;PASSENGER CAR,PASSENGER CAR;PASSENGER CAR,PASSENGER CAR
29969;20 FEET FROM OFF RAMP US 1 TO US 64;OFF-RAMP PROPER;STRAIGHT,LEVEL;US ROUTE;TWO-WAY,DIVIDED,POSITIVE MEDIAN BARRIER;SMOOTH ASPHALT;DRY;DAYLIGHT;CLEAR;STOP AND GO SIGNAL;;;-78.794;35.738;;;0;0;1;;NONE;;NONE;;PASSENGER CAR;PASSENGER CAR;;;;NO;7343;2017-07-20;12:08 PM;2017-07-20T16:08:00+00:00;;2017;No;No;7;NONE;NONE,NONE;NONE,NONE;PASSENGER CAR,PASSENGER CAR;PASSENGER CAR,PASSENGER CAR;PASSENGER CAR,PASSENGER CAR;PASSENGER CAR,PASSENGER CAR
29973;75 FEET FROM SR1415 (SE MAYNARD RD);OFF-RAMP ENTRY;CURVE,GRADE;STATE SECONDARY ROUTE;ONE-WAY,NOT DIVIDED;SMOOTH ASPHALT;DRY;DAYLIGHT;CLEAR;NO CONTROL PRESENT;;;-78.7637;35.7719;;;0;0;2;;NONE;;NONE;;PASSENGER CAR;PASSENGER CAR;;;;NO;7347;2017-07-20;1:21:20 PM;2017-07-20T17:21:20+00:00;;2017;No;No;7;NONE;NONE,NONE;NONE,NONE;PASSENGER CAR,PASSENGER CAR;PASSENGER CAR,PASSENGER CAR;PASSENGER CAR,PASSENGER CAR;PASSENGER CAR,PASSENGER CAR
29985;150 FEET FROM SR1613 (DAVIS DR);NO SPECIAL FEATURE;STRAIGHT,LEVEL;STATE SECONDARY ROUTE;TWO-WAY,DIVIDED,UNPROTECTED MEDIAN;COARSE ASPHALT;DRY;DAYLIGHT;CLEAR;NO CONTROL PRESENT;;;-78.84;35.79;;;0;0;;;NONE;;NONE;;PASSENGER CAR;PASSENGER CAR;;;;NO;7359;2017-07-20;2:47:31 PM;2017-07-20T18:47:31+00:00;;2017;No;No;7;NONE;NONE,NONE;NONE,NONE;PASSENGER CAR,PASSENGER CAR;PASSENGER CAR,PASSENGER CAR;PASSENGER CAR,PASSENGER CAR;PASSENGER CAR,PASSENGER CAR
29986;100 FEET FROM PVA AT 100 WRENN DR;NO SPECIAL FEATURE;STRAIGHT,LEVEL;PUBLIC VEHICULAR AREA;TWO-WAY,NOT DIVIDED;SMOOTH ASPHALT;DRY;DAYLIGHT;CLEAR;NO CONTROL PRESENT;35.710098203;-78.79018979;-78.784104;35.765065;P052;116;0;0;;;;;NONE;;SPORT UTILITY;PASSENGER CAR;;;;NO;7360;2017-07-21;4:57:26 PM;2017-07-21T20:57:26+00:00;35.710098203, -78.79018979;2017;No;No;7;;NONE;NONE;SPORT UTILITY,PASSENGER CAR;SPORT UTILITY,PASSENGER CAR;SPORT UTILITY,PASSENGER CAR;SPORT UTILITY,PASSENGER CAR
29987;200 FEET FROM SR 1152 (HOLLY SPRINGS RD);NO SPECIAL FEATURE;STRAIGHT,GRADE;STATE SECONDARY ROUTE;TWO-WAY,NOT DIVIDED;SMOOTH ASPHALT;DRY;DAYLIGHT;CLEAR;NO CONTROL PRESENT;;;-78.7415;35.7429;;;0;0;2;;;;NONE;;PASSENGER CAR;PICKUP;;;;NO;7361;2017-07-22;10:59 AM;2017-07-22T14:59:00+00:00;;2017;No;No;7;;NONE;NONE;PASSENGER CAR,PICKUP;PASSENGER CAR,PICKUP;PASSENGER CAR,PICKUP;PASSENGER CAR,PICKUP
30006;15 FEET FROM SR# 1011 (W CHATHAM ST);RELATED TO INTERSECTION;STRAIGHT,LEVEL;STATE SECONDARY ROUTE;TWO-WAY,DIVIDED,UNPROTECTED MEDIAN;SMOOTH ASPHALT;DRY;DAYLIGHT;CLEAR;STOP AND GO SIGNAL;;;-78.8014;35.7759;;;0;0;;;;;NONE;;PASSENGER CAR;SPORT UTILITY;;;;NO;7380;2017-07-24;2:34:28 PM;2017-07-24T18:34:28+00:00;;2017;No;No;7;;NONE;NONE;PASSENGER CAR,SPORT UTILITY;PASSENGER CAR,SPORT UTILITY;PASSENGER CAR,SPORT UTILITY;PASSENGER CAR,SPORT UTILITY
30014;30 FEET FROM SR 1009 (TRYON RD);RELATED TO INTERSECTION;STRAIGHT,GRADE;STATE SECONDARY ROUTE;TWO-WAY,DIVIDED,UNPROTECTED MEDIAN;SMOOTH ASPHALT;DRY;DAYLIGHT;CLEAR;STOP AND GO SIGNAL;;;-78.7861;35.7376;;;0;0;;;NONE;;NONE;;PASSENGER CAR;PICKUP;PICKUP;;;NO;7388;2017-07-24;5:45:32 PM;2017-07-24T21:45:32+00:00;;2017;No;No;7;NONE;NONE,NONE;NONE,NONE;PASSENGER CAR,PICKUP;PASSENGER CAR,PICKUP,PICKUP;PASSENGER CAR,PICKUP,PICKUP;PASSENGER CAR,PICKUP,PICKUP
30015;15 FEET FROM SR 1740 (MORRISVILLE PKWY);RELATED TO INTERSECTION;STRAIGHT,LEVEL;STATE SECONDARY ROUTE;TWO-WAY,DIVIDED,UNPROTECTED MEDIAN;SMOOTH ASPHALT;DRY;DAYLIGHT;CLEAR;NO CONTROL PRESENT;;;-78.902283;35.804427;;;0;0;;;;;NONE;;PASSENGER CAR;PASSENGER CAR;;;;NO;7389;2017-07-24;7:55:58 AM;2017-07-24T11:55:58+00:00;;2017;No;No;7;;NONE;NONE;PASSENGER CAR,PASSENGER CAR;PASSENGER CAR,PASSENGER CAR;PASSENGER CAR,PASSENGER CAR;PASSENGER CAR,PASSENGER CAR
30016;250 FEET FROM PVA OF 3630 OLD RALEIGH RD;NO SPECIAL FEATURE;STRAIGHT,LEVEL;PUBLIC VEHICULAR AREA;ONE-WAY,NOT DIVIDED;GROOVED CONCRETE;DRY;DAYLIGHT;CLEAR;NO CONTROL PRESENT;35.75015255;-78.75261225;-78.8113;35.7382;P004;118;0;0;;;;;NONE;;PASSENGER CAR;PASSENGER CAR;;;;NO;7390;2017-07-24;4:03:37 PM;2017-07-24T20:03:37+00:00;35.75015255, -78.75261225;2017;No;No;7;;NONE;NONE;PASSENGER CAR,PASSENGER CAR;PASSENGER CAR,PASSENGER CAR;PASSENGER CAR,PASSENGER CAR;PASSENGER CAR,PASSENGER CAR
30017;348 FEET FROM TAPESTRY TER;NO SPECIAL FEATURE;STRAIGHT,LEVEL;LOCAL STREET;TWO-WAY,NOT DIVIDED;SMOOTH ASPHALT;DRY;DAYLIGHT;CLEAR;STOP SIGN;;;-78.8038;35.7615;;;0;0;;;NONE;;NONE;;SPORT UTILITY;SPORT UTILITY;;;;NO;7391;2017-07-25;7:27:40 AM;2017-07-25T11:27:40+00:00;;2017;No;No;7;NONE;NONE,NONE;NONE,NONE;SPORT UTILITY,SPORT UTILITY;SPORT UTILITY,SPORT UTILITY;SPORT UTILITY,SPORT UTILITY;SPORT UTILITY,SPORT UTILITY
30019;.2 MILES FROM US HWY 1;NO SPECIAL FEATURE;STRAIGHT,LEVEL;US ROUTE;TWO-WAY,DIVIDED,POSITIVE MEDIAN BARRIER;GROOVED CONCRETE;DRY;DAYLIGHT;CLEAR;NO CONTROL PRESENT;;;-78.7541;35.7573;;;0;0;1;;;;NONE;;PICKUP;PICKUP;;;;NO;7393;2017-07-25;7:24:44 AM;2017-07-25T11:24:44+00:00;;2017;No;No;7;;NONE;NONE;PICKUP,PICKUP;PICKUP,PICKUP;PICKUP,PICKUP;PICKUP,PICKUP
30025;200 FEET FROM PVA OF 191 CRESCENT COMMONS DR;NO SPECIAL FEATURE;STRAIGHT,GRADE;PUBLIC VEHICULAR AREA;TWO-WAY,NOT DIVIDED;SMOOTH ASPHALT;DRY;DAYLIGHT;CLEAR;NO CONTROL PRESENT;;;-78.7844;35.7354;;;0;0;;;NONE;;NONE;;PASSENGER CAR;PICKUP;;;;NO;7399;2017-07-26;12:48 PM;2017-07-26T16:48:00+00:00;;2017;No;No;7;NONE;NONE,NONE;NONE,NONE;PASSENGER CAR,PICKUP;PASSENGER CAR,PICKUP;PASSENGER CAR,PICKUP;PASSENGER CAR,PICKUP
30028;CARY;NO SPECIAL FEATURE;STRAIGHT,LEVEL;STATE SECONDARY ROUTE;TWO-WAY,DIVIDED,POSITIVE MEDIAN BARRIER;SMOOTH ASPHALT;DRY;DAYLIGHT;CLEAR;FLASHING STOP AND GO SIGNAL;;;-78.8059;35.8263;;;0;0;;;NONE;;NONE;;PASSENGER CAR;PASSENGER CAR;;;;NO;7402;2017-07-26;4:24:26 PM;2017-07-26T20:24:26+00:00;;2017;No;No;7;NONE;NONE,NONE;NONE,NONE;PASSENGER CAR,PASSENGER CAR;PASSENGER CAR,PASSENGER CAR;PASSENGER CAR,PASSENGER CAR;PASSENGER CAR,PASSENGER CAR
30034;CARY;NO SPECIAL FEATURE;STRAIGHT,LEVEL;STATE SECONDARY ROUTE;TWO-WAY,NOT DIVIDED;SMOOTH ASPHALT;DRY;DAYLIGHT;CLEAR;NO CONTROL PRESENT;;;-78.800595;35.777128;;;0;0;;;NONE;;NONE;;PASSENGER CAR;PASSENGER CAR;;;;NO;7408;2017-07-26;2:57:50 PM;2017-07-26T18:57:50+00:00;;2017;No;No;7;NONE;NONE,NONE;NONE,NONE;PASSENGER CAR,PASSENGER CAR;PASSENGER CAR,PASSENGER CAR;PASSENGER CAR,PASSENGER CAR;PASSENGER CAR,PASSENGER CAR
30036;15 FEET FROM SR 5039 (JONES FRANKLIN RD);T-INTERSECTION;STRAIGHT,LEVEL;STATE SECONDARY ROUTE;TWO-WAY,DIVIDED,UNPROTECTED MEDIAN;SMOOTH ASPHALT;DRY;DAYLIGHT;CLEAR;STOP AND GO SIGNAL;;;-78.7407;35.744;;;0;0;;;NONE;;NONE;;PASSENGER CAR;PASSENGER CAR;;;;NO;7410;2017-07-26;6:41:54 PM;2017-07-26T22:41:54+00:00;;2017;No;No;7;NONE;NONE,NONE;NONE,NONE;PASSENGER CAR,PASSENGER CAR;PASSENGER CAR,PASSENGER CAR;PASSENGER CAR,PASSENGER CAR;PASSENGER CAR,PASSENGER CAR
30040;15 FEET FROM SR 1615 (HIGH HOUSE RD);NO SPECIAL FEATURE;STRAIGHT,HILLCREST;STATE SECONDARY ROUTE;TWO-WAY,NOT DIVIDED;SMOOTH ASPHALT;DRY;DAYLIGHT;CLEAR;STOP AND GO SIGNAL;;;-78.847007;35.791804;;;0;0;;;NONE;;NONE;;PASSENGER CAR;PASSENGER CAR;;;;NO;7414;2017-07-27;8:48:11 AM;2017-07-27T12:48:11+00:00;;2017;No;No;7;NONE;NONE,NONE;NONE,NONE;PASSENGER CAR,PASSENGER CAR;PASSENGER CAR,PASSENGER CAR;PASSENGER CAR,PASSENGER CAR;PASSENGER CAR,PASSENGER CAR
30041;CARY;NO SPECIAL FEATURE;STRAIGHT,LEVEL;PUBLIC VEHICULAR AREA;TWO-WAY,NOT DIVIDED;COARSE ASPHALT;DRY;DAYLIGHT;CLEAR;STOP AND GO SIGNAL;35.759541366;-78.74137283;-78.7414;35.7596;P120;118;0;0;;;;;NONE;;VAN;;;;;NO;7415;2017-07-27;9:43:32 AM;2017-07-27T13:43:32+00:00;35.759541366, -78.74137283;2017;No;No;7;;NONE;NONE;VAN;VAN;VAN;VAN
30044;CARY;;;;;;;;;;;;;;;;0;0;;;;;;;;;;;;;7418;2017-07-25;5:37:21 PM;2017-07-25T21:37:21+00:00;;2017;No;No;7;;;;;;;
30045;50 FEET FROM SR 1300 (KILDAIRE FARM RD);NO SPECIAL FEATURE;STRAIGHT,LEVEL;STATE SECONDARY ROUTE;TWO-WAY,DIVIDED,UNPROTECTED MEDIAN;SMOOTH ASPHALT;DRY;DAYLIGHT;CLEAR;NO CONTROL PRESENT;;;-78.783241;35.758659;;112;0;0;;;;;NONE;;SPORT UTILITY;PASSENGER CAR;;;;NO;7419;2017-07-26;3:26:49 PM;2017-07-26T19:26:49+00:00;;2017;No;No;7;;NONE;NONE;SPORT UTILITY,PASSENGER CAR;SPORT UTILITY,PASSENGER CAR;SPORT UTILITY,PASSENGER CAR;SPORT UTILITY,PASSENGER CAR
30047;CARY;NO SPECIAL FEATURE;STRAIGHT,LEVEL;STATE SECONDARY ROUTE;TWO-WAY,NOT DIVIDED;SMOOTH ASPHALT;DRY;DAYLIGHT;CLEAR;NO CONTROL PRESENT;35.779805444;-78.77831251;-78.7806;35.7798;P062;120;0;0;;;NONE;;NONE;;;;;;;CONSTRUCTION WORK AREA;7421;2017-07-26;3:45:11 PM;2017-07-26T19:45:11+00:00;35.779805444, -78.77831251;2017;No;No;7;NONE;NONE,NONE;NONE,NONE;;;;
30048;0 FEET FROM SR 1010 (TEN TEN RD);T-INTERSECTION;STRAIGHT,LEVEL;STATE SECONDARY ROUTE;TWO-WAY,DIVIDED,UNPROTECTED MEDIAN;SMOOTH ASPHALT;DRY;DAYLIGHT;CLEAR;STOP SIGN;;;-78.788782;35.702668;;116;0;1;;;NONE;;NONE;;PASSENGER CAR;PASSENGER CAR;;;;NO;7422;2017-07-20;1:36:08 PM;2017-07-20T17:36:08+00:00;;2017;No;Yes;7;NONE;NONE,NONE;NONE,NONE;PASSENGER CAR,PASSENGER CAR;PASSENGER CAR,PASSENGER CAR;PASSENGER CAR,PASSENGER CAR;PASSENGER CAR,PASSENGER CAR
30049;100 FEET FROM SR 1415 (MAYNARD RD);RELATED TO INTERSECTION;STRAIGHT,GRADE;STATE SECONDARY ROUTE;TWO-WAY,DIVIDED,UNPROTECTED MEDIAN;SMOOTH ASPHALT;DRY;DAYLIGHT;CLEAR;NO CONTROL PRESENT;;;-78.804759;35.777224;;;0;0;;;NONE;;NONE;;PASSENGER CAR;PASSENGER CAR;PASSENGER CAR;;;NO;7423;2017-07-26;12:11 PM;2017-07-26T16:11:00+00:00;;2017;No;No;7;NONE;NONE,NONE;NONE,NONE;PASSENGER CAR,PASSENGER CAR;PASSENGER CAR,PASSENGER CAR,PASSENGER CAR;PASSENGER CAR,PASSENGER CAR,PASSENGER CAR;PASSENGER CAR,PASSENGER CAR,PASSENGER CAR
30050;0 FEET FROM SR 1616 (OLD APEX RD);FOUR-WAY INTERSECTION;STRAIGHT,LEVEL;STATE SECONDARY ROUTE;TWO-WAY,DIVIDED,UNPROTECTED MEDIAN;SMOOTH ASPHALT;DRY;DAYLIGHT;CLEAR;STOP AND GO SIGNAL;;;-78.807517;35.771518;;;0;1;4;;NONE;;NONE;;VAN;SPORT UTILITY;;;;NO;7424;2017-07-26;9:29:03 AM;2017-07-26T13:29:03+00:00;;2017;No;Yes;7;NONE;NONE,NONE;NONE,NONE;VAN,SPORT UTILITY;VAN,SPORT UTILITY;VAN,SPORT UTILITY;VAN,SPORT UTILITY
30052;45 FEET FROM PVA METLIFE 201 METLIFE WAY;DRIVEWAY, PUBLIC;STRAIGHT,LEVEL;PUBLIC VEHICULAR AREA;TWO-WAY,NOT DIVIDED;SMOOTH ASPHALT;DRY;DARK - LIGHTED ROADWAY;CLEAR;NO CONTROL PRESENT;;;-78.7999;35.8293;;;0;0;;;NONE;;NONE;;SPORT UTILITY;;;;;NO;7426;2017-07-28;10:32 PM;2017-07-29T02:32:00+00:00;;2017;No;No;7;NONE;NONE,NONE;NONE,NONE;SPORT UTILITY;SPORT UTILITY;SPORT UTILITY;SPORT UTILITY
30054;.1 MILES FROM NC-54 (NW MAYNARD RD);NO SPECIAL FEATURE;STRAIGHT,LEVEL;NC ROUTE;TWO-WAY,DIVIDED,UNPROTECTED MEDIAN;SMOOTH ASPHALT;DRY;DAYLIGHT;CLEAR;NO CONTROL PRESENT;35.654875447;-78.92573175;-78.7849;35.8023;P090;WAKE;0;1;;;NONE;;NONE;;SPORT UTILITY;PASSENGER CAR;;;;NO;7428;2017-07-29;3:59:53 PM;2017-07-29T19:59:53+00:00;35.654875447, -78.92573175;2017;No;Yes;7;NONE;NONE,NONE;NONE,NONE;SPORT UTILITY,PASSENGER CAR;SPORT UTILITY,PASSENGER CAR;SPORT UTILITY,PASSENGER CAR;SPORT UTILITY,PASSENGER CAR
30060;70 FEET FROM WALNUT ST;NO SPECIAL FEATURE;STRAIGHT,LEVEL;LOCAL STREET;TWO-WAY,DIVIDED,UNPROTECTED MEDIAN;SMOOTH ASPHALT;DRY;DAYLIGHT;CLOUDY;STOP AND GO SIGNAL;;;-78.7634;35.7722;;;0;1;2;;NONE;;NONE;;PASSENGER CAR;PASSENGER CAR;;;;NO;7434;2017-07-29;11:13 AM;2017-07-29T15:13:00+00:00;;2017;No;Yes;7;NONE;NONE,NONE;NONE,NONE;PASSENGER CAR,PASSENGER CAR;PASSENGER CAR,PASSENGER CAR;PASSENGER CAR,PASSENGER CAR;PASSENGER CAR,PASSENGER CAR
30062;.25 MILES FROM SR# 1313 (WALNUT ST);NO SPECIAL FEATURE;STRAIGHT,LEVEL;STATE SECONDARY ROUTE;TWO-WAY,DIVIDED,UNPROTECTED MEDIAN;SMOOTH ASPHALT;DRY;DAYLIGHT;CLEAR;STOP AND GO SIGNAL;;;-78.7436;35.7605;;;0;0;5;;NONE;;NONE;;LIGHT TRUCK (MINI-VAN- PANEL);SPORT UTILITY;;;;NO;7436;2017-07-29;1:10:07 PM;2017-07-29T17:10:07+00:00;;2017;No;No;7;NONE;NONE,NONE;NONE,NONE;LIGHT TRUCK (MINI-VAN- PANEL),SPORT UTILITY;LIGHT TRUCK (MINI-VAN- PANEL),SPORT UTILITY;LIGHT TRUCK (MINI-VAN- PANEL),SPORT UTILITY;LIGHT TRUCK (MINI-VAN- PANEL),SPORT UTILITY
30071;.25 MILES FROM US 1 HWY;NO SPECIAL FEATURE;STRAIGHT,LEVEL;US ROUTE;TWO-WAY,DIVIDED,POSITIVE MEDIAN BARRIER;CONCRETE;DRY;DAYLIGHT;CLEAR;NO CONTROL PRESENT;;;-78.787947;35.740058;;;0;0;;;;;NONE;;PASSENGER CAR;;;;;NO;7445;2017-07-27;4:37:39 PM;2017-07-27T20:37:39+00:00;;2017;No;No;7;;NONE;NONE;PASSENGER CAR;PASSENGER CAR;PASSENGER CAR;PASSENGER CAR
30072;400 FEET FROM SR 1300 (631 WALNUT ST);NO SPECIAL FEATURE;STRAIGHT,LEVEL;PUBLIC VEHICULAR AREA;TWO-WAY,NOT DIVIDED;SMOOTH ASPHALT;DRY;DAYLIGHT;CLEAR;NO CONTROL PRESENT;;;-78.7681;35.7758;;;0;0;;;NONE;;NONE;;PASSENGER CAR;PASSENGER CAR;;;;NO;7446;2017-07-28;6:39:24 PM;2017-07-28T22:39:24+00:00;;2017;No;No;7;NONE;NONE,NONE;NONE,NONE;PASSENGER CAR,PASSENGER CAR;PASSENGER CAR,PASSENGER CAR;PASSENGER CAR,PASSENGER CAR;PASSENGER CAR,PASSENGER CAR
30076;.0291 MILES FROM PVA OF 2303 NW MAYNARD (ALDI);NO SPECIAL FEATURE;STRAIGHT,LEVEL;PUBLIC VEHICULAR AREA;TWO-WAY,NOT DIVIDED;SMOOTH ASPHALT;DRY;DAYLIGHT;CLEAR;NO CONTROL PRESENT;;;-78.7859;35.8026;;;0;0;1;;;;NONE;;PICKUP;PASSENGER CAR;;;;NO;7450;2017-07-30;4:34:23 PM;2017-07-30T20:34:23+00:00;;2017;No;No;7;;NONE;NONE;PICKUP,PASSENGER CAR;PICKUP,PASSENGER CAR;PICKUP,PASSENGER CAR;PICKUP,PASSENGER CAR
30078;489 FEET FROM PVA (742 E CHATHAM ST);NO SPECIAL FEATURE;STRAIGHT,GRADE;PUBLIC VEHICULAR AREA;TWO-WAY,NOT DIVIDED;COARSE ASPHALT;DRY;DAYLIGHT;CLEAR;NO CONTROL PRESENT;;;-78.7668;35.7901;;;0;0;;;NONE;;NONE;;PASSENGER CAR;PASSENGER CAR;;;;NO;7452;2017-07-31;5:36:42 PM;2017-07-31T21:36:42+00:00;;2017;No;No;7;NONE;NONE,NONE;NONE,NONE;PASSENGER CAR,PASSENGER CAR;PASSENGER CAR,PASSENGER CAR;PASSENGER CAR,PASSENGER CAR;PASSENGER CAR,PASSENGER CAR
30081;50 FEET FROM P.V.A. (4212 NW CARY PKWY);NO SPECIAL FEATURE;STRAIGHT,LEVEL;PUBLIC VEHICULAR AREA;TWO-WAY,NOT DIVIDED;COARSE ASPHALT;DRY;DAYLIGHT;CLEAR;NO CONTROL PRESENT;;;-78.827051;35.790773;;;0;0;;;;;NONE;;PASSENGER CAR;SPORT UTILITY;;;;NO;7455;2017-07-30;12:41 PM;2017-07-30T16:41:00+00:00;;2017;No;No;7;;NONE;NONE;PASSENGER CAR,SPORT UTILITY;PASSENGER CAR,SPORT UTILITY;PASSENGER CAR,SPORT UTILITY;PASSENGER CAR,SPORT UTILITY
30083;50 FEET FROM SR 1319 (JONES FRANKLIN RD);NO SPECIAL FEATURE;STRAIGHT,GRADE;STATE SECONDARY ROUTE;TWO-WAY,NOT DIVIDED;SMOOTH ASPHALT;DRY;DAYLIGHT;CLEAR;STOP AND GO SIGNAL;;;-78.7406;35.7439;;;0;0;;;;;NONE;;SPORT UTILITY;PASSENGER CAR;;;;NO;7457;2017-07-31;2:49:20 PM;2017-07-31T18:49:20+00:00;;2017;No;No;7;;NONE;NONE;SPORT UTILITY,PASSENGER CAR;SPORT UTILITY,PASSENGER CAR;SPORT UTILITY,PASSENGER CAR;SPORT UTILITY,PASSENGER CAR