tamainid;location_description;rdfeature;rdcharacter;rdclass;rdconfigur;rdsurface;rdcondition;lightcond;weather;trafcontrl;lat;lon;lon2;lat2;tract;zone;fatality;possblinj;numpassengers;numpedestrians;contrcir1_desc;contrcir2_desc;contrcir3_desc;contrcir4_desc;vehicle1;vehicle2;vehicle3;vehicle4;vehicle5;workarea;records;ta_date;ta_time;crash_date;geo_location;year;fatalities;injuries;month;contrfact1;contrfact2;contributing_factor;vehicleconcat1;vehicleconcat2;vehicleconcat3;vehicle_type
31323;30 FEET FROM GREEN LEVEL CHURCH RD SR 1600;NO SPECIAL FEATURE;STRAIGHT,LEVEL;STATE SECONDARY ROUTE;TWO-WAY,NOT DIVIDED;SMOOTH ASPHALT;DRY;DAYLIGHT;CLEAR;NO CONTROL PRESENT;35.795699858;-78.90022632;-78.9002;35.7958;P091;WAKE;0;0;;;NONE;;NONE;;SPORT UTILITY;VAN;;;;NO;8696;2017-10-31;3:06:17 PM;2017-10-31T19:06:17+00:00;35.795699858, -78.90022632;2017;No;No;10;NONE;NONE,NONE;NONE,NONE;SPORT UTILITY,VAN;SPORT UTILITY,VAN;SPORT UTILITY,VAN;SPORT UTILITY,VAN
31334;45 FEET FROM SR 1652 (N HARRISON AVE);RELATED TO INTERSECTION;STRAIGHT,LEVEL;STATE SECONDARY ROUTE;TWO-WAY,DIVIDED,UNPROTECTED MEDIAN;SMOOTH ASPHALT;DRY;DAYLIGHT;CLEAR;STOP AND GO SIGNAL;;;-78.7826;35.804;;;1;0;;;;;NONE;;PASSENGER CAR;PASSENGER CAR;;;;NO;8707;2017-11-01;8:01:25 AM;2017-11-01T12:01:25+00:00;;2017;Yes;No;11;;NONE;NONE;PASSENGER CAR,PASSENGER CAR;PASSENGER CAR,PASSENGER CAR;PASSENGER CAR,PASSENGER CAR;PASSENGER CAR,PASSENGER CAR
31336;.17 MILES FROM SR #1652 (N HARRISON AV);NO SPECIAL FEATURE;STRAIGHT,LEVEL;STATE SECONDARY ROUTE;TWO-WAY,NOT DIVIDED;SMOOTH ASPHALT;DRY;DAYLIGHT;CLEAR;STOP AND GO SIGNAL;;;-78.7674;35.8301;;;0;0;;;NONE;;NONE;;PASSENGER CAR;PASSENGER CAR;;;;NO;8709;2017-11-01;1:29:26 PM;2017-11-01T17:29:26+00:00;;2017;No;No;11;NONE;NONE,NONE;NONE,NONE;PASSENGER CAR,PASSENGER CAR;PASSENGER CAR,PASSENGER CAR;PASSENGER CAR,PASSENGER CAR;PASSENGER CAR,PASSENGER CAR
31343;.2640 MILES FROM US1;NO SPECIAL FEATURE;STRAIGHT,LEVEL;US ROUTE;TWO-WAY,DIVIDED,POSITIVE MEDIAN BARRIER;CONCRETE;DRY;DAYLIGHT;CLEAR;NO CONTROL PRESENT;;;-78.746415;35.761156;;;0;2;1;;NONE;;NONE;;PICKUP;PASSENGER CAR;PASSENGER CAR;LIGHT TRUCK (MINI-VAN- PANEL);;NO;8716;2017-10-31;1:56:52 PM;2017-10-31T17:56:52+00:00;;2017;No;Yes;10;NONE;NONE,NONE;NONE,NONE;PICKUP,PASSENGER CAR;PICKUP,PASSENGER CAR,PASSENGER CAR;PICKUP,PASSENGER CAR,PASSENGER CAR,LIGHT TRUCK (MINI-VAN- PANEL);PICKUP,PASSENGER CAR,PASSENGER CAR,LIGHT TRUCK (MINI-VAN- PANEL)
31347;100 FEET FROM PVA (885 WALNUT ST);NO SPECIAL FEATURE;STRAIGHT,LEVEL;PUBLIC VEHICULAR AREA;TWO-WAY,NOT DIVIDED;SMOOTH ASPHALT;DRY;DAYLIGHT;CLEAR;NO CONTROL PRESENT;;;-78.767204;35.775549;;;0;0;;;NONE;;NONE;;PICKUP;PASSENGER CAR;;;;NO;8720;2017-11-01;7:40:01 PM;2017-11-01T23:40:01+00:00;;2017;No;No;11;NONE;NONE,NONE;NONE,NONE;PICKUP,PASSENGER CAR;PICKUP,PASSENGER CAR;PICKUP,PASSENGER CAR;PICKUP,PASSENGER CAR
31355;CARY;FOUR-WAY INTERSECTION;STRAIGHT,BOTTOM (SAG);STATE SECONDARY ROUTE;TWO-WAY,DIVIDED,UNPROTECTED MEDIAN;SMOOTH ASPHALT;DRY;DAYLIGHT;CLEAR;STOP AND GO SIGNAL;;;-78.7762;35.7412;;;0;0;2;;NONE;;NONE;;PASSENGER CAR;PASSENGER CAR;;;;NO;8728;2017-11-02;4:37:03 PM;2017-11-02T20:37:03+00:00;;2017;No;No;11;NONE;NONE,NONE;NONE,NONE;PASSENGER CAR,PASSENGER CAR;PASSENGER CAR,PASSENGER CAR;PASSENGER CAR,PASSENGER CAR;PASSENGER CAR,PASSENGER CAR
31362;.22 MILES FROM NC 55 HWY;NO SPECIAL FEATURE;STRAIGHT,LEVEL;NC ROUTE;TWO-WAY,DIVIDED,UNPROTECTED MEDIAN;COARSE ASPHALT;DRY;DAYLIGHT;CLEAR;NO CONTROL PRESENT;35.79951698;-78.87090124;-78.870912;35.799576;P091;WAKE;0;0;;;NONE;;INATTENTIVE (TALKING, EATING, ETC.);;PASSENGER CAR;;;;;NO;8735;2017-11-02;11:59 AM;2017-11-02T15:59:00+00:00;35.79951698, -78.87090124;2017;No;No;11;NONE;NONE,INATTENTIVE (TALKING, EATING, ETC.);NONE,INATTENTIVE (TALKING,EATING,ETC.);PASSENGER CAR;PASSENGER CAR;PASSENGER CAR;PASSENGER CAR
31363;450 FEET FROM MCCRIMMON PKWY;NO SPECIAL FEATURE;STRAIGHT,LEVEL;LOCAL STREET;TWO-WAY,DIVIDED,UNPROTECTED MEDIAN;COARSE ASPHALT;DRY;DAYLIGHT;CLEAR;STOP AND GO SIGNAL;35.829175989;-78.9003444;-78.9;35.82;P016;119;0;0;;;NONE;;NONE;;VAN;SPORT UTILITY;;;;NO;8736;2017-11-01;7:38:27 AM;2017-11-01T11:38:27+00:00;35.829175989, -78.9003444;2017;No;No;11;NONE;NONE,NONE;NONE,NONE;VAN,SPORT UTILITY;VAN,SPORT UTILITY;VAN,SPORT UTILITY;VAN,SPORT UTILITY
31366;.2841 MILES FROM US 1 HWY;NO SPECIAL FEATURE;STRAIGHT,GRADE;US ROUTE;TWO-WAY,DIVIDED,POSITIVE MEDIAN BARRIER;CONCRETE;DRY;DAYLIGHT;CLEAR;NO CONTROL PRESENT;;;-78.74059;35.76412;;;0;2;2;;NONE;;NONE;;PASSENGER CAR;PASSENGER CAR;PASSENGER CAR;;;NO;8739;2017-11-02;5:33:47 PM;2017-11-02T21:33:47+00:00;;2017;No;Yes;11;NONE;NONE,NONE;NONE,NONE;PASSENGER CAR,PASSENGER CAR;PASSENGER CAR,PASSENGER CAR,PASSENGER CAR;PASSENGER CAR,PASSENGER CAR,PASSENGER CAR;PASSENGER CAR,PASSENGER CAR,PASSENGER CAR
31373;100 FEET FROM P.V.A. (870 SQUIRE CT);NO SPECIAL FEATURE;STRAIGHT,LEVEL;PUBLIC VEHICULAR AREA;TWO-WAY,NOT DIVIDED;SMOOTH ASPHALT;DRY;DAYLIGHT;CLOUDY;NO CONTROL PRESENT;35.780715368;-78.79439465;-78.794681;35.780376;P036;114;0;0;;;;;NONE;;PASSENGER CAR;PASSENGER CAR;;;;NO;8746;2017-11-04;10:44 AM;2017-11-04T14:44:00+00:00;35.780715368, -78.79439465;2017;No;No;11;;NONE;NONE;PASSENGER CAR,PASSENGER CAR;PASSENGER CAR,PASSENGER CAR;PASSENGER CAR,PASSENGER CAR;PASSENGER CAR,PASSENGER CAR
31376;100 FEET FROM PVA (111 HIDDEN OAKS DR);NO SPECIAL FEATURE;STRAIGHT,GRADE;PUBLIC VEHICULAR AREA;TWO-WAY,NOT DIVIDED;SMOOTH ASPHALT;DRY;DARK - LIGHTED ROADWAY;CLOUDY;NO CONTROL PRESENT;;;-78.7769;35.8037;;;0;0;;;NONE;;NONE;;PASSENGER CAR;PASSENGER CAR;;;;NO;8749;2017-11-05;12:00 AM;2017-11-05T04:00:00+00:00;;2017;No;No;11;NONE;NONE,NONE;NONE,NONE;PASSENGER CAR,PASSENGER CAR;PASSENGER CAR,PASSENGER CAR;PASSENGER CAR,PASSENGER CAR;PASSENGER CAR,PASSENGER CAR
31381;CARY;FOUR-WAY INTERSECTION;STRAIGHT,LEVEL;STATE SECONDARY ROUTE;TWO-WAY,NOT DIVIDED;SMOOTH ASPHALT;DRY;DAYLIGHT;CLOUDY;STOP AND GO SIGNAL;;;-78.787532;35.736733;;;0;0;1;;NONE;;NONE;;PICKUP;PICKUP;;;;NO;8754;2017-11-04;10:22 AM;2017-11-04T14:22:00+00:00;;2017;No;No;11;NONE;NONE,NONE;NONE,NONE;PICKUP,PICKUP;PICKUP,PICKUP;PICKUP,PICKUP;PICKUP,PICKUP
31388;CARY;FOUR-WAY INTERSECTION;STRAIGHT,LEVEL;STATE SECONDARY ROUTE;TWO-WAY,NOT DIVIDED;SMOOTH ASPHALT;DRY;DAYLIGHT;CLEAR;STOP AND GO SIGNAL;;;-78.783342;35.787184;;;0;0;1;;NONE;;NONE;;SPORT UTILITY;PASSENGER CAR;;;;NO;8761;2017-11-03;2:39:09 PM;2017-11-03T18:39:09+00:00;;2017;No;No;11;NONE;NONE,NONE;NONE,NONE;SPORT UTILITY,PASSENGER CAR;SPORT UTILITY,PASSENGER CAR;SPORT UTILITY,PASSENGER CAR;SPORT UTILITY,PASSENGER CAR
31398;100 FEET FROM SR 1415 ( NE MAYNARD RD);;;;;;;;;;;;;;;;0;0;;;;;;;;PASSENGER CAR;PASSENGER CAR;PASSENGER CAR;;;8771;2017-10-16;12:00 AM;2017-10-16T04:00:00+00:00;;2017;No;No;10;;;;PASSENGER CAR;PASSENGER CAR,PASSENGER CAR;PASSENGER CAR,PASSENGER CAR,PASSENGER CAR;PASSENGER CAR,PASSENGER CAR,PASSENGER CAR
31403;.5 MILES FROM US1;NO SPECIAL FEATURE;STRAIGHT,LEVEL;US ROUTE;TWO-WAY,DIVIDED,POSITIVE MEDIAN BARRIER;COARSE ASPHALT;DRY;DAYLIGHT;CLEAR;NO CONTROL PRESENT;;;-78.757;35.7561;;;0;0;2;;NONE;;NONE;;SPORT UTILITY;PASSENGER CAR;SPORT UTILITY;;;NO;8776;2017-11-03;4:44:44 PM;2017-11-03T20:44:44+00:00;;2017;No;No;11;NONE;NONE,NONE;NONE,NONE;SPORT UTILITY,PASSENGER CAR;SPORT UTILITY,PASSENGER CAR,SPORT UTILITY;SPORT UTILITY,PASSENGER CAR,SPORT UTILITY;SPORT UTILITY,PASSENGER CAR,SPORT UTILITY
31406;.1 MILES FROM SR1300 (WALNUT ST);NO SPECIAL FEATURE;STRAIGHT,LEVEL;STATE SECONDARY ROUTE;TWO-WAY,DIVIDED,UNPROTECTED MEDIAN;SMOOTH ASPHALT;DRY;DAYLIGHT;CLEAR;NO CONTROL PRESENT;;;-78.7472;35.7636;;;0;0;;;;;NONE;;SPORT UTILITY;SPORT UTILITY;;;;NO;8779;2017-11-06;12:37 PM;2017-11-06T17:37:00+00:00;;2017;No;No;11;;NONE;NONE;SPORT UTILITY,SPORT UTILITY;SPORT UTILITY,SPORT UTILITY;SPORT UTILITY,SPORT UTILITY;SPORT UTILITY,SPORT UTILITY
31407;189 FEET FROM P.V.A. (102 GREGSON DR);DRIVEWAY, PUBLIC;STRAIGHT,LEVEL;PUBLIC VEHICULAR AREA;TWO-WAY,NOT DIVIDED;CONCRETE;DRY;DARK - LIGHTED ROADWAY;CLOUDY;NO CONTROL PRESENT;;;-78.805359;35.739959;;;0;0;;;NONE;;NONE;;PASSENGER CAR;;;;;NO;8780;2017-11-05;2:44:16 PM;2017-11-05T19:44:16+00:00;;2017;No;No;11;NONE;NONE,NONE;NONE,NONE;PASSENGER CAR;PASSENGER CAR;PASSENGER CAR;PASSENGER CAR
31409;370 FEET FROM W JOHNSON ST;NO SPECIAL FEATURE;STRAIGHT,LEVEL;LOCAL STREET;TWO-WAY,NOT DIVIDED;SMOOTH ASPHALT;DRY;DAYLIGHT;CLEAR;NO CONTROL PRESENT;;;-78.7818;35.7934;;;0;0;;;;;NONE;;PASSENGER CAR;PASSENGER CAR;;;;NO;8782;2017-11-06;3:19:55 PM;2017-11-06T20:19:55+00:00;;2017;No;No;11;;NONE;NONE;PASSENGER CAR,PASSENGER CAR;PASSENGER CAR,PASSENGER CAR;PASSENGER CAR,PASSENGER CAR;PASSENGER CAR,PASSENGER CAR
31411;423 FEET FROM 209 E DURHAM RD;NO SPECIAL FEATURE;STRAIGHT,LEVEL;LOCAL STREET;ONE-WAY,NOT DIVIDED;SMOOTH ASPHALT;DRY;DARK - LIGHTED ROADWAY;CLEAR;OTHER *;35.790638213;-78.77651761;-78.7782;35.7912;P060;113;0;0;;;NONE;;NONE;;PASSENGER CAR;;;;;NO;8784;2017-11-05;9:35:20 PM;2017-11-06T02:35:20+00:00;35.790638213, -78.77651761;2017;No;No;11;NONE;NONE,NONE;NONE,NONE;PASSENGER CAR;PASSENGER CAR;PASSENGER CAR;PASSENGER CAR
31421;CARY;RELATED TO INTERSECTION;STRAIGHT,LEVEL;STATE SECONDARY ROUTE;TWO-WAY,DIVIDED,UNPROTECTED MEDIAN;SMOOTH ASPHALT;DRY;DARK - LIGHTED ROADWAY;CLOUDY;STOP AND GO SIGNAL;;;-78.7699;35.7761;;;0;0;;;;;NONE;;SPORT UTILITY;PASSENGER CAR;;;;NO;8794;2017-11-07;6:14:28 AM;2017-11-07T11:14:28+00:00;;2017;No;No;11;;NONE;NONE;SPORT UTILITY,PASSENGER CAR;SPORT UTILITY,PASSENGER CAR;SPORT UTILITY,PASSENGER CAR;SPORT UTILITY,PASSENGER CAR
31439;20 FEET FROM SR 1300 (KILDAIRE FARM RD);NO SPECIAL FEATURE;STRAIGHT,LEVEL;STATE SECONDARY ROUTE;TWO-WAY,DIVIDED,POSITIVE MEDIAN BARRIER;SMOOTH ASPHALT;WET;DARK - LIGHTED ROADWAY;RAIN;NO CONTROL PRESENT;;;-78.7775;35.7323;;;0;0;;;;;NONE;;PASSENGER CAR;SPORT UTILITY;;;;NO;8812;2017-11-08;5:18:45 PM;2017-11-08T22:18:45+00:00;;2017;No;No;11;;NONE;NONE;PASSENGER CAR,SPORT UTILITY;PASSENGER CAR,SPORT UTILITY;PASSENGER CAR,SPORT UTILITY;PASSENGER CAR,SPORT UTILITY
31455;200 FEET FROM SR 1313 (WALNUT ST);T-INTERSECTION;STRAIGHT,LEVEL;STATE SECONDARY ROUTE;TWO-WAY,DIVIDED,POSITIVE MEDIAN BARRIER;SMOOTH ASPHALT;DRY;DAYLIGHT;CLEAR;STOP AND GO SIGNAL;;;-78.7456;35.7627;;;0;0;;;NONE;;NONE;;PASSENGER CAR;PASSENGER CAR;;;;NO;8828;2017-11-10;9:20:01 AM;2017-11-10T14:20:01+00:00;;2017;No;No;11;NONE;NONE,NONE;NONE,NONE;PASSENGER CAR,PASSENGER CAR;PASSENGER CAR,PASSENGER CAR;PASSENGER CAR,PASSENGER CAR;PASSENGER CAR,PASSENGER CAR
31457;1000 FEET FROM DAVIS DR SR 1613;NO SPECIAL FEATURE;STRAIGHT,LEVEL;STATE SECONDARY ROUTE;TWO-WAY,NOT DIVIDED;SMOOTH ASPHALT;DRY;DARK - LIGHTED ROADWAY;CLEAR;NO CONTROL PRESENT;35.776385548;-78.84806118;-78.8493;35.7772;P071;117;0;0;;;NONE;;NONE;;PASSENGER CAR;;;;;NO;8830;2017-11-10;9:01:20 PM;2017-11-11T02:01:20+00:00;35.776385548, -78.84806118;2017;No;No;11;NONE;NONE,NONE;NONE,NONE;PASSENGER CAR;PASSENGER CAR;PASSENGER CAR;PASSENGER CAR
31460;30 FEET FROM SR 1630 (GREEN LEVEL CHURCH RD;RELATED TO INTERSECTION;STRAIGHT,LEVEL;LOCAL STREET;TWO-WAY,DIVIDED,UNPROTECTED MEDIAN;SMOOTH ASPHALT;DRY;DARK - LIGHTED ROADWAY;CLEAR;STOP SIGN;;;-78.8988;35.8493;;;0;0;;;NONE;;NONE;;PASSENGER CAR;;;;;NO;8833;2017-11-12;2:15:13 AM;2017-11-12T07:15:13+00:00;;2017;No;No;11;NONE;NONE,NONE;NONE,NONE;PASSENGER CAR;PASSENGER CAR;PASSENGER CAR;PASSENGER CAR
31470;125 FEET FROM NC 55 HWY;NO SPECIAL FEATURE;STRAIGHT,LEVEL;NC ROUTE;TWO-WAY,NOT DIVIDED;SMOOTH ASPHALT;DRY;DAYLIGHT;CLEAR;NO CONTROL PRESENT;35.792950117;-78.87057115;-78.870534;35.792826;P077;122;0;0;;;NONE;;NONE;;SPORT UTILITY;VAN;;;;NO;8843;2017-11-10;11:04 AM;2017-11-10T16:04:00+00:00;35.792950117, -78.87057115;2017;No;No;11;NONE;NONE,NONE;NONE,NONE;SPORT UTILITY,VAN;SPORT UTILITY,VAN;SPORT UTILITY,VAN;SPORT UTILITY,VAN
31477;.5 MILES FROM US1;NO SPECIAL FEATURE;STRAIGHT,LEVEL;US ROUTE;TWO-WAY,DIVIDED,POSITIVE MEDIAN BARRIER;GROOVED CONCRETE;DRY;DARK - ROADWAY NOT LIGHTED;CLEAR;NO CONTROL PRESENT;;;-78.8034;35.7314;;116;0;0;;;;;NONE;;PASSENGER CAR;;;;;NO;8850;2017-11-11;2:04:31 AM;2017-11-11T07:04:31+00:00;;2017;No;No;11;;NONE;NONE;PASSENGER CAR;PASSENGER CAR;PASSENGER CAR;PASSENGER CAR
31478;0.13 MILES FROM SR 1652 (N HARRISON AV);NO SPECIAL FEATURE;STRAIGHT,GRADE;STATE SECONDARY ROUTE;TWO-WAY,NOT DIVIDED;SMOOTH ASPHALT;DRY;DAYLIGHT;CLEAR;NO CONTROL PRESENT;;;-78.783;35.8;;;0;0;;;;;NONE;;PASSENGER CAR;PASSENGER CAR;;;;NO;8851;2017-11-11;12:25 PM;2017-11-11T17:25:00+00:00;;2017;No;No;11;;NONE;NONE;PASSENGER CAR,PASSENGER CAR;PASSENGER CAR,PASSENGER CAR;PASSENGER CAR,PASSENGER CAR;PASSENGER CAR,PASSENGER CAR
31480;150 FEET FROM MORRISVILLE PKWY;NO SPECIAL FEATURE;STRAIGHT,LEVEL;LOCAL STREET;TWO-WAY,DIVIDED,POSITIVE MEDIAN BARRIER;SMOOTH ASPHALT;DRY;DAYLIGHT;CLEAR;NO CONTROL PRESENT;35.81370931;-78.87272861;-78.8721;35.8136;P091;WAKE;0;0;2;;NONE;;NONE;;PASSENGER CAR;PASSENGER CAR;;;;NO;8853;2017-11-11;12:47 PM;2017-11-11T17:47:00+00:00;35.81370931, -78.87272861;2017;No;No;11;NONE;NONE,NONE;NONE,NONE;PASSENGER CAR,PASSENGER CAR;PASSENGER CAR,PASSENGER CAR;PASSENGER CAR,PASSENGER CAR;PASSENGER CAR,PASSENGER CAR
31490;CARY;FOUR-WAY INTERSECTION;STRAIGHT,LEVEL;STATE SECONDARY ROUTE;TWO-WAY,DIVIDED,UNPROTECTED MEDIAN;SMOOTH ASPHALT;DRY;DAYLIGHT;CLEAR;STOP AND GO SIGNAL;;;-78.838;35.792;;;0;0;1;;NONE;;NONE;;PASSENGER CAR;SPORT UTILITY;;;;NO;8863;2017-11-10;7:34:33 AM;2017-11-10T12:34:33+00:00;;2017;No;No;11;NONE;NONE,NONE;NONE,NONE;PASSENGER CAR,SPORT UTILITY;PASSENGER CAR,SPORT UTILITY;PASSENGER CAR,SPORT UTILITY;PASSENGER CAR,SPORT UTILITY
31503;CARY;NO SPECIAL FEATURE;STRAIGHT,LEVEL;STATE SECONDARY ROUTE;TWO-WAY,NOT DIVIDED;SMOOTH ASPHALT;DRY;DAYLIGHT;CLEAR;STOP AND GO SIGNAL;;;-78.8048;35.776957;;;0;0;1;;NONE;;NONE;;SPORT UTILITY;PASSENGER CAR;;;;NO;8876;2017-11-10;1:25:12 PM;2017-11-10T18:25:12+00:00;;2017;No;No;11;NONE;NONE,NONE;NONE,NONE;SPORT UTILITY,PASSENGER CAR;SPORT UTILITY,PASSENGER CAR;SPORT UTILITY,PASSENGER CAR;SPORT UTILITY,PASSENGER CAR
31513;170 FEET FROM P.V.A (BRIGHT HORIZONS);NO SPECIAL FEATURE;STRAIGHT,GRADE;PUBLIC VEHICULAR AREA;TWO-WAY,NOT DIVIDED;SMOOTH ASPHALT;WET;DAYLIGHT;CLOUDY;NO CONTROL PRESENT;;;-78.773;35.8307;;;0;0;;;;;NONE;;PASSENGER CAR;PICKUP;;;;NO;8886;2017-11-13;9:13:25 AM;2017-11-13T14:13:25+00:00;;2017;No;No;11;;NONE;NONE;PASSENGER CAR,PICKUP;PASSENGER CAR,PICKUP;PASSENGER CAR,PICKUP;PASSENGER CAR,PICKUP
31519;10 FEET FROM CREEK PARK DR;NO SPECIAL FEATURE;STRAIGHT,LEVEL;LOCAL STREET;TWO-WAY,DIVIDED,UNPROTECTED MEDIAN;SMOOTH ASPHALT;DRY;DAYLIGHT;CLEAR;NO CONTROL PRESENT;35.800878006;-78.84627547;-78.8483;35.8012;P078;121;0;0;;;NONE;;NONE;;PASSENGER CAR;;;;;NO;8892;2017-11-11;5:48:47 PM;2017-11-11T22:48:47+00:00;35.800878006, -78.84627547;2017;No;No;11;NONE;NONE,NONE;NONE,NONE;PASSENGER CAR;PASSENGER CAR;PASSENGER CAR;PASSENGER CAR
31527;.13 MILES FROM 681 CARY TOWNE BLVD;NO SPECIAL FEATURE;STRAIGHT,LEVEL;PUBLIC VEHICULAR AREA;ONE-WAY,NOT DIVIDED;COARSE ASPHALT;DRY;DAYLIGHT;CLEAR;NO CONTROL PRESENT;;;-78.7665;35.7765;;;0;0;;;NONE;;NONE;;PASSENGER CAR;PASSENGER CAR;;;;NO;8900;2017-11-13;1:08:25 PM;2017-11-13T18:08:25+00:00;;2017;No;No;11;NONE;NONE,NONE;NONE,NONE;PASSENGER CAR,PASSENGER CAR;PASSENGER CAR,PASSENGER CAR;PASSENGER CAR,PASSENGER CAR;PASSENGER CAR,PASSENGER CAR
31535;157 FEET FROM MAYNARD CROSSING CT;RELATED TO INTERSECTION;STRAIGHT,LEVEL;LOCAL STREET;TWO-WAY,NOT DIVIDED;SMOOTH ASPHALT;DRY;DARK - LIGHTED ROADWAY;CLEAR;STOP SIGN;35.787814186;-78.80980767;-78.810512;35.787798;P065;114;0;0;;;NONE;;NONE;;SPORT UTILITY;SPORT UTILITY;;;;NO;8908;2017-11-14;6:04:47 PM;2017-11-14T23:04:47+00:00;35.787814186, -78.80980767;2017;No;No;11;NONE;NONE,NONE;NONE,NONE;SPORT UTILITY,SPORT UTILITY;SPORT UTILITY,SPORT UTILITY;SPORT UTILITY,SPORT UTILITY;SPORT UTILITY,SPORT UTILITY
31543;.13 MILES FROM PVA (6770 MCCRIMMON PKWY);NO SPECIAL FEATURE;STRAIGHT,LEVEL;PUBLIC VEHICULAR AREA;TWO-WAY,NOT DIVIDED;COARSE ASPHALT;DRY;DAYLIGHT;CLEAR;NO CONTROL PRESENT;;;-78.8912;35.8302;;;0;0;;;NONE;;NONE;;SPORT UTILITY;PASSENGER CAR;;;;NO;8916;2017-11-14;12:00 AM;2017-11-14T05:00:00+00:00;;2017;No;No;11;NONE;NONE,NONE;NONE,NONE;SPORT UTILITY,PASSENGER CAR;SPORT UTILITY,PASSENGER CAR;SPORT UTILITY,PASSENGER CAR;SPORT UTILITY,PASSENGER CAR
31544;200 FEET FROM SR 1009 TRYON RD;FOUR-WAY INTERSECTION;CURVE,LEVEL;STATE SECONDARY ROUTE;ONE-WAY,NOT DIVIDED;SMOOTH ASPHALT;DRY;DAYLIGHT;CLEAR;STOP AND GO SIGNAL;;;-78.78036;35.739237;;;0;0;;;NONE;;NONE;;PASSENGER CAR;PASSENGER CAR;;;;NO;8917;2017-11-10;11:26 AM;2017-11-10T16:26:00+00:00;;2017;No;No;11;NONE;NONE,NONE;NONE,NONE;PASSENGER CAR,PASSENGER CAR;PASSENGER CAR,PASSENGER CAR;PASSENGER CAR,PASSENGER CAR;PASSENGER CAR,PASSENGER CAR
31553;0 FEET FROM 310 S ACADEMY ST;NO SPECIAL FEATURE;STRAIGHT,LEVEL;LOCAL STREET;TWO-WAY,NOT DIVIDED;SMOOTH ASPHALT;DRY;DAYLIGHT;CLEAR;NO CONTROL PRESENT;;;-78.78127;35.784603;;;0;0;;;;;NONE;;PASSENGER CAR;SPORT UTILITY;;;;NO;8926;2017-11-15;12:38 PM;2017-11-15T17:38:00+00:00;;2017;No;No;11;;NONE;NONE;PASSENGER CAR,SPORT UTILITY;PASSENGER CAR,SPORT UTILITY;PASSENGER CAR,SPORT UTILITY;PASSENGER CAR,SPORT UTILITY
31578;CARY;RELATED TO INTERSECTION;STRAIGHT,LEVEL;STATE SECONDARY ROUTE;TWO-WAY,DIVIDED,UNPROTECTED MEDIAN;SMOOTH ASPHALT;DRY;DAYLIGHT;CLEAR;STOP AND GO SIGNAL;;;-78.749;35.7934;;;0;0;;;;;NONE;;SPORT UTILITY;PASSENGER CAR;;;;NO;8951;2017-11-17;12:41 PM;2017-11-17T17:41:00+00:00;;2017;No;No;11;;NONE;NONE;SPORT UTILITY,PASSENGER CAR;SPORT UTILITY,PASSENGER CAR;SPORT UTILITY,PASSENGER CAR;SPORT UTILITY,PASSENGER CAR
31589;53 FEET FROM SR 1652 (N. HARRISON AVE.);ON-RAMP PROPER;STRAIGHT,LEVEL;STATE SECONDARY ROUTE;TWO-WAY,NOT DIVIDED;SMOOTH ASPHALT;DRY;DARK - LIGHTED ROADWAY;CLEAR;NO CONTROL PRESENT;;;-78.765118;35.831261;;;0;0;;;NONE;;NONE;;SPORT UTILITY;PASSENGER CAR;;;;NO;8962;2017-11-18;10:27 PM;2017-11-19T03:27:00+00:00;;2017;No;No;11;NONE;NONE,NONE;NONE,NONE;SPORT UTILITY,PASSENGER CAR;SPORT UTILITY,PASSENGER CAR;SPORT UTILITY,PASSENGER CAR;SPORT UTILITY,PASSENGER CAR
31593;100 FEET FROM S.R. 1415 (NW MAYNARD RD);NO SPECIAL FEATURE;STRAIGHT,GRADE;STATE SECONDARY ROUTE;TWO-WAY,DIVIDED,POSITIVE MEDIAN BARRIER;SMOOTH ASPHALT;DRY;DARK - LIGHTED ROADWAY;CLEAR;NO CONTROL PRESENT;;;-78.803322;35.794381;;;0;0;;;NONE;;NONE;;PICKUP;;;;;NO;8966;2017-11-17;6:55:19 PM;2017-11-17T23:55:19+00:00;;2017;No;No;11;NONE;NONE,NONE;NONE,NONE;PICKUP;PICKUP;PICKUP;PICKUP
31597;100 FEET FROM SR1349 (DILLARD DR);NO SPECIAL FEATURE;STRAIGHT,LEVEL;STATE SECONDARY ROUTE;TWO-WAY,NOT DIVIDED;SMOOTH ASPHALT;DRY;DAYLIGHT;CLEAR;NO CONTROL PRESENT;;;-78.740516;35.755712;;;0;0;1;;NONE;;NONE;;PASSENGER CAR;SPORT UTILITY;;;;NO;8970;2017-11-18;2:22:37 PM;2017-11-18T19:22:37+00:00;;2017;No;No;11;NONE;NONE,NONE;NONE,NONE;PASSENGER CAR,SPORT UTILITY;PASSENGER CAR,SPORT UTILITY;PASSENGER CAR,SPORT UTILITY;PASSENGER CAR,SPORT UTILITY
31601;CARY;FOUR-WAY INTERSECTION;STRAIGHT,LEVEL;STATE SECONDARY ROUTE;TWO-WAY,NOT DIVIDED;COARSE ASPHALT;DRY;DARK - LIGHTED ROADWAY;CLEAR;STOP AND GO SIGNAL;;;-78.794455;35.703299;;;0;0;;;NONE;;NONE;;PICKUP;PASSENGER CAR;;;;NO;8974;2017-11-18;11:15 PM;2017-11-19T04:15:00+00:00;;2017;No;No;11;NONE;NONE,NONE;NONE,NONE;PICKUP,PASSENGER CAR;PICKUP,PASSENGER CAR;PICKUP,PASSENGER CAR;PICKUP,PASSENGER CAR