tamainid;location_description;rdfeature;rdcharacter;rdclass;rdconfigur;rdsurface;rdcondition;lightcond;weather;trafcontrl;lat;lon;lon2;lat2;tract;zone;fatality;possblinj;numpassengers;numpedestrians;contrcir1_desc;contrcir2_desc;contrcir3_desc;contrcir4_desc;vehicle1;vehicle2;vehicle3;vehicle4;vehicle5;workarea;records;ta_date;ta_time;crash_date;geo_location;year;fatalities;injuries;month;contrfact1;contrfact2;contributing_factor;vehicleconcat1;vehicleconcat2;vehicleconcat3;vehicle_type
32313;.25 MILES FROM SR 1628 (OKELLY CHAPEL RD);OTHER *;STRAIGHT,GRADE;STATE SECONDARY ROUTE;TWO-WAY,NOT DIVIDED;SMOOTH ASPHALT;DRY;DARK - UNKNOWN LIGHTING;CLEAR;NO CONTROL PRESENT;;;-78.8947;35.8441;;;0;0;1;;NONE;;NONE;;PASSENGER CAR;PASSENGER CAR;;;;NO;9685;2018-01-09;10:46 PM;2018-01-10T03:46:00+00:00;;2018;No;No;1;NONE;NONE,NONE;NONE,NONE;PASSENGER CAR,PASSENGER CAR;PASSENGER CAR,PASSENGER CAR;PASSENGER CAR,PASSENGER CAR;PASSENGER CAR,PASSENGER CAR
32314;488 FEET FROM PVA (258 GRANDE HEIGHTS DR);DRIVEWAY, PUBLIC;STRAIGHT,LEVEL;PUBLIC VEHICULAR AREA;TWO-WAY,NOT DIVIDED;SMOOTH ASPHALT;DRY;DAYLIGHT;CLEAR;NO CONTROL PRESENT;;;-78.7807;35.804606;;;0;0;;;NONE;;NONE;;UNKNOWN;SPORT UTILITY;;;;NO;9686;2018-01-10;8:50:26 PM;2018-01-11T01:50:26+00:00;;2018;No;No;1;NONE;NONE,NONE;NONE,NONE;UNKNOWN,SPORT UTILITY;UNKNOWN,SPORT UTILITY;UNKNOWN,SPORT UTILITY;UNKNOWN,SPORT UTILITY
32315;CARY;Y-INTERSECTION;CURVE,GRADE;STATE SECONDARY ROUTE;TWO-WAY,DIVIDED,POSITIVE MEDIAN BARRIER;COARSE ASPHALT;DRY;DAYLIGHT;CLEAR;STOP SIGN;;;-78.781164;35.737764;;;0;0;;;;;NONE;;PICKUP;;;;;NO;9687;2018-01-10;3:39:39 PM;2018-01-10T20:39:39+00:00;;2018;No;No;1;;NONE;NONE;PICKUP;PICKUP;PICKUP;PICKUP
32327;200 FEET FROM US 1 HWY;OFF-RAMP PROPER;CURVE,GRADE;US ROUTE;ONE-WAY,NOT DIVIDED;SMOOTH ASPHALT;DRY;DAYLIGHT;CLOUDY;STOP AND GO SIGNAL;;;-78.7948;35.738;;;0;0;;;NONE;;NONE;;PASSENGER CAR;LIGHT TRUCK (MINI-VAN- PANEL);;;;NO;9699;2018-01-11;12:17 PM;2018-01-11T17:17:00+00:00;;2018;No;No;1;NONE;NONE,NONE;NONE,NONE;PASSENGER CAR,LIGHT TRUCK (MINI-VAN- PANEL);PASSENGER CAR,LIGHT TRUCK (MINI-VAN- PANEL);PASSENGER CAR,LIGHT TRUCK (MINI-VAN- PANEL);PASSENGER CAR,LIGHT TRUCK (MINI-VAN- PANEL)
32329;185 FEET FROM RENSFORD PL;NO SPECIAL FEATURE;STRAIGHT,GRADE;LOCAL STREET;TWO-WAY,NOT DIVIDED;SMOOTH ASPHALT;DRY;DAYLIGHT;CLEAR;NO CONTROL PRESENT;35.823027988;-78.81180068;-78.812482;35.822941;P021;111;0;0;38;;NONE;;NONE;;PASSENGER CAR;;;;;NO;9701;2018-01-11;10:03 AM;2018-01-11T15:03:00+00:00;35.823027988, -78.81180068;2018;No;No;1;NONE;NONE,NONE;NONE,NONE;PASSENGER CAR;PASSENGER CAR;PASSENGER CAR;PASSENGER CAR
32333;CARY;RELATED TO INTERSECTION;STRAIGHT,GRADE;STATE SECONDARY ROUTE;TWO-WAY,DIVIDED,UNPROTECTED MEDIAN;SMOOTH ASPHALT;WET;DAYLIGHT;CLOUDY;STOP AND GO SIGNAL;;;-78.7928;35.7568;;115;0;0;;;;;NONE;;SPORT UTILITY;PASSENGER CAR;;;;NO;9705;2018-01-11;10:08 AM;2018-01-11T15:08:00+00:00;;2018;No;No;1;;NONE;NONE;SPORT UTILITY,PASSENGER CAR;SPORT UTILITY,PASSENGER CAR;SPORT UTILITY,PASSENGER CAR;SPORT UTILITY,PASSENGER CAR
32341;30 FEET FROM SR 1009 (TRYON RD);FOUR-WAY INTERSECTION;STRAIGHT,BOTTOM (SAG);STATE SECONDARY ROUTE;TWO-WAY,DIVIDED,POSITIVE MEDIAN BARRIER;SMOOTH ASPHALT;WET;DARK - LIGHTED ROADWAY;CLOUDY;STOP AND GO SIGNAL;;;-78.776189;35.741607;;;0;0;1;;NONE;;NONE;;PASSENGER CAR;PASSENGER CAR;;;;NO;9713;2018-01-11;5:31:07 PM;2018-01-11T22:31:07+00:00;;2018;No;No;1;NONE;NONE,NONE;NONE,NONE;PASSENGER CAR,PASSENGER CAR;PASSENGER CAR,PASSENGER CAR;PASSENGER CAR,PASSENGER CAR;PASSENGER CAR,PASSENGER CAR
32344;65 FEET FROM SR 1615 (HIGH HOUSE RD);RELATED TO INTERSECTION;STRAIGHT,LEVEL;STATE SECONDARY ROUTE;TWO-WAY,DIVIDED,UNPROTECTED MEDIAN;SMOOTH ASPHALT;DRY;DAYLIGHT;CLEAR;NO CONTROL PRESENT;;;-78.8297;35.7888;;;0;0;;;NONE;;NONE;;SPORT UTILITY;PASSENGER CAR;;;;NO;9716;2018-01-10;8:10:16 AM;2018-01-10T13:10:16+00:00;;2018;No;No;1;NONE;NONE,NONE;NONE,NONE;SPORT UTILITY,PASSENGER CAR;SPORT UTILITY,PASSENGER CAR;SPORT UTILITY,PASSENGER CAR;SPORT UTILITY,PASSENGER CAR
32351;36 FEET FROM SR 1652 (N HARRISON AVE);RELATED TO INTERSECTION;STRAIGHT,LEVEL;STATE SECONDARY ROUTE;TWO-WAY,NOT DIVIDED;SMOOTH ASPHALT;WET;DAYLIGHT;CLOUDY;STOP AND GO SIGNAL;;;-78.7661;35.8308;;111;0;0;;;NONE;;COMING FROM BEHIND PARKED VEHICLE;;PASSENGER CAR;SPORT UTILITY;;;;NO;9723;2018-01-12;8:11:10 AM;2018-01-12T13:11:10+00:00;;2018;No;No;1;NONE;NONE,COMING FROM BEHIND PARKED VEHICLE;NONE,COMING FROM BEHIND PARKED VEHICLE;PASSENGER CAR,SPORT UTILITY;PASSENGER CAR,SPORT UTILITY;PASSENGER CAR,SPORT UTILITY;PASSENGER CAR,SPORT UTILITY
32354;100 FEET FROM SR1742 GREEN LEVEL WEST;NO SPECIAL FEATURE;STRAIGHT,LEVEL;STATE SECONDARY ROUTE;TWO-WAY,DIVIDED,UNPROTECTED MEDIAN;SMOOTH ASPHALT;WET;DARK - ROADWAY NOT LIGHTED;RAIN;NO CONTROL PRESENT;;;-78.87571;35.786772;;;0;0;;;;;NONE;;SINGLE UNIT TRUCK (2-AXLE- 6-TIRE);;;;;CONSTRUCTION WORK AREA;9726;2018-01-11;10:05 PM;2018-01-12T03:05:00+00:00;;2018;No;No;1;;NONE;NONE;SINGLE UNIT TRUCK (2-AXLE- 6-TIRE);SINGLE UNIT TRUCK (2-AXLE- 6-TIRE);SINGLE UNIT TRUCK (2-AXLE- 6-TIRE);SINGLE UNIT TRUCK (2-AXLE- 6-TIRE)
32355;475 FEET FROM 8111 TRYON WOODS DR;DRIVEWAY, PUBLIC;STRAIGHT,LEVEL;PUBLIC VEHICULAR AREA;TWO-WAY,NOT DIVIDED;SMOOTH ASPHALT;DRY;DARK - LIGHTED ROADWAY;CLEAR;NO CONTROL PRESENT;35.745762885;-78.74271012;-78.743045;35.745995;P046;118;0;0;;;;;NONE;;PASSENGER CAR;POLICE;;;;NO;9727;2018-01-15;11:51 PM;2018-01-16T04:51:00+00:00;35.745762885, -78.74271012;2018;No;No;1;;NONE;NONE;PASSENGER CAR,POLICE;PASSENGER CAR,POLICE;PASSENGER CAR,POLICE;PASSENGER CAR,POLICE
32364;400 FEET FROM US 1 SOUTH;NO SPECIAL FEATURE;STRAIGHT,LEVEL;US ROUTE;TWO-WAY,DIVIDED,POSITIVE MEDIAN BARRIER;COARSE ASPHALT;DRY;DARK - ROADWAY NOT LIGHTED;CLEAR;NO CONTROL PRESENT;;;-78.81326;35.72653;;;0;0;;;NONE;;NONE;;PASSENGER CAR;;;;;NO;9736;2018-01-14;9:38:44 PM;2018-01-15T02:38:44+00:00;;2018;No;No;1;NONE;NONE,NONE;NONE,NONE;PASSENGER CAR;PASSENGER CAR;PASSENGER CAR;PASSENGER CAR
32365;CARY;RELATED TO INTERSECTION;STRAIGHT,LEVEL;STATE SECONDARY ROUTE;TWO-WAY,NOT DIVIDED;SMOOTH ASPHALT;DRY;DUSK;CLEAR;STOP AND GO SIGNAL;;;-78.731269;35.753367;;;0;0;1;;NONE;;NONE;;SPORT UTILITY;SPORT UTILITY;;;;NO;9737;2018-01-13;7:58:52 PM;2018-01-14T00:58:52+00:00;;2018;No;No;1;NONE;NONE,NONE;NONE,NONE;SPORT UTILITY,SPORT UTILITY;SPORT UTILITY,SPORT UTILITY;SPORT UTILITY,SPORT UTILITY;SPORT UTILITY,SPORT UTILITY
32366;160 FEET FROM SR 1011 (E CHATHAM ST);NO SPECIAL FEATURE;STRAIGHT,LEVEL;STATE SECONDARY ROUTE;TWO-WAY,NOT DIVIDED;COARSE ASPHALT;DRY;DAYLIGHT;CLEAR;NO CONTROL PRESENT;;;-78.7744;35.788;;;0;0;;;NONE;;NONE;;PASSENGER CAR;PASSENGER CAR;;;;NO;9738;2018-01-15;8:46:29 AM;2018-01-15T13:46:29+00:00;;2018;No;No;1;NONE;NONE,NONE;NONE,NONE;PASSENGER CAR,PASSENGER CAR;PASSENGER CAR,PASSENGER CAR;PASSENGER CAR,PASSENGER CAR;PASSENGER CAR,PASSENGER CAR
32377;CARY;RELATED TO INTERSECTION;STRAIGHT,GRADE;NC ROUTE;TWO-WAY,DIVIDED,UNPROTECTED MEDIAN;SMOOTH ASPHALT;DRY;DUSK;CLEAR;STOP AND GO SIGNAL;;;-78.7508;35.7948;;;0;2;;;NONE;;NONE;;SPORT UTILITY;PASSENGER CAR;;;;NO;9749;2018-01-11;6:37:37 PM;2018-01-11T23:37:37+00:00;;2018;No;Yes;1;NONE;NONE,NONE;NONE,NONE;SPORT UTILITY,PASSENGER CAR;SPORT UTILITY,PASSENGER CAR;SPORT UTILITY,PASSENGER CAR;SPORT UTILITY,PASSENGER CAR
32378;CARY;FOUR-WAY INTERSECTION;STRAIGHT,LEVEL;LOCAL STREET;TWO-WAY,NOT DIVIDED;SMOOTH ASPHALT;WET;DARK - LIGHTED ROADWAY;RAIN;STOP SIGN;35.798820243;-78.76710533;-78.7671;35.7989;P031;113;0;1;;;;;NONE;;PASSENGER CAR;SPORT UTILITY;;;;NO;9750;2018-01-11;8:23:58 PM;2018-01-12T01:23:58+00:00;35.798820243, -78.76710533;2018;No;Yes;1;;NONE;NONE;PASSENGER CAR,SPORT UTILITY;PASSENGER CAR,SPORT UTILITY;PASSENGER CAR,SPORT UTILITY;PASSENGER CAR,SPORT UTILITY
32380;.34 MILES FROM SR 1009 (TRYON RD);FOUR-WAY INTERSECTION;STRAIGHT,LEVEL;STATE SECONDARY ROUTE;TWO-WAY,DIVIDED,UNPROTECTED MEDIAN;SMOOTH ASPHALT;DRY;DAYLIGHT;CLEAR;STOP AND GO SIGNAL;;;-78.7418;35.7434;;;0;1;1;;;;NONE;;SINGLE UNIT TRUCK (2-AXLE- 6-TIRE);SPORT UTILITY;;;;NO;9752;2018-01-15;2:36:33 PM;2018-01-15T19:36:33+00:00;;2018;No;Yes;1;;NONE;NONE;SINGLE UNIT TRUCK (2-AXLE- 6-TIRE),SPORT UTILITY;SINGLE UNIT TRUCK (2-AXLE- 6-TIRE),SPORT UTILITY;SINGLE UNIT TRUCK (2-AXLE- 6-TIRE),SPORT UTILITY;SINGLE UNIT TRUCK (2-AXLE- 6-TIRE),SPORT UTILITY
32386;150 FEET FROM SR 1313 (WALNUT ST);NO SPECIAL FEATURE;STRAIGHT,LEVEL;STATE SECONDARY ROUTE;TWO-WAY,NOT DIVIDED;SMOOTH ASPHALT;WET;DARK - LIGHTED ROADWAY;RAIN;NO CONTROL PRESENT;;;-78.756502;35.766421;;;0;0;4;;NONE;;NONE;;PASSENGER CAR;PASSENGER CAR;PASSENGER CAR;;;NO;9758;2018-01-12;8:36:24 PM;2018-01-13T01:36:24+00:00;;2018;No;No;1;NONE;NONE,NONE;NONE,NONE;PASSENGER CAR,PASSENGER CAR;PASSENGER CAR,PASSENGER CAR,PASSENGER CAR;PASSENGER CAR,PASSENGER CAR,PASSENGER CAR;PASSENGER CAR,PASSENGER CAR,PASSENGER CAR
32387;.1 MILES FROM SR 1300 WALNUT ST;NO SPECIAL FEATURE;STRAIGHT,LEVEL;STATE SECONDARY ROUTE;TWO-WAY,DIVIDED,POSITIVE MEDIAN BARRIER;SMOOTH ASPHALT;DRY;DAYLIGHT;CLEAR;NO CONTROL PRESENT;;;-78.7468;35.7633;;;0;0;3;;;;NONE;;PASSENGER CAR;PICKUP;;;;NO;9759;2018-01-13;3:16:05 PM;2018-01-13T20:16:05+00:00;;2018;No;No;1;;NONE;NONE;PASSENGER CAR,PICKUP;PASSENGER CAR,PICKUP;PASSENGER CAR,PICKUP;PASSENGER CAR,PICKUP
32389;100 FEET FROM SR 1319 (JONES FRANKLIN RD);NO SPECIAL FEATURE;STRAIGHT,LEVEL;STATE SECONDARY ROUTE;TWO-WAY,NOT DIVIDED;COARSE ASPHALT;WET;DAYLIGHT;CLOUDY;NO CONTROL PRESENT;;;-78.730566;35.754488;;;0;0;1;;;;NONE;;PASSENGER CAR;SPORT UTILITY;;;;NO;9761;2018-01-12;3:21:55 PM;2018-01-12T20:21:55+00:00;;2018;No;No;1;;NONE;NONE;PASSENGER CAR,SPORT UTILITY;PASSENGER CAR,SPORT UTILITY;PASSENGER CAR,SPORT UTILITY;PASSENGER CAR,SPORT UTILITY
32400;100 FEET FROM WAKEHURST DR;NO SPECIAL FEATURE;STRAIGHT,LEVEL;LOCAL STREET;TWO-WAY,NOT DIVIDED;SMOOTH ASPHALT;DRY;DAYLIGHT;CLEAR;NO CONTROL PRESENT;;;-78.867488;35.766993;;;0;0;;;NONE;;NONE;;PASSENGER CAR;;;;;NO;9772;2018-01-16;3:07:29 PM;2018-01-16T20:07:29+00:00;;2018;No;No;1;NONE;NONE,NONE;NONE,NONE;PASSENGER CAR;PASSENGER CAR;PASSENGER CAR;PASSENGER CAR
32402;CARY;OFF-RAMP PROPER;STRAIGHT,LEVEL;US ROUTE;ONE-WAY,NOT DIVIDED;SMOOTH ASPHALT;DRY;DAYLIGHT;CLEAR;STOP AND GO SIGNAL;;;-78.794427;35.73799;;;0;0;;;NONE;;NONE;;PASSENGER CAR;;;;;NO;9774;2018-01-16;3:35:52 PM;2018-01-16T20:35:52+00:00;;2018;No;No;1;NONE;NONE,NONE;NONE,NONE;PASSENGER CAR;PASSENGER CAR;PASSENGER CAR;PASSENGER CAR
32409;100 FEET FROM SR 1615 ( HIGH HOUSE RD);NO SPECIAL FEATURE;STRAIGHT,GRADE;STATE SECONDARY ROUTE;TWO-WAY,DIVIDED,UNPROTECTED MEDIAN;SMOOTH ASPHALT;DRY;DAYLIGHT;CLEAR;NO CONTROL PRESENT;;;-78.847527;35.791422;;117;0;0;;;;;NONE;;PASSENGER CAR;;;;;NO;9781;2018-01-16;9:37:51 AM;2018-01-16T14:37:51+00:00;;2018;No;No;1;;NONE;NONE;PASSENGER CAR;PASSENGER CAR;PASSENGER CAR;PASSENGER CAR
32412;110 FEET FROM TWO CREEK RD;NO SPECIAL FEATURE;CURVE,GRADE;LOCAL STREET;TWO-WAY,NOT DIVIDED;SMOOTH ASPHALT;SLUSH;DARK - LIGHTED ROADWAY;SNOW;NO CONTROL PRESENT;;;-78.792462;35.7602;;;0;0;;;NONE;;NONE;;PASSENGER CAR;;;;;NO;9784;2018-01-17;11:12 PM;2018-01-18T04:12:00+00:00;;2018;No;No;1;NONE;NONE,NONE;NONE,NONE;PASSENGER CAR;PASSENGER CAR;PASSENGER CAR;PASSENGER CAR
32417;5 FEET FROM US 1 ON RAMP TO WALNUT ST;OFF-RAMP TERMINAL ON CROSSROAD;STRAIGHT,GRADE;US ROUTE;ONE-WAY,NOT DIVIDED;SMOOTH ASPHALT;WET;DAYLIGHT;SNOW;STOP AND GO SIGNAL;;;-78.744229;35.760942;;;0;0;;;NONE;;NONE;;PASSENGER CAR;PASSENGER CAR;;;;NO;9789;2018-01-17;11:32 AM;2018-01-17T16:32:00+00:00;;2018;No;No;1;NONE;NONE,NONE;NONE,NONE;PASSENGER CAR,PASSENGER CAR;PASSENGER CAR,PASSENGER CAR;PASSENGER CAR,PASSENGER CAR;PASSENGER CAR,PASSENGER CAR
32419;342 FEET FROM SR 1642 (NELSON RD);NO SPECIAL FEATURE;CURVE,LEVEL;STATE SECONDARY ROUTE;TWO-WAY,NOT DIVIDED;SMOOTH ASPHALT;SNOW;DAYLIGHT;SNOW;NO CONTROL PRESENT;;;-78.8117;35.8825;;111;0;0;;;NONE;;COMING FROM BEHIND PARKED VEHICLE;;SPORT UTILITY;;;;;NO;9791;2018-01-17;12:47 PM;2018-01-17T17:47:00+00:00;;2018;No;No;1;NONE;NONE,COMING FROM BEHIND PARKED VEHICLE;NONE,COMING FROM BEHIND PARKED VEHICLE;SPORT UTILITY;SPORT UTILITY;SPORT UTILITY;SPORT UTILITY
32421;.114 MILES FROM P.V.A. (111 COLLIER PL);NO SPECIAL FEATURE;CURVE,GRADE;PUBLIC VEHICULAR AREA;TWO-WAY,NOT DIVIDED;SMOOTH ASPHALT;SNOW;DAYLIGHT;SNOW;NO CONTROL PRESENT;;;-78.7875;35.8103;;;0;0;;;;;COMING FROM BEHIND PARKED VEHICLE;;PASSENGER CAR;PASSENGER CAR;VAN;;;NO;9793;2018-01-17;1:09:43 PM;2018-01-17T18:09:43+00:00;;2018;No;No;1;;COMING FROM BEHIND PARKED VEHICLE;COMING FROM BEHIND PARKED VEHICLE;PASSENGER CAR,PASSENGER CAR;PASSENGER CAR,PASSENGER CAR,VAN;PASSENGER CAR,PASSENGER CAR,VAN;PASSENGER CAR,PASSENGER CAR,VAN
32431;CARY;NO SPECIAL FEATURE;STRAIGHT,LEVEL;PUBLIC VEHICULAR AREA;;SMOOTH ASPHALT;WET;DAYLIGHT;CLEAR;NO CONTROL PRESENT;35.798861752;-78.30952008;-78.7823;35.7575;P119;RALW;0;0;;;NONE;;NONE;;SINGLE UNIT TRUCK (2-AXLE- 6-TIRE);PASSENGER CAR;;;;NO;9803;2018-01-19;9:34:31 AM;2018-01-19T14:34:31+00:00;35.798861752, -78.30952008;2018;No;No;1;NONE;NONE,NONE;NONE,NONE;SINGLE UNIT TRUCK (2-AXLE- 6-TIRE),PASSENGER CAR;SINGLE UNIT TRUCK (2-AXLE- 6-TIRE),PASSENGER CAR;SINGLE UNIT TRUCK (2-AXLE- 6-TIRE),PASSENGER CAR;SINGLE UNIT TRUCK (2-AXLE- 6-TIRE),PASSENGER CAR
32440;400 FEET FROM P.V.A (665 WALNUT ST);NO SPECIAL FEATURE;STRAIGHT,LEVEL;PUBLIC VEHICULAR AREA;TWO-WAY,NOT DIVIDED;SMOOTH ASPHALT;DRY;DAYLIGHT;CLEAR;NO CONTROL PRESENT;;;-78.7654;35.77624;;;0;0;;;NONE;;NONE;;PICKUP;PASSENGER CAR;;;;NO;9812;2018-01-20;1:22:10 AM;2018-01-20T06:22:10+00:00;;2018;No;No;1;NONE;NONE,NONE;NONE,NONE;PICKUP,PASSENGER CAR;PICKUP,PASSENGER CAR;PICKUP,PASSENGER CAR;PICKUP,PASSENGER CAR
32441;.1 MILES FROM SR 1300 (KILDAIRE FARM RD);NO SPECIAL FEATURE;STRAIGHT,LEVEL;STATE SECONDARY ROUTE;TWO-WAY,DIVIDED,UNPROTECTED MEDIAN;COARSE ASPHALT;WET;DAYLIGHT;CLEAR;STOP AND GO SIGNAL;;;-78.7826;35.7589;;;0;0;;;NONE;;NONE;;VAN;SPORT UTILITY;;;;NO;9813;2018-01-19;12:45 PM;2018-01-19T17:45:00+00:00;;2018;No;No;1;NONE;NONE,NONE;NONE,NONE;VAN,SPORT UTILITY;VAN,SPORT UTILITY;VAN,SPORT UTILITY;VAN,SPORT UTILITY
32444;75 FEET FROM US 1;OFF-RAMP PROPER;STRAIGHT,HILLCREST;US ROUTE;ONE-WAY,NOT DIVIDED;COARSE ASPHALT;DRY;DAYLIGHT;CLEAR;NO CONTROL PRESENT;;;-78.7442;35.7631;;112;0;1;3;;;;NONE;;SPORT UTILITY;PASSENGER CAR;;;;NO;9816;2018-01-20;4:27:20 PM;2018-01-20T21:27:20+00:00;;2018;No;Yes;1;;NONE;NONE;SPORT UTILITY,PASSENGER CAR;SPORT UTILITY,PASSENGER CAR;SPORT UTILITY,PASSENGER CAR;SPORT UTILITY,PASSENGER CAR
32462;400 FEET FROM P.V.A(2010 KILDAIRE FARM RD);NO SPECIAL FEATURE;STRAIGHT,LEVEL;PUBLIC VEHICULAR AREA;TWO-WAY,NOT DIVIDED;COARSE ASPHALT;WET;DAYLIGHT;CLEAR;NO CONTROL PRESENT;35.887011454;-78.55104834;-78.781191;35.736945;P119;RALW;0;0;;;NONE;;NONE;;UNKNOWN;SPORT UTILITY;;;;NO;9834;2018-01-20;5:12:48 PM;2018-01-20T22:12:48+00:00;35.887011454, -78.55104834;2018;No;No;1;NONE;NONE,NONE;NONE,NONE;UNKNOWN,SPORT UTILITY;UNKNOWN,SPORT UTILITY;UNKNOWN,SPORT UTILITY;UNKNOWN,SPORT UTILITY
32470;150 FEET FROM PVA OF 6801 TURNER CREEK RD;NO SPECIAL FEATURE;STRAIGHT,LEVEL;PUBLIC VEHICULAR AREA;ONE-WAY,NOT DIVIDED;SMOOTH ASPHALT;DRY;DAYLIGHT;CLEAR;NO CONTROL PRESENT;;;-78.8758;35.7735;;117;0;0;;;NONE;;NONE;;UNKNOWN;PASSENGER CAR;;;;NO;9842;2018-01-21;12:30 PM;2018-01-21T17:30:00+00:00;;2018;No;No;1;NONE;NONE,NONE;NONE,NONE;UNKNOWN,PASSENGER CAR;UNKNOWN,PASSENGER CAR;UNKNOWN,PASSENGER CAR;UNKNOWN,PASSENGER CAR
32472;CARY;;;;;;;;;;;;;;;;0;0;;;;;;;;;;;;;9844;2018-01-22;5:22:01 PM;2018-01-22T22:22:01+00:00;;2018;No;No;1;;;;;;;
32476;483 FEET FROM SR3977 (SW CARY PKWY);RELATED TO INTERSECTION;STRAIGHT,LEVEL;STATE SECONDARY ROUTE;TWO-WAY,DIVIDED,UNPROTECTED MEDIAN;SMOOTH ASPHALT;DRY;DAYLIGHT;CLEAR;STOP AND GO SIGNAL;;;-78.784751;35.757494;;;0;1;1;;NONE;;NONE;;PICKUP;PASSENGER CAR;;;;NO;9848;2018-01-22;6:43:31 PM;2018-01-22T23:43:31+00:00;;2018;No;Yes;1;NONE;NONE,NONE;NONE,NONE;PICKUP,PASSENGER CAR;PICKUP,PASSENGER CAR;PICKUP,PASSENGER CAR;PICKUP,PASSENGER CAR
32477;200 FEET FROM PVA OF 2317 SW CARY PKWY;DRIVEWAY, PUBLIC;STRAIGHT,LEVEL;PUBLIC VEHICULAR AREA;TWO-WAY,NOT DIVIDED;COARSE ASPHALT;DRY;DAYLIGHT;CLEAR;NO CONTROL PRESENT;;;-78.822;35.7614;;115;0;0;;;NONE;;NONE;;PASSENGER CAR;LIGHT TRUCK (MINI-VAN- PANEL);;;;NO;9849;2018-01-22;5:39:20 PM;2018-01-22T22:39:20+00:00;;2018;No;No;1;NONE;NONE,NONE;NONE,NONE;PASSENGER CAR,LIGHT TRUCK (MINI-VAN- PANEL);PASSENGER CAR,LIGHT TRUCK (MINI-VAN- PANEL);PASSENGER CAR,LIGHT TRUCK (MINI-VAN- PANEL);PASSENGER CAR,LIGHT TRUCK (MINI-VAN- PANEL)
32484;.25 MILES FROM US 1 HWY;NO SPECIAL FEATURE;STRAIGHT,LEVEL;US ROUTE;TWO-WAY,DIVIDED,POSITIVE MEDIAN BARRIER;CONCRETE;WET;DAYLIGHT;RAIN;NO CONTROL PRESENT;;;-78.7648;35.7521;;112;0;0;;;NONE;;NONE;;SPORT UTILITY;PASSENGER CAR;;;;NO;9856;2018-01-23;8:09:46 AM;2018-01-23T13:09:46+00:00;;2018;No;No;1;NONE;NONE,NONE;NONE,NONE;SPORT UTILITY,PASSENGER CAR;SPORT UTILITY,PASSENGER CAR;SPORT UTILITY,PASSENGER CAR;SPORT UTILITY,PASSENGER CAR
32487;CARY;DRIVEWAY, PUBLIC;STRAIGHT,LEVEL;PUBLIC VEHICULAR AREA;ONE-WAY,NOT DIVIDED;SMOOTH ASPHALT;DRY;DAYLIGHT;SEVERE CROSSWINDS;NO CONTROL PRESENT;;;-78.7823;35.769627;;;0;0;;;NONE;;NONE;;SPORT UTILITY;;;;;NO;9859;2018-01-23;12:53 PM;2018-01-23T17:53:00+00:00;;2018;No;No;1;NONE;NONE,NONE;NONE,NONE;SPORT UTILITY;SPORT UTILITY;SPORT UTILITY;SPORT UTILITY
32489;10 FEET FROM US 1 EXIT 98 RAMP SB;OFF-RAMP PROPER;STRAIGHT,BOTTOM (SAG);US ROUTE;ONE-WAY,NOT DIVIDED;SMOOTH ASPHALT;DRY;DAYLIGHT;CLEAR;STOP AND GO SIGNAL;;;-78.79458;35.737967;;;0;0;4;;NONE;;NONE;;PICKUP;SPORT UTILITY;;;;NO;9861;2018-01-23;4:23:38 PM;2018-01-23T21:23:38+00:00;;2018;No;No;1;NONE;NONE,NONE;NONE,NONE;PICKUP,SPORT UTILITY;PICKUP,SPORT UTILITY;PICKUP,SPORT UTILITY;PICKUP,SPORT UTILITY
32502;47 FEET FROM 163 SR 3977 (SE CARY PARKWAY);DRIVEWAY, PUBLIC;STRAIGHT,GRADE;PUBLIC VEHICULAR AREA;TWO-WAY,NOT DIVIDED;COARSE ASPHALT;DRY;DAYLIGHT;CLEAR;NO CONTROL PRESENT;;;-78.781617;35.758269;;;0;0;;;NONE;;NONE;;PASSENGER CAR;SPORT UTILITY;;;;NO;9874;2018-01-25;1:48:33 PM;2018-01-25T18:48:33+00:00;;2018;No;No;1;NONE;NONE,NONE;NONE,NONE;PASSENGER CAR,SPORT UTILITY;PASSENGER CAR,SPORT UTILITY;PASSENGER CAR,SPORT UTILITY;PASSENGER CAR,SPORT UTILITY
32506;200 FEET FROM SR 1521 (LAKE PINE DR);NO SPECIAL FEATURE;STRAIGHT,GRADE;STATE SECONDARY ROUTE;TWO-WAY,DIVIDED,UNPROTECTED MEDIAN;SMOOTH ASPHALT;DRY;DARK - ROADWAY NOT LIGHTED;CLEAR;NO CONTROL PRESENT;;;-78.8083;35.7543;;;0;0;1;;NONE;;NONE;;PASSENGER CAR;PASSENGER CAR;;;;NO;9878;2018-01-25;6:05:46 PM;2018-01-25T23:05:46+00:00;;2018;No;No;1;NONE;NONE,NONE;NONE,NONE;PASSENGER CAR,PASSENGER CAR;PASSENGER CAR,PASSENGER CAR;PASSENGER CAR,PASSENGER CAR;PASSENGER CAR,PASSENGER CAR
32507;150 FEET FROM NC HWY 55;NO SPECIAL FEATURE;STRAIGHT,LEVEL;NC ROUTE;TWO-WAY,DIVIDED,UNPROTECTED MEDIAN;SMOOTH ASPHALT;DRY;DAYLIGHT;CLEAR;DOUBLE YELLOW LINE, NO PASSING ZONE;35.79295009;-78.87057115;-78.8705;35.7925;P077;122;0;0;;;;;NONE;;PASSENGER CAR;VAN;;;;NO;9879;2018-01-23;8:43:52 AM;2018-01-23T13:43:52+00:00;35.79295009, -78.87057115;2018;No;No;1;;NONE;NONE;PASSENGER CAR,VAN;PASSENGER CAR,VAN;PASSENGER CAR,VAN;PASSENGER CAR,VAN