tamainid;location_description;rdfeature;rdcharacter;rdclass;rdconfigur;rdsurface;rdcondition;lightcond;weather;trafcontrl;lat;lon;lon2;lat2;tract;zone;fatality;possblinj;numpassengers;numpedestrians;contrcir1_desc;contrcir2_desc;contrcir3_desc;contrcir4_desc;vehicle1;vehicle2;vehicle3;vehicle4;vehicle5;workarea;records;ta_date;ta_time;crash_date;geo_location;year;fatalities;injuries;month;contrfact1;contrfact2;contributing_factor;vehicleconcat1;vehicleconcat2;vehicleconcat3;vehicle_type
20643;CARY;NO SPECIAL FEATURE;STRAIGHT,LEVEL;PUBLIC VEHICULAR AREA;TWO-WAY,NOT DIVIDED;SMOOTH ASPHALT;DRY;DARK - LIGHTED ROADWAY;CLEAR;NO CONTROL PRESENT;35.739497009;-78.75407234;-78.7539;35.739;P004;118;0;0;;;NONE;;NONE;;SPORT UTILITY;PASSENGER CAR;;;;NO;35;2016-01-06;3:53:09 AM;2016-01-06T08:53:09+00:00;35.739497009, -78.75407234;2016;No;No;1;NONE;NONE,NONE;NONE,NONE;SPORT UTILITY,PASSENGER CAR;SPORT UTILITY,PASSENGER CAR;SPORT UTILITY,PASSENGER CAR;SPORT UTILITY,PASSENGER CAR
33080;10 FEET FROM US HWY 64 E;NO SPECIAL FEATURE;STRAIGHT,GRADE;US ROUTE;TWO-WAY,DIVIDED,POSITIVE MEDIAN BARRIER;COARSE ASPHALT;DRY;DARK - LIGHTED ROADWAY;CLEAR;NO CONTROL PRESENT;35.737154099;-78.79085465;-78.7943;35.7379;P042;115;0;0;;;NONE;;NONE;;PASSENGER CAR;SPORT UTILITY;;;;NO;10451;2018-03-10;7:04:14 PM;2018-03-11T00:04:14+00:00;35.737154099, -78.79085465;2018;No;No;3;NONE;NONE,NONE;NONE,NONE;PASSENGER CAR,SPORT UTILITY;PASSENGER CAR,SPORT UTILITY;PASSENGER CAR,SPORT UTILITY;PASSENGER CAR,SPORT UTILITY
20651;300 FEET FROM PVA OF 3494 KILDAIRE FARM RD;NO SPECIAL FEATURE;STRAIGHT,GRADE;PUBLIC VEHICULAR AREA;TWO-WAY,NOT DIVIDED;COARSE ASPHALT;DRY;DAYLIGHT;CLEAR;NO CONTROL PRESENT;;;-78.795;35.704;;;0;0;;;;;NONE;;PICKUP;VAN;;;;NO;42;2016-01-06;8:23:39 AM;2016-01-06T13:23:39+00:00;;2016;No;No;1;;NONE;NONE;PICKUP,VAN;PICKUP,VAN;PICKUP,VAN;PICKUP,VAN
33094;CARY;NO SPECIAL FEATURE;STRAIGHT,HILLCREST;STATE SECONDARY ROUTE;TWO-WAY,DIVIDED,POSITIVE MEDIAN BARRIER;SMOOTH ASPHALT;WET;DAYLIGHT;RAIN;STOP SIGN;;;-78.7596;35.7446;;;0;0;1;;;;NONE;;SPORT UTILITY;PASSENGER CAR;;;;NO;10465;2018-03-11;5:02:41 PM;2018-03-11T21:02:41+00:00;;2018;No;No;3;;NONE;NONE;SPORT UTILITY,PASSENGER CAR;SPORT UTILITY,PASSENGER CAR;SPORT UTILITY,PASSENGER CAR;SPORT UTILITY,PASSENGER CAR
20659;CARY;NO SPECIAL FEATURE;STRAIGHT,LEVEL;STATE SECONDARY ROUTE;TWO-WAY,DIVIDED,UNPROTECTED MEDIAN;SMOOTH ASPHALT;DRY;DARK - LIGHTED ROADWAY;CLEAR;STOP AND GO SIGNAL;35.772232957;-78.76411371;-78.7641;35.7725;P062;120;0;0;;;NONE;;NONE;;PASSENGER CAR;SPORT UTILITY;;;;NO;50;2016-01-06;10:11 PM;2016-01-07T03:11:00+00:00;35.772232957, -78.76411371;2016;No;No;1;NONE;NONE,NONE;NONE,NONE;PASSENGER CAR,SPORT UTILITY;PASSENGER CAR,SPORT UTILITY;PASSENGER CAR,SPORT UTILITY;PASSENGER CAR,SPORT UTILITY
33097;140 FEET FROM SR-1650 (REEDY CREEK RD);;;PRIVATE ROAD,DRIVEWAY;TWO-WAY,NOT DIVIDED;SMOOTH ASPHALT;WET;DARK - LIGHTED ROADWAY;CLEAR;NO CONTROL PRESENT;35.804566237;-78.76758707;-78.7679;35.8049;P087;WAKE;0;0;;;NONE;;NONE;;PASSENGER CAR;;;;;NO;10468;2018-03-13;12:55 AM;2018-03-13T04:55:00+00:00;35.804566237, -78.76758707;2018;No;No;3;NONE;NONE,NONE;NONE,NONE;PASSENGER CAR;PASSENGER CAR;PASSENGER CAR;PASSENGER CAR
20662;5 FEET FROM RENNAISSANCE PARK PL (PVA);T-INTERSECTION;CURVE,GRADE;PUBLIC VEHICULAR AREA;ONE-WAY,NOT DIVIDED;SMOOTH ASPHALT;DRY;DAYLIGHT;CLEAR;STOP SIGN;35.825965377;-78.77034362;-78.7692;35.8278;P080;111;0;0;;;NONE;;NONE;;PICKUP;SPORT UTILITY;;;;NO;53;2016-01-06;1:06:18 PM;2016-01-06T18:06:18+00:00;35.825965377, -78.77034362;2016;No;No;1;NONE;NONE,NONE;NONE,NONE;PICKUP,SPORT UTILITY;PICKUP,SPORT UTILITY;PICKUP,SPORT UTILITY;PICKUP,SPORT UTILITY
33101;358 FEET FROM P.V.A (BASS PRO SHOPS);NO SPECIAL FEATURE;STRAIGHT,LEVEL;PUBLIC VEHICULAR AREA;TWO-WAY,NOT DIVIDED;SMOOTH ASPHALT;WET;DAYLIGHT;SLEET, HAIL, FREEZING RAIN/DRIZZLE;NO CONTROL PRESENT;;;-78.7702;35.8294;;;0;0;;;NONE;;NONE;;PICKUP;;;;;NO;10472;2018-03-12;1:35:17 PM;2018-03-12T17:35:17+00:00;;2018;No;No;3;NONE;NONE,NONE;NONE,NONE;PICKUP;PICKUP;PICKUP;PICKUP
20666;.75 MILES FROM US 1;NO SPECIAL FEATURE;STRAIGHT,LEVEL;US ROUTE;TWO-WAY,DIVIDED,POSITIVE MEDIAN BARRIER;SMOOTH ASPHALT;DRY;DARK - ROADWAY NOT LIGHTED;CLEAR;NO CONTROL PRESENT;35.736894104;-78.79376171;-78.8068;35.7298;P043;116;0;0;;;NONE;;NONE;;LIGHT TRUCK (MINI-VAN- PANEL);;;;;NO;57;2016-01-07;8:20:54 PM;2016-01-08T01:20:54+00:00;35.736894104, -78.79376171;2016;No;No;1;NONE;NONE,NONE;NONE,NONE;LIGHT TRUCK (MINI-VAN- PANEL);LIGHT TRUCK (MINI-VAN- PANEL);LIGHT TRUCK (MINI-VAN- PANEL);LIGHT TRUCK (MINI-VAN- PANEL)
33104;.7 MILES FROM PVA (1 QUALITY LN);NO SPECIAL FEATURE;STRAIGHT,LEVEL;PRIVATE ROAD,DRIVEWAY;TWO-WAY,NOT DIVIDED;GRAVEL;WET;DAYLIGHT;RAIN;NO CONTROL PRESENT;;;-78.808;35.8162;;;0;0;;;NONE;;NONE;;PICKUP;PASSENGER CAR;;;;NO;10474;2018-03-12;2:10:50 PM;2018-03-12T18:10:50+00:00;;2018;No;No;3;NONE;NONE,NONE;NONE,NONE;PICKUP,PASSENGER CAR;PICKUP,PASSENGER CAR;PICKUP,PASSENGER CAR;PICKUP,PASSENGER CAR
20680;10 FEET FROM W CHATHAM ST;T-INTERSECTION;STRAIGHT,LEVEL;LOCAL STREET;TWO-WAY,DIVIDED,UNPROTECTED MEDIAN;SMOOTH ASPHALT;DRY;DAYLIGHT;CLOUDY;STOP SIGN;35.76986902;-78.83067159;-78.8304;35.7699;P064;117;0;0;2;;NONE;;NONE;;SPORT UTILITY;PICKUP;;;;NO;69;2016-01-08;9:20:55 AM;2016-01-08T14:20:55+00:00;35.76986902, -78.83067159;2016;No;No;1;NONE;NONE,NONE;NONE,NONE;SPORT UTILITY,PICKUP;SPORT UTILITY,PICKUP;SPORT UTILITY,PICKUP;SPORT UTILITY,PICKUP
33110;220 FEET FROM PVA 2080 KILDAIRE FARM RD;NO SPECIAL FEATURE;STRAIGHT,GRADE;PUBLIC VEHICULAR AREA;TWO-WAY,NOT DIVIDED;SMOOTH ASPHALT;DRY;DAYLIGHT;CLEAR;NO CONTROL PRESENT;;;-78.781;35.7359;;;0;0;;;;;NONE;;PICKUP;SPORT UTILITY;;;;NO;10480;2018-03-13;9:39:33 AM;2018-03-13T13:39:33+00:00;;2018;No;No;3;;NONE;NONE;PICKUP,SPORT UTILITY;PICKUP,SPORT UTILITY;PICKUP,SPORT UTILITY;PICKUP,SPORT UTILITY
20682;350 FEET FROM PVA OF 102 NEW WAVERLY PL;NO SPECIAL FEATURE;STRAIGHT,LEVEL;PUBLIC VEHICULAR AREA;ONE-WAY,NOT DIVIDED;CONCRETE;DRY;DAYLIGHT;CLEAR;NO CONTROL PRESENT;35.738527145;-78.77751237;-78.776;35.737;P053;116;0;0;;;;;NONE;;SINGLE UNIT TRUCK (2-AXLE- 6-TIRE);PASSENGER CAR;;;;NO;71;2016-01-06;12:06 PM;2016-01-06T17:06:00+00:00;35.738527145, -78.77751237;2016;No;No;1;;NONE;NONE;SINGLE UNIT TRUCK (2-AXLE- 6-TIRE),PASSENGER CAR;SINGLE UNIT TRUCK (2-AXLE- 6-TIRE),PASSENGER CAR;SINGLE UNIT TRUCK (2-AXLE- 6-TIRE),PASSENGER CAR;SINGLE UNIT TRUCK (2-AXLE- 6-TIRE),PASSENGER CAR
33118;.10 MILES FROM 7600 ROBERTS RD (PVA);NO SPECIAL FEATURE;STRAIGHT,GRADE;PUBLIC VEHICULAR AREA;TWO-WAY,NOT DIVIDED;COARSE ASPHALT;DRY;DAYLIGHT;CLEAR;NO CONTROL PRESENT;;;-78.8948;35.7702;;;0;0;;;NONE;;NONE;;PASSENGER CAR;SPORT UTILITY;;;;NO;10488;2018-03-02;8:07:26 AM;2018-03-02T13:07:26+00:00;;2018;No;No;3;NONE;NONE,NONE;NONE,NONE;PASSENGER CAR,SPORT UTILITY;PASSENGER CAR,SPORT UTILITY;PASSENGER CAR,SPORT UTILITY;PASSENGER CAR,SPORT UTILITY
20691;CARY;NO SPECIAL FEATURE;STRAIGHT,LEVEL;PUBLIC VEHICULAR AREA;ONE-WAY,NOT DIVIDED;SMOOTH ASPHALT;WET;DARK - LIGHTED ROADWAY;RAIN;NO CONTROL PRESENT;35.758970594;-78.74241617;-78.743373;35.76091;P045;118;0;0;;;;;NONE;;PASSENGER CAR;SPORT UTILITY;;;;NO;80;2016-01-08;2:34:28 AM;2016-01-08T07:34:28+00:00;35.758970594, -78.74241617;2016;No;No;1;;NONE;NONE;PASSENGER CAR,SPORT UTILITY;PASSENGER CAR,SPORT UTILITY;PASSENGER CAR,SPORT UTILITY;PASSENGER CAR,SPORT UTILITY
33142;.02 MILES FROM US 64 HIGHWAY;RELATED TO INTERSECTION;STRAIGHT,LEVEL;US ROUTE;TWO-WAY,DIVIDED,UNPROTECTED MEDIAN;SMOOTH ASPHALT;DRY;DAYLIGHT;CLEAR;STOP AND GO SIGNAL;;;-78.7998;35.7385;;;0;0;;;;;NONE;;SPORT UTILITY;PASSENGER CAR;;;;NO;10512;2018-03-15;8:09:24 AM;2018-03-15T12:09:24+00:00;;2018;No;No;3;;NONE;NONE;SPORT UTILITY,PASSENGER CAR;SPORT UTILITY,PASSENGER CAR;SPORT UTILITY,PASSENGER CAR;SPORT UTILITY,PASSENGER CAR
20692;CARY;NO SPECIAL FEATURE;STRAIGHT,HILLCREST;PUBLIC VEHICULAR AREA;TWO-WAY,NOT DIVIDED;SMOOTH ASPHALT;WET;DARK - ROADWAY NOT LIGHTED;RAIN;STOP SIGN;35.758970594;-78.74241617;-78.743993;35.761133;P045;118;0;0;1;;NONE;;NONE;;SPORT UTILITY;SPORT UTILITY;;;;NO;81;2016-01-08;4:43:02 AM;2016-01-08T09:43:02+00:00;35.758970594, -78.74241617;2016;No;No;1;NONE;NONE,NONE;NONE,NONE;SPORT UTILITY,SPORT UTILITY;SPORT UTILITY,SPORT UTILITY;SPORT UTILITY,SPORT UTILITY;SPORT UTILITY,SPORT UTILITY
33147;CARY;ON-RAMP ENTRY;STRAIGHT,LEVEL;NC ROUTE;TWO-WAY,DIVIDED,UNPROTECTED MEDIAN;SMOOTH ASPHALT;DRY;DARK - LIGHTED ROADWAY;CLEAR;STOP AND GO SIGNAL;;;-78.8853;35.8392;;119;0;0;1;;NONE;;NONE;;PASSENGER CAR;;;;;NO;10517;2018-03-15;10:17 AM;2018-03-15T14:17:00+00:00;;2018;No;No;3;NONE;NONE,NONE;NONE,NONE;PASSENGER CAR;PASSENGER CAR;PASSENGER CAR;PASSENGER CAR
20696;.25 MILES FROM US 1;NO SPECIAL FEATURE;STRAIGHT,LEVEL;US ROUTE;TWO-WAY,DIVIDED,POSITIVE MEDIAN BARRIER;COARSE ASPHALT;WET;DAYLIGHT;CLOUDY;NO CONTROL PRESENT;35.736894104;-78.79376167;-78.749098;35.759846;P043;116;0;0;;;NONE;;NONE;;PICKUP;;;;;NO;85;2016-01-09;5:04:21 PM;2016-01-09T22:04:21+00:00;35.736894104, -78.79376167;2016;No;No;1;NONE;NONE,NONE;NONE,NONE;PICKUP;PICKUP;PICKUP;PICKUP
33149;.05 MILES FROM REGENCY PKWY;FOUR-WAY INTERSECTION;STRAIGHT,LEVEL;LOCAL STREET;TWO-WAY,DIVIDED,UNPROTECTED MEDIAN;SMOOTH ASPHALT;DRY;DAYLIGHT;CLEAR;NO CONTROL PRESENT;;;-78.79466;35.730074;;;0;0;;;NONE;;NONE;;SPORT UTILITY;SPORT UTILITY;;;;NO;10519;2018-03-15;3:05:57 PM;2018-03-15T19:05:57+00:00;;2018;No;No;3;NONE;NONE,NONE;NONE,NONE;SPORT UTILITY,SPORT UTILITY;SPORT UTILITY,SPORT UTILITY;SPORT UTILITY,SPORT UTILITY;SPORT UTILITY,SPORT UTILITY
20699;40 FEET FROM SR 3081 (CHAPEL HILL RD);NO SPECIAL FEATURE;STRAIGHT,LEVEL;;ONE-WAY,NOT DIVIDED;SMOOTH ASPHALT;WET;DARK - LIGHTED ROADWAY;RAIN;NO CONTROL PRESENT;35.802658087;-78.80455309;-78.804422;35.802424;P023;111;0;0;;;NONE;;NONE;;PASSENGER CAR;PASSENGER CAR;;;;NO;87;2016-01-08;5:23:42 PM;2016-01-08T22:23:42+00:00;35.802658087, -78.80455309;2016;No;No;1;NONE;NONE,NONE;NONE,NONE;PASSENGER CAR,PASSENGER CAR;PASSENGER CAR,PASSENGER CAR;PASSENGER CAR,PASSENGER CAR;PASSENGER CAR,PASSENGER CAR
33152;10 FEET FROM SR1415 (SE MAYNARD RD);NO SPECIAL FEATURE;STRAIGHT,GRADE;STATE SECONDARY ROUTE;TWO-WAY,NOT DIVIDED;SMOOTH ASPHALT;DRY;DAYLIGHT;CLEAR;NO CONTROL PRESENT;;;-78.7642;35.7762;;;0;0;;;NONE;;NONE;;PASSENGER CAR;PICKUP;;;;NO;10522;2018-03-15;6:41:24 PM;2018-03-15T22:41:24+00:00;;2018;No;No;3;NONE;NONE,NONE;NONE,NONE;PASSENGER CAR,PICKUP;PASSENGER CAR,PICKUP;PASSENGER CAR,PICKUP;PASSENGER CAR,PICKUP
20701;200 FEET FROM PRESTON VILLAGE WAY;NO SPECIAL FEATURE;STRAIGHT,LEVEL;LOCAL STREET;TWO-WAY,NOT DIVIDED;SMOOTH ASPHALT;WET;DAYLIGHT;CLOUDY;NO CONTROL PRESENT;35.803241966;-78.84962569;-78.8516;35.8037;P070;121;0;0;1;;NONE;;NONE;;PASSENGER CAR;PASSENGER CAR;;;;NO;89;2016-01-08;5:44:22 PM;2016-01-08T22:44:22+00:00;35.803241966, -78.84962569;2016;No;No;1;NONE;NONE,NONE;NONE,NONE;PASSENGER CAR,PASSENGER CAR;PASSENGER CAR,PASSENGER CAR;PASSENGER CAR,PASSENGER CAR;PASSENGER CAR,PASSENGER CAR
33153;200 FEET FROM P.V.A. 1207 KILDAIRE FARM RD;DRIVEWAY, PUBLIC;STRAIGHT,LEVEL;PUBLIC VEHICULAR AREA;ONE-WAY,NOT DIVIDED;SMOOTH ASPHALT;DRY;DAYLIGHT;CLEAR;NO CONTROL PRESENT;;;-78.782551;35.764498;;112;0;0;;;;;NONE;;PASSENGER CAR;PASSENGER CAR;;;;NO;10523;2018-03-13;8:36:00 PM;2018-03-14T00:36:00+00:00;;2018;No;No;3;;NONE;NONE;PASSENGER CAR,PASSENGER CAR;PASSENGER CAR,PASSENGER CAR;PASSENGER CAR,PASSENGER CAR;PASSENGER CAR,PASSENGER CAR
20708;CARY;T-INTERSECTION;STRAIGHT,LEVEL;STATE SECONDARY ROUTE;TWO-WAY,NOT DIVIDED;SMOOTH ASPHALT;WET;DAYLIGHT;CLOUDY;STOP AND GO SIGNAL;35.758025843;-78.78036165;;;P027;112;0;0;;;NONE;;NONE;;SPORT UTILITY;PASSENGER CAR;;;;NO;96;2016-01-08;2:36:14 PM;2016-01-08T19:36:14+00:00;35.758025843, -78.78036165;2016;No;No;1;NONE;NONE,NONE;NONE,NONE;SPORT UTILITY,PASSENGER CAR;SPORT UTILITY,PASSENGER CAR;SPORT UTILITY,PASSENGER CAR;SPORT UTILITY,PASSENGER CAR
33158;27 FEET FROM P.V.A. (1807 N HARRISON AVE);NO SPECIAL FEATURE;STRAIGHT,LEVEL;PUBLIC VEHICULAR AREA;TWO-WAY,NOT DIVIDED;SMOOTH ASPHALT;DRY;DAYLIGHT;CLEAR;NO CONTROL PRESENT;;;-78.7685;35.8306;;;0;0;;;NONE;;NONE;;SPORT UTILITY;PASSENGER CAR;;;;NO;10528;2018-03-15;3:44:25 PM;2018-03-15T19:44:25+00:00;;2018;No;No;3;NONE;NONE,NONE;NONE,NONE;SPORT UTILITY,PASSENGER CAR;SPORT UTILITY,PASSENGER CAR;SPORT UTILITY,PASSENGER CAR;SPORT UTILITY,PASSENGER CAR
20711;0 FEET FROM SR 1313  (WALNUT ST);FOUR-WAY INTERSECTION;STRAIGHT,LEVEL;STATE SECONDARY ROUTE;TWO-WAY,DIVIDED,UNPROTECTED MEDIAN;SMOOTH ASPHALT;WET;DARK - LIGHTED ROADWAY;FOG, SMOG, SMOKE;STOP AND GO SIGNAL;35.78069708;-78.36490747;-78.748732;35.763984;P119;RALW;0;0;;;NONE;;NONE;;PASSENGER CAR;PASSENGER CAR;;;;NO;99;2016-01-08;12:32 AM;2016-01-08T05:32:00+00:00;35.78069708, -78.36490747;2016;No;No;1;NONE;NONE,NONE;NONE,NONE;PASSENGER CAR,PASSENGER CAR;PASSENGER CAR,PASSENGER CAR;PASSENGER CAR,PASSENGER CAR;PASSENGER CAR,PASSENGER CAR
33160;CARY;ON-RAMP ENTRY;CURVE,HILLCREST;US ROUTE;ONE-WAY,NOT DIVIDED;SMOOTH ASPHALT;DRY;DAYLIGHT;CLEAR;STOP AND GO SIGNAL;;;-78.794223;35.737963;;115;0;0;;;NONE;;NONE;;PASSENGER CAR;VAN;;;;NO;10530;2018-03-14;12:51 PM;2018-03-14T16:51:00+00:00;;2018;No;No;3;NONE;NONE,NONE;NONE,NONE;PASSENGER CAR,VAN;PASSENGER CAR,VAN;PASSENGER CAR,VAN;PASSENGER CAR,VAN
20716;150 FEET FROM P.V.A. (1001 CENTERGREEN WAY);NO SPECIAL FEATURE;CURVE,HILLCREST;PUBLIC VEHICULAR AREA;TWO-WAY,NOT DIVIDED;SMOOTH ASPHALT;WET;DAYLIGHT;RAIN;NO CONTROL PRESENT;;;-78.7976;35.8275;;;0;0;;;;;NONE;;PICKUP;PASSENGER CAR;;;;NO;104;2016-01-08;3:27:07 PM;2016-01-08T20:27:07+00:00;;2016;No;No;1;;NONE;NONE;PICKUP,PASSENGER CAR;PICKUP,PASSENGER CAR;PICKUP,PASSENGER CAR;PICKUP,PASSENGER CAR
33165;.25 MILES FROM (PVA) 4980 CARY GLEN BLVD;DRIVEWAY, PUBLIC;STRAIGHT,LEVEL;PUBLIC VEHICULAR AREA;TWO-WAY,NOT DIVIDED;SMOOTH ASPHALT;DRY;DAYLIGHT;CLEAR;NO CONTROL PRESENT;;;-78.90198;35.819479;;;0;0;;;NONE;;NONE;;SPORT UTILITY;SPORT UTILITY;;;;NO;10535;2018-03-15;10:19 AM;2018-03-15T14:19:00+00:00;;2018;No;No;3;NONE;NONE,NONE;NONE,NONE;SPORT UTILITY,SPORT UTILITY;SPORT UTILITY,SPORT UTILITY;SPORT UTILITY,SPORT UTILITY;SPORT UTILITY,SPORT UTILITY
20717;70 FEET FROM P.V.A. (122 SW MAYNARD RD);DRIVEWAY, PUBLIC;STRAIGHT,GRADE;PUBLIC VEHICULAR AREA;TWO-WAY,NOT DIVIDED;SMOOTH ASPHALT;WET;DARK - LIGHTED ROADWAY;RAIN;NO CONTROL PRESENT;;;-78.7844;35.7716;;;0;0;;;;;NONE;;SPORT UTILITY;;;;;NO;105;2016-01-08;7:00:32 PM;2016-01-09T00:00:32+00:00;;2016;No;No;1;;NONE;NONE;SPORT UTILITY;SPORT UTILITY;SPORT UTILITY;SPORT UTILITY
33167;50 FEET FROM NC 55 HWY NC 55;NO SPECIAL FEATURE;STRAIGHT,LEVEL;NC ROUTE;TWO-WAY,DIVIDED,UNPROTECTED MEDIAN;SMOOTH ASPHALT;DRY;DAYLIGHT;CLEAR;NO CONTROL PRESENT;35.794647722;-78.8705187;-78.8705;35.7938;P091;WAKE;0;0;1;;NONE;;NONE;;LIGHT TRUCK (MINI-VAN- PANEL);;;;;NO;10537;2018-03-15;12:39 PM;2018-03-15T16:39:00+00:00;35.794647722, -78.8705187;2018;No;No;3;NONE;NONE,NONE;NONE,NONE;LIGHT TRUCK (MINI-VAN- PANEL);LIGHT TRUCK (MINI-VAN- PANEL);LIGHT TRUCK (MINI-VAN- PANEL);LIGHT TRUCK (MINI-VAN- PANEL)
20722;367 FEET FROM PVA OF 1110 SE CARY PARKWAY;NO SPECIAL FEATURE;STRAIGHT,GRADE;PUBLIC VEHICULAR AREA;TWO-WAY,NOT DIVIDED;SMOOTH ASPHALT;DRY;DAYLIGHT;CLEAR;NO CONTROL PRESENT;;;-78.7625;35.7425;;;0;0;;;;;NONE;;SINGLE UNIT TRUCK (2-AXLE- 6-TIRE);PICKUP;;;;NO;110;2016-01-11;10:28 AM;2016-01-11T15:28:00+00:00;;2016;No;No;1;;NONE;NONE;SINGLE UNIT TRUCK (2-AXLE- 6-TIRE),PICKUP;SINGLE UNIT TRUCK (2-AXLE- 6-TIRE),PICKUP;SINGLE UNIT TRUCK (2-AXLE- 6-TIRE),PICKUP;SINGLE UNIT TRUCK (2-AXLE- 6-TIRE),PICKUP
33173;CARY;DRIVEWAY, PUBLIC;CURVE,HILLCREST;PUBLIC VEHICULAR AREA;TWO-WAY,NOT DIVIDED;SMOOTH ASPHALT;DRY;DAYLIGHT;CLEAR;NO CONTROL PRESENT;;;-78.7599;35.7437;;;0;0;;;;;NONE;;PASSENGER CAR;SPORT UTILITY;;;;NO;10543;2018-03-16;11:29 AM;2018-03-16T15:29:00+00:00;;2018;No;No;3;;NONE;NONE;PASSENGER CAR,SPORT UTILITY;PASSENGER CAR,SPORT UTILITY;PASSENGER CAR,SPORT UTILITY;PASSENGER CAR,SPORT UTILITY
20733;CARY;NO SPECIAL FEATURE;STRAIGHT,LEVEL;STATE SECONDARY ROUTE;TWO-WAY,DIVIDED,UNPROTECTED MEDIAN;SMOOTH ASPHALT;DRY;DAYLIGHT;CLEAR;STOP AND GO SIGNAL;35.745528398;-78.75471835;-78.754698;35.745484;P004;118;0;2;;;NONE;;NONE;;PASSENGER CAR;LIGHT TRUCK (MINI-VAN- PANEL);;;;NO;121;2016-01-11;3:05:07 PM;2016-01-11T20:05:07+00:00;35.745528398, -78.75471835;2016;No;Yes;1;NONE;NONE,NONE;NONE,NONE;PASSENGER CAR,LIGHT TRUCK (MINI-VAN- PANEL);PASSENGER CAR,LIGHT TRUCK (MINI-VAN- PANEL);PASSENGER CAR,LIGHT TRUCK (MINI-VAN- PANEL);PASSENGER CAR,LIGHT TRUCK (MINI-VAN- PANEL)
33175;10 FEET FROM SR 1009 TRYON RD;NO SPECIAL FEATURE;STRAIGHT,LEVEL;STATE SECONDARY ROUTE;TWO-WAY,DIVIDED,POSITIVE MEDIAN BARRIER;SMOOTH ASPHALT;DRY;DAYLIGHT;CLEAR;YIELD SIGN;;;-78.779895;35.739418;;;0;0;1;;NONE;;NONE;;SPORT UTILITY;SPORT UTILITY;;;;NO;10545;2018-03-16;1:04:15 PM;2018-03-16T17:04:15+00:00;;2018;No;No;3;NONE;NONE,NONE;NONE,NONE;SPORT UTILITY,SPORT UTILITY;SPORT UTILITY,SPORT UTILITY;SPORT UTILITY,SPORT UTILITY;SPORT UTILITY,SPORT UTILITY
20737;NEAR .2 MILES S OF S SR-3081 (CHAPEL HILL RD);NO SPECIAL FEATURE;STRAIGHT,LEVEL;STATE SECONDARY ROUTE;TWO-WAY,NOT DIVIDED;SMOOTH ASPHALT;DRY;DAYLIGHT;CLEAR;NO CONTROL PRESENT;35.814139839;-78.82064484;;;P088;WAKE;0;0;;;NONE;;NONE;;PASSENGER CAR;;;;;MAINTENANCE WORK AREA;125;2016-01-12;12:35 PM;2016-01-12T17:35:00+00:00;35.814139839, -78.82064484;2016;No;No;1;NONE;NONE,NONE;NONE,NONE;PASSENGER CAR;PASSENGER CAR;PASSENGER CAR;PASSENGER CAR
33177;200 FEET FROM US 1 S;NO SPECIAL FEATURE;STRAIGHT,LEVEL;US ROUTE;TWO-WAY,DIVIDED,POSITIVE MEDIAN BARRIER;SMOOTH ASPHALT;DRY;DAYLIGHT;CLEAR;NO CONTROL PRESENT;;;-78.7877;35.7401;;;0;0;;;NONE;;NONE;;PASSENGER CAR;PASSENGER CAR;;;;NO;10547;2018-03-14;4:44:56 PM;2018-03-14T20:44:56+00:00;;2018;No;No;3;NONE;NONE,NONE;NONE,NONE;PASSENGER CAR,PASSENGER CAR;PASSENGER CAR,PASSENGER CAR;PASSENGER CAR,PASSENGER CAR;PASSENGER CAR,PASSENGER CAR
20749;.5 MILES FROM HWY NC 55;RELATED TO INTERSECTION;STRAIGHT,LEVEL;NC ROUTE;TWO-WAY,DIVIDED,UNPROTECTED MEDIAN;SMOOTH ASPHALT;DRY;DAYLIGHT;CLEAR;STOP AND GO SIGNAL;35.851219816;-78.8941268;-78.8934;35.8608;P074;119;0;0;;;NONE;;NONE;;PASSENGER CAR;PASSENGER CAR;;;;NO;136;2016-01-13;9:02:32 AM;2016-01-13T14:02:32+00:00;35.851219816, -78.8941268;2016;No;No;1;NONE;NONE,NONE;NONE,NONE;PASSENGER CAR,PASSENGER CAR;PASSENGER CAR,PASSENGER CAR;PASSENGER CAR,PASSENGER CAR;PASSENGER CAR,PASSENGER CAR
33187;100 FEET FROM S.R. 1415 (S.E. MAYNARD RD);NO SPECIAL FEATURE;STRAIGHT,LEVEL;STATE SECONDARY ROUTE;TWO-WAY,DIVIDED,POSITIVE MEDIAN BARRIER;SMOOTH ASPHALT;DRY;DAYLIGHT;CLEAR;STOP AND GO SIGNAL;;;-78.781737;35.771437;;;0;0;;;NONE;;NONE;;PASSENGER CAR;PASSENGER CAR;;;;NO;10557;2018-03-16;2:28:43 PM;2018-03-16T18:28:43+00:00;;2018;No;No;3;NONE;NONE,NONE;NONE,NONE;PASSENGER CAR,PASSENGER CAR;PASSENGER CAR,PASSENGER CAR;PASSENGER CAR,PASSENGER CAR;PASSENGER CAR,PASSENGER CAR