tamainid;location_description;rdfeature;rdcharacter;rdclass;rdconfigur;rdsurface;rdcondition;lightcond;weather;trafcontrl;lat;lon;lon2;lat2;tract;zone;fatality;possblinj;numpassengers;numpedestrians;contrcir1_desc;contrcir2_desc;contrcir3_desc;contrcir4_desc;vehicle1;vehicle2;vehicle3;vehicle4;vehicle5;workarea;records;ta_date;ta_time;crash_date;geo_location;year;fatalities;injuries;month;contrfact1;contrfact2;contributing_factor;vehicleconcat1;vehicleconcat2;vehicleconcat3;vehicle_type
20752;15 FEET FROM SR 1313 WALNUT ST;RELATED TO INTERSECTION;STRAIGHT,LEVEL;STATE SECONDARY ROUTE;TWO-WAY,NOT DIVIDED;SMOOTH ASPHALT;DRY;DAYLIGHT;CLEAR;STOP AND GO SIGNAL;35.775428717;-78.76721397;-78.7674;35.7754;P061;120;0;1;;;;;NONE;;PASSENGER CAR;PASSENGER CAR;;;;NO;139;2016-01-13;2:32:53 PM;2016-01-13T19:32:53+00:00;35.775428717, -78.76721397;2016;No;Yes;1;;NONE;NONE;PASSENGER CAR,PASSENGER CAR;PASSENGER CAR,PASSENGER CAR;PASSENGER CAR,PASSENGER CAR;PASSENGER CAR,PASSENGER CAR
33190;100 FEET FROM SHANNON OAKS CIR;NO SPECIAL FEATURE;CURVE,LEVEL;LOCAL STREET;TWO-WAY,NOT DIVIDED;COARSE ASPHALT;DRY;DAYLIGHT;CLEAR;NO CONTROL PRESENT;35.758715114;-78.78316412;-78.783313;35.760456;P027;112;0;0;;;NONE;;NONE;;SPORT UTILITY;PASSENGER CAR;;;;NO;10561;2018-03-18;4:22:51 PM;2018-03-18T20:22:51+00:00;35.758715114, -78.78316412;2018;No;No;3;NONE;NONE,NONE;NONE,NONE;SPORT UTILITY,PASSENGER CAR;SPORT UTILITY,PASSENGER CAR;SPORT UTILITY,PASSENGER CAR;SPORT UTILITY,PASSENGER CAR
20764;350 FEET FROM SR 1415 (SE MAYNARD RD);NO SPECIAL FEATURE;STRAIGHT,GRADE;STATE SECONDARY ROUTE;TWO-WAY,NOT DIVIDED;SMOOTH ASPHALT;DRY;DAYLIGHT;CLEAR;NO CONTROL PRESENT;35.768524567;-78.77629931;-78.775249;35.767878;P062;120;0;0;1;;NONE;;NONE;;PASSENGER CAR;SPORT UTILITY;;;;NO;151;2016-01-14;2:28:02 PM;2016-01-14T19:28:02+00:00;35.768524567, -78.77629931;2016;No;No;1;NONE;NONE,NONE;NONE,NONE;PASSENGER CAR,SPORT UTILITY;PASSENGER CAR,SPORT UTILITY;PASSENGER CAR,SPORT UTILITY;PASSENGER CAR,SPORT UTILITY
33193;CARY;NO SPECIAL FEATURE;STRAIGHT,LEVEL;US ROUTE;TWO-WAY,DIVIDED,POSITIVE MEDIAN BARRIER;GROOVED CONCRETE;DRY;DAYLIGHT;CLEAR;NO CONTROL PRESENT;;;-78.771444;35.748968;;112;0;0;2;;;;NONE;;VAN;SPORT UTILITY;;;;NO;10564;2018-03-15;10:39 PM;2018-03-16T02:39:00+00:00;;2018;No;No;3;;NONE;NONE;VAN,SPORT UTILITY;VAN,SPORT UTILITY;VAN,SPORT UTILITY;VAN,SPORT UTILITY
20767;.12 MILES FROM P.V.A. ABC STORE (665 CARY TOW;DRIVEWAY, PUBLIC;STRAIGHT,LEVEL;PUBLIC VEHICULAR AREA;TWO-WAY,NOT DIVIDED;SMOOTH ASPHALT;DRY;DAYLIGHT;CLEAR;NO CONTROL PRESENT;;;-78.7666;35.7765;;;0;0;2;;;;NONE;;SPORT UTILITY;PASSENGER CAR;;;;NO;154;2016-01-14;2:46:43 PM;2016-01-14T19:46:43+00:00;;2016;No;No;1;;NONE;NONE;SPORT UTILITY,PASSENGER CAR;SPORT UTILITY,PASSENGER CAR;SPORT UTILITY,PASSENGER CAR;SPORT UTILITY,PASSENGER CAR
33197;CARY;;;;;;;;;;;;;;;;0;0;;;;;;;PASSENGER CAR;;;;;;10568;2018-03-12;11:28 AM;2018-03-12T15:28:00+00:00;;2018;No;No;3;;;;PASSENGER CAR;PASSENGER CAR;PASSENGER CAR;PASSENGER CAR
20772;10 FEET FROM US 1 S OFF RAMP;;;;;;;;;;35.737325471;-78.79285877;;;P042;115;0;0;;;;;;;SPORT UTILITY;PICKUP;;;;;159;2016-01-15;9:19:16 AM;2016-01-15T14:19:16+00:00;35.737325471, -78.79285877;2016;No;No;1;;;;SPORT UTILITY,PICKUP;SPORT UTILITY,PICKUP;SPORT UTILITY,PICKUP;SPORT UTILITY,PICKUP
33201;300 FEET FROM SR 1613 (DAVIS DR);RELATED TO INTERSECTION;STRAIGHT,LEVEL;STATE SECONDARY ROUTE;TWO-WAY,DIVIDED,UNPROTECTED MEDIAN;SMOOTH ASPHALT;DRY;DAYLIGHT;CLEAR;STOP AND GO SIGNAL;35.769874656;-78.84634069;-78.8473;35.7916;P071;117;0;0;;;NONE;;NONE;;PASSENGER CAR;PASSENGER CAR;;;;NO;10572;2018-03-17;7:13:10 PM;2018-03-17T23:13:10+00:00;35.769874656, -78.84634069;2018;No;No;3;NONE;NONE,NONE;NONE,NONE;PASSENGER CAR,PASSENGER CAR;PASSENGER CAR,PASSENGER CAR;PASSENGER CAR,PASSENGER CAR;PASSENGER CAR,PASSENGER CAR
20775;52 FEET FROM ( SR 1615 ) HIGH HOUSE RD;FOUR-WAY INTERSECTION;STRAIGHT,LEVEL;STATE SECONDARY ROUTE;TWO-WAY,DIVIDED,UNPROTECTED MEDIAN;SMOOTH ASPHALT;DRY;DAYLIGHT;CLOUDY;STOP AND GO SIGNAL;35.783445237;-78.8100017;-78.8097;35.7834;;;0;0;2;;NONE;;NONE;;VAN;;;;;NO;162;2016-01-15;8:38:58 AM;2016-01-15T13:38:58+00:00;35.783445237, -78.8100017;2016;No;No;1;NONE;NONE,NONE;NONE,NONE;VAN;VAN;VAN;VAN
33203;.25 MILES FROM SR 3112 (NW CARY PARKWAY);NO SPECIAL FEATURE;STRAIGHT,LEVEL;STATE SECONDARY ROUTE;TWO-WAY,DIVIDED,POSITIVE MEDIAN BARRIER;SMOOTH ASPHALT;DRY;DAYLIGHT;CLEAR;NO CONTROL PRESENT;;;-78.829977;35.788376;;;0;0;1;;NONE;;FAILURE TO YIELD RIGHT OF WAY;;SPORT UTILITY;SPORT UTILITY;;;;MAINTENANCE WORK AREA;10574;2018-03-17;5:59:26 PM;2018-03-17T21:59:26+00:00;;2018;No;No;3;NONE;NONE,FAILURE TO YIELD RIGHT OF WAY;NONE,FAILURE TO YIELD RIGHT OF WAY;SPORT UTILITY,SPORT UTILITY;SPORT UTILITY,SPORT UTILITY;SPORT UTILITY,SPORT UTILITY;SPORT UTILITY,SPORT UTILITY
20776;30 FEET FROM S.R. 1009 (TRYON RD);RELATED TO INTERSECTION;STRAIGHT,HILLCREST;STATE SECONDARY ROUTE;TWO-WAY,DIVIDED,UNPROTECTED MEDIAN;SMOOTH ASPHALT;WET;DAYLIGHT;RAIN;STOP AND GO SIGNAL;35.739700092;-78.77988317;-78.7809;35.7389;P044;115;0;0;2;;;;NONE;;SPORT UTILITY;PASSENGER CAR;;;;NO;163;2016-01-15;2:40:33 PM;2016-01-15T19:40:33+00:00;35.739700092, -78.77988317;2016;No;No;1;;NONE;NONE;SPORT UTILITY,PASSENGER CAR;SPORT UTILITY,PASSENGER CAR;SPORT UTILITY,PASSENGER CAR;SPORT UTILITY,PASSENGER CAR
33215;50 FEET FROM SR1635(MCCRIMMON PKWY);NO SPECIAL FEATURE;STRAIGHT,LEVEL;LOCAL STREET;TWO-WAY,DIVIDED,UNPROTECTED MEDIAN;SMOOTH ASPHALT;DRY;DAYLIGHT;CLEAR;NO CONTROL PRESENT;;;-78.8967;35.829;;;0;0;2;;NONE;;NONE;;PASSENGER CAR;PASSENGER CAR;;;;NO;10586;2018-03-19;2:43:21 PM;2018-03-19T18:43:21+00:00;;2018;No;No;3;NONE;NONE,NONE;NONE,NONE;PASSENGER CAR,PASSENGER CAR;PASSENGER CAR,PASSENGER CAR;PASSENGER CAR,PASSENGER CAR;PASSENGER CAR,PASSENGER CAR
20788;.1 MILES FROM PVA OF 1120 BUCK JONES RD;NO SPECIAL FEATURE;STRAIGHT,LEVEL;PUBLIC VEHICULAR AREA;TWO-WAY,NOT DIVIDED;SMOOTH ASPHALT;DRY;DAYLIGHT;CLEAR;NO CONTROL PRESENT;;;-78.742;35.7692;;;0;0;;;;;NONE;;SPORT UTILITY;PICKUP;;;;NO;175;2016-01-18;1:02:42 PM;2016-01-18T18:02:42+00:00;;2016;No;No;1;;NONE;NONE;SPORT UTILITY,PICKUP;SPORT UTILITY,PICKUP;SPORT UTILITY,PICKUP;SPORT UTILITY,PICKUP
33217;10 FEET FROM CAITBOO AVE;T-INTERSECTION;STRAIGHT,LEVEL;LOCAL STREET;TWO-WAY,DIVIDED,UNPROTECTED MEDIAN;SMOOTH ASPHALT;DRY;DAYLIGHT;CLOUDY;STOP AND GO SIGNAL;;;-78.741586;35.7611008;;;0;0;;;;;NONE;;SPORT UTILITY;SPORT UTILITY;;;;NO;10588;2018-03-19;1:17:35 PM;2018-03-19T17:17:35+00:00;;2018;No;No;3;;NONE;NONE;SPORT UTILITY,SPORT UTILITY;SPORT UTILITY,SPORT UTILITY;SPORT UTILITY,SPORT UTILITY;SPORT UTILITY,SPORT UTILITY
20798;150 FEET FROM P.V.A. OF 440 CROSSROADS BLVD;NO SPECIAL FEATURE;STRAIGHT,LEVEL;PUBLIC VEHICULAR AREA;TWO-WAY,NOT DIVIDED;SMOOTH ASPHALT;DRY;DAYLIGHT;CLEAR;NO CONTROL PRESENT;;;-78.73646;35.759847;;;0;0;1;;NONE;;NONE;;SPORT UTILITY;VAN;;;;NO;185;2016-01-16;3:35:20 PM;2016-01-16T20:35:20+00:00;;2016;No;No;1;NONE;NONE,NONE;NONE,NONE;SPORT UTILITY,VAN;SPORT UTILITY,VAN;SPORT UTILITY,VAN;SPORT UTILITY,VAN
33231;.13 MILES FROM N HARRISON AV;NO SPECIAL FEATURE;STRAIGHT,LEVEL;STATE SECONDARY ROUTE;TWO-WAY,DIVIDED,UNPROTECTED MEDIAN;SMOOTH ASPHALT;DRY;DARK - LIGHTED ROADWAY;CLEAR;STOP AND GO SIGNAL;;;-78.7646;35.8314;;;0;0;;;NONE;;NONE;;PASSENGER CAR;PASSENGER CAR;;;;NO;10602;2018-03-20;8:23:13 PM;2018-03-21T00:23:13+00:00;;2018;No;No;3;NONE;NONE,NONE;NONE,NONE;PASSENGER CAR,PASSENGER CAR;PASSENGER CAR,PASSENGER CAR;PASSENGER CAR,PASSENGER CAR;PASSENGER CAR,PASSENGER CAR
20801;200 FEET FROM SR 1415 (MAYNARD RD);NO SPECIAL FEATURE;STRAIGHT,LEVEL;STATE SECONDARY ROUTE;TWO-WAY,NOT DIVIDED;SMOOTH ASPHALT;DRY;DARK - LIGHTED ROADWAY;CLEAR;NO CONTROL PRESENT;35.780620404;-78.74671542;-78.764132;35.775468;P098;RALW;0;0;1;;NONE;;NONE;;PASSENGER CAR;PASSENGER CAR;;;;NO;188;2016-01-14;10:01 PM;2016-01-15T03:01:00+00:00;35.780620404, -78.74671542;2016;No;No;1;NONE;NONE,NONE;NONE,NONE;PASSENGER CAR,PASSENGER CAR;PASSENGER CAR,PASSENGER CAR;PASSENGER CAR,PASSENGER CAR;PASSENGER CAR,PASSENGER CAR
33232;.1 MILES FROM PVA 2021 WALNUT ST;NO SPECIAL FEATURE;STRAIGHT,LEVEL;PUBLIC VEHICULAR AREA;TWO-WAY,NOT DIVIDED;SMOOTH ASPHALT;DRY;DAYLIGHT;CLEAR;NO CONTROL PRESENT;;;-78.739;35.7581;;;0;0;;;NONE;;NONE;;;PASSENGER CAR;;;;NO;10603;2018-03-20;6:12:40 PM;2018-03-20T22:12:40+00:00;;2018;No;No;3;NONE;NONE,NONE;NONE,NONE;PASSENGER CAR;PASSENGER CAR;PASSENGER CAR;PASSENGER CAR
20810;200 FEET FROM 10140 GREEN LEVEL CHURCH RD;DRIVEWAY, PUBLIC;STRAIGHT,LEVEL;PUBLIC VEHICULAR AREA;TWO-WAY,NOT DIVIDED;SMOOTH ASPHALT;DRY;DUSK;CLEAR;NO CONTROL PRESENT;35.778844229;-78.90282878;-78.9018;35.821;P091;WAKE;0;0;;;NONE;;NONE;;PASSENGER CAR;PASSENGER CAR;;;;NO;197;2016-01-14;5:30:39 PM;2016-01-14T22:30:39+00:00;35.778844229, -78.90282878;2016;No;No;1;NONE;NONE,NONE;NONE,NONE;PASSENGER CAR,PASSENGER CAR;PASSENGER CAR,PASSENGER CAR;PASSENGER CAR,PASSENGER CAR;PASSENGER CAR,PASSENGER CAR
33245;100 FEET FROM SW CARY PKWY;NO SPECIAL FEATURE;STRAIGHT,LEVEL;LOCAL STREET;TWO-WAY,NOT DIVIDED;SMOOTH ASPHALT;DRY;DAYLIGHT;CLEAR;STOP SIGN;;;-78.8314;35.7875;;;0;0;;;NONE;;NONE;;SPORT UTILITY;PICKUP;;;;NO;10616;2018-03-16;12:39 PM;2018-03-16T16:39:00+00:00;;2018;No;No;3;NONE;NONE,NONE;NONE,NONE;SPORT UTILITY,PICKUP;SPORT UTILITY,PICKUP;SPORT UTILITY,PICKUP;SPORT UTILITY,PICKUP
20816;.08 MILES FROM EVANS ESTATES DR;NO SPECIAL FEATURE;STRAIGHT,LEVEL;LOCAL STREET;TWO-WAY,NOT DIVIDED;SMOOTH ASPHALT;DRY;DARK - LIGHTED ROADWAY;CLEAR;NO CONTROL PRESENT;35.806947203;-78.79016403;-78.7888;35.8066;P024;111;0;0;1;;;;NONE;;PASSENGER CAR;;;;;NO;203;2016-01-19;6:02:29 PM;2016-01-19T23:02:29+00:00;35.806947203, -78.79016403;2016;No;No;1;;NONE;NONE;PASSENGER CAR;PASSENGER CAR;PASSENGER CAR;PASSENGER CAR
33248;70 FEET FROM CROSSROADS BLVD;T-INTERSECTION;STRAIGHT,LEVEL;LOCAL STREET;TWO-WAY,DIVIDED,UNPROTECTED MEDIAN;SMOOTH ASPHALT;DRY;DAYLIGHT;CLOUDY;NO CONTROL PRESENT;;;-78.7404;35.7613;;;0;0;;;NONE;;NONE;;PASSENGER CAR;PASSENGER CAR;;;;NO;10619;2018-03-21;3:08:22 PM;2018-03-21T19:08:22+00:00;;2018;No;No;3;NONE;NONE,NONE;NONE,NONE;PASSENGER CAR,PASSENGER CAR;PASSENGER CAR,PASSENGER CAR;PASSENGER CAR,PASSENGER CAR;PASSENGER CAR,PASSENGER CAR
20822;55 FEET FROM WISDOM DR;NO SPECIAL FEATURE;STRAIGHT,LEVEL;LOCAL STREET;;SMOOTH ASPHALT;DRY;DAYLIGHT;CLEAR;STOP SIGN;35.844913577;-78.89739621;-78.8972;35.8451;P074;119;0;0;;;NONE;;NONE;;PASSENGER CAR;;;;;NO;209;2016-01-20;10:48 AM;2016-01-20T15:48:00+00:00;35.844913577, -78.89739621;2016;No;No;1;NONE;NONE,NONE;NONE,NONE;PASSENGER CAR;PASSENGER CAR;PASSENGER CAR;PASSENGER CAR
33249;125 FEET FROM SR 1624 (CARPENTER FIRE STATIO;RELATED TO INTERSECTION;STRAIGHT,LEVEL;STATE SECONDARY ROUTE;TWO-WAY,NOT DIVIDED;SMOOTH ASPHALT;WET;DAYLIGHT;CLEAR;FLASHING STOP AND GO SIGNAL;;;-78.87509;35.823518;;122;0;0;2;;NONE;;NONE;;PASSENGER CAR;SPORT UTILITY;;;;NO;10620;2018-03-21;5:54:14 PM;2018-03-21T21:54:14+00:00;;2018;No;No;3;NONE;NONE,NONE;NONE,NONE;PASSENGER CAR,SPORT UTILITY;PASSENGER CAR,SPORT UTILITY;PASSENGER CAR,SPORT UTILITY;PASSENGER CAR,SPORT UTILITY
20829;CARY;FOUR-WAY INTERSECTION;STRAIGHT,HILLCREST;STATE SECONDARY ROUTE;TWO-WAY,DIVIDED,UNPROTECTED MEDIAN;SMOOTH ASPHALT;DRY;DAYLIGHT;CLOUDY;STOP AND GO SIGNAL;35.739671634;-78.77990094;-78.7802;35.7394;P044;115;0;0;;;;;NONE;;PASSENGER CAR;PICKUP;;;;NO;216;2016-01-20;3:46:44 PM;2016-01-20T20:46:44+00:00;35.739671634, -78.77990094;2016;No;No;1;;NONE;NONE;PASSENGER CAR,PICKUP;PASSENGER CAR,PICKUP;PASSENGER CAR,PICKUP;PASSENGER CAR,PICKUP
33251;.02 MILES FROM SR 1390 (OPTIMIST FARM RD);NO SPECIAL FEATURE;STRAIGHT,LEVEL;STATE SECONDARY ROUTE;TWO-WAY,DIVIDED,UNPROTECTED MEDIAN;SMOOTH ASPHALT;DRY;DARK - LIGHTED ROADWAY;CLEAR;NO CONTROL PRESENT;;;-78.7666;35.662;;;0;0;;;;;NONE;;SPORT UTILITY;;;;;NO;10622;2018-03-22;3:43:52 AM;2018-03-22T07:43:52+00:00;;2018;No;No;3;;NONE;NONE;SPORT UTILITY;SPORT UTILITY;SPORT UTILITY;SPORT UTILITY
20833;10 FEET FROM SR 1300 (KILDAIRE FARM RD);NO SPECIAL FEATURE;STRAIGHT,LEVEL;STATE SECONDARY ROUTE;TWO-WAY,NOT DIVIDED;SMOOTH ASPHALT;DRY;DAYLIGHT;CLEAR;STOP AND GO SIGNAL;35.742239436;-78.78070735;-78.78;35.742;P044;115;0;0;1;;;;NONE;;PASSENGER CAR;PASSENGER CAR;;;;NO;220;2016-01-19;1:12:33 PM;2016-01-19T18:12:33+00:00;35.742239436, -78.78070735;2016;No;No;1;;NONE;NONE;PASSENGER CAR,PASSENGER CAR;PASSENGER CAR,PASSENGER CAR;PASSENGER CAR,PASSENGER CAR;PASSENGER CAR,PASSENGER CAR
33252;125 FEET FROM DALESHIRE DR;NO SPECIAL FEATURE;STRAIGHT,GRADE;LOCAL STREET;TWO-WAY,NOT DIVIDED;SMOOTH ASPHALT;DRY;DARK - UNKNOWN LIGHTING;CLEAR;NO CONTROL PRESENT;35.766296803;-78.86690367;-78.867069;35.766598;P071;117;0;0;;;NONE;;NONE;;PASSENGER CAR;SPORT UTILITY;;;;NO;10623;2018-03-22;6:24:25 AM;2018-03-22T10:24:25+00:00;35.766296803, -78.86690367;2018;No;No;3;NONE;NONE,NONE;NONE,NONE;PASSENGER CAR,SPORT UTILITY;PASSENGER CAR,SPORT UTILITY;PASSENGER CAR,SPORT UTILITY;PASSENGER CAR,SPORT UTILITY
20834;.5 MILES FROM US 1 HWY (NORTH);NO SPECIAL FEATURE;STRAIGHT,LEVEL;US ROUTE;TWO-WAY,DIVIDED,POSITIVE MEDIAN BARRIER;SMOOTH ASPHALT;DRY;DAYLIGHT;CLOUDY;NO CONTROL PRESENT;35.759883333;-78.74904541;-78.7525;35.758;P028;112;0;1;;;;;NONE;;SPORT UTILITY;PASSENGER CAR;;;;NO;221;2016-01-20;7:15:25 AM;2016-01-20T12:15:25+00:00;35.759883333, -78.74904541;2016;No;Yes;1;;NONE;NONE;SPORT UTILITY,PASSENGER CAR;SPORT UTILITY,PASSENGER CAR;SPORT UTILITY,PASSENGER CAR;SPORT UTILITY,PASSENGER CAR
33255;0 FEET FROM SR 1300 (KILDAIRE FARM RD);NO SPECIAL FEATURE;STRAIGHT,LEVEL;STATE SECONDARY ROUTE;TWO-WAY,NOT DIVIDED;SMOOTH ASPHALT;DRY;DAYLIGHT;CLEAR;STOP AND GO SIGNAL;;;-78.783009;35.758264;;;0;0;2;;;;NONE;;PASSENGER CAR;PASSENGER CAR;;;;NO;10626;2018-03-22;10:23 AM;2018-03-22T14:23:00+00:00;;2018;No;No;3;;NONE;NONE;PASSENGER CAR,PASSENGER CAR;PASSENGER CAR,PASSENGER CAR;PASSENGER CAR,PASSENGER CAR;PASSENGER CAR,PASSENGER CAR
20836;CARY;FOUR-WAY INTERSECTION;STRAIGHT,GRADE;STATE SECONDARY ROUTE;TWO-WAY,DIVIDED,UNPROTECTED MEDIAN;SMOOTH ASPHALT;DRY;DAYLIGHT;CLEAR;STOP AND GO SIGNAL;35.729237748;-78.7771917;-78.7768;35.7291;P047;118;0;0;2;;;;NONE;;SPORT UTILITY;VAN;;;;NO;223;2016-01-21;11:53 AM;2016-01-21T16:53:00+00:00;35.729237748, -78.7771917;2016;No;No;1;;NONE;NONE;SPORT UTILITY,VAN;SPORT UTILITY,VAN;SPORT UTILITY,VAN;SPORT UTILITY,VAN
33269;.1 MILES FROM GATEWAY CENTRE BLVD;NO SPECIAL FEATURE;STRAIGHT,LEVEL;LOCAL STREET;TWO-WAY,NOT DIVIDED;SMOOTH ASPHALT;DRY;DAYLIGHT;CLEAR;NO CONTROL PRESENT;;;-78.8031;35.8464;;111;0;0;2;;NONE;;NONE;;VAN;PICKUP;;;;NO;10640;2018-03-23;9:46:15 AM;2018-03-23T13:46:15+00:00;;2018;No;No;3;NONE;NONE,NONE;NONE,NONE;VAN,PICKUP;VAN,PICKUP;VAN,PICKUP;VAN,PICKUP
20850;300 FEET FROM PVA 1020 BRADFORD PLAZA WAY;DRIVEWAY, PUBLIC;STRAIGHT,LEVEL;PUBLIC VEHICULAR AREA;TWO-WAY,NOT DIVIDED;SMOOTH ASPHALT;DRY;DARK - LIGHTED ROADWAY;SNOW;NO CONTROL PRESENT;35.793249636;-78.84557844;-78.8457;35.793;P078;121;0;0;;;NONE;;NONE;;SPORT UTILITY;SPORT UTILITY;;;;NO;237;2016-01-20;5:58:18 PM;2016-01-20T22:58:18+00:00;35.793249636, -78.84557844;2016;No;No;1;NONE;NONE,NONE;NONE,NONE;SPORT UTILITY,SPORT UTILITY;SPORT UTILITY,SPORT UTILITY;SPORT UTILITY,SPORT UTILITY;SPORT UTILITY,SPORT UTILITY
33275;375 FEET FROM W CORNWALL RD;NO SPECIAL FEATURE;STRAIGHT,LEVEL;LOCAL STREET;TWO-WAY,NOT DIVIDED;SMOOTH ASPHALT;WET;DARK - ROADWAY NOT LIGHTED;RAIN;NO CONTROL PRESENT;35.775181194;-78.78510101;-78.78385;35.775139;P036;114;0;0;;;NONE;;NONE;;PASSENGER CAR;PASSENGER CAR;;;;NO;10646;2018-03-24;9:05:41 PM;2018-03-25T01:05:41+00:00;35.775181194, -78.78510101;2018;No;No;3;NONE;NONE,NONE;NONE,NONE;PASSENGER CAR,PASSENGER CAR;PASSENGER CAR,PASSENGER CAR;PASSENGER CAR,PASSENGER CAR;PASSENGER CAR,PASSENGER CAR
20854;CARY;T-INTERSECTION;STRAIGHT,LEVEL;STATE SECONDARY ROUTE;TWO-WAY,DIVIDED,UNPROTECTED MEDIAN;SMOOTH ASPHALT;DRY;DAYLIGHT;CLEAR;STOP SIGN;35.783730189;-78.81462145;-78.8145;35.7837;;;0;1;2;;NONE;;NONE;;PASSENGER CAR;PICKUP;;;;NO;241;2016-01-21;7:42:21 AM;2016-01-21T12:42:21+00:00;35.783730189, -78.81462145;2016;No;Yes;1;NONE;NONE,NONE;NONE,NONE;PASSENGER CAR,PICKUP;PASSENGER CAR,PICKUP;PASSENGER CAR,PICKUP;PASSENGER CAR,PICKUP
33279;.3 MILES FROM PVA 237 CROSSROADS BLVD;FOUR-WAY INTERSECTION;STRAIGHT,LEVEL;PUBLIC VEHICULAR AREA;TWO-WAY,NOT DIVIDED;SMOOTH ASPHALT;DRY;DAYLIGHT;CLEAR;STOP AND GO SIGNAL;;;-78.7606;35.7459;;;0;0;;;NONE;;NONE;;PICKUP;PASSENGER CAR;;;;NO;10650;2018-03-23;4:48:24 PM;2018-03-23T20:48:24+00:00;;2018;No;No;3;NONE;NONE,NONE;NONE,NONE;PICKUP,PASSENGER CAR;PICKUP,PASSENGER CAR;PICKUP,PASSENGER CAR;PICKUP,PASSENGER CAR
20857;5 FEET FROM SR 3073 (NW MAYNARD RD);FOUR-WAY INTERSECTION;STRAIGHT,GRADE;STATE SECONDARY ROUTE;TWO-WAY,DIVIDED,UNPROTECTED MEDIAN;SMOOTH ASPHALT;DRY;DARK - LIGHTED ROADWAY;CLEAR;STOP SIGN;35.794136431;-78.80333782;-78.8034;35.7941;P063;114;0;0;;;;;NONE;;PASSENGER CAR;PICKUP;;;;NO;244;2016-01-21;7:46:04 PM;2016-01-22T00:46:04+00:00;35.794136431, -78.80333782;2016;No;No;1;;NONE;NONE;PASSENGER CAR,PICKUP;PASSENGER CAR,PICKUP;PASSENGER CAR,PICKUP;PASSENGER CAR,PICKUP
33293;25 FEET FROM P.V.A. (1156 PARKSIDE MAIN ST);NO SPECIAL FEATURE;STRAIGHT,LEVEL;PUBLIC VEHICULAR AREA;TWO-WAY,NOT DIVIDED;SMOOTH ASPHALT;DRY;DARK - LIGHTED ROADWAY;CLEAR;NO CONTROL PRESENT;;;-78.8903;35.8489;;;0;0;1;;NONE;;NONE;;PASSENGER CAR;PASSENGER CAR;;;;NO;10664;2018-03-25;10:58 PM;2018-03-26T02:58:00+00:00;;2018;No;No;3;NONE;NONE,NONE;NONE,NONE;PASSENGER CAR,PASSENGER CAR;PASSENGER CAR,PASSENGER CAR;PASSENGER CAR,PASSENGER CAR;PASSENGER CAR,PASSENGER CAR
20859;300 FEET FROM US 1;NO SPECIAL FEATURE;STRAIGHT,LEVEL;US ROUTE;TWO-WAY,DIVIDED,POSITIVE MEDIAN BARRIER;GROOVED CONCRETE;DRY;DUSK;CLEAR;NO CONTROL PRESENT;35.73543473;-78.79608706;-78.744;35.7623;P043;116;0;1;2;;NONE;;NONE;;PICKUP;SPORT UTILITY;;;;NO;246;2016-01-21;5:18:09 PM;2016-01-21T22:18:09+00:00;35.73543473, -78.79608706;2016;No;Yes;1;NONE;NONE,NONE;NONE,NONE;PICKUP,SPORT UTILITY;PICKUP,SPORT UTILITY;PICKUP,SPORT UTILITY;PICKUP,SPORT UTILITY
33296;250 FEET FROM P.V.A. (301 SAS CAMPUS DR);NO SPECIAL FEATURE;STRAIGHT,LEVEL;PUBLIC VEHICULAR AREA;TWO-WAY,NOT DIVIDED;SMOOTH ASPHALT;DRY;DAYLIGHT;CLEAR;NO CONTROL PRESENT;;;-78.7602;35.828;;;0;0;;;NONE;;NONE;;PICKUP;PASSENGER CAR;;;;NO;10667;2018-03-23;6:59:04 PM;2018-03-23T22:59:04+00:00;;2018;No;No;3;NONE;NONE,NONE;NONE,NONE;PICKUP,PASSENGER CAR;PICKUP,PASSENGER CAR;PICKUP,PASSENGER CAR;PICKUP,PASSENGER CAR
20861;CARY;FOUR-WAY INTERSECTION;STRAIGHT,LEVEL;STATE SECONDARY ROUTE;TWO-WAY,DIVIDED,UNPROTECTED MEDIAN;SMOOTH ASPHALT;DRY;DAYLIGHT;CLEAR;STOP AND GO SIGNAL;35.811739288;-78.79487902;-78.794;35.811;P024;111;0;1;;;NONE;;NONE;;SPORT UTILITY;PASSENGER CAR;VAN;;;NO;248;2016-01-20;9:23:58 AM;2016-01-20T14:23:58+00:00;35.811739288, -78.79487902;2016;No;Yes;1;NONE;NONE,NONE;NONE,NONE;SPORT UTILITY,PASSENGER CAR;SPORT UTILITY,PASSENGER CAR,VAN;SPORT UTILITY,PASSENGER CAR,VAN;SPORT UTILITY,PASSENGER CAR,VAN
33299;217 FEET FROM SR 1152 (HOLLY SPRINGS RD);RELATED TO INTERSECTION;STRAIGHT,LEVEL;STATE SECONDARY ROUTE;TWO-WAY,DIVIDED,UNPROTECTED MEDIAN;SMOOTH ASPHALT;DRY;DAYLIGHT;CLEAR;STOP AND GO SIGNAL;;;-78.772819;35.694619;;;0;1;3;;NONE;;NONE;;SINGLE UNIT TRUCK (2-AXLE- 6-TIRE);SPORT UTILITY;PASSENGER CAR;PASSENGER CAR;;NO;10670;2018-03-24;10:07 AM;2018-03-24T14:07:00+00:00;;2018;No;Yes;3;NONE;NONE,NONE;NONE,NONE;SINGLE UNIT TRUCK (2-AXLE- 6-TIRE),SPORT UTILITY;SINGLE UNIT TRUCK (2-AXLE- 6-TIRE),SPORT UTILITY,PASSENGER CAR;SINGLE UNIT TRUCK (2-AXLE- 6-TIRE),SPORT UTILITY,PASSENGER CAR,PASSENGER CAR;SINGLE UNIT TRUCK (2-AXLE- 6-TIRE),SPORT UTILITY,PASSENGER CAR,PASSENGER CAR