tamainid;location_description;rdfeature;rdcharacter;rdclass;rdconfigur;rdsurface;rdcondition;lightcond;weather;trafcontrl;lat;lon;lon2;lat2;tract;zone;fatality;possblinj;numpassengers;numpedestrians;contrcir1_desc;contrcir2_desc;contrcir3_desc;contrcir4_desc;vehicle1;vehicle2;vehicle3;vehicle4;vehicle5;workarea;records;ta_date;ta_time;crash_date;geo_location;year;fatalities;injuries;month;contrfact1;contrfact2;contributing_factor;vehicleconcat1;vehicleconcat2;vehicleconcat3;vehicle_type
33538;CARY;NO SPECIAL FEATURE;STRAIGHT,LEVEL;STATE SECONDARY ROUTE;TWO-WAY,DIVIDED,POSITIVE MEDIAN BARRIER;COARSE ASPHALT;DRY;DAYLIGHT;CLEAR;NO CONTROL PRESENT;;;-78.794717;35.7370852;;;0;0;;;NONE;;NONE;;PASSENGER CAR;PASSENGER CAR;;;;NO;10909;2018-04-13;5:15:00 PM;2018-04-13T21:15:00+00:00;;2018;No;No;4;NONE;NONE,NONE;NONE,NONE;PASSENGER CAR,PASSENGER CAR;PASSENGER CAR,PASSENGER CAR;PASSENGER CAR,PASSENGER CAR;PASSENGER CAR,PASSENGER CAR
21063;100 FEET FROM P.V.A. (9101 CHAPEL HILL RD);DRIVEWAY, PUBLIC;STRAIGHT,LEVEL;PUBLIC VEHICULAR AREA;TWO-WAY,NOT DIVIDED;SMOOTH ASPHALT;DRY;DAYLIGHT;CLEAR;NO CONTROL PRESENT;;;-78.7956;35.7982;;;0;0;3;;;;NONE;;PASSENGER CAR;PASSENGER CAR;;;;NO;448;2016-02-11;1:40:36 PM;2016-02-11T18:40:36+00:00;;2016;No;No;2;;NONE;NONE;PASSENGER CAR,PASSENGER CAR;PASSENGER CAR,PASSENGER CAR;PASSENGER CAR,PASSENGER CAR;PASSENGER CAR,PASSENGER CAR
33551;80 FEET FROM NC 54 HWY;NO SPECIAL FEATURE;CURVE,LEVEL;STATE SECONDARY ROUTE;TWO-WAY,NOT DIVIDED;SMOOTH ASPHALT;DRY;DAYLIGHT;CLEAR;NO CONTROL PRESENT;;;-78.7998;35.799;;;0;0;;;NONE;;WRONG SIDE OF ROAD;;PASSENGER CAR;;;;;NO;10922;2018-04-16;2:30:48 PM;2018-04-16T18:30:48+00:00;;2018;No;No;4;NONE;NONE,WRONG SIDE OF ROAD;NONE,WRONG SIDE OF ROAD;PASSENGER CAR;PASSENGER CAR;PASSENGER CAR;PASSENGER CAR
21071;CARY;FOUR-WAY INTERSECTION;STRAIGHT,LEVEL;LOCAL STREET;TWO-WAY,NOT DIVIDED;SMOOTH ASPHALT;DRY;DARK - LIGHTED ROADWAY;CLEAR;NO CONTROL PRESENT;35.78803359;-78.87297469;-78.8727;35.7875;P077;122;0;0;;;NONE;;NONE;;SPORT UTILITY;SPORT UTILITY;;;;NO;456;2016-02-11;6:11:27 PM;2016-02-11T23:11:27+00:00;35.78803359, -78.87297469;2016;No;No;2;NONE;NONE,NONE;NONE,NONE;SPORT UTILITY,SPORT UTILITY;SPORT UTILITY,SPORT UTILITY;SPORT UTILITY,SPORT UTILITY;SPORT UTILITY,SPORT UTILITY
33555;CARY;NO SPECIAL FEATURE;STRAIGHT,LEVEL;LOCAL STREET;TWO-WAY,NOT DIVIDED;SMOOTH ASPHALT;DRY;DAYLIGHT;CLEAR;NO CONTROL PRESENT;35.797024019;-78.85048367;-78.850515;35.797039;P017;121;0;0;;;NONE;;NONE;;PASSENGER CAR;;;;;NO;10926;2018-04-16;5:21:42 PM;2018-04-16T21:21:42+00:00;35.797024019, -78.85048367;2018;No;No;4;NONE;NONE,NONE;NONE,NONE;PASSENGER CAR;PASSENGER CAR;PASSENGER CAR;PASSENGER CAR
21075;40 FEET FROM SR 3112 (NW CARY PKWY);RELATED TO INTERSECTION;STRAIGHT,LEVEL;STATE SECONDARY ROUTE;TWO-WAY,DIVIDED,UNPROTECTED MEDIAN;SMOOTH ASPHALT;DRY;DAYLIGHT;CLEAR;STOP AND GO SIGNAL;35.816229903;-78.80005444;-78.800149;35.816211;P022;111;0;0;;;NONE;;NONE;;SPORT UTILITY;PICKUP;;;;NO;460;2016-02-12;7:49:07 AM;2016-02-12T12:49:07+00:00;35.816229903, -78.80005444;2016;No;No;2;NONE;NONE,NONE;NONE,NONE;SPORT UTILITY,PICKUP;SPORT UTILITY,PICKUP;SPORT UTILITY,PICKUP;SPORT UTILITY,PICKUP
33566;80 FEET FROM SWANSBORO DR;NO SPECIAL FEATURE;STRAIGHT,LEVEL;LOCAL STREET;TWO-WAY,NOT DIVIDED;SMOOTH ASPHALT;DRY;DAYLIGHT;CLEAR;NO CONTROL PRESENT;35.772865746;-78.8535291;-78.853;35.773;P071;117;0;0;;;NONE;;NONE;;PASSENGER CAR;VAN;;;;NO;10937;2018-04-17;12:54 PM;2018-04-17T16:54:00+00:00;35.772865746, -78.8535291;2018;No;No;4;NONE;NONE,NONE;NONE,NONE;PASSENGER CAR,VAN;PASSENGER CAR,VAN;PASSENGER CAR,VAN;PASSENGER CAR,VAN
21078;0 FEET FROM SR 1415 (SE MAYNARD RD);T-INTERSECTION;STRAIGHT,LEVEL;STATE SECONDARY ROUTE;TWO-WAY,NOT DIVIDED;SMOOTH ASPHALT;DRY;DAYLIGHT;CLEAR;STOP SIGN;35.767106714;-78.7740426;-78.7739;35.767;P062;120;0;1;;;NONE;;NONE;;SPORT UTILITY;PASSENGER CAR;;;;NO;463;2016-02-11;1:54:07 PM;2016-02-11T18:54:07+00:00;35.767106714, -78.7740426;2016;No;Yes;2;NONE;NONE,NONE;NONE,NONE;SPORT UTILITY,PASSENGER CAR;SPORT UTILITY,PASSENGER CAR;SPORT UTILITY,PASSENGER CAR;SPORT UTILITY,PASSENGER CAR
33570;CARY;FOUR-WAY INTERSECTION;STRAIGHT,LEVEL;STATE SECONDARY ROUTE;TWO-WAY,NOT DIVIDED;SMOOTH ASPHALT;DRY;DAYLIGHT;CLEAR;STOP AND GO SIGNAL;;;-78.807;35.771;;;0;0;;;NONE;;NONE;;SPORT UTILITY;;;;;NO;10941;2018-04-13;1:48:34 PM;2018-04-13T17:48:34+00:00;;2018;No;No;4;NONE;NONE,NONE;NONE,NONE;SPORT UTILITY;SPORT UTILITY;SPORT UTILITY;SPORT UTILITY
21080;.12 MILES FROM PVA 6770 MCCRIMMON PKWY;NO SPECIAL FEATURE;STRAIGHT,LEVEL;PUBLIC VEHICULAR AREA;TWO-WAY,NOT DIVIDED;SMOOTH ASPHALT;DRY;DAYLIGHT;CLEAR;NO CONTROL PRESENT;;;-78.890185;35.829673;;;0;0;1;;NONE;;NONE;;SPORT UTILITY;SPORT UTILITY;;;;NO;465;2016-02-09;6:53:13 AM;2016-02-09T11:53:13+00:00;;2016;No;No;2;NONE;NONE,NONE;NONE,NONE;SPORT UTILITY,SPORT UTILITY;SPORT UTILITY,SPORT UTILITY;SPORT UTILITY,SPORT UTILITY;SPORT UTILITY,SPORT UTILITY
33582;118 FEET FROM (SR 1313) WALNUT ST;RELATED TO INTERSECTION;STRAIGHT,LEVEL;STATE SECONDARY ROUTE;TWO-WAY,DIVIDED,UNPROTECTED MEDIAN;SMOOTH ASPHALT;DRY;DAYLIGHT;CLEAR;STOP AND GO SIGNAL;;;-78.7427;35.7592;;;0;1;2;;;;NONE;;PASSENGER CAR;PASSENGER CAR;;;;NO;10953;2018-04-18;4:35:27 PM;2018-04-18T20:35:27+00:00;;2018;No;Yes;4;;NONE;NONE;PASSENGER CAR,PASSENGER CAR;PASSENGER CAR,PASSENGER CAR;PASSENGER CAR,PASSENGER CAR;PASSENGER CAR,PASSENGER CAR
21081;0 FEET FROM SR 3011 (JENKS CARPENTER RD);T-INTERSECTION;STRAIGHT,LEVEL;STATE SECONDARY ROUTE;TWO-WAY,NOT DIVIDED;SMOOTH ASPHALT;DRY;DARK - LIGHTED ROADWAY;CLEAR;STOP SIGN;;;-78.858;35.7889;;;0;0;;;;;NONE;;VAN;PASSENGER CAR;;;;NO;466;2016-02-10;11:11 PM;2016-02-11T04:11:00+00:00;;2016;No;No;2;;NONE;NONE;VAN,PASSENGER CAR;VAN,PASSENGER CAR;VAN,PASSENGER CAR;VAN,PASSENGER CAR
33590;200 FEET FROM S.R. 3081 (CHAPEL HILL RD);NO SPECIAL FEATURE;STRAIGHT,LEVEL;STATE SECONDARY ROUTE;TWO-WAY,NOT DIVIDED;SMOOTH ASPHALT;DRY;DAYLIGHT;CLEAR;DOUBLE YELLOW LINE, NO PASSING ZONE;;;-78.7951;35.7975;;;0;0;;;NONE;;NONE;;PASSENGER CAR;PASSENGER CAR;;;;NO;10961;2018-04-18;9:21:34 AM;2018-04-18T13:21:34+00:00;;2018;No;No;4;NONE;NONE,NONE;NONE,NONE;PASSENGER CAR,PASSENGER CAR;PASSENGER CAR,PASSENGER CAR;PASSENGER CAR,PASSENGER CAR;PASSENGER CAR,PASSENGER CAR
21083;50 FEET FROM HIGH HOUSE RD 1006;NO SPECIAL FEATURE;STRAIGHT,LEVEL;STATE SECONDARY ROUTE;TWO-WAY,DIVIDED,UNPROTECTED MEDIAN;CONCRETE;DRY;DAYLIGHT;SNOW;STOP AND GO SIGNAL;35.791399535;-78.84721906;-78.84742;35.791471;P078;121;0;0;;;NONE;;NONE;;PASSENGER CAR;;;;;NO;468;2016-02-12;4:19:18 PM;2016-02-12T21:19:18+00:00;35.791399535, -78.84721906;2016;No;No;2;NONE;NONE,NONE;NONE,NONE;PASSENGER CAR;PASSENGER CAR;PASSENGER CAR;PASSENGER CAR
33602;CARY;FOUR-WAY INTERSECTION;STRAIGHT,LEVEL;STATE SECONDARY ROUTE;TWO-WAY,NOT DIVIDED;SMOOTH ASPHALT;DRY;DAYLIGHT;CLEAR;STOP SIGN;;;-78.815956;35.78405;;;0;0;2;;NONE;;NONE;;PASSENGER CAR;PASSENGER CAR;;;;NO;10973;2018-04-19;5:38:12 PM;2018-04-19T21:38:12+00:00;;2018;No;No;4;NONE;NONE,NONE;NONE,NONE;PASSENGER CAR,PASSENGER CAR;PASSENGER CAR,PASSENGER CAR;PASSENGER CAR,PASSENGER CAR;PASSENGER CAR,PASSENGER CAR
21099;.25 MILES FROM CROSSROADS BLVD;NO SPECIAL FEATURE;STRAIGHT,LEVEL;LOCAL STREET;TWO-WAY,DIVIDED,POSITIVE MEDIAN BARRIER;COARSE ASPHALT;DRY;DAYLIGHT;CLEAR;NO CONTROL PRESENT;35.760375056;-78.73906041;-78.7402;35.7614;P120;118;0;0;;;NONE;;NONE;;PICKUP;SPORT UTILITY;;;;NO;484;2016-02-13;4:49:13 PM;2016-02-13T21:49:13+00:00;35.760375056, -78.73906041;2016;No;No;2;NONE;NONE,NONE;NONE,NONE;PICKUP,SPORT UTILITY;PICKUP,SPORT UTILITY;PICKUP,SPORT UTILITY;PICKUP,SPORT UTILITY
33609;20 FEET FROM REGENCY PARKWAY;RELATED TO INTERSECTION;STRAIGHT,GRADE;LOCAL STREET;TWO-WAY,DIVIDED,POSITIVE MEDIAN BARRIER;SMOOTH ASPHALT;DRY;DAYLIGHT;CLEAR;YIELD SIGN;;;-78.7881;35.7359;;;0;0;;;NONE;;NONE;;PASSENGER CAR;SPORT UTILITY;;;;NO;10980;2018-04-20;7:23:59 AM;2018-04-20T11:23:59+00:00;;2018;No;No;4;NONE;NONE,NONE;NONE,NONE;PASSENGER CAR,SPORT UTILITY;PASSENGER CAR,SPORT UTILITY;PASSENGER CAR,SPORT UTILITY;PASSENGER CAR,SPORT UTILITY
21104;50 FEET FROM PVA 71 KILMAYNE DR;NO SPECIAL FEATURE;STRAIGHT,LEVEL;PUBLIC VEHICULAR AREA;TWO-WAY,NOT DIVIDED;SMOOTH ASPHALT;DRY;DAYLIGHT;CLEAR;NO CONTROL PRESENT;35.768837092;-78.78093443;-78.7807;35.769;P027;112;0;0;;;NONE;;NONE;;PASSENGER CAR;PASSENGER CAR;;;;NO;489;2016-02-12;11:25 AM;2016-02-12T16:25:00+00:00;35.768837092, -78.78093443;2016;No;No;2;NONE;NONE,NONE;NONE,NONE;PASSENGER CAR,PASSENGER CAR;PASSENGER CAR,PASSENGER CAR;PASSENGER CAR,PASSENGER CAR;PASSENGER CAR,PASSENGER CAR
33622;250 FEET FROM P.V.A (COURTYARD MARRIOTT);NO SPECIAL FEATURE;STRAIGHT,LEVEL;PUBLIC VEHICULAR AREA;TWO-WAY,NOT DIVIDED;SMOOTH ASPHALT;DRY;DAYLIGHT;CLEAR;NO CONTROL PRESENT;;;-78.815;35.8585;;;0;0;;;NONE;;NONE;;PASSENGER CAR;PASSENGER CAR;;;;NO;10993;2018-04-21;11:10 AM;2018-04-21T15:10:00+00:00;;2018;No;No;4;NONE;NONE,NONE;NONE,NONE;PASSENGER CAR,PASSENGER CAR;PASSENGER CAR,PASSENGER CAR;PASSENGER CAR,PASSENGER CAR;PASSENGER CAR,PASSENGER CAR
21105;30 FEET FROM SR 1415 (MAYNARD RD);NO SPECIAL FEATURE;STRAIGHT,LEVEL;STATE SECONDARY ROUTE;TWO-WAY,NOT DIVIDED;SMOOTH ASPHALT;DRY;DARK - LIGHTED ROADWAY;CLEAR;NO CONTROL PRESENT;35.765066975;-78.57110086;-78.764111;35.775638;P119;RALW;0;1;2;;NONE;;NONE;;VAN;PASSENGER CAR;;;;NO;490;2016-02-13;7:47:46 PM;2016-02-14T00:47:46+00:00;35.765066975, -78.57110086;2016;No;Yes;2;NONE;NONE,NONE;NONE,NONE;VAN,PASSENGER CAR;VAN,PASSENGER CAR;VAN,PASSENGER CAR;VAN,PASSENGER CAR
33629;CARY;RELATED TO INTERSECTION;STRAIGHT,GRADE;LOCAL STREET;TWO-WAY,DIVIDED,UNPROTECTED MEDIAN;SMOOTH ASPHALT;DRY;DAYLIGHT;CLEAR;STOP SIGN;35.768188549;-78.79575843;-78.7957;35.7682;P037;115;0;5;3;;;;NONE;;VAN;VAN;;;;NO;11000;2018-04-20;8:47:31 AM;2018-04-20T12:47:31+00:00;35.768188549, -78.79575843;2018;No;Yes;4;;NONE;NONE;VAN,VAN;VAN,VAN;VAN,VAN;VAN,VAN
21113;30 FEET FROM NW MAYNARD RD;NO SPECIAL FEATURE;STRAIGHT,LEVEL;LOCAL STREET;TWO-WAY,DIVIDED,POSITIVE MEDIAN BARRIER;SMOOTH ASPHALT;DRY;DAYLIGHT;CLOUDY;NO CONTROL PRESENT;35.783470538;-78.8100362;-78.81;35.784;P065;114;0;0;1;;NONE;;NONE;;PASSENGER CAR;PASSENGER CAR;;;;NO;498;2016-02-14;4:27:42 PM;2016-02-14T21:27:42+00:00;35.783470538, -78.8100362;2016;No;No;2;NONE;NONE,NONE;NONE,NONE;PASSENGER CAR,PASSENGER CAR;PASSENGER CAR,PASSENGER CAR;PASSENGER CAR,PASSENGER CAR;PASSENGER CAR,PASSENGER CAR
33638;.42 MILES FROM HWY US 64;NO SPECIAL FEATURE;STRAIGHT,LEVEL;US ROUTE;TWO-WAY,DIVIDED,UNPROTECTED MEDIAN;SMOOTH ASPHALT;DRY;DAYLIGHT;CLOUDY;STOP AND GO SIGNAL;;;-78.7951;35.7377;;;0;0;;;;;NONE;;SPORT UTILITY;PASSENGER CAR;;;;NO;11009;2018-04-23;11:13 AM;2018-04-23T15:13:00+00:00;;2018;No;No;4;;NONE;NONE;SPORT UTILITY,PASSENGER CAR;SPORT UTILITY,PASSENGER CAR;SPORT UTILITY,PASSENGER CAR;SPORT UTILITY,PASSENGER CAR
21121;100 FEET FROM SR 1615 (GREEN LEVEL WEST);NO SPECIAL FEATURE;STRAIGHT,LEVEL;STATE SECONDARY ROUTE;TWO-WAY,NOT DIVIDED;SMOOTH ASPHALT;DRY;DARK - LIGHTED ROADWAY;CLEAR;NO CONTROL PRESENT;;;-78.873;35.787;;;0;0;3;;NONE;;NONE;;SPORT UTILITY;PASSENGER CAR;;;;NO;505;2016-02-12;4:47:26 AM;2016-02-12T09:47:26+00:00;;2016;No;No;2;NONE;NONE,NONE;NONE,NONE;SPORT UTILITY,PASSENGER CAR;SPORT UTILITY,PASSENGER CAR;SPORT UTILITY,PASSENGER CAR;SPORT UTILITY,PASSENGER CAR
33639;10 FEET FROM US 1 HWY US 1 SB;OFF-RAMP PROPER;CURVE,BOTTOM (SAG);US ROUTE;ONE-WAY,NOT DIVIDED;CONCRETE;WET;DUSK;RAIN;STOP AND GO SIGNAL;;;-78.794401;35.73798;;;0;1;1;;NONE;;NONE;;SPORT UTILITY;PASSENGER CAR;;;;NO;11010;2018-04-23;7:43:27 PM;2018-04-23T23:43:27+00:00;;2018;No;Yes;4;NONE;NONE,NONE;NONE,NONE;SPORT UTILITY,PASSENGER CAR;SPORT UTILITY,PASSENGER CAR;SPORT UTILITY,PASSENGER CAR;SPORT UTILITY,PASSENGER CAR
21125;.18 MILES FROM US 1 HWY;NO SPECIAL FEATURE;STRAIGHT,GRADE;INTERSTATE;TWO-WAY,DIVIDED,POSITIVE MEDIAN BARRIER;CONCRETE;ICE;DAYLIGHT;SLEET, HAIL, FREEZING RAIN/DRIZZLE;NO CONTROL PRESENT;35.748788885;-78.7712628;-78.767651;35.750838;P027;112;0;0;2;;NONE;;NONE;;PASSENGER CAR;;;;;NO;509;2016-02-15;4:21:18 PM;2016-02-15T21:21:18+00:00;35.748788885, -78.7712628;2016;No;No;2;NONE;NONE,NONE;NONE,NONE;PASSENGER CAR;PASSENGER CAR;PASSENGER CAR;PASSENGER CAR
33646;150 FEET FROM PVA (2430 SW CARY PKWY);NO SPECIAL FEATURE;STRAIGHT,LEVEL;PUBLIC VEHICULAR AREA;TWO-WAY,NOT DIVIDED;SMOOTH ASPHALT;WET;DAYLIGHT;RAIN;NO CONTROL PRESENT;;;-78.82;35.763;;;0;0;;;NONE;;NONE;;PICKUP;PASSENGER CAR;;;;NO;11017;2018-04-24;10:19 AM;2018-04-24T14:19:00+00:00;;2018;No;No;4;NONE;NONE,NONE;NONE,NONE;PICKUP,PASSENGER CAR;PICKUP,PASSENGER CAR;PICKUP,PASSENGER CAR;PICKUP,PASSENGER CAR
21136;5 FEET FROM SR 1011 (W CHATHAM ST);RELATED TO INTERSECTION;STRAIGHT,LEVEL;STATE SECONDARY ROUTE;TWO-WAY,NOT DIVIDED;SMOOTH ASPHALT;DRY;DAYLIGHT;CLEAR;STOP AND GO SIGNAL;35.791997907;-78.76374753;-78.8019;35.7755;P055;120;0;0;;;NONE;;NONE;;PICKUP;PASSENGER CAR;;;;NO;521;2016-02-17;7:01:34 AM;2016-02-17T12:01:34+00:00;35.791997907, -78.76374753;2016;No;No;2;NONE;NONE,NONE;NONE,NONE;PICKUP,PASSENGER CAR;PICKUP,PASSENGER CAR;PICKUP,PASSENGER CAR;PICKUP,PASSENGER CAR
33649;450 FEET FROM WESTON PKWY;NO SPECIAL FEATURE;CURVE,GRADE;LOCAL STREET;TWO-WAY,DIVIDED,POSITIVE MEDIAN BARRIER;SMOOTH ASPHALT;WET;DAYLIGHT;CLOUDY;NO CONTROL PRESENT;35.82106639;-78.80868079;-78.8074;35.8218;P021;111;0;0;;;NONE;;NONE;;PASSENGER CAR;PASSENGER CAR;;;;NO;11020;2018-04-24;7:42:55 AM;2018-04-24T11:42:55+00:00;35.82106639, -78.80868079;2018;No;No;4;NONE;NONE,NONE;NONE,NONE;PASSENGER CAR,PASSENGER CAR;PASSENGER CAR,PASSENGER CAR;PASSENGER CAR,PASSENGER CAR;PASSENGER CAR,PASSENGER CAR
21140;0 FEET FROM SR 1415 (SE MAYNARD RD);FOUR-WAY INTERSECTION;STRAIGHT,GRADE;STATE SECONDARY ROUTE;TWO-WAY,NOT DIVIDED;SMOOTH ASPHALT;WET;DAYLIGHT;RAIN;STOP AND GO SIGNAL;35.750987862;-78.77770688;-78.7643;35.7759;P005;115;0;4;2;;NONE;;NONE;;PICKUP;PASSENGER CAR;;;;NO;525;2016-02-16;9:26:06 AM;2016-02-16T14:26:06+00:00;35.750987862, -78.77770688;2016;No;Yes;2;NONE;NONE,NONE;NONE,NONE;PICKUP,PASSENGER CAR;PICKUP,PASSENGER CAR;PICKUP,PASSENGER CAR;PICKUP,PASSENGER CAR
33650;NEAR .1 MILES  OF US 1 HWY;NO SPECIAL FEATURE;STRAIGHT,LEVEL;US ROUTE;TWO-WAY,DIVIDED,POSITIVE MEDIAN BARRIER;SMOOTH ASPHALT;WATER (STANDING, MOVING);DAYLIGHT;RAIN;NO CONTROL PRESENT;35.724909078;-78.81795644;-78.8108;35.7275;P090;WAKE;0;0;;;;;NONE;;SPORT UTILITY;SPORT UTILITY;PASSENGER CAR;;;NO;11021;2018-04-24;8:28:53 AM;2018-04-24T12:28:53+00:00;35.724909078, -78.81795644;2018;No;No;4;;NONE;NONE;SPORT UTILITY,SPORT UTILITY;SPORT UTILITY,SPORT UTILITY,PASSENGER CAR;SPORT UTILITY,SPORT UTILITY,PASSENGER CAR;SPORT UTILITY,SPORT UTILITY,PASSENGER CAR
21142;0 FEET FROM US 1;OFF-RAMP TERMINAL ON CROSSROAD;STRAIGHT,GRADE;US ROUTE;TWO-WAY,DIVIDED,POSITIVE MEDIAN BARRIER;SMOOTH ASPHALT;DRY;DAYLIGHT;CLEAR;STOP AND GO SIGNAL;35.73479613;-78.7977301;-78.7938;35.7381;P043;116;0;0;1;;NONE;;NONE;;PASSENGER CAR;PASSENGER CAR;;;;NO;527;2016-02-17;2:02:27 PM;2016-02-17T19:02:27+00:00;35.73479613, -78.7977301;2016;No;No;2;NONE;NONE,NONE;NONE,NONE;PASSENGER CAR,PASSENGER CAR;PASSENGER CAR,PASSENGER CAR;PASSENGER CAR,PASSENGER CAR;PASSENGER CAR,PASSENGER CAR
33654;142 FEET FROM SR 1415 (SE MAYNARD RD);RELATED TO INTERSECTION;STRAIGHT,LEVEL;STATE SECONDARY ROUTE;TWO-WAY,DIVIDED,UNPROTECTED MEDIAN;SMOOTH ASPHALT;DRY;DAYLIGHT;CLOUDY;STOP AND GO SIGNAL;;;-78.7812;35.7711;;;0;0;;;NONE;;NONE;;PICKUP;PASSENGER CAR;;;;NO;11025;2018-04-23;12:52 PM;2018-04-23T16:52:00+00:00;;2018;No;No;4;NONE;NONE,NONE;NONE,NONE;PICKUP,PASSENGER CAR;PICKUP,PASSENGER CAR;PICKUP,PASSENGER CAR;PICKUP,PASSENGER CAR
21148;120 FEET FROM US 1 HWY NB;NO SPECIAL FEATURE;STRAIGHT,LEVEL;US ROUTE;TWO-WAY,DIVIDED,POSITIVE MEDIAN BARRIER;SMOOTH ASPHALT;DRY;DAYLIGHT;CLOUDY;NO CONTROL PRESENT;35.76215792;-78.74506048;-78.7549;35.757;P083;112;0;2;;;NONE;;NONE;;PASSENGER CAR;PASSENGER CAR;;;;NO;533;2016-02-17;5:19:46 PM;2016-02-17T22:19:46+00:00;35.76215792, -78.74506048;2016;No;Yes;2;NONE;NONE,NONE;NONE,NONE;PASSENGER CAR,PASSENGER CAR;PASSENGER CAR,PASSENGER CAR;PASSENGER CAR,PASSENGER CAR;PASSENGER CAR,PASSENGER CAR
33659;.08 MILES FROM SR 1655 (TRINITY RD);NO SPECIAL FEATURE;STRAIGHT,LEVEL;STATE SECONDARY ROUTE;TWO-WAY,NOT DIVIDED;SMOOTH ASPHALT;WET;DAYLIGHT;CLOUDY;NO CONTROL PRESENT;35.79020335;-78.75037135;-78.751563;35.791844;P060;113;0;1;;;NONE;;NONE;;SPORT UTILITY;PASSENGER CAR;;;;NO;11030;2018-04-24;5:46:41 PM;2018-04-24T21:46:41+00:00;35.79020335, -78.75037135;2018;No;Yes;4;NONE;NONE,NONE;NONE,NONE;SPORT UTILITY,PASSENGER CAR;SPORT UTILITY,PASSENGER CAR;SPORT UTILITY,PASSENGER CAR;SPORT UTILITY,PASSENGER CAR
21155;CARY;NO SPECIAL FEATURE;STRAIGHT,LEVEL;STATE SECONDARY ROUTE;TWO-WAY,DIVIDED,UNPROTECTED MEDIAN;SMOOTH ASPHALT;DRY;DAYLIGHT;CLEAR;STOP AND GO SIGNAL;35.782583635;-78.83651872;-78.8365;35.7826;P018;117;0;0;1;;NONE;;NONE;;SPORT UTILITY;PASSENGER CAR;;;;NO;540;2016-02-18;3:44:21 PM;2016-02-18T20:44:21+00:00;35.782583635, -78.83651872;2016;No;No;2;NONE;NONE,NONE;NONE,NONE;SPORT UTILITY,PASSENGER CAR;SPORT UTILITY,PASSENGER CAR;SPORT UTILITY,PASSENGER CAR;SPORT UTILITY,PASSENGER CAR
33661;.11 MILES FROM NC 54 CHAPEL HILL RD;NO SPECIAL FEATURE;STRAIGHT,LEVEL;NC ROUTE;TWO-WAY,NOT DIVIDED;SMOOTH ASPHALT;WET;DAYLIGHT;RAIN;NO CONTROL PRESENT;;;-78.8014;35.7992;;;0;0;;;NONE;;NONE;;VAN;;;;;NO;11032;2018-04-25;2:16:15 PM;2018-04-25T18:16:15+00:00;;2018;No;No;4;NONE;NONE,NONE;NONE,NONE;VAN;VAN;VAN;VAN
21157;CARY;FOUR-WAY INTERSECTION;STRAIGHT,GRADE;STATE SECONDARY ROUTE;TWO-WAY,DIVIDED,UNPROTECTED MEDIAN;SMOOTH ASPHALT;DRY;DARK - LIGHTED ROADWAY;CLEAR;STOP AND GO SIGNAL;35.729240413;-78.77714664;-78.7767;35.7297;P047;118;0;0;1;;NONE;;NONE;;SPORT UTILITY;PICKUP;PASSENGER CAR;;;NO;542;2016-02-18;6:00:39 PM;2016-02-18T23:00:39+00:00;35.729240413, -78.77714664;2016;No;No;2;NONE;NONE,NONE;NONE,NONE;SPORT UTILITY,PICKUP;SPORT UTILITY,PICKUP,PASSENGER CAR;SPORT UTILITY,PICKUP,PASSENGER CAR;SPORT UTILITY,PICKUP,PASSENGER CAR
33662;100 FEET FROM SR 1152 WALNUT ST;NO SPECIAL FEATURE;STRAIGHT,LEVEL;STATE SECONDARY ROUTE;TWO-WAY,DIVIDED,POSITIVE MEDIAN BARRIER;SMOOTH ASPHALT;DRY;DAYLIGHT;CLEAR;NO CONTROL PRESENT;;;-78.74949;35.764099;;;0;0;;;NONE;;NONE;;PASSENGER CAR;PASSENGER CAR;;;;NO;11033;2018-04-25;5:07:28 PM;2018-04-25T21:07:28+00:00;;2018;No;No;4;NONE;NONE,NONE;NONE,NONE;PASSENGER CAR,PASSENGER CAR;PASSENGER CAR,PASSENGER CAR;PASSENGER CAR,PASSENGER CAR;PASSENGER CAR,PASSENGER CAR
21160;18 FEET FROM SR 1652 (N. HARRISON AVE);FOUR-WAY INTERSECTION;STRAIGHT,LEVEL;STATE SECONDARY ROUTE;TWO-WAY,NOT DIVIDED;SMOOTH ASPHALT;DRY;DAYLIGHT;CLEAR;STOP AND GO SIGNAL;;;-78.771501;35.819283;;111;0;0;1;;NONE;;NONE;;PICKUP;SPORT UTILITY;;;;NO;545;2016-02-18;7:12:25 PM;2016-02-19T00:12:25+00:00;;2016;No;No;2;NONE;NONE,NONE;NONE,NONE;PICKUP,SPORT UTILITY;PICKUP,SPORT UTILITY;PICKUP,SPORT UTILITY;PICKUP,SPORT UTILITY
33664;.2 MILES FROM PVA (2734 NC 55 HWY);NO SPECIAL FEATURE;STRAIGHT,LEVEL;PUBLIC VEHICULAR AREA;TWO-WAY,NOT DIVIDED;SMOOTH ASPHALT;DRY;DAYLIGHT;CLEAR;STOP SIGN;;;-78.87;35.785;;;0;0;;;NONE;;NONE;;PASSENGER CAR;SPORT UTILITY;;;;NO;11035;2018-04-26;8:12:41 AM;2018-04-26T12:12:41+00:00;;2018;No;No;4;NONE;NONE,NONE;NONE,NONE;PASSENGER CAR,SPORT UTILITY;PASSENGER CAR,SPORT UTILITY;PASSENGER CAR,SPORT UTILITY;PASSENGER CAR,SPORT UTILITY