tamainid;location_description;rdfeature;rdcharacter;rdclass;rdconfigur;rdsurface;rdcondition;lightcond;weather;trafcontrl;lat;lon;lon2;lat2;tract;zone;fatality;possblinj;numpassengers;numpedestrians;contrcir1_desc;contrcir2_desc;contrcir3_desc;contrcir4_desc;vehicle1;vehicle2;vehicle3;vehicle4;vehicle5;workarea;records;ta_date;ta_time;crash_date;geo_location;year;fatalities;injuries;month;contrfact1;contrfact2;contributing_factor;vehicleconcat1;vehicleconcat2;vehicleconcat3;vehicle_type
21464;CARY;FOUR-WAY INTERSECTION;STRAIGHT,GRADE;STATE SECONDARY ROUTE;TWO-WAY,NOT DIVIDED;SMOOTH ASPHALT;DRY;DARK - LIGHTED ROADWAY;CLEAR;STOP AND GO SIGNAL;;;-78.731;35.7532;;;0;2;3;;NONE;;NONE;;PASSENGER CAR;PASSENGER CAR;;;;NO;847;2016-02-29;7:17:35 PM;2016-03-01T00:17:35+00:00;;2016;No;Yes;2;NONE;NONE,NONE;NONE,NONE;PASSENGER CAR,PASSENGER CAR;PASSENGER CAR,PASSENGER CAR;PASSENGER CAR,PASSENGER CAR;PASSENGER CAR,PASSENGER CAR
33958;50 FEET FROM P.V.A. OF 2425 KILDAIRE FARM R;NO SPECIAL FEATURE;STRAIGHT,LEVEL;PUBLIC VEHICULAR AREA;TWO-WAY,NOT DIVIDED;SMOOTH ASPHALT;DRY;DUSK;CLOUDY;NO CONTROL PRESENT;;;-78.7809;35.7203;;;0;0;;;NONE;;NONE;;PICKUP;PICKUP;;;;NO;11329;2018-05-15;4:03:07 PM;2018-05-15T20:03:07+00:00;;2018;No;No;5;NONE;NONE,NONE;NONE,NONE;PICKUP,PICKUP;PICKUP,PICKUP;PICKUP,PICKUP;PICKUP,PICKUP
21466;190 FEET FROM PVA 405 CROSSROADS BVD;NO SPECIAL FEATURE;STRAIGHT,LEVEL;PUBLIC VEHICULAR AREA;TWO-WAY,NOT DIVIDED;SMOOTH ASPHALT;DRY;DAYLIGHT;CLOUDY;NO CONTROL PRESENT;;;-78.7371;35.7615;;;0;0;2;;;;NONE;;SPORT UTILITY;SPORT UTILITY;;;;NO;849;2016-03-13;3:42:45 PM;2016-03-13T19:42:45+00:00;;2016;No;No;3;;NONE;NONE;SPORT UTILITY,SPORT UTILITY;SPORT UTILITY,SPORT UTILITY;SPORT UTILITY,SPORT UTILITY;SPORT UTILITY,SPORT UTILITY
33960;0 FEET FROM SR 1313 (WALNUT ST);FOUR-WAY INTERSECTION;STRAIGHT,LEVEL;STATE SECONDARY ROUTE;TWO-WAY,NOT DIVIDED;SMOOTH ASPHALT;WATER (STANDING, MOVING);DARK - LIGHTED ROADWAY;RAIN;STOP SIGN;;;-78.7682;35.7756;;;0;0;;;NONE;;NONE;;PASSENGER CAR;PICKUP;;;;NO;11331;2018-05-16;10:10 PM;2018-05-17T02:10:00+00:00;;2018;No;No;5;NONE;NONE,NONE;NONE,NONE;PASSENGER CAR,PICKUP;PASSENGER CAR,PICKUP;PASSENGER CAR,PICKUP;PASSENGER CAR,PICKUP
21467;.33 MILES FROM SR-1313 (WALNUT ST);FOUR-WAY INTERSECTION;STRAIGHT,LEVEL;STATE SECONDARY ROUTE;TWO-WAY,DIVIDED,UNPROTECTED MEDIAN;SMOOTH ASPHALT;DRY;DAYLIGHT;CLEAR;STOP AND GO SIGNAL;;;-78.7435;35.7586;;;0;0;;;;;NONE;;PASSENGER CAR;PASSENGER CAR;;;;NO;850;2016-03-13;3:10:53 PM;2016-03-13T19:10:53+00:00;;2016;No;No;3;;NONE;NONE;PASSENGER CAR,PASSENGER CAR;PASSENGER CAR,PASSENGER CAR;PASSENGER CAR,PASSENGER CAR;PASSENGER CAR,PASSENGER CAR
33964;5 FEET FROM SR 1652 (N HARRISON AVE);FOUR-WAY INTERSECTION;STRAIGHT,LEVEL;STATE SECONDARY ROUTE;TWO-WAY,DIVIDED,UNPROTECTED MEDIAN;SMOOTH ASPHALT;WET;DAYLIGHT;CLOUDY;STOP AND GO SIGNAL;;;-78.77;35.8274;;;0;0;;;NONE;;NONE;;PASSENGER CAR;PASSENGER CAR;;;;NO;11335;2018-05-18;6:56:29 AM;2018-05-18T10:56:29+00:00;;2018;No;No;5;NONE;NONE,NONE;NONE,NONE;PASSENGER CAR,PASSENGER CAR;PASSENGER CAR,PASSENGER CAR;PASSENGER CAR,PASSENGER CAR;PASSENGER CAR,PASSENGER CAR
21471;CARY;;;;;;;;;;;;;;;;0;0;;;;;;;;;;;;;854;2016-03-07;1:38:50 PM;2016-03-07T18:38:50+00:00;;2016;No;No;3;;;;;;;
33966;.24 MILES FROM E JOHNSON ST;NO SPECIAL FEATURE;CURVE,HILLCREST;LOCAL STREET;TWO-WAY,NOT DIVIDED;SMOOTH ASPHALT;DRY;DAYLIGHT;CLOUDY;NO CONTROL PRESENT;;;-78.776836;35.793358;;;0;1;2;;NONE;;NONE;;PASSENGER CAR;PASSENGER CAR;;;;NO;11337;2018-05-17;7:22:54 AM;2018-05-17T11:22:54+00:00;;2018;No;Yes;5;NONE;NONE,NONE;NONE,NONE;PASSENGER CAR,PASSENGER CAR;PASSENGER CAR,PASSENGER CAR;PASSENGER CAR,PASSENGER CAR;PASSENGER CAR,PASSENGER CAR
21475;154 FEET FROM PVA OF 204 CROSSROADS BLVD;NO SPECIAL FEATURE;STRAIGHT,LEVEL;PUBLIC VEHICULAR AREA;TWO-WAY,NOT DIVIDED;SMOOTH ASPHALT;DRY;DAYLIGHT;CLEAR;NO CONTROL PRESENT;35.760269055;-78.74111642;-78.7411;35.76;P120;118;0;0;;;;;NONE;;SPORT UTILITY;VAN;;;;NO;858;2016-03-14;2:51:40 PM;2016-03-14T18:51:40+00:00;35.760269055, -78.74111642;2016;No;No;3;;NONE;NONE;SPORT UTILITY,VAN;SPORT UTILITY,VAN;SPORT UTILITY,VAN;SPORT UTILITY,VAN
33970;0 FEET FROM SR 1624 (CARPENTER FIRE STATIO;FOUR-WAY INTERSECTION;STRAIGHT,LEVEL;STATE SECONDARY ROUTE;TWO-WAY,DIVIDED,UNPROTECTED MEDIAN;SMOOTH ASPHALT;DRY;DAYLIGHT;CLOUDY;STOP AND GO SIGNAL;;;-78.898022;35.823124;;;0;0;;;NONE;;NONE;;PASSENGER CAR;SPORT UTILITY;;;;NO;11341;2018-05-18;10:20 AM;2018-05-18T14:20:00+00:00;;2018;No;No;5;NONE;NONE,NONE;NONE,NONE;PASSENGER CAR,SPORT UTILITY;PASSENGER CAR,SPORT UTILITY;PASSENGER CAR,SPORT UTILITY;PASSENGER CAR,SPORT UTILITY
21477;7 FEET FROM GREGSON DR;T-INTERSECTION;STRAIGHT,GRADE;LOCAL STREET;TWO-WAY,NOT DIVIDED;SMOOTH ASPHALT;DRY;DAYLIGHT;CLEAR;STOP AND GO SIGNAL;35.740511799;-78.8047735;-78.8047;35.7402;P041;116;0;0;5;;;;NONE;;VAN;VAN;;;;NO;860;2016-03-14;4:28:07 PM;2016-03-14T20:28:07+00:00;35.740511799, -78.8047735;2016;No;No;3;;NONE;NONE;VAN,VAN;VAN,VAN;VAN,VAN;VAN,VAN
33971;120 FEET FROM RIDGECREST RD;NO SPECIAL FEATURE;STRAIGHT,LEVEL;LOCAL STREET;TWO-WAY,NOT DIVIDED;SMOOTH ASPHALT;WET;DAYLIGHT;CLOUDY;NO CONTROL PRESENT;35.785111848;-78.78618901;-78.786377;35.784804;P036;114;0;0;;;NONE;;NONE;;PASSENGER CAR;;;;;NO;11342;2018-05-18;8:05:47 AM;2018-05-18T12:05:47+00:00;35.785111848, -78.78618901;2018;No;No;5;NONE;NONE,NONE;NONE,NONE;PASSENGER CAR;PASSENGER CAR;PASSENGER CAR;PASSENGER CAR
21480;296 FEET FROM CARY GLENN BLVD;NO SPECIAL FEATURE;STRAIGHT,GRADE;LOCAL STREET;TWO-WAY,DIVIDED,UNPROTECTED MEDIAN;SMOOTH ASPHALT;WET;DARK - LIGHTED ROADWAY;RAIN;NO CONTROL PRESENT;35.826588172;-78.89836952;-78.8981;35.8273;P016;119;0;0;1;;NONE;;NONE;;PASSENGER CAR;PASSENGER CAR;PASSENGER CAR;SPORT UTILITY;;NO;863;2016-03-14;9:58:52 PM;2016-03-15T01:58:52+00:00;35.826588172, -78.89836952;2016;No;No;3;NONE;NONE,NONE;NONE,NONE;PASSENGER CAR,PASSENGER CAR;PASSENGER CAR,PASSENGER CAR,PASSENGER CAR;PASSENGER CAR,PASSENGER CAR,PASSENGER CAR,SPORT UTILITY;PASSENGER CAR,PASSENGER CAR,PASSENGER CAR,SPORT UTILITY
33976;.2 MILES FROM I 540 EXIT RAMP;OFF-RAMP PROPER;CURVE,LEVEL;INTERSTATE;ONE-WAY,NOT DIVIDED;SMOOTH ASPHALT;DRY;DAYLIGHT;CLOUDY;STOP AND GO SIGNAL;35.874682077;-78.57477965;-78.887829;35.842491;P119;RALW;0;0;;;NONE;;NONE;;SPORT UTILITY;SPORT UTILITY;;;;NO;11347;2018-05-18;12:13 PM;2018-05-18T16:13:00+00:00;35.874682077, -78.57477965;2018;No;No;5;NONE;NONE,NONE;NONE,NONE;SPORT UTILITY,SPORT UTILITY;SPORT UTILITY,SPORT UTILITY;SPORT UTILITY,SPORT UTILITY;SPORT UTILITY,SPORT UTILITY
21483;CARY;FOUR-WAY INTERSECTION;STRAIGHT,LEVEL;STATE SECONDARY ROUTE;TWO-WAY,DIVIDED,UNPROTECTED MEDIAN;SMOOTH ASPHALT;WET;DAYLIGHT;CLOUDY;STOP AND GO SIGNAL;;;-78.744;35.7547;;;0;0;;;NONE;;NONE;;SPORT UTILITY;PASSENGER CAR;;;;NO;866;2016-03-15;7:41:33 AM;2016-03-15T11:41:33+00:00;;2016;No;No;3;NONE;NONE,NONE;NONE,NONE;SPORT UTILITY,PASSENGER CAR;SPORT UTILITY,PASSENGER CAR;SPORT UTILITY,PASSENGER CAR;SPORT UTILITY,PASSENGER CAR
33980;100 FEET FROM US 1;OFF-RAMP ENTRY;CURVE,HILLCREST;STATE SECONDARY ROUTE;ONE-WAY,NOT DIVIDED;SMOOTH ASPHALT;DRY;DAYLIGHT;CLEAR;NO CONTROL PRESENT;;;-78.749772;35.76237;;;0;0;;;NONE;;NONE;;PASSENGER CAR;PASSENGER CAR;;;;NO;11351;2018-05-18;3:23:28 PM;2018-05-18T19:23:28+00:00;;2018;No;No;5;NONE;NONE,NONE;NONE,NONE;PASSENGER CAR,PASSENGER CAR;PASSENGER CAR,PASSENGER CAR;PASSENGER CAR,PASSENGER CAR;PASSENGER CAR,PASSENGER CAR
21484;.1 MILES FROM SR 1653 (EVANS RD);NO SPECIAL FEATURE;STRAIGHT,LEVEL;STATE SECONDARY ROUTE;TWO-WAY,NOT DIVIDED;SMOOTH ASPHALT;DRY;DAYLIGHT;CLEAR;NO CONTROL PRESENT;;;-78.810824;35.830768;;111;0;0;;;NONE;;NONE;;PASSENGER CAR;PASSENGER CAR;PASSENGER CAR;;;NO;867;2016-03-15;9:31:02 AM;2016-03-15T13:31:02+00:00;;2016;No;No;3;NONE;NONE,NONE;NONE,NONE;PASSENGER CAR,PASSENGER CAR;PASSENGER CAR,PASSENGER CAR,PASSENGER CAR;PASSENGER CAR,PASSENGER CAR,PASSENGER CAR;PASSENGER CAR,PASSENGER CAR,PASSENGER CAR
33990;.12 MILES FROM SR 1628 (O`KELLY CHAPEL RD);NO SPECIAL FEATURE;STRAIGHT,LEVEL;STATE SECONDARY ROUTE;TWO-WAY,DIVIDED,UNPROTECTED MEDIAN;SMOOTH ASPHALT;DRY;DAYLIGHT;CLEAR;NO CONTROL PRESENT;;;-78.902212;35.842208;;;0;0;2;;;;NONE;;PASSENGER CAR;PASSENGER CAR;;;;NO;11361;2018-05-14;3:12:50 AM;2018-05-14T07:12:50+00:00;;2018;No;No;5;;NONE;NONE;PASSENGER CAR,PASSENGER CAR;PASSENGER CAR,PASSENGER CAR;PASSENGER CAR,PASSENGER CAR;PASSENGER CAR,PASSENGER CAR
21490;15 FEET FROM US 1 HWY EXIT RAMP 98B SB;RELATED TO INTERSECTION;CURVE,BOTTOM (SAG);US ROUTE;ONE-WAY,NOT DIVIDED;SMOOTH ASPHALT;DRY;DAYLIGHT;CLEAR;STOP AND GO SIGNAL;35.737325471;-78.79285877;-78.7946;35.738;P042;115;0;0;;;NONE;;NONE;;PASSENGER CAR;PASSENGER CAR;;;;NO;873;2016-03-16;9:30:30 AM;2016-03-16T13:30:30+00:00;35.737325471, -78.79285877;2016;No;No;3;NONE;NONE,NONE;NONE,NONE;PASSENGER CAR,PASSENGER CAR;PASSENGER CAR,PASSENGER CAR;PASSENGER CAR,PASSENGER CAR;PASSENGER CAR,PASSENGER CAR
33998;350 FEET FROM CROSSROADS BLVD;RELATED TO INTERSECTION;STRAIGHT,LEVEL;LOCAL STREET;TWO-WAY,DIVIDED,UNPROTECTED MEDIAN;SMOOTH ASPHALT;WET;DAYLIGHT;RAIN;NO CONTROL PRESENT;35.806866673;-78.91559114;-78.740674;35.7611667;P081;122;0;2;3;;;;NONE;;PASSENGER CAR;SPORT UTILITY;;;;NO;11369;2018-05-19;1:20:48 PM;2018-05-19T17:20:48+00:00;35.806866673, -78.91559114;2018;No;Yes;5;;NONE;NONE;PASSENGER CAR,SPORT UTILITY;PASSENGER CAR,SPORT UTILITY;PASSENGER CAR,SPORT UTILITY;PASSENGER CAR,SPORT UTILITY
21491;100 FEET FROM P.V.A. (BARRON CT);NO SPECIAL FEATURE;STRAIGHT,LEVEL;PUBLIC VEHICULAR AREA;TWO-WAY,NOT DIVIDED;SMOOTH ASPHALT;DRY;DAYLIGHT;CLEAR;NO CONTROL PRESENT;35.780185608;-78.79306554;-78.79306;35.780418;P036;114;0;1;;;UNKNOWN;;NONE;;PASSENGER CAR;;;;;NO;874;2016-03-15;8:17:15 PM;2016-03-16T00:17:15+00:00;35.780185608, -78.79306554;2016;No;Yes;3;UNKNOWN;UNKNOWN,NONE;UNKNOWN,NONE;PASSENGER CAR;PASSENGER CAR;PASSENGER CAR;PASSENGER CAR
34000;.1 MILES FROM SR 3977;NO SPECIAL FEATURE;STRAIGHT,LEVEL;STATE SECONDARY ROUTE;TWO-WAY,DIVIDED,POSITIVE MEDIAN BARRIER;COARSE ASPHALT;WET;DAYLIGHT;RAIN;NO CONTROL PRESENT;;;-78.7763;35.7573;;;0;0;5;;NONE;;LYING AND/OR ILLEGALLY IN ROADWAY;;VAN;PASSENGER CAR;;;;NO;11371;2018-05-19;1:23:22 PM;2018-05-19T17:23:22+00:00;;2018;No;No;5;NONE;NONE,LYING AND/OR ILLEGALLY IN ROADWAY;NONE,LYING AND/OR ILLEGALLY IN ROADWAY;VAN,PASSENGER CAR;VAN,PASSENGER CAR;VAN,PASSENGER CAR;VAN,PASSENGER CAR
21498;325 FEET FROM BARGATE DR;NO SPECIAL FEATURE;STRAIGHT,LEVEL;LOCAL STREET;TWO-WAY,NOT DIVIDED;SMOOTH ASPHALT;DRY;DAYLIGHT;CLEAR;NO CONTROL PRESENT;35.764686888;-78.78860257;-78.789365;35.766209;P039;115;0;0;2;;NONE;;NONE;;PASSENGER CAR;PASSENGER CAR;;;;NO;881;2016-03-16;12:29 PM;2016-03-16T16:29:00+00:00;35.764686888, -78.78860257;2016;No;No;3;NONE;NONE,NONE;NONE,NONE;PASSENGER CAR,PASSENGER CAR;PASSENGER CAR,PASSENGER CAR;PASSENGER CAR,PASSENGER CAR;PASSENGER CAR,PASSENGER CAR
34004;60 FEET FROM 4010 CONVENIECE LN PVA;NO SPECIAL FEATURE;STRAIGHT,LEVEL;PUBLIC VEHICULAR AREA;TWO-WAY,NOT DIVIDED;CONCRETE;DRY;DAYLIGHT;CLEAR;NO CONTROL PRESENT;;;-78.8951;35.8603;;;0;0;;;;;NONE;;SPORT UTILITY;LIGHT TRUCK (MINI-VAN- PANEL);;;;NO;11375;2018-05-16;5:27:21 PM;2018-05-16T21:27:21+00:00;;2018;No;No;5;;NONE;NONE;SPORT UTILITY,LIGHT TRUCK (MINI-VAN- PANEL);SPORT UTILITY,LIGHT TRUCK (MINI-VAN- PANEL);SPORT UTILITY,LIGHT TRUCK (MINI-VAN- PANEL);SPORT UTILITY,LIGHT TRUCK (MINI-VAN- PANEL)
21499;100 FEET FROM SR 1613 (DAVIS DR.);NO SPECIAL FEATURE;STRAIGHT,GRADE;STATE SECONDARY ROUTE;TWO-WAY,DIVIDED,UNPROTECTED MEDIAN;SMOOTH ASPHALT;DRY;DAYLIGHT;CLEAR;STOP AND GO SIGNAL;;;;;;;0;0;;;NONE;;NONE;;PASSENGER CAR;SPORT UTILITY;;;;NO;882;2016-03-15;5:45:03 PM;2016-03-15T21:45:03+00:00;;2016;No;No;3;NONE;NONE,NONE;NONE,NONE;PASSENGER CAR,SPORT UTILITY;PASSENGER CAR,SPORT UTILITY;PASSENGER CAR,SPORT UTILITY;PASSENGER CAR,SPORT UTILITY
34008;15 FEET FROM P.V.A. (5801 TRYON RD);NO SPECIAL FEATURE;STRAIGHT,LEVEL;PUBLIC VEHICULAR AREA;TWO-WAY,NOT DIVIDED;SMOOTH ASPHALT;DRY;DAYLIGHT;CLEAR;NO CONTROL PRESENT;;;-78.738606;35.745136;;;0;0;1;;;;NONE;;SPORT UTILITY;;;;;NO;11379;2018-05-18;6:31:44 PM;2018-05-18T22:31:44+00:00;;2018;No;No;5;;NONE;NONE;SPORT UTILITY;SPORT UTILITY;SPORT UTILITY;SPORT UTILITY
21512;195 FEET FROM SR 1747 (NE MAYNARD RD);NO SPECIAL FEATURE;STRAIGHT,LEVEL;STATE SECONDARY ROUTE;TWO-WAY,DIVIDED,UNPROTECTED MEDIAN;SMOOTH ASPHALT;DRY;DAYLIGHT;CLEAR;NO CONTROL PRESENT;35.795131097;-78.76344038;-78.76521;35.797892;P034;113;0;0;2;;NONE;;NONE;;PASSENGER CAR;SPORT UTILITY;PASSENGER CAR;;;CONSTRUCTION WORK AREA;894;2016-03-16;5:11:18 PM;2016-03-16T21:11:18+00:00;35.795131097, -78.76344038;2016;No;No;3;NONE;NONE,NONE;NONE,NONE;PASSENGER CAR,SPORT UTILITY;PASSENGER CAR,SPORT UTILITY,PASSENGER CAR;PASSENGER CAR,SPORT UTILITY,PASSENGER CAR;PASSENGER CAR,SPORT UTILITY,PASSENGER CAR
34010;75 FEET FROM CORK HARBOR DR.;NO SPECIAL FEATURE;STRAIGHT,LEVEL;LOCAL STREET;TWO-WAY,NOT DIVIDED;SMOOTH ASPHALT;WET;DARK - ROADWAY NOT LIGHTED;RAIN;NO CONTROL PRESENT;;;-78.80231;35.7577227;;;0;0;;;NONE;;NONE;;PASSENGER CAR;SPORT UTILITY;;;;NO;11381;2018-05-18;9:32:05 PM;2018-05-19T01:32:05+00:00;;2018;No;No;5;NONE;NONE,NONE;NONE,NONE;PASSENGER CAR,SPORT UTILITY;PASSENGER CAR,SPORT UTILITY;PASSENGER CAR,SPORT UTILITY;PASSENGER CAR,SPORT UTILITY
21518;400 FEET FROM PVA AT 3430 TEN TEN RD;NO SPECIAL FEATURE;STRAIGHT,LEVEL;PUBLIC VEHICULAR AREA;TWO-WAY,NOT DIVIDED;SMOOTH ASPHALT;DRY;DAYLIGHT;CLEAR;NO CONTROL PRESENT;;;-78.793011;35.701857;;;0;0;;;;;NONE;;PICKUP;PICKUP;SPORT UTILITY;;;NO;900;2016-03-16;5:23:10 PM;2016-03-16T21:23:10+00:00;;2016;No;No;3;;NONE;NONE;PICKUP,PICKUP;PICKUP,PICKUP,SPORT UTILITY;PICKUP,PICKUP,SPORT UTILITY;PICKUP,PICKUP,SPORT UTILITY
34016;225 FEET FROM TRYON VILLAGE DR.;DRIVEWAY, PUBLIC;STRAIGHT,LEVEL;PUBLIC VEHICULAR AREA;ONE-WAY,NOT DIVIDED;SMOOTH ASPHALT;DRY;DAYLIGHT;CLOUDY;NO CONTROL PRESENT;35.746835352;-78.74580508;-78.744869;35.746685;P046;118;0;0;3;;NONE;;NONE;;PASSENGER CAR;PASSENGER CAR;;;;NO;11387;2018-05-20;10:32 AM;2018-05-20T14:32:00+00:00;35.746835352, -78.74580508;2018;No;No;5;NONE;NONE,NONE;NONE,NONE;PASSENGER CAR,PASSENGER CAR;PASSENGER CAR,PASSENGER CAR;PASSENGER CAR,PASSENGER CAR;PASSENGER CAR,PASSENGER CAR
21521;90 FEET FROM P.V.A. 1363 SR 1415 (SE MAYNAR;NO SPECIAL FEATURE;STRAIGHT,LEVEL;PUBLIC VEHICULAR AREA;TWO-WAY,NOT DIVIDED;SMOOTH ASPHALT;;DAYLIGHT;CLEAR;NO CONTROL PRESENT;;;-78.7643;35.7881;;;0;0;2;;NONE;;NONE;;PASSENGER CAR;;;;;NO;903;2016-03-16;12:51 PM;2016-03-16T16:51:00+00:00;;2016;No;No;3;NONE;NONE,NONE;NONE,NONE;PASSENGER CAR;PASSENGER CAR;PASSENGER CAR;PASSENGER CAR
34017;0 FEET FROM SR 1628 (OKELLY CHAPEL RD);RELATED TO INTERSECTION;STRAIGHT,LEVEL;STATE SECONDARY ROUTE;TWO-WAY,NOT DIVIDED;SMOOTH ASPHALT;DRY;DARK - LIGHTED ROADWAY;CLEAR;STOP AND GO SIGNAL;;;-78.909645;35.843159;;;0;0;;;NONE;;NONE;;PASSENGER CAR;PASSENGER CAR;;;;NO;11388;2018-05-20;9:48:02 PM;2018-05-21T01:48:02+00:00;;2018;No;No;5;NONE;NONE,NONE;NONE,NONE;PASSENGER CAR,PASSENGER CAR;PASSENGER CAR,PASSENGER CAR;PASSENGER CAR,PASSENGER CAR;PASSENGER CAR,PASSENGER CAR
21523;10 FEET FROM DRIVEWAY 430 PLANKBRIDGE WAY;DRIVEWAY, PRIVATE;STRAIGHT,LEVEL;PRIVATE ROAD,DRIVEWAY;ONE-WAY,NOT DIVIDED;SMOOTH ASPHALT;DRY;DAYLIGHT;CLEAR;NO CONTROL PRESENT;;;;;;;0;0;;;NONE;;NONE;;PICKUP;PASSENGER CAR;;;;NO;905;2016-03-16;9:38:44 AM;2016-03-16T13:38:44+00:00;;2016;No;No;3;NONE;NONE,NONE;NONE,NONE;PICKUP,PASSENGER CAR;PICKUP,PASSENGER CAR;PICKUP,PASSENGER CAR;PICKUP,PASSENGER CAR
34027;30 FEET FROM SR1300 (KILDAIRE FARM RD);NO SPECIAL FEATURE;STRAIGHT,LEVEL;STATE SECONDARY ROUTE;TWO-WAY,DIVIDED,UNPROTECTED MEDIAN;SMOOTH ASPHALT;DRY;DAYLIGHT;CLOUDY;NO CONTROL PRESENT;;;-78.794398;35.702844;;;0;0;;;NONE;;NONE;;VAN;SPORT UTILITY;;;;NO;11398;2018-05-21;8:20:08 PM;2018-05-22T00:20:08+00:00;;2018;No;No;5;NONE;NONE,NONE;NONE,NONE;VAN,SPORT UTILITY;VAN,SPORT UTILITY;VAN,SPORT UTILITY;VAN,SPORT UTILITY
21524;CARY;FOUR-WAY INTERSECTION;STRAIGHT,LEVEL;STATE SECONDARY ROUTE;TWO-WAY,NOT DIVIDED;SMOOTH ASPHALT;DRY;DAYLIGHT;CLEAR;STOP AND GO SIGNAL;35.813564277;-78.8480689;;;P079;121;0;0;;;NONE;;NONE;;PASSENGER CAR;;;;;NO;906;2016-03-16;8:44:19 AM;2016-03-16T12:44:19+00:00;35.813564277, -78.8480689;2016;No;No;3;NONE;NONE,NONE;NONE,NONE;PASSENGER CAR;PASSENGER CAR;PASSENGER CAR;PASSENGER CAR
34029;150 FEET FROM SR 1652 (N HARRISON AV);NO SPECIAL FEATURE;STRAIGHT,LEVEL;STATE SECONDARY ROUTE;TWO-WAY,NOT DIVIDED;SMOOTH ASPHALT;WET;DAYLIGHT;CLOUDY;DOUBLE YELLOW LINE, NO PASSING ZONE;;;-78.7687;35.8294;;;0;0;;;NONE;;NONE;;PICKUP;PASSENGER CAR;;;;NO;11400;2018-05-21;4:21:59 PM;2018-05-21T20:21:59+00:00;;2018;No;No;5;NONE;NONE,NONE;NONE,NONE;PICKUP,PASSENGER CAR;PICKUP,PASSENGER CAR;PICKUP,PASSENGER CAR;PICKUP,PASSENGER CAR
21527;CARY;NO SPECIAL FEATURE;STRAIGHT,LEVEL;LOCAL STREET;TWO-WAY,NOT DIVIDED;SMOOTH ASPHALT;DRY;DAYLIGHT;CLEAR;NO CONTROL PRESENT;35.732939108;-78.77916279;-78.7698;35.6935;;;0;1;3;;NONE;;NONE;;SPORT UTILITY;;;;;NO;909;2016-03-17;11:59 AM;2016-03-17T15:59:00+00:00;35.732939108, -78.77916279;2016;No;Yes;3;NONE;NONE,NONE;NONE,NONE;SPORT UTILITY;SPORT UTILITY;SPORT UTILITY;SPORT UTILITY
34033;50 FEET FROM TEACHING DR;NO SPECIAL FEATURE;STRAIGHT,LEVEL;LOCAL STREET;TWO-WAY,NOT DIVIDED;SMOOTH ASPHALT;DRY;DAYLIGHT;CLOUDY;NO CONTROL PRESENT;;;-78.8978;35.848;;;0;0;1;;NONE;;NONE;;PASSENGER CAR;;;;;NO;11404;2018-05-21;2:13:01 AM;2018-05-21T06:13:01+00:00;;2018;No;No;5;NONE;NONE,NONE;NONE,NONE;PASSENGER CAR;PASSENGER CAR;PASSENGER CAR;PASSENGER CAR
21543;50 FEET FROM (SR 1313) WALNUT ST;NO SPECIAL FEATURE;STRAIGHT,LEVEL;STATE SECONDARY ROUTE;TWO-WAY,NOT DIVIDED;SMOOTH ASPHALT;DRY;DARK - LIGHTED ROADWAY;CLEAR;STOP SIGN;;;-78.778533;35.78247;;;0;2;2;;;;NONE;;PASSENGER CAR;PASSENGER CAR;PASSENGER CAR;;;NO;925;2016-03-19;11:55 PM;2016-03-20T03:55:00+00:00;;2016;No;Yes;3;;NONE;NONE;PASSENGER CAR,PASSENGER CAR;PASSENGER CAR,PASSENGER CAR,PASSENGER CAR;PASSENGER CAR,PASSENGER CAR,PASSENGER CAR;PASSENGER CAR,PASSENGER CAR,PASSENGER CAR
34034;100 FEET FROM P.V.A. (885 WALNUT ST);NO SPECIAL FEATURE;STRAIGHT,LEVEL;PUBLIC VEHICULAR AREA;TWO-WAY,NOT DIVIDED;SMOOTH ASPHALT;DRY;DAYLIGHT;CLEAR;NO CONTROL PRESENT;;;-78.7652;35.7747;;;0;0;;;NONE;;NONE;;PASSENGER CAR;PASSENGER CAR;;;;NO;11405;2018-05-22;10:38 AM;2018-05-22T14:38:00+00:00;;2018;No;No;5;NONE;NONE,NONE;NONE,NONE;PASSENGER CAR,PASSENGER CAR;PASSENGER CAR,PASSENGER CAR;PASSENGER CAR,PASSENGER CAR;PASSENGER CAR,PASSENGER CAR
21548;250 FEET FROM P.V.A. (1105 WALNUT ST);DRIVEWAY, PUBLIC;STRAIGHT,LEVEL;PUBLIC VEHICULAR AREA;ONE-WAY,NOT DIVIDED;SMOOTH ASPHALT;DRY;DAYLIGHT;CLOUDY;NO CONTROL PRESENT;;;-78.763;35.7739;;120;0;0;;;NONE;;NONE;;PASSENGER CAR;SPORT UTILITY;;;;NO;930;2016-03-20;1:12:09 PM;2016-03-20T17:12:09+00:00;;2016;No;No;3;NONE;NONE,NONE;NONE,NONE;PASSENGER CAR,SPORT UTILITY;PASSENGER CAR,SPORT UTILITY;PASSENGER CAR,SPORT UTILITY;PASSENGER CAR,SPORT UTILITY
34038;CARY;T-INTERSECTION;STRAIGHT,LEVEL;STATE SECONDARY ROUTE;TWO-WAY,NOT DIVIDED;SMOOTH ASPHALT;DRY;DAYLIGHT;CLEAR;STOP SIGN;;;-78.7885;35.7928;;111;0;0;;;NONE;;NONE;;VAN;PASSENGER CAR;;;;NO;11409;2018-05-22;7:02:03 PM;2018-05-22T23:02:03+00:00;;2018;No;No;5;NONE;NONE,NONE;NONE,NONE;VAN,PASSENGER CAR;VAN,PASSENGER CAR;VAN,PASSENGER CAR;VAN,PASSENGER CAR