tamainid;location_description;rdfeature;rdcharacter;rdclass;rdconfigur;rdsurface;rdcondition;lightcond;weather;trafcontrl;lat;lon;lon2;lat2;tract;zone;fatality;possblinj;numpassengers;numpedestrians;contrcir1_desc;contrcir2_desc;contrcir3_desc;contrcir4_desc;vehicle1;vehicle2;vehicle3;vehicle4;vehicle5;workarea;records;ta_date;ta_time;crash_date;geo_location;year;fatalities;injuries;month;contrfact1;contrfact2;contributing_factor;vehicleconcat1;vehicleconcat2;vehicleconcat3;vehicle_type
21633;.08 MILES FROM US 64 HWY;NO SPECIAL FEATURE;STRAIGHT,LEVEL;US ROUTE;TWO-WAY,DIVIDED,UNPROTECTED MEDIAN;SMOOTH ASPHALT;DRY;DAYLIGHT;CLEAR;STOP AND GO SIGNAL;35.741494418;-78.80972316;-78.81249;35.742146;P041;116;0;1;;;NONE;;NONE;;PASSENGER CAR;PASSENGER CAR;PASSENGER CAR;;;NO;1015;2016-03-23;7:32:26 AM;2016-03-23T11:32:26+00:00;35.741494418, -78.80972316;2016;No;Yes;3;NONE;NONE,NONE;NONE,NONE;PASSENGER CAR,PASSENGER CAR;PASSENGER CAR,PASSENGER CAR,PASSENGER CAR;PASSENGER CAR,PASSENGER CAR,PASSENGER CAR;PASSENGER CAR,PASSENGER CAR,PASSENGER CAR
34143;165 FEET FROM 4000 GLENAIRE CIR (PVA);NO SPECIAL FEATURE;STRAIGHT,LEVEL;PUBLIC VEHICULAR AREA;TWO-WAY,NOT DIVIDED;SMOOTH ASPHALT;DRY;DAYLIGHT;CLOUDY;NO CONTROL PRESENT;35.775207213;-78.78507064;-78.7853;35.7757;P036;114;0;0;1;;;;NONE;;SPORT UTILITY;SPORT UTILITY;;;;NO;11514;2018-05-30;3:31:33 PM;2018-05-30T19:31:33+00:00;35.775207213, -78.78507064;2018;No;No;5;;NONE;NONE;SPORT UTILITY,SPORT UTILITY;SPORT UTILITY,SPORT UTILITY;SPORT UTILITY,SPORT UTILITY;SPORT UTILITY,SPORT UTILITY
21636;445 FEET FROM PVA (423 CROSSROADS BLVD);DRIVEWAY, PUBLIC;STRAIGHT,GRADE;PUBLIC VEHICULAR AREA;TWO-WAY,NOT DIVIDED;SMOOTH ASPHALT;DRY;DAYLIGHT;CLEAR;NO CONTROL PRESENT;;;-78.7368;35.7612;;;0;0;;;;;NONE;;SPORT UTILITY;SPORT UTILITY;;;;NO;1018;2016-03-24;4:20:54 PM;2016-03-24T20:20:54+00:00;;2016;No;No;3;;NONE;NONE;SPORT UTILITY,SPORT UTILITY;SPORT UTILITY,SPORT UTILITY;SPORT UTILITY,SPORT UTILITY;SPORT UTILITY,SPORT UTILITY
34145;.1 MILES FROM SR-3081 CHAPEL HILL RD;NO SPECIAL FEATURE;STRAIGHT,LEVEL;STATE SECONDARY ROUTE;TWO-WAY,NOT DIVIDED;SMOOTH ASPHALT;DRY;DAYLIGHT;CLOUDY;NO CONTROL PRESENT;;;-78.7793;35.7915;;;0;0;;;NONE;;NONE;;PASSENGER CAR;PASSENGER CAR;;;;NO;11516;2018-05-30;6:50:53 PM;2018-05-30T22:50:53+00:00;;2018;No;No;5;NONE;NONE,NONE;NONE,NONE;PASSENGER CAR,PASSENGER CAR;PASSENGER CAR,PASSENGER CAR;PASSENGER CAR,PASSENGER CAR;PASSENGER CAR,PASSENGER CAR
21639;390 FEET FROM PVA (1020 BRADFORD PLAZA WAY);NO SPECIAL FEATURE;STRAIGHT,LEVEL;PUBLIC VEHICULAR AREA;ONE-WAY,NOT DIVIDED;SMOOTH ASPHALT;DRY;DAYLIGHT;CLEAR;STOP SIGN;;;-78.8456;35.7929;;;0;0;;;NONE;;NONE;;PASSENGER CAR;PASSENGER CAR;;;;NO;1021;2016-03-26;10:06 AM;2016-03-26T14:06:00+00:00;;2016;No;No;3;NONE;NONE,NONE;NONE,NONE;PASSENGER CAR,PASSENGER CAR;PASSENGER CAR,PASSENGER CAR;PASSENGER CAR,PASSENGER CAR;PASSENGER CAR,PASSENGER CAR
34151;400 FEET FROM SR1615 (HIGH HOUSE RD);NO SPECIAL FEATURE;STRAIGHT,GRADE;STATE SECONDARY ROUTE;TWO-WAY,NOT DIVIDED;SMOOTH ASPHALT;DRY;DAYLIGHT;CLOUDY;NO CONTROL PRESENT;;;-78.84;35.79;;;0;0;1;;NONE;;NONE;;PASSENGER CAR;PASSENGER CAR;;;;NO;11522;2018-05-30;1:49:33 PM;2018-05-30T17:49:33+00:00;;2018;No;No;5;NONE;NONE,NONE;NONE,NONE;PASSENGER CAR,PASSENGER CAR;PASSENGER CAR,PASSENGER CAR;PASSENGER CAR,PASSENGER CAR;PASSENGER CAR,PASSENGER CAR
21653;320 FEET FROM PVA OF 2031 WALNUT ST;NO SPECIAL FEATURE;STRAIGHT,LEVEL;PUBLIC VEHICULAR AREA;TWO-WAY,NOT DIVIDED;SMOOTH ASPHALT;DRY;DAYLIGHT;CLEAR;NO CONTROL PRESENT;;;-78.7397;35.7561;;;0;0;;;;;NONE;;UNKNOWN;SPORT UTILITY;;;;NO;1035;2016-03-28;6:59:37 PM;2016-03-28T22:59:37+00:00;;2016;No;No;3;;NONE;NONE;UNKNOWN,SPORT UTILITY;UNKNOWN,SPORT UTILITY;UNKNOWN,SPORT UTILITY;UNKNOWN,SPORT UTILITY
34152;CARY;FOUR-WAY INTERSECTION;STRAIGHT,LEVEL;LOCAL STREET;TWO-WAY,NOT DIVIDED;SMOOTH ASPHALT;DRY;DAYLIGHT;CLOUDY;STOP SIGN;;;-78.7875;35.7799;;;0;1;;;NONE;;NONE;;PICKUP;PASSENGER CAR;;;;NO;11523;2018-05-31;6:53:34 PM;2018-05-31T22:53:34+00:00;;2018;No;Yes;5;NONE;NONE,NONE;NONE,NONE;PICKUP,PASSENGER CAR;PICKUP,PASSENGER CAR;PICKUP,PASSENGER CAR;PICKUP,PASSENGER CAR
21655;200 FEET FROM P.V.A. WALMART;NO SPECIAL FEATURE;STRAIGHT,GRADE;PUBLIC VEHICULAR AREA;TWO-WAY,NOT DIVIDED;SMOOTH ASPHALT;WET;DAYLIGHT;RAIN;NO CONTROL PRESENT;;;-78.782;35.7372;;;0;0;;;NONE;;NONE;;UNKNOWN;VAN;;;;NO;1037;2016-03-28;12:25 PM;2016-03-28T16:25:00+00:00;;2016;No;No;3;NONE;NONE,NONE;NONE,NONE;UNKNOWN,VAN;UNKNOWN,VAN;UNKNOWN,VAN;UNKNOWN,VAN
34153;300 FEET FROM PVA (2350 WALNUT ST.);DRIVEWAY, PUBLIC;STRAIGHT,LEVEL;PUBLIC VEHICULAR AREA;TWO-WAY,NOT DIVIDED;SMOOTH ASPHALT;DRY;DARK - LIGHTED ROADWAY;CLEAR;NO CONTROL PRESENT;;;-78.745579;35.7545604;;;0;0;;;NONE;;NONE;;PASSENGER CAR;SPORT UTILITY;;;;NO;11524;2018-05-31;9:16:14 PM;2018-06-01T01:16:14+00:00;;2018;No;No;5;NONE;NONE,NONE;NONE,NONE;PASSENGER CAR,SPORT UTILITY;PASSENGER CAR,SPORT UTILITY;PASSENGER CAR,SPORT UTILITY;PASSENGER CAR,SPORT UTILITY
21668;10 FEET FROM SR 1300 (KILDAIRE FARM RD.);FOUR-WAY INTERSECTION;STRAIGHT,LEVEL;STATE SECONDARY ROUTE;TWO-WAY,NOT DIVIDED;SMOOTH ASPHALT;DRY;DAYLIGHT;CLEAR;STOP AND GO SIGNAL;;;-78.7833;35.7603;;112;0;0;4;;NONE;;NONE;;TAXICAB;SPORT UTILITY;SPORT UTILITY;PASSENGER CAR;PASSENGER CAR;NO;1050;2016-03-29;5:13:37 PM;2016-03-29T21:13:37+00:00;;2016;No;No;3;NONE;NONE,NONE;NONE,NONE;TAXICAB,SPORT UTILITY;TAXICAB,SPORT UTILITY,SPORT UTILITY;TAXICAB,SPORT UTILITY,SPORT UTILITY,PASSENGER CAR;TAXICAB,SPORT UTILITY,SPORT UTILITY,PASSENGER CAR,PASSENGER CAR
34159;200 FEET FROM SW CARY PKWY;NO SPECIAL FEATURE;STRAIGHT,LEVEL;LOCAL STREET;TWO-WAY,DIVIDED,POSITIVE MEDIAN BARRIER;SMOOTH ASPHALT;DRY;DAYLIGHT;CLEAR;NO CONTROL PRESENT;35.757663261;-78.78451937;-78.8314;35.7875;P006;115;0;0;;;NONE;;NONE;;PASSENGER CAR;;;;;NO;11530;2018-05-31;10:04 AM;2018-05-31T14:04:00+00:00;35.757663261, -78.78451937;2018;No;No;5;NONE;NONE,NONE;NONE,NONE;PASSENGER CAR;PASSENGER CAR;PASSENGER CAR;PASSENGER CAR
21671;100 FEET FROM SW CARY PKWY SR 3977;NO SPECIAL FEATURE;STRAIGHT,LEVEL;STATE SECONDARY ROUTE;TWO-WAY,DIVIDED,UNPROTECTED MEDIAN;SMOOTH ASPHALT;DRY;DAYLIGHT;CLEAR;NO CONTROL PRESENT;35.764057822;-78.82289171;-78.8231;35.7635;P009;117;0;0;2;;NONE;;NONE;;SPORT UTILITY;SPORT UTILITY;;;;NO;1053;2016-03-31;3:03:23 PM;2016-03-31T19:03:23+00:00;35.764057822, -78.82289171;2016;No;No;3;NONE;NONE,NONE;NONE,NONE;SPORT UTILITY,SPORT UTILITY;SPORT UTILITY,SPORT UTILITY;SPORT UTILITY,SPORT UTILITY;SPORT UTILITY,SPORT UTILITY
34160;.11 MILES FROM PVA (1105 WALNUT ST);DRIVEWAY, PUBLIC;STRAIGHT,LEVEL;PUBLIC VEHICULAR AREA;TWO-WAY,NOT DIVIDED;SMOOTH ASPHALT;DRY;DAYLIGHT;CLEAR;NO CONTROL PRESENT;;;-78.7612;35.7717;;120;0;0;;;NONE;;NONE;;SPORT UTILITY;PASSENGER CAR;;;;NO;11531;2018-06-01;12:19 PM;2018-06-01T16:19:00+00:00;;2018;No;No;6;NONE;NONE,NONE;NONE,NONE;SPORT UTILITY,PASSENGER CAR;SPORT UTILITY,PASSENGER CAR;SPORT UTILITY,PASSENGER CAR;SPORT UTILITY,PASSENGER CAR
21684;200 FEET FROM P.V.A. (CROSSROADS);NO SPECIAL FEATURE;STRAIGHT,LEVEL;PUBLIC VEHICULAR AREA;TWO-WAY,NOT DIVIDED;SMOOTH ASPHALT;DRY;DAYLIGHT;CLEAR;NO CONTROL PRESENT;;;-78.7377;35.7597;;;0;0;1;;NONE;;NONE;;PASSENGER CAR;PASSENGER CAR;;;;NO;1066;2016-04-02;4:42:07 PM;2016-04-02T20:42:07+00:00;;2016;No;No;4;NONE;NONE,NONE;NONE,NONE;PASSENGER CAR,PASSENGER CAR;PASSENGER CAR,PASSENGER CAR;PASSENGER CAR,PASSENGER CAR;PASSENGER CAR,PASSENGER CAR
34161;CARY;DRIVEWAY, PUBLIC;STRAIGHT,LEVEL;PUBLIC VEHICULAR AREA;TWO-WAY,NOT DIVIDED;SMOOTH ASPHALT;DRY;DAYLIGHT;CLOUDY;NO CONTROL PRESENT;;;-78.7362;35.761;;;0;0;;;NONE;;NONE;;PASSENGER CAR;PASSENGER CAR;;;;NO;11532;2018-05-31;12:30 PM;2018-05-31T16:30:00+00:00;;2018;No;No;5;NONE;NONE,NONE;NONE,NONE;PASSENGER CAR,PASSENGER CAR;PASSENGER CAR,PASSENGER CAR;PASSENGER CAR,PASSENGER CAR;PASSENGER CAR,PASSENGER CAR
21690;.28 MILES FROM US 1 EXIT 98 RAMP SB;OFF-RAMP PROPER;CURVE,GRADE;STATE SECONDARY ROUTE;ONE-WAY,NOT DIVIDED;SMOOTH ASPHALT;DRY;DAYLIGHT;CLEAR;STOP AND GO SIGNAL;35.739288861;-78.78940012;-78.7947;35.738;P042;115;0;1;2;;NONE;;NONE;;PASSENGER CAR;PASSENGER CAR;;;;NO;1072;2016-04-02;4:02:54 PM;2016-04-02T20:02:54+00:00;35.739288861, -78.78940012;2016;No;Yes;4;NONE;NONE,NONE;NONE,NONE;PASSENGER CAR,PASSENGER CAR;PASSENGER CAR,PASSENGER CAR;PASSENGER CAR,PASSENGER CAR;PASSENGER CAR,PASSENGER CAR
34167;CARY;;;;;;;;;;;;;;;;0;0;;;;;;;;;;;;;11538;2018-06-02;10:10 AM;2018-06-02T14:10:00+00:00;;2018;No;No;6;;;;;;;
21693;NEAR .10 MILES S OF S SR-1152 (HOLLY SPRINGS RD);NO SPECIAL FEATURE;CURVE,LEVEL;STATE SECONDARY ROUTE;TWO-WAY,NOT DIVIDED;SMOOTH ASPHALT;DRY;DARK - ROADWAY NOT LIGHTED;CLEAR;NO CONTROL PRESENT;;;-78.7622;35.7067;;;0;1;;;;;NONE;;SPORT UTILITY;;;;;NO;1075;2016-04-03;9:23:41 PM;2016-04-04T01:23:41+00:00;;2016;No;Yes;4;;NONE;NONE;SPORT UTILITY;SPORT UTILITY;SPORT UTILITY;SPORT UTILITY
34171;.2 MILES FROM PVA OF 2360 WALNUT ST (CENTRUM;FOUR-WAY INTERSECTION;STRAIGHT,LEVEL;PUBLIC VEHICULAR AREA;TWO-WAY,NOT DIVIDED;COARSE ASPHALT;DRY;DAYLIGHT;CLEAR;STOP SIGN;;;-78.7429;35.754;;;0;1;;;NONE;;NONE;;SPORT UTILITY;SPORT UTILITY;;;;NO;11542;2018-06-03;4:36:21 PM;2018-06-03T20:36:21+00:00;;2018;No;Yes;6;NONE;NONE,NONE;NONE,NONE;SPORT UTILITY,SPORT UTILITY;SPORT UTILITY,SPORT UTILITY;SPORT UTILITY,SPORT UTILITY;SPORT UTILITY,SPORT UTILITY
21696;0 FEET FROM SW CARY PKWY SR 3977;FOUR-WAY INTERSECTION;STRAIGHT,LEVEL;STATE SECONDARY ROUTE;TWO-WAY,DIVIDED,UNPROTECTED MEDIAN;SMOOTH ASPHALT;DRY;DAYLIGHT;CLEAR;STOP AND GO SIGNAL;35.782583635;-78.83651872;-78.8402;35.7806;P018;117;0;0;;;NONE;;NONE;;PASSENGER CAR;PASSENGER CAR;;;;NO;1078;2016-04-01;1:52:11 PM;2016-04-01T17:52:11+00:00;35.782583635, -78.83651872;2016;No;No;4;NONE;NONE,NONE;NONE,NONE;PASSENGER CAR,PASSENGER CAR;PASSENGER CAR,PASSENGER CAR;PASSENGER CAR,PASSENGER CAR;PASSENGER CAR,PASSENGER CAR
34178;100 FEET FROM SR 1617 (CARPENTER UPCHURCH RD;NO SPECIAL FEATURE;STRAIGHT,LEVEL;STATE SECONDARY ROUTE;TWO-WAY,DIVIDED,UNPROTECTED MEDIAN;SMOOTH ASPHALT;DRY;DAYLIGHT;CLEAR;NO CONTROL PRESENT;;;-78.8677;35.7995;;;0;0;1;;NONE;;NONE;;LIGHT TRUCK (MINI-VAN- PANEL);SPORT UTILITY;PASSENGER CAR;;;NO;11549;2018-06-01;7:20:38 AM;2018-06-01T11:20:38+00:00;;2018;No;No;6;NONE;NONE,NONE;NONE,NONE;LIGHT TRUCK (MINI-VAN- PANEL),SPORT UTILITY;LIGHT TRUCK (MINI-VAN- PANEL),SPORT UTILITY,PASSENGER CAR;LIGHT TRUCK (MINI-VAN- PANEL),SPORT UTILITY,PASSENGER CAR;LIGHT TRUCK (MINI-VAN- PANEL),SPORT UTILITY,PASSENGER CAR
21700;10 FEET FROM S WALKER ST;RELATED TO INTERSECTION;STRAIGHT,LEVEL;LOCAL STREET;TWO-WAY,NOT DIVIDED;SMOOTH ASPHALT;DRY;DAYLIGHT;CLOUDY;STOP SIGN;35.782511773;-78.77853098;-78.7785;35.7825;P059;120;0;0;2;;;;NONE;;PASSENGER CAR;SPORT UTILITY;;;;NO;1082;2016-04-01;2:16:57 PM;2016-04-01T18:16:57+00:00;35.782511773, -78.77853098;2016;No;No;4;;NONE;NONE;PASSENGER CAR,SPORT UTILITY;PASSENGER CAR,SPORT UTILITY;PASSENGER CAR,SPORT UTILITY;PASSENGER CAR,SPORT UTILITY
34179;50 FEET FROM SR 1300 (KILDAIRE FARM RD);RELATED TO INTERSECTION;STRAIGHT,LEVEL;STATE SECONDARY ROUTE;TWO-WAY,DIVIDED,UNPROTECTED MEDIAN;SMOOTH ASPHALT;DRY;DAYLIGHT;CLEAR;STOP AND GO SIGNAL;;;-78.794434;35.703623;;;0;0;1;;NONE;;NONE;;SPORT UTILITY;SPORT UTILITY;;;;NO;11550;2018-06-02;11:01 AM;2018-06-02T15:01:00+00:00;;2018;No;No;6;NONE;NONE,NONE;NONE,NONE;SPORT UTILITY,SPORT UTILITY;SPORT UTILITY,SPORT UTILITY;SPORT UTILITY,SPORT UTILITY;SPORT UTILITY,SPORT UTILITY
21704;1 FEET FROM SR 1313 (WALNUT ST;BRIDGE;STRAIGHT,LEVEL;STATE SECONDARY ROUTE;TWO-WAY,NOT DIVIDED;SMOOTH ASPHALT;DRY;DAYLIGHT;CLEAR;NO CONTROL PRESENT;;;-78.745;35.762;;;0;0;;;NONE;;NONE;;PASSENGER CAR;PASSENGER CAR;;;;NO;1086;2016-03-31;12:00 AM;2016-03-31T04:00:00+00:00;;2016;No;No;3;NONE;NONE,NONE;NONE,NONE;PASSENGER CAR,PASSENGER CAR;PASSENGER CAR,PASSENGER CAR;PASSENGER CAR,PASSENGER CAR;PASSENGER CAR,PASSENGER CAR
34181;CARY;FOUR-WAY INTERSECTION;STRAIGHT,LEVEL;PUBLIC VEHICULAR AREA;TWO-WAY,DIVIDED,UNPROTECTED MEDIAN;SMOOTH ASPHALT;DRY;DAYLIGHT;CLEAR;STOP SIGN;;;-78.737348;35.760595;;;0;0;1;;NONE;;NONE;;SPORT UTILITY;PASSENGER CAR;;;;NO;11552;2018-06-02;3:03:15 PM;2018-06-02T19:03:15+00:00;;2018;No;No;6;NONE;NONE,NONE;NONE,NONE;SPORT UTILITY,PASSENGER CAR;SPORT UTILITY,PASSENGER CAR;SPORT UTILITY,PASSENGER CAR;SPORT UTILITY,PASSENGER CAR
21708;80 FEET FROM HWY 54;NO SPECIAL FEATURE;STRAIGHT,LEVEL;STATE SECONDARY ROUTE;TWO-WAY,NOT DIVIDED;SMOOTH ASPHALT;DRY;DAYLIGHT;CLEAR;NO CONTROL PRESENT;35.793504264;-78.78959619;-78.7894;35.7932;;;0;0;2;;NONE;;NONE;;SPORT UTILITY;SPORT UTILITY;;;;NO;1090;2016-04-02;5:39:38 PM;2016-04-02T21:39:38+00:00;35.793504264, -78.78959619;2016;No;No;4;NONE;NONE,NONE;NONE,NONE;SPORT UTILITY,SPORT UTILITY;SPORT UTILITY,SPORT UTILITY;SPORT UTILITY,SPORT UTILITY;SPORT UTILITY,SPORT UTILITY
34182;.2 MILES FROM HWY 64;NO SPECIAL FEATURE;STRAIGHT,GRADE;US ROUTE;TWO-WAY,DIVIDED,POSITIVE MEDIAN BARRIER;COARSE ASPHALT;DRY;DAYLIGHT;CLEAR;NO CONTROL PRESENT;;;-78.8155;35.7427;;;0;1;1;;NONE;;NONE;;LIGHT TRUCK (MINI-VAN- PANEL);PICKUP;PASSENGER CAR;;;NO;11553;2018-06-02;2:20:30 PM;2018-06-02T18:20:30+00:00;;2018;No;Yes;6;NONE;NONE,NONE;NONE,NONE;LIGHT TRUCK (MINI-VAN- PANEL),PICKUP;LIGHT TRUCK (MINI-VAN- PANEL),PICKUP,PASSENGER CAR;LIGHT TRUCK (MINI-VAN- PANEL),PICKUP,PASSENGER CAR;LIGHT TRUCK (MINI-VAN- PANEL),PICKUP,PASSENGER CAR
21713;50 FEET FROM CHAPELL HILL RD;DRIVEWAY, PRIVATE;STRAIGHT,LEVEL;LOCAL STREET;TWO-WAY,NOT DIVIDED;SMOOTH ASPHALT;DRY;DAYLIGHT;CLEAR;NO CONTROL PRESENT;35.793708817;-78.74867282;-78.78271;35.79174;P034;113;0;0;;;NONE;;NONE;;PASSENGER CAR;PASSENGER CAR;;;;NO;1095;2016-04-04;2:15:35 PM;2016-04-04T18:15:35+00:00;35.793708817, -78.74867282;2016;No;No;4;NONE;NONE,NONE;NONE,NONE;PASSENGER CAR,PASSENGER CAR;PASSENGER CAR,PASSENGER CAR;PASSENGER CAR,PASSENGER CAR;PASSENGER CAR,PASSENGER CAR
34185;25 FEET FROM P.V.A. OF 113 BRAMPTON LN;NO SPECIAL FEATURE;STRAIGHT,GRADE;PUBLIC VEHICULAR AREA;TWO-WAY,NOT DIVIDED;COARSE ASPHALT;DRY;DAYLIGHT;CLEAR;;;;-78.817011;35.773083;;117;0;0;;;;;NONE;;SINGLE UNIT TRUCK (2-AXLE- 6-TIRE);PASSENGER CAR;;;;NO;11556;2018-06-03;1:44:08 PM;2018-06-03T17:44:08+00:00;;2018;No;No;6;;NONE;NONE;SINGLE UNIT TRUCK (2-AXLE- 6-TIRE),PASSENGER CAR;SINGLE UNIT TRUCK (2-AXLE- 6-TIRE),PASSENGER CAR;SINGLE UNIT TRUCK (2-AXLE- 6-TIRE),PASSENGER CAR;SINGLE UNIT TRUCK (2-AXLE- 6-TIRE),PASSENGER CAR
21714;20 FEET FROM W CHATHAM ST;RELATED TO INTERSECTION;STRAIGHT,LEVEL;STATE SECONDARY ROUTE;TWO-WAY,DIVIDED,UNPROTECTED MEDIAN;SMOOTH ASPHALT;DRY;DARK - LIGHTED ROADWAY;CLEAR;STOP AND GO SIGNAL;35.786775486;-78.78803402;-78.7883;35.7868;P035;114;0;0;1;;NONE;;NONE;;PASSENGER CAR;PASSENGER CAR;;;;NO;1096;2016-04-04;9:42:32 PM;2016-04-05T01:42:32+00:00;35.786775486, -78.78803402;2016;No;No;4;NONE;NONE,NONE;NONE,NONE;PASSENGER CAR,PASSENGER CAR;PASSENGER CAR,PASSENGER CAR;PASSENGER CAR,PASSENGER CAR;PASSENGER CAR,PASSENGER CAR
34190;CARY;FOUR-WAY INTERSECTION;STRAIGHT,LEVEL;STATE SECONDARY ROUTE;TWO-WAY,DIVIDED,UNPROTECTED MEDIAN;COARSE ASPHALT;DRY;DAYLIGHT;CLEAR;STOP AND GO SIGNAL;;;-78.783165;35.757965;;;0;0;2;;NONE;;NONE;;PASSENGER CAR;PASSENGER CAR;;;;NO;11561;2018-06-03;5:19:30 PM;2018-06-03T21:19:30+00:00;;2018;No;No;6;NONE;NONE,NONE;NONE,NONE;PASSENGER CAR,PASSENGER CAR;PASSENGER CAR,PASSENGER CAR;PASSENGER CAR,PASSENGER CAR;PASSENGER CAR,PASSENGER CAR
21722;.12 MILES FROM SR 1615 (HIGH HOUSE RD);NO SPECIAL FEATURE;STRAIGHT,LEVEL;STATE SECONDARY ROUTE;TWO-WAY,DIVIDED,UNPROTECTED MEDIAN;COARSE ASPHALT;DRY;DAYLIGHT;CLOUDY;NO CONTROL PRESENT;;;-78.8328;35.7907;;;0;0;;;NONE;;NONE;;SPORT UTILITY;VAN;SPORT UTILITY;;;NO;1104;2016-04-05;8:16:36 AM;2016-04-05T12:16:36+00:00;;2016;No;No;4;NONE;NONE,NONE;NONE,NONE;SPORT UTILITY,VAN;SPORT UTILITY,VAN,SPORT UTILITY;SPORT UTILITY,VAN,SPORT UTILITY;SPORT UTILITY,VAN,SPORT UTILITY
34193;0 FEET FROM WESTON PKWY;FOUR-WAY INTERSECTION;STRAIGHT,LEVEL;LOCAL STREET;TWO-WAY,NOT DIVIDED;SMOOTH ASPHALT;DRY;DAYLIGHT;CLEAR;STOP AND GO SIGNAL;35.829396586;-78.77266668;-78.7728;35.8293;P029;111;0;0;1;;;;NONE;;SPORT UTILITY;PASSENGER CAR;;;;NO;11564;2018-06-01;3:41:05 PM;2018-06-01T19:41:05+00:00;35.829396586, -78.77266668;2018;No;No;6;;NONE;NONE;SPORT UTILITY,PASSENGER CAR;SPORT UTILITY,PASSENGER CAR;SPORT UTILITY,PASSENGER CAR;SPORT UTILITY,PASSENGER CAR
21724;.28 MILES FROM US 1 EXIT 98 RAMP SB;OFF-RAMP PROPER;CURVE,GRADE;STATE SECONDARY ROUTE;ONE-WAY,NOT DIVIDED;SMOOTH ASPHALT;DRY;DAYLIGHT;CLOUDY;STOP AND GO SIGNAL;35.739288861;-78.78940012;-78.796229;35.735348;P042;115;0;0;;;NONE;;NONE;;PASSENGER CAR;PASSENGER CAR;;;;NO;1106;2016-04-05;9:24:18 AM;2016-04-05T13:24:18+00:00;35.739288861, -78.78940012;2016;No;No;4;NONE;NONE,NONE;NONE,NONE;PASSENGER CAR,PASSENGER CAR;PASSENGER CAR,PASSENGER CAR;PASSENGER CAR,PASSENGER CAR;PASSENGER CAR,PASSENGER CAR
34194;.5 MILES FROM US1;NO SPECIAL FEATURE;STRAIGHT,LEVEL;US ROUTE;TWO-WAY,DIVIDED,POSITIVE MEDIAN BARRIER;GROOVED CONCRETE;DRY;DAYLIGHT;CLEAR;NO CONTROL PRESENT;;;-78.748;35.7603;;112;0;0;1;;;;NONE;;PASSENGER CAR;PASSENGER CAR;;;;NO;11565;2018-06-01;4:39:42 PM;2018-06-01T20:39:42+00:00;;2018;No;No;6;;NONE;NONE;PASSENGER CAR,PASSENGER CAR;PASSENGER CAR,PASSENGER CAR;PASSENGER CAR,PASSENGER CAR;PASSENGER CAR,PASSENGER CAR
21727;322 FEET FROM KILDAIRE FARM RD;NO SPECIAL FEATURE;STRAIGHT,LEVEL;LOCAL STREET;TWO-WAY,DIVIDED,UNPROTECTED MEDIAN;SMOOTH ASPHALT;DRY;DAYLIGHT;CLEAR;NO CONTROL PRESENT;35.761860848;-78.78337603;-78.7833;35.7608;P027;112;0;1;;;NONE;;NONE;;PASSENGER CAR;PASSENGER CAR;;;;NO;1109;2016-04-04;5:42:11 PM;2016-04-04T21:42:11+00:00;35.761860848, -78.78337603;2016;No;Yes;4;NONE;NONE,NONE;NONE,NONE;PASSENGER CAR,PASSENGER CAR;PASSENGER CAR,PASSENGER CAR;PASSENGER CAR,PASSENGER CAR;PASSENGER CAR,PASSENGER CAR
34196;123 FEET FROM P.V.A. 16306 PRAXIS WAY;DRIVEWAY, PUBLIC;STRAIGHT,LEVEL;PUBLIC VEHICULAR AREA;TWO-WAY,NOT DIVIDED;SMOOTH ASPHALT;DRY;DAYLIGHT;CLEAR;NO CONTROL PRESENT;35.848519908;-78.8974629;-78.8972;35.8482;P074;119;0;0;;;NONE;;NONE;;PASSENGER CAR;PASSENGER CAR;;;;NO;11567;2018-06-01;7:03:46 PM;2018-06-01T23:03:46+00:00;35.848519908, -78.8974629;2018;No;No;6;NONE;NONE,NONE;NONE,NONE;PASSENGER CAR,PASSENGER CAR;PASSENGER CAR,PASSENGER CAR;PASSENGER CAR,PASSENGER CAR;PASSENGER CAR,PASSENGER CAR
21728;CARY;FOUR-WAY INTERSECTION;STRAIGHT,LEVEL;US ROUTE;TWO-WAY,DIVIDED,UNPROTECTED MEDIAN;SMOOTH ASPHALT;DRY;DAYLIGHT;CLOUDY;STOP AND GO SIGNAL;;;-78.8069;35.741;;;0;3;;;NONE;;NONE;;PASSENGER CAR;PASSENGER CAR;PASSENGER CAR;;;NO;1110;2016-04-05;11:05 AM;2016-04-05T15:05:00+00:00;;2016;No;Yes;4;NONE;NONE,NONE;NONE,NONE;PASSENGER CAR,PASSENGER CAR;PASSENGER CAR,PASSENGER CAR,PASSENGER CAR;PASSENGER CAR,PASSENGER CAR,PASSENGER CAR;PASSENGER CAR,PASSENGER CAR,PASSENGER CAR
34208;20 FEET FROM US 64 HWY;NO SPECIAL FEATURE;STRAIGHT,LEVEL;US ROUTE;TWO-WAY,DIVIDED,UNPROTECTED MEDIAN;SMOOTH ASPHALT;DRY;DAYLIGHT;CLEAR;NO CONTROL PRESENT;35.738948319;-78.79830398;-78.797974;35.738626;P041;116;0;0;;;NONE;;NONE;;PICKUP;PICKUP;;;;NO;11579;2018-06-04;3:05:18 PM;2018-06-04T19:05:18+00:00;35.738948319, -78.79830398;2018;No;No;6;NONE;NONE,NONE;NONE,NONE;PICKUP,PICKUP;PICKUP,PICKUP;PICKUP,PICKUP;PICKUP,PICKUP