tamainid;location_description;rdfeature;rdcharacter;rdclass;rdconfigur;rdsurface;rdcondition;lightcond;weather;trafcontrl;lat;lon;lon2;lat2;tract;zone;fatality;possblinj;numpassengers;numpedestrians;contrcir1_desc;contrcir2_desc;contrcir3_desc;contrcir4_desc;vehicle1;vehicle2;vehicle3;vehicle4;vehicle5;workarea;records;ta_date;ta_time;crash_date;geo_location;year;fatalities;injuries;month;contrfact1;contrfact2;contributing_factor;vehicleconcat1;vehicleconcat2;vehicleconcat3;vehicle_type
22445;400 FEET FROM P.V.A. OF 204 WOODCREEK DR;NO SPECIAL FEATURE;STRAIGHT,LEVEL;PUBLIC VEHICULAR AREA;TWO-WAY,NOT DIVIDED;SMOOTH ASPHALT;DRY;DAYLIGHT;CLEAR;NO CONTROL PRESENT;35.82475773;-78.60263386;-78.744202;35.7691;P119;RALW;0;0;;;NONE;;NONE;;PASSENGER CAR;SPORT UTILITY;;;;NO;1825;2016-05-28;8:29:32 PM;2016-05-29T00:29:32+00:00;35.82475773, -78.60263386;2016;No;No;5;NONE;NONE,NONE;NONE,NONE;PASSENGER CAR,SPORT UTILITY;PASSENGER CAR,SPORT UTILITY;PASSENGER CAR,SPORT UTILITY;PASSENGER CAR,SPORT UTILITY
34929;0 FEET FROM SR 3112 (SW CARY PKWY);ALLEY INTERSECTION;STRAIGHT,LEVEL;STATE SECONDARY ROUTE;TWO-WAY,NOT DIVIDED;SMOOTH ASPHALT;DRY;DAYLIGHT;CLOUDY;STOP SIGN;;;-78.8222;35.763;;;0;0;;;NONE;;NONE;;PASSENGER CAR;PASSENGER CAR;;;;NO;12300;2018-07-31;1:25:34 PM;2018-07-31T17:25:34+00:00;;2018;No;No;7;NONE;NONE,NONE;NONE,NONE;PASSENGER CAR,PASSENGER CAR;PASSENGER CAR,PASSENGER CAR;PASSENGER CAR,PASSENGER CAR;PASSENGER CAR,PASSENGER CAR
22451;CARY;OFF-RAMP TERMINAL ON CROSSROAD;STRAIGHT,LEVEL;OTHER *;ONE-WAY,NOT DIVIDED;SMOOTH ASPHALT;DRY;DAYLIGHT;CLOUDY;STOP AND GO SIGNAL;;;-78.7651;35.8312;;;0;1;2;;NONE;;NONE;;PASSENGER CAR;PASSENGER CAR;;;;NO;1831;2016-05-30;12:42 PM;2016-05-30T16:42:00+00:00;;2016;No;Yes;5;NONE;NONE,NONE;NONE,NONE;PASSENGER CAR,PASSENGER CAR;PASSENGER CAR,PASSENGER CAR;PASSENGER CAR,PASSENGER CAR;PASSENGER CAR,PASSENGER CAR
34936;20 FEET FROM I 40 EXIT 287 RAMP EB;OFF-RAMP TERMINAL ON CROSSROAD;STRAIGHT,LEVEL;INTERSTATE;ONE-WAY,NOT DIVIDED;SMOOTH ASPHALT;DRY;DAYLIGHT;CLOUDY;STOP AND GO SIGNAL;;;-78.765;35.8315;;;0;1;;;NONE;;NONE;;PASSENGER CAR;PASSENGER CAR;;;;NO;12307;2018-07-31;6:58:25 PM;2018-07-31T22:58:25+00:00;;2018;No;Yes;7;NONE;NONE,NONE;NONE,NONE;PASSENGER CAR,PASSENGER CAR;PASSENGER CAR,PASSENGER CAR;PASSENGER CAR,PASSENGER CAR;PASSENGER CAR,PASSENGER CAR
22452;200 FEET FROM P.V.A. OF 104 RAMSEY CT;NO SPECIAL FEATURE;STRAIGHT,LEVEL;PUBLIC VEHICULAR AREA;TWO-WAY,NOT DIVIDED;SMOOTH ASPHALT;DRY;DAYLIGHT;CLEAR;NO CONTROL PRESENT;;;-78.7442;35.7691;;;0;0;;;NONE;;NONE;;PASSENGER CAR;SPORT UTILITY;;;;NO;1832;2016-05-29;10:01 PM;2016-05-30T02:01:00+00:00;;2016;No;No;5;NONE;NONE,NONE;NONE,NONE;PASSENGER CAR,SPORT UTILITY;PASSENGER CAR,SPORT UTILITY;PASSENGER CAR,SPORT UTILITY;PASSENGER CAR,SPORT UTILITY
34941;.75 MILES FROM US1 N;NO SPECIAL FEATURE;STRAIGHT,LEVEL;US ROUTE;TWO-WAY,DIVIDED,POSITIVE MEDIAN BARRIER;CONCRETE;DRY;DAYLIGHT;CLEAR;NO CONTROL PRESENT;;;-78.7487;35.7599;;;0;0;;;NONE;;NONE;;PASSENGER CAR;SPORT UTILITY;PASSENGER CAR;;;NO;12312;2018-08-01;8:40:36 AM;2018-08-01T12:40:36+00:00;;2018;No;No;8;NONE;NONE,NONE;NONE,NONE;PASSENGER CAR,SPORT UTILITY;PASSENGER CAR,SPORT UTILITY,PASSENGER CAR;PASSENGER CAR,SPORT UTILITY,PASSENGER CAR;PASSENGER CAR,SPORT UTILITY,PASSENGER CAR
22462;300 FEET FROM E PARK ST;NO SPECIAL FEATURE;STRAIGHT,LEVEL;LOCAL STREET;TWO-WAY,NOT DIVIDED;SMOOTH ASPHALT;DRY;UNKNOWN;CLEAR;NO CONTROL PRESENT;35.785054114;-78.78122981;-78.78052;35.785079;P059;120;0;0;;;NONE;;NONE;;;SPORT UTILITY;;;;NO;1842;2016-05-31;12:36 AM;2016-05-31T04:36:00+00:00;35.785054114, -78.78122981;2016;No;No;5;NONE;NONE,NONE;NONE,NONE;SPORT UTILITY;SPORT UTILITY;SPORT UTILITY;SPORT UTILITY
34949;CARY;T-INTERSECTION;STRAIGHT,LEVEL;STATE SECONDARY ROUTE;TWO-WAY,NOT DIVIDED;SMOOTH ASPHALT;WET;DARK - LIGHTED ROADWAY;RAIN;NO CONTROL PRESENT;;;-78.7701;35.7719;;;0;0;;;NONE;;NONE;;PASSENGER CAR;PASSENGER CAR;;;;NO;12320;2018-07-31;9:23:46 PM;2018-08-01T01:23:46+00:00;;2018;No;No;7;NONE;NONE,NONE;NONE,NONE;PASSENGER CAR,PASSENGER CAR;PASSENGER CAR,PASSENGER CAR;PASSENGER CAR,PASSENGER CAR;PASSENGER CAR,PASSENGER CAR
22465;98 FEET FROM PVA OF 1003 HIGH HOUSE RD;NO SPECIAL FEATURE;STRAIGHT,LEVEL;PUBLIC VEHICULAR AREA;TWO-WAY,NOT DIVIDED;SMOOTH ASPHALT;DRY;DAYLIGHT;CLEAR;NO CONTROL PRESENT;;;-78.8298;35.7897;;;0;0;;;NONE;;NONE;;SPORT UTILITY;PICKUP;;;;NO;1845;2016-06-01;12:01 PM;2016-06-01T16:01:00+00:00;;2016;No;No;6;NONE;NONE,NONE;NONE,NONE;SPORT UTILITY,PICKUP;SPORT UTILITY,PICKUP;SPORT UTILITY,PICKUP;SPORT UTILITY,PICKUP
34950;200 FEET FROM US 64 HWY;NO SPECIAL FEATURE;STRAIGHT,LEVEL;US ROUTE;TWO-WAY,DIVIDED,UNPROTECTED MEDIAN;SMOOTH ASPHALT;DRY;DAYLIGHT;CLOUDY;NO CONTROL PRESENT;;;-78.7975;35.7385;;;0;0;2;;;;NONE;;VAN;PASSENGER CAR;PASSENGER CAR;VAN;;NO;12321;2018-08-01;3:08:20 PM;2018-08-01T19:08:20+00:00;;2018;No;No;8;;NONE;NONE;VAN,PASSENGER CAR;VAN,PASSENGER CAR,PASSENGER CAR;VAN,PASSENGER CAR,PASSENGER CAR,VAN;VAN,PASSENGER CAR,PASSENGER CAR,VAN
22467;0 FEET FROM SR 1615 (HIGH HOUSE RD);T-INTERSECTION;STRAIGHT,LEVEL;STATE SECONDARY ROUTE;TWO-WAY,NOT DIVIDED;SMOOTH ASPHALT;DRY;DAYLIGHT;CLEAR;STOP SIGN;35.785682976;-78.82150579;-78.821542;35.785658;P065;114;0;0;;;NONE;;NONE;;SPORT UTILITY;PASSENGER CAR;;;;NO;1847;2016-06-01;5:31:25 PM;2016-06-01T21:31:25+00:00;35.785682976, -78.82150579;2016;No;No;6;NONE;NONE,NONE;NONE,NONE;SPORT UTILITY,PASSENGER CAR;SPORT UTILITY,PASSENGER CAR;SPORT UTILITY,PASSENGER CAR;SPORT UTILITY,PASSENGER CAR
34955;200 FEET FROM SR 3073 (NW MAYNARD RD);NO SPECIAL FEATURE;STRAIGHT,LEVEL;STATE SECONDARY ROUTE;TWO-WAY,DIVIDED,UNPROTECTED MEDIAN;SMOOTH ASPHALT;WET;DAYLIGHT;RAIN;NO CONTROL PRESENT;;;-78.809785;35.785916;;114;0;0;;;NONE;;NONE;;PASSENGER CAR;PASSENGER CAR;;;;NO;12326;2018-08-02;7:31:14 PM;2018-08-02T23:31:14+00:00;;2018;No;No;8;NONE;NONE,NONE;NONE,NONE;PASSENGER CAR,PASSENGER CAR;PASSENGER CAR,PASSENGER CAR;PASSENGER CAR,PASSENGER CAR;PASSENGER CAR,PASSENGER CAR
22468;60 FEET FROM US 1 N ON RAMP;ON-RAMP ENTRY;STRAIGHT,LEVEL;US ROUTE;TWO-WAY,DIVIDED,UNPROTECTED MEDIAN;SMOOTH ASPHALT;DRY;DAYLIGHT;CLEAR;NO CONTROL PRESENT;35.760949783;-78.74779158;-78.744718;35.760809;P083;112;0;1;;;;;NONE;;PASSENGER CAR;PICKUP;;;;NO;1848;2016-06-01;5:17:51 PM;2016-06-01T21:17:51+00:00;35.760949783, -78.74779158;2016;No;Yes;6;;NONE;NONE;PASSENGER CAR,PICKUP;PASSENGER CAR,PICKUP;PASSENGER CAR,PICKUP;PASSENGER CAR,PICKUP
34964;CARY;FOUR-WAY INTERSECTION;STRAIGHT,LEVEL;STATE SECONDARY ROUTE;TWO-WAY,DIVIDED,UNPROTECTED MEDIAN;SMOOTH ASPHALT;DRY;DAYLIGHT;CLEAR;STOP AND GO SIGNAL;;;-78.776157;35.741349;;;0;0;;;NONE;;NONE;;SPORT UTILITY;PASSENGER CAR;;;;NO;12335;2018-08-02;7:56:59 AM;2018-08-02T11:56:59+00:00;;2018;No;No;8;NONE;NONE,NONE;NONE,NONE;SPORT UTILITY,PASSENGER CAR;SPORT UTILITY,PASSENGER CAR;SPORT UTILITY,PASSENGER CAR;SPORT UTILITY,PASSENGER CAR
22472;450 FEET FROM SR 1010 (OLD APEX RD);NO SPECIAL FEATURE;STRAIGHT,LEVEL;STATE SECONDARY ROUTE;TWO-WAY,NOT DIVIDED;SMOOTH ASPHALT;DRY;DAYLIGHT;CLEAR;NO CONTROL PRESENT;;;-78.819932;35.76269;;117;0;0;;;NONE;;NONE;;PASSENGER CAR;VAN;;;;NO;1852;2016-05-31;5:50:30 PM;2016-05-31T21:50:30+00:00;;2016;No;No;5;NONE;NONE,NONE;NONE,NONE;PASSENGER CAR,VAN;PASSENGER CAR,VAN;PASSENGER CAR,VAN;PASSENGER CAR,VAN
34968;.1 MILES FROM SR 1315 (BUCK JONES RD);FOUR-WAY INTERSECTION;STRAIGHT,LEVEL;STATE SECONDARY ROUTE;TWO-WAY,NOT DIVIDED;SMOOTH ASPHALT;DRY;DAYLIGHT;CLEAR;STOP AND GO SIGNAL;;;-78.7669;35.7442;;;0;0;;;NONE;;NONE;;PASSENGER CAR;PASSENGER CAR;;;;NO;12339;2018-08-02;1:14:08 PM;2018-08-02T17:14:08+00:00;;2018;No;No;8;NONE;NONE,NONE;NONE,NONE;PASSENGER CAR,PASSENGER CAR;PASSENGER CAR,PASSENGER CAR;PASSENGER CAR,PASSENGER CAR;PASSENGER CAR,PASSENGER CAR
22475;345 FEET FROM SR 1415 (SE MAYNARD RD);NO SPECIAL FEATURE;STRAIGHT,GRADE;STATE SECONDARY ROUTE;TWO-WAY,NOT DIVIDED;COARSE ASPHALT;DRY;DAYLIGHT;CLEAR;NO CONTROL PRESENT;35.624215868;-78.77340118;-78.766398;35.7758373;P119;RALW;0;0;;;;;NONE;;PASSENGER CAR;PASSENGER CAR;;;;NO;1855;2016-06-01;2:55:05 PM;2016-06-01T18:55:05+00:00;35.624215868, -78.77340118;2016;No;No;6;;NONE;NONE;PASSENGER CAR,PASSENGER CAR;PASSENGER CAR,PASSENGER CAR;PASSENGER CAR,PASSENGER CAR;PASSENGER CAR,PASSENGER CAR
34974;0 FEET FROM SR 3112 (SW CARY PARKWAY);FOUR-WAY INTERSECTION;STRAIGHT,LEVEL;STATE SECONDARY ROUTE;TWO-WAY,DIVIDED,UNPROTECTED MEDIAN;SMOOTH ASPHALT;WET;DAYLIGHT;RAIN;STOP AND GO SIGNAL;;;-78.8365;35.7825;;;0;0;2;;NONE;;NONE;;PASSENGER CAR;PASSENGER CAR;;;;NO;12345;2018-08-03;5:09:11 PM;2018-08-03T21:09:11+00:00;;2018;No;No;8;NONE;NONE,NONE;NONE,NONE;PASSENGER CAR,PASSENGER CAR;PASSENGER CAR,PASSENGER CAR;PASSENGER CAR,PASSENGER CAR;PASSENGER CAR,PASSENGER CAR
22480;212 FEET FROM SR 1652 (N HARRISON AVE);NO SPECIAL FEATURE;STRAIGHT,LEVEL;STATE SECONDARY ROUTE;TWO-WAY,NOT DIVIDED;SMOOTH ASPHALT;DRY;DAYLIGHT;CLOUDY;NO CONTROL PRESENT;35.832686844;-78.76129824;-78.7607;35.833;P087;111;0;0;;;NONE;;NONE;;SPORT UTILITY;LIGHT TRUCK (MINI-VAN- PANEL);;;;NO;1860;2016-06-02;6:17:02 AM;2016-06-02T10:17:02+00:00;35.832686844, -78.76129824;2016;No;No;6;NONE;NONE,NONE;NONE,NONE;SPORT UTILITY,LIGHT TRUCK (MINI-VAN- PANEL);SPORT UTILITY,LIGHT TRUCK (MINI-VAN- PANEL);SPORT UTILITY,LIGHT TRUCK (MINI-VAN- PANEL);SPORT UTILITY,LIGHT TRUCK (MINI-VAN- PANEL)
34988;125 FEET FROM RYAN RD;NO SPECIAL FEATURE;STRAIGHT,LEVEL;LOCAL STREET;TWO-WAY,NOT DIVIDED;SMOOTH ASPHALT;WET;DAYLIGHT;CLOUDY;NO CONTROL PRESENT;35.784769278;-78.7678707;-78.767751;35.783685;P058;120;0;0;3;;NONE;;NONE;;PASSENGER CAR;PASSENGER CAR;;;;NO;12359;2018-08-03;4:51:59 PM;2018-08-03T20:51:59+00:00;35.784769278, -78.7678707;2018;No;No;8;NONE;NONE,NONE;NONE,NONE;PASSENGER CAR,PASSENGER CAR;PASSENGER CAR,PASSENGER CAR;PASSENGER CAR,PASSENGER CAR;PASSENGER CAR,PASSENGER CAR
22486;125 FEET FROM P.V.A. (1807 N HARRISON AV);NO SPECIAL FEATURE;STRAIGHT,LEVEL;PUBLIC VEHICULAR AREA;TWO-WAY,NOT DIVIDED;CONCRETE;DRY;DAYLIGHT;CLEAR;NO CONTROL PRESENT;;;-78.7686;35.8303;;;0;0;;;NONE;;NONE;;PASSENGER CAR;;;;;NO;1866;2016-06-02;4:37:43 PM;2016-06-02T20:37:43+00:00;;2016;No;No;6;NONE;NONE,NONE;NONE,NONE;PASSENGER CAR;PASSENGER CAR;PASSENGER CAR;PASSENGER CAR
35004;0 FEET FROM SR 1613 (DAVIS DR);FOUR-WAY INTERSECTION;STRAIGHT,LEVEL;STATE SECONDARY ROUTE;TWO-WAY,DIVIDED,UNPROTECTED MEDIAN;SMOOTH ASPHALT;DRY;DAYLIGHT;CLEAR;STOP AND GO SIGNAL;;;-78.8469;35.7881;;;0;0;;;NONE;;NONE;;PASSENGER CAR;PASSENGER CAR;;;;NO;12375;2018-08-05;12:51 PM;2018-08-05T16:51:00+00:00;;2018;No;No;8;NONE;NONE,NONE;NONE,NONE;PASSENGER CAR,PASSENGER CAR;PASSENGER CAR,PASSENGER CAR;PASSENGER CAR,PASSENGER CAR;PASSENGER CAR,PASSENGER CAR
22487;0 FEET FROM SR 3977 (CARY PARKWAY);NO SPECIAL FEATURE;STRAIGHT,LEVEL;STATE SECONDARY ROUTE;TWO-WAY,DIVIDED,POSITIVE MEDIAN BARRIER;SMOOTH ASPHALT;DRY;DAYLIGHT;CLEAR;NO CONTROL PRESENT;;;-78.833048;35.771951;;;0;1;;;NONE;;NONE;;VAN;;;;;NO;1867;2016-06-02;6:42:51 AM;2016-06-02T10:42:51+00:00;;2016;No;Yes;6;NONE;NONE,NONE;NONE,NONE;VAN;VAN;VAN;VAN
35006;150 FEET FROM US 1 HWY;ON-RAMP ENTRY;STRAIGHT,LEVEL;US ROUTE;TWO-WAY,DIVIDED,POSITIVE MEDIAN BARRIER;SMOOTH ASPHALT;DRY;DAWN;CLEAR;NO CONTROL PRESENT;;;-78.7745;35.7474;;;0;0;;;NONE;;NONE;;PASSENGER CAR;;;;;NO;12377;2018-08-06;5:45:50 AM;2018-08-06T09:45:50+00:00;;2018;No;No;8;NONE;NONE,NONE;NONE,NONE;PASSENGER CAR;PASSENGER CAR;PASSENGER CAR;PASSENGER CAR
22490;10 FEET FROM LAKE PINE DR;T-INTERSECTION;STRAIGHT,HILLCREST;LOCAL STREET;TWO-WAY,DIVIDED,UNPROTECTED MEDIAN;COARSE ASPHALT;DRY;DAYLIGHT;CLEAR;STOP SIGN;35.77164409;-78.79287541;-78.792823;35.77152;P036;114;0;0;;1;NONE;;NONE;;PASSENGER CAR;;;;;NO;1870;2016-06-02;8:34:20 AM;2016-06-02T12:34:20+00:00;35.77164409, -78.79287541;2016;No;No;6;NONE;NONE,NONE;NONE,NONE;PASSENGER CAR;PASSENGER CAR;PASSENGER CAR;PASSENGER CAR
35010;.2 MILES FROM PVA (1920 NW MAYNARD RD);NO SPECIAL FEATURE;STRAIGHT,LEVEL;PUBLIC VEHICULAR AREA;TWO-WAY,NOT DIVIDED;SMOOTH ASPHALT;DRY;DAYLIGHT;CLOUDY;NO CONTROL PRESENT;;;-78.7934;35.799;;;0;0;;;NONE;;NONE;;PASSENGER CAR;VAN;;;;NO;12381;2018-08-04;10:35 AM;2018-08-04T14:35:00+00:00;;2018;No;No;8;NONE;NONE,NONE;NONE,NONE;PASSENGER CAR,VAN;PASSENGER CAR,VAN;PASSENGER CAR,VAN;PASSENGER CAR,VAN
22491;400 FEET FROM PVA AT 2370 WALNUT ST;NO SPECIAL FEATURE;STRAIGHT,LEVEL;PUBLIC VEHICULAR AREA;TWO-WAY,NOT DIVIDED;SMOOTH ASPHALT;DRY;DAYLIGHT;CLEAR;NO CONTROL PRESENT;;;-78.74469;35.753707;;;0;0;;;;;NONE;;PASSENGER CAR;SPORT UTILITY;;;;NO;1871;2016-06-02;2:25:05 PM;2016-06-02T18:25:05+00:00;;2016;No;No;6;;NONE;NONE;PASSENGER CAR,SPORT UTILITY;PASSENGER CAR,SPORT UTILITY;PASSENGER CAR,SPORT UTILITY;PASSENGER CAR,SPORT UTILITY
35011;. MILES FROM SR 1009 (TRYON RD);NO SPECIAL FEATURE;STRAIGHT,LEVEL;STATE SECONDARY ROUTE;TWO-WAY,DIVIDED,UNPROTECTED MEDIAN;SMOOTH ASPHALT;DRY;DAYLIGHT;CLEAR;NO CONTROL PRESENT;;;-78.7666;35.7425;;;0;0;;;;;NONE;;PASSENGER CAR;PASSENGER CAR;VAN;;;NO;12382;2018-08-06;8:37:09 AM;2018-08-06T12:37:09+00:00;;2018;No;No;8;;NONE;NONE;PASSENGER CAR,PASSENGER CAR;PASSENGER CAR,PASSENGER CAR,VAN;PASSENGER CAR,PASSENGER CAR,VAN;PASSENGER CAR,PASSENGER CAR,VAN
22494;.5 MILES FROM US 1;NO SPECIAL FEATURE;STRAIGHT,LEVEL;US ROUTE;TWO-WAY,DIVIDED,POSITIVE MEDIAN BARRIER;CONCRETE;DRY;DARK - LIGHTED ROADWAY;CLEAR;NO CONTROL PRESENT;;;-78.7635;35.7529;;;0;0;;;NONE;;NONE;;PASSENGER CAR;;;;;NO;1874;2016-06-03;2:29:38 AM;2016-06-03T06:29:38+00:00;;2016;No;No;6;NONE;NONE,NONE;NONE,NONE;PASSENGER CAR;PASSENGER CAR;PASSENGER CAR;PASSENGER CAR
35012;300 FEET FROM CROSSROADS BLVD;NO SPECIAL FEATURE;STRAIGHT,LEVEL;LOCAL STREET;TWO-WAY,DIVIDED,UNPROTECTED MEDIAN;SMOOTH ASPHALT;DRY;DAYLIGHT;CLEAR;STOP AND GO SIGNAL;;;-78.7413;35.762;;;0;0;;;;;NONE;;VAN;PASSENGER CAR;;;;NO;12383;2018-08-06;10:50 AM;2018-08-06T14:50:00+00:00;;2018;No;No;8;;NONE;NONE;VAN,PASSENGER CAR;VAN,PASSENGER CAR;VAN,PASSENGER CAR;VAN,PASSENGER CAR
22495;50 FEET FROM PVA 1000 VALLEYSTONE DR;NO SPECIAL FEATURE;STRAIGHT,LEVEL;PUBLIC VEHICULAR AREA;ONE-WAY,NOT DIVIDED;SMOOTH ASPHALT;DRY;DAYLIGHT;CLOUDY;NO CONTROL PRESENT;;;-78.8498;35.7905;;;0;0;;;NONE;;NONE;;SPORT UTILITY;PASSENGER CAR;;;;NO;1875;2016-06-02;7:15:51 AM;2016-06-02T11:15:51+00:00;;2016;No;No;6;NONE;NONE,NONE;NONE,NONE;SPORT UTILITY,PASSENGER CAR;SPORT UTILITY,PASSENGER CAR;SPORT UTILITY,PASSENGER CAR;SPORT UTILITY,PASSENGER CAR
35014;250 FEET FROM 350 STONECROFT LN;NO SPECIAL FEATURE;STRAIGHT,LEVEL;PUBLIC VEHICULAR AREA;TWO-WAY,NOT DIVIDED;SMOOTH ASPHALT;DRY;DAYLIGHT;CLEAR;NO CONTROL PRESENT;;;-78.9023;35.8415;;;0;0;;;NONE;;NONE;;SPORT UTILITY;PASSENGER CAR;;;;NO;12385;2018-08-06;6:30:32 PM;2018-08-06T22:30:32+00:00;;2018;No;No;8;NONE;NONE,NONE;NONE,NONE;SPORT UTILITY,PASSENGER CAR;SPORT UTILITY,PASSENGER CAR;SPORT UTILITY,PASSENGER CAR;SPORT UTILITY,PASSENGER CAR
22496;10 FEET FROM CARY PKWY (SR 3977);NO SPECIAL FEATURE;STRAIGHT,LEVEL;STATE SECONDARY ROUTE;TWO-WAY,DIVIDED,POSITIVE MEDIAN BARRIER;SMOOTH ASPHALT;DRY;DAYLIGHT;CLOUDY;STOP AND GO SIGNAL;35.743476101;-78.76250368;-78.762403;35.743378;P004;118;0;0;1;;NONE;;NONE;;PASSENGER CAR;PASSENGER CAR;;;;NO;1876;2016-06-02;12:00 PM;2016-06-02T16:00:00+00:00;35.743476101, -78.76250368;2016;No;No;6;NONE;NONE,NONE;NONE,NONE;PASSENGER CAR,PASSENGER CAR;PASSENGER CAR,PASSENGER CAR;PASSENGER CAR,PASSENGER CAR;PASSENGER CAR,PASSENGER CAR
35021;0 FEET FROM SR 1652 (N HARRISON AV);T-INTERSECTION;STRAIGHT,LEVEL;STATE SECONDARY ROUTE;TWO-WAY,NOT DIVIDED;SMOOTH ASPHALT;DRY;DAYLIGHT;CLEAR;STOP AND GO SIGNAL;;;-78.7684;35.8296;;;0;0;1;;NONE;;NONE;;SINGLE UNIT TRUCK (2-AXLE- 6-TIRE);PASSENGER CAR;;;;NO;12392;2018-08-06;8:00:18 AM;2018-08-06T12:00:18+00:00;;2018;No;No;8;NONE;NONE,NONE;NONE,NONE;SINGLE UNIT TRUCK (2-AXLE- 6-TIRE),PASSENGER CAR;SINGLE UNIT TRUCK (2-AXLE- 6-TIRE),PASSENGER CAR;SINGLE UNIT TRUCK (2-AXLE- 6-TIRE),PASSENGER CAR;SINGLE UNIT TRUCK (2-AXLE- 6-TIRE),PASSENGER CAR
22507;CARY;;;;;;;;;;;;;;;;0;0;;;;;;;;;;;;;1887;2016-05-07;9:31:00 AM;2016-05-07T13:31:00+00:00;;2016;No;No;5;;;;;;;
35041;20 FEET FROM P.V.A. (1273 NW MAYNARD RD);NO SPECIAL FEATURE;STRAIGHT,LEVEL;PUBLIC VEHICULAR AREA;TWO-WAY,NOT DIVIDED;SMOOTH ASPHALT;DRY;DAYLIGHT;CLEAR;STOP SIGN;;;-78.810249;35.784883;;;0;0;;;NONE;;NONE;;SPORT UTILITY;PASSENGER CAR;;;;NO;12412;2018-08-08;11:29 AM;2018-08-08T15:29:00+00:00;;2018;No;No;8;NONE;NONE,NONE;NONE,NONE;SPORT UTILITY,PASSENGER CAR;SPORT UTILITY,PASSENGER CAR;SPORT UTILITY,PASSENGER CAR;SPORT UTILITY,PASSENGER CAR
22520;20 FEET FROM W CHATHAM ST;NO SPECIAL FEATURE;STRAIGHT,LEVEL;LOCAL STREET;TWO-WAY,NOT DIVIDED;SMOOTH ASPHALT;WET;DARK - LIGHTED ROADWAY;RAIN;NO CONTROL PRESENT;35.787116361;-78.78433426;-78.7842;35.7871;P035;114;0;0;;;NONE;;NONE;;PASSENGER CAR;PASSENGER CAR;;;;NO;1900;2016-06-03;9:51:35 PM;2016-06-04T01:51:35+00:00;35.787116361, -78.78433426;2016;No;No;6;NONE;NONE,NONE;NONE,NONE;PASSENGER CAR,PASSENGER CAR;PASSENGER CAR,PASSENGER CAR;PASSENGER CAR,PASSENGER CAR;PASSENGER CAR,PASSENGER CAR
35046;200 FEET FROM 102 LASKY CT;NO SPECIAL FEATURE;STRAIGHT,LEVEL;PUBLIC VEHICULAR AREA;TWO-WAY,NOT DIVIDED;SMOOTH ASPHALT;WET;DARK - LIGHTED ROADWAY;RAIN;NO CONTROL PRESENT;;;-78.7463;35.7689;;;0;0;;;NONE;;NONE;;OTHER *;PASSENGER CAR;;;;NO;12417;2018-08-08;10:54 PM;2018-08-09T02:54:00+00:00;;2018;No;No;8;NONE;NONE,NONE;NONE,NONE;OTHER *,PASSENGER CAR;OTHER *,PASSENGER CAR;OTHER *,PASSENGER CAR;OTHER *,PASSENGER CAR
22534;100 FEET FROM P.V.A. (LOWES);NO SPECIAL FEATURE;STRAIGHT,GRADE;PUBLIC VEHICULAR AREA;TWO-WAY,NOT DIVIDED;SMOOTH ASPHALT;DRY;DAYLIGHT;CLEAR;NO CONTROL PRESENT;;;-78.7438;35.7577;;;0;0;;;NONE;;NONE;;VAN;VAN;;;;NO;1914;2016-06-05;2:24:19 PM;2016-06-05T18:24:19+00:00;;2016;No;No;6;NONE;NONE,NONE;NONE,NONE;VAN,VAN;VAN,VAN;VAN,VAN;VAN,VAN
35053;273 FEET FROM CEDAR CREEK RD;NO SPECIAL FEATURE;STRAIGHT,LEVEL;LOCAL STREET;TWO-WAY,NOT DIVIDED;SMOOTH ASPHALT;DRY;DAYLIGHT;CLEAR;NO CONTROL PRESENT;35.777811944;-78.80556217;-78.804601;35.778209;P008;114;0;0;;;NONE;;NONE;;PASSENGER CAR;PASSENGER CAR;;;;NO;12424;2018-08-09;12:33 PM;2018-08-09T16:33:00+00:00;35.777811944, -78.80556217;2018;No;No;8;NONE;NONE,NONE;NONE,NONE;PASSENGER CAR,PASSENGER CAR;PASSENGER CAR,PASSENGER CAR;PASSENGER CAR,PASSENGER CAR;PASSENGER CAR,PASSENGER CAR
22538;200 FEET FROM P.V.A. (HOME DEPOT);NO SPECIAL FEATURE;STRAIGHT,LEVEL;PUBLIC VEHICULAR AREA;TWO-WAY,NOT DIVIDED;SMOOTH ASPHALT;DRY;DAYLIGHT;CLEAR;NO CONTROL PRESENT;35.736415711;-78.82110435;-78.7393;35.7566;P114;APEX;0;0;2;;NONE;;NONE;;SPORT UTILITY;PASSENGER CAR;;;;NO;1918;2016-06-05;1:20:22 PM;2016-06-05T17:20:22+00:00;35.736415711, -78.82110435;2016;No;No;6;NONE;NONE,NONE;NONE,NONE;SPORT UTILITY,PASSENGER CAR;SPORT UTILITY,PASSENGER CAR;SPORT UTILITY,PASSENGER CAR;SPORT UTILITY,PASSENGER CAR
35061;0.1 MILES FROM NC 55 HWY;NO SPECIAL FEATURE;STRAIGHT,LEVEL;NC ROUTE;TWO-WAY,DIVIDED,UNPROTECTED MEDIAN;SMOOTH ASPHALT;DRY;DAYLIGHT;CLEAR;NO CONTROL PRESENT;;;-78.8893;35.8441;;119;0;0;5;;NONE;;NONE;;PASSENGER CAR;PASSENGER CAR;PASSENGER CAR;PASSENGER CAR;;NO;12432;2018-08-09;12:34 PM;2018-08-09T16:34:00+00:00;;2018;No;No;8;NONE;NONE,NONE;NONE,NONE;PASSENGER CAR,PASSENGER CAR;PASSENGER CAR,PASSENGER CAR,PASSENGER CAR;PASSENGER CAR,PASSENGER CAR,PASSENGER CAR,PASSENGER CAR;PASSENGER CAR,PASSENGER CAR,PASSENGER CAR,PASSENGER CAR