tamainid;location_description;rdfeature;rdcharacter;rdclass;rdconfigur;rdsurface;rdcondition;lightcond;weather;trafcontrl;lat;lon;lon2;lat2;tract;zone;fatality;possblinj;numpassengers;numpedestrians;contrcir1_desc;contrcir2_desc;contrcir3_desc;contrcir4_desc;vehicle1;vehicle2;vehicle3;vehicle4;vehicle5;workarea;records;ta_date;ta_time;crash_date;geo_location;year;fatalities;injuries;month;contrfact1;contrfact2;contributing_factor;vehicleconcat1;vehicleconcat2;vehicleconcat3;vehicle_type
35180;30 FEET FROM P.V.A. (329 CROSSROADS BLVD);NO SPECIAL FEATURE;STRAIGHT,LEVEL;PUBLIC VEHICULAR AREA;TWO-WAY,NOT DIVIDED;SMOOTH ASPHALT;DRY;DAYLIGHT;CLOUDY;NO CONTROL PRESENT;;;-78.737549;35.760794;;;0;0;;;NONE;;NONE;;PASSENGER CAR;PICKUP;;;;NO;12551;2018-08-13;2:01:58 PM;2018-08-13T18:01:58+00:00;;2018;No;No;8;NONE;NONE,NONE;NONE,NONE;PASSENGER CAR,PICKUP;PASSENGER CAR,PICKUP;PASSENGER CAR,PICKUP;PASSENGER CAR,PICKUP
22631;CARY;DRIVEWAY, PUBLIC;CURVE,GRADE;LOCAL STREET;TWO-WAY,DIVIDED,UNPROTECTED MEDIAN;CONCRETE;DRY;DAYLIGHT;CLEAR;NO CONTROL PRESENT;35.820643937;-78.78310091;-78.7832;35.8206;P080;111;0;0;2;;;;NONE;;LIGHT TRUCK (MINI-VAN- PANEL);SPORT UTILITY;;;;NO;2011;2016-06-12;4:43:15 PM;2016-06-12T20:43:15+00:00;35.820643937, -78.78310091;2016;No;No;6;;NONE;NONE;LIGHT TRUCK (MINI-VAN- PANEL),SPORT UTILITY;LIGHT TRUCK (MINI-VAN- PANEL),SPORT UTILITY;LIGHT TRUCK (MINI-VAN- PANEL),SPORT UTILITY;LIGHT TRUCK (MINI-VAN- PANEL),SPORT UTILITY
35186;5 FEET FROM FOREST PARK WAY;NO SPECIAL FEATURE;STRAIGHT,LEVEL;LOCAL STREET;TWO-WAY,NOT DIVIDED;SMOOTH ASPHALT;WET;DAYLIGHT;CLOUDY;NO CONTROL PRESENT;35.750283653;-78.76232406;-78.76223;35.750195;P004;118;0;0;;;NONE;;;;PASSENGER CAR;;;;;NO;12557;2018-08-20;8:06:48 AM;2018-08-20T12:06:48+00:00;35.750283653, -78.76232406;2018;No;No;8;NONE;NONE;NONE;PASSENGER CAR;PASSENGER CAR;PASSENGER CAR;PASSENGER CAR
22632;230 FEET FROM GLENSTONE LN;NO SPECIAL FEATURE;STRAIGHT,GRADE;LOCAL STREET;TWO-WAY,NOT DIVIDED;COARSE ASPHALT;DRY;DAYLIGHT;CLEAR;NO CONTROL PRESENT;35.718657526;-78.7738464;-78.7741;35.7194;P054;116;0;0;3;;;;NONE;;SPORT UTILITY;PASSENGER CAR;;;;NO;2012;2016-06-13;9:16:22 AM;2016-06-13T13:16:22+00:00;35.718657526, -78.7738464;2016;No;No;6;;NONE;NONE;SPORT UTILITY,PASSENGER CAR;SPORT UTILITY,PASSENGER CAR;SPORT UTILITY,PASSENGER CAR;SPORT UTILITY,PASSENGER CAR
35199;0 FEET FROM (NC 54) CHAPEL HILL RD;RELATED TO INTERSECTION;STRAIGHT,LEVEL;NC ROUTE;TWO-WAY,DIVIDED,UNPROTECTED MEDIAN;SMOOTH ASPHALT;WET;DUSK;RAIN;DOUBLE YELLOW LINE, NO PASSING ZONE;;;-78.80449;35.802656;;111;0;0;;;NONE;;NONE;;PASSENGER CAR;PASSENGER CAR;;;;NO;12570;2018-08-18;7:08:04 PM;2018-08-18T23:08:04+00:00;;2018;No;No;8;NONE;NONE,NONE;NONE,NONE;PASSENGER CAR,PASSENGER CAR;PASSENGER CAR,PASSENGER CAR;PASSENGER CAR,PASSENGER CAR;PASSENGER CAR,PASSENGER CAR
22635;50 FEET FROM SR #3073 (NW MAYNARD RD);NO SPECIAL FEATURE;STRAIGHT,GRADE;STATE SECONDARY ROUTE;TWO-WAY,DIVIDED,POSITIVE MEDIAN BARRIER;COARSE ASPHALT;DRY;DAYLIGHT;CLEAR;NO CONTROL PRESENT;35.798725335;-78.79608011;-78.7963;35.7986;P023;111;0;0;1;;;;NONE;;PASSENGER CAR;PASSENGER CAR;;;;NO;2015;2016-06-13;12:26 PM;2016-06-13T16:26:00+00:00;35.798725335, -78.79608011;2016;No;No;6;;NONE;NONE;PASSENGER CAR,PASSENGER CAR;PASSENGER CAR,PASSENGER CAR;PASSENGER CAR,PASSENGER CAR;PASSENGER CAR,PASSENGER CAR
35201;325 FEET FROM SR1300 (KILDAIRE FARM RD);NO SPECIAL FEATURE;STRAIGHT,LEVEL;STATE SECONDARY ROUTE;TWO-WAY,NOT DIVIDED;SMOOTH ASPHALT;DRY;DAYLIGHT;CLOUDY;NO CONTROL PRESENT;;;-78.783086;35.765782;;;0;0;2;;NONE;;NONE;;VAN;SPORT UTILITY;;;;NO;12572;2018-08-20;6:21:25 PM;2018-08-20T22:21:25+00:00;;2018;No;No;8;NONE;NONE,NONE;NONE,NONE;VAN,SPORT UTILITY;VAN,SPORT UTILITY;VAN,SPORT UTILITY;VAN,SPORT UTILITY
22639;350 FEET FROM P.V.A. (1007 VILLAGE GREENWAY);DRIVEWAY, PUBLIC;CURVE,LEVEL;PUBLIC VEHICULAR AREA;TWO-WAY,NOT DIVIDED;SMOOTH ASPHALT;DRY;DARK - LIGHTED ROADWAY;CLEAR;NO CONTROL PRESENT;35.983163564;-78.49283781;-78.7607;35.78;P119;120;0;0;;;NONE;;NONE;;PICKUP;PICKUP;;;;NO;2019;2016-06-13;3:30:27 AM;2016-06-13T07:30:27+00:00;35.983163564, -78.49283781;2016;No;No;6;NONE;NONE,NONE;NONE,NONE;PICKUP,PICKUP;PICKUP,PICKUP;PICKUP,PICKUP;PICKUP,PICKUP
35209;CARY;NO SPECIAL FEATURE;STRAIGHT,LEVEL;STATE SECONDARY ROUTE;TWO-WAY,DIVIDED,UNPROTECTED MEDIAN;SMOOTH ASPHALT;DRY;DAYLIGHT;CLEAR;STOP AND GO SIGNAL;35.789194239;-78.85825345;-78.858206;35.78912;P012;121;0;0;;;NONE;;NONE;;SPORT UTILITY;SPORT UTILITY;;;;NO;12580;2018-08-20;4:46:35 PM;2018-08-20T20:46:35+00:00;35.789194239, -78.85825345;2018;No;No;8;NONE;NONE,NONE;NONE,NONE;SPORT UTILITY,SPORT UTILITY;SPORT UTILITY,SPORT UTILITY;SPORT UTILITY,SPORT UTILITY;SPORT UTILITY,SPORT UTILITY
22647;CARY;T-INTERSECTION;STRAIGHT,LEVEL;STATE SECONDARY ROUTE;TWO-WAY,DIVIDED,UNPROTECTED MEDIAN;SMOOTH ASPHALT;DRY;DAYLIGHT;CLEAR;STOP AND GO SIGNAL;35.829707354;-78.76846151;-78.7682;35.8298;P029;111;0;2;;;NONE;;NONE;;PASSENGER CAR;PASSENGER CAR;;;;NO;2027;2016-06-13;6:59:11 AM;2016-06-13T10:59:11+00:00;35.829707354, -78.76846151;2016;No;Yes;6;NONE;NONE,NONE;NONE,NONE;PASSENGER CAR,PASSENGER CAR;PASSENGER CAR,PASSENGER CAR;PASSENGER CAR,PASSENGER CAR;PASSENGER CAR,PASSENGER CAR
35217;441 FEET FROM SR 3073 (NW MAYNARD RD);;;;;;;;;;;;-78.7851;35.8024;;;0;1;;;;;;;;;;;;;12588;2018-08-16;10:19 AM;2018-08-16T14:19:00+00:00;;2018;No;Yes;8;;;;;;;
22649;0 FEET FROM SR 3977 (SW CARY PKWY);T-INTERSECTION;STRAIGHT,LEVEL;STATE SECONDARY ROUTE;TWO-WAY,NOT DIVIDED;SMOOTH ASPHALT;DRY;DAYLIGHT;CLEAR;NO CONTROL PRESENT;;;-78.82;35.7589;;;0;1;1;;;;NONE;;PASSENGER CAR;PICKUP;PASSENGER CAR;PASSENGER CAR;;NO;2029;2016-06-10;8:30:01 AM;2016-06-10T12:30:01+00:00;;2016;No;Yes;6;;NONE;NONE;PASSENGER CAR,PICKUP;PASSENGER CAR,PICKUP,PASSENGER CAR;PASSENGER CAR,PICKUP,PASSENGER CAR,PASSENGER CAR;PASSENGER CAR,PICKUP,PASSENGER CAR,PASSENGER CAR
35224;.1 MILES FROM PVA OF 7870 CHAPEL HILL RD;NO SPECIAL FEATURE;STRAIGHT,LEVEL;PUBLIC VEHICULAR AREA;TWO-WAY,NOT DIVIDED;SMOOTH ASPHALT;WET;DAYLIGHT;CLOUDY;NO CONTROL PRESENT;;;-78.762;35.7968;;;0;0;;;NONE;;NONE;;PASSENGER CAR;PICKUP;;;;NO;12595;2018-08-22;4:19:08 PM;2018-08-22T20:19:08+00:00;;2018;No;No;8;NONE;NONE,NONE;NONE,NONE;PASSENGER CAR,PICKUP;PASSENGER CAR,PICKUP;PASSENGER CAR,PICKUP;PASSENGER CAR,PICKUP
22651;54 FEET FROM SR 1002 (AVIATION PARKWAY);NO SPECIAL FEATURE;STRAIGHT,LEVEL;STATE SECONDARY ROUTE;TWO-WAY,DIVIDED,UNPROTECTED MEDIAN;SMOOTH ASPHALT;DRY;DAYLIGHT;CLEAR;NO CONTROL PRESENT;;;-78.800386;35.847065;;;0;0;;;NONE;;NONE;;PASSENGER CAR;PASSENGER CAR;;;;NO;2031;2016-06-09;3:44:48 PM;2016-06-09T19:44:48+00:00;;2016;No;No;6;NONE;NONE,NONE;NONE,NONE;PASSENGER CAR,PASSENGER CAR;PASSENGER CAR,PASSENGER CAR;PASSENGER CAR,PASSENGER CAR;PASSENGER CAR,PASSENGER CAR
35228;135 FEET FROM FORESIGHT DR;NO SPECIAL FEATURE;STRAIGHT,LEVEL;PUBLIC VEHICULAR AREA;TWO-WAY,NOT DIVIDED;SMOOTH ASPHALT;DRY;DAYLIGHT;CLOUDY;NO CONTROL PRESENT;35.828402453;-78.88364319;-78.8836;35.828;P082;119;0;0;1;;;;NONE;;SPORT UTILITY;PASSENGER CAR;;;;NO;12599;2018-08-22;5:20:37 PM;2018-08-22T21:20:37+00:00;35.828402453, -78.88364319;2018;No;No;8;;NONE;NONE;SPORT UTILITY,PASSENGER CAR;SPORT UTILITY,PASSENGER CAR;SPORT UTILITY,PASSENGER CAR;SPORT UTILITY,PASSENGER CAR
22667;100 FEET FROM PVA OF 110 MIDDLE CREEK PARK A;DRIVEWAY, PUBLIC;STRAIGHT,LEVEL;PUBLIC VEHICULAR AREA;ONE-WAY,NOT DIVIDED;SMOOTH ASPHALT;DRY;DAYLIGHT;CLEAR;NO CONTROL PRESENT;35.911314227;-78.48065062;-78.7598;35.6698;P119;116;0;0;;;NONE;;NONE;;SPORT UTILITY;VAN;;;;NO;2047;2016-06-14;3:13:18 PM;2016-06-14T19:13:18+00:00;35.911314227, -78.48065062;2016;No;No;6;NONE;NONE,NONE;NONE,NONE;SPORT UTILITY,VAN;SPORT UTILITY,VAN;SPORT UTILITY,VAN;SPORT UTILITY,VAN
35229;CARY;RELATED TO INTERSECTION;STRAIGHT,LEVEL;STATE SECONDARY ROUTE;TWO-WAY,NOT DIVIDED;SMOOTH ASPHALT;DRY;DAYLIGHT;CLOUDY;STOP AND GO SIGNAL;;;-78.7508;35.7949;;;0;0;2;;NONE;;NONE;;PASSENGER CAR;PASSENGER CAR;;;;NO;12600;2018-08-22;6:03:46 PM;2018-08-22T22:03:46+00:00;;2018;No;No;8;NONE;NONE,NONE;NONE,NONE;PASSENGER CAR,PASSENGER CAR;PASSENGER CAR,PASSENGER CAR;PASSENGER CAR,PASSENGER CAR;PASSENGER CAR,PASSENGER CAR
22672;0 FEET FROM SR 1009 (TRYON RD);FOUR-WAY INTERSECTION;STRAIGHT,LEVEL;STATE SECONDARY ROUTE;TWO-WAY,DIVIDED,UNPROTECTED MEDIAN;SMOOTH ASPHALT;DRY;DAYLIGHT;CLEAR;STOP AND GO SIGNAL;35.745646055;-78.74064505;-78.74085;35.745703;P046;118;0;0;;;;;NONE;;PASSENGER CAR;PICKUP;;;;NO;2052;2016-06-16;7:36:44 AM;2016-06-16T11:36:44+00:00;35.745646055, -78.74064505;2016;No;No;6;;NONE;NONE;PASSENGER CAR,PICKUP;PASSENGER CAR,PICKUP;PASSENGER CAR,PICKUP;PASSENGER CAR,PICKUP
35230;CARY;FOUR-WAY INTERSECTION;STRAIGHT,LEVEL;STATE SECONDARY ROUTE;TWO-WAY,NOT DIVIDED;SMOOTH ASPHALT;DRY;DAYLIGHT;CLEAR;STOP SIGN;;;-78.794432;35.705626;;;0;0;;;NONE;;NONE;;PASSENGER CAR;PASSENGER CAR;;;;NO;12601;2018-08-22;5:05:15 PM;2018-08-22T21:05:15+00:00;;2018;No;No;8;NONE;NONE,NONE;NONE,NONE;PASSENGER CAR,PASSENGER CAR;PASSENGER CAR,PASSENGER CAR;PASSENGER CAR,PASSENGER CAR;PASSENGER CAR,PASSENGER CAR
22674;0 FEET FROM SR 1615 (HIGH HOUSE RD);NO SPECIAL FEATURE;STRAIGHT,LEVEL;STATE SECONDARY ROUTE;TWO-WAY,DIVIDED,POSITIVE MEDIAN BARRIER;SMOOTH ASPHALT;DRY;DAYLIGHT;CLEAR;FLASHING STOP AND GO SIGNAL;35.789054218;-78.82890126;-78.8312;35.7878;P067;121;0;0;;;NONE;;NONE;;PASSENGER CAR;VAN;;;;NO;2054;2016-06-14;7:24:33 PM;2016-06-14T23:24:33+00:00;35.789054218, -78.82890126;2016;No;No;6;NONE;NONE,NONE;NONE,NONE;PASSENGER CAR,VAN;PASSENGER CAR,VAN;PASSENGER CAR,VAN;PASSENGER CAR,VAN
35233;.1 MILES FROM US1;NO SPECIAL FEATURE;STRAIGHT,LEVEL;US ROUTE;TWO-WAY,DIVIDED,POSITIVE MEDIAN BARRIER;GROOVED CONCRETE;WATER (STANDING, MOVING);DARK - LIGHTED ROADWAY;RAIN;NO CONTROL PRESENT;;;-78.750753;35.759369;;112;0;0;2;;;;NONE;;SPORT UTILITY;;;;;NO;12604;2018-08-22;7:26:35 PM;2018-08-22T23:26:35+00:00;;2018;No;No;8;;NONE;NONE;SPORT UTILITY;SPORT UTILITY;SPORT UTILITY;SPORT UTILITY
22675;30 FEET FROM SR 1300 (KILDAIRE FARM RD);NO SPECIAL FEATURE;STRAIGHT,GRADE;STATE SECONDARY ROUTE;TWO-WAY,NOT DIVIDED;SMOOTH ASPHALT;DRY;DAYLIGHT;CLEAR;STOP AND GO SIGNAL;;;-78.783452;35.761983;;;0;1;4;;NONE;;NONE;;PASSENGER CAR;SPORT UTILITY;SPORT UTILITY;;;NO;2055;2016-06-15;5:18:37 PM;2016-06-15T21:18:37+00:00;;2016;No;Yes;6;NONE;NONE,NONE;NONE,NONE;PASSENGER CAR,SPORT UTILITY;PASSENGER CAR,SPORT UTILITY,SPORT UTILITY;PASSENGER CAR,SPORT UTILITY,SPORT UTILITY;PASSENGER CAR,SPORT UTILITY,SPORT UTILITY
35235;CARY;NO SPECIAL FEATURE;STRAIGHT,HILLCREST;US ROUTE;TWO-WAY,DIVIDED,POSITIVE MEDIAN BARRIER;COARSE ASPHALT;DRY;DARK - ROADWAY NOT LIGHTED;CLEAR;NO CONTROL PRESENT;;;-78.781808;35.743855;;;0;2;1;;NONE;;NONE;;PASSENGER CAR;;;;;NO;12606;2018-08-17;11:08 PM;2018-08-18T03:08:00+00:00;;2018;No;Yes;8;NONE;NONE,NONE;NONE,NONE;PASSENGER CAR;PASSENGER CAR;PASSENGER CAR;PASSENGER CAR
22680;380 FEET FROM PVA (6494 TRYON RD);DRIVEWAY, PUBLIC;STRAIGHT,LEVEL;PUBLIC VEHICULAR AREA;TWO-WAY,NOT DIVIDED;SMOOTH ASPHALT;DRY;DAYLIGHT;CLEAR;NO CONTROL PRESENT;;;-78.7626;35.7447;;;0;0;3;;;;NONE;;PASSENGER CAR;SPORT UTILITY;;;;NO;2060;2016-06-15;6:54:35 PM;2016-06-15T22:54:35+00:00;;2016;No;No;6;;NONE;NONE;PASSENGER CAR,SPORT UTILITY;PASSENGER CAR,SPORT UTILITY;PASSENGER CAR,SPORT UTILITY;PASSENGER CAR,SPORT UTILITY
35239;178 FEET FROM S.R.1415 (NW MAYARD RD);NO SPECIAL FEATURE;CURVE,GRADE;STATE SECONDARY ROUTE;TWO-WAY,NOT DIVIDED;SMOOTH ASPHALT;DRY;DAYLIGHT;CLEAR;NO CONTROL PRESENT;;;-78.8058;35.778;;117;0;0;5;;NONE;;NONE;;PASSENGER CAR;LIGHT TRUCK (MINI-VAN- PANEL);;;;NO;12610;2018-08-22;4:00:10 PM;2018-08-22T20:00:10+00:00;;2018;No;No;8;NONE;NONE,NONE;NONE,NONE;PASSENGER CAR,LIGHT TRUCK (MINI-VAN- PANEL);PASSENGER CAR,LIGHT TRUCK (MINI-VAN- PANEL);PASSENGER CAR,LIGHT TRUCK (MINI-VAN- PANEL);PASSENGER CAR,LIGHT TRUCK (MINI-VAN- PANEL)
22684;60 FEET FROM I-40, EXIT 287 EB;RELATED TO INTERSECTION;STRAIGHT,LEVEL;INTERSTATE;ONE-WAY,NOT DIVIDED;SMOOTH ASPHALT;DRY;DAYLIGHT;CLEAR;NO CONTROL PRESENT;35.831255317;-78.76481147;-78.7665;35.8309;P087;WAKE;0;0;;;;;NONE;;SPORT UTILITY;SPORT UTILITY;;;;NO;2064;2016-06-16;6:00:47 PM;2016-06-16T22:00:47+00:00;35.831255317, -78.76481147;2016;No;No;6;;NONE;NONE;SPORT UTILITY,SPORT UTILITY;SPORT UTILITY,SPORT UTILITY;SPORT UTILITY,SPORT UTILITY;SPORT UTILITY,SPORT UTILITY
35240;20 FEET FROM SR 3977 SE CARY PKWY;NO SPECIAL FEATURE;STRAIGHT,LEVEL;STATE SECONDARY ROUTE;TWO-WAY,DIVIDED,POSITIVE MEDIAN BARRIER;SMOOTH ASPHALT;DRY;DAYLIGHT;CLEAR;STOP AND GO SIGNAL;;;-78.744346;35.737198;;;0;0;;;NONE;;NONE;;PICKUP;SPORT UTILITY;;;;NO;12611;2018-08-23;3:40:46 PM;2018-08-23T19:40:46+00:00;;2018;No;No;8;NONE;NONE,NONE;NONE,NONE;PICKUP,SPORT UTILITY;PICKUP,SPORT UTILITY;PICKUP,SPORT UTILITY;PICKUP,SPORT UTILITY
22712;.06 MILES FROM SR 3977 (SW CARY PKWY);NO SPECIAL FEATURE;STRAIGHT,LEVEL;STATE SECONDARY ROUTE;TWO-WAY,DIVIDED,UNPROTECTED MEDIAN;SMOOTH ASPHALT;DRY;DAYLIGHT;CLEAR;NO CONTROL PRESENT;35.755910371;-78.81383498;-78.8151;35.7565;P040;115;0;0;;;;;NONE;;SPORT UTILITY;PASSENGER CAR;;;;NO;2092;2016-06-18;9:43:47 AM;2016-06-18T13:43:47+00:00;35.755910371, -78.81383498;2016;No;No;6;;NONE;NONE;SPORT UTILITY,PASSENGER CAR;SPORT UTILITY,PASSENGER CAR;SPORT UTILITY,PASSENGER CAR;SPORT UTILITY,PASSENGER CAR
35241;CARY;RELATED TO INTERSECTION;STRAIGHT,LEVEL;STATE SECONDARY ROUTE;TWO-WAY,DIVIDED,UNPROTECTED MEDIAN;SMOOTH ASPHALT;WET;DARK - LIGHTED ROADWAY;RAIN;STOP AND GO SIGNAL;;;-78.763496;35.795243;;;0;0;;;NONE;;NONE;;PASSENGER CAR;PASSENGER CAR;;;;NO;12612;2018-08-22;8:41:32 PM;2018-08-23T00:41:32+00:00;;2018;No;No;8;NONE;NONE,NONE;NONE,NONE;PASSENGER CAR,PASSENGER CAR;PASSENGER CAR,PASSENGER CAR;PASSENGER CAR,PASSENGER CAR;PASSENGER CAR,PASSENGER CAR
22722;15 FEET FROM HARRISON AVE TO I40 EB;ON-RAMP TERMINAL ON CROSSROAD;CURVE,HILLCREST;INTERSTATE;ONE-WAY,NOT DIVIDED;SMOOTH ASPHALT;DRY;DAYLIGHT;CLEAR;NO CONTROL PRESENT;;;-78.7645;35.8311;;;0;0;1;;NONE;;NONE;;PICKUP;PASSENGER CAR;;;;NO;2102;2016-06-17;3:19:25 PM;2016-06-17T19:19:25+00:00;;2016;No;No;6;NONE;NONE,NONE;NONE,NONE;PICKUP,PASSENGER CAR;PICKUP,PASSENGER CAR;PICKUP,PASSENGER CAR;PICKUP,PASSENGER CAR
35244;CARY;RELATED TO INTERSECTION;CURVE,LEVEL;STATE SECONDARY ROUTE;TWO-WAY,DIVIDED,UNPROTECTED MEDIAN;SMOOTH ASPHALT;DRY;DAYLIGHT;CLEAR;YIELD SIGN;;;-78.7801;35.7391;;;0;0;1;;NONE;;NONE;;PASSENGER CAR;SPORT UTILITY;;;;NO;12615;2018-08-23;11:04 AM;2018-08-23T15:04:00+00:00;;2018;No;No;8;NONE;NONE,NONE;NONE,NONE;PASSENGER CAR,SPORT UTILITY;PASSENGER CAR,SPORT UTILITY;PASSENGER CAR,SPORT UTILITY;PASSENGER CAR,SPORT UTILITY
22724;CARY;FOUR-WAY INTERSECTION;STRAIGHT,LEVEL;STATE SECONDARY ROUTE;TWO-WAY,NOT DIVIDED;SMOOTH ASPHALT;DRY;DARK - LIGHTED ROADWAY;CLEAR;STOP AND GO SIGNAL;;;-78.7409;35.7503;;;0;1;2;;NONE;;NONE;;VAN;SPORT UTILITY;;;;NO;2104;2016-06-18;9:45:02 PM;2016-06-19T01:45:02+00:00;;2016;No;Yes;6;NONE;NONE,NONE;NONE,NONE;VAN,SPORT UTILITY;VAN,SPORT UTILITY;VAN,SPORT UTILITY;VAN,SPORT UTILITY
35246;CARY;NO SPECIAL FEATURE;STRAIGHT,LEVEL;LOCAL STREET;TWO-WAY,NOT DIVIDED;SMOOTH ASPHALT;DRY;DAYLIGHT;CLEAR;STOP SIGN;35.761203252;-78.77533996;-78.775254;35.761196;P027;112;0;0;;;NONE;;NONE;;SPORT UTILITY;PICKUP;;;;NO;12617;2018-08-23;3:59:55 PM;2018-08-23T19:59:55+00:00;35.761203252, -78.77533996;2018;No;No;8;NONE;NONE,NONE;NONE,NONE;SPORT UTILITY,PICKUP;SPORT UTILITY,PICKUP;SPORT UTILITY,PICKUP;SPORT UTILITY,PICKUP
22730;.25 MILES FROM SR1621 GREEN HOPE SCHOOL RD;FOUR-WAY INTERSECTION;STRAIGHT,LEVEL;STATE SECONDARY ROUTE;TWO-WAY,NOT DIVIDED;SMOOTH ASPHALT;WET;DARK - LIGHTED ROADWAY;RAIN;STOP SIGN;35.798893115;-78.90026413;-78.9006;35.7988;P015;122;0;0;2;;NONE;;NONE;;PASSENGER CAR;SPORT UTILITY;;;;NO;2110;2016-06-15;7:52:12 PM;2016-06-15T23:52:12+00:00;35.798893115, -78.90026413;2016;No;No;6;NONE;NONE,NONE;NONE,NONE;PASSENGER CAR,SPORT UTILITY;PASSENGER CAR,SPORT UTILITY;PASSENGER CAR,SPORT UTILITY;PASSENGER CAR,SPORT UTILITY
35252;CARY;FOUR-WAY INTERSECTION;CURVE,LEVEL;STATE SECONDARY ROUTE;TWO-WAY,DIVIDED,UNPROTECTED MEDIAN;SMOOTH ASPHALT;DRY;DAYLIGHT;CLEAR;STOP AND GO SIGNAL;;;-78.9023;35.8222;;119;0;0;;;NONE;;NONE;;PASSENGER CAR;PASSENGER CAR;;;;NO;12623;2018-08-21;5:13:49 PM;2018-08-21T21:13:49+00:00;;2018;No;No;8;NONE;NONE,NONE;NONE,NONE;PASSENGER CAR,PASSENGER CAR;PASSENGER CAR,PASSENGER CAR;PASSENGER CAR,PASSENGER CAR;PASSENGER CAR,PASSENGER CAR
22733;450 FEET FROM SR3977 (CARY PARKWAY);NO SPECIAL FEATURE;STRAIGHT,LEVEL;STATE SECONDARY ROUTE;TWO-WAY,DIVIDED,UNPROTECTED MEDIAN;COARSE ASPHALT;DRY;DAYLIGHT;CLEAR;NO CONTROL PRESENT;35.773653023;-78.83476772;;;P064;117;0;0;;;NONE;;FAILURE TO YIELD RIGHT OF WAY;FAILURE TO YIELD RIGHT OF WAY;PASSENGER CAR;PASSENGER CAR;;;;CONSTRUCTION WORK AREA;2113;2016-06-10;6:22:04 PM;2016-06-10T22:22:04+00:00;35.773653023, -78.83476772;2016;No;No;6;NONE;NONE,FAILURE TO YIELD RIGHT OF WAY;NONE,FAILURE TO YIELD RIGHT OF WAY,FAILURE TO YIELD RIGHT OF WAY;PASSENGER CAR,PASSENGER CAR;PASSENGER CAR,PASSENGER CAR;PASSENGER CAR,PASSENGER CAR;PASSENGER CAR,PASSENGER CAR
35254;15 FEET FROM SR 1615 (HIGH HOUSE RD;NO SPECIAL FEATURE;STRAIGHT,LEVEL;STATE SECONDARY ROUTE;TWO-WAY,NOT DIVIDED;SMOOTH ASPHALT;DRY;DAYLIGHT;CLEAR;NO CONTROL PRESENT;;;-78.8247;35.7864;;114;0;0;2;;;;NONE;;SPORT UTILITY;VAN;;;;NO;12625;2018-08-22;7:54:49 AM;2018-08-22T11:54:49+00:00;;2018;No;No;8;;NONE;NONE;SPORT UTILITY,VAN;SPORT UTILITY,VAN;SPORT UTILITY,VAN;SPORT UTILITY,VAN
22734;100 FEET FROM NEW CASTLE CT;NO SPECIAL FEATURE;STRAIGHT,LEVEL;LOCAL STREET;TWO-WAY,NOT DIVIDED;SMOOTH ASPHALT;UNKNOWN;UNKNOWN;OTHER *;NO CONTROL PRESENT;35.781319279;-78.79390549;-78.794032;35.781232;P036;114;0;0;;;;;;;PASSENGER CAR;SPORT UTILITY;;;;NO;2114;2016-06-19;10:32 AM;2016-06-19T14:32:00+00:00;35.781319279, -78.79390549;2016;No;No;6;;;;PASSENGER CAR,SPORT UTILITY;PASSENGER CAR,SPORT UTILITY;PASSENGER CAR,SPORT UTILITY;PASSENGER CAR,SPORT UTILITY
35257;CARY;DRIVEWAY, PUBLIC;CURVE,HILLCREST;PUBLIC VEHICULAR AREA;TWO-WAY,NOT DIVIDED;SMOOTH ASPHALT;DRY;DAYLIGHT;CLOUDY;NO CONTROL PRESENT;;;-78.74;35.7449;;;0;0;;;NONE;;NONE;;PICKUP;PASSENGER CAR;;;;NO;12628;2018-08-24;10:51 AM;2018-08-24T14:51:00+00:00;;2018;No;No;8;NONE;NONE,NONE;NONE,NONE;PICKUP,PASSENGER CAR;PICKUP,PASSENGER CAR;PICKUP,PASSENGER CAR;PICKUP,PASSENGER CAR
22737;100 FEET FROM PVA 2791 NC 55 HWY;NO SPECIAL FEATURE;STRAIGHT,LEVEL;PUBLIC VEHICULAR AREA;TWO-WAY,NOT DIVIDED;SMOOTH ASPHALT;DRY;DAYLIGHT;CLEAR;NO CONTROL PRESENT;;;-78.8714;35.7857;;;0;0;;;NONE;;NONE;;SPORT UTILITY;PASSENGER CAR;;;;NO;2117;2016-06-20;7:57:01 AM;2016-06-20T11:57:01+00:00;;2016;No;No;6;NONE;NONE,NONE;NONE,NONE;SPORT UTILITY,PASSENGER CAR;SPORT UTILITY,PASSENGER CAR;SPORT UTILITY,PASSENGER CAR;SPORT UTILITY,PASSENGER CAR
35258;300 FEET FROM 7145 O KELLY CHAPEL;NO SPECIAL FEATURE;STRAIGHT,LEVEL;PUBLIC VEHICULAR AREA;TWO-WAY,NOT DIVIDED;SMOOTH ASPHALT;DRY;DAYLIGHT;CLEAR;NO CONTROL PRESENT;35.865215292;-78.94423441;-78.887479;35.84407;P094;CHAT;0;0;;;NONE;;NONE;;PASSENGER CAR;PASSENGER CAR;;;;NO;12629;2018-08-26;3:31:54 PM;2018-08-26T19:31:54+00:00;35.865215292, -78.94423441;2018;No;No;8;NONE;NONE,NONE;NONE,NONE;PASSENGER CAR,PASSENGER CAR;PASSENGER CAR,PASSENGER CAR;PASSENGER CAR,PASSENGER CAR;PASSENGER CAR,PASSENGER CAR