tamainid;location_description;rdfeature;rdcharacter;rdclass;rdconfigur;rdsurface;rdcondition;lightcond;weather;trafcontrl;lat;lon;lon2;lat2;tract;zone;fatality;possblinj;numpassengers;numpedestrians;contrcir1_desc;contrcir2_desc;contrcir3_desc;contrcir4_desc;vehicle1;vehicle2;vehicle3;vehicle4;vehicle5;workarea;records;ta_date;ta_time;crash_date;geo_location;year;fatalities;injuries;month;contrfact1;contrfact2;contributing_factor;vehicleconcat1;vehicleconcat2;vehicleconcat3;vehicle_type
22852;300 FEET FROM PVA 2861 JONES FRANKLIN RD;DRIVEWAY, PUBLIC;STRAIGHT,LEVEL;PUBLIC VEHICULAR AREA;TWO-WAY,NOT DIVIDED;SMOOTH ASPHALT;DRY;DAYLIGHT;CLEAR;NO CONTROL PRESENT;;;-78.7371;35.7443;;;0;0;1;;NONE;;NONE;;PICKUP;PASSENGER CAR;;;;NO;2231;2016-06-29;12:13 PM;2016-06-29T16:13:00+00:00;;2016;No;No;6;NONE;NONE,NONE;NONE,NONE;PICKUP,PASSENGER CAR;PICKUP,PASSENGER CAR;PICKUP,PASSENGER CAR;PICKUP,PASSENGER CAR
35347;132 FEET FROM SR1624 (CARPENTER FIRE STATION;BRIDGE APPROACH;STRAIGHT,LEVEL;STATE SECONDARY ROUTE;TWO-WAY,DIVIDED,POSITIVE MEDIAN BARRIER;SMOOTH ASPHALT;DRY;DAYLIGHT;CLEAR;NO CONTROL PRESENT;;;-78.8939;35.8226;;;0;1;;;NONE;;NONE;;SPORT UTILITY;;;;;NO;12718;2018-08-28;7:10:03 PM;2018-08-28T23:10:03+00:00;;2018;No;Yes;8;NONE;NONE,NONE;NONE,NONE;SPORT UTILITY;SPORT UTILITY;SPORT UTILITY;SPORT UTILITY
22853;200 FEET FROM ACKLEY CT;NO SPECIAL FEATURE;STRAIGHT,LEVEL;LOCAL STREET;TWO-WAY,NOT DIVIDED;SMOOTH ASPHALT;DRY;DAYLIGHT;CLEAR;NO CONTROL PRESENT;35.797690346;-78.75611433;-745414.94;2072265.0;P034;113;0;0;;;NONE;;NONE;;PICKUP;SINGLE UNIT TRUCK (2-AXLE- 6-TIRE);;;;NO;2232;2016-06-29;10:28 AM;2016-06-29T14:28:00+00:00;35.797690346, -78.75611433;2016;No;No;6;NONE;NONE,NONE;NONE,NONE;PICKUP,SINGLE UNIT TRUCK (2-AXLE- 6-TIRE);PICKUP,SINGLE UNIT TRUCK (2-AXLE- 6-TIRE);PICKUP,SINGLE UNIT TRUCK (2-AXLE- 6-TIRE);PICKUP,SINGLE UNIT TRUCK (2-AXLE- 6-TIRE)
35350;.1 MILES FROM 6770 MCCRIMMON PKWY (PVA);NO SPECIAL FEATURE;STRAIGHT,LEVEL;PUBLIC VEHICULAR AREA;TWO-WAY,NOT DIVIDED;SMOOTH ASPHALT;DRY;DAYLIGHT;CLEAR;NO CONTROL PRESENT;35.830698648;-78.87819744;-78.8908;35.8298;P091;WAKE;0;0;2;;;;NONE;;SPORT UTILITY;PASSENGER CAR;;;;NO;12721;2018-08-28;2:52:00 PM;2018-08-28T18:52:00+00:00;35.830698648, -78.87819744;2018;No;No;8;;NONE;NONE;SPORT UTILITY,PASSENGER CAR;SPORT UTILITY,PASSENGER CAR;SPORT UTILITY,PASSENGER CAR;SPORT UTILITY,PASSENGER CAR
22855;150 FEET FROM GENTLEWOODS DR;NO SPECIAL FEATURE;CURVE,LEVEL;LOCAL STREET;TWO-WAY,NOT DIVIDED;SMOOTH ASPHALT;DRY;DAYLIGHT;CLEAR;NO CONTROL PRESENT;35.719991163;-78.80790183;-78.8078;35.7205;P043;116;0;0;;;NONE;;NONE;;UNKNOWN;;;;;NO;2234;2016-06-28;3:31:19 PM;2016-06-28T19:31:19+00:00;35.719991163, -78.80790183;2016;No;No;6;NONE;NONE,NONE;NONE,NONE;UNKNOWN;UNKNOWN;UNKNOWN;UNKNOWN
35353;CARY;RELATED TO INTERSECTION;STRAIGHT,LEVEL;STATE SECONDARY ROUTE;TWO-WAY,NOT DIVIDED;SMOOTH ASPHALT;DRY;DAYLIGHT;CLEAR;STOP AND GO SIGNAL;;;-78.7624;35.8323;;;0;0;2;;;;NONE;;SPORT UTILITY;SPORT UTILITY;;;;NO;12724;2018-08-29;2:39:38 PM;2018-08-29T18:39:38+00:00;;2018;No;No;8;;NONE;NONE;SPORT UTILITY,SPORT UTILITY;SPORT UTILITY,SPORT UTILITY;SPORT UTILITY,SPORT UTILITY;SPORT UTILITY,SPORT UTILITY
22859;300 FEET FROM PVA OF 1131 KILDAIRE FARM RD;DRIVEWAY, PUBLIC;STRAIGHT,LEVEL;PUBLIC VEHICULAR AREA;TWO-WAY,NOT DIVIDED;SMOOTH ASPHALT;DRY;DAYLIGHT;CLEAR;NO CONTROL PRESENT;;;-78.782445;35.761119;;;0;0;;;NONE;;NONE;;SPORT UTILITY;PASSENGER CAR;;;;NO;2238;2016-06-29;10:43 AM;2016-06-29T14:43:00+00:00;;2016;No;No;6;NONE;NONE,NONE;NONE,NONE;SPORT UTILITY,PASSENGER CAR;SPORT UTILITY,PASSENGER CAR;SPORT UTILITY,PASSENGER CAR;SPORT UTILITY,PASSENGER CAR
35357;CARY;FOUR-WAY INTERSECTION;STRAIGHT,LEVEL;STATE SECONDARY ROUTE;TWO-WAY,NOT DIVIDED;SMOOTH ASPHALT;DRY;DAYLIGHT;CLEAR;STOP SIGN;;;-78.7955;35.7681;;;0;0;1;;NONE;;NONE;;PASSENGER CAR;LIGHT TRUCK (MINI-VAN- PANEL);;;;NO;12728;2018-08-30;2:43:02 PM;2018-08-30T18:43:02+00:00;;2018;No;No;8;NONE;NONE,NONE;NONE,NONE;PASSENGER CAR,LIGHT TRUCK (MINI-VAN- PANEL);PASSENGER CAR,LIGHT TRUCK (MINI-VAN- PANEL);PASSENGER CAR,LIGHT TRUCK (MINI-VAN- PANEL);PASSENGER CAR,LIGHT TRUCK (MINI-VAN- PANEL)
22861;CARY;NO SPECIAL FEATURE;STRAIGHT,LEVEL;NC ROUTE;TWO-WAY,DIVIDED,UNPROTECTED MEDIAN;CONCRETE;DRY;DARK - LIGHTED ROADWAY;CLEAR;STOP AND GO SIGNAL;35.823265407;-78.87413243;-78.874245;35.823329;P091;WAKE;0;3;1;;NONE;;NONE;;PASSENGER CAR;PASSENGER CAR;;;;NO;2240;2016-07-01;12:24 AM;2016-07-01T04:24:00+00:00;35.823265407, -78.87413243;2016;No;Yes;7;NONE;NONE,NONE;NONE,NONE;PASSENGER CAR,PASSENGER CAR;PASSENGER CAR,PASSENGER CAR;PASSENGER CAR,PASSENGER CAR;PASSENGER CAR,PASSENGER CAR
35361;100 FEET FROM US 1;NO SPECIAL FEATURE;STRAIGHT,LEVEL;US ROUTE;TWO-WAY,DIVIDED,POSITIVE MEDIAN BARRIER;SMOOTH ASPHALT;DRY;DAYLIGHT;CLEAR;NO CONTROL PRESENT;;;-78.795061;35.736225;;;0;0;1;;NONE;;NONE;;PASSENGER CAR;SINGLE UNIT TRUCK (2-AXLE- 6-TIRE);;;;NO;12732;2018-08-30;3:37:05 PM;2018-08-30T19:37:05+00:00;;2018;No;No;8;NONE;NONE,NONE;NONE,NONE;PASSENGER CAR,SINGLE UNIT TRUCK (2-AXLE- 6-TIRE);PASSENGER CAR,SINGLE UNIT TRUCK (2-AXLE- 6-TIRE);PASSENGER CAR,SINGLE UNIT TRUCK (2-AXLE- 6-TIRE);PASSENGER CAR,SINGLE UNIT TRUCK (2-AXLE- 6-TIRE)
22863;.1 MILES FROM P.V.A. 1000 UMSTEAD HOLLOW PL;DRIVEWAY, PUBLIC;STRAIGHT,LEVEL;PUBLIC VEHICULAR AREA;TWO-WAY,NOT DIVIDED;SMOOTH ASPHALT;DRY;DAYLIGHT;CLEAR;NO CONTROL PRESENT;;;-78.7833;35.8344;;;0;0;;;;;NONE;;PASSENGER CAR;;;;;NO;2242;2016-06-30;5:23:27 PM;2016-06-30T21:23:27+00:00;;2016;No;No;6;;NONE;NONE;PASSENGER CAR;PASSENGER CAR;PASSENGER CAR;PASSENGER CAR
35362;80 FEET FROM SR 1415 (SW MAYNARD RD);NO SPECIAL FEATURE;STRAIGHT,LEVEL;STATE SECONDARY ROUTE;TWO-WAY,NOT DIVIDED;SMOOTH ASPHALT;DRY;DAYLIGHT;CLEAR;NO CONTROL PRESENT;;;-78.7876;35.7714;;;0;0;;;;;NONE;;SPORT UTILITY;SPORT UTILITY;;;;NO;12733;2018-08-30;5:10:52 PM;2018-08-30T21:10:52+00:00;;2018;No;No;8;;NONE;NONE;SPORT UTILITY,SPORT UTILITY;SPORT UTILITY,SPORT UTILITY;SPORT UTILITY,SPORT UTILITY;SPORT UTILITY,SPORT UTILITY
22866;CARY;FOUR-WAY INTERSECTION;STRAIGHT,LEVEL;STATE SECONDARY ROUTE;TWO-WAY,DIVIDED,UNPROTECTED MEDIAN;SMOOTH ASPHALT;DRY;DAYLIGHT;CLEAR;STOP SIGN;;;-78.8032;35.7941;;;0;0;;;;;NONE;;SPORT UTILITY;SPORT UTILITY;;;;NO;2245;2016-06-29;4:58:59 PM;2016-06-29T20:58:59+00:00;;2016;No;No;6;;NONE;NONE;SPORT UTILITY,SPORT UTILITY;SPORT UTILITY,SPORT UTILITY;SPORT UTILITY,SPORT UTILITY;SPORT UTILITY,SPORT UTILITY
35363;5 FEET FROM SR-3081 CHAPEL HILL RD;NO SPECIAL FEATURE;STRAIGHT,LEVEL;STATE SECONDARY ROUTE;TWO-WAY,NOT DIVIDED;SMOOTH ASPHALT;DRY;DAYLIGHT;CLEAR;NO CONTROL PRESENT;;;-78.749;35.7934;;;0;0;;;NONE;;NONE;;VAN;PICKUP;SPORT UTILITY;;;NO;12734;2018-08-30;4:42:38 PM;2018-08-30T20:42:38+00:00;;2018;No;No;8;NONE;NONE,NONE;NONE,NONE;VAN,PICKUP;VAN,PICKUP,SPORT UTILITY;VAN,PICKUP,SPORT UTILITY;VAN,PICKUP,SPORT UTILITY
22874;175 FEET FROM PVA 2010 KILDAIRE FARM ROAD;FOUR-WAY INTERSECTION;STRAIGHT,GRADE;PUBLIC VEHICULAR AREA;TWO-WAY,DIVIDED,UNPROTECTED MEDIAN;SMOOTH ASPHALT;DRY;DAYLIGHT;CLEAR;STOP SIGN;;;-78.7802;35.7373;;;0;0;;;;;NONE;;PASSENGER CAR;PASSENGER CAR;;;;NO;2253;2016-06-30;1:36:48 PM;2016-06-30T17:36:48+00:00;;2016;No;No;6;;NONE;NONE;PASSENGER CAR,PASSENGER CAR;PASSENGER CAR,PASSENGER CAR;PASSENGER CAR,PASSENGER CAR;PASSENGER CAR,PASSENGER CAR
35372;50 FEET FROM PVA 1393 KILDAIRE FARM RD;NO SPECIAL FEATURE;STRAIGHT,LEVEL;PUBLIC VEHICULAR AREA;ONE-WAY,NOT DIVIDED;SMOOTH ASPHALT;DRY;DAYLIGHT;CLEAR;NO CONTROL PRESENT;;;-78.78214;35.758685;;;0;0;1;;NONE;;NONE;;PASSENGER CAR;PASSENGER CAR;;;;NO;12743;2018-08-30;3:13:52 PM;2018-08-30T19:13:52+00:00;;2018;No;No;8;NONE;NONE,NONE;NONE,NONE;PASSENGER CAR,PASSENGER CAR;PASSENGER CAR,PASSENGER CAR;PASSENGER CAR,PASSENGER CAR;PASSENGER CAR,PASSENGER CAR
22890;20 FEET FROM SR 1619 (WALDO ROOD BLVD);FOUR-WAY INTERSECTION;STRAIGHT,LEVEL;STATE SECONDARY ROUTE;TWO-WAY,DIVIDED,POSITIVE MEDIAN BARRIER;SMOOTH ASPHALT;WET;DAYLIGHT;RAIN;STOP AND GO SIGNAL;35.778459369;-78.83788614;-78.83769;35.780674;P066;117;0;0;;;NONE;;COMING FROM BEHIND PARKED VEHICLE;;PASSENGER CAR;PASSENGER CAR;;;;NO;2269;2016-06-28;9:28:06 AM;2016-06-28T13:28:06+00:00;35.778459369, -78.83788614;2016;No;No;6;NONE;NONE,COMING FROM BEHIND PARKED VEHICLE;NONE,COMING FROM BEHIND PARKED VEHICLE;PASSENGER CAR,PASSENGER CAR;PASSENGER CAR,PASSENGER CAR;PASSENGER CAR,PASSENGER CAR;PASSENGER CAR,PASSENGER CAR
35374;300 FEET FROM 1815 KEISLER DR (P.V.A.);DRIVEWAY, PUBLIC;STRAIGHT,LEVEL;PUBLIC VEHICULAR AREA;UNKNOWN;SMOOTH ASPHALT;DRY;DAYLIGHT;CLEAR;NO CONTROL PRESENT;;;-78.779146;35.741109;;;0;0;;;NONE;;NONE;;SPORT UTILITY;PASSENGER CAR;;;;NO;12745;2018-08-23;4:23:36 PM;2018-08-23T20:23:36+00:00;;2018;No;No;8;NONE;NONE,NONE;NONE,NONE;SPORT UTILITY,PASSENGER CAR;SPORT UTILITY,PASSENGER CAR;SPORT UTILITY,PASSENGER CAR;SPORT UTILITY,PASSENGER CAR
22892;100 FEET FROM PVA OF 3000 RENAISSANCE PARK P;OTHER *;STRAIGHT,GRADE;PUBLIC VEHICULAR AREA;TWO-WAY,NOT DIVIDED;SMOOTH ASPHALT;DRY;OTHER *;CLEAR;NO CONTROL PRESENT;;;-78.7725;35.8265;;;0;0;;;;;NONE;;PASSENGER CAR;PASSENGER CAR;;;;NO;2271;2016-07-02;10:55 AM;2016-07-02T14:55:00+00:00;;2016;No;No;7;;NONE;NONE;PASSENGER CAR,PASSENGER CAR;PASSENGER CAR,PASSENGER CAR;PASSENGER CAR,PASSENGER CAR;PASSENGER CAR,PASSENGER CAR
35381;240 FEET FROM SR 1010 (TEN TEN RD);NO SPECIAL FEATURE;STRAIGHT,LEVEL;STATE SECONDARY ROUTE;TWO-WAY,DIVIDED,UNPROTECTED MEDIAN;SMOOTH ASPHALT;DRY;DAYLIGHT;CLEAR;NO CONTROL PRESENT;;;-78.784325;35.701265;;;0;0;2;;NONE;;NONE;;SPORT UTILITY;VAN;;;;NO;12752;2018-09-01;9:53:59 AM;2018-09-01T13:53:59+00:00;;2018;No;No;9;NONE;NONE,NONE;NONE,NONE;SPORT UTILITY,VAN;SPORT UTILITY,VAN;SPORT UTILITY,VAN;SPORT UTILITY,VAN
22893;80 FEET FROM SR 1521 (LAKE PINE DR);NO SPECIAL FEATURE;STRAIGHT,GRADE;STATE SECONDARY ROUTE;TWO-WAY,NOT DIVIDED;SMOOTH ASPHALT;DRY;DAYLIGHT;CLEAR;NO CONTROL PRESENT;35.754988085;-78.80849664;-78.806;35.757;P040;115;0;0;;;;;NONE;;PASSENGER CAR;PASSENGER CAR;;;;NO;2272;2016-07-01;1:51:00 PM;2016-07-01T17:51:00+00:00;35.754988085, -78.80849664;2016;No;No;7;;NONE;NONE;PASSENGER CAR,PASSENGER CAR;PASSENGER CAR,PASSENGER CAR;PASSENGER CAR,PASSENGER CAR;PASSENGER CAR,PASSENGER CAR
35382;CARY;FOUR-WAY INTERSECTION;STRAIGHT,LEVEL;STATE SECONDARY ROUTE;TWO-WAY,DIVIDED,UNPROTECTED MEDIAN;SMOOTH ASPHALT;DRY;DARK - LIGHTED ROADWAY;CLEAR;STOP AND GO SIGNAL;35.791416412;-78.84726964;-78.847227;35.7916;P078;121;0;0;;;NONE;;NONE;;PASSENGER CAR;PASSENGER CAR;;;;NO;12753;2018-09-02;2:51:03 AM;2018-09-02T06:51:03+00:00;35.791416412, -78.84726964;2018;No;No;9;NONE;NONE,NONE;NONE,NONE;PASSENGER CAR,PASSENGER CAR;PASSENGER CAR,PASSENGER CAR;PASSENGER CAR,PASSENGER CAR;PASSENGER CAR,PASSENGER CAR
22894;CARY;NO SPECIAL FEATURE;STRAIGHT,LEVEL;STATE SECONDARY ROUTE;TWO-WAY,DIVIDED,UNPROTECTED MEDIAN;SMOOTH ASPHALT;DRY;DAYLIGHT;CLEAR;STOP SIGN;35.752367952;-78.77382465;-78.7738;35.7525;P027;112;0;0;;;NONE;;NONE;;PICKUP;PASSENGER CAR;;;;NO;2273;2016-07-01;2:00:17 PM;2016-07-01T18:00:17+00:00;35.752367952, -78.77382465;2016;No;No;7;NONE;NONE,NONE;NONE,NONE;PICKUP,PASSENGER CAR;PICKUP,PASSENGER CAR;PICKUP,PASSENGER CAR;PICKUP,PASSENGER CAR
35386;393 FEET FROM DELCHESTER CT;NO SPECIAL FEATURE;STRAIGHT,LEVEL;LOCAL STREET;TWO-WAY,NOT DIVIDED;COARSE ASPHALT;DRY;DARK - ROADWAY NOT LIGHTED;CLEAR;NO CONTROL PRESENT;;;-78.777;35.8102;;;0;0;;;;;NONE;;PASSENGER CAR;PASSENGER CAR;;;;NO;12757;2018-09-03;10:41 AM;2018-09-03T14:41:00+00:00;;2018;No;No;9;;NONE;NONE;PASSENGER CAR,PASSENGER CAR;PASSENGER CAR,PASSENGER CAR;PASSENGER CAR,PASSENGER CAR;PASSENGER CAR,PASSENGER CAR
22902;.1326 MILES FROM PVA (2350 WALNUT ST);NO SPECIAL FEATURE;STRAIGHT,LEVEL;PUBLIC VEHICULAR AREA;TWO-WAY,NOT DIVIDED;SMOOTH ASPHALT;DRY;DAYLIGHT;CLEAR;STOP SIGN;;;-78.7441;35.7541;;;0;0;2;;NONE;;NONE;;PASSENGER CAR;PASSENGER CAR;;;;NO;2281;2016-06-30;6:42:34 PM;2016-06-30T22:42:34+00:00;;2016;No;No;6;NONE;NONE,NONE;NONE,NONE;PASSENGER CAR,PASSENGER CAR;PASSENGER CAR,PASSENGER CAR;PASSENGER CAR,PASSENGER CAR;PASSENGER CAR,PASSENGER CAR
35390;.1 MILES FROM SR 1315 BUCK JONES RD;NO SPECIAL FEATURE;STRAIGHT,LEVEL;STATE SECONDARY ROUTE;TWO-WAY,NOT DIVIDED;SMOOTH ASPHALT;DRY;DAYLIGHT;CLEAR;NO CONTROL PRESENT;;;;;;112;0;0;3;;;;NONE;;PASSENGER CAR;SPORT UTILITY;;;;NO;12761;2018-08-31;3:20:14 PM;2018-08-31T19:20:14+00:00;;2018;No;No;8;;NONE;NONE;PASSENGER CAR,SPORT UTILITY;PASSENGER CAR,SPORT UTILITY;PASSENGER CAR,SPORT UTILITY;PASSENGER CAR,SPORT UTILITY
22904;350 FEET FROM PVA( 204 CROSSROADS BLVD);DRIVEWAY, PUBLIC;STRAIGHT,GRADE;PUBLIC VEHICULAR AREA;TWO-WAY,NOT DIVIDED;SMOOTH ASPHALT;DRY;DAYLIGHT;CLEAR;NO CONTROL PRESENT;;;-78.741;35.7603;;;0;0;;;;;NONE;;SPORT UTILITY;PASSENGER CAR;;;;NO;2283;2016-07-01;4:52:13 PM;2016-07-01T20:52:13+00:00;;2016;No;No;7;;NONE;NONE;SPORT UTILITY,PASSENGER CAR;SPORT UTILITY,PASSENGER CAR;SPORT UTILITY,PASSENGER CAR;SPORT UTILITY,PASSENGER CAR
35391;.25 MILES FROM 1011 S.R. OLD APEX RD;FOUR-WAY INTERSECTION;STRAIGHT,LEVEL;STATE SECONDARY ROUTE;TWO-WAY,NOT DIVIDED;SMOOTH ASPHALT;DRY;DAYLIGHT;CLEAR;STOP AND GO SIGNAL;;;-78.82237;35.761921;;;0;0;;;NONE;;NONE;;PASSENGER CAR;PASSENGER CAR;;;;NO;12762;2018-08-31;4:33:41 PM;2018-08-31T20:33:41+00:00;;2018;No;No;8;NONE;NONE,NONE;NONE,NONE;PASSENGER CAR,PASSENGER CAR;PASSENGER CAR,PASSENGER CAR;PASSENGER CAR,PASSENGER CAR;PASSENGER CAR,PASSENGER CAR
22905;4 FEET FROM PVA PRESTON RESERVE APTS (1723;DRIVEWAY, PUBLIC;STRAIGHT,LEVEL;PUBLIC VEHICULAR AREA;TWO-WAY,NOT DIVIDED;SMOOTH ASPHALT;DRY;DAYLIGHT;CLEAR;NO CONTROL PRESENT;35.797435521;-78.81367235;-78.814;35.7974;P065;114;0;0;;;NONE;;NONE;;UNKNOWN;VAN;;;;NO;2284;2016-07-01;7:08:56 PM;2016-07-01T23:08:56+00:00;35.797435521, -78.81367235;2016;No;No;7;NONE;NONE,NONE;NONE,NONE;UNKNOWN,VAN;UNKNOWN,VAN;UNKNOWN,VAN;UNKNOWN,VAN
35399;10 FEET FROM GOOD HOPE CHURCH RD;T-INTERSECTION;STRAIGHT,LEVEL;LOCAL STREET;TWO-WAY,NOT DIVIDED;SMOOTH ASPHALT;DRY;DAYLIGHT;CLEAR;STOP SIGN;35.8294513;-78.87709195;-78.8771;35.8296;P082;119;0;0;1;;;;NONE;;PASSENGER CAR;SPORT UTILITY;;;;NO;12770;2018-09-01;2:48:09 PM;2018-09-01T18:48:09+00:00;35.8294513, -78.87709195;2018;No;No;9;;NONE;NONE;PASSENGER CAR,SPORT UTILITY;PASSENGER CAR,SPORT UTILITY;PASSENGER CAR,SPORT UTILITY;PASSENGER CAR,SPORT UTILITY
22916;30 FEET FROM SR 1300 (KILDAIRE FARM RD);RELATED TO INTERSECTION;STRAIGHT,LEVEL;STATE SECONDARY ROUTE;TWO-WAY,DIVIDED,UNPROTECTED MEDIAN;SMOOTH ASPHALT;DRY;DAYLIGHT;CLOUDY;STOP AND GO SIGNAL;35.71646194;-78.78791617;-78.7888;35.7173;P054;116;0;1;2;;;;NONE;;PASSENGER CAR;PASSENGER CAR;;;;NO;2295;2016-07-04;1:06:52 PM;2016-07-04T17:06:52+00:00;35.71646194, -78.78791617;2016;No;Yes;7;;NONE;NONE;PASSENGER CAR,PASSENGER CAR;PASSENGER CAR,PASSENGER CAR;PASSENGER CAR,PASSENGER CAR;PASSENGER CAR,PASSENGER CAR
35400;300 FEET FROM SR 1315 (BUCK JONES RD);NO SPECIAL FEATURE;STRAIGHT,LEVEL;STATE SECONDARY ROUTE;TWO-WAY,NOT DIVIDED;SMOOTH ASPHALT;DRY;DAYLIGHT;CLEAR;NO CONTROL PRESENT;;;-78.7449;35.7636;;112;0;0;;;;;NONE;;PASSENGER CAR;PASSENGER CAR;;;;NO;12771;2018-09-01;1:56:31 PM;2018-09-01T17:56:31+00:00;;2018;No;No;9;;NONE;NONE;PASSENGER CAR,PASSENGER CAR;PASSENGER CAR,PASSENGER CAR;PASSENGER CAR,PASSENGER CAR;PASSENGER CAR,PASSENGER CAR
22919;.25 MILES FROM NC 55 HWY;NO SPECIAL FEATURE;STRAIGHT,LEVEL;NC ROUTE;TWO-WAY,DIVIDED,UNPROTECTED MEDIAN;COARSE ASPHALT;DRY;DAYLIGHT;CLOUDY;NO CONTROL PRESENT;35.848917838;-78.89297788;-78.8915;35.8474;P091;WAKE;0;0;;;;;NONE;;PASSENGER CAR;;;;;NO;2298;2016-07-04;8:34:09 AM;2016-07-04T12:34:09+00:00;35.848917838, -78.89297788;2016;No;No;7;;NONE;NONE;PASSENGER CAR;PASSENGER CAR;PASSENGER CAR;PASSENGER CAR
35402;240 FEET FROM P.V.A. (6430 TRYON RD);DRIVEWAY, PUBLIC;STRAIGHT,LEVEL;PUBLIC VEHICULAR AREA;TWO-WAY,NOT DIVIDED;SMOOTH ASPHALT;WET;DAYLIGHT;RAIN;NO CONTROL PRESENT;;;-78.761175;35.745379;;;0;0;;;NONE;;NONE;;PASSENGER CAR;PICKUP;;;;NO;12773;2018-09-01;7:13:47 PM;2018-09-01T23:13:47+00:00;;2018;No;No;9;NONE;NONE,NONE;NONE,NONE;PASSENGER CAR,PICKUP;PASSENGER CAR,PICKUP;PASSENGER CAR,PICKUP;PASSENGER CAR,PICKUP
22923;100 FEET FROM PVA (742 E CHATHAM ST);DRIVEWAY, PUBLIC;STRAIGHT,LEVEL;PUBLIC VEHICULAR AREA;TWO-WAY,NOT DIVIDED;SMOOTH ASPHALT;DRY;DAYLIGHT;CLEAR;NO CONTROL PRESENT;;;-78.766;35.79;;;0;0;;;NONE;;NONE;;PASSENGER CAR;SPORT UTILITY;;;;NO;2302;2016-07-03;2:22:23 PM;2016-07-03T18:22:23+00:00;;2016;No;No;7;NONE;NONE,NONE;NONE,NONE;PASSENGER CAR,SPORT UTILITY;PASSENGER CAR,SPORT UTILITY;PASSENGER CAR,SPORT UTILITY;PASSENGER CAR,SPORT UTILITY
35405;CARY;T-INTERSECTION;STRAIGHT,LEVEL;STATE SECONDARY ROUTE;TWO-WAY,DIVIDED,UNPROTECTED MEDIAN;SMOOTH ASPHALT;DRY;DAYLIGHT;CLEAR;STOP AND GO SIGNAL;;;-78.7858;35.7366;;;0;1;1;;NONE;;NONE;;PASSENGER CAR;SPORT UTILITY;;;;NO;12776;2018-08-31;3:52:38 PM;2018-08-31T19:52:38+00:00;;2018;No;Yes;8;NONE;NONE,NONE;NONE,NONE;PASSENGER CAR,SPORT UTILITY;PASSENGER CAR,SPORT UTILITY;PASSENGER CAR,SPORT UTILITY;PASSENGER CAR,SPORT UTILITY
22927;150 FEET FROM PVA (1105 WALNUT ST);NO SPECIAL FEATURE;STRAIGHT,LEVEL;PUBLIC VEHICULAR AREA;TWO-WAY,NOT DIVIDED;SMOOTH ASPHALT;DRY;DARK - LIGHTED ROADWAY;CLEAR;NO CONTROL PRESENT;;;-78.7596;35.7709;;;0;0;;;NONE;;NONE;;PASSENGER CAR;;;;;NO;2306;2016-07-03;10:57 PM;2016-07-04T02:57:00+00:00;;2016;No;No;7;NONE;NONE,NONE;NONE,NONE;PASSENGER CAR;PASSENGER CAR;PASSENGER CAR;PASSENGER CAR
35406;CARY;RELATED TO INTERSECTION;STRAIGHT,LEVEL;STATE SECONDARY ROUTE;TWO-WAY,DIVIDED,UNPROTECTED MEDIAN;SMOOTH ASPHALT;DRY;DAYLIGHT;CLEAR;STOP AND GO SIGNAL;;;-78.902368;35.822282;;119;0;0;;;NONE;;NONE;;PASSENGER CAR;PASSENGER CAR;;;;NO;12777;2018-08-31;4:43:15 PM;2018-08-31T20:43:15+00:00;;2018;No;No;8;NONE;NONE,NONE;NONE,NONE;PASSENGER CAR,PASSENGER CAR;PASSENGER CAR,PASSENGER CAR;PASSENGER CAR,PASSENGER CAR;PASSENGER CAR,PASSENGER CAR
22934;.01 MILES FROM SR 1300 (KILDAIRE FARM RD);NO SPECIAL FEATURE;STRAIGHT,LEVEL;STATE SECONDARY ROUTE;TWO-WAY,DIVIDED,UNPROTECTED MEDIAN;SMOOTH ASPHALT;WET;DAYLIGHT;RAIN;STOP AND GO SIGNAL;35.713806102;-78.78948915;-78.788;35.7161;P052;116;0;0;1;;NONE;;NONE;;PASSENGER CAR;SPORT UTILITY;PASSENGER CAR;;;NO;2313;2016-07-05;4:43:13 PM;2016-07-05T20:43:13+00:00;35.713806102, -78.78948915;2016;No;No;7;NONE;NONE,NONE;NONE,NONE;PASSENGER CAR,SPORT UTILITY;PASSENGER CAR,SPORT UTILITY,PASSENGER CAR;PASSENGER CAR,SPORT UTILITY,PASSENGER CAR;PASSENGER CAR,SPORT UTILITY,PASSENGER CAR
35410;15 FEET FROM W JOHNSON ST;NO SPECIAL FEATURE;STRAIGHT,LEVEL;LOCAL STREET;TWO-WAY,NOT DIVIDED;SMOOTH ASPHALT;DRY;DAYLIGHT;CLEAR;NO CONTROL PRESENT;;;-78.7835;35.7936;;;0;0;;;NONE;;NONE;;PASSENGER CAR;PASSENGER CAR;;;;NO;12781;2018-08-31;7:58:08 PM;2018-08-31T23:58:08+00:00;;2018;No;No;8;NONE;NONE,NONE;NONE,NONE;PASSENGER CAR,PASSENGER CAR;PASSENGER CAR,PASSENGER CAR;PASSENGER CAR,PASSENGER CAR;PASSENGER CAR,PASSENGER CAR
22936;15 FEET FROM US 1 EXIT 98 RAMP SB;NO SPECIAL FEATURE;STRAIGHT,GRADE;STATE SECONDARY ROUTE;ONE-WAY,NOT DIVIDED;SMOOTH ASPHALT;DRY;DAYLIGHT;CLEAR;STOP AND GO SIGNAL;35.737921604;-78.79476536;-78.7943;35.7379;P043;116;0;0;2;;NONE;;NONE;;PASSENGER CAR;SPORT UTILITY;;;;NO;2315;2016-07-05;2:49:12 PM;2016-07-05T18:49:12+00:00;35.737921604, -78.79476536;2016;No;No;7;NONE;NONE,NONE;NONE,NONE;PASSENGER CAR,SPORT UTILITY;PASSENGER CAR,SPORT UTILITY;PASSENGER CAR,SPORT UTILITY;PASSENGER CAR,SPORT UTILITY