tamainid;location_description;rdfeature;rdcharacter;rdclass;rdconfigur;rdsurface;rdcondition;lightcond;weather;trafcontrl;lat;lon;lon2;lat2;tract;zone;fatality;possblinj;numpassengers;numpedestrians;contrcir1_desc;contrcir2_desc;contrcir3_desc;contrcir4_desc;vehicle1;vehicle2;vehicle3;vehicle4;vehicle5;workarea;records;ta_date;ta_time;crash_date;geo_location;year;fatalities;injuries;month;contrfact1;contrfact2;contributing_factor;vehicleconcat1;vehicleconcat2;vehicleconcat3;vehicle_type
35412;342 FEET FROM RYAN RD;NO SPECIAL FEATURE;STRAIGHT,LEVEL;LOCAL STREET;TWO-WAY,NOT DIVIDED;COARSE ASPHALT;DRY;DARK - ROADWAY NOT LIGHTED;CLEAR;NO CONTROL PRESENT;35.781786729;-78.76751472;-78.7676;35.7807;P058;120;0;0;1;;NONE;;NONE;;PASSENGER CAR;PASSENGER CAR;;;;NO;12783;2018-09-03;10:50 PM;2018-09-04T02:50:00+00:00;35.781786729, -78.76751472;2018;No;No;9;NONE;NONE,NONE;NONE,NONE;PASSENGER CAR,PASSENGER CAR;PASSENGER CAR,PASSENGER CAR;PASSENGER CAR,PASSENGER CAR;PASSENGER CAR,PASSENGER CAR
22940;25 FEET FROM SR#1300 (KILDAIRE FARM RD);FOUR-WAY INTERSECTION;STRAIGHT,LEVEL;STATE SECONDARY ROUTE;TWO-WAY,DIVIDED,POSITIVE MEDIAN BARRIER;SMOOTH ASPHALT;DRY;DAYLIGHT;CLEAR;STOP AND GO SIGNAL;35.718409804;-78.78888722;-78.794586;35.703728;P054;116;0;0;;;;;NONE;;VAN;PASSENGER CAR;;;;NO;2319;2016-06-22;3:13:33 PM;2016-06-22T19:13:33+00:00;35.718409804, -78.78888722;2016;No;No;6;;NONE;NONE;VAN,PASSENGER CAR;VAN,PASSENGER CAR;VAN,PASSENGER CAR;VAN,PASSENGER CAR
35422;.25 MILES FROM SW CARY PKWY;RELATED TO INTERSECTION;STRAIGHT,LEVEL;LOCAL STREET;TWO-WAY,DIVIDED,UNPROTECTED MEDIAN;SMOOTH ASPHALT;DRY;DAYLIGHT;CLEAR;STOP AND GO SIGNAL;35.760410501;-78.82059838;-78.82154;35.761761;P040;115;0;0;;;NONE;;NONE;;SPORT UTILITY;SPORT UTILITY;;;;NO;12793;2018-09-04;9:15:28 AM;2018-09-04T13:15:28+00:00;35.760410501, -78.82059838;2018;No;No;9;NONE;NONE,NONE;NONE,NONE;SPORT UTILITY,SPORT UTILITY;SPORT UTILITY,SPORT UTILITY;SPORT UTILITY,SPORT UTILITY;SPORT UTILITY,SPORT UTILITY
22946;CARY;FOUR-WAY INTERSECTION;STRAIGHT,LEVEL;LOCAL STREET;TWO-WAY,NOT DIVIDED;SMOOTH ASPHALT;DRY;DAYLIGHT;CLEAR;STOP SIGN;35.77520724;-78.7850706;-78.785101;35.775226;P036;114;0;0;;;NONE;;NONE;;PASSENGER CAR;PASSENGER CAR;;;;NO;2325;2016-07-06;4:13:59 PM;2016-07-06T20:13:59+00:00;35.77520724, -78.7850706;2016;No;No;7;NONE;NONE,NONE;NONE,NONE;PASSENGER CAR,PASSENGER CAR;PASSENGER CAR,PASSENGER CAR;PASSENGER CAR,PASSENGER CAR;PASSENGER CAR,PASSENGER CAR
35427;20 FEET FROM SR 1613 (DAVIS DR);RELATED TO INTERSECTION;STRAIGHT,GRADE;STATE SECONDARY ROUTE;TWO-WAY,DIVIDED,UNPROTECTED MEDIAN;SMOOTH ASPHALT;DRY;DAYLIGHT;CLEAR;STOP AND GO SIGNAL;;;-78.8471;35.791;;;0;0;1;;NONE;;NONE;;PASSENGER CAR;;;;;NO;12798;2018-09-04;2:32:11 PM;2018-09-04T18:32:11+00:00;;2018;No;No;9;NONE;NONE,NONE;NONE,NONE;PASSENGER CAR;PASSENGER CAR;PASSENGER CAR;PASSENGER CAR
22947;CARY;RELATED TO INTERSECTION;STRAIGHT,LEVEL;NC ROUTE;TWO-WAY,DIVIDED,UNPROTECTED MEDIAN;SMOOTH ASPHALT;DRY;DAYLIGHT;CLEAR;STOP AND GO SIGNAL;35.803068961;-78.87128172;-78.871;35.803;P091;WAKE;0;0;;;NONE;;NONE;;PASSENGER CAR;SPORT UTILITY;;;;NO;2326;2016-07-07;8:01:00 AM;2016-07-07T12:01:00+00:00;35.803068961, -78.87128172;2016;No;No;7;NONE;NONE,NONE;NONE,NONE;PASSENGER CAR,SPORT UTILITY;PASSENGER CAR,SPORT UTILITY;PASSENGER CAR,SPORT UTILITY;PASSENGER CAR,SPORT UTILITY
35430;CARY;NO SPECIAL FEATURE;STRAIGHT,LEVEL;PUBLIC VEHICULAR AREA;TWO-WAY,NOT DIVIDED;SMOOTH ASPHALT;DRY;DAYLIGHT;CLEAR;NO CONTROL PRESENT;35.77625371;-78.76027425;-78.754684;35.775562;P061;120;0;0;1;;NONE;;NONE;;PASSENGER CAR;PASSENGER CAR;;;;NO;12801;2018-09-04;5:23:38 PM;2018-09-04T21:23:38+00:00;35.77625371, -78.76027425;2018;No;No;9;NONE;NONE,NONE;NONE,NONE;PASSENGER CAR,PASSENGER CAR;PASSENGER CAR,PASSENGER CAR;PASSENGER CAR,PASSENGER CAR;PASSENGER CAR,PASSENGER CAR
22950;.1 MILES FROM PVA (1904 NW MAYNARD RD);DRIVEWAY, PUBLIC;STRAIGHT,LEVEL;PUBLIC VEHICULAR AREA;TWO-WAY,NOT DIVIDED;SMOOTH ASPHALT;DRY;DAYLIGHT;CLEAR;NO CONTROL PRESENT;35.8315976;-78.76871799;-78.7947;35.7987;P029;111;0;0;;;NONE;;NONE;;PASSENGER CAR;PASSENGER CAR;;;;NO;2329;2016-07-07;11:07 AM;2016-07-07T15:07:00+00:00;35.8315976, -78.76871799;2016;No;No;7;NONE;NONE,NONE;NONE,NONE;PASSENGER CAR,PASSENGER CAR;PASSENGER CAR,PASSENGER CAR;PASSENGER CAR,PASSENGER CAR;PASSENGER CAR,PASSENGER CAR
35433;CARY;FOUR-WAY INTERSECTION;STRAIGHT,LEVEL;STATE SECONDARY ROUTE;TWO-WAY,NOT DIVIDED;SMOOTH ASPHALT;DRY;DAYLIGHT;CLEAR;STOP SIGN;;;-78.7833;35.7908;;;0;0;;;;;NONE;;PASSENGER CAR;PASSENGER CAR;;;;NO;12804;2018-09-05;9:11:57 AM;2018-09-05T13:11:57+00:00;;2018;No;No;9;;NONE;NONE;PASSENGER CAR,PASSENGER CAR;PASSENGER CAR,PASSENGER CAR;PASSENGER CAR,PASSENGER CAR;PASSENGER CAR,PASSENGER CAR
22951;NEAR .2 MILES NE OF NE US 1 HWY;NO SPECIAL FEATURE;STRAIGHT,LEVEL;US ROUTE;TWO-WAY,DIVIDED,POSITIVE MEDIAN BARRIER;SMOOTH ASPHALT;DRY;DAYLIGHT;CLEAR;NO CONTROL PRESENT;35.758066593;-78.75355919;-78.73457;35.76684;P028;112;0;0;;;;;NONE;;SPORT UTILITY;SPORT UTILITY;;;;NO;2330;2016-07-07;8:26:12 AM;2016-07-07T12:26:12+00:00;35.758066593, -78.75355919;2016;No;No;7;;NONE;NONE;SPORT UTILITY,SPORT UTILITY;SPORT UTILITY,SPORT UTILITY;SPORT UTILITY,SPORT UTILITY;SPORT UTILITY,SPORT UTILITY
35434;30 FEET FROM DRY AVE;NO SPECIAL FEATURE;CURVE,LEVEL;LOCAL STREET;TWO-WAY,NOT DIVIDED;SMOOTH ASPHALT;DRY;DAYLIGHT;CLEAR;NO CONTROL PRESENT;;;-78.7816;35.7834;;;0;0;;;NONE;;NONE;;PASSENGER CAR;;;;;NO;12805;2018-09-04;11:48 AM;2018-09-04T15:48:00+00:00;;2018;No;No;9;NONE;NONE,NONE;NONE,NONE;PASSENGER CAR;PASSENGER CAR;PASSENGER CAR;PASSENGER CAR
22955;0.11 MILES FROM U.S. 64 HWY;OFF-RAMP ENTRY;STRAIGHT,GRADE;US ROUTE;TWO-WAY,DIVIDED,UNPROTECTED MEDIAN;SMOOTH ASPHALT;DRY;DUSK;CLEAR;NO CONTROL PRESENT;35.738696103;-78.79841368;-78.7966;35.7382;P041;116;0;0;1;;;;NONE;;PICKUP;PASSENGER CAR;PICKUP;;;NO;2334;2016-07-06;6:33:57 PM;2016-07-06T22:33:57+00:00;35.738696103, -78.79841368;2016;No;No;7;;NONE;NONE;PICKUP,PASSENGER CAR;PICKUP,PASSENGER CAR,PICKUP;PICKUP,PASSENGER CAR,PICKUP;PICKUP,PASSENGER CAR,PICKUP
35437;20 FEET FROM US 1 SOUTH EXIT;ON-RAMP PROPER;STRAIGHT,LEVEL;US ROUTE;TWO-WAY,DIVIDED,UNPROTECTED MEDIAN;SMOOTH ASPHALT;DRY;DAYLIGHT;CLEAR;YIELD SIGN;;;-78.74928;35.763221;;;0;0;;;NONE;;NONE;;PICKUP;;;;;NO;12808;2018-09-05;2:37:52 PM;2018-09-05T18:37:52+00:00;;2018;No;No;9;NONE;NONE,NONE;NONE,NONE;PICKUP;PICKUP;PICKUP;PICKUP
22956;200 FEET FROM 700 MAROUBA LOOP (PVA);NO SPECIAL FEATURE;STRAIGHT,LEVEL;PUBLIC VEHICULAR AREA;TWO-WAY,NOT DIVIDED;SMOOTH ASPHALT;DRY;DAYLIGHT;CLEAR;NO CONTROL PRESENT;35.801061629;-78.89322882;-78.806158;35.772717;P091;117;0;0;;;NONE;;NONE;;;PASSENGER CAR;;;;NO;2335;2016-07-05;9:34:17 AM;2016-07-05T13:34:17+00:00;35.801061629, -78.89322882;2016;No;No;7;NONE;NONE,NONE;NONE,NONE;PASSENGER CAR;PASSENGER CAR;PASSENGER CAR;PASSENGER CAR
35439;.1 MILES FROM US 1;OFF-RAMP PROPER;CURVE,LEVEL;US ROUTE;ONE-WAY,NOT DIVIDED;SMOOTH ASPHALT;DRY;DAYLIGHT;CLEAR;STOP AND GO SIGNAL;;;-78.7943;35.7379;;;0;0;;;NONE;;NONE;;SPORT UTILITY;PASSENGER CAR;;;;NO;12810;2018-09-04;10:18 AM;2018-09-04T14:18:00+00:00;;2018;No;No;9;NONE;NONE,NONE;NONE,NONE;SPORT UTILITY,PASSENGER CAR;SPORT UTILITY,PASSENGER CAR;SPORT UTILITY,PASSENGER CAR;SPORT UTILITY,PASSENGER CAR
22958;CARY;FOUR-WAY INTERSECTION;STRAIGHT,LEVEL;LOCAL STREET;TWO-WAY,NOT DIVIDED;SMOOTH ASPHALT;DRY;DAYLIGHT;CLEAR;STOP SIGN;35.790605202;-78.77649366;-78.7765;35.7906;P060;113;0;0;;;NONE;;NONE;;PASSENGER CAR;PASSENGER CAR;;;;NO;2337;2016-07-06;7:35:39 AM;2016-07-06T11:35:39+00:00;35.790605202, -78.77649366;2016;No;No;7;NONE;NONE,NONE;NONE,NONE;PASSENGER CAR,PASSENGER CAR;PASSENGER CAR,PASSENGER CAR;PASSENGER CAR,PASSENGER CAR;PASSENGER CAR,PASSENGER CAR
35446;400 FEET FROM 441 MILLS PARK DR;NO SPECIAL FEATURE;STRAIGHT,GRADE;PRIVATE ROAD,DRIVEWAY;TWO-WAY,DIVIDED,POSITIVE MEDIAN BARRIER;SMOOTH ASPHALT;DRY;DAYLIGHT;CLEAR;NO CONTROL PRESENT;35.80738477;-78.89755175;-78.898379;35.812014;P015;122;0;0;;;NONE;;NONE;;PASSENGER CAR;;;;;NO;12817;2018-09-04;2:38:55 PM;2018-09-04T18:38:55+00:00;35.80738477, -78.89755175;2018;No;No;9;NONE;NONE,NONE;NONE,NONE;PASSENGER CAR;PASSENGER CAR;PASSENGER CAR;PASSENGER CAR
22961;20 FEET FROM DAVIS DR SR 1613;RELATED TO INTERSECTION;STRAIGHT,LEVEL;STATE SECONDARY ROUTE;TWO-WAY,DIVIDED,UNPROTECTED MEDIAN;SMOOTH ASPHALT;DRY;DAYLIGHT;CLEAR;STOP AND GO SIGNAL;35.803314853;-78.84858431;-78.8484;35.8029;P078;121;0;0;;;NONE;;NONE;;SPORT UTILITY;PASSENGER CAR;;;;NO;2339;2016-07-07;3:42:29 PM;2016-07-07T19:42:29+00:00;35.803314853, -78.84858431;2016;No;No;7;NONE;NONE,NONE;NONE,NONE;SPORT UTILITY,PASSENGER CAR;SPORT UTILITY,PASSENGER CAR;SPORT UTILITY,PASSENGER CAR;SPORT UTILITY,PASSENGER CAR
35447;75 FEET FROM PVA (111 JAMES JACKSON AVE);DRIVEWAY, PUBLIC;STRAIGHT,LEVEL;PUBLIC VEHICULAR AREA;TWO-WAY,NOT DIVIDED;SMOOTH ASPHALT;DRY;DAYLIGHT;CLEAR;NO CONTROL PRESENT;;;-78.802154;35.796022;;;0;0;;;;;NONE;;SPORT UTILITY;PASSENGER CAR;;;;NO;12818;2018-09-06;11:11 AM;2018-09-06T15:11:00+00:00;;2018;No;No;9;;NONE;NONE;SPORT UTILITY,PASSENGER CAR;SPORT UTILITY,PASSENGER CAR;SPORT UTILITY,PASSENGER CAR;SPORT UTILITY,PASSENGER CAR
22964;.25 MILES FROM SR1625 GREEN LEVEL CHURCH RD;FOUR-WAY INTERSECTION;STRAIGHT,LEVEL;STATE SECONDARY ROUTE;TWO-WAY,DIVIDED,UNPROTECTED MEDIAN;SMOOTH ASPHALT;DRY;DAYLIGHT;CLEAR;STOP AND GO SIGNAL;35.845076339;-78.8988275;-78.8989;35.8421;P074;119;0;0;;;NONE;;NONE;;SPORT UTILITY;SPORT UTILITY;;;;NO;2342;2016-07-08;1:06:45 PM;2016-07-08T17:06:45+00:00;35.845076339, -78.8988275;2016;No;No;7;NONE;NONE,NONE;NONE,NONE;SPORT UTILITY,SPORT UTILITY;SPORT UTILITY,SPORT UTILITY;SPORT UTILITY,SPORT UTILITY;SPORT UTILITY,SPORT UTILITY
35452;CARY;T-INTERSECTION;STRAIGHT,LEVEL;STATE SECONDARY ROUTE;TWO-WAY,DIVIDED,UNPROTECTED MEDIAN;SMOOTH ASPHALT;DRY;DAYLIGHT;CLEAR;STOP SIGN;;;-78.870102;35.804863;;;0;0;;;NONE;;NONE;;SPORT UTILITY;SPORT UTILITY;;;;NO;12823;2018-09-04;12:44 PM;2018-09-04T16:44:00+00:00;;2018;No;No;9;NONE;NONE,NONE;NONE,NONE;SPORT UTILITY,SPORT UTILITY;SPORT UTILITY,SPORT UTILITY;SPORT UTILITY,SPORT UTILITY;SPORT UTILITY,SPORT UTILITY
22981;193 FEET FROM BUCK JONES RD;NO SPECIAL FEATURE;STRAIGHT,LEVEL;LOCAL STREET;TWO-WAY,DIVIDED,UNPROTECTED MEDIAN;SMOOTH ASPHALT;DRY;DAYLIGHT;CLEAR;STOP SIGN;35.767659152;-78.74094236;-78.741101;35.767132;P083;112;0;1;;;NONE;;NONE;;PASSENGER CAR;PASSENGER CAR;;;;NO;2359;2016-07-08;4:00:44 PM;2016-07-08T20:00:44+00:00;35.767659152, -78.74094236;2016;No;Yes;7;NONE;NONE,NONE;NONE,NONE;PASSENGER CAR,PASSENGER CAR;PASSENGER CAR,PASSENGER CAR;PASSENGER CAR,PASSENGER CAR;PASSENGER CAR,PASSENGER CAR
35453;0 FEET FROM SR 1300 (KILDAIRE FARM RD);NO SPECIAL FEATURE;STRAIGHT,LEVEL;STATE SECONDARY ROUTE;TWO-WAY,DIVIDED,UNPROTECTED MEDIAN;SMOOTH ASPHALT;DRY;DAYLIGHT;CLEAR;NO CONTROL PRESENT;;;-78.7776;35.7348;;;0;0;;;;;NONE;;PASSENGER CAR;PASSENGER CAR;;;;NO;12824;2018-09-06;1:51:33 PM;2018-09-06T17:51:33+00:00;;2018;No;No;9;;NONE;NONE;PASSENGER CAR,PASSENGER CAR;PASSENGER CAR,PASSENGER CAR;PASSENGER CAR,PASSENGER CAR;PASSENGER CAR,PASSENGER CAR
22988;120 FEET FROM SR-1307 (E CHATHAM ST);NO SPECIAL FEATURE;STRAIGHT,LEVEL;STATE SECONDARY ROUTE;TWO-WAY,NOT DIVIDED;SMOOTH ASPHALT;DRY;DAYLIGHT;CLEAR;NO CONTROL PRESENT;35.787681953;-78.7754114;-78.7758;35.7875;P055;120;0;0;;;NONE;;NONE;;PASSENGER CAR;PASSENGER CAR;;;;NO;2366;2016-07-11;2:58:18 PM;2016-07-11T18:58:18+00:00;35.787681953, -78.7754114;2016;No;No;7;NONE;NONE,NONE;NONE,NONE;PASSENGER CAR,PASSENGER CAR;PASSENGER CAR,PASSENGER CAR;PASSENGER CAR,PASSENGER CAR;PASSENGER CAR,PASSENGER CAR
35455;50 FEET FROM P.V.A. (1101 WALNUT ST);NO SPECIAL FEATURE;STRAIGHT,LEVEL;PUBLIC VEHICULAR AREA;TWO-WAY,NOT DIVIDED;CONCRETE;DRY;DAYLIGHT;CLEAR;NO CONTROL PRESENT;;;-78.7637;35.7723;;;0;0;;;NONE;;NONE;;PASSENGER CAR;PASSENGER CAR;;;;NO;12826;2018-09-04;5:19:07 PM;2018-09-04T21:19:07+00:00;;2018;No;No;9;NONE;NONE,NONE;NONE,NONE;PASSENGER CAR,PASSENGER CAR;PASSENGER CAR,PASSENGER CAR;PASSENGER CAR,PASSENGER CAR;PASSENGER CAR,PASSENGER CAR
23001;200 FEET FROM 2330 DAVIS DR (SR 1613);NO SPECIAL FEATURE;STRAIGHT,HILLCREST;STATE SECONDARY ROUTE;TWO-WAY,DIVIDED,POSITIVE MEDIAN BARRIER;SMOOTH ASPHALT;DRY;DAYLIGHT;CLEAR;NO CONTROL PRESENT;35.788086667;-78.84696653;-78.847;35.7885;P018;117;0;0;;;NONE;;NONE;;PASSENGER CAR;PASSENGER CAR;;;;NO;2379;2016-07-08;2:57:49 PM;2016-07-08T18:57:49+00:00;35.788086667, -78.84696653;2016;No;No;7;NONE;NONE,NONE;NONE,NONE;PASSENGER CAR,PASSENGER CAR;PASSENGER CAR,PASSENGER CAR;PASSENGER CAR,PASSENGER CAR;PASSENGER CAR,PASSENGER CAR
35457;161 FEET FROM SR 1615 (HIGH HOUSE RD);NO SPECIAL FEATURE;STRAIGHT,GRADE;STATE SECONDARY ROUTE;TWO-WAY,DIVIDED,UNPROTECTED MEDIAN;COARSE ASPHALT;DRY;DAYLIGHT;CLEAR;NO CONTROL PRESENT;;;-78.835229;35.791188;;;0;0;;;;;NONE;;POLICE;PASSENGER CAR;;;;CONSTRUCTION WORK AREA;12828;2018-09-06;5:04:20 PM;2018-09-06T21:04:20+00:00;;2018;No;No;9;;NONE;NONE;POLICE,PASSENGER CAR;POLICE,PASSENGER CAR;POLICE,PASSENGER CAR;POLICE,PASSENGER CAR
23005;.27 MILES FROM SAS CAMPUS DR;NO SPECIAL FEATURE;STRAIGHT,LEVEL;PRIVATE ROAD,DRIVEWAY;TWO-WAY,NOT DIVIDED;SMOOTH ASPHALT;DRY;DAYLIGHT;CLEAR;NO CONTROL PRESENT;35.826662609;-78.76015979;-78.7554;35.8246;P029;111;0;1;;;NONE;;NONE;;SPORT UTILITY;;;;;NO;2383;2016-07-14;5:12:00 PM;2016-07-14T21:12:00+00:00;35.826662609, -78.76015979;2016;No;Yes;7;NONE;NONE,NONE;NONE,NONE;SPORT UTILITY;SPORT UTILITY;SPORT UTILITY;SPORT UTILITY
35463;43 FEET FROM S.R. 1300 (KILDAIRE FARM ROAD);FOUR-WAY INTERSECTION;STRAIGHT,LEVEL;STATE SECONDARY ROUTE;TWO-WAY,DIVIDED,UNPROTECTED MEDIAN;SMOOTH ASPHALT;DRY;DAYLIGHT;CLEAR;STOP SIGN;;;-78.7944;35.7006;;;0;0;2;;NONE;;NONE;;VAN;PASSENGER CAR;;;;NO;12834;2018-09-06;10:26 AM;2018-09-06T14:26:00+00:00;;2018;No;No;9;NONE;NONE,NONE;NONE,NONE;VAN,PASSENGER CAR;VAN,PASSENGER CAR;VAN,PASSENGER CAR;VAN,PASSENGER CAR
23007;300 FEET FROM PVA (201 SOCCER PARK DR);DRIVEWAY, PUBLIC;STRAIGHT,LEVEL;PUBLIC VEHICULAR AREA;TWO-WAY,NOT DIVIDED;GRAVEL;DRY;DARK - LIGHTED ROADWAY;CLEAR;NO CONTROL PRESENT;;;-78.753;35.788;;;0;0;2;;NONE;;NONE;;PASSENGER CAR;;;;;NO;2385;2016-07-14;1:48:49 AM;2016-07-14T05:48:49+00:00;;2016;No;No;7;NONE;NONE,NONE;NONE,NONE;PASSENGER CAR;PASSENGER CAR;PASSENGER CAR;PASSENGER CAR
35466;100 FEET FROM SR 1900 (KILDAIRE FARM RD);NO SPECIAL FEATURE;STRAIGHT,LEVEL;STATE SECONDARY ROUTE;TWO-WAY,NOT DIVIDED;SMOOTH ASPHALT;DRY;DAYLIGHT;CLEAR;NO CONTROL PRESENT;;;-78.782817;35.756364;;;0;0;;;;;NONE;;PASSENGER CAR;SPORT UTILITY;;;;NO;12837;2018-09-07;8:29:14 AM;2018-09-07T12:29:14+00:00;;2018;No;No;9;;NONE;NONE;PASSENGER CAR,SPORT UTILITY;PASSENGER CAR,SPORT UTILITY;PASSENGER CAR,SPORT UTILITY;PASSENGER CAR,SPORT UTILITY
23019;CARY;FOUR-WAY INTERSECTION;STRAIGHT,LEVEL;NC ROUTE;TWO-WAY,DIVIDED,UNPROTECTED MEDIAN;SMOOTH ASPHALT;DRY;DAYLIGHT;CLEAR;STOP AND GO SIGNAL;35.795165448;-78.76343141;-78.7634;35.7952;P034;113;0;3;1;;NONE;;NONE;;PASSENGER CAR;PICKUP;PASSENGER CAR;;;NO;2397;2016-07-13;1:50:25 PM;2016-07-13T17:50:25+00:00;35.795165448, -78.76343141;2016;No;Yes;7;NONE;NONE,NONE;NONE,NONE;PASSENGER CAR,PICKUP;PASSENGER CAR,PICKUP,PASSENGER CAR;PASSENGER CAR,PICKUP,PASSENGER CAR;PASSENGER CAR,PICKUP,PASSENGER CAR
35467;100 FEET FROM SR 3977 (SE CARY PARKWAY);T-INTERSECTION;STRAIGHT,LEVEL;STATE SECONDARY ROUTE;TWO-WAY,NOT DIVIDED;SMOOTH ASPHALT;DRY;DAYLIGHT;CLEAR;STOP AND GO SIGNAL;;;-78.771898;35.748591;;115;0;0;1;;;;NONE;;PASSENGER CAR;SPORT UTILITY;;;;NO;12838;2018-09-05;1:02:32 PM;2018-09-05T17:02:32+00:00;;2018;No;No;9;;NONE;NONE;PASSENGER CAR,SPORT UTILITY;PASSENGER CAR,SPORT UTILITY;PASSENGER CAR,SPORT UTILITY;PASSENGER CAR,SPORT UTILITY
23023;20 FEET FROM PVA (101 REED ST);DRIVEWAY, PUBLIC;STRAIGHT,LEVEL;PUBLIC VEHICULAR AREA;TWO-WAY,NOT DIVIDED;SMOOTH ASPHALT;DRY;DARK - LIGHTED ROADWAY;CLOUDY;NO CONTROL PRESENT;35.797979316;-78.79323158;-78.7625;35.7894;P025;111;0;0;;;NONE;;NONE;;SPORT UTILITY;PASSENGER CAR;;;;NO;2401;2016-07-15;2:06:37 AM;2016-07-15T06:06:37+00:00;35.797979316, -78.79323158;2016;No;No;7;NONE;NONE,NONE;NONE,NONE;SPORT UTILITY,PASSENGER CAR;SPORT UTILITY,PASSENGER CAR;SPORT UTILITY,PASSENGER CAR;SPORT UTILITY,PASSENGER CAR
35471;.15 MILES FROM REMINGTON OAKS CIR;NO SPECIAL FEATURE;CURVE,LEVEL;LOCAL STREET;TWO-WAY,NOT DIVIDED;SMOOTH ASPHALT;DRY;DARK - LIGHTED ROADWAY;CLEAR;NO CONTROL PRESENT;;;-78.9161;35.8214;;;0;0;;;NONE;;NONE;;PASSENGER CAR;PASSENGER CAR;;;;NO;12842;2018-09-08;11:25 PM;2018-09-09T03:25:00+00:00;;2018;No;No;9;NONE;NONE,NONE;NONE,NONE;PASSENGER CAR,PASSENGER CAR;PASSENGER CAR,PASSENGER CAR;PASSENGER CAR,PASSENGER CAR;PASSENGER CAR,PASSENGER CAR
23031;25 FEET FROM SR-1313 (WALNUT ST);FOUR-WAY INTERSECTION;STRAIGHT,LEVEL;STATE SECONDARY ROUTE;TWO-WAY,DIVIDED,UNPROTECTED MEDIAN;SMOOTH ASPHALT;DRY;DAYLIGHT;CLOUDY;STOP AND GO SIGNAL;35.745646028;-78.74064509;-78.7416;35.7433;P046;118;0;0;1;;NONE;;NONE;;PASSENGER CAR;LIGHT TRUCK (MINI-VAN- PANEL);;;;NO;2409;2016-07-15;6:09:44 PM;2016-07-15T22:09:44+00:00;35.745646028, -78.74064509;2016;No;No;7;NONE;NONE,NONE;NONE,NONE;PASSENGER CAR,LIGHT TRUCK (MINI-VAN- PANEL);PASSENGER CAR,LIGHT TRUCK (MINI-VAN- PANEL);PASSENGER CAR,LIGHT TRUCK (MINI-VAN- PANEL);PASSENGER CAR,LIGHT TRUCK (MINI-VAN- PANEL)
35474;20 FEET FROM WALDO ROOD BLVD;FOUR-WAY INTERSECTION;STRAIGHT,GRADE;LOCAL STREET;TWO-WAY,NOT DIVIDED;SMOOTH ASPHALT;DRY;DAYLIGHT;CLOUDY;STOP AND GO SIGNAL;;;-78.8479;35.782;;;0;0;1;;;;NONE;;SPORT UTILITY;PICKUP;;;;NO;12845;2018-09-07;12:36 PM;2018-09-07T16:36:00+00:00;;2018;No;No;9;;NONE;NONE;SPORT UTILITY,PICKUP;SPORT UTILITY,PICKUP;SPORT UTILITY,PICKUP;SPORT UTILITY,PICKUP
23035;150 FEET FROM W CHATHAM ST;NO SPECIAL FEATURE;STRAIGHT,LEVEL;LOCAL STREET;TWO-WAY,NOT DIVIDED;SMOOTH ASPHALT;DRY;DAYLIGHT;CLEAR;NO CONTROL PRESENT;35.787341222;-78.78121812;-78.7819;35.7872;P125;120;0;0;;;NONE;;NONE;;PASSENGER CAR;PICKUP;;;;NO;2413;2016-07-16;4:17:32 PM;2016-07-16T20:17:32+00:00;35.787341222, -78.78121812;2016;No;No;7;NONE;NONE,NONE;NONE,NONE;PASSENGER CAR,PICKUP;PASSENGER CAR,PICKUP;PASSENGER CAR,PICKUP;PASSENGER CAR,PICKUP
35475;100 FEET FROM PVA OF 990 KILDAIRE FARM RD;NO SPECIAL FEATURE;STRAIGHT,LEVEL;PUBLIC VEHICULAR AREA;TWO-WAY,NOT DIVIDED;SMOOTH ASPHALT;DRY;DAYLIGHT;CLEAR;NO CONTROL PRESENT;;;-78.7825;35.772;;;0;0;1;;NONE;;NONE;;VAN;PASSENGER CAR;;;;NO;12846;2018-09-07;10:51 AM;2018-09-07T14:51:00+00:00;;2018;No;No;9;NONE;NONE,NONE;NONE,NONE;VAN,PASSENGER CAR;VAN,PASSENGER CAR;VAN,PASSENGER CAR;VAN,PASSENGER CAR
23039;1 MILES FROM US HWY 1;NO SPECIAL FEATURE;STRAIGHT,LEVEL;US ROUTE;TWO-WAY,DIVIDED,POSITIVE MEDIAN BARRIER;SMOOTH ASPHALT;WET;DARK - ROADWAY NOT LIGHTED;RAIN;NO CONTROL PRESENT;35.736701222;-78.78832394;-78.8079;35.729;P042;115;0;0;1;;NONE;;COMING FROM BEHIND PARKED VEHICLE;;PASSENGER CAR;;;;;NO;2417;2016-07-16;9:49:40 PM;2016-07-17T01:49:40+00:00;35.736701222, -78.78832394;2016;No;No;7;NONE;NONE,COMING FROM BEHIND PARKED VEHICLE;NONE,COMING FROM BEHIND PARKED VEHICLE;PASSENGER CAR;PASSENGER CAR;PASSENGER CAR;PASSENGER CAR