tamainid;location_description;rdfeature;rdcharacter;rdclass;rdconfigur;rdsurface;rdcondition;lightcond;weather;trafcontrl;lat;lon;lon2;lat2;tract;zone;fatality;possblinj;numpassengers;numpedestrians;contrcir1_desc;contrcir2_desc;contrcir3_desc;contrcir4_desc;vehicle1;vehicle2;vehicle3;vehicle4;vehicle5;workarea;records;ta_date;ta_time;crash_date;geo_location;year;fatalities;injuries;month;contrfact1;contrfact2;contributing_factor;vehicleconcat1;vehicleconcat2;vehicleconcat3;vehicle_type
24506;171 FEET FROM SR-1300 KILDAIRE FARM RD;NO SPECIAL FEATURE;STRAIGHT,GRADE;STATE SECONDARY ROUTE;TWO-WAY,DIVIDED,UNPROTECTED MEDIAN;SMOOTH ASPHALT;DRY;DUSK;CLEAR;NO CONTROL PRESENT;;;-78.7771;35.7316;;;0;0;1;;NONE;;NONE;;PICKUP;PASSENGER CAR;;;;NO;3883;2016-10-27;6:29:14 PM;2016-10-27T22:29:14+00:00;;2016;No;No;10;NONE;NONE,NONE;NONE,NONE;PICKUP,PASSENGER CAR;PICKUP,PASSENGER CAR;PICKUP,PASSENGER CAR;PICKUP,PASSENGER CAR
37889;300 FEET FROM US 1 HWY;OFF-RAMP PROPER;CURVE,HILLCREST;US ROUTE;ONE-WAY,NOT DIVIDED;COARSE ASPHALT;ICE;DUSK;CLOUDY;NO CONTROL PRESENT;35.763116864;-78.74260016;-78.7446;35.7628;P083;112;0;0;1;;;;COMING FROM BEHIND PARKED VEHICLE;;PASSENGER CAR;;;;;NO;14267;2018-12-10;6:45:37 PM;2018-12-10T23:45:37+00:00;35.763116864, -78.74260016;2018;No;No;12;;COMING FROM BEHIND PARKED VEHICLE;COMING FROM BEHIND PARKED VEHICLE;PASSENGER CAR;PASSENGER CAR;PASSENGER CAR;PASSENGER CAR
24514;50 FEET FROM 2 WALNUT ST TO US 1 RAMP NB;ON-RAMP ENTRY;CURVE,LEVEL;US ROUTE;TWO-WAY,DIVIDED,UNPROTECTED MEDIAN;SMOOTH ASPHALT;DRY;DAYLIGHT;CLEAR;YIELD SIGN;35.760659404;-78.74506689;-78.7449;35.7607;P083;112;0;1;;;NONE;;NONE;;PASSENGER CAR;SPORT UTILITY;;;;NO;3891;2016-10-28;7:10:00 AM;2016-10-28T11:10:00+00:00;35.760659404, -78.74506689;2016;No;Yes;10;NONE;NONE,NONE;NONE,NONE;PASSENGER CAR,SPORT UTILITY;PASSENGER CAR,SPORT UTILITY;PASSENGER CAR,SPORT UTILITY;PASSENGER CAR,SPORT UTILITY
37893;.2 MILES FROM US 64;NO SPECIAL FEATURE;STRAIGHT,LEVEL;US ROUTE;TWO-WAY,DIVIDED,POSITIVE MEDIAN BARRIER;SMOOTH ASPHALT;SLUSH;DAYLIGHT;SNOW;NO CONTROL PRESENT;;;-78.804812;35.740399;;;0;0;;;NONE;;NONE;;PASSENGER CAR;;;;;NO;14271;2018-12-10;9:00:12 AM;2018-12-10T14:00:12+00:00;;2018;No;No;12;NONE;NONE,NONE;NONE,NONE;PASSENGER CAR;PASSENGER CAR;PASSENGER CAR;PASSENGER CAR
24517;20 FEET FROM NEWTON GROVE RD;NO SPECIAL FEATURE;STRAIGHT,LEVEL;LOCAL STREET;TWO-WAY,NOT DIVIDED;SMOOTH ASPHALT;DRY;DAYLIGHT;CLEAR;NO CONTROL PRESENT;35.772917954;-78.85043932;-78.8505;35.7733;P071;117;0;0;;;NONE;;NONE;;SPORT UTILITY;SPORT UTILITY;;;;NO;3894;2016-10-28;12:58 PM;2016-10-28T16:58:00+00:00;35.772917954, -78.85043932;2016;No;No;10;NONE;NONE,NONE;NONE,NONE;SPORT UTILITY,SPORT UTILITY;SPORT UTILITY,SPORT UTILITY;SPORT UTILITY,SPORT UTILITY;SPORT UTILITY,SPORT UTILITY
37894;385 FEET FROM SR 1613 (DAVIS DR);NO SPECIAL FEATURE;STRAIGHT,GRADE;STATE SECONDARY ROUTE;TWO-WAY,DIVIDED,UNPROTECTED MEDIAN;COARSE ASPHALT;ICE;DAYLIGHT;CLOUDY;NO CONTROL PRESENT;;;-78.848366;35.796422;;;0;0;;;;;COMING FROM BEHIND PARKED VEHICLE;;PASSENGER CAR;;;;;NO;14272;2018-12-11;8:14:51 AM;2018-12-11T13:14:51+00:00;;2018;No;No;12;;COMING FROM BEHIND PARKED VEHICLE;COMING FROM BEHIND PARKED VEHICLE;PASSENGER CAR;PASSENGER CAR;PASSENGER CAR;PASSENGER CAR
24528;300 FEET FROM US 64 HWY;NO SPECIAL FEATURE;STRAIGHT,LEVEL;US ROUTE;TWO-WAY,DIVIDED,UNPROTECTED MEDIAN;SMOOTH ASPHALT;DRY;DUSK;CLEAR;NO CONTROL PRESENT;35.741494418;-78.80972316;-78.8119;35.7418;P041;116;0;0;4;;NONE;;NONE;;SPORT UTILITY;PASSENGER CAR;;;;NO;3905;2016-10-28;5:56:53 PM;2016-10-28T21:56:53+00:00;35.741494418, -78.80972316;2016;No;No;10;NONE;NONE,NONE;NONE,NONE;SPORT UTILITY,PASSENGER CAR;SPORT UTILITY,PASSENGER CAR;SPORT UTILITY,PASSENGER CAR;SPORT UTILITY,PASSENGER CAR
37895;150 FEET FROM SR 3977(SW CARY PKWY);NO SPECIAL FEATURE;STRAIGHT,HILLCREST;STATE SECONDARY ROUTE;TWO-WAY,DIVIDED,UNPROTECTED MEDIAN;SMOOTH ASPHALT;SLUSH;DAYLIGHT;SNOW;NO CONTROL PRESENT;;;-78.8011;35.7549;;115;0;0;2;;;;NONE;;SPORT UTILITY;;;;;NO;14273;2018-12-10;11:12 AM;2018-12-10T16:12:00+00:00;;2018;No;No;12;;NONE;NONE;SPORT UTILITY;SPORT UTILITY;SPORT UTILITY;SPORT UTILITY
24529;0 FEET FROM NORTHAMPTON DR;NO SPECIAL FEATURE;STRAIGHT,LEVEL;LOCAL STREET;TWO-WAY,NOT DIVIDED;SMOOTH ASPHALT;DRY;DAYLIGHT;CLEAR;NO CONTROL PRESENT;35.794386902;-78.78191732;-78.7819;35.7943;P032;113;0;0;;;NONE;;NONE;;;;;;;NO;3906;2016-10-28;4:26:39 PM;2016-10-28T20:26:39+00:00;35.794386902, -78.78191732;2016;No;No;10;NONE;NONE,NONE;NONE,NONE;;;;
37898;.291 MILES FROM SR4067 (REGENCY PKWY);NO SPECIAL FEATURE;CURVE,LEVEL;STATE SECONDARY ROUTE;TWO-WAY,NOT DIVIDED;SMOOTH ASPHALT;ICE;DAYLIGHT;CLEAR;NO CONTROL PRESENT;;;-78.79;35.729848;;;0;0;;;NONE;;NONE;;SPORT UTILITY;;;;;NO;14276;2018-12-11;8:23:23 AM;2018-12-11T13:23:23+00:00;;2018;No;No;12;NONE;NONE,NONE;NONE,NONE;SPORT UTILITY;SPORT UTILITY;SPORT UTILITY;SPORT UTILITY
24532;300 FEET FROM NC 55 HWY;RELATED TO INTERSECTION;STRAIGHT,LEVEL;NC ROUTE;TWO-WAY,DIVIDED,UNPROTECTED MEDIAN;SMOOTH ASPHALT;DRY;DARK - ROADWAY NOT LIGHTED;CLEAR;STOP AND GO SIGNAL;35.86272279;-78.8935169;-78.8934;35.862;P091;WAKE;0;0;;;NONE;;NONE;;PASSENGER CAR;;;;;NO;3909;2016-10-25;9:33:50 PM;2016-10-26T01:33:50+00:00;35.86272279, -78.8935169;2016;No;No;10;NONE;NONE,NONE;NONE,NONE;PASSENGER CAR;PASSENGER CAR;PASSENGER CAR;PASSENGER CAR
37899;20 FEET FROM S.R. 1633 (GOOD HOPE SCHOOL RD;T-INTERSECTION;STRAIGHT,LEVEL;STATE SECONDARY ROUTE;TWO-WAY,NOT DIVIDED;SMOOTH ASPHALT;WET;DAYLIGHT;CLEAR;STOP SIGN;;;-78.8769;35.8295;;;0;0;;;NONE;;NONE;;SPORT UTILITY;PASSENGER CAR;;;;NO;14277;2018-12-11;11:48 AM;2018-12-11T16:48:00+00:00;;2018;No;No;12;NONE;NONE,NONE;NONE,NONE;SPORT UTILITY,PASSENGER CAR;SPORT UTILITY,PASSENGER CAR;SPORT UTILITY,PASSENGER CAR;SPORT UTILITY,PASSENGER CAR
24536;75 FEET FROM SR 1009 (TRYON RD);NO SPECIAL FEATURE;STRAIGHT,LEVEL;STATE SECONDARY ROUTE;TWO-WAY,DIVIDED,POSITIVE MEDIAN BARRIER;SMOOTH ASPHALT;DRY;DARK - LIGHTED ROADWAY;CLEAR;STOP AND GO SIGNAL;;;-78.741;35.7456;;;0;0;;;;;NONE;;PASSENGER CAR;SPORT UTILITY;;;;NO;3913;2016-10-30;8:35:22 PM;2016-10-31T00:35:22+00:00;;2016;No;No;10;;NONE;NONE;PASSENGER CAR,SPORT UTILITY;PASSENGER CAR,SPORT UTILITY;PASSENGER CAR,SPORT UTILITY;PASSENGER CAR,SPORT UTILITY
37907;.22 MILES FROM I 40 EXIT 287 RAMP EB;OFF-RAMP TERMINAL ON CROSSROAD;CURVE,HILLCREST;STATE SECONDARY ROUTE;ONE-WAY,NOT DIVIDED;SMOOTH ASPHALT;WET;DARK - LIGHTED ROADWAY;CLEAR;STOP AND GO SIGNAL;35.833621968;-78.76789154;-78.765;35.8314;P087;WAKE;0;0;1;;NONE;;NONE;;PASSENGER CAR;PASSENGER CAR;;;;NO;14285;2018-12-11;5:25:18 PM;2018-12-11T22:25:18+00:00;35.833621968, -78.76789154;2018;No;No;12;NONE;NONE,NONE;NONE,NONE;PASSENGER CAR,PASSENGER CAR;PASSENGER CAR,PASSENGER CAR;PASSENGER CAR,PASSENGER CAR;PASSENGER CAR,PASSENGER CAR
24538;200 FEET FROM PVA 885 WALNUT ST;NO SPECIAL FEATURE;STRAIGHT,LEVEL;PUBLIC VEHICULAR AREA;TWO-WAY,NOT DIVIDED;SMOOTH ASPHALT;DRY;DAYLIGHT;CLEAR;NO CONTROL PRESENT;;;-78.7646;35.7745;;;0;0;;;NONE;;NONE;;PASSENGER CAR;PASSENGER CAR;;;;NO;3915;2016-10-29;5:37:58 PM;2016-10-29T21:37:58+00:00;;2016;No;No;10;NONE;NONE,NONE;NONE,NONE;PASSENGER CAR,PASSENGER CAR;PASSENGER CAR,PASSENGER CAR;PASSENGER CAR,PASSENGER CAR;PASSENGER CAR,PASSENGER CAR
37914;.19 MILES FROM SR 3977 (SW CARY PKWY);NO SPECIAL FEATURE;STRAIGHT,LEVEL;STATE SECONDARY ROUTE;TWO-WAY,DIVIDED,POSITIVE MEDIAN BARRIER;SMOOTH ASPHALT;ICE;DARK - LIGHTED ROADWAY;CLEAR;NO CONTROL PRESENT;;;-78.796263;35.755913;;;0;0;;;NONE;;COMING FROM BEHIND PARKED VEHICLE;;PASSENGER CAR;PASSENGER CAR;;;;NO;14292;2018-12-11;10:06 PM;2018-12-12T03:06:00+00:00;;2018;No;No;12;NONE;NONE,COMING FROM BEHIND PARKED VEHICLE;NONE,COMING FROM BEHIND PARKED VEHICLE;PASSENGER CAR,PASSENGER CAR;PASSENGER CAR,PASSENGER CAR;PASSENGER CAR,PASSENGER CAR;PASSENGER CAR,PASSENGER CAR
24544;50 FEET FROM MADISON GROVE PL;NO SPECIAL FEATURE;STRAIGHT,LEVEL;LOCAL STREET;TWO-WAY,NOT DIVIDED;SMOOTH ASPHALT;DRY;DAYLIGHT;CLEAR;NO CONTROL PRESENT;35.820811383;-78.85464731;-78.854659;35.820915;P069;121;0;0;1;;NONE;;NONE;;PASSENGER CAR;PASSENGER CAR;;;;NO;3921;2016-10-29;10:48 AM;2016-10-29T14:48:00+00:00;35.820811383, -78.85464731;2016;No;No;10;NONE;NONE,NONE;NONE,NONE;PASSENGER CAR,PASSENGER CAR;PASSENGER CAR,PASSENGER CAR;PASSENGER CAR,PASSENGER CAR;PASSENGER CAR,PASSENGER CAR
37919;CARY;T-INTERSECTION;STRAIGHT,LEVEL;LOCAL STREET;TWO-WAY,NOT DIVIDED;SMOOTH ASPHALT;WET;DAYLIGHT;CLOUDY;STOP SIGN;35.780388559;-78.84040752;-78.84042;35.780414;P018;117;0;0;2;;NONE;;NONE;;SPORT UTILITY;PASSENGER CAR;;;;NO;14297;2018-12-12;9:27:10 AM;2018-12-12T14:27:10+00:00;35.780388559, -78.84040752;2018;No;No;12;NONE;NONE,NONE;NONE,NONE;SPORT UTILITY,PASSENGER CAR;SPORT UTILITY,PASSENGER CAR;SPORT UTILITY,PASSENGER CAR;SPORT UTILITY,PASSENGER CAR
24546;150 FEET FROM PVA (1003 VILLAGE GREENWAY);NO SPECIAL FEATURE;STRAIGHT,LEVEL;PUBLIC VEHICULAR AREA;TWO-WAY,NOT DIVIDED;SMOOTH ASPHALT;DRY;DARK - LIGHTED ROADWAY;CLEAR;NO CONTROL PRESENT;35.85848401;-78.81643051;-78.7621;35.7804;P020;111;0;0;;;UNKNOWN;;NONE;;;PASSENGER CAR;;;;NO;3923;2016-10-30;10:56 AM;2016-10-30T14:56:00+00:00;35.85848401, -78.81643051;2016;No;No;10;UNKNOWN;UNKNOWN,NONE;UNKNOWN,NONE;PASSENGER CAR;PASSENGER CAR;PASSENGER CAR;PASSENGER CAR
37922;50 FEET FROM PVA OF 1809 N HARRISON AV;NO SPECIAL FEATURE;STRAIGHT,LEVEL;PUBLIC VEHICULAR AREA;ONE-WAY,NOT DIVIDED;SMOOTH ASPHALT;WET;DAYLIGHT;CLOUDY;NO CONTROL PRESENT;;;-78.7679;35.8303;;;0;0;;;NONE;;NONE;;SPORT UTILITY;PASSENGER CAR;;;;NO;14300;2018-12-12;12:37 PM;2018-12-12T17:37:00+00:00;;2018;No;No;12;NONE;NONE,NONE;NONE,NONE;SPORT UTILITY,PASSENGER CAR;SPORT UTILITY,PASSENGER CAR;SPORT UTILITY,PASSENGER CAR;SPORT UTILITY,PASSENGER CAR
24547;.10 MILES FROM PVA OF 400 CROSSROADS BLVD;NO SPECIAL FEATURE;STRAIGHT,LEVEL;PUBLIC VEHICULAR AREA;ONE-WAY,NOT DIVIDED;COARSE ASPHALT;DRY;DAYLIGHT;CLEAR;NO CONTROL PRESENT;;;-78.7372;35.7602;;;0;0;;;NONE;;NONE;;SPORT UTILITY;PASSENGER CAR;;;;NO;3924;2016-10-31;4:33:27 PM;2016-10-31T20:33:27+00:00;;2016;No;No;10;NONE;NONE,NONE;NONE,NONE;SPORT UTILITY,PASSENGER CAR;SPORT UTILITY,PASSENGER CAR;SPORT UTILITY,PASSENGER CAR;SPORT UTILITY,PASSENGER CAR
37923;100 FEET FROM RUTHERGLEN DR;NO SPECIAL FEATURE;STRAIGHT,LEVEL;LOCAL STREET;TWO-WAY,NOT DIVIDED;SMOOTH ASPHALT;DRY;DAYLIGHT;CLOUDY;NO CONTROL PRESENT;;;-78.802899;35.748149;;;0;0;;;NONE;;NONE;;PASSENGER CAR;PICKUP;;;;NO;14301;2018-12-12;11:49 AM;2018-12-12T16:49:00+00:00;;2018;No;No;12;NONE;NONE,NONE;NONE,NONE;PASSENGER CAR,PICKUP;PASSENGER CAR,PICKUP;PASSENGER CAR,PICKUP;PASSENGER CAR,PICKUP
24549;150 FEET FROM 1516 GRANDE HARMONY PL (PVA);;;;;;;;;;35.803823496;-78.7858891;;;P024;111;0;0;;;;;;;PASSENGER CAR;;;;;;3926;2016-10-30;8:25:03 PM;2016-10-31T00:25:03+00:00;35.803823496, -78.7858891;2016;No;No;10;;;;PASSENGER CAR;PASSENGER CAR;PASSENGER CAR;PASSENGER CAR
37925;460 FEET FROM PVA OF 1700 REGENCY PKWY;DRIVEWAY, PUBLIC;STRAIGHT,GRADE;PUBLIC VEHICULAR AREA;TWO-WAY,NOT DIVIDED;COARSE ASPHALT;DRY;DARK - LIGHTED ROADWAY;CLEAR;NO CONTROL PRESENT;;;-78.788772;35.7329731;;;0;0;;;NONE;;NONE;;PASSENGER CAR;PASSENGER CAR;;;;NO;14303;2018-12-11;7:49:20 PM;2018-12-12T00:49:20+00:00;;2018;No;No;12;NONE;NONE,NONE;NONE,NONE;PASSENGER CAR,PASSENGER CAR;PASSENGER CAR,PASSENGER CAR;PASSENGER CAR,PASSENGER CAR;PASSENGER CAR,PASSENGER CAR
24550;.1 MILES FROM PVA OF 1217 KILDAIRE FARM RD;NO SPECIAL FEATURE;STRAIGHT,LEVEL;PUBLIC VEHICULAR AREA;ONE-WAY,NOT DIVIDED;SMOOTH ASPHALT;DRY;DARK - LIGHTED ROADWAY;CLEAR;NO CONTROL PRESENT;35.763813087;-78.7831395;-78.7826;35.7639;P027;112;0;0;;;;;NONE;;SPORT UTILITY;PASSENGER CAR;;;;NO;3927;2016-10-31;7:25:14 PM;2016-10-31T23:25:14+00:00;35.763813087, -78.7831395;2016;No;No;10;;NONE;NONE;SPORT UTILITY,PASSENGER CAR;SPORT UTILITY,PASSENGER CAR;SPORT UTILITY,PASSENGER CAR;SPORT UTILITY,PASSENGER CAR
37926;173 FEET FROM NC 55 HWY;FOUR-WAY INTERSECTION;STRAIGHT,LEVEL;NC ROUTE;TWO-WAY,DIVIDED,UNPROTECTED MEDIAN;SMOOTH ASPHALT;SNOW;DARK - LIGHTED ROADWAY;SNOW;STOP AND GO SIGNAL;;;-78.8711;35.7843;;;0;0;;;NONE;;COMING FROM BEHIND PARKED VEHICLE;;PASSENGER CAR;;;;;NO;14304;2018-12-09;3:22:51 PM;2018-12-09T20:22:51+00:00;;2018;No;No;12;NONE;NONE,COMING FROM BEHIND PARKED VEHICLE;NONE,COMING FROM BEHIND PARKED VEHICLE;PASSENGER CAR;PASSENGER CAR;PASSENGER CAR;PASSENGER CAR
24552;677 FEET FROM PVA 10140 GREEN LEVEL CHURCH R;NO SPECIAL FEATURE;STRAIGHT,LEVEL;PUBLIC VEHICULAR AREA;TWO-WAY,NOT DIVIDED;SMOOTH ASPHALT;DRY;DAYLIGHT;CLEAR;NO CONTROL PRESENT;;;-78.9014;35.8212;;;0;0;;;NONE;;NONE;;PASSENGER CAR;PASSENGER CAR;;;;NO;3929;2016-10-30;3:17:48 PM;2016-10-30T19:17:48+00:00;;2016;No;No;10;NONE;NONE,NONE;NONE,NONE;PASSENGER CAR,PASSENGER CAR;PASSENGER CAR,PASSENGER CAR;PASSENGER CAR,PASSENGER CAR;PASSENGER CAR,PASSENGER CAR
37927;CARY;DRIVEWAY, PUBLIC;STRAIGHT,LEVEL;PUBLIC VEHICULAR AREA;TWO-WAY,NOT DIVIDED;SMOOTH ASPHALT;WET;DAYLIGHT;CLEAR;NO CONTROL PRESENT;35.742228879;-78.78065811;-78.7828;35.760412;P044;115;0;0;;;NONE;;NONE;;SPORT UTILITY;SPORT UTILITY;;;;NO;14305;2018-12-11;1:25:06 PM;2018-12-11T18:25:06+00:00;35.742228879, -78.78065811;2018;No;No;12;NONE;NONE,NONE;NONE,NONE;SPORT UTILITY,SPORT UTILITY;SPORT UTILITY,SPORT UTILITY;SPORT UTILITY,SPORT UTILITY;SPORT UTILITY,SPORT UTILITY
24555;300 FEET FROM FURLONG LOOP;DRIVEWAY, PRIVATE;STRAIGHT,LEVEL;LOCAL STREET;TWO-WAY,NOT DIVIDED;SMOOTH ASPHALT;DRY;DAYLIGHT;CLEAR;NO CONTROL PRESENT;35.800042975;-78.90737953;-78.9075;35.7998;P015;122;0;0;;;;;NONE;;SPORT UTILITY;VAN;;;;NO;3932;2016-10-29;2:31:47 PM;2016-10-29T18:31:47+00:00;35.800042975, -78.90737953;2016;No;No;10;;NONE;NONE;SPORT UTILITY,VAN;SPORT UTILITY,VAN;SPORT UTILITY,VAN;SPORT UTILITY,VAN
37941;CARY;;;;;;;;;;;;-78.772593;35.829223;;;0;0;;;;;;;;;;;;;14319;2018-11-28;2:17:05 PM;2018-11-28T19:17:05+00:00;;2018;No;No;11;;;;;;;
24558;279 FEET FROM FREEPORT DR.;NO SPECIAL FEATURE;STRAIGHT,LEVEL;LOCAL STREET;TWO-WAY,NOT DIVIDED;SMOOTH ASPHALT;DRY;DAYLIGHT;CLEAR;NO CONTROL PRESENT;35.832144376;-78.84903636;-78.85;35.832;P073;121;0;0;;;NONE;;NONE;;PASSENGER CAR;PASSENGER CAR;;;;NO;3935;2016-10-29;5:10:31 PM;2016-10-29T21:10:31+00:00;35.832144376, -78.84903636;2016;No;No;10;NONE;NONE,NONE;NONE,NONE;PASSENGER CAR,PASSENGER CAR;PASSENGER CAR,PASSENGER CAR;PASSENGER CAR,PASSENGER CAR;PASSENGER CAR,PASSENGER CAR
37947;CARY;NO SPECIAL FEATURE;STRAIGHT,LEVEL;NC ROUTE;TWO-WAY,DIVIDED,UNPROTECTED MEDIAN;SMOOTH ASPHALT;WET;DARK - UNKNOWN LIGHTING;CLEAR;NO CONTROL PRESENT;;;-78.8802;35.833;;;0;1;2;;NONE;;NONE;;PASSENGER CAR;PASSENGER CAR;PASSENGER CAR;SPORT UTILITY;;NO;14325;2018-12-12;7:28:50 PM;2018-12-13T00:28:50+00:00;;2018;No;Yes;12;NONE;NONE,NONE;NONE,NONE;PASSENGER CAR,PASSENGER CAR;PASSENGER CAR,PASSENGER CAR,PASSENGER CAR;PASSENGER CAR,PASSENGER CAR,PASSENGER CAR,SPORT UTILITY;PASSENGER CAR,PASSENGER CAR,PASSENGER CAR,SPORT UTILITY
24559;365 FEET FROM 10140 GREEN LEVEL CHURCH RD;NO SPECIAL FEATURE;STRAIGHT,LEVEL;PUBLIC VEHICULAR AREA;TWO-WAY,NOT DIVIDED;SMOOTH ASPHALT;DRY;DAYLIGHT;CLEAR;NO CONTROL PRESENT;;;-78.9011;35.8201;;;0;0;;;NONE;;NONE;;PASSENGER CAR;;;;;NO;3936;2016-10-31;2:43:43 PM;2016-10-31T18:43:43+00:00;;2016;No;No;10;NONE;NONE,NONE;NONE,NONE;PASSENGER CAR;PASSENGER CAR;PASSENGER CAR;PASSENGER CAR
37948;CARY;FOUR-WAY INTERSECTION;STRAIGHT,LEVEL;STATE SECONDARY ROUTE;TWO-WAY,NOT DIVIDED;SMOOTH ASPHALT;WET;DARK - LIGHTED ROADWAY;CLEAR;STOP SIGN;;;-78.8862;35.8054;;;0;0;1;;NONE;;NONE;;PASSENGER CAR;PASSENGER CAR;;;;NO;14326;2018-12-12;6:32:45 PM;2018-12-12T23:32:45+00:00;;2018;No;No;12;NONE;NONE,NONE;NONE,NONE;PASSENGER CAR,PASSENGER CAR;PASSENGER CAR,PASSENGER CAR;PASSENGER CAR,PASSENGER CAR;PASSENGER CAR,PASSENGER CAR
24574;150 FEET FROM PVA (120 WILKINSON AV);NO SPECIAL FEATURE;STRAIGHT,LEVEL;PUBLIC VEHICULAR AREA;TWO-WAY,NOT DIVIDED;CONCRETE;DRY;DAYLIGHT;CLEAR;NO CONTROL PRESENT;;;-78.7799;35.7902;;;0;0;;;NONE;;NONE;;PASSENGER CAR;PASSENGER CAR;;;;NO;3951;2016-10-31;6:13:43 PM;2016-10-31T22:13:43+00:00;;2016;No;No;10;NONE;NONE,NONE;NONE,NONE;PASSENGER CAR,PASSENGER CAR;PASSENGER CAR,PASSENGER CAR;PASSENGER CAR,PASSENGER CAR;PASSENGER CAR,PASSENGER CAR
37949;.1 MILES FROM SR 1300 (KILDAIRE FARM RD);DRIVEWAY, PUBLIC;STRAIGHT,LEVEL;STATE SECONDARY ROUTE;TWO-WAY,NOT DIVIDED;SMOOTH ASPHALT;DRY;DAYLIGHT;CLEAR;NO CONTROL PRESENT;;;-78.794058;35.706878;;;0;0;;;NONE;;NONE;;PICKUP;;;;;NO;14327;2018-12-11;12:58 PM;2018-12-11T17:58:00+00:00;;2018;No;No;12;NONE;NONE,NONE;NONE,NONE;PICKUP;PICKUP;PICKUP;PICKUP
24577;63 FEET FROM SR # 3092 (N. HARRISON AVE);NO SPECIAL FEATURE;STRAIGHT,LEVEL;STATE SECONDARY ROUTE;TWO-WAY,NOT DIVIDED;SMOOTH ASPHALT;DRY;DARK - LIGHTED ROADWAY;CLEAR;NO CONTROL PRESENT;35.829708141;-78.76851424;-78.770167;35.827347;P029;111;0;0;;;NONE;;NONE;;PICKUP;PASSENGER CAR;;;;NO;3954;2016-11-01;7:12:48 AM;2016-11-01T11:12:48+00:00;35.829708141, -78.76851424;2016;No;No;11;NONE;NONE,NONE;NONE,NONE;PICKUP,PASSENGER CAR;PICKUP,PASSENGER CAR;PICKUP,PASSENGER CAR;PICKUP,PASSENGER CAR
37958;182 FEET FROM 1255 CRESCENT GREEN (PVA);NO SPECIAL FEATURE;STRAIGHT,LEVEL;PUBLIC VEHICULAR AREA;TWO-WAY,NOT DIVIDED;SMOOTH ASPHALT;DRY;DAYLIGHT;CLOUDY;NO CONTROL PRESENT;35.735975824;-78.78464871;-78.7844;35.7317;P053;116;0;0;;;NONE;;NONE;;PASSENGER CAR;PASSENGER CAR;;;;NO;14336;2018-12-13;1:59:03 PM;2018-12-13T18:59:03+00:00;35.735975824, -78.78464871;2018;No;No;12;NONE;NONE,NONE;NONE,NONE;PASSENGER CAR,PASSENGER CAR;PASSENGER CAR,PASSENGER CAR;PASSENGER CAR,PASSENGER CAR;PASSENGER CAR,PASSENGER CAR
24581;50 FEET FROM SR 1652 (N HARRISON AVE);NO SPECIAL FEATURE;STRAIGHT,LEVEL;STATE SECONDARY ROUTE;TWO-WAY,DIVIDED,UNPROTECTED MEDIAN;SMOOTH ASPHALT;DRY;DAYLIGHT;CLEAR;NO CONTROL PRESENT;;;-78.7708;35.8216;;;0;0;1;;NONE;;NONE;;PASSENGER CAR;PASSENGER CAR;;;;NO;3958;2016-11-01;2:40:28 PM;2016-11-01T18:40:28+00:00;;2016;No;No;11;NONE;NONE,NONE;NONE,NONE;PASSENGER CAR,PASSENGER CAR;PASSENGER CAR,PASSENGER CAR;PASSENGER CAR,PASSENGER CAR;PASSENGER CAR,PASSENGER CAR
37959;200 FEET FROM CATLIN RD;NO SPECIAL FEATURE;STRAIGHT,LEVEL;LOCAL STREET;ONE-WAY,NOT DIVIDED;SMOOTH ASPHALT;WET;DAYLIGHT;CLOUDY;NO CONTROL PRESENT;35.778306506;-78.87569676;-78.87532;35.779503;P118;117;0;0;;;NONE;;NONE;;PASSENGER CAR;PASSENGER CAR;;;;NO;14337;2018-12-13;8:35:02 AM;2018-12-13T13:35:02+00:00;35.778306506, -78.87569676;2018;No;No;12;NONE;NONE,NONE;NONE,NONE;PASSENGER CAR,PASSENGER CAR;PASSENGER CAR,PASSENGER CAR;PASSENGER CAR,PASSENGER CAR;PASSENGER CAR,PASSENGER CAR
24582;.2 MILES FROM CROSSROADS BLVD;NO SPECIAL FEATURE;STRAIGHT,LEVEL;LOCAL STREET;TWO-WAY,DIVIDED,POSITIVE MEDIAN BARRIER;SMOOTH ASPHALT;DRY;DAYLIGHT;CLEAR;STOP SIGN;35.757615983;-78.73308361;-78.738;35.7605;P045;118;0;0;;;NONE;;NONE;;PASSENGER CAR;PASSENGER CAR;;;;NO;3959;2016-10-28;10:46 AM;2016-10-28T14:46:00+00:00;35.757615983, -78.73308361;2016;No;No;10;NONE;NONE,NONE;NONE,NONE;PASSENGER CAR,PASSENGER CAR;PASSENGER CAR,PASSENGER CAR;PASSENGER CAR,PASSENGER CAR;PASSENGER CAR,PASSENGER CAR