tamainid;location_description;rdfeature;rdcharacter;rdclass;rdconfigur;rdsurface;rdcondition;lightcond;weather;trafcontrl;lat;lon;lon2;lat2;tract;zone;fatality;possblinj;numpassengers;numpedestrians;contrcir1_desc;contrcir2_desc;contrcir3_desc;contrcir4_desc;vehicle1;vehicle2;vehicle3;vehicle4;vehicle5;workarea;records;ta_date;ta_time;crash_date;geo_location;year;fatalities;injuries;month;contrfact1;contrfact2;contributing_factor;vehicleconcat1;vehicleconcat2;vehicleconcat3;vehicle_type
27763;0 FEET FROM SR 1300 (KILDAIRE FARM RD);NO SPECIAL FEATURE;STRAIGHT,LEVEL;STATE SECONDARY ROUTE;TWO-WAY,NOT DIVIDED;SMOOTH ASPHALT;DRY;DAYLIGHT;CLEAR;STOP AND GO SIGNAL;35.698070743;-78.7950512;-78.7948;35.6978;P048;116;0;0;2;;;;NONE;;SPORT UTILITY;SPORT UTILITY;;;;NO;5144;2017-01-24;2:20:13 PM;2017-01-24T19:20:13+00:00;35.698070743, -78.7950512;2017;No;No;1;;NONE;NONE;SPORT UTILITY,SPORT UTILITY;SPORT UTILITY,SPORT UTILITY;SPORT UTILITY,SPORT UTILITY;SPORT UTILITY,SPORT UTILITY
39062;5 FEET FROM HIGH MEADOW DR;FOUR-WAY INTERSECTION;STRAIGHT,LEVEL;LOCAL STREET;TWO-WAY,DIVIDED,UNPROTECTED MEDIAN;COARSE ASPHALT;DRY;DAYLIGHT;CLEAR;STOP AND GO SIGNAL;35.759060371;-78.78054126;-78.7831;35.7619;P027;112;0;0;4;;NONE;;NONE;;VAN;PASSENGER CAR;;;;NO;15440;2019-03-10;4:25:04 PM;2019-03-10T20:25:04+00:00;35.759060371, -78.78054126;2019;No;No;3;NONE;NONE,NONE;NONE,NONE;VAN,PASSENGER CAR;VAN,PASSENGER CAR;VAN,PASSENGER CAR;VAN,PASSENGER CAR
27764;400 FEET FROM US 1 HWY (NORTHBOUND);NO SPECIAL FEATURE;STRAIGHT,GRADE;US ROUTE;TWO-WAY,DIVIDED,POSITIVE MEDIAN BARRIER;SMOOTH ASPHALT;DRY;DAYLIGHT;CLEAR;NO CONTROL PRESENT;;;-78.7958;35.7355;;115;0;0;;;NONE;;NONE;;SPORT UTILITY;PASSENGER CAR;;;;NO;5145;2017-01-19;8:57:24 AM;2017-01-19T13:57:24+00:00;;2017;No;No;1;NONE;NONE,NONE;NONE,NONE;SPORT UTILITY,PASSENGER CAR;SPORT UTILITY,PASSENGER CAR;SPORT UTILITY,PASSENGER CAR;SPORT UTILITY,PASSENGER CAR
39063;50 FEET FROM HWY US 1;OFF-RAMP PROPER;CURVE,GRADE;US ROUTE;TWO-WAY,DIVIDED,POSITIVE MEDIAN BARRIER;SMOOTH ASPHALT;DRY;DAYLIGHT;CLEAR;STOP AND GO SIGNAL;;;-78.7947;35.738;;;0;0;;;NONE;;NONE;;VAN;SPORT UTILITY;;;;NO;15441;2019-03-11;8:24:27 AM;2019-03-11T12:24:27+00:00;;2019;No;No;3;NONE;NONE,NONE;NONE,NONE;VAN,SPORT UTILITY;VAN,SPORT UTILITY;VAN,SPORT UTILITY;VAN,SPORT UTILITY
27766;CARY;FOUR-WAY INTERSECTION;STRAIGHT,LEVEL;NC ROUTE;TWO-WAY,NOT DIVIDED;SMOOTH ASPHALT;DRY;DARK - LIGHTED ROADWAY;CLEAR;STOP AND GO SIGNAL;;;-78.8727;35.8137;;121;0;0;1;;NONE;;NONE;;PASSENGER CAR;SPORT UTILITY;;;;NO;5147;2017-01-26;6:43:04 AM;2017-01-26T11:43:04+00:00;;2017;No;No;1;NONE;NONE,NONE;NONE,NONE;PASSENGER CAR,SPORT UTILITY;PASSENGER CAR,SPORT UTILITY;PASSENGER CAR,SPORT UTILITY;PASSENGER CAR,SPORT UTILITY
39075;CARY;FOUR-WAY INTERSECTION;STRAIGHT,LEVEL;STATE SECONDARY ROUTE;TWO-WAY,DIVIDED,UNPROTECTED MEDIAN;SMOOTH ASPHALT;DRY;DARK - LIGHTED ROADWAY;CLOUDY;STOP AND GO SIGNAL;;;-78.741;35.753;;;0;0;1;;NONE;;NONE;;PASSENGER CAR;PICKUP;;;;NO;15453;2019-03-11;8:48:42 PM;2019-03-12T00:48:42+00:00;;2019;No;No;3;NONE;NONE,NONE;NONE,NONE;PASSENGER CAR,PICKUP;PASSENGER CAR,PICKUP;PASSENGER CAR,PICKUP;PASSENGER CAR,PICKUP
27769;400 FEET FROM SR 1009 (TRYON RD);RELATED TO INTERSECTION;STRAIGHT,GRADE;STATE SECONDARY ROUTE;TWO-WAY,DIVIDED,UNPROTECTED MEDIAN;SMOOTH ASPHALT;DRY;DUSK;CLEAR;STOP AND GO SIGNAL;;;-78.7787;35.7404;;;0;0;1;;;;NONE;;PASSENGER CAR;SPORT UTILITY;;;;NO;5150;2017-01-24;5:15:42 PM;2017-01-24T22:15:42+00:00;;2017;No;No;1;;NONE;NONE;PASSENGER CAR,SPORT UTILITY;PASSENGER CAR,SPORT UTILITY;PASSENGER CAR,SPORT UTILITY;PASSENGER CAR,SPORT UTILITY
39077;300 FEET FROM P.V.A. (945 N HARRISON AVE);NO SPECIAL FEATURE;STRAIGHT,LEVEL;PUBLIC VEHICULAR AREA;TWO-WAY,NOT DIVIDED;SMOOTH ASPHALT;DRY;DARK - LIGHTED ROADWAY;CLEAR;NO CONTROL PRESENT;;;-78.7839;35.8015;;;0;0;;;NONE;;NONE;;PASSENGER CAR;PASSENGER CAR;;;;NO;15455;2019-03-11;9:04:15 PM;2019-03-12T01:04:15+00:00;;2019;No;No;3;NONE;NONE,NONE;NONE,NONE;PASSENGER CAR,PASSENGER CAR;PASSENGER CAR,PASSENGER CAR;PASSENGER CAR,PASSENGER CAR;PASSENGER CAR,PASSENGER CAR
27777;310 FEET FROM ( SR 3092 ) S. HARRISON AVE;NO SPECIAL FEATURE;STRAIGHT,LEVEL;STATE SECONDARY ROUTE;TWO-WAY,NOT DIVIDED;SMOOTH ASPHALT;DRY;DARK - LIGHTED ROADWAY;CLEAR;NO CONTROL PRESENT;35.784991989;-78.78336216;-78.7836;35.7856;;;0;0;1;;NONE;;NONE;;PASSENGER CAR;SPORT UTILITY;;;;NO;5158;2017-01-26;7:20:26 PM;2017-01-27T00:20:26+00:00;35.784991989, -78.78336216;2017;No;No;1;NONE;NONE,NONE;NONE,NONE;PASSENGER CAR,SPORT UTILITY;PASSENGER CAR,SPORT UTILITY;PASSENGER CAR,SPORT UTILITY;PASSENGER CAR,SPORT UTILITY
39082;.11 MILES FROM SR3977 (SW CARY PKWY);RELATED TO INTERSECTION;STRAIGHT,LEVEL;STATE SECONDARY ROUTE;TWO-WAY,DIVIDED,UNPROTECTED MEDIAN;SMOOTH ASPHALT;DRY;DAYLIGHT;RAIN;STOP AND GO SIGNAL;;;-78.785;35.757;;;0;0;;;NONE;;NONE;;PASSENGER CAR;SPORT UTILITY;;;;NO;15460;2019-03-11;6:03:16 PM;2019-03-11T22:03:16+00:00;;2019;No;No;3;NONE;NONE,NONE;NONE,NONE;PASSENGER CAR,SPORT UTILITY;PASSENGER CAR,SPORT UTILITY;PASSENGER CAR,SPORT UTILITY;PASSENGER CAR,SPORT UTILITY
27783;0 FEET FROM P.V.A. (222 GREGSON DR);NO SPECIAL FEATURE;STRAIGHT,LEVEL;PUBLIC VEHICULAR AREA;TWO-WAY,NOT DIVIDED;SMOOTH ASPHALT;DRY;DAYLIGHT;CLEAR;STOP SIGN;35.732159604;-78.80708661;-78.8082;35.7365;P041;116;0;1;;;;;NONE;;SPORT UTILITY;LIGHT TRUCK (MINI-VAN- PANEL);;;;NO;5164;2017-01-27;11:47 AM;2017-01-27T16:47:00+00:00;35.732159604, -78.80708661;2017;No;Yes;1;;NONE;NONE;SPORT UTILITY,LIGHT TRUCK (MINI-VAN- PANEL);SPORT UTILITY,LIGHT TRUCK (MINI-VAN- PANEL);SPORT UTILITY,LIGHT TRUCK (MINI-VAN- PANEL);SPORT UTILITY,LIGHT TRUCK (MINI-VAN- PANEL)
39086;100 FEET FROM PVA 100 NORTHWOODS VILLAGE DR;NO SPECIAL FEATURE;STRAIGHT,LEVEL;PUBLIC VEHICULAR AREA;TWO-WAY,NOT DIVIDED;SMOOTH ASPHALT;DRY;DAYLIGHT;CLEAR;NO CONTROL PRESENT;;;-78.7743;35.8063;;;0;0;;;NONE;;NONE;;PASSENGER CAR;VAN;;;;NO;15464;2019-03-11;4:29:18 PM;2019-03-11T20:29:18+00:00;;2019;No;No;3;NONE;NONE,NONE;NONE,NONE;PASSENGER CAR,VAN;PASSENGER CAR,VAN;PASSENGER CAR,VAN;PASSENGER CAR,VAN
27786;CARY;FOUR-WAY INTERSECTION;STRAIGHT,LEVEL;STATE SECONDARY ROUTE;TWO-WAY,DIVIDED,UNPROTECTED MEDIAN;SMOOTH ASPHALT;DRY;DARK - LIGHTED ROADWAY;CLEAR;STOP AND GO SIGNAL;;;-78.7377;35.7456;;;0;0;1;;NONE;;NONE;;PASSENGER CAR;PICKUP;;;;NO;5167;2017-01-26;7:03:45 PM;2017-01-27T00:03:45+00:00;;2017;No;No;1;NONE;NONE,NONE;NONE,NONE;PASSENGER CAR,PICKUP;PASSENGER CAR,PICKUP;PASSENGER CAR,PICKUP;PASSENGER CAR,PICKUP
39093;50 FEET FROM SR1011 (W CHATHAM ST);RELATED TO INTERSECTION;STRAIGHT,LEVEL;STATE SECONDARY ROUTE;TWO-WAY,NOT DIVIDED;SMOOTH ASPHALT;WET;DARK - ROADWAY NOT LIGHTED;RAIN;STOP AND GO SIGNAL;;;-78.801496;35.775616;;114;0;0;;;NONE;;NONE;;PASSENGER CAR;PASSENGER CAR;;;;NO;15471;2019-03-08;6:09:12 PM;2019-03-08T23:09:12+00:00;;2019;No;No;3;NONE;NONE,NONE;NONE,NONE;PASSENGER CAR,PASSENGER CAR;PASSENGER CAR,PASSENGER CAR;PASSENGER CAR,PASSENGER CAR;PASSENGER CAR,PASSENGER CAR
27798;176 FEET FROM FOLKLORE WAY;NO SPECIAL FEATURE;STRAIGHT,LEVEL;;TWO-WAY,NOT DIVIDED;SMOOTH ASPHALT;DRY;DAYLIGHT;CLEAR;NO CONTROL PRESENT;35.847381147;-78.89684054;-78.89;35.84;P074;119;0;0;;;UNKNOWN;;NONE;;UNKNOWN;PASSENGER CAR;;;;NO;5179;2017-01-29;3:16:56 PM;2017-01-29T20:16:56+00:00;35.847381147, -78.89684054;2017;No;No;1;UNKNOWN;UNKNOWN,NONE;UNKNOWN,NONE;UNKNOWN,PASSENGER CAR;UNKNOWN,PASSENGER CAR;UNKNOWN,PASSENGER CAR;UNKNOWN,PASSENGER CAR
39094;150 FEET FROM  LEXINGTON CT (PVA);DRIVEWAY, PUBLIC;CURVE,GRADE;PUBLIC VEHICULAR AREA;TWO-WAY,NOT DIVIDED;SMOOTH ASPHALT;DRY;DAYLIGHT;CLEAR;NO CONTROL PRESENT;35.781749689;-78.76185018;-78.7617;35.7821;P057;120;0;0;;;NONE;;NONE;;VAN;VAN;;;;NO;15472;2019-03-12;7:43:01 AM;2019-03-12T11:43:01+00:00;35.781749689, -78.76185018;2019;No;No;3;NONE;NONE,NONE;NONE,NONE;VAN,VAN;VAN,VAN;VAN,VAN;VAN,VAN
27799;75 FEET FROM NC HWSY 55;NO SPECIAL FEATURE;STRAIGHT,GRADE;NC ROUTE;TWO-WAY,NOT DIVIDED;SMOOTH ASPHALT;DRY;DARK - LIGHTED ROADWAY;CLEAR;NO CONTROL PRESENT;;;-78.8705;35.7962;;;0;0;;;NONE;;NONE;;PASSENGER CAR;SPORT UTILITY;;;;NO;5180;2017-01-29;8:55:00 PM;2017-01-30T01:55:00+00:00;;2017;No;No;1;NONE;NONE,NONE;NONE,NONE;PASSENGER CAR,SPORT UTILITY;PASSENGER CAR,SPORT UTILITY;PASSENGER CAR,SPORT UTILITY;PASSENGER CAR,SPORT UTILITY
39098;CARY;T-INTERSECTION;STRAIGHT,LEVEL;STATE SECONDARY ROUTE;TWO-WAY,NOT DIVIDED;SMOOTH ASPHALT;DRY;DAYLIGHT;CLEAR;STOP AND GO SIGNAL;;;-78.7661;35.8306;;;0;0;1;;NONE;;NONE;;SPORT UTILITY;PASSENGER CAR;;;;NO;15476;2019-03-13;11:58 AM;2019-03-13T15:58:00+00:00;;2019;No;No;3;NONE;NONE,NONE;NONE,NONE;SPORT UTILITY,PASSENGER CAR;SPORT UTILITY,PASSENGER CAR;SPORT UTILITY,PASSENGER CAR;SPORT UTILITY,PASSENGER CAR
27802;60 FEET FROM US HWY 64;NO SPECIAL FEATURE;STRAIGHT,LEVEL;US ROUTE;TWO-WAY,DIVIDED,UNPROTECTED MEDIAN;SMOOTH ASPHALT;DRY;DARK - LIGHTED ROADWAY;CLEAR;NO CONTROL PRESENT;35.740528093;-78.80475789;-78.804;35.7402;P041;116;0;0;;;;;NONE;;PASSENGER CAR;PICKUP;;;;NO;5183;2017-01-25;6:32:03 PM;2017-01-25T23:32:03+00:00;35.740528093, -78.80475789;2017;No;No;1;;NONE;NONE;PASSENGER CAR,PICKUP;PASSENGER CAR,PICKUP;PASSENGER CAR,PICKUP;PASSENGER CAR,PICKUP
39100;.5 MILES FROM US 1 HWY;NO SPECIAL FEATURE;STRAIGHT,LEVEL;US ROUTE;TWO-WAY,DIVIDED,POSITIVE MEDIAN BARRIER;CONCRETE;DRY;DAYLIGHT;CLEAR;NO CONTROL PRESENT;;;-78.7595;35.7547;;;0;0;2;;NONE;;NONE;;SPORT UTILITY;PASSENGER CAR;;;;NO;15478;2019-03-12;5:34:07 PM;2019-03-12T21:34:07+00:00;;2019;No;No;3;NONE;NONE,NONE;NONE,NONE;SPORT UTILITY,PASSENGER CAR;SPORT UTILITY,PASSENGER CAR;SPORT UTILITY,PASSENGER CAR;SPORT UTILITY,PASSENGER CAR
27804;CARY;FOUR-WAY INTERSECTION;STRAIGHT,LEVEL;STATE SECONDARY ROUTE;TWO-WAY,DIVIDED,UNPROTECTED MEDIAN;SMOOTH ASPHALT;DRY;DAYLIGHT;CLEAR;STOP AND GO SIGNAL;;;-78.7425;35.7589;;;0;0;2;;;;NONE;;SPORT UTILITY;PASSENGER CAR;;;;NO;5185;2017-01-27;10:11 AM;2017-01-27T15:11:00+00:00;;2017;No;No;1;;NONE;NONE;SPORT UTILITY,PASSENGER CAR;SPORT UTILITY,PASSENGER CAR;SPORT UTILITY,PASSENGER CAR;SPORT UTILITY,PASSENGER CAR
39104;NEAR 0.1 MILES S OF S I 40 WB;RELATED TO INTERSECTION;STRAIGHT,GRADE;INTERSTATE;TWO-WAY,DIVIDED,POSITIVE MEDIAN BARRIER;SMOOTH ASPHALT;WET;DAYLIGHT;CLOUDY;STOP AND GO SIGNAL;35.858671353;-78.81061581;-78.8135;35.8615;P088;WAKE;0;0;2;;NONE;;NONE;;SINGLE UNIT TRUCK (2-AXLE- 6-TIRE);PASSENGER CAR;;;;NO;15482;2019-03-08;4:48:34 PM;2019-03-08T21:48:34+00:00;35.858671353, -78.81061581;2019;No;No;3;NONE;NONE,NONE;NONE,NONE;SINGLE UNIT TRUCK (2-AXLE- 6-TIRE),PASSENGER CAR;SINGLE UNIT TRUCK (2-AXLE- 6-TIRE),PASSENGER CAR;SINGLE UNIT TRUCK (2-AXLE- 6-TIRE),PASSENGER CAR;SINGLE UNIT TRUCK (2-AXLE- 6-TIRE),PASSENGER CAR
27806;CARY;FOUR-WAY INTERSECTION;STRAIGHT,LEVEL;STATE SECONDARY ROUTE;TWO-WAY,NOT DIVIDED;SMOOTH ASPHALT;DRY;DAYLIGHT;CLEAR;STOP AND GO SIGNAL;;;-78.848301;35.78243;;117;0;0;1;;NONE;;NONE;;PICKUP;PASSENGER CAR;;;;NO;5187;2017-01-27;6:30:55 PM;2017-01-27T23:30:55+00:00;;2017;No;No;1;NONE;NONE,NONE;NONE,NONE;PICKUP,PASSENGER CAR;PICKUP,PASSENGER CAR;PICKUP,PASSENGER CAR;PICKUP,PASSENGER CAR
39107;400 FEET FROM US 1 HWY;NO SPECIAL FEATURE;STRAIGHT,LEVEL;US ROUTE;TWO-WAY,DIVIDED,POSITIVE MEDIAN BARRIER;CONCRETE;DRY;DARK - LIGHTED ROADWAY;CLEAR;NO CONTROL PRESENT;;;-78.740249;35.764751;;112;0;0;;;NONE;;NONE;;PASSENGER CAR;PASSENGER CAR;;;;NO;15485;2019-03-12;7:32:53 PM;2019-03-12T23:32:53+00:00;;2019;No;No;3;NONE;NONE,NONE;NONE,NONE;PASSENGER CAR,PASSENGER CAR;PASSENGER CAR,PASSENGER CAR;PASSENGER CAR,PASSENGER CAR;PASSENGER CAR,PASSENGER CAR
27808;163 FEET FROM P.V.A. ROSEDOWN DR;NO SPECIAL FEATURE;STRAIGHT,LEVEL;PUBLIC VEHICULAR AREA;TWO-WAY,NOT DIVIDED;SMOOTH ASPHALT;DRY;DARK - LIGHTED ROADWAY;CLEAR;NO CONTROL PRESENT;35.802052059;-78.77579935;-78.7754;35.8023;P032;113;0;0;;;NONE;;NONE;;PASSENGER CAR;VAN;;;;NO;5189;2017-01-30;4:40:14 PM;2017-01-30T21:40:14+00:00;35.802052059, -78.77579935;2017;No;No;1;NONE;NONE,NONE;NONE,NONE;PASSENGER CAR,VAN;PASSENGER CAR,VAN;PASSENGER CAR,VAN;PASSENGER CAR,VAN
39108;.65 MILES FROM GOOD HOPE CHURCH RD 1633;NO SPECIAL FEATURE;STRAIGHT,LEVEL;STATE SECONDARY ROUTE;TWO-WAY,NOT DIVIDED;CONCRETE;DRY;DAYLIGHT;CLEAR;STOP SIGN;35.824051461;-78.86828867;-78.877138;35.829609;P069;121;0;0;;;NONE;;NONE;;PASSENGER CAR;PASSENGER CAR;;;;NO;15486;2019-03-13;2:24:12 PM;2019-03-13T18:24:12+00:00;35.824051461, -78.86828867;2019;No;No;3;NONE;NONE,NONE;NONE,NONE;PASSENGER CAR,PASSENGER CAR;PASSENGER CAR,PASSENGER CAR;PASSENGER CAR,PASSENGER CAR;PASSENGER CAR,PASSENGER CAR
27810;110 FEET FROM 638 WALNUT ST;NO SPECIAL FEATURE;STRAIGHT,GRADE;STATE SECONDARY ROUTE;ONE-WAY,NOT DIVIDED;SMOOTH ASPHALT;DRY;DAYLIGHT;CLEAR;NO CONTROL PRESENT;35.782538145;-78.77849972;;;P059;120;0;0;4;;NONE;;NONE;;SPORT UTILITY;PASSENGER CAR;;;;NO;5191;2017-01-27;7:12:04 AM;2017-01-27T12:12:04+00:00;35.782538145, -78.77849972;2017;No;No;1;NONE;NONE,NONE;NONE,NONE;SPORT UTILITY,PASSENGER CAR;SPORT UTILITY,PASSENGER CAR;SPORT UTILITY,PASSENGER CAR;SPORT UTILITY,PASSENGER CAR
39109;.7 MILES FROM US 1;OFF-RAMP ENTRY;STRAIGHT,LEVEL;US ROUTE;TWO-WAY,DIVIDED,POSITIVE MEDIAN BARRIER;SMOOTH ASPHALT;DRY;DAYLIGHT;CLEAR;NO CONTROL PRESENT;;;-78.77227;35.748806;;115;0;0;;;;;NONE;;PASSENGER CAR;PICKUP;PICKUP;;;NO;15487;2019-03-07;5:23:30 PM;2019-03-07T22:23:30+00:00;;2019;No;No;3;;NONE;NONE;PASSENGER CAR,PICKUP;PASSENGER CAR,PICKUP,PICKUP;PASSENGER CAR,PICKUP,PICKUP;PASSENGER CAR,PICKUP,PICKUP
27811;CARY;FOUR-WAY INTERSECTION;STRAIGHT,LEVEL;STATE SECONDARY ROUTE;TWO-WAY,NOT DIVIDED;SMOOTH ASPHALT;DRY;DAYLIGHT;CLEAR;NO CONTROL PRESENT;;;-78.806765;35.773375;;;0;0;2;;;;NONE;;PASSENGER CAR;PASSENGER CAR;;;;NO;5192;2017-01-29;8:23:32 AM;2017-01-29T13:23:32+00:00;;2017;No;No;1;;NONE;NONE;PASSENGER CAR,PASSENGER CAR;PASSENGER CAR,PASSENGER CAR;PASSENGER CAR,PASSENGER CAR;PASSENGER CAR,PASSENGER CAR
39113;1 MILES FROM US 1 HWY;NO SPECIAL FEATURE;STRAIGHT,LEVEL;US ROUTE;TWO-WAY,DIVIDED,POSITIVE MEDIAN BARRIER;SMOOTH ASPHALT;DRY;DAYLIGHT;CLEAR;NO CONTROL PRESENT;;;-78.773795;35.74767;;;0;0;;;NONE;;NONE;;PICKUP;PASSENGER CAR;PICKUP;;;NO;15491;2019-03-13;5:23:17 PM;2019-03-13T21:23:17+00:00;;2019;No;No;3;NONE;NONE,NONE;NONE,NONE;PICKUP,PASSENGER CAR;PICKUP,PASSENGER CAR,PICKUP;PICKUP,PASSENGER CAR,PICKUP;PICKUP,PASSENGER CAR,PICKUP
27812;.14 MILES FROM CROSSROADS BLVD;NO SPECIAL FEATURE;STRAIGHT,LEVEL;LOCAL STREET;TWO-WAY,DIVIDED,UNPROTECTED MEDIAN;SMOOTH ASPHALT;DRY;DAYLIGHT;CLEAR;NO CONTROL PRESENT;35.758470881;-78.73519038;-78.73444;35.759576;P045;118;0;0;2;;NONE;;NONE;;PASSENGER CAR;PASSENGER CAR;;;;NO;5193;2017-01-30;2:49:43 PM;2017-01-30T19:49:43+00:00;35.758470881, -78.73519038;2017;No;No;1;NONE;NONE,NONE;NONE,NONE;PASSENGER CAR,PASSENGER CAR;PASSENGER CAR,PASSENGER CAR;PASSENGER CAR,PASSENGER CAR;PASSENGER CAR,PASSENGER CAR
39122;CARY;FOUR-WAY INTERSECTION;STRAIGHT,LEVEL;NC ROUTE;TWO-WAY,DIVIDED,POSITIVE MEDIAN BARRIER;SMOOTH ASPHALT;DRY;DAYLIGHT;CLEAR;STOP AND GO SIGNAL;;;-78.8708;35.7877;;;0;0;;;NONE;;NONE;;PASSENGER CAR;PASSENGER CAR;;;;NO;15500;2019-03-14;3:41:29 PM;2019-03-14T19:41:29+00:00;;2019;No;No;3;NONE;NONE,NONE;NONE,NONE;PASSENGER CAR,PASSENGER CAR;PASSENGER CAR,PASSENGER CAR;PASSENGER CAR,PASSENGER CAR;PASSENGER CAR,PASSENGER CAR
27831;1 MILES FROM SR# 1615 (GREEN LEVEL WEST RD);NO SPECIAL FEATURE;CURVE,LEVEL;STATE SECONDARY ROUTE;TWO-WAY,NOT DIVIDED;SMOOTH ASPHALT;DRY;DARK - LIGHTED ROADWAY;CLEAR;NO CONTROL PRESENT;35.786832977;-78.87524452;-78.8832;35.7844;P118;117;0;0;;;NONE;;NONE;;PASSENGER CAR;;;;;NO;5211;2017-02-01;6:18:47 AM;2017-02-01T11:18:47+00:00;35.786832977, -78.87524452;2017;No;No;2;NONE;NONE,NONE;NONE,NONE;PASSENGER CAR;PASSENGER CAR;PASSENGER CAR;PASSENGER CAR
39123;129 FEET FROM PVA OF 3490 KILDAIRE FARM RD;NO SPECIAL FEATURE;STRAIGHT,GRADE;PUBLIC VEHICULAR AREA;TWO-WAY,NOT DIVIDED;SMOOTH ASPHALT;DRY;DAYLIGHT;CLEAR;NO CONTROL PRESENT;;;-78.797954;35.7047317;;116;0;0;;;NONE;;NONE;;PICKUP;PASSENGER CAR;;;;NO;15501;2019-03-14;3:03:25 PM;2019-03-14T19:03:25+00:00;;2019;No;No;3;NONE;NONE,NONE;NONE,NONE;PICKUP,PASSENGER CAR;PICKUP,PASSENGER CAR;PICKUP,PASSENGER CAR;PICKUP,PASSENGER CAR
27833;50 FEET FROM CROSSROADS BLVD;NO SPECIAL FEATURE;STRAIGHT,LEVEL;LOCAL STREET;TWO-WAY,DIVIDED,UNPROTECTED MEDIAN;SMOOTH ASPHALT;DRY;DAYLIGHT;CLEAR;STOP AND GO SIGNAL;35.754908262;-78.73025042;-78.7305;35.755;P093;WAKE;0;0;;;NONE;;NONE;;VAN;;;;;NO;5213;2017-01-31;2:54:40 PM;2017-01-31T19:54:40+00:00;35.754908262, -78.73025042;2017;No;No;1;NONE;NONE,NONE;NONE,NONE;VAN;VAN;VAN;VAN
39126;CARY;FOUR-WAY INTERSECTION;STRAIGHT,LEVEL;LOCAL STREET;TWO-WAY,NOT DIVIDED;SMOOTH ASPHALT;DRY;DAYLIGHT;CLOUDY;STOP SIGN;35.740386449;-78.81569249;-78.8133;35.7396;P041;116;0;0;1;;NONE;;NONE;;SPORT UTILITY;PICKUP;;;;NO;15504;2019-03-15;9:28:35 AM;2019-03-15T13:28:35+00:00;35.740386449, -78.81569249;2019;No;No;3;NONE;NONE,NONE;NONE,NONE;SPORT UTILITY,PICKUP;SPORT UTILITY,PICKUP;SPORT UTILITY,PICKUP;SPORT UTILITY,PICKUP
27839;.1 MILES FROM SR 1011 (E CHATHAM ST);NO SPECIAL FEATURE;STRAIGHT,LEVEL;STATE SECONDARY ROUTE;TWO-WAY,DIVIDED,UNPROTECTED MEDIAN;SMOOTH ASPHALT;DRY;DAYLIGHT;CLEAR;NO CONTROL PRESENT;;;-78.760109;35.791513;;120;0;0;;;;;NONE;;SPORT UTILITY;PASSENGER CAR;;;;NO;5219;2017-02-01;5:15:44 PM;2017-02-01T22:15:44+00:00;;2017;No;No;2;;NONE;NONE;SPORT UTILITY,PASSENGER CAR;SPORT UTILITY,PASSENGER CAR;SPORT UTILITY,PASSENGER CAR;SPORT UTILITY,PASSENGER CAR
39128;100 FEET FROM CONVENIENCE LN;NO SPECIAL FEATURE;STRAIGHT,LEVEL;PUBLIC VEHICULAR AREA;TWO-WAY,NOT DIVIDED;CONCRETE;DRY;DAYLIGHT;CLOUDY;NO CONTROL PRESENT;35.859522135;-78.89414883;-78.89487;35.860202;P091;WAKE;0;0;;;NONE;;NONE;;PASSENGER CAR;;;;;NO;15506;2019-03-15;10:58 AM;2019-03-15T14:58:00+00:00;35.859522135, -78.89414883;2019;No;No;3;NONE;NONE,NONE;NONE,NONE;PASSENGER CAR;PASSENGER CAR;PASSENGER CAR;PASSENGER CAR
27843;15 FEET FROM TOWNE VILLAGE DR;FOUR-WAY INTERSECTION;STRAIGHT,LEVEL;LOCAL STREET;TWO-WAY,NOT DIVIDED;SMOOTH ASPHALT;DRY;DAYLIGHT;CLEAR;STOP AND GO SIGNAL;35.782613037;-78.83654351;-78.8367;35.7826;P018;117;0;1;;;;;NONE;;LIGHT TRUCK (MINI-VAN- PANEL);SPORT UTILITY;;;;NO;5223;2017-02-02;7:27:40 AM;2017-02-02T12:27:40+00:00;35.782613037, -78.83654351;2017;No;Yes;2;;NONE;NONE;LIGHT TRUCK (MINI-VAN- PANEL),SPORT UTILITY;LIGHT TRUCK (MINI-VAN- PANEL),SPORT UTILITY;LIGHT TRUCK (MINI-VAN- PANEL),SPORT UTILITY;LIGHT TRUCK (MINI-VAN- PANEL),SPORT UTILITY
39132;75 FEET FROM 205 S. ACADEMY ST (PVA);DRIVEWAY, PUBLIC;STRAIGHT,LEVEL;PUBLIC VEHICULAR AREA;TWO-WAY,NOT DIVIDED;SMOOTH ASPHALT;DRY;DAYLIGHT;CLOUDY;NO CONTROL PRESENT;;;-78.7807;35.786;;;0;0;;;NONE;;NONE;;PASSENGER CAR;PASSENGER CAR;;;;NO;15510;2019-03-15;12:26 PM;2019-03-15T16:26:00+00:00;;2019;No;No;3;NONE;NONE,NONE;NONE,NONE;PASSENGER CAR,PASSENGER CAR;PASSENGER CAR,PASSENGER CAR;PASSENGER CAR,PASSENGER CAR;PASSENGER CAR,PASSENGER CAR
27846;15 FEET FROM SR 1742 (NW MAYNARD);NO SPECIAL FEATURE;STRAIGHT,LEVEL;STATE SECONDARY ROUTE;TWO-WAY,DIVIDED,UNPROTECTED MEDIAN;SMOOTH ASPHALT;DRY;DAYLIGHT;CLEAR;STOP AND GO SIGNAL;;;-78.796141;35.798618;;111;0;0;;;NONE;;NONE;;PASSENGER CAR;SPORT UTILITY;;;;NO;5226;2017-02-02;10:14 AM;2017-02-02T15:14:00+00:00;;2017;No;No;2;NONE;NONE,NONE;NONE,NONE;PASSENGER CAR,SPORT UTILITY;PASSENGER CAR,SPORT UTILITY;PASSENGER CAR,SPORT UTILITY;PASSENGER CAR,SPORT UTILITY