tamainid;location_description;rdfeature;rdcharacter;rdclass;rdconfigur;rdsurface;rdcondition;lightcond;weather;trafcontrl;lat;lon;lon2;lat2;tract;zone;fatality;possblinj;numpassengers;numpedestrians;contrcir1_desc;contrcir2_desc;contrcir3_desc;contrcir4_desc;vehicle1;vehicle2;vehicle3;vehicle4;vehicle5;workarea;records;ta_date;ta_time;crash_date;geo_location;year;fatalities;injuries;month;contrfact1;contrfact2;contributing_factor;vehicleconcat1;vehicleconcat2;vehicleconcat3;vehicle_type
39139;250 FEET FROM P.V.A. (7145 OKELLY CHAPEL RD);NO SPECIAL FEATURE;STRAIGHT,LEVEL;PUBLIC VEHICULAR AREA;TWO-WAY,NOT DIVIDED;SMOOTH ASPHALT;DRY;DAYLIGHT;CLEAR;NO CONTROL PRESENT;;;-78.8878;35.8442;;;0;0;1;;NONE;;NONE;;SPORT UTILITY;SPORT UTILITY;;;;NO;15517;2019-03-16;8:44:01 AM;2019-03-16T12:44:01+00:00;;2019;No;No;3;NONE;NONE,NONE;NONE,NONE;SPORT UTILITY,SPORT UTILITY;SPORT UTILITY,SPORT UTILITY;SPORT UTILITY,SPORT UTILITY;SPORT UTILITY,SPORT UTILITY
27854;.2 MILES FROM PVA (1700 GRANDE HARMONY PL);DRIVEWAY, PUBLIC;STRAIGHT,GRADE;PUBLIC VEHICULAR AREA;TWO-WAY,NOT DIVIDED;SMOOTH ASPHALT;DRY;DAYLIGHT;CLOUDY;NO CONTROL PRESENT;;;-78.7872;35.8054;;;0;0;;;;;NONE;;PASSENGER CAR;PASSENGER CAR;;;;NO;5234;2017-02-03;3:01:36 PM;2017-02-03T20:01:36+00:00;;2017;No;No;2;;NONE;NONE;PASSENGER CAR,PASSENGER CAR;PASSENGER CAR,PASSENGER CAR;PASSENGER CAR,PASSENGER CAR;PASSENGER CAR,PASSENGER CAR
39156;346 FEET FROM PVA WALGREENS(1219 BUCK JONES;NO SPECIAL FEATURE;STRAIGHT,LEVEL;PUBLIC VEHICULAR AREA;TWO-WAY,NOT DIVIDED;COARSE ASPHALT;DRY;DARK - LIGHTED ROADWAY;CLEAR;NO CONTROL PRESENT;;;-78.741102;35.766737;;;0;0;1;;NONE;;NONE;;PASSENGER CAR;;;;;NO;15534;2019-03-17;5:05:48 AM;2019-03-17T09:05:48+00:00;;2019;No;No;3;NONE;NONE,NONE;NONE,NONE;PASSENGER CAR;PASSENGER CAR;PASSENGER CAR;PASSENGER CAR
27855;.2 MILES FROM SR-1011 (E CHATHAM ST);NO SPECIAL FEATURE;STRAIGHT,LEVEL;STATE SECONDARY ROUTE;TWO-WAY,DIVIDED,UNPROTECTED MEDIAN;SMOOTH ASPHALT;DRY;DAYLIGHT;CLEAR;NO CONTROL PRESENT;;;-78.7623;35.7917;;;0;0;;;NONE;;NONE;;PASSENGER CAR;SPORT UTILITY;;;;NO;5235;2017-01-30;4:30:59 PM;2017-01-30T21:30:59+00:00;;2017;No;No;1;NONE;NONE,NONE;NONE,NONE;PASSENGER CAR,SPORT UTILITY;PASSENGER CAR,SPORT UTILITY;PASSENGER CAR,SPORT UTILITY;PASSENGER CAR,SPORT UTILITY
39162;20 FEET FROM NANTUCKET DR;RELATED TO INTERSECTION;STRAIGHT,LEVEL;LOCAL STREET;TWO-WAY,NOT DIVIDED;SMOOTH ASPHALT;DRY;DAYLIGHT;CLEAR;STOP SIGN;35.818359807;-78.79494443;-78.794994;35.818451;P022;111;0;1;;1;NONE;;NONE;;;PASSENGER CAR;;;;NO;15540;2019-03-18;11:35 PM;2019-03-19T03:35:00+00:00;35.818359807, -78.79494443;2019;No;Yes;3;NONE;NONE,NONE;NONE,NONE;PASSENGER CAR;PASSENGER CAR;PASSENGER CAR;PASSENGER CAR
27856;CARY;;;;;;;;;;35.757278673;-78.74294652;;;P120;118;0;0;;;;;;;;;;;;;5236;2017-01-23;12:00 AM;2017-01-23T05:00:00+00:00;35.757278673, -78.74294652;2017;No;No;1;;;;;;;
39176;CARY;FOUR-WAY INTERSECTION;STRAIGHT,GRADE;STATE SECONDARY ROUTE;ONE-WAY,NOT DIVIDED;SMOOTH ASPHALT;DRY;DAYLIGHT;CLEAR;NO CONTROL PRESENT;;;-78.786651;35.802287;;;0;0;;;NONE;;NONE;;PASSENGER CAR;SPORT UTILITY;;;;NO;15554;2019-03-19;10:18 AM;2019-03-19T14:18:00+00:00;;2019;No;No;3;NONE;NONE,NONE;NONE,NONE;PASSENGER CAR,SPORT UTILITY;PASSENGER CAR,SPORT UTILITY;PASSENGER CAR,SPORT UTILITY;PASSENGER CAR,SPORT UTILITY
27858;90 FEET FROM PVA OF 1420 WALNUT ST;NO SPECIAL FEATURE;STRAIGHT,LEVEL;PUBLIC VEHICULAR AREA;TWO-WAY,NOT DIVIDED;SMOOTH ASPHALT;DRY;DUSK;CLEAR;NO CONTROL PRESENT;;;-78.7541;35.7628;;112;0;0;;;;;NONE;;VAN;UNKNOWN;;;;NO;5238;2017-02-04;5:33:43 PM;2017-02-04T22:33:43+00:00;;2017;No;No;2;;NONE;NONE;VAN,UNKNOWN;VAN,UNKNOWN;VAN,UNKNOWN;VAN,UNKNOWN
39177;100 FEET FROM P.V.A (EDENHURST AV);NO SPECIAL FEATURE;STRAIGHT,LEVEL;PUBLIC VEHICULAR AREA;TWO-WAY,NOT DIVIDED;SMOOTH ASPHALT;WET;DARK - LIGHTED ROADWAY;CLEAR;NO CONTROL PRESENT;;;-78.8145;35.7969;;;0;0;;;NONE;;NONE;;SPORT UTILITY;PASSENGER CAR;;;;NO;15555;2019-03-15;7:54:10 PM;2019-03-15T23:54:10+00:00;;2019;No;No;3;NONE;NONE,NONE;NONE,NONE;SPORT UTILITY,PASSENGER CAR;SPORT UTILITY,PASSENGER CAR;SPORT UTILITY,PASSENGER CAR;SPORT UTILITY,PASSENGER CAR
27866;0 FEET FROM SR 3977 (CARY PARKWAY);FOUR-WAY INTERSECTION;STRAIGHT,LEVEL;STATE SECONDARY ROUTE;TWO-WAY,DIVIDED,UNPROTECTED MEDIAN;SMOOTH ASPHALT;DRY;DAYLIGHT;CLEAR;STOP AND GO SIGNAL;;;-78.79294;35.75703;;;0;1;;;NONE;;NONE;;PASSENGER CAR;SPORT UTILITY;PASSENGER CAR;;;NO;5246;2017-02-02;12:23 PM;2017-02-02T17:23:00+00:00;;2017;No;Yes;2;NONE;NONE,NONE;NONE,NONE;PASSENGER CAR,SPORT UTILITY;PASSENGER CAR,SPORT UTILITY,PASSENGER CAR;PASSENGER CAR,SPORT UTILITY,PASSENGER CAR;PASSENGER CAR,SPORT UTILITY,PASSENGER CAR
39181;CARY;T-INTERSECTION;STRAIGHT,LEVEL;LOCAL STREET;TWO-WAY,NOT DIVIDED;SMOOTH ASPHALT;DRY;DAYLIGHT;CLEAR;STOP SIGN;35.891308629;-78.80343717;-78.803477;35.891262;P019;111;0;1;;;NONE;;NONE;;SPORT UTILITY;VAN;;;;NO;15559;2019-03-19;3:42:56 PM;2019-03-19T19:42:56+00:00;35.891308629, -78.80343717;2019;No;Yes;3;NONE;NONE,NONE;NONE,NONE;SPORT UTILITY,VAN;SPORT UTILITY,VAN;SPORT UTILITY,VAN;SPORT UTILITY,VAN
27867;CARY;T-INTERSECTION;STRAIGHT,LEVEL;STATE SECONDARY ROUTE;TWO-WAY,NOT DIVIDED;COARSE ASPHALT;DRY;DARK - LIGHTED ROADWAY;CLEAR;STOP SIGN;;;-78.7661;35.7914;;;0;0;;;NONE;;NONE;;PASSENGER CAR;SPORT UTILITY;;;;NO;5247;2017-02-02;10:09 PM;2017-02-03T03:09:00+00:00;;2017;No;No;2;NONE;NONE,NONE;NONE,NONE;PASSENGER CAR,SPORT UTILITY;PASSENGER CAR,SPORT UTILITY;PASSENGER CAR,SPORT UTILITY;PASSENGER CAR,SPORT UTILITY
39182;CARY;FOUR-WAY INTERSECTION;STRAIGHT,LEVEL;STATE SECONDARY ROUTE;TWO-WAY,DIVIDED,UNPROTECTED MEDIAN;SMOOTH ASPHALT;DRY;DARK - LIGHTED ROADWAY;CLEAR;STOP AND GO SIGNAL;;;-78.7416;35.7557;;;0;0;;;NONE;;NONE;;PASSENGER CAR;SPORT UTILITY;;;;NO;15560;2019-03-19;8:57:00 PM;2019-03-20T00:57:00+00:00;;2019;No;No;3;NONE;NONE,NONE;NONE,NONE;PASSENGER CAR,SPORT UTILITY;PASSENGER CAR,SPORT UTILITY;PASSENGER CAR,SPORT UTILITY;PASSENGER CAR,SPORT UTILITY
27871;CARY;FOUR-WAY INTERSECTION;STRAIGHT,GRADE;LOCAL STREET;TWO-WAY,DIVIDED,UNPROTECTED MEDIAN;SMOOTH ASPHALT;DRY;DAYLIGHT;CLEAR;STOP SIGN;35.784786992;-78.82611729;-78.777564;35.690993;P001;117;0;0;;;;;NONE;;SPORT UTILITY;PASSENGER CAR;;;;NO;5251;2017-02-05;1:05:26 PM;2017-02-05T18:05:26+00:00;35.784786992, -78.82611729;2017;No;No;2;;NONE;NONE;SPORT UTILITY,PASSENGER CAR;SPORT UTILITY,PASSENGER CAR;SPORT UTILITY,PASSENGER CAR;SPORT UTILITY,PASSENGER CAR
39183;366 FEET FROM P.V.A (547 KEISLER DR.);DRIVEWAY, PUBLIC;STRAIGHT,GRADE;PUBLIC VEHICULAR AREA;TWO-WAY,NOT DIVIDED;SMOOTH ASPHALT;DRY;DAYLIGHT;CLEAR;NO CONTROL PRESENT;;;-78.77;35.74;;115;0;0;;;NONE;;NONE;;PASSENGER CAR;PICKUP;;;;NO;15561;2019-03-19;6:51:15 PM;2019-03-19T22:51:15+00:00;;2019;No;No;3;NONE;NONE,NONE;NONE,NONE;PASSENGER CAR,PICKUP;PASSENGER CAR,PICKUP;PASSENGER CAR,PICKUP;PASSENGER CAR,PICKUP
27877;.3 MILES FROM SR 1628 (OKELLY CHAPEL RD);FOUR-WAY INTERSECTION;STRAIGHT,LEVEL;STATE SECONDARY ROUTE;TWO-WAY,NOT DIVIDED;SMOOTH ASPHALT;DRY;DAYLIGHT;CLEAR;STOP AND GO SIGNAL;;;-78.8996;35.8422;;;0;0;1;;NONE;;NONE;;PASSENGER CAR;VAN;;;;NO;5257;2017-02-01;4:55:19 PM;2017-02-01T21:55:19+00:00;;2017;No;No;2;NONE;NONE,NONE;NONE,NONE;PASSENGER CAR,VAN;PASSENGER CAR,VAN;PASSENGER CAR,VAN;PASSENGER CAR,VAN
39184;50 FEET FROM OLD LONDON WAY;NO SPECIAL FEATURE;STRAIGHT,LEVEL;LOCAL STREET;TWO-WAY,NOT DIVIDED;SMOOTH ASPHALT;DRY;DAYLIGHT;CLEAR;NO CONTROL PRESENT;35.760037653;-78.84173821;-78.84186;35.760032;P066;117;0;0;;;NONE;;NONE;;SPORT UTILITY;;;;;NO;15562;2019-03-19;2:37:49 PM;2019-03-19T18:37:49+00:00;35.760037653, -78.84173821;2019;No;No;3;NONE;NONE,NONE;NONE,NONE;SPORT UTILITY;SPORT UTILITY;SPORT UTILITY;SPORT UTILITY
27878;100 FEET FROM KINGSWOOD DR;NO SPECIAL FEATURE;STRAIGHT,LEVEL;LOCAL STREET;TWO-WAY,NOT DIVIDED;SMOOTH ASPHALT;DRY;DARK - LIGHTED ROADWAY;CLEAR;NO CONTROL PRESENT;35.796411955;-78.78026331;-78.7807;35.7967;P032;113;0;0;;;NONE;;NONE;;SPORT UTILITY;;;;;NO;5258;2017-02-03;7:23:55 PM;2017-02-04T00:23:55+00:00;35.796411955, -78.78026331;2017;No;No;2;NONE;NONE,NONE;NONE,NONE;SPORT UTILITY;SPORT UTILITY;SPORT UTILITY;SPORT UTILITY
39187;.25 MILES FROM SR 1300 KILDAIRE FARM RD;NO SPECIAL FEATURE;STRAIGHT,LEVEL;STATE SECONDARY ROUTE;TWO-WAY,DIVIDED,UNPROTECTED MEDIAN;SMOOTH ASPHALT;DRY;DAYLIGHT;CLEAR;STOP AND GO SIGNAL;;;-78.78312;35.75808;;;0;0;;;NONE;;NONE;;PASSENGER CAR;PASSENGER CAR;;;;NO;15565;2019-03-13;2:30:28 PM;2019-03-13T18:30:28+00:00;;2019;No;No;3;NONE;NONE,NONE;NONE,NONE;PASSENGER CAR,PASSENGER CAR;PASSENGER CAR,PASSENGER CAR;PASSENGER CAR,PASSENGER CAR;PASSENGER CAR,PASSENGER CAR
27879;400 FEET FROM SR1605 (GREEN LEVEL WEST RD;NO SPECIAL FEATURE;STRAIGHT,LEVEL;STATE SECONDARY ROUTE;TWO-WAY,NOT DIVIDED;COARSE ASPHALT;DRY;DAYLIGHT;CLEAR;NO CONTROL PRESENT;;;-78.87;35.78;;;0;0;6;;NONE;;NONE;;ACTIVITY BUS;SPORT UTILITY;;;;NO;5259;2017-02-01;6:08:23 PM;2017-02-01T23:08:23+00:00;;2017;No;No;2;NONE;NONE,NONE;NONE,NONE;ACTIVITY BUS,SPORT UTILITY;ACTIVITY BUS,SPORT UTILITY;ACTIVITY BUS,SPORT UTILITY;ACTIVITY BUS,SPORT UTILITY
39191;100 FEET FROM PVA OF 400 KEISLER DR;NO SPECIAL FEATURE;STRAIGHT,LEVEL;PUBLIC VEHICULAR AREA;TWO-WAY,NOT DIVIDED;SMOOTH ASPHALT;DRY;DAYLIGHT;CLEAR;NO CONTROL PRESENT;;;-78.7769;35.7418;;;0;0;;;UNKNOWN;UNKNOWN;FAILURE TO YIELD RIGHT OF WAY;;UNKNOWN;VAN;;;;CONSTRUCTION WORK AREA;15569;2019-03-19;9:58:03 AM;2019-03-19T13:58:03+00:00;;2019;No;No;3;UNKNOWN,UNKNOWN;UNKNOWN,UNKNOWN,FAILURE TO YIELD RIGHT OF WAY;UNKNOWN,UNKNOWN,FAILURE TO YIELD RIGHT OF WAY;UNKNOWN,VAN;UNKNOWN,VAN;UNKNOWN,VAN;UNKNOWN,VAN
27880;CARY;T-INTERSECTION;STRAIGHT,LEVEL;STATE SECONDARY ROUTE;TWO-WAY,NOT DIVIDED;COARSE ASPHALT;DRY;DAYLIGHT;CLEAR;NO CONTROL PRESENT;;;-78.85;35.79;;;0;2;4;;NONE;;NONE;;PASSENGER CAR;PASSENGER CAR;;;;NO;5260;2017-01-27;4:13:04 PM;2017-01-27T21:13:04+00:00;;2017;No;Yes;1;NONE;NONE,NONE;NONE,NONE;PASSENGER CAR,PASSENGER CAR;PASSENGER CAR,PASSENGER CAR;PASSENGER CAR,PASSENGER CAR;PASSENGER CAR,PASSENGER CAR
39196;25 FEET FROM PVA(101 DRY AVE);NO SPECIAL FEATURE;STRAIGHT,LEVEL;PUBLIC VEHICULAR AREA;TWO-WAY,NOT DIVIDED;SMOOTH ASPHALT;DRY;DAYLIGHT;CLOUDY;NO CONTROL PRESENT;35.876631283;-78.87608051;-78.781375;35.782956;P095;DURH;0;0;;;NONE;;NONE;;SPORT UTILITY;PASSENGER CAR;;;;NO;15574;2019-03-20;1:53:09 PM;2019-03-20T17:53:09+00:00;35.876631283, -78.87608051;2019;No;No;3;NONE;NONE,NONE;NONE,NONE;SPORT UTILITY,PASSENGER CAR;SPORT UTILITY,PASSENGER CAR;SPORT UTILITY,PASSENGER CAR;SPORT UTILITY,PASSENGER CAR
27883;200 FEET FROM SR 1011 (E CHATHAM ST);NO SPECIAL FEATURE;STRAIGHT,LEVEL;STATE SECONDARY ROUTE;TWO-WAY,DIVIDED,UNPROTECTED MEDIAN;SMOOTH ASPHALT;DRY;DARK - LIGHTED ROADWAY;CLEAR;NO CONTROL PRESENT;;;-78.7532;35.7904;;;0;0;;;;;NONE;;SPORT UTILITY;SPORT UTILITY;;;;NO;5263;2017-02-03;5:46:30 PM;2017-02-03T22:46:30+00:00;;2017;No;No;2;;NONE;NONE;SPORT UTILITY,SPORT UTILITY;SPORT UTILITY,SPORT UTILITY;SPORT UTILITY,SPORT UTILITY;SPORT UTILITY,SPORT UTILITY
39200;195 FEET FROM 4010 CONVENIENCE LN;NO SPECIAL FEATURE;STRAIGHT,LEVEL;PUBLIC VEHICULAR AREA;TWO-WAY,NOT DIVIDED;SMOOTH ASPHALT;WET;DARK - LIGHTED ROADWAY;RAIN;NO CONTROL PRESENT;35.859522135;-78.89414883;-78.89402;35.860055;P091;WAKE;0;0;;;NONE;;NONE;;PASSENGER CAR;;;;;NO;15578;2019-03-21;2:57:51 AM;2019-03-21T06:57:51+00:00;35.859522135, -78.89414883;2019;No;No;3;NONE;NONE,NONE;NONE,NONE;PASSENGER CAR;PASSENGER CAR;PASSENGER CAR;PASSENGER CAR
27889;50 FEET FROM SR 1617 (CARPENTER UPCHURCH RD;NO SPECIAL FEATURE;STRAIGHT,LEVEL;STATE SECONDARY ROUTE;TWO-WAY,NOT DIVIDED;SMOOTH ASPHALT;DRY;DARK - LIGHTED ROADWAY;CLEAR;SCHOOL ZONE SIGNS;;;-78.870554;35.807802;;;0;0;1;;NONE;;NONE;;PASSENGER CAR;PASSENGER CAR;;;;NO;5269;2017-01-25;3:03:30 PM;2017-01-25T20:03:30+00:00;;2017;No;No;1;NONE;NONE,NONE;NONE,NONE;PASSENGER CAR,PASSENGER CAR;PASSENGER CAR,PASSENGER CAR;PASSENGER CAR,PASSENGER CAR;PASSENGER CAR,PASSENGER CAR
39214;100 FEET FROM PVA (4010 CONVENIENCE LN);NO SPECIAL FEATURE;STRAIGHT,LEVEL;PUBLIC VEHICULAR AREA;TWO-WAY,NOT DIVIDED;CONCRETE;WET;DAYLIGHT;RAIN;NO CONTROL PRESENT;;;-78.8949;35.8603;;;0;0;1;;NONE;;NONE;;SPORT UTILITY;PASSENGER CAR;;;;NO;15592;2019-03-15;6:54:55 PM;2019-03-15T22:54:55+00:00;;2019;No;No;3;NONE;NONE,NONE;NONE,NONE;SPORT UTILITY,PASSENGER CAR;SPORT UTILITY,PASSENGER CAR;SPORT UTILITY,PASSENGER CAR;SPORT UTILITY,PASSENGER CAR
27899;.1 MILES FROM PVA 1110 SE CARY PKWY;NO SPECIAL FEATURE;STRAIGHT,LEVEL;PUBLIC VEHICULAR AREA;TWO-WAY,NOT DIVIDED;SMOOTH ASPHALT;DRY;DAYLIGHT;CLEAR;NO CONTROL PRESENT;35.742648666;-78.76304405;-78.7624;35.7422;P004;118;0;0;;;;;NONE;;PASSENGER CAR;SPORT UTILITY;;;;NO;5279;2017-02-06;10:07 AM;2017-02-06T15:07:00+00:00;35.742648666, -78.76304405;2017;No;No;2;;NONE;NONE;PASSENGER CAR,SPORT UTILITY;PASSENGER CAR,SPORT UTILITY;PASSENGER CAR,SPORT UTILITY;PASSENGER CAR,SPORT UTILITY
39215;.16 MILES FROM P.V.A. (1 QUALITY LN);NO SPECIAL FEATURE;STRAIGHT,LEVEL;PRIVATE ROAD,DRIVEWAY;TWO-WAY,NOT DIVIDED;SMOOTH ASPHALT;WET;DAYLIGHT;RAIN;STOP SIGN;;;-78.8097;35.817;;;0;0;;;NONE;;NONE;;PASSENGER CAR;PASSENGER CAR;;;;NO;15593;2019-03-21;7:32:18 AM;2019-03-21T11:32:18+00:00;;2019;No;No;3;NONE;NONE,NONE;NONE,NONE;PASSENGER CAR,PASSENGER CAR;PASSENGER CAR,PASSENGER CAR;PASSENGER CAR,PASSENGER CAR;PASSENGER CAR,PASSENGER CAR
27902;200 FEET FROM SR 1300 KILDAIRE FARM RD;NO SPECIAL FEATURE;STRAIGHT,LEVEL;STATE SECONDARY ROUTE;TWO-WAY,DIVIDED,UNPROTECTED MEDIAN;SMOOTH ASPHALT;DRY;DAYLIGHT;CLEAR;NO CONTROL PRESENT;;;-78.77719;35.731804;;;0;0;;;NONE;;NONE;;PASSENGER CAR;SPORT UTILITY;PASSENGER CAR;;;NO;5282;2017-02-06;5:35:30 PM;2017-02-06T22:35:30+00:00;;2017;No;No;2;NONE;NONE,NONE;NONE,NONE;PASSENGER CAR,SPORT UTILITY;PASSENGER CAR,SPORT UTILITY,PASSENGER CAR;PASSENGER CAR,SPORT UTILITY,PASSENGER CAR;PASSENGER CAR,SPORT UTILITY,PASSENGER CAR
39216;0 FEET FROM SR 1415 (SE MAYNARD RD);FOUR-WAY INTERSECTION;STRAIGHT,GRADE;STATE SECONDARY ROUTE;TWO-WAY,NOT DIVIDED;SMOOTH ASPHALT;WET;DAYLIGHT;RAIN;STOP SIGN;;;-78.7642;35.7849;;;0;1;;;NONE;;NONE;;PASSENGER CAR;PASSENGER CAR;;;;NO;15594;2019-03-21;8:42:20 AM;2019-03-21T12:42:20+00:00;;2019;No;Yes;3;NONE;NONE,NONE;NONE,NONE;PASSENGER CAR,PASSENGER CAR;PASSENGER CAR,PASSENGER CAR;PASSENGER CAR,PASSENGER CAR;PASSENGER CAR,PASSENGER CAR
27903;CARY;T-INTERSECTION;STRAIGHT,LEVEL;STATE SECONDARY ROUTE;TWO-WAY,NOT DIVIDED;SMOOTH ASPHALT;DRY;DAYLIGHT;CLEAR;STOP SIGN;35.781024183;-78.82537225;-78.825;35.786;P001;117;0;0;;;NONE;;NONE;;PASSENGER CAR;SPORT UTILITY;;;;NO;5283;2017-02-07;8:30:19 AM;2017-02-07T13:30:19+00:00;35.781024183, -78.82537225;2017;No;No;2;NONE;NONE,NONE;NONE,NONE;PASSENGER CAR,SPORT UTILITY;PASSENGER CAR,SPORT UTILITY;PASSENGER CAR,SPORT UTILITY;PASSENGER CAR,SPORT UTILITY
39240;0 FEET FROM (SR 1613) DAVIS DR;;;;;;;;;;;;-78.847172;35.791571;;;0;0;;;;;;;;;;;;;15618;2019-03-23;6:58:28 PM;2019-03-23T22:58:28+00:00;;2019;No;No;3;;;;;;;
27907;0 FEET FROM SR 1011 W CHATHAM ST;FOUR-WAY INTERSECTION;STRAIGHT,LEVEL;STATE SECONDARY ROUTE;TWO-WAY,NOT DIVIDED;SMOOTH ASPHALT;DRY;DARK - LIGHTED ROADWAY;CLEAR;STOP AND GO SIGNAL;35.789741928;-78.77963612;-78.801466;35.775872;P060;113;0;1;1;;NONE;;NONE;;PASSENGER CAR;VAN;;;;NO;5287;2017-02-04;7:37:39 AM;2017-02-04T12:37:39+00:00;35.789741928, -78.77963612;2017;No;Yes;2;NONE;NONE,NONE;NONE,NONE;PASSENGER CAR,VAN;PASSENGER CAR,VAN;PASSENGER CAR,VAN;PASSENGER CAR,VAN
39242;150 FEET FROM PVA 885 WALNUT ST;NO SPECIAL FEATURE;STRAIGHT,LEVEL;PUBLIC VEHICULAR AREA;TWO-WAY,NOT DIVIDED;SMOOTH ASPHALT;DRY;DUSK;CLEAR;NO CONTROL PRESENT;;;-78.764862;35.775063;;120;0;0;1;;NONE;;NONE;;VAN;PASSENGER CAR;;;;NO;15620;2019-03-23;7:12:12 PM;2019-03-23T23:12:12+00:00;;2019;No;No;3;NONE;NONE,NONE;NONE,NONE;VAN,PASSENGER CAR;VAN,PASSENGER CAR;VAN,PASSENGER CAR;VAN,PASSENGER CAR
27916;200 FEET FROM P.V.A. (7718 CHAPEL HILL RD);NO SPECIAL FEATURE;STRAIGHT,LEVEL;PUBLIC VEHICULAR AREA;TWO-WAY,NOT DIVIDED;SMOOTH ASPHALT;DRY;DAYLIGHT;CLEAR;NO CONTROL PRESENT;;;-78.760172;35.796519;;;0;0;;;NONE;;NONE;;UNKNOWN;PASSENGER CAR;;;;NO;5296;2017-02-07;4:22:32 PM;2017-02-07T21:22:32+00:00;;2017;No;No;2;NONE;NONE,NONE;NONE,NONE;UNKNOWN,PASSENGER CAR;UNKNOWN,PASSENGER CAR;UNKNOWN,PASSENGER CAR;UNKNOWN,PASSENGER CAR
39247;200 FEET FROM PEBBLE CREEK DR;NO SPECIAL FEATURE;CURVE,LEVEL;LOCAL STREET;TWO-WAY,NOT DIVIDED;SMOOTH ASPHALT;DRY;DARK - ROADWAY NOT LIGHTED;CLEAR;NO CONTROL PRESENT;35.758398627;-78.79513221;-78.795556;35.758554;P006;115;0;1;1;;NONE;;NONE;;PICKUP;;;;;NO;15625;2019-03-22;12:54 AM;2019-03-22T04:54:00+00:00;35.758398627, -78.79513221;2019;No;Yes;3;NONE;NONE,NONE;NONE,NONE;PICKUP;PICKUP;PICKUP;PICKUP
27918;200 FEET FROM SR 1497 (CARY TOWNE BLVD);NO SPECIAL FEATURE;STRAIGHT,LEVEL;LOCAL STREET;TWO-WAY,DIVIDED,UNPROTECTED MEDIAN;SMOOTH ASPHALT;DRY;DAYLIGHT;CLEAR;NO CONTROL PRESENT;;;-78.765;35.7762;;;0;0;;;;;NONE;;SPORT UTILITY;PASSENGER CAR;;;;NO;5298;2017-02-07;1:26:20 PM;2017-02-07T18:26:20+00:00;;2017;No;No;2;;NONE;NONE;SPORT UTILITY,PASSENGER CAR;SPORT UTILITY,PASSENGER CAR;SPORT UTILITY,PASSENGER CAR;SPORT UTILITY,PASSENGER CAR
39264;10 FEET FROM SR1300 (KILDAIRE FARM RD);RELATED TO INTERSECTION;STRAIGHT,LEVEL;STATE SECONDARY ROUTE;TWO-WAY,NOT DIVIDED;SMOOTH ASPHALT;DRY;DAYLIGHT;CLOUDY;STOP AND GO SIGNAL;;;-78.783;35.76;;;0;0;;;NONE;;NONE;;SPORT UTILITY;PICKUP;;;;NO;15642;2019-03-25;11:36 AM;2019-03-25T15:36:00+00:00;;2019;No;No;3;NONE;NONE,NONE;NONE,NONE;SPORT UTILITY,PICKUP;SPORT UTILITY,PICKUP;SPORT UTILITY,PICKUP;SPORT UTILITY,PICKUP
27947;200 FEET FROM P.V.A. DORCAS MINISTRY (187 SR;NO SPECIAL FEATURE;STRAIGHT,LEVEL;PUBLIC VEHICULAR AREA;TWO-WAY,NOT DIVIDED;SMOOTH ASPHALT;DRY;DAYLIGHT;CLEAR;NO CONTROL PRESENT;35.750152522;-78.75261225;-78.7993;35.782;P004;118;0;1;1;;NONE;;NONE;;PASSENGER CAR;SPORT UTILITY;;;;NO;5324;2017-02-10;12:53 PM;2017-02-10T17:53:00+00:00;35.750152522, -78.75261225;2017;No;Yes;2;NONE;NONE,NONE;NONE,NONE;PASSENGER CAR,SPORT UTILITY;PASSENGER CAR,SPORT UTILITY;PASSENGER CAR,SPORT UTILITY;PASSENGER CAR,SPORT UTILITY
39269;35 FEET FROM 1830 WALNUT ST;NO SPECIAL FEATURE;STRAIGHT,LEVEL;PUBLIC VEHICULAR AREA;TWO-WAY,NOT DIVIDED;SMOOTH ASPHALT;DRY;DAYLIGHT;CLEAR;NO CONTROL PRESENT;;;-78.7436;35.7591;;;0;0;;;NONE;;NONE;;SPORT UTILITY;SPORT UTILITY;;;;NO;15647;2019-03-25;3:31:26 PM;2019-03-25T19:31:26+00:00;;2019;No;No;3;NONE;NONE,NONE;NONE,NONE;SPORT UTILITY,SPORT UTILITY;SPORT UTILITY,SPORT UTILITY;SPORT UTILITY,SPORT UTILITY;SPORT UTILITY,SPORT UTILITY
27948;250 FEET FROM 803 NW MAYNARD RD;NO SPECIAL FEATURE;STRAIGHT,LEVEL;LOCAL STREET;TWO-WAY,NOT DIVIDED;SMOOTH ASPHALT;DRY;UNKNOWN;CLEAR;NO CONTROL PRESENT;35.777770756;-78.80557575;-78.8062;35.7785;P008;114;0;0;;;NONE;;FAILURE TO YIELD RIGHT OF WAY;FAILURE TO YIELD RIGHT OF WAY;VAN;;;;;UTILITY WORK AREA;5325;2017-02-10;11:08 AM;2017-02-10T16:08:00+00:00;35.777770756, -78.80557575;2017;No;No;2;NONE;NONE,FAILURE TO YIELD RIGHT OF WAY;NONE,FAILURE TO YIELD RIGHT OF WAY,FAILURE TO YIELD RIGHT OF WAY;VAN;VAN;VAN;VAN