tamainid;location_description;rdfeature;rdcharacter;rdclass;rdconfigur;rdsurface;rdcondition;lightcond;weather;trafcontrl;lat;lon;lon2;lat2;tract;zone;fatality;possblinj;numpassengers;numpedestrians;contrcir1_desc;contrcir2_desc;contrcir3_desc;contrcir4_desc;vehicle1;vehicle2;vehicle3;vehicle4;vehicle5;workarea;records;ta_date;ta_time;crash_date;geo_location;year;fatalities;injuries;month;contrfact1;contrfact2;contributing_factor;vehicleconcat1;vehicleconcat2;vehicleconcat3;vehicle_type
28478;CARY;FOUR-WAY INTERSECTION;STRAIGHT,LEVEL;LOCAL STREET;TWO-WAY,DIVIDED,UNPROTECTED MEDIAN;SMOOTH ASPHALT;DRY;DAYLIGHT;CLOUDY;STOP AND GO SIGNAL;35.761266214;-78.7418746;-78.741951;35.761263;P120;118;0;0;;;NONE;;NONE;;PICKUP;PASSENGER CAR;;;;NO;5852;2017-03-25;4:12:09 PM;2017-03-25T20:12:09+00:00;35.761266214, -78.7418746;2017;No;No;3;NONE;NONE,NONE;NONE,NONE;PICKUP,PASSENGER CAR;PICKUP,PASSENGER CAR;PICKUP,PASSENGER CAR;PICKUP,PASSENGER CAR
39815;0 FEET FROM SR 1415 (SE MAYNARD RD);RELATED TO INTERSECTION;CURVE,LEVEL;STATE SECONDARY ROUTE;TWO-WAY,DIVIDED,UNPROTECTED MEDIAN;SMOOTH ASPHALT;DRY;DAYLIGHT;CLEAR;STOP SIGN;;;-78.764369;35.768752;;120;0;1;1;;NONE;;NONE;;PASSENGER CAR;PASSENGER CAR;;;;NO;16193;2019-05-04;11:51 AM;2019-05-04T15:51:00+00:00;;2019;No;Yes;5;NONE;NONE,NONE;NONE,NONE;PASSENGER CAR,PASSENGER CAR;PASSENGER CAR,PASSENGER CAR;PASSENGER CAR,PASSENGER CAR;PASSENGER CAR,PASSENGER CAR
28481;CARY;RELATED TO INTERSECTION;STRAIGHT,LEVEL;LOCAL STREET;TWO-WAY,NOT DIVIDED;SMOOTH ASPHALT;DRY;DUSK;CLEAR;STOP AND GO SIGNAL;;;-78.7641;35.7756;;;0;3;3;;NONE;;NONE;;PASSENGER CAR;PASSENGER CAR;;;;NO;5855;2017-03-26;6:58:31 PM;2017-03-26T22:58:31+00:00;;2017;No;Yes;3;NONE;NONE,NONE;NONE,NONE;PASSENGER CAR,PASSENGER CAR;PASSENGER CAR,PASSENGER CAR;PASSENGER CAR,PASSENGER CAR;PASSENGER CAR,PASSENGER CAR
39816;121 FEET FROM US 64;NO SPECIAL FEATURE;STRAIGHT,LEVEL;US ROUTE;TWO-WAY,DIVIDED,UNPROTECTED MEDIAN;SMOOTH ASPHALT;DRY;DAYLIGHT;CLEAR;NO CONTROL PRESENT;;;-78.797793;35.738573;;;0;0;;;NONE;;NONE;;SPORT UTILITY;PICKUP;;;;NO;16194;2019-05-04;1:43:40 PM;2019-05-04T17:43:40+00:00;;2019;No;No;5;NONE;NONE,NONE;NONE,NONE;SPORT UTILITY,PICKUP;SPORT UTILITY,PICKUP;SPORT UTILITY,PICKUP;SPORT UTILITY,PICKUP
28499;207 FEET FROM CARMICHAEL  CT;NO SPECIAL FEATURE;STRAIGHT,LEVEL;LOCAL STREET;TWO-WAY,NOT DIVIDED;SMOOTH ASPHALT;DRY;DAYLIGHT;CLEAR;NO CONTROL PRESENT;35.757328913;-78.7932213;-78.792648;35.757742;P006;115;0;0;;;NONE;;NONE;;PASSENGER CAR;;;;;NO;5873;2017-03-23;9:13:35 AM;2017-03-23T13:13:35+00:00;35.757328913, -78.7932213;2017;No;No;3;NONE;NONE,NONE;NONE,NONE;PASSENGER CAR;PASSENGER CAR;PASSENGER CAR;PASSENGER CAR
39817;400 FEET FROM P.V.A. (204 CROSSROADS BLVD);NO SPECIAL FEATURE;STRAIGHT,LEVEL;PUBLIC VEHICULAR AREA;TWO-WAY,NOT DIVIDED;COARSE ASPHALT;DRY;DAYLIGHT;CLEAR;NO CONTROL PRESENT;;;-78.741;35.7602;;118;0;0;;;;;NONE;;PASSENGER CAR;PASSENGER CAR;;;;NO;16195;2019-05-04;2:50:30 PM;2019-05-04T18:50:30+00:00;;2019;No;No;5;;NONE;NONE;PASSENGER CAR,PASSENGER CAR;PASSENGER CAR,PASSENGER CAR;PASSENGER CAR,PASSENGER CAR;PASSENGER CAR,PASSENGER CAR
28501;35 FEET FROM RP 1300 (KILDAIRE FARM RD);NO SPECIAL FEATURE;STRAIGHT,LEVEL;STATE SECONDARY ROUTE;TWO-WAY,DIVIDED,UNPROTECTED MEDIAN;SMOOTH ASPHALT;DRY;DAYLIGHT;CLEAR;NO CONTROL PRESENT;;;-78.794583;35.70044;;116;0;0;1;;NONE;;NONE;;SPORT UTILITY;SPORT UTILITY;;;;NO;5875;2017-03-22;11:38 AM;2017-03-22T15:38:00+00:00;;2017;No;No;3;NONE;NONE,NONE;NONE,NONE;SPORT UTILITY,SPORT UTILITY;SPORT UTILITY,SPORT UTILITY;SPORT UTILITY,SPORT UTILITY;SPORT UTILITY,SPORT UTILITY
39822;15 FEET FROM MARSHFIELD PL;NO SPECIAL FEATURE;STRAIGHT,LEVEL;LOCAL STREET;TWO-WAY,NOT DIVIDED;SMOOTH ASPHALT;DRY;DAYLIGHT;CLEAR;NO CONTROL PRESENT;35.781796042;-78.80121047;-78.8012;35.7819;P026;114;0;0;;;NONE;;NONE;;PASSENGER CAR;PICKUP;;;;NO;16200;2019-04-30;10:06 PM;2019-05-01T02:06:00+00:00;35.781796042, -78.80121047;2019;No;No;4;NONE;NONE,NONE;NONE,NONE;PASSENGER CAR,PICKUP;PASSENGER CAR,PICKUP;PASSENGER CAR,PICKUP;PASSENGER CAR,PICKUP
28502;400 FEET FROM PVA 1261 BUCK JONES RD;DRIVEWAY, PUBLIC;STRAIGHT,LEVEL;PUBLIC VEHICULAR AREA;TWO-WAY,NOT DIVIDED;SMOOTH ASPHALT;WET;DAYLIGHT;CLOUDY;NO CONTROL PRESENT;;;-78.740573;35.766544;;;0;0;;;UNKNOWN;;NONE;;PASSENGER CAR;UNKNOWN;;;;NO;5876;2017-03-27;10:24 AM;2017-03-27T14:24:00+00:00;;2017;No;No;3;UNKNOWN;UNKNOWN,NONE;UNKNOWN,NONE;PASSENGER CAR,UNKNOWN;PASSENGER CAR,UNKNOWN;PASSENGER CAR,UNKNOWN;PASSENGER CAR,UNKNOWN
39829;0 FEET FROM SR 1415 (SE MAYNARD RD);;;;;;;;;;;;;;;;0;1;;;;;;;;;;;;;16207;2019-05-04;11:42 AM;2019-05-04T15:42:00+00:00;;2019;No;Yes;5;;;;;;;
28503;100 FEET FROM SR#1300 (KILDAIRE FARM RD);NO SPECIAL FEATURE;STRAIGHT,LEVEL;STATE SECONDARY ROUTE;TWO-WAY,NOT DIVIDED;SMOOTH ASPHALT;WET;DAYLIGHT;RAIN;NO CONTROL PRESENT;;;-78.782972;35.757458;;;0;0;;;NONE;;NONE;;PASSENGER CAR;SPORT UTILITY;;;;NO;5877;2017-03-27;8:46:08 AM;2017-03-27T12:46:08+00:00;;2017;No;No;3;NONE;NONE,NONE;NONE,NONE;PASSENGER CAR,SPORT UTILITY;PASSENGER CAR,SPORT UTILITY;PASSENGER CAR,SPORT UTILITY;PASSENGER CAR,SPORT UTILITY
39834;10 FEET FROM SR 3977 (CARY PKWY);T-INTERSECTION;STRAIGHT,GRADE;STATE SECONDARY ROUTE;TWO-WAY,DIVIDED,POSITIVE MEDIAN BARRIER;COARSE ASPHALT;;DAYLIGHT;CLEAR;STOP SIGN;;;-78.8083;35.7546;;;0;0;;;NONE;;NONE;;PASSENGER CAR;SPORT UTILITY;;;;NO;16212;2019-05-06;4:35:28 PM;2019-05-06T20:35:28+00:00;;2019;No;No;5;NONE;NONE,NONE;NONE,NONE;PASSENGER CAR,SPORT UTILITY;PASSENGER CAR,SPORT UTILITY;PASSENGER CAR,SPORT UTILITY;PASSENGER CAR,SPORT UTILITY
28506;340 FEET FROM PVA OF 19000 MUSSELBURGH DR;NO SPECIAL FEATURE;STRAIGHT,LEVEL;PUBLIC VEHICULAR AREA;TWO-WAY,NOT DIVIDED;SMOOTH ASPHALT;DRY;DARK - LIGHTED ROADWAY;CLEAR;STOP SIGN;35.865210557;-78.51824064;-78.7313;35.758;P119;RALW;0;0;;;NONE;;NONE;;PASSENGER CAR;UNKNOWN;;;;NO;5880;2017-03-26;1:05:18 PM;2017-03-26T17:05:18+00:00;35.865210557, -78.51824064;2017;No;No;3;NONE;NONE,NONE;NONE,NONE;PASSENGER CAR,UNKNOWN;PASSENGER CAR,UNKNOWN;PASSENGER CAR,UNKNOWN;PASSENGER CAR,UNKNOWN
39836;CARY;DRIVEWAY, PUBLIC;STRAIGHT,LEVEL;STATE SECONDARY ROUTE;TWO-WAY,DIVIDED,UNPROTECTED MEDIAN;SMOOTH ASPHALT;DRY;DAYLIGHT;CLEAR;STOP SIGN;;;-78.8911;35.8281;;;0;0;;;NONE;;NONE;;PASSENGER CAR;VAN;;;;NO;16214;2019-05-06;2:56:52 PM;2019-05-06T18:56:52+00:00;;2019;No;No;5;NONE;NONE,NONE;NONE,NONE;PASSENGER CAR,VAN;PASSENGER CAR,VAN;PASSENGER CAR,VAN;PASSENGER CAR,VAN
28515;2 MILES FROM FOX VIEW PL;TRAFFIC CIRCLE/ROUNDABOUT;CURVE,GRADE;LOCAL STREET;TWO-WAY,NOT DIVIDED;SMOOTH ASPHALT;DRY;DAYLIGHT;CLEAR;NO CONTROL PRESENT;;;-78.797488;35.764419;;;0;0;;;NONE;;NONE;;PICKUP;PICKUP;;;;NO;5889;2017-03-27;5:19:09 PM;2017-03-27T21:19:09+00:00;;2017;No;No;3;NONE;NONE,NONE;NONE,NONE;PICKUP,PICKUP;PICKUP,PICKUP;PICKUP,PICKUP;PICKUP,PICKUP
39839;300 FEET FROM P.V.A. 3655 SR 3977 (SW CARY P;NO SPECIAL FEATURE;STRAIGHT,LEVEL;PUBLIC VEHICULAR AREA;TWO-WAY,NOT DIVIDED;SMOOTH ASPHALT;DRY;DAYLIGHT;CLEAR;NO CONTROL PRESENT;;;-78.837746;35.781972;;;0;0;2;;;;NONE;;SPORT UTILITY;PICKUP;;;;NO;16217;2019-05-06;3:06:08 AM;2019-05-06T07:06:08+00:00;;2019;No;No;5;;NONE;NONE;SPORT UTILITY,PICKUP;SPORT UTILITY,PICKUP;SPORT UTILITY,PICKUP;SPORT UTILITY,PICKUP
28519;.2 MILES FROM OLD APEX RD SR 1616;NO SPECIAL FEATURE;STRAIGHT,LEVEL;STATE SECONDARY ROUTE;TWO-WAY,NOT DIVIDED;SMOOTH ASPHALT;WET;DAYLIGHT;RAIN;STOP AND GO SIGNAL;35.761981693;-78.82181385;-78.8234;35.7616;P009;117;0;0;;;NONE;;NONE;;PASSENGER CAR;VAN;;;;NO;5893;2017-03-28;8:57:19 AM;2017-03-28T12:57:19+00:00;35.761981693, -78.82181385;2017;No;No;3;NONE;NONE,NONE;NONE,NONE;PASSENGER CAR,VAN;PASSENGER CAR,VAN;PASSENGER CAR,VAN;PASSENGER CAR,VAN
39842;100 FEET FROM SR 3977 (SW CARY PKWY);OTHER *;STRAIGHT,LEVEL;STATE SECONDARY ROUTE;TWO-WAY,DIVIDED,POSITIVE MEDIAN BARRIER;SMOOTH ASPHALT;DRY;DAYLIGHT;CLEAR;NO CONTROL PRESENT;;;-78.829;35.788;;;0;0;;;NONE;;NONE;;PASSENGER CAR;PICKUP;;;;NO;16220;2019-05-07;9:16:13 AM;2019-05-07T13:16:13+00:00;;2019;No;No;5;NONE;NONE,NONE;NONE,NONE;PASSENGER CAR,PICKUP;PASSENGER CAR,PICKUP;PASSENGER CAR,PICKUP;PASSENGER CAR,PICKUP
28521;100 FEET FROM 539 KEISLER DR;NO SPECIAL FEATURE;STRAIGHT,HILLCREST;PUBLIC VEHICULAR AREA;ONE-WAY,NOT DIVIDED;SMOOTH ASPHALT;WET;DAYLIGHT;CLEAR;NO CONTROL PRESENT;;;-78.776287;35.742641;;;0;0;;;NONE;;NONE;;SPORT UTILITY;SPORT UTILITY;;;;NO;5895;2017-03-28;1:59:26 PM;2017-03-28T17:59:26+00:00;;2017;No;No;3;NONE;NONE,NONE;NONE,NONE;SPORT UTILITY,SPORT UTILITY;SPORT UTILITY,SPORT UTILITY;SPORT UTILITY,SPORT UTILITY;SPORT UTILITY,SPORT UTILITY
39846;200 FEET FROM 204 CROSSROADS BLVD PVA;NO SPECIAL FEATURE;STRAIGHT,LEVEL;PUBLIC VEHICULAR AREA;TWO-WAY,NOT DIVIDED;SMOOTH ASPHALT;DRY;DAYLIGHT;CLEAR;NO CONTROL PRESENT;;;-78.74121;35.760438;;;0;0;;;NONE;;NONE;;PASSENGER CAR;PASSENGER CAR;;;;NO;16224;2019-05-07;1:10:45 PM;2019-05-07T17:10:45+00:00;;2019;No;No;5;NONE;NONE,NONE;NONE,NONE;PASSENGER CAR,PASSENGER CAR;PASSENGER CAR,PASSENGER CAR;PASSENGER CAR,PASSENGER CAR;PASSENGER CAR,PASSENGER CAR
28541;0 FEET FROM SR 3977 (SE CARY PKWY);FOUR-WAY INTERSECTION;STRAIGHT,GRADE;STATE SECONDARY ROUTE;TWO-WAY,DIVIDED,UNPROTECTED MEDIAN;SMOOTH ASPHALT;DRY;DAYLIGHT;CLEAR;STOP SIGN;;;-78.7735;35.7523;;112;0;0;1;;NONE;;NONE;;PASSENGER CAR;SPORT UTILITY;;;;NO;5915;2017-03-24;12:33 PM;2017-03-24T16:33:00+00:00;;2017;No;No;3;NONE;NONE,NONE;NONE,NONE;PASSENGER CAR,SPORT UTILITY;PASSENGER CAR,SPORT UTILITY;PASSENGER CAR,SPORT UTILITY;PASSENGER CAR,SPORT UTILITY
39853;.10 MILES FROM P.V.A. 1253 BUCK JONES RD;NO SPECIAL FEATURE;STRAIGHT,LEVEL;PUBLIC VEHICULAR AREA;TWO-WAY,NOT DIVIDED;SMOOTH ASPHALT;DRY;DAYLIGHT;CLEAR;NO CONTROL PRESENT;;;-78.7404;35.7653;;;0;0;1;;;;NONE;;PASSENGER CAR;PASSENGER CAR;;;;NO;16231;2019-05-07;7:15:29 PM;2019-05-07T23:15:29+00:00;;2019;No;No;5;;NONE;NONE;PASSENGER CAR,PASSENGER CAR;PASSENGER CAR,PASSENGER CAR;PASSENGER CAR,PASSENGER CAR;PASSENGER CAR,PASSENGER CAR
28547;.13 MILES FROM SR 1300;NO SPECIAL FEATURE;CURVE,GRADE;STATE SECONDARY ROUTE;TWO-WAY,DIVIDED,UNPROTECTED MEDIAN;SMOOTH ASPHALT;DRY;DAYLIGHT;CLEAR;NO CONTROL PRESENT;;;-78.785056;35.72269;;;0;0;;;NONE;;NONE;;SPORT UTILITY;PICKUP;;;;NO;5921;2017-03-27;4:42:21 PM;2017-03-27T20:42:21+00:00;;2017;No;No;3;NONE;NONE,NONE;NONE,NONE;SPORT UTILITY,PICKUP;SPORT UTILITY,PICKUP;SPORT UTILITY,PICKUP;SPORT UTILITY,PICKUP
39857;146 FEET FROM PVA OF SR 1300 (1301 KILDAIRE;NO SPECIAL FEATURE;STRAIGHT,GRADE;PUBLIC VEHICULAR AREA;TWO-WAY,DIVIDED,UNPROTECTED MEDIAN;COARSE ASPHALT;DRY;DAYLIGHT;CLEAR;NO CONTROL PRESENT;;;-78.783098;35.761429;;;0;0;;;NONE;;NONE;;SPORT UTILITY;SPORT UTILITY;;;;NO;16235;2019-05-07;8:24:48 PM;2019-05-08T00:24:48+00:00;;2019;No;No;5;NONE;NONE,NONE;NONE,NONE;SPORT UTILITY,SPORT UTILITY;SPORT UTILITY,SPORT UTILITY;SPORT UTILITY,SPORT UTILITY;SPORT UTILITY,SPORT UTILITY
28554;.17 MILES FROM GREEN LEVEL CHURCH ROAD 1625;NO SPECIAL FEATURE;STRAIGHT,LEVEL;PUBLIC VEHICULAR AREA;TWO-WAY,NOT DIVIDED;CONCRETE;DRY;DARK - LIGHTED ROADWAY;CLEAR;NO CONTROL PRESENT;35.818846284;-78.90244761;-78.901162;35.821265;P015;122;0;1;;1;NONE;;NONE;;PASSENGER CAR;;;;;NO;5928;2017-03-28;8:28:22 PM;2017-03-29T00:28:22+00:00;35.818846284, -78.90244761;2017;No;Yes;3;NONE;NONE,NONE;NONE,NONE;PASSENGER CAR;PASSENGER CAR;PASSENGER CAR;PASSENGER CAR
39865;100 FEET FROM P.V.A. (150 WRENN DR);NO SPECIAL FEATURE;STRAIGHT,LEVEL;PUBLIC VEHICULAR AREA;TWO-WAY,NOT DIVIDED;COARSE ASPHALT;DRY;DAYLIGHT;CLEAR;NO CONTROL PRESENT;;;-78.7856;35.7655;;;0;1;;;NONE;;NONE;;PASSENGER CAR;;;;;NO;16243;2019-05-09;1:30:26 PM;2019-05-09T17:30:26+00:00;;2019;No;Yes;5;NONE;NONE,NONE;NONE,NONE;PASSENGER CAR;PASSENGER CAR;PASSENGER CAR;PASSENGER CAR
28558;20 FEET FROM SR 1615 (HIGH HOUSE RD);RELATED TO INTERSECTION;STRAIGHT,LEVEL;STATE SECONDARY ROUTE;TWO-WAY,DIVIDED,UNPROTECTED MEDIAN;SMOOTH ASPHALT;DRY;DAYLIGHT;CLEAR;STOP AND GO SIGNAL;;;-78.8096;35.7835;;;0;0;1;;NONE;;NONE;;SPORT UTILITY;SPORT UTILITY;PASSENGER CAR;;;NO;5932;2017-03-30;12:59 PM;2017-03-30T16:59:00+00:00;;2017;No;No;3;NONE;NONE,NONE;NONE,NONE;SPORT UTILITY,SPORT UTILITY;SPORT UTILITY,SPORT UTILITY,PASSENGER CAR;SPORT UTILITY,SPORT UTILITY,PASSENGER CAR;SPORT UTILITY,SPORT UTILITY,PASSENGER CAR
39866;30 FEET FROM 123 LANTERN RIDGE;NO SPECIAL FEATURE;STRAIGHT,LEVEL;PRIVATE ROAD,DRIVEWAY;;SMOOTH ASPHALT;DRY;DAYLIGHT;CLEAR;NO CONTROL PRESENT;;;-78.9062;35.811;;;0;0;;;NONE;;NONE;;PASSENGER CAR;VAN;;;;NO;16244;2019-05-09;9:16:55 AM;2019-05-09T13:16:55+00:00;;2019;No;No;5;NONE;NONE,NONE;NONE,NONE;PASSENGER CAR,VAN;PASSENGER CAR,VAN;PASSENGER CAR,VAN;PASSENGER CAR,VAN
28566;.1 MILES FROM PVA (1207 KILDAIRE FARM RD);NO SPECIAL FEATURE;STRAIGHT,GRADE;PUBLIC VEHICULAR AREA;TWO-WAY,NOT DIVIDED;SMOOTH ASPHALT;DRY;DAYLIGHT;CLEAR;NO CONTROL PRESENT;;;-78.7821;35.764;;;0;0;;;;;NONE;;SPORT UTILITY;PASSENGER CAR;;;;NO;5940;2017-04-02;1:38:02 PM;2017-04-02T17:38:02+00:00;;2017;No;No;4;;NONE;NONE;SPORT UTILITY,PASSENGER CAR;SPORT UTILITY,PASSENGER CAR;SPORT UTILITY,PASSENGER CAR;SPORT UTILITY,PASSENGER CAR
39873;0 FEET FROM SR1300 (KILDAIRE FARM RD);FOUR-WAY INTERSECTION;STRAIGHT,LEVEL;STATE SECONDARY ROUTE;TWO-WAY,DIVIDED,UNPROTECTED MEDIAN;SMOOTH ASPHALT;DRY;DAYLIGHT;CLEAR;STOP AND GO SIGNAL;;;-78.7834;35.7648;;;0;0;;;NONE;;NONE;;PICKUP;VAN;PASSENGER CAR;;;NO;16251;2019-05-02;2:50:55 PM;2019-05-02T18:50:55+00:00;;2019;No;No;5;NONE;NONE,NONE;NONE,NONE;PICKUP,VAN;PICKUP,VAN,PASSENGER CAR;PICKUP,VAN,PASSENGER CAR;PICKUP,VAN,PASSENGER CAR
28571;75 FEET FROM P.V.A. PARK N` SHOP (421 SR 10;NO SPECIAL FEATURE;STRAIGHT,LEVEL;PUBLIC VEHICULAR AREA;TWO-WAY,NOT DIVIDED;SMOOTH ASPHALT;DRY;DAYLIGHT;CLEAR;NO CONTROL PRESENT;35.601953675;-78.79930456;-78.7726;35.7899;P119;RALW;0;0;;;NONE;;NONE;;PICKUP;PASSENGER CAR;;;;NO;5945;2017-03-30;4:17:38 PM;2017-03-30T20:17:38+00:00;35.601953675, -78.79930456;2017;No;No;3;NONE;NONE,NONE;NONE,NONE;PICKUP,PASSENGER CAR;PICKUP,PASSENGER CAR;PICKUP,PASSENGER CAR;PICKUP,PASSENGER CAR
39874;300 FEET FROM P.V.A. 2101 WALNUT ST;NO SPECIAL FEATURE;STRAIGHT,LEVEL;PUBLIC VEHICULAR AREA;TWO-WAY,NOT DIVIDED;SMOOTH ASPHALT;DRY;DAYLIGHT;CLEAR;NO CONTROL PRESENT;;;-78.7403;35.7565;;;0;0;;;NONE;;NONE;;PASSENGER CAR;PASSENGER CAR;;;;NO;16252;2019-05-09;2:50:24 PM;2019-05-09T18:50:24+00:00;;2019;No;No;5;NONE;NONE,NONE;NONE,NONE;PASSENGER CAR,PASSENGER CAR;PASSENGER CAR,PASSENGER CAR;PASSENGER CAR,PASSENGER CAR;PASSENGER CAR,PASSENGER CAR
28573;.06 MILES FROM 3460 TEN TEN RD;NO SPECIAL FEATURE;STRAIGHT,LEVEL;PUBLIC VEHICULAR AREA;TWO-WAY,NOT DIVIDED;SMOOTH ASPHALT;DRY;DAYLIGHT;CLEAR;NO CONTROL PRESENT;35.703294147;-78.79430915;-78.7932;35.7018;P052;116;0;0;;;NONE;;NONE;;PASSENGER CAR;PASSENGER CAR;;;;NO;5947;2017-04-02;6:52:53 PM;2017-04-02T22:52:53+00:00;35.703294147, -78.79430915;2017;No;No;4;NONE;NONE,NONE;NONE,NONE;PASSENGER CAR,PASSENGER CAR;PASSENGER CAR,PASSENGER CAR;PASSENGER CAR,PASSENGER CAR;PASSENGER CAR,PASSENGER CAR
39881;CARY;RELATED TO INTERSECTION;STRAIGHT,LEVEL;STATE SECONDARY ROUTE;TWO-WAY,NOT DIVIDED;SMOOTH ASPHALT;DRY;DAYLIGHT;CLEAR;NO CONTROL PRESENT;;;-78.7678;35.7675;;120;0;0;;;NONE;;NONE;;SPORT UTILITY;;;;;NO;16259;2019-05-09;8:09:21 PM;2019-05-10T00:09:21+00:00;;2019;No;No;5;NONE;NONE,NONE;NONE,NONE;SPORT UTILITY;SPORT UTILITY;SPORT UTILITY;SPORT UTILITY
28575;20 FEET FROM PVA 103 SW MAYNARD RD (BP GAS);DRIVEWAY, PUBLIC;STRAIGHT,LEVEL;PUBLIC VEHICULAR AREA;TWO-WAY,NOT DIVIDED;SMOOTH ASPHALT;DRY;DAYLIGHT;CLEAR;NO CONTROL PRESENT;;;-78.781986;35.770885;;;0;0;;;NONE;;NONE;;PASSENGER CAR;PASSENGER CAR;;;;NO;5949;2017-04-01;11:57 AM;2017-04-01T15:57:00+00:00;;2017;No;No;4;NONE;NONE,NONE;NONE,NONE;PASSENGER CAR,PASSENGER CAR;PASSENGER CAR,PASSENGER CAR;PASSENGER CAR,PASSENGER CAR;PASSENGER CAR,PASSENGER CAR
39883;CARY;RELATED TO INTERSECTION;STRAIGHT,LEVEL;STATE SECONDARY ROUTE;TWO-WAY,DIVIDED,UNPROTECTED MEDIAN;SMOOTH ASPHALT;DRY;DAYLIGHT;CLEAR;STOP AND GO SIGNAL;;;-78.7861;35.7364;;;0;0;;;;;NONE;;SPORT UTILITY;PASSENGER CAR;;;;NO;16261;2019-05-10;7:52:38 AM;2019-05-10T11:52:38+00:00;;2019;No;No;5;;NONE;NONE;SPORT UTILITY,PASSENGER CAR;SPORT UTILITY,PASSENGER CAR;SPORT UTILITY,PASSENGER CAR;SPORT UTILITY,PASSENGER CAR
28592;300 FEET FROM PVA OF 11000 REGENCY PKWY;NO SPECIAL FEATURE;STRAIGHT,LEVEL;PUBLIC VEHICULAR AREA;TWO-WAY,NOT DIVIDED;SMOOTH ASPHALT;DRY;DAYLIGHT;CLEAR;NO CONTROL PRESENT;35.729389594;-78.79953949;-78.8016;35.7294;P043;116;0;0;;;NONE;;NONE;;PASSENGER CAR;SPORT UTILITY;;;;NO;5966;2017-03-31;5:18:57 PM;2017-03-31T21:18:57+00:00;35.729389594, -78.79953949;2017;No;No;3;NONE;NONE,NONE;NONE,NONE;PASSENGER CAR,SPORT UTILITY;PASSENGER CAR,SPORT UTILITY;PASSENGER CAR,SPORT UTILITY;PASSENGER CAR,SPORT UTILITY
39899;250 FEET FROM NC 54 CHAPLE HILL RD;NO SPECIAL FEATURE;STRAIGHT,LEVEL;NC ROUTE;ONE-WAY,NOT DIVIDED;SMOOTH ASPHALT;DRY;DAYLIGHT;CLOUDY;NO CONTROL PRESENT;;;-78.8222;35.8171;;;0;0;1;;NONE;;NONE;;SPORT UTILITY;PASSENGER CAR;SPORT UTILITY;;;NO;16277;2019-05-10;12:35 PM;2019-05-10T16:35:00+00:00;;2019;No;No;5;NONE;NONE,NONE;NONE,NONE;SPORT UTILITY,PASSENGER CAR;SPORT UTILITY,PASSENGER CAR,SPORT UTILITY;SPORT UTILITY,PASSENGER CAR,SPORT UTILITY;SPORT UTILITY,PASSENGER CAR,SPORT UTILITY
28595;.3 MILES FROM US 1 HWY;NO SPECIAL FEATURE;STRAIGHT,LEVEL;US ROUTE;TWO-WAY,DIVIDED,POSITIVE MEDIAN BARRIER;CONCRETE;WET;DARK - LIGHTED ROADWAY;RAIN;NO CONTROL PRESENT;;;-78.749866;35.75973;;;0;0;;;;;NONE;;PASSENGER CAR;SPORT UTILITY;;;;NO;5969;2017-03-31;5:53:36 AM;2017-03-31T09:53:36+00:00;;2017;No;No;3;;NONE;NONE;PASSENGER CAR,SPORT UTILITY;PASSENGER CAR,SPORT UTILITY;PASSENGER CAR,SPORT UTILITY;PASSENGER CAR,SPORT UTILITY
39903;.25 MILES FROM US 1 HWY;NO SPECIAL FEATURE;STRAIGHT,LEVEL;US ROUTE;TWO-WAY,DIVIDED,POSITIVE MEDIAN BARRIER;GROOVED CONCRETE;DRY;DAYLIGHT;CLOUDY;NO CONTROL PRESENT;;;-78.7841;35.7422;;;0;0;2;;NONE;;NONE;;PICKUP;PASSENGER CAR;;;;NO;16281;2019-05-10;4:33:52 PM;2019-05-10T20:33:52+00:00;;2019;No;No;5;NONE;NONE,NONE;NONE,NONE;PICKUP,PASSENGER CAR;PICKUP,PASSENGER CAR;PICKUP,PASSENGER CAR;PICKUP,PASSENGER CAR
28599;CARY;OFF-RAMP TERMINAL ON CROSSROAD;STRAIGHT,GRADE;US ROUTE;ONE-WAY,NOT DIVIDED;SMOOTH ASPHALT;DRY;DAYLIGHT;CLOUDY;STOP AND GO SIGNAL;;;-78.7651;35.8314;;;0;0;;;;;NONE;;PASSENGER CAR;PASSENGER CAR;;;;NO;5973;2017-04-03;8:39:16 AM;2017-04-03T12:39:16+00:00;;2017;No;No;4;;NONE;NONE;PASSENGER CAR,PASSENGER CAR;PASSENGER CAR,PASSENGER CAR;PASSENGER CAR,PASSENGER CAR;PASSENGER CAR,PASSENGER CAR
39905;10 FEET FROM NC 55;RELATED TO INTERSECTION;STRAIGHT,LEVEL;NC ROUTE;TWO-WAY,DIVIDED,UNPROTECTED MEDIAN;SMOOTH ASPHALT;DRY;DARK - LIGHTED ROADWAY;CLEAR;STOP AND GO SIGNAL;;;-78.8707;35.7881;;;0;0;;;NONE;;NONE;;PASSENGER CAR;PASSENGER CAR;SPORT UTILITY;;;NO;16283;2019-05-10;9:00:23 PM;2019-05-11T01:00:23+00:00;;2019;No;No;5;NONE;NONE,NONE;NONE,NONE;PASSENGER CAR,PASSENGER CAR;PASSENGER CAR,PASSENGER CAR,SPORT UTILITY;PASSENGER CAR,PASSENGER CAR,SPORT UTILITY;PASSENGER CAR,PASSENGER CAR,SPORT UTILITY
28602;100 FEET FROM SR 1349 (DILLARD DR);NO SPECIAL FEATURE;STRAIGHT,LEVEL;STATE SECONDARY ROUTE;TWO-WAY,DIVIDED,POSITIVE MEDIAN BARRIER;SMOOTH ASPHALT;DRY;DAYLIGHT;CLOUDY;STOP AND GO SIGNAL;;;-78.7416;35.7557;;;0;0;;;;;NONE;;PASSENGER CAR;SPORT UTILITY;SPORT UTILITY;;;NO;5976;2017-04-03;1:50:22 PM;2017-04-03T17:50:22+00:00;;2017;No;No;4;;NONE;NONE;PASSENGER CAR,SPORT UTILITY;PASSENGER CAR,SPORT UTILITY,SPORT UTILITY;PASSENGER CAR,SPORT UTILITY,SPORT UTILITY;PASSENGER CAR,SPORT UTILITY,SPORT UTILITY