tamainid;location_description;rdfeature;rdcharacter;rdclass;rdconfigur;rdsurface;rdcondition;lightcond;weather;trafcontrl;lat;lon;lon2;lat2;tract;zone;fatality;possblinj;numpassengers;numpedestrians;contrcir1_desc;contrcir2_desc;contrcir3_desc;contrcir4_desc;vehicle1;vehicle2;vehicle3;vehicle4;vehicle5;workarea;records;ta_date;ta_time;crash_date;geo_location;year;fatalities;injuries;month;contrfact1;contrfact2;contributing_factor;vehicleconcat1;vehicleconcat2;vehicleconcat3;vehicle_type
40327;CARY;OFF-RAMP PROPER;CURVE,HILLCREST;US ROUTE;ONE-WAY,NOT DIVIDED;SMOOTH ASPHALT;DRY;DARK - LIGHTED ROADWAY;CLEAR;STOP AND GO SIGNAL;;;-78.7707;35.7475;;112;0;0;;;NONE;;NONE;;PASSENGER CAR;SPORT UTILITY;;;;NO;16705;2019-06-11;9:53:00 PM;2019-06-12T01:53:00+00:00;;2019;No;No;6;NONE;NONE,NONE;NONE,NONE;PASSENGER CAR,SPORT UTILITY;PASSENGER CAR,SPORT UTILITY;PASSENGER CAR,SPORT UTILITY;PASSENGER CAR,SPORT UTILITY
29004;200 FEET FROM FRYAR CREEK DR;NO SPECIAL FEATURE;CURVE,LEVEL;LOCAL STREET;TWO-WAY,NOT DIVIDED;SMOOTH ASPHALT;WET;DAYLIGHT;CLOUDY;NO CONTROL PRESENT;35.774935174;-78.86421564;-78.8634;35.775;P071;117;0;0;;;NONE;;NONE;;PASSENGER CAR;PICKUP;;;;NO;6378;2017-05-04;3:48:17 PM;2017-05-04T19:48:17+00:00;35.774935174, -78.86421564;2017;No;No;5;NONE;NONE,NONE;NONE,NONE;PASSENGER CAR,PICKUP;PASSENGER CAR,PICKUP;PASSENGER CAR,PICKUP;PASSENGER CAR,PICKUP
40328;150 FEET FROM SR 1313 (WALNUT ST);RELATED TO INTERSECTION;STRAIGHT,GRADE;STATE SECONDARY ROUTE;TWO-WAY,DIVIDED,UNPROTECTED MEDIAN;SMOOTH ASPHALT;DRY;DAYLIGHT;CLOUDY;STOP AND GO SIGNAL;;;-78.7632;35.7715;;;0;0;;;NONE;;NONE;;SPORT UTILITY;PICKUP;;;;NO;16706;2019-06-11;7:53:29 AM;2019-06-11T11:53:29+00:00;;2019;No;No;6;NONE;NONE,NONE;NONE,NONE;SPORT UTILITY,PICKUP;SPORT UTILITY,PICKUP;SPORT UTILITY,PICKUP;SPORT UTILITY,PICKUP
29025;20 FEET FROM CROSSROADS BLVD;RELATED TO INTERSECTION;STRAIGHT,LEVEL;LOCAL STREET;TWO-WAY,DIVIDED,UNPROTECTED MEDIAN;SMOOTH ASPHALT;DRY;DAYLIGHT;CLEAR;STOP AND GO SIGNAL;35.761266214;-78.7418746;-78.7416;35.7617;P120;118;0;0;1;;NONE;;NONE;;SPORT UTILITY;PASSENGER CAR;;;;NO;6399;2017-05-07;12:13 PM;2017-05-07T16:13:00+00:00;35.761266214, -78.7418746;2017;No;No;5;NONE;NONE,NONE;NONE,NONE;SPORT UTILITY,PASSENGER CAR;SPORT UTILITY,PASSENGER CAR;SPORT UTILITY,PASSENGER CAR;SPORT UTILITY,PASSENGER CAR
40344;50 FEET FROM 2790 NC 55 HWY;NO SPECIAL FEATURE;STRAIGHT,LEVEL;PUBLIC VEHICULAR AREA;TWO-WAY,NOT DIVIDED;SMOOTH ASPHALT;DRY;DAYLIGHT;RAIN;NO CONTROL PRESENT;;;-78.870746;35.787844;;;0;0;;;NONE;;NONE;;PASSENGER CAR;PICKUP;;;;NO;16722;2019-06-12;7:58:52 AM;2019-06-12T11:58:52+00:00;;2019;No;No;6;NONE;NONE,NONE;NONE,NONE;PASSENGER CAR,PICKUP;PASSENGER CAR,PICKUP;PASSENGER CAR,PICKUP;PASSENGER CAR,PICKUP
29027;60 FEET FROM NW MAYNARD RD;RELATED TO INTERSECTION;STRAIGHT,GRADE;LOCAL STREET;TWO-WAY,DIVIDED,POSITIVE MEDIAN BARRIER;SMOOTH ASPHALT;DRY;DAYLIGHT;CLOUDY;STOP AND GO SIGNAL;35.798770549;-78.79609261;-78.7961;35.7895;P023;111;0;0;1;;NONE;;NONE;;PASSENGER CAR;VAN;;;;NO;6401;2017-05-06;2:19:46 PM;2017-05-06T18:19:46+00:00;35.798770549, -78.79609261;2017;No;No;5;NONE;NONE,NONE;NONE,NONE;PASSENGER CAR,VAN;PASSENGER CAR,VAN;PASSENGER CAR,VAN;PASSENGER CAR,VAN
40348;110 FEET FROM P.V.A. (100 INNOVATION AV);NO SPECIAL FEATURE;STRAIGHT,LEVEL;PUBLIC VEHICULAR AREA;TWO-WAY,NOT DIVIDED;SMOOTH ASPHALT;WET;DAYLIGHT;CLOUDY;NO CONTROL PRESENT;35.872524954;-78.81611127;-78.817608;35.873345;P088;WAKE;0;0;;;NONE;;NONE;;PASSENGER CAR;PASSENGER CAR;;;;NO;16726;2019-06-12;1:38:06 PM;2019-06-12T17:38:06+00:00;35.872524954, -78.81611127;2019;No;No;6;NONE;NONE,NONE;NONE,NONE;PASSENGER CAR,PASSENGER CAR;PASSENGER CAR,PASSENGER CAR;PASSENGER CAR,PASSENGER CAR;PASSENGER CAR,PASSENGER CAR
29039;CARY;NO SPECIAL FEATURE;STRAIGHT,LEVEL;PUBLIC VEHICULAR AREA;TWO-WAY,NOT DIVIDED;SMOOTH ASPHALT;DRY;DAYLIGHT;CLEAR;NO CONTROL PRESENT;;;-78.809435;35.787513;;;0;0;;;NONE;;NONE;;SPORT UTILITY;;;;;NO;6413;2017-05-06;2:20:13 PM;2017-05-06T18:20:13+00:00;;2017;No;No;5;NONE;NONE,NONE;NONE,NONE;SPORT UTILITY;SPORT UTILITY;SPORT UTILITY;SPORT UTILITY
40350;.1 MILES FROM P.V.A. (404 PARKTON CT);;;;;;;;;;;;;;;;0;0;;;;;;;PASSENGER CAR;;;;;;16728;2019-04-30;12:00 AM;2019-04-30T04:00:00+00:00;;2019;No;No;4;;;;PASSENGER CAR;PASSENGER CAR;PASSENGER CAR;PASSENGER CAR
29054;450 FEET FROM US 1 SOUTH EXIT RAMP (US 64 W);OFF-RAMP ENTRY;CURVE,GRADE;US ROUTE;ONE-WAY,NOT DIVIDED;COARSE ASPHALT;DRY;DAYLIGHT;CLEAR;STOP AND GO SIGNAL;35.736779439;-78.78759801;-78.794441;35.737982;P042;115;0;0;1;;NONE;;NONE;;SPORT UTILITY;PASSENGER CAR;;;;NO;6428;2017-05-08;2:44:23 PM;2017-05-08T18:44:23+00:00;35.736779439, -78.78759801;2017;No;No;5;NONE;NONE,NONE;NONE,NONE;SPORT UTILITY,PASSENGER CAR;SPORT UTILITY,PASSENGER CAR;SPORT UTILITY,PASSENGER CAR;SPORT UTILITY,PASSENGER CAR
40351;20 FEET FROM PEBBLE CREEK DR;NO SPECIAL FEATURE;CURVE,LEVEL;LOCAL STREET;TWO-WAY,NOT DIVIDED;SMOOTH ASPHALT;DRY;DARK - ROADWAY NOT LIGHTED;CLEAR;NO CONTROL PRESENT;35.759181176;-78.7960163;-78.795983;35.759238;P006;115;0;0;;;NONE;;NONE;;PASSENGER CAR;;;;;NO;16729;2019-06-13;1:39:53 AM;2019-06-13T05:39:53+00:00;35.759181176, -78.7960163;2019;No;No;6;NONE;NONE,NONE;NONE,NONE;PASSENGER CAR;PASSENGER CAR;PASSENGER CAR;PASSENGER CAR
29057;.107 MILES FROM SR 3084 (EVANS RD);NO SPECIAL FEATURE;STRAIGHT,LEVEL;STATE SECONDARY ROUTE;TWO-WAY,NOT DIVIDED;SMOOTH ASPHALT;DRY;DARK - LIGHTED ROADWAY;CLEAR;NO CONTROL PRESENT;;;-78.8013;35.817;;;0;0;2;;;;NONE;;PASSENGER CAR;;;;;NO;6431;2017-05-07;12:52 AM;2017-05-07T04:52:00+00:00;;2017;No;No;5;;NONE;NONE;PASSENGER CAR;PASSENGER CAR;PASSENGER CAR;PASSENGER CAR
40357;50 FEET FROM SR 3977 SE CARY PKWY;NO SPECIAL FEATURE;STRAIGHT,LEVEL;STATE SECONDARY ROUTE;TWO-WAY,DIVIDED,POSITIVE MEDIAN BARRIER;SMOOTH ASPHALT;DRY;DAYLIGHT;CLEAR;NO CONTROL PRESENT;;;-78.77726;35.757819;;;0;0;1;;NONE;;NONE;;PASSENGER CAR;SPORT UTILITY;;;;NO;16735;2019-06-13;8:04:44 PM;2019-06-14T00:04:44+00:00;;2019;No;No;6;NONE;NONE,NONE;NONE,NONE;PASSENGER CAR,SPORT UTILITY;PASSENGER CAR,SPORT UTILITY;PASSENGER CAR,SPORT UTILITY;PASSENGER CAR,SPORT UTILITY
29058;5 FEET FROM SR 1415 (SE MAYNARD AVE);NO SPECIAL FEATURE;STRAIGHT,HILLCREST;STATE SECONDARY ROUTE;TWO-WAY,NOT DIVIDED;SMOOTH ASPHALT;DRY;DAYLIGHT;CLEAR;NO CONTROL PRESENT;;;-78.764;35.7917;;;0;0;3;;NONE;;NONE;;PASSENGER CAR;PASSENGER CAR;PASSENGER CAR;;;NO;6432;2017-05-07;6:07:45 PM;2017-05-07T22:07:45+00:00;;2017;No;No;5;NONE;NONE,NONE;NONE,NONE;PASSENGER CAR,PASSENGER CAR;PASSENGER CAR,PASSENGER CAR,PASSENGER CAR;PASSENGER CAR,PASSENGER CAR,PASSENGER CAR;PASSENGER CAR,PASSENGER CAR,PASSENGER CAR
40360;CARY;FOUR-WAY INTERSECTION;STRAIGHT,LEVEL;STATE SECONDARY ROUTE;TWO-WAY,DIVIDED,POSITIVE MEDIAN BARRIER;SMOOTH ASPHALT;DRY;DAYLIGHT;CLEAR;STOP AND GO SIGNAL;;;-78.764153;35.776103;;;0;0;1;;NONE;;NONE;;PASSENGER CAR;PASSENGER CAR;;;;NO;16738;2019-06-13;5:01:32 PM;2019-06-13T21:01:32+00:00;;2019;No;No;6;NONE;NONE,NONE;NONE,NONE;PASSENGER CAR,PASSENGER CAR;PASSENGER CAR,PASSENGER CAR;PASSENGER CAR,PASSENGER CAR;PASSENGER CAR,PASSENGER CAR
29059;1 MILES FROM US1;NO SPECIAL FEATURE;STRAIGHT,LEVEL;US ROUTE;TWO-WAY,DIVIDED,POSITIVE MEDIAN BARRIER;SMOOTH ASPHALT;DRY;DAYLIGHT;CLEAR;NO CONTROL PRESENT;;;-78.7603;35.7547;;;0;0;;;NONE;;NONE;;PASSENGER CAR;;;;;NO;6433;2017-05-08;12:13 PM;2017-05-08T16:13:00+00:00;;2017;No;No;5;NONE;NONE,NONE;NONE,NONE;PASSENGER CAR;PASSENGER CAR;PASSENGER CAR;PASSENGER CAR
40368;20 FEET FROM SR 1624 (CARPENTER FIRE STATIO;RELATED TO INTERSECTION;STRAIGHT,LEVEL;STATE SECONDARY ROUTE;TWO-WAY,NOT DIVIDED;SMOOTH ASPHALT;DRY;DAYLIGHT;CLOUDY;STOP AND GO SIGNAL;;;-78.8745;35.8233;;;0;0;;;NONE;;NONE;;PICKUP;PASSENGER CAR;;;;NO;16746;2019-06-12;12:01 PM;2019-06-12T16:01:00+00:00;;2019;No;No;6;NONE;NONE,NONE;NONE,NONE;PICKUP,PASSENGER CAR;PICKUP,PASSENGER CAR;PICKUP,PASSENGER CAR;PICKUP,PASSENGER CAR
29063;CARY;NO SPECIAL FEATURE;STRAIGHT,LEVEL;STATE SECONDARY ROUTE;TWO-WAY,DIVIDED,UNPROTECTED MEDIAN;SMOOTH ASPHALT;DRY;DAYLIGHT;CLEAR;NO CONTROL PRESENT;;;-78.870094;35.813758;;;0;0;3;;NONE;;NONE;;PASSENGER CAR;SPORT UTILITY;;;;NO;6437;2017-05-03;9:55:25 AM;2017-05-03T13:55:25+00:00;;2017;No;No;5;NONE;NONE,NONE;NONE,NONE;PASSENGER CAR,SPORT UTILITY;PASSENGER CAR,SPORT UTILITY;PASSENGER CAR,SPORT UTILITY;PASSENGER CAR,SPORT UTILITY
40372;30 FEET FROM SR3977 (SW CARY PKWY);RELATED TO INTERSECTION;STRAIGHT,LEVEL;STATE SECONDARY ROUTE;TWO-WAY,DIVIDED,UNPROTECTED MEDIAN;SMOOTH ASPHALT;DRY;DAYLIGHT;CLEAR;STOP AND GO SIGNAL;;;-78.783;35.758;;;0;0;3;;NONE;;NONE;;VAN;PASSENGER CAR;;;;NO;16750;2019-06-16;12:41 PM;2019-06-16T16:41:00+00:00;;2019;No;No;6;NONE;NONE,NONE;NONE,NONE;VAN,PASSENGER CAR;VAN,PASSENGER CAR;VAN,PASSENGER CAR;VAN,PASSENGER CAR
29064;271 FEET FROM P.V.A. (7001 WESTON PKWY);NO SPECIAL FEATURE;STRAIGHT,LEVEL;PUBLIC VEHICULAR AREA;TWO-WAY,NOT DIVIDED;SMOOTH ASPHALT;DRY;DAYLIGHT;CLOUDY;NO CONTROL PRESENT;35.601953675;-78.79930456;-78.7917;35.828;P119;RALW;0;0;;;NONE;;NONE;;SPORT UTILITY;SPORT UTILITY;;;;NO;6438;2017-05-09;10:13 AM;2017-05-09T14:13:00+00:00;35.601953675, -78.79930456;2017;No;No;5;NONE;NONE,NONE;NONE,NONE;SPORT UTILITY,SPORT UTILITY;SPORT UTILITY,SPORT UTILITY;SPORT UTILITY,SPORT UTILITY;SPORT UTILITY,SPORT UTILITY
40375;70 FEET FROM SR 3977 (SW CARY PWKY);NO SPECIAL FEATURE;CURVE,GRADE;STATE SECONDARY ROUTE;TWO-WAY,DIVIDED,UNPROTECTED MEDIAN;SMOOTH ASPHALT;DRY;DARK - LIGHTED ROADWAY;CLEAR;NO CONTROL PRESENT;;;-78.830774;35.770106;;;0;0;;;;;NONE;;PASSENGER CAR;;;;;NO;16753;2019-06-15;7:04:49 PM;2019-06-15T23:04:49+00:00;;2019;No;No;6;;NONE;NONE;PASSENGER CAR;PASSENGER CAR;PASSENGER CAR;PASSENGER CAR
29068;.02 MILES FROM MONETA LN;NO SPECIAL FEATURE;CURVE,GRADE;LOCAL STREET;TWO-WAY,NOT DIVIDED;SMOOTH ASPHALT;DRY;DAWN;CLOUDY;NO CONTROL PRESENT;35.658299053;-78.76678049;-78.7673;35.6576;P051;116;0;0;;;NONE;;NONE;;SPORT UTILITY;;;;;NO;6442;2017-05-09;7:22:01 AM;2017-05-09T11:22:01+00:00;35.658299053, -78.76678049;2017;No;No;5;NONE;NONE,NONE;NONE,NONE;SPORT UTILITY;SPORT UTILITY;SPORT UTILITY;SPORT UTILITY
40383;100 FEET FROM US 1;NO SPECIAL FEATURE;STRAIGHT,LEVEL;US ROUTE;TWO-WAY,DIVIDED,POSITIVE MEDIAN BARRIER;SMOOTH ASPHALT;DRY;DAYLIGHT;CLEAR;NO CONTROL PRESENT;;;-78.745428;35.76172;;;0;0;;;NONE;;NONE;;PICKUP;;;;;NO;16761;2019-06-14;8:07:16 PM;2019-06-15T00:07:16+00:00;;2019;No;No;6;NONE;NONE,NONE;NONE,NONE;PICKUP;PICKUP;PICKUP;PICKUP
29070;25 FEET FROM SR 1009 (TRYON RD);NO SPECIAL FEATURE;STRAIGHT,LEVEL;STATE SECONDARY ROUTE;TWO-WAY,DIVIDED,UNPROTECTED MEDIAN;SMOOTH ASPHALT;DRY;DAYLIGHT;CLOUDY;NO CONTROL PRESENT;;;-78.7667;35.7424;;;0;0;;;NONE;;NONE;;PASSENGER CAR;PASSENGER CAR;;;;NO;6444;2017-05-09;5:11:21 PM;2017-05-09T21:11:21+00:00;;2017;No;No;5;NONE;NONE,NONE;NONE,NONE;PASSENGER CAR,PASSENGER CAR;PASSENGER CAR,PASSENGER CAR;PASSENGER CAR,PASSENGER CAR;PASSENGER CAR,PASSENGER CAR
40384;420 FEET FROM SR1747 (NW MAYNARD RD);FOUR-WAY INTERSECTION;STRAIGHT,LEVEL;STATE SECONDARY ROUTE;TWO-WAY,NOT DIVIDED;SMOOTH ASPHALT;DRY;DAYLIGHT;CLEAR;STOP SIGN;;;-78.785086;35.802351;;;0;1;;;NONE;;NONE;;PASSENGER CAR;PASSENGER CAR;;;;NO;16762;2019-06-14;7:30:39 PM;2019-06-14T23:30:39+00:00;;2019;No;Yes;6;NONE;NONE,NONE;NONE,NONE;PASSENGER CAR,PASSENGER CAR;PASSENGER CAR,PASSENGER CAR;PASSENGER CAR,PASSENGER CAR;PASSENGER CAR,PASSENGER CAR
29072;100 FEET FROM US 1;NO SPECIAL FEATURE;STRAIGHT,LEVEL;US ROUTE;TWO-WAY,DIVIDED,UNPROTECTED MEDIAN;SMOOTH ASPHALT;DRY;DAYLIGHT;CLEAR;NO CONTROL PRESENT;35.763854352;-78.74219584;-78.7368;35.7663;P083;112;0;0;;;NONE;;NONE;;SPORT UTILITY;SPORT UTILITY;;;;NO;6446;2017-05-09;7:19:06 PM;2017-05-09T23:19:06+00:00;35.763854352, -78.74219584;2017;No;No;5;NONE;NONE,NONE;NONE,NONE;SPORT UTILITY,SPORT UTILITY;SPORT UTILITY,SPORT UTILITY;SPORT UTILITY,SPORT UTILITY;SPORT UTILITY,SPORT UTILITY
40403;30 FEET FROM 300 DRY AV;NO SPECIAL FEATURE;CURVE,LEVEL;LOCAL STREET;TWO-WAY,NOT DIVIDED;SMOOTH ASPHALT;DRY;DARK - LIGHTED ROADWAY;CLEAR;NO CONTROL PRESENT;35.78289992;-78.78589687;-78.7856;35.783;P036;114;0;0;;;NONE;;NONE;;PASSENGER CAR;;;;;NO;16781;2019-06-18;4:11:42 AM;2019-06-18T08:11:42+00:00;35.78289992, -78.78589687;2019;No;No;6;NONE;NONE,NONE;NONE,NONE;PASSENGER CAR;PASSENGER CAR;PASSENGER CAR;PASSENGER CAR
29075;78 FEET FROM SR 1011 ( W CHATHAM ST );NO SPECIAL FEATURE;STRAIGHT,LEVEL;STATE SECONDARY ROUTE;TWO-WAY,DIVIDED,UNPROTECTED MEDIAN;SMOOTH ASPHALT;DRY;DAYLIGHT;CLOUDY;NO CONTROL PRESENT;35.78714437;-78.78688706;-78.7862;35.787;P035;114;0;0;2;;NONE;;NONE;;PASSENGER CAR;SPORT UTILITY;;;;NO;6449;2017-05-09;4:04:28 PM;2017-05-09T20:04:28+00:00;35.78714437, -78.78688706;2017;No;No;5;NONE;NONE,NONE;NONE,NONE;PASSENGER CAR,SPORT UTILITY;PASSENGER CAR,SPORT UTILITY;PASSENGER CAR,SPORT UTILITY;PASSENGER CAR,SPORT UTILITY
40404;40 FEET FROM TECUSEH CT;NO SPECIAL FEATURE;STRAIGHT,LEVEL;LOCAL STREET;TWO-WAY,NOT DIVIDED;SMOOTH ASPHALT;DRY;DAYLIGHT;CLEAR;NO CONTROL PRESENT;;;-78.7538;35.7971;;;0;0;;;;;NONE;;PICKUP;SINGLE UNIT TRUCK (2-AXLE- 6-TIRE);;;;NO;16782;2019-06-16;11:27 AM;2019-06-16T15:27:00+00:00;;2019;No;No;6;;NONE;NONE;PICKUP,SINGLE UNIT TRUCK (2-AXLE- 6-TIRE);PICKUP,SINGLE UNIT TRUCK (2-AXLE- 6-TIRE);PICKUP,SINGLE UNIT TRUCK (2-AXLE- 6-TIRE);PICKUP,SINGLE UNIT TRUCK (2-AXLE- 6-TIRE)
29083;CARY;;;;;;;;;;;;;;;;0;0;;;;;;;PASSENGER CAR;;;;;;6457;2017-05-09;2:20:40 PM;2017-05-09T18:20:40+00:00;;2017;No;No;5;;;;PASSENGER CAR;PASSENGER CAR;PASSENGER CAR;PASSENGER CAR
40412;0 FEET FROM WESTON PKWY;;;;;;;;;;;;;;;;0;0;;;;;;;;;;;;;16790;2019-06-18;10:23 AM;2019-06-18T14:23:00+00:00;;2019;No;No;6;;;;;;;
29091;50 FEET FROM 885 WALNUT ST;NO SPECIAL FEATURE;STRAIGHT,LEVEL;PUBLIC VEHICULAR AREA;TWO-WAY,NOT DIVIDED;SMOOTH ASPHALT;DRY;DAYLIGHT;CLEAR;NO CONTROL PRESENT;35.774879718;-78.76557924;-78.7648;35.7743;P061;120;0;0;1;;NONE;;NONE;;PASSENGER CAR;PASSENGER CAR;;;;NO;6465;2017-05-10;5:40:06 PM;2017-05-10T21:40:06+00:00;35.774879718, -78.76557924;2017;No;No;5;NONE;NONE,NONE;NONE,NONE;PASSENGER CAR,PASSENGER CAR;PASSENGER CAR,PASSENGER CAR;PASSENGER CAR,PASSENGER CAR;PASSENGER CAR,PASSENGER CAR
40414;1.5 MILES FROM US 1 HIGHWAY;NO SPECIAL FEATURE;STRAIGHT,GRADE;US ROUTE;TWO-WAY,DIVIDED,POSITIVE MEDIAN BARRIER;COARSE ASPHALT;DRY;DAYLIGHT;CLEAR;NO CONTROL PRESENT;;;-78.749539;35.7601622;;;0;0;;;NONE;;NONE;;PASSENGER CAR;SPORT UTILITY;;;;NO;16792;2019-06-18;7:30:40 AM;2019-06-18T11:30:40+00:00;;2019;No;No;6;NONE;NONE,NONE;NONE,NONE;PASSENGER CAR,SPORT UTILITY;PASSENGER CAR,SPORT UTILITY;PASSENGER CAR,SPORT UTILITY;PASSENGER CAR,SPORT UTILITY
29092;400 FEET FROM SR1625 (GREEN LEVEL CHURCH RD);NO SPECIAL FEATURE;STRAIGHT,LEVEL;STATE SECONDARY ROUTE;TWO-WAY,DIVIDED,UNPROTECTED MEDIAN;COARSE ASPHALT;DRY;DAYLIGHT;CLEAR;STOP AND GO SIGNAL;;;-78.902599;35.819595;;;0;0;;;NONE;;NONE;;PASSENGER CAR;SPORT UTILITY;;;;NO;6466;2017-05-05;8:50:04 PM;2017-05-06T00:50:04+00:00;;2017;No;No;5;NONE;NONE,NONE;NONE,NONE;PASSENGER CAR,SPORT UTILITY;PASSENGER CAR,SPORT UTILITY;PASSENGER CAR,SPORT UTILITY;PASSENGER CAR,SPORT UTILITY
40420;10 FEET FROM FARMINGTON WOODS DR;NO SPECIAL FEATURE;STRAIGHT,GRADE;LOCAL STREET;TWO-WAY,NOT DIVIDED;SMOOTH ASPHALT;DRY;DAYLIGHT;CLEAR;NO CONTROL PRESENT;35.763142754;-78.77856674;-78.7784;35.762849;P027;112;0;0;;;NONE;;NONE;;PASSENGER CAR;;;;;NO;16798;2019-06-18;5:40:27 PM;2019-06-18T21:40:27+00:00;35.763142754, -78.77856674;2019;No;No;6;NONE;NONE,NONE;NONE,NONE;PASSENGER CAR;PASSENGER CAR;PASSENGER CAR;PASSENGER CAR
29093;30 FEET FROM SR 1009 (TRYON RD);NO SPECIAL FEATURE;STRAIGHT,LEVEL;NC ROUTE;TWO-WAY,DIVIDED,UNPROTECTED MEDIAN;SMOOTH ASPHALT;DRY;DAYLIGHT;CLEAR;STOP AND GO SIGNAL;35.736273943;-78.78770167;-78.7896;35.7348;P043;116;0;0;2;;NONE;;NONE;;PICKUP;SPORT UTILITY;;;;NO;6467;2017-05-10;6:17:19 PM;2017-05-10T22:17:19+00:00;35.736273943, -78.78770167;2017;No;No;5;NONE;NONE,NONE;NONE,NONE;PICKUP,SPORT UTILITY;PICKUP,SPORT UTILITY;PICKUP,SPORT UTILITY;PICKUP,SPORT UTILITY
40422;320 FEET FROM P.V.A. (201 METLIFE WAY);DRIVEWAY, PUBLIC;STRAIGHT,LEVEL;PUBLIC VEHICULAR AREA;TWO-WAY,NOT DIVIDED;SMOOTH ASPHALT;DRY;DAYLIGHT;CLEAR;NO CONTROL PRESENT;35.601953675;-78.79930456;-78.799013;35.829275;P119;RALW;0;0;;;NONE;;NONE;;PASSENGER CAR;PASSENGER CAR;;;;NO;16800;2019-06-18;5:48:49 PM;2019-06-18T21:48:49+00:00;35.601953675, -78.79930456;2019;No;No;6;NONE;NONE,NONE;NONE,NONE;PASSENGER CAR,PASSENGER CAR;PASSENGER CAR,PASSENGER CAR;PASSENGER CAR,PASSENGER CAR;PASSENGER CAR,PASSENGER CAR
29095;100 FEET FROM APPLEDOWN DR;NO SPECIAL FEATURE;STRAIGHT,LEVEL;LOCAL STREET;TWO-WAY,NOT DIVIDED;SMOOTH ASPHALT;DRY;DAYLIGHT;CLEAR;NO CONTROL PRESENT;35.801758516;-78.77195226;-78.7715;35.8021;P031;113;0;0;;;;;NONE;;PICKUP;PASSENGER CAR;;;;NO;6469;2017-05-10;8:45:02 AM;2017-05-10T12:45:02+00:00;35.801758516, -78.77195226;2017;No;No;5;;NONE;NONE;PICKUP,PASSENGER CAR;PICKUP,PASSENGER CAR;PICKUP,PASSENGER CAR;PICKUP,PASSENGER CAR
40437;100 FEET FROM CAROLYN CT;NO SPECIAL FEATURE;STRAIGHT,LEVEL;LOCAL STREET;TWO-WAY,NOT DIVIDED;SMOOTH ASPHALT;DRY;DARK - ROADWAY NOT LIGHTED;CLEAR;NO CONTROL PRESENT;35.776082081;-78.77249201;-78.77181;35.775504;P062;120;0;0;;;NONE;;NONE;;SPORT UTILITY;PASSENGER CAR;;;;NO;16815;2019-06-18;2:43:17 AM;2019-06-18T06:43:17+00:00;35.776082081, -78.77249201;2019;No;No;6;NONE;NONE,NONE;NONE,NONE;SPORT UTILITY,PASSENGER CAR;SPORT UTILITY,PASSENGER CAR;SPORT UTILITY,PASSENGER CAR;SPORT UTILITY,PASSENGER CAR
29097;CARY;;;;;;;;;;;;;;;;0;0;;;;;;;;;;;;;6471;2017-05-10;12:30 PM;2017-05-10T16:30:00+00:00;;2017;No;No;5;;;;;;;
40439;5 FEET FROM JENKS CARPENTER RD;FOUR-WAY INTERSECTION;STRAIGHT,LEVEL;LOCAL STREET;TWO-WAY,NOT DIVIDED;SMOOTH ASPHALT;DRY;DAYLIGHT;CLOUDY;STOP SIGN;35.784346168;-78.85623851;-78.8562;35.7844;P014;117;0;0;1;;NONE;;NONE;;SPORT UTILITY;PASSENGER CAR;;;;NO;16817;2019-06-18;6:23:06 PM;2019-06-18T22:23:06+00:00;35.784346168, -78.85623851;2019;No;No;6;NONE;NONE,NONE;NONE,NONE;SPORT UTILITY,PASSENGER CAR;SPORT UTILITY,PASSENGER CAR;SPORT UTILITY,PASSENGER CAR;SPORT UTILITY,PASSENGER CAR
29119;.15 MILES FROM P.V.A. (600 SAS CAMPUS DR);NO SPECIAL FEATURE;STRAIGHT,GRADE;PUBLIC VEHICULAR AREA;TWO-WAY,NOT DIVIDED;SMOOTH ASPHALT;DRY;DAYLIGHT;CLEAR;NO CONTROL PRESENT;35.823986422;-78.75798182;-78.7576;35.8236;;;0;1;;;NONE;;NONE;;PASSENGER CAR;;;;;NO;6493;2017-05-11;4:53:08 PM;2017-05-11T20:53:08+00:00;35.823986422, -78.75798182;2017;No;Yes;5;NONE;NONE,NONE;NONE,NONE;PASSENGER CAR;PASSENGER CAR;PASSENGER CAR;PASSENGER CAR
40444;.1 MILES FROM P.P. (400 JAMES JACKSON AV);NO SPECIAL FEATURE;STRAIGHT,LEVEL;PRIVATE ROAD,DRIVEWAY;TWO-WAY,NOT DIVIDED;COARSE ASPHALT;DRY;DAYLIGHT;CLEAR;NO CONTROL PRESENT;;;-78.807;35.7976;;;0;0;;;NONE;;NONE;;PICKUP;PASSENGER CAR;;;;NO;16822;2019-06-20;7:49:15 AM;2019-06-20T11:49:15+00:00;;2019;No;No;6;NONE;NONE,NONE;NONE,NONE;PICKUP,PASSENGER CAR;PICKUP,PASSENGER CAR;PICKUP,PASSENGER CAR;PICKUP,PASSENGER CAR
29121;75 FEET FROM NC 55 HWY;FOUR-WAY INTERSECTION;STRAIGHT,LEVEL;NC ROUTE;TWO-WAY,DIVIDED,UNPROTECTED MEDIAN;SMOOTH ASPHALT;DRY;DAYLIGHT;CLEAR;STOP AND GO SIGNAL;;;-78.8821;35.8355;;;0;1;;;;;NONE;;PICKUP;PASSENGER CAR;;;;NO;6495;2017-05-11;10:39 AM;2017-05-11T14:39:00+00:00;;2017;No;Yes;5;;NONE;NONE;PICKUP,PASSENGER CAR;PICKUP,PASSENGER CAR;PICKUP,PASSENGER CAR;PICKUP,PASSENGER CAR