tamainid;location_description;rdfeature;rdcharacter;rdclass;rdconfigur;rdsurface;rdcondition;lightcond;weather;trafcontrl;lat;lon;lon2;lat2;tract;zone;fatality;possblinj;numpassengers;numpedestrians;contrcir1_desc;contrcir2_desc;contrcir3_desc;contrcir4_desc;vehicle1;vehicle2;vehicle3;vehicle4;vehicle5;workarea;records;ta_date;ta_time;crash_date;geo_location;year;fatalities;injuries;month;contrfact1;contrfact2;contributing_factor;vehicleconcat1;vehicleconcat2;vehicleconcat3;vehicle_type
40766;100 FEET FROM P.V.A. 4010 CONVENIENCE LN;NO SPECIAL FEATURE;STRAIGHT,LEVEL;PUBLIC VEHICULAR AREA;TWO-WAY,NOT DIVIDED;SMOOTH ASPHALT;DRY;DAYLIGHT;CLEAR;NO CONTROL PRESENT;;;-78.8945;35.8603;;;0;0;;;NONE;;NONE;;PASSENGER CAR;;;;;NO;17144;2019-07-15;1:39:34 PM;2019-07-15T17:39:34+00:00;;2019;No;No;7;NONE;NONE,NONE;NONE,NONE;PASSENGER CAR;PASSENGER CAR;PASSENGER CAR;PASSENGER CAR
29487;CARY;FOUR-WAY INTERSECTION;STRAIGHT,LEVEL;STATE SECONDARY ROUTE;TWO-WAY,DIVIDED,UNPROTECTED MEDIAN;SMOOTH ASPHALT;DRY;DAYLIGHT;CLEAR;STOP AND GO SIGNAL;;;-78.741;35.7503;;;0;0;;;NONE;;NONE;;PASSENGER CAR;PASSENGER CAR;;;;NO;6861;2017-06-08;10:46 AM;2017-06-08T14:46:00+00:00;;2017;No;No;6;NONE;NONE,NONE;NONE,NONE;PASSENGER CAR,PASSENGER CAR;PASSENGER CAR,PASSENGER CAR;PASSENGER CAR,PASSENGER CAR;PASSENGER CAR,PASSENGER CAR
40775;.52 MILES FROM SR 1633 (GOOD HOPE CHURCH RD);DRIVEWAY, PUBLIC;STRAIGHT,GRADE;STATE SECONDARY ROUTE;ONE-WAY,NOT DIVIDED;SMOOTH ASPHALT;DRY;DAYLIGHT;CLOUDY;DOUBLE YELLOW LINE, NO PASSING ZONE;;;-78.876;35.829;;;0;0;5;;NONE;;NONE;;VAN;SPORT UTILITY;;;;NO;17153;2019-07-15;6:41:36 PM;2019-07-15T22:41:36+00:00;;2019;No;No;7;NONE;NONE,NONE;NONE,NONE;VAN,SPORT UTILITY;VAN,SPORT UTILITY;VAN,SPORT UTILITY;VAN,SPORT UTILITY
29491;225 FEET FROM SR 1315 (BUCK JONES RD);NO SPECIAL FEATURE;STRAIGHT,GRADE;STATE SECONDARY ROUTE;TWO-WAY,NOT DIVIDED;SMOOTH ASPHALT;DRY;DAYLIGHT;CLEAR;NO CONTROL PRESENT;35.775586577;-78.54531516;-78.744858;35.763473;P119;112;0;0;;;NONE;;NONE;;SPORT UTILITY;SPORT UTILITY;;;;NO;6865;2017-06-02;4:48:12 PM;2017-06-02T20:48:12+00:00;35.775586577, -78.54531516;2017;No;No;6;NONE;NONE,NONE;NONE,NONE;SPORT UTILITY,SPORT UTILITY;SPORT UTILITY,SPORT UTILITY;SPORT UTILITY,SPORT UTILITY;SPORT UTILITY,SPORT UTILITY
40778;0 FEET FROM SR3799 (CARY PKWY);FOUR-WAY INTERSECTION;STRAIGHT,LEVEL;STATE SECONDARY ROUTE;TWO-WAY,DIVIDED,POSITIVE MEDIAN BARRIER;SMOOTH ASPHALT;DRY;DAYLIGHT;CLEAR;NO CONTROL PRESENT;;;-78.8228;35.7641;;;0;0;1;;NONE;;NONE;;PASSENGER CAR;SPORT UTILITY;;;;NO;17156;2019-07-15;6:50:35 AM;2019-07-15T10:50:35+00:00;;2019;No;No;7;NONE;NONE,NONE;NONE,NONE;PASSENGER CAR,SPORT UTILITY;PASSENGER CAR,SPORT UTILITY;PASSENGER CAR,SPORT UTILITY;PASSENGER CAR,SPORT UTILITY
29492;300 FEET FROM SR 1011 (E CHATHAM ST);NO SPECIAL FEATURE;STRAIGHT,LEVEL;STATE SECONDARY ROUTE;TWO-WAY,NOT DIVIDED;SMOOTH ASPHALT;DRY;DAYLIGHT;CLEAR;NO CONTROL PRESENT;;;-78.7605;35.7916;;;0;0;;;NONE;;NONE;;PASSENGER CAR;PASSENGER CAR;;;;NO;6866;2017-06-08;5:30:58 PM;2017-06-08T21:30:58+00:00;;2017;No;No;6;NONE;NONE,NONE;NONE,NONE;PASSENGER CAR,PASSENGER CAR;PASSENGER CAR,PASSENGER CAR;PASSENGER CAR,PASSENGER CAR;PASSENGER CAR,PASSENGER CAR
40783;.1 MILES FROM 1 HWY;NO SPECIAL FEATURE;STRAIGHT,LEVEL;US ROUTE;TWO-WAY,DIVIDED,POSITIVE MEDIAN BARRIER;GROOVED CONCRETE;DRY;DAYLIGHT;CLEAR;NO CONTROL PRESENT;;;;;;115;0;1;1;;NONE;;NONE;;PASSENGER CAR;SPORT UTILITY;;;;NO;17161;2019-07-16;5:36:42 PM;2019-07-16T21:36:42+00:00;;2019;No;Yes;7;NONE;NONE,NONE;NONE,NONE;PASSENGER CAR,SPORT UTILITY;PASSENGER CAR,SPORT UTILITY;PASSENGER CAR,SPORT UTILITY;PASSENGER CAR,SPORT UTILITY
29494;0 FEET FROM NC 55 HWY;T-INTERSECTION;STRAIGHT,LEVEL;NC ROUTE;TWO-WAY,DIVIDED,UNPROTECTED MEDIAN;SMOOTH ASPHALT;DRY;DAYLIGHT;CLEAR;STOP AND GO SIGNAL;;;-78.885131;35.839224;;;0;1;1;;NONE;;NONE;;PASSENGER CAR;SPORT UTILITY;;;;NO;6868;2017-06-06;12:09 PM;2017-06-06T16:09:00+00:00;;2017;No;Yes;6;NONE;NONE,NONE;NONE,NONE;PASSENGER CAR,SPORT UTILITY;PASSENGER CAR,SPORT UTILITY;PASSENGER CAR,SPORT UTILITY;PASSENGER CAR,SPORT UTILITY
40786;0 FEET FROM SR 1370 (KILDAIRE FARM RD);T-INTERSECTION;STRAIGHT,LEVEL;STATE SECONDARY ROUTE;TWO-WAY,DIVIDED,UNPROTECTED MEDIAN;SMOOTH ASPHALT;DRY;DAYLIGHT;CLEAR;NO CONTROL PRESENT;;;-78.7794;35.7404;;;0;0;;;NONE;;NONE;;PASSENGER CAR;PASSENGER CAR;;;;NO;17164;2019-07-16;12:04 PM;2019-07-16T16:04:00+00:00;;2019;No;No;7;NONE;NONE,NONE;NONE,NONE;PASSENGER CAR,PASSENGER CAR;PASSENGER CAR,PASSENGER CAR;PASSENGER CAR,PASSENGER CAR;PASSENGER CAR,PASSENGER CAR
29497;CARY;RELATED TO INTERSECTION;STRAIGHT,LEVEL;STATE SECONDARY ROUTE;TWO-WAY,DIVIDED,UNPROTECTED MEDIAN;SMOOTH ASPHALT;DRY;DAYLIGHT;CLOUDY;STOP AND GO SIGNAL;;;-78.8475;35.7913;;;0;0;3;;NONE;;NONE;;PASSENGER CAR;VAN;;;;NO;6871;2017-06-08;1:04:37 PM;2017-06-08T17:04:37+00:00;;2017;No;No;6;NONE;NONE,NONE;NONE,NONE;PASSENGER CAR,VAN;PASSENGER CAR,VAN;PASSENGER CAR,VAN;PASSENGER CAR,VAN
40796;.14 MILES FROM OKELLY CHAPEL RD 1628;NO SPECIAL FEATURE;STRAIGHT,LEVEL;STATE SECONDARY ROUTE;TWO-WAY,NOT DIVIDED;CONCRETE;DRY;DAYLIGHT;CLOUDY;STOP AND GO SIGNAL;35.842329825;-78.90331465;-78.900455;35.842179;P074;119;0;0;;;NONE;;NONE;;PASSENGER CAR;PASSENGER CAR;;;;NO;17174;2019-07-17;4:06:24 PM;2019-07-17T20:06:24+00:00;35.842329825, -78.90331465;2019;No;No;7;NONE;NONE,NONE;NONE,NONE;PASSENGER CAR,PASSENGER CAR;PASSENGER CAR,PASSENGER CAR;PASSENGER CAR,PASSENGER CAR;PASSENGER CAR,PASSENGER CAR
29509;CARY;NO SPECIAL FEATURE;STRAIGHT,LEVEL;NC ROUTE;TWO-WAY,DIVIDED,UNPROTECTED MEDIAN;SMOOTH ASPHALT;DRY;DAYLIGHT;CLEAR;STOP AND GO SIGNAL;35.813695663;-78.87268269;-78.8727;35.8137;P091;WAKE;0;0;1;;NONE;;NONE;;PASSENGER CAR;PASSENGER CAR;;;;NO;6883;2017-06-09;5:54:36 PM;2017-06-09T21:54:36+00:00;35.813695663, -78.87268269;2017;No;No;6;NONE;NONE,NONE;NONE,NONE;PASSENGER CAR,PASSENGER CAR;PASSENGER CAR,PASSENGER CAR;PASSENGER CAR,PASSENGER CAR;PASSENGER CAR,PASSENGER CAR
40800;.25 MILES FROM SR1621 GREEN HOPE SCHOOL RD;FOUR-WAY INTERSECTION;STRAIGHT,HILLCREST;STATE SECONDARY ROUTE;TWO-WAY,NOT DIVIDED;SMOOTH ASPHALT;DRY;DAYLIGHT;CLEAR;STOP AND GO SIGNAL;;;-78.871853;35.802984;;;0;0;2;;NONE;;NONE;;PASSENGER CAR;SPORT UTILITY;;;;NO;17178;2019-07-17;8:17:54 AM;2019-07-17T12:17:54+00:00;;2019;No;No;7;NONE;NONE,NONE;NONE,NONE;PASSENGER CAR,SPORT UTILITY;PASSENGER CAR,SPORT UTILITY;PASSENGER CAR,SPORT UTILITY;PASSENGER CAR,SPORT UTILITY
29510;30 FEET FROM SR 1300 (KILDAIRE FARM RD);NO SPECIAL FEATURE;STRAIGHT,LEVEL;STATE SECONDARY ROUTE;TWO-WAY,NOT DIVIDED;SMOOTH ASPHALT;DRY;DAYLIGHT;CLEAR;STOP AND GO SIGNAL;;;-78.78299;35.757727;;;0;0;3;;NONE;;NONE;;PASSENGER CAR;;;;;NO;6884;2017-06-08;3:19:30 PM;2017-06-08T19:19:30+00:00;;2017;No;No;6;NONE;NONE,NONE;NONE,NONE;PASSENGER CAR;PASSENGER CAR;PASSENGER CAR;PASSENGER CAR
40812;100 FEET FROM PINEY PLANES RD;NO SPECIAL FEATURE;STRAIGHT,LEVEL;LOCAL STREET;TWO-WAY,NOT DIVIDED;SMOOTH ASPHALT;DRY;DAYLIGHT;CLEAR;NO CONTROL PRESENT;35.750152357;-78.75261225;-78.751637;35.752183;P004;118;0;0;;;NONE;;NONE;;PASSENGER CAR;PASSENGER CAR;;;;NO;17190;2019-07-17;12:55 PM;2019-07-17T16:55:00+00:00;35.750152357, -78.75261225;2019;No;No;7;NONE;NONE,NONE;NONE,NONE;PASSENGER CAR,PASSENGER CAR;PASSENGER CAR,PASSENGER CAR;PASSENGER CAR,PASSENGER CAR;PASSENGER CAR,PASSENGER CAR
29511;200 FEET FROM NORTHLANDS DR;NO SPECIAL FEATURE;STRAIGHT,LEVEL;LOCAL STREET;TWO-WAY,NOT DIVIDED;SMOOTH ASPHALT;DRY;UNKNOWN;CLEAR;NO CONTROL PRESENT;35.823017894;-78.90647785;-78.9055;35.8229;P076;119;0;0;;;NONE;;NONE;;PASSENGER CAR;PASSENGER CAR;;;;NO;6885;2017-06-09;3:05:46 PM;2017-06-09T19:05:46+00:00;35.823017894, -78.90647785;2017;No;No;6;NONE;NONE,NONE;NONE,NONE;PASSENGER CAR,PASSENGER CAR;PASSENGER CAR,PASSENGER CAR;PASSENGER CAR,PASSENGER CAR;PASSENGER CAR,PASSENGER CAR
40825;50 FEET FROM SR-5808 E CHATHAM ST;RELATED TO INTERSECTION;STRAIGHT,LEVEL;STATE SECONDARY ROUTE;TWO-WAY,NOT DIVIDED;SMOOTH ASPHALT;DRY;DAYLIGHT;CLEAR;STOP AND GO SIGNAL;;;-78.764369;35.791911;;120;0;0;;;NONE;;NONE;;PASSENGER CAR;PASSENGER CAR;;;;NO;17203;2019-07-19;5:09:29 PM;2019-07-19T21:09:29+00:00;;2019;No;No;7;NONE;NONE,NONE;NONE,NONE;PASSENGER CAR,PASSENGER CAR;PASSENGER CAR,PASSENGER CAR;PASSENGER CAR,PASSENGER CAR;PASSENGER CAR,PASSENGER CAR
29516;197 FEET FROM WALNUT ST;NO SPECIAL FEATURE;STRAIGHT,LEVEL;LOCAL STREET;TWO-WAY,DIVIDED,UNPROTECTED MEDIAN;SMOOTH ASPHALT;DRY;DAYLIGHT;CLEAR;NO CONTROL PRESENT;35.769017252;-78.75991055;-78.7592;35.7683;P003;112;0;0;3;;NONE;;NONE;;SPORT UTILITY;PASSENGER CAR;;;;NO;6890;2017-06-11;3:08:04 PM;2017-06-11T19:08:04+00:00;35.769017252, -78.75991055;2017;No;No;6;NONE;NONE,NONE;NONE,NONE;SPORT UTILITY,PASSENGER CAR;SPORT UTILITY,PASSENGER CAR;SPORT UTILITY,PASSENGER CAR;SPORT UTILITY,PASSENGER CAR
40827;10 FEET FROM SPRING ST;NO SPECIAL FEATURE;STRAIGHT,LEVEL;LOCAL STREET;TWO-WAY,NOT DIVIDED;SMOOTH ASPHALT;DRY;DAYLIGHT;CLEAR;NO CONTROL PRESENT;35.777868798;-78.77966806;-78.779639;35.777953;P062;120;0;0;;;;;NONE;;PICKUP;;;;;NO;17205;2019-07-19;6:27:47 PM;2019-07-19T22:27:47+00:00;35.777868798, -78.77966806;2019;No;No;7;;NONE;NONE;PICKUP;PICKUP;PICKUP;PICKUP
29517;.28 MILES FROM US 1 HWY;;;;;;;;;;;;;;;;1;0;3;1;;;;;SPORT UTILITY;;;;;;6891;2017-05-01;12:03 AM;2017-05-01T04:03:00+00:00;;2017;Yes;No;5;;;;SPORT UTILITY;SPORT UTILITY;SPORT UTILITY;SPORT UTILITY
40828;.19 MILES FROM US 64 HWY;Y-INTERSECTION;STRAIGHT,LEVEL;US ROUTE;TWO-WAY,DIVIDED,UNPROTECTED MEDIAN;SMOOTH ASPHALT;DRY;DAYLIGHT;CLEAR;STOP AND GO SIGNAL;;;-78.795;35.738;;;0;2;2;;NONE;;NONE;;PASSENGER CAR;SPORT UTILITY;;;;NO;17206;2019-07-21;7:54:02 PM;2019-07-21T23:54:02+00:00;;2019;No;Yes;7;NONE;NONE,NONE;NONE,NONE;PASSENGER CAR,SPORT UTILITY;PASSENGER CAR,SPORT UTILITY;PASSENGER CAR,SPORT UTILITY;PASSENGER CAR,SPORT UTILITY
29528;200 FEET FROM SR# 1652 (N HARRISON AV);RELATED TO INTERSECTION;STRAIGHT,GRADE;STATE SECONDARY ROUTE;TWO-WAY,DIVIDED,UNPROTECTED MEDIAN;COARSE ASPHALT;DRY;DAYLIGHT;CLOUDY;NO CONTROL PRESENT;35.792623272;-78.78316172;-78.7831;35.7931;P032;113;0;0;;;;;NONE;;PICKUP;PASSENGER CAR;;;;NO;6902;2017-06-12;5:13:10 PM;2017-06-12T21:13:10+00:00;35.792623272, -78.78316172;2017;No;No;6;;NONE;NONE;PICKUP,PASSENGER CAR;PICKUP,PASSENGER CAR;PICKUP,PASSENGER CAR;PICKUP,PASSENGER CAR
40833;CARY;RELATED TO INTERSECTION;STRAIGHT,LEVEL;STATE SECONDARY ROUTE;TWO-WAY,DIVIDED,UNPROTECTED MEDIAN;SMOOTH ASPHALT;DRY;DARK - LIGHTED ROADWAY;CLEAR;STOP AND GO SIGNAL;;;-78.7948;35.7998;;111;0;0;;;NONE;;NONE;;VAN;SPORT UTILITY;;;;NO;17211;2019-07-17;9:32:29 PM;2019-07-18T01:32:29+00:00;;2019;No;No;7;NONE;NONE,NONE;NONE,NONE;VAN,SPORT UTILITY;VAN,SPORT UTILITY;VAN,SPORT UTILITY;VAN,SPORT UTILITY
29532;400 FEET FROM SR 3081 CHAPEL HILL RD;NO SPECIAL FEATURE;STRAIGHT,LEVEL;STATE SECONDARY ROUTE;TWO-WAY,NOT DIVIDED;SMOOTH ASPHALT;DRY;DAYLIGHT;CLEAR;NO CONTROL PRESENT;35.795968829;-78.79013478;-78.7904;35.7941;;;0;0;1;;NONE;;NONE;;PASSENGER CAR;PASSENGER CAR;SPORT UTILITY;;;NO;6906;2017-06-13;10:19 AM;2017-06-13T14:19:00+00:00;35.795968829, -78.79013478;2017;No;No;6;NONE;NONE,NONE;NONE,NONE;PASSENGER CAR,PASSENGER CAR;PASSENGER CAR,PASSENGER CAR,SPORT UTILITY;PASSENGER CAR,PASSENGER CAR,SPORT UTILITY;PASSENGER CAR,PASSENGER CAR,SPORT UTILITY
40839;150 FEET FROM P.V.A. 210 CROSSROADS BLVD;DRIVEWAY, PUBLIC;STRAIGHT,LEVEL;PUBLIC VEHICULAR AREA;TWO-WAY,NOT DIVIDED;SMOOTH ASPHALT;DRY;DAYLIGHT;CLEAR;NO CONTROL PRESENT;;;-78.74;35.7603;;;0;0;4;;NONE;;NONE;;PASSENGER CAR;PASSENGER CAR;;;;NO;17217;2019-07-21;2:56:15 PM;2019-07-21T18:56:15+00:00;;2019;No;No;7;NONE;NONE,NONE;NONE,NONE;PASSENGER CAR,PASSENGER CAR;PASSENGER CAR,PASSENGER CAR;PASSENGER CAR,PASSENGER CAR;PASSENGER CAR,PASSENGER CAR
29538;CARY;T-INTERSECTION;CURVE,HILLCREST;;TWO-WAY,NOT DIVIDED;SMOOTH ASPHALT;DRY;DAYLIGHT;CLEAR;STOP SIGN;35.722483514;-78.80713912;-78.80713;35.722531;P043;116;0;0;;;NONE;;NONE;;SPORT UTILITY;SPORT UTILITY;;;;NO;6912;2017-06-14;9:51:12 AM;2017-06-14T13:51:12+00:00;35.722483514, -78.80713912;2017;No;No;6;NONE;NONE,NONE;NONE,NONE;SPORT UTILITY,SPORT UTILITY;SPORT UTILITY,SPORT UTILITY;SPORT UTILITY,SPORT UTILITY;SPORT UTILITY,SPORT UTILITY
40840;5 FEET FROM HWY US 1;OFF-RAMP ENTRY;CURVE,GRADE;US ROUTE;ONE-WAY,NOT DIVIDED;SMOOTH ASPHALT;DRY;DAYLIGHT;CLEAR;STOP SIGN;;;-78.745;35.763;;;0;0;2;;NONE;;NONE;;PASSENGER CAR;SPORT UTILITY;;;;NO;17218;2019-07-20;2:20:42 PM;2019-07-20T18:20:42+00:00;;2019;No;No;7;NONE;NONE,NONE;NONE,NONE;PASSENGER CAR,SPORT UTILITY;PASSENGER CAR,SPORT UTILITY;PASSENGER CAR,SPORT UTILITY;PASSENGER CAR,SPORT UTILITY
29546;CARY;T-INTERSECTION;STRAIGHT,LEVEL;LOCAL STREET;TWO-WAY,NOT DIVIDED;SMOOTH ASPHALT;DRY;DAYLIGHT;CLEAR;NO CONTROL PRESENT;35.790715529;-78.7811833;-78.791153;35.790738;P060;113;0;0;3;;NONE;;NONE;;SPORT UTILITY;SPORT UTILITY;;;;NO;6920;2017-06-14;5:51:22 PM;2017-06-14T21:51:22+00:00;35.790715529, -78.7811833;2017;No;No;6;NONE;NONE,NONE;NONE,NONE;SPORT UTILITY,SPORT UTILITY;SPORT UTILITY,SPORT UTILITY;SPORT UTILITY,SPORT UTILITY;SPORT UTILITY,SPORT UTILITY
40841;200 FEET FROM P.V.A. 451 LOCHMERE DR;NO SPECIAL FEATURE;CURVE,LEVEL;PUBLIC VEHICULAR AREA;ONE-WAY,NOT DIVIDED;SMOOTH ASPHALT;DRY;DARK - ROADWAY NOT LIGHTED;CLEAR;NO CONTROL PRESENT;;;-78.7633;35.7267;;;0;0;1;;NONE;;NONE;;PASSENGER CAR;SPORT UTILITY;;;;NO;17219;2019-07-19;10:31 PM;2019-07-20T02:31:00+00:00;;2019;No;No;7;NONE;NONE,NONE;NONE,NONE;PASSENGER CAR,SPORT UTILITY;PASSENGER CAR,SPORT UTILITY;PASSENGER CAR,SPORT UTILITY;PASSENGER CAR,SPORT UTILITY
29551;0 FEET FROM DRY AV;FOUR-WAY INTERSECTION;STRAIGHT,LEVEL;LOCAL STREET;TWO-WAY,NOT DIVIDED;SMOOTH ASPHALT;DRY;DAYLIGHT;CLOUDY;STOP AND GO SIGNAL;35.783046139;-78.78332142;-78.7824;35.7831;P035;114;0;0;;;;;NONE;;SPORT UTILITY;PASSENGER CAR;;;;NO;6925;2017-06-14;3:04:21 PM;2017-06-14T19:04:21+00:00;35.783046139, -78.78332142;2017;No;No;6;;NONE;NONE;SPORT UTILITY,PASSENGER CAR;SPORT UTILITY,PASSENGER CAR;SPORT UTILITY,PASSENGER CAR;SPORT UTILITY,PASSENGER CAR
40843;20 FEET FROM SR 1009 (TRYON RD);RELATED TO INTERSECTION;CURVE,GRADE;STATE SECONDARY ROUTE;TWO-WAY,DIVIDED,POSITIVE MEDIAN BARRIER;SMOOTH ASPHALT;WET;DAYLIGHT;CLOUDY;YIELD SIGN;;;-78.7801;35.7391;;;0;0;;;NONE;;NONE;;PASSENGER CAR;PASSENGER CAR;;;;NO;17221;2019-07-20;2:40:39 PM;2019-07-20T18:40:39+00:00;;2019;No;No;7;NONE;NONE,NONE;NONE,NONE;PASSENGER CAR,PASSENGER CAR;PASSENGER CAR,PASSENGER CAR;PASSENGER CAR,PASSENGER CAR;PASSENGER CAR,PASSENGER CAR
29552;400 FEET FROM EDINBURGH SOUTH DR;T-INTERSECTION;STRAIGHT,LEVEL;LOCAL STREET;TWO-WAY,NOT DIVIDED;SMOOTH ASPHALT;WET;DARK - LIGHTED ROADWAY;RAIN;STOP SIGN;35.738208985;-78.79978722;-78.798597;35.7377726;P041;116;0;0;;;NONE;;NONE;;PASSENGER CAR;PASSENGER CAR;;;;NO;6926;2017-06-14;9:49:39 PM;2017-06-15T01:49:39+00:00;35.738208985, -78.79978722;2017;No;No;6;NONE;NONE,NONE;NONE,NONE;PASSENGER CAR,PASSENGER CAR;PASSENGER CAR,PASSENGER CAR;PASSENGER CAR,PASSENGER CAR;PASSENGER CAR,PASSENGER CAR
40849;.203 MILES FROM US 1;NO SPECIAL FEATURE;STRAIGHT,LEVEL;US ROUTE;TWO-WAY,DIVIDED,POSITIVE MEDIAN BARRIER;CONCRETE;DRY;DARK - LIGHTED ROADWAY;CLEAR;NO CONTROL PRESENT;;;-78.774992;35.746768;;;0;1;;;NONE;;NONE;;PASSENGER CAR;PASSENGER CAR;;;;NO;17227;2019-07-20;10:06 PM;2019-07-21T02:06:00+00:00;;2019;No;Yes;7;NONE;NONE,NONE;NONE,NONE;PASSENGER CAR,PASSENGER CAR;PASSENGER CAR,PASSENGER CAR;PASSENGER CAR,PASSENGER CAR;PASSENGER CAR,PASSENGER CAR
29555;10 FEET FROM GOVAN LN;T-INTERSECTION;STRAIGHT,LEVEL;LOCAL STREET;TWO-WAY,NOT DIVIDED;SMOOTH ASPHALT;DRY;DARK - ROADWAY NOT LIGHTED;CLEAR;STOP SIGN;35.744438778;-78.80735347;-78.80733;35.744928;P042;115;0;0;1;;NONE;;NONE;;SPORT UTILITY;VAN;;;;NO;6929;2017-06-09;10:49 AM;2017-06-09T14:49:00+00:00;35.744438778, -78.80735347;2017;No;No;6;NONE;NONE,NONE;NONE,NONE;SPORT UTILITY,VAN;SPORT UTILITY,VAN;SPORT UTILITY,VAN;SPORT UTILITY,VAN
40851;260 FEET FROM P.V.A. 2031 SR 1313 (WALNUT ST;DRIVEWAY, PUBLIC;STRAIGHT,LEVEL;PUBLIC VEHICULAR AREA;TWO-WAY,NOT DIVIDED;SMOOTH ASPHALT;DRY;DAYLIGHT;CLEAR;NO CONTROL PRESENT;;;-78.7395;35.7561;;;0;0;2;;NONE;;NONE;;PASSENGER CAR;PASSENGER CAR;;;;NO;17229;2019-07-21;2:00:13 PM;2019-07-21T18:00:13+00:00;;2019;No;No;7;NONE;NONE,NONE;NONE,NONE;PASSENGER CAR,PASSENGER CAR;PASSENGER CAR,PASSENGER CAR;PASSENGER CAR,PASSENGER CAR;PASSENGER CAR,PASSENGER CAR
29557;.5 MILES FROM EDINBURGH SOUTH DR;NO SPECIAL FEATURE;CURVE,LEVEL;LOCAL STREET;TWO-WAY,NOT DIVIDED;SMOOTH ASPHALT;DRY;DAYLIGHT;CLEAR;NO CONTROL PRESENT;35.738732547;-78.79843887;-78.801;35.7384;P041;116;0;0;1;;NONE;;NONE;;LIGHT TRUCK (MINI-VAN- PANEL);;;;;NO;6931;2017-06-14;11:51 AM;2017-06-14T15:51:00+00:00;35.738732547, -78.79843887;2017;No;No;6;NONE;NONE,NONE;NONE,NONE;LIGHT TRUCK (MINI-VAN- PANEL);LIGHT TRUCK (MINI-VAN- PANEL);LIGHT TRUCK (MINI-VAN- PANEL);LIGHT TRUCK (MINI-VAN- PANEL)
40855;.14 MILES FROM HWY US 64;NO SPECIAL FEATURE;STRAIGHT,GRADE;US ROUTE;TWO-WAY,DIVIDED,UNPROTECTED MEDIAN;SMOOTH ASPHALT;DRY;DAYLIGHT;CLEAR;STOP AND GO SIGNAL;;;-78.7953;35.738;;;0;0;;;NONE;;NONE;;PASSENGER CAR;PASSENGER CAR;;;;NO;17233;2019-07-22;9:02:15 AM;2019-07-22T13:02:15+00:00;;2019;No;No;7;NONE;NONE,NONE;NONE,NONE;PASSENGER CAR,PASSENGER CAR;PASSENGER CAR,PASSENGER CAR;PASSENGER CAR,PASSENGER CAR;PASSENGER CAR,PASSENGER CAR
29559;150 FEET FROM HIGH HOUSE RD SR 1615;NO SPECIAL FEATURE;STRAIGHT,LEVEL;STATE SECONDARY ROUTE;TWO-WAY,NOT DIVIDED;SMOOTH ASPHALT;DRY;DAYLIGHT;CLEAR;NO CONTROL PRESENT;35.792276443;-78.84345301;-78.8457;35.792;P078;121;0;0;;;NONE;;FAILURE TO YIELD RIGHT OF WAY;;SPORT UTILITY;SPORT UTILITY;;;;CONSTRUCTION WORK AREA;6933;2017-06-15;9:59:31 AM;2017-06-15T13:59:31+00:00;35.792276443, -78.84345301;2017;No;No;6;NONE;NONE,FAILURE TO YIELD RIGHT OF WAY;NONE,FAILURE TO YIELD RIGHT OF WAY;SPORT UTILITY,SPORT UTILITY;SPORT UTILITY,SPORT UTILITY;SPORT UTILITY,SPORT UTILITY;SPORT UTILITY,SPORT UTILITY
40856;100 FEET FROM NC 54 (NE MAYNARD RD);NO SPECIAL FEATURE;STRAIGHT,LEVEL;NC ROUTE;TWO-WAY,DIVIDED,POSITIVE MEDIAN BARRIER;SMOOTH ASPHALT;DRY;DAYLIGHT;CLEAR;NO CONTROL PRESENT;;;-78.778837;35.803058;;;0;0;;;NONE;;NONE;;PICKUP;VAN;;;;NO;17234;2019-07-22;10:39 AM;2019-07-22T14:39:00+00:00;;2019;No;No;7;NONE;NONE,NONE;NONE,NONE;PICKUP,VAN;PICKUP,VAN;PICKUP,VAN;PICKUP,VAN
29568;CARY;NO SPECIAL FEATURE;STRAIGHT,LEVEL;LOCAL STREET;TWO-WAY,NOT DIVIDED;SMOOTH ASPHALT;DRY;DARK - LIGHTED ROADWAY;CLEAR;NO CONTROL PRESENT;35.763041137;-78.81187151;-78.81227;35.76336;P037;115;0;0;;;NONE;;NONE;;PASSENGER CAR;PASSENGER CAR;;;;NO;6942;2017-06-15;11:44 PM;2017-06-16T03:44:00+00:00;35.763041137, -78.81187151;2017;No;No;6;NONE;NONE,NONE;NONE,NONE;PASSENGER CAR,PASSENGER CAR;PASSENGER CAR,PASSENGER CAR;PASSENGER CAR,PASSENGER CAR;PASSENGER CAR,PASSENGER CAR
40857;20 FEET FROM GRIFFIS ST;RELATED TO INTERSECTION;STRAIGHT,LEVEL;LOCAL STREET;TWO-WAY,NOT DIVIDED;COARSE ASPHALT;DRY;DAYLIGHT;CLEAR;STOP AND GO SIGNAL;;;-78.790367;35.77297;;;0;0;;;NONE;;NONE;;PICKUP;PASSENGER CAR;;;;NO;17235;2019-07-22;10:37 PM;2019-07-23T02:37:00+00:00;;2019;No;No;7;NONE;NONE,NONE;NONE,NONE;PICKUP,PASSENGER CAR;PICKUP,PASSENGER CAR;PICKUP,PASSENGER CAR;PICKUP,PASSENGER CAR