tamainid;location_description;rdfeature;rdcharacter;rdclass;rdconfigur;rdsurface;rdcondition;lightcond;weather;trafcontrl;lat;lon;lon2;lat2;tract;zone;fatality;possblinj;numpassengers;numpedestrians;contrcir1_desc;contrcir2_desc;contrcir3_desc;contrcir4_desc;vehicle1;vehicle2;vehicle3;vehicle4;vehicle5;workarea;records;ta_date;ta_time;crash_date;geo_location;year;fatalities;injuries;month;contrfact1;contrfact2;contributing_factor;vehicleconcat1;vehicleconcat2;vehicleconcat3;vehicle_type
29947;0.25 MILES FROM S.R. 1633(GOOD HOPE CHURCH RD);NO SPECIAL FEATURE;STRAIGHT,LEVEL;STATE SECONDARY ROUTE;TWO-WAY,NOT DIVIDED;SMOOTH ASPHALT;DRY;DAYLIGHT;CLEAR;NO CONTROL PRESENT;35.824313281;-78.86952031;-78.8719;35.8277;P073;121;0;0;;;NONE;;NONE;;PASSENGER CAR;;;;;NO;7321;2017-07-19;7:17:00 AM;2017-07-19T11:17:00+00:00;35.824313281, -78.86952031;2017;No;No;7;NONE;NONE,NONE;NONE,NONE;PASSENGER CAR;PASSENGER CAR;PASSENGER CAR;PASSENGER CAR
41206;100 FEET FROM PVA 6051 TRYON RD;;;;;;;;;;;;;;;;0;0;;;;;;;;;;;;;17584;2019-08-17;1:24:34 AM;2019-08-17T05:24:34+00:00;;2019;No;No;8;;;;;;;
29959;25 FEET FROM MAYNARD CROSSING CT;FOUR-WAY INTERSECTION;STRAIGHT,LEVEL;LOCAL STREET;TWO-WAY,DIVIDED,POSITIVE MEDIAN BARRIER;SMOOTH ASPHALT;DRY;DAYLIGHT;CLEAR;NO CONTROL PRESENT;;;-78.810549;35.786223;;;0;0;;;NONE;;NONE;;PASSENGER CAR;PASSENGER CAR;;;;NO;7333;2017-07-19;5:24:19 PM;2017-07-19T21:24:19+00:00;;2017;No;No;7;NONE;NONE,NONE;NONE,NONE;PASSENGER CAR,PASSENGER CAR;PASSENGER CAR,PASSENGER CAR;PASSENGER CAR,PASSENGER CAR;PASSENGER CAR,PASSENGER CAR
41207;15 FEET FROM SR 1613 (DAVIS DR);RELATED TO INTERSECTION;STRAIGHT,LEVEL;STATE SECONDARY ROUTE;TWO-WAY,DIVIDED,POSITIVE MEDIAN BARRIER;COARSE ASPHALT;DRY;DAYLIGHT;CLEAR;STOP AND GO SIGNAL;;;-78.848038;35.813274;;121;0;0;;;NONE;;NONE;;SPORT UTILITY;SPORT UTILITY;;;;NO;17585;2019-08-17;5:50:38 PM;2019-08-17T21:50:38+00:00;;2019;No;No;8;NONE;NONE,NONE;NONE,NONE;SPORT UTILITY,SPORT UTILITY;SPORT UTILITY,SPORT UTILITY;SPORT UTILITY,SPORT UTILITY;SPORT UTILITY,SPORT UTILITY
29964;1.5 MILES FROM US 1;NO SPECIAL FEATURE;STRAIGHT,LEVEL;US ROUTE;TWO-WAY,DIVIDED,POSITIVE MEDIAN BARRIER;SMOOTH ASPHALT;DRY;DAYLIGHT;CLEAR;NO CONTROL PRESENT;;;-78.7566;35.7562;;;0;3;8;;NONE;;NONE;;PASSENGER CAR;SINGLE UNIT TRUCK (2-AXLE- 6-TIRE);VAN;;;NO;7338;2017-07-20;7:33:30 AM;2017-07-20T11:33:30+00:00;;2017;No;Yes;7;NONE;NONE,NONE;NONE,NONE;PASSENGER CAR,SINGLE UNIT TRUCK (2-AXLE- 6-TIRE);PASSENGER CAR,SINGLE UNIT TRUCK (2-AXLE- 6-TIRE),VAN;PASSENGER CAR,SINGLE UNIT TRUCK (2-AXLE- 6-TIRE),VAN;PASSENGER CAR,SINGLE UNIT TRUCK (2-AXLE- 6-TIRE),VAN
41221;45 FEET FROM P.V.A. (1607 WALNUT ST);NO SPECIAL FEATURE;STRAIGHT,LEVEL;PUBLIC VEHICULAR AREA;ONE-WAY,NOT DIVIDED;COARSE ASPHALT;DRY;DAYLIGHT;CLEAR;NO CONTROL PRESENT;;;-78.7477;35.7639;;112;0;0;;;;;NONE;;SPORT UTILITY;PASSENGER CAR;;;;NO;17599;2019-08-18;3:02:07 PM;2019-08-18T19:02:07+00:00;;2019;No;No;8;;NONE;NONE;SPORT UTILITY,PASSENGER CAR;SPORT UTILITY,PASSENGER CAR;SPORT UTILITY,PASSENGER CAR;SPORT UTILITY,PASSENGER CAR
29970;0 FEET FROM S DIXON AV;FIVE-POINT, OR MORE;STRAIGHT,LEVEL;LOCAL STREET;TWO-WAY,NOT DIVIDED;SMOOTH ASPHALT;DRY;DAYLIGHT;CLEAR;STOP SIGN;35.785313092;-78.78774701;-78.7878;35.7853;P036;114;0;0;;;;;NONE;;LIGHT TRUCK (MINI-VAN- PANEL);PASSENGER CAR;;;;NO;7344;2017-07-20;12:16 PM;2017-07-20T16:16:00+00:00;35.785313092, -78.78774701;2017;No;No;7;;NONE;NONE;LIGHT TRUCK (MINI-VAN- PANEL),PASSENGER CAR;LIGHT TRUCK (MINI-VAN- PANEL),PASSENGER CAR;LIGHT TRUCK (MINI-VAN- PANEL),PASSENGER CAR;LIGHT TRUCK (MINI-VAN- PANEL),PASSENGER CAR
41232;.272 MILES FROM US 1;NO SPECIAL FEATURE;STRAIGHT,LEVEL;US ROUTE;TWO-WAY,DIVIDED,POSITIVE MEDIAN BARRIER;CONCRETE;DRY;DAYLIGHT;CLEAR;NO CONTROL PRESENT;;;-78.788834;35.739745;;;0;0;2;;NONE;;NONE;;PASSENGER CAR;SPORT UTILITY;;;;NO;17610;2019-08-19;7:48:52 AM;2019-08-19T11:48:52+00:00;;2019;No;No;8;NONE;NONE,NONE;NONE,NONE;PASSENGER CAR,SPORT UTILITY;PASSENGER CAR,SPORT UTILITY;PASSENGER CAR,SPORT UTILITY;PASSENGER CAR,SPORT UTILITY
29983;.1 MILES FROM SW CARY PKWY;RAILROAD CROSSING;STRAIGHT,LEVEL;LOCAL STREET;TWO-WAY,DIVIDED,UNPROTECTED MEDIAN;SMOOTH ASPHALT;DRY;DAYLIGHT;CLEAR;STOP AND GO SIGNAL;35.760377958;-78.82064436;-78.821;35.761;P040;115;0;0;;;NONE;;;;PICKUP;;;;;NO;7357;2017-07-20;3:35:29 PM;2017-07-20T19:35:29+00:00;35.760377958, -78.82064436;2017;No;No;7;NONE;NONE;NONE;PICKUP;PICKUP;PICKUP;PICKUP
41236;.1 MILES FROM NC 54 (200 BLOCK);NO SPECIAL FEATURE;STRAIGHT,LEVEL;NC ROUTE;TWO-WAY,DIVIDED,UNPROTECTED MEDIAN;SMOOTH ASPHALT;DRY;DARK - LIGHTED ROADWAY;CLEAR;NO CONTROL PRESENT;;;-78.772;35.8028;;;0;0;;;NONE;;NONE;;PASSENGER CAR;PASSENGER CAR;;;;NO;17614;2019-08-17;12:27 AM;2019-08-17T04:27:00+00:00;;2019;No;No;8;NONE;NONE,NONE;NONE,NONE;PASSENGER CAR,PASSENGER CAR;PASSENGER CAR,PASSENGER CAR;PASSENGER CAR,PASSENGER CAR;PASSENGER CAR,PASSENGER CAR
29988;.19 MILES FROM SR #1652 (N HARRISON AV);NO SPECIAL FEATURE;STRAIGHT,BOTTOM (SAG);STATE SECONDARY ROUTE;TWO-WAY,DIVIDED,UNPROTECTED MEDIAN;SMOOTH ASPHALT;DRY;DAYLIGHT;CLEAR;STOP AND GO SIGNAL;35.811953123;-78.77881798;-78.781;35.81;P030;113;0;0;;;NONE;;NONE;;PASSENGER CAR;PASSENGER CAR;;;;NO;7362;2017-07-21;5:23:11 PM;2017-07-21T21:23:11+00:00;35.811953123, -78.77881798;2017;No;No;7;NONE;NONE,NONE;NONE,NONE;PASSENGER CAR,PASSENGER CAR;PASSENGER CAR,PASSENGER CAR;PASSENGER CAR,PASSENGER CAR;PASSENGER CAR,PASSENGER CAR
41249;0 FEET FROM SR 1415 (NW MAYNARD RD);FOUR-WAY INTERSECTION;STRAIGHT,LEVEL;STATE SECONDARY ROUTE;TWO-WAY,DIVIDED,UNPROTECTED MEDIAN;SMOOTH ASPHALT;DRY;DAYLIGHT;CLEAR;STOP AND GO SIGNAL;;;-78.794461;35.799961;;;0;0;1;;NONE;;NONE;;PASSENGER CAR;PASSENGER CAR;PASSENGER CAR;;;NO;17627;2019-08-20;8:36:36 AM;2019-08-20T12:36:36+00:00;;2019;No;No;8;NONE;NONE,NONE;NONE,NONE;PASSENGER CAR,PASSENGER CAR;PASSENGER CAR,PASSENGER CAR,PASSENGER CAR;PASSENGER CAR,PASSENGER CAR,PASSENGER CAR;PASSENGER CAR,PASSENGER CAR,PASSENGER CAR
29989;.1 MILES FROM SR-1415 (SE MAYNARD RD);NO SPECIAL FEATURE;STRAIGHT,LEVEL;STATE SECONDARY ROUTE;TWO-WAY,DIVIDED,UNPROTECTED MEDIAN;SMOOTH ASPHALT;DRY;DAYLIGHT;CLEAR;STOP AND GO SIGNAL;;;-78.7638;35.7909;;;0;0;1;;NONE;;NONE;;SPORT UTILITY;PICKUP;;;;NO;7363;2017-07-22;2:51:54 PM;2017-07-22T18:51:54+00:00;;2017;No;No;7;NONE;NONE,NONE;NONE,NONE;SPORT UTILITY,PICKUP;SPORT UTILITY,PICKUP;SPORT UTILITY,PICKUP;SPORT UTILITY,PICKUP
41252;.25 MILES FROM SR 1615 (HIGH HOUSE RD);FOUR-WAY INTERSECTION;STRAIGHT,LEVEL;STATE SECONDARY ROUTE;TWO-WAY,DIVIDED,UNPROTECTED MEDIAN;SMOOTH ASPHALT;DRY;DAYLIGHT;CLEAR;STOP AND GO SIGNAL;35.945504617;-78.56081774;-78.838368;35.792839;P119;121;0;0;;;NONE;;NONE;;SPORT UTILITY;PASSENGER CAR;;;;NO;17630;2019-08-20;11:58 AM;2019-08-20T15:58:00+00:00;35.945504617, -78.56081774;2019;No;No;8;NONE;NONE,NONE;NONE,NONE;SPORT UTILITY,PASSENGER CAR;SPORT UTILITY,PASSENGER CAR;SPORT UTILITY,PASSENGER CAR;SPORT UTILITY,PASSENGER CAR
29991;.1 MILES FROM BUCK JONES RD;NO SPECIAL FEATURE;STRAIGHT,LEVEL;LOCAL STREET;TWO-WAY,NOT DIVIDED;SMOOTH ASPHALT;DRY;DAYLIGHT;CLEAR;NO CONTROL PRESENT;;;-78.7441;35.7641;;;0;0;;;;;NONE;;PASSENGER CAR;PICKUP;;;;NO;7365;2017-07-23;12:30 PM;2017-07-23T16:30:00+00:00;;2017;No;No;7;;NONE;NONE;PASSENGER CAR,PICKUP;PASSENGER CAR,PICKUP;PASSENGER CAR,PICKUP;PASSENGER CAR,PICKUP
41254;.15 MILES FROM BOND PARK DR;NO SPECIAL FEATURE;STRAIGHT,LEVEL;LOCAL STREET;TWO-WAY,DIVIDED,POSITIVE MEDIAN BARRIER;SMOOTH ASPHALT;DRY;DAYLIGHT;CLEAR;STOP SIGN;35.783463009;-78.82164852;-78.8218;35.7847;P001;117;0;0;3;;NONE;;NONE;;PASSENGER CAR;PASSENGER CAR;;;;NO;17632;2019-08-20;12:34 PM;2019-08-20T16:34:00+00:00;35.783463009, -78.82164852;2019;No;No;8;NONE;NONE,NONE;NONE,NONE;PASSENGER CAR,PASSENGER CAR;PASSENGER CAR,PASSENGER CAR;PASSENGER CAR,PASSENGER CAR;PASSENGER CAR,PASSENGER CAR
29995;100 FEET FROM YATES STORE ROAD;NO SPECIAL FEATURE;CURVE,BOTTOM (SAG);LOCAL STREET;TWO-WAY,NOT DIVIDED;SMOOTH ASPHALT;DRY;DAYLIGHT;CLEAR;NO CONTROL PRESENT;;;-78.9147;35.8204;;119;0;0;;;NONE;;NONE;;PASSENGER CAR;;;;;NO;7369;2017-07-23;12:25 PM;2017-07-23T16:25:00+00:00;;2017;No;No;7;NONE;NONE,NONE;NONE,NONE;PASSENGER CAR;PASSENGER CAR;PASSENGER CAR;PASSENGER CAR
41255;278 FEET FROM P.V.A. (1393 KILDAIRE FARM RD);DRIVEWAY, PUBLIC;STRAIGHT,LEVEL;PUBLIC VEHICULAR AREA;TWO-WAY,NOT DIVIDED;SMOOTH ASPHALT;DRY;DAYLIGHT;CLOUDY;NO CONTROL PRESENT;;;-78.782;35.759;;;0;0;;;NONE;;NONE;;PASSENGER CAR;PICKUP;;;;NO;17633;2019-08-20;12:42 PM;2019-08-20T16:42:00+00:00;;2019;No;No;8;NONE;NONE,NONE;NONE,NONE;PASSENGER CAR,PICKUP;PASSENGER CAR,PICKUP;PASSENGER CAR,PICKUP;PASSENGER CAR,PICKUP
30003;CARY;FOUR-WAY INTERSECTION;STRAIGHT,LEVEL;STATE SECONDARY ROUTE;TWO-WAY,DIVIDED,UNPROTECTED MEDIAN;SMOOTH ASPHALT;DRY;DAYLIGHT;CLOUDY;STOP SIGN;35.803857736;-78.90604641;-78.906;35.8038;P015;122;0;2;1;;NONE;;NONE;;PASSENGER CAR;VAN;;;;NO;7377;2017-07-24;11:21 AM;2017-07-24T15:21:00+00:00;35.803857736, -78.90604641;2017;No;Yes;7;NONE;NONE,NONE;NONE,NONE;PASSENGER CAR,VAN;PASSENGER CAR,VAN;PASSENGER CAR,VAN;PASSENGER CAR,VAN
41256;150 FEET FROM PARK VILLAGE DR;NO SPECIAL FEATURE;CURVE,GRADE;LOCAL STREET;TWO-WAY,DIVIDED,UNPROTECTED MEDIAN;SMOOTH ASPHALT;DRY;DAYLIGHT;CLEAR;NO CONTROL PRESENT;35.77348143;-78.85450227;-78.8537;35.7737;P071;117;0;1;;;NONE;;NONE;;PASSENGER CAR;;;;;NO;17634;2019-08-20;1:47:48 PM;2019-08-20T17:47:48+00:00;35.77348143, -78.85450227;2019;No;Yes;8;NONE;NONE,NONE;NONE,NONE;PASSENGER CAR;PASSENGER CAR;PASSENGER CAR;PASSENGER CAR
30022;.25 MILES FROM US 1 HWY;NO SPECIAL FEATURE;STRAIGHT,LEVEL;US ROUTE;TWO-WAY,DIVIDED,POSITIVE MEDIAN BARRIER;SMOOTH ASPHALT;DRY;DAYLIGHT;CLEAR;NO CONTROL PRESENT;;;-78.7525;35.7583;;;0;1;;;NONE;;NONE;;PASSENGER CAR;PASSENGER CAR;;;;NO;7396;2017-07-25;5:09:54 PM;2017-07-25T21:09:54+00:00;;2017;No;Yes;7;NONE;NONE,NONE;NONE,NONE;PASSENGER CAR,PASSENGER CAR;PASSENGER CAR,PASSENGER CAR;PASSENGER CAR,PASSENGER CAR;PASSENGER CAR,PASSENGER CAR
41258;.2 MILES FROM US 1 HWY;NO SPECIAL FEATURE;STRAIGHT,LEVEL;US ROUTE;TWO-WAY,DIVIDED,POSITIVE MEDIAN BARRIER;SMOOTH ASPHALT;DRY;DAYLIGHT;CLEAR;NO CONTROL PRESENT;;;-78.74;35.7642;;;0;0;;;NONE;;NONE;;PICKUP;PASSENGER CAR;PASSENGER CAR;;;NO;17636;2019-08-20;4:44:52 PM;2019-08-20T20:44:52+00:00;;2019;No;No;8;NONE;NONE,NONE;NONE,NONE;PICKUP,PASSENGER CAR;PICKUP,PASSENGER CAR,PASSENGER CAR;PICKUP,PASSENGER CAR,PASSENGER CAR;PICKUP,PASSENGER CAR,PASSENGER CAR
30024;175 FEET FROM NC 54 (NW MAYNARD RD);NO SPECIAL FEATURE;STRAIGHT,GRADE;NC ROUTE;TWO-WAY,NOT DIVIDED;SMOOTH ASPHALT;DRY;DARK - LIGHTED ROADWAY;CLEAR;STOP SIGN;;;-78.7852;35.8023;;111;0;0;;;NONE;;NONE;;PASSENGER CAR;PASSENGER CAR;PASSENGER CAR;;;NO;7398;2017-07-21;11:24 PM;2017-07-22T03:24:00+00:00;;2017;No;No;7;NONE;NONE,NONE;NONE,NONE;PASSENGER CAR,PASSENGER CAR;PASSENGER CAR,PASSENGER CAR,PASSENGER CAR;PASSENGER CAR,PASSENGER CAR,PASSENGER CAR;PASSENGER CAR,PASSENGER CAR,PASSENGER CAR
41263;.05 MILES FROM US 1 NORTH;NO SPECIAL FEATURE;STRAIGHT,LEVEL;US ROUTE;TWO-WAY,DIVIDED,POSITIVE MEDIAN BARRIER;SMOOTH ASPHALT;DRY;DAYLIGHT;CLEAR;NO CONTROL PRESENT;;;-78.7457;35.7614;;;0;0;1;;;;NONE;;SPORT UTILITY;SPORT UTILITY;;;;NO;17641;2019-08-21;12:19 PM;2019-08-21T16:19:00+00:00;;2019;No;No;8;;NONE;NONE;SPORT UTILITY,SPORT UTILITY;SPORT UTILITY,SPORT UTILITY;SPORT UTILITY,SPORT UTILITY;SPORT UTILITY,SPORT UTILITY
30029;CARY;T-INTERSECTION;STRAIGHT,GRADE;LOCAL STREET;TWO-WAY,NOT DIVIDED;COARSE ASPHALT;DRY;DAYLIGHT;CLEAR;STOP SIGN;35.740311929;-78.80987758;-78.810193;35.7403239;P041;116;0;1;;;NONE;;NONE;;PICKUP;PASSENGER CAR;;;;NO;7403;2017-07-25;5:01:46 PM;2017-07-25T21:01:46+00:00;35.740311929, -78.80987758;2017;No;Yes;7;NONE;NONE,NONE;NONE,NONE;PICKUP,PASSENGER CAR;PICKUP,PASSENGER CAR;PICKUP,PASSENGER CAR;PICKUP,PASSENGER CAR
41265;.05 MILES FROM SR 1613 (DAVIS DR);NO SPECIAL FEATURE;CURVE,GRADE;STATE SECONDARY ROUTE;TWO-WAY,DIVIDED,UNPROTECTED MEDIAN;SMOOTH ASPHALT;DRY;DAYLIGHT;CLEAR;NO CONTROL PRESENT;;;-78.84311;35.76693;;;0;0;;;NONE;;LYING AND/OR ILLEGALLY IN ROADWAY;;PASSENGER CAR;;;;;NO;17643;2019-08-20;12:35 PM;2019-08-20T16:35:00+00:00;;2019;No;No;8;NONE;NONE,LYING AND/OR ILLEGALLY IN ROADWAY;NONE,LYING AND/OR ILLEGALLY IN ROADWAY;PASSENGER CAR;PASSENGER CAR;PASSENGER CAR;PASSENGER CAR
30030;20 FEET FROM WALNUT ST TO US 1 RAMP NB;ON-RAMP ENTRY;CURVE,HILLCREST;US ROUTE;ONE-WAY,NOT DIVIDED;SMOOTH ASPHALT;DRY;DAYLIGHT;CLEAR;YIELD SIGN;;;-78.7447;35.7608;;;0;0;;;NONE;;NONE;;PASSENGER CAR;PASSENGER CAR;;;;NO;7404;2017-07-25;7:02:00 PM;2017-07-25T23:02:00+00:00;;2017;No;No;7;NONE;NONE,NONE;NONE,NONE;PASSENGER CAR,PASSENGER CAR;PASSENGER CAR,PASSENGER CAR;PASSENGER CAR,PASSENGER CAR;PASSENGER CAR,PASSENGER CAR
41266;CARY;FOUR-WAY INTERSECTION;STRAIGHT,LEVEL;LOCAL STREET;TWO-WAY,NOT DIVIDED;SMOOTH ASPHALT;DRY;DUSK;CLEAR;STOP SIGN;35.790638213;-78.77651761;-78.77666;35.7906;P060;113;0;2;;;NONE;;NONE;;PASSENGER CAR;PASSENGER CAR;;;;NO;17644;2019-08-20;7:50:00 PM;2019-08-20T23:50:00+00:00;35.790638213, -78.77651761;2019;No;Yes;8;NONE;NONE,NONE;NONE,NONE;PASSENGER CAR,PASSENGER CAR;PASSENGER CAR,PASSENGER CAR;PASSENGER CAR,PASSENGER CAR;PASSENGER CAR,PASSENGER CAR
30033;CARY;DRIVEWAY, PUBLIC;STRAIGHT,LEVEL;PUBLIC VEHICULAR AREA;TWO-WAY,NOT DIVIDED;SMOOTH ASPHALT;DRY;DAYLIGHT;CLEAR;NO CONTROL PRESENT;;;-78.781403;35.742437;;;0;0;;;NONE;;NONE;;SPORT UTILITY;UNKNOWN;;;;NO;7407;2017-07-26;4:22:32 PM;2017-07-26T20:22:32+00:00;;2017;No;No;7;NONE;NONE,NONE;NONE,NONE;SPORT UTILITY,UNKNOWN;SPORT UTILITY,UNKNOWN;SPORT UTILITY,UNKNOWN;SPORT UTILITY,UNKNOWN
41280;CARY;OFF-RAMP ENTRY;CURVE,GRADE;US ROUTE;ONE-WAY,NOT DIVIDED;SMOOTH ASPHALT;DRY;DAYLIGHT;CLEAR;STOP AND GO SIGNAL;;;-78.7958;35.7381;;;0;0;;;NONE;;NONE;;PASSENGER CAR;PASSENGER CAR;;;;NO;17658;2019-08-22;3:55:17 PM;2019-08-22T19:55:17+00:00;;2019;No;No;8;NONE;NONE,NONE;NONE,NONE;PASSENGER CAR,PASSENGER CAR;PASSENGER CAR,PASSENGER CAR;PASSENGER CAR,PASSENGER CAR;PASSENGER CAR,PASSENGER CAR
30042;CARY;T-INTERSECTION;STRAIGHT,LEVEL;STATE SECONDARY ROUTE;TWO-WAY,DIVIDED,POSITIVE MEDIAN BARRIER;SMOOTH ASPHALT;DRY;DAYLIGHT;CLEAR;STOP AND GO SIGNAL;;;-78.77;35.75;;;0;0;2;;NONE;;NONE;;PASSENGER CAR;VAN;;;;NO;7416;2017-07-27;10:13 AM;2017-07-27T14:13:00+00:00;;2017;No;No;7;NONE;NONE,NONE;NONE,NONE;PASSENGER CAR,VAN;PASSENGER CAR,VAN;PASSENGER CAR,VAN;PASSENGER CAR,VAN
41282;100 FEET FROM SEARSTONE DR;NO SPECIAL FEATURE;STRAIGHT,LEVEL;LOCAL STREET;TWO-WAY,DIVIDED,UNPROTECTED MEDIAN;SMOOTH ASPHALT;DRY;DAYLIGHT;CLEAR;NO CONTROL PRESENT;;;-78.8439;35.7881;;;0;0;;;NONE;;NONE;;PICKUP;SPORT UTILITY;;;;NO;17660;2019-08-22;2:34:38 PM;2019-08-22T18:34:38+00:00;;2019;No;No;8;NONE;NONE,NONE;NONE,NONE;PICKUP,SPORT UTILITY;PICKUP,SPORT UTILITY;PICKUP,SPORT UTILITY;PICKUP,SPORT UTILITY
30051;.15 MILES FROM PVA OF 2010 KILDAIRE FARM RD;NO SPECIAL FEATURE;STRAIGHT,LEVEL;PUBLIC VEHICULAR AREA;TWO-WAY,NOT DIVIDED;SMOOTH ASPHALT;DRY;DAYLIGHT;CLEAR;NO CONTROL PRESENT;;;-78.7818;35.7372;;;0;0;1;;;;NONE;;PASSENGER CAR;SPORT UTILITY;;;;NO;7425;2017-07-28;11:10 AM;2017-07-28T15:10:00+00:00;;2017;No;No;7;;NONE;NONE;PASSENGER CAR,SPORT UTILITY;PASSENGER CAR,SPORT UTILITY;PASSENGER CAR,SPORT UTILITY;PASSENGER CAR,SPORT UTILITY
41286;200 FEET FROM P.V.A. OF 2010 KILDAIRE FARM R;NO SPECIAL FEATURE;STRAIGHT,LEVEL;PUBLIC VEHICULAR AREA;TWO-WAY,NOT DIVIDED;SMOOTH ASPHALT;DRY;DAYLIGHT;CLEAR;NO CONTROL PRESENT;;;;;;116;0;0;1;;NONE;;NONE;;SPORT UTILITY;SPORT UTILITY;;;;NO;17664;2019-08-23;12:03 PM;2019-08-23T16:03:00+00:00;;2019;No;No;8;NONE;NONE,NONE;NONE,NONE;SPORT UTILITY,SPORT UTILITY;SPORT UTILITY,SPORT UTILITY;SPORT UTILITY,SPORT UTILITY;SPORT UTILITY,SPORT UTILITY
30055;CARY;FOUR-WAY INTERSECTION;STRAIGHT,LEVEL;STATE SECONDARY ROUTE;TWO-WAY,DIVIDED,UNPROTECTED MEDIAN;SMOOTH ASPHALT;DRY;DAYLIGHT;CLEAR;STOP AND GO SIGNAL;;;-78.7378;35.7455;;;0;1;;;;;NONE;;PASSENGER CAR;PASSENGER CAR;;;;NO;7429;2017-07-28;12:23 PM;2017-07-28T16:23:00+00:00;;2017;No;Yes;7;;NONE;NONE;PASSENGER CAR,PASSENGER CAR;PASSENGER CAR,PASSENGER CAR;PASSENGER CAR,PASSENGER CAR;PASSENGER CAR,PASSENGER CAR
41289;.01 MILES FROM SR 1618 (WALDO ROOD BLVD);RELATED TO INTERSECTION;STRAIGHT,LEVEL;STATE SECONDARY ROUTE;TWO-WAY,NOT DIVIDED;COARSE ASPHALT;DRY;DAYLIGHT;CLEAR;STOP AND GO SIGNAL;;;-78.848;35.782;;;0;0;;;NONE;;NONE;;PICKUP;PASSENGER CAR;;;;NO;17667;2019-08-16;2:13:30 PM;2019-08-16T18:13:30+00:00;;2019;No;No;8;NONE;NONE,NONE;NONE,NONE;PICKUP,PASSENGER CAR;PICKUP,PASSENGER CAR;PICKUP,PASSENGER CAR;PICKUP,PASSENGER CAR
30056;CARY;FOUR-WAY INTERSECTION;STRAIGHT,LEVEL;LOCAL STREET;TWO-WAY,DIVIDED,UNPROTECTED MEDIAN;SMOOTH ASPHALT;DRY;DAYLIGHT;CLOUDY;STOP AND GO SIGNAL;35.78051303;-78.83740876;-78.837;35.78;P018;117;0;0;;;NONE;;NONE;;PASSENGER CAR;SPORT UTILITY;;;;NO;7430;2017-07-28;4:44:06 PM;2017-07-28T20:44:06+00:00;35.78051303, -78.83740876;2017;No;No;7;NONE;NONE,NONE;NONE,NONE;PASSENGER CAR,SPORT UTILITY;PASSENGER CAR,SPORT UTILITY;PASSENGER CAR,SPORT UTILITY;PASSENGER CAR,SPORT UTILITY
41291;400 FEET FROM US 1 HWY;NO SPECIAL FEATURE;STRAIGHT,LEVEL;US ROUTE;TWO-WAY,DIVIDED,POSITIVE MEDIAN BARRIER;CONCRETE;DRY;DAYLIGHT;CLEAR;NO CONTROL PRESENT;;;-78.783118;35.742685;;115;0;2;2;;NONE;;NONE;;PASSENGER CAR;PASSENGER CAR;;;;NO;17669;2019-08-23;3:44:37 PM;2019-08-23T19:44:37+00:00;;2019;No;Yes;8;NONE;NONE,NONE;NONE,NONE;PASSENGER CAR,PASSENGER CAR;PASSENGER CAR,PASSENGER CAR;PASSENGER CAR,PASSENGER CAR;PASSENGER CAR,PASSENGER CAR
30059;40 FEET FROM SR 1650 REEDY CREEK RD;NO SPECIAL FEATURE;STRAIGHT,LEVEL;STATE SECONDARY ROUTE;ONE-WAY,NOT DIVIDED;SMOOTH ASPHALT;DRY;DARK - ROADWAY NOT LIGHTED;CLEAR;NO CONTROL PRESENT;;;-78.7672;35.7958;;;0;0;;;NONE;;NONE;;PICKUP;PASSENGER CAR;;;;NO;7433;2017-07-29;1:17:08 AM;2017-07-29T05:17:08+00:00;;2017;No;No;7;NONE;NONE,NONE;NONE,NONE;PICKUP,PASSENGER CAR;PICKUP,PASSENGER CAR;PICKUP,PASSENGER CAR;PICKUP,PASSENGER CAR
41295;300 FEET FROM BOND PARK DR;NO SPECIAL FEATURE;STRAIGHT,LEVEL;PUBLIC VEHICULAR AREA;TWO-WAY,NOT DIVIDED;SMOOTH ASPHALT;DRY;DAYLIGHT;CLEAR;NO CONTROL PRESENT;35.781658179;-78.82267196;-78.8231;35.7818;P001;117;0;0;;;NONE;;NONE;;UNKNOWN;PASSENGER CAR;;;;NO;17673;2019-08-23;2:46:08 PM;2019-08-23T18:46:08+00:00;35.781658179, -78.82267196;2019;No;No;8;NONE;NONE,NONE;NONE,NONE;UNKNOWN,PASSENGER CAR;UNKNOWN,PASSENGER CAR;UNKNOWN,PASSENGER CAR;UNKNOWN,PASSENGER CAR
30065;330 FEET FROM SR#1313 (WALNUT ST);NO SPECIAL FEATURE;STRAIGHT,LEVEL;STATE SECONDARY ROUTE;TWO-WAY,DIVIDED,UNPROTECTED MEDIAN;SMOOTH ASPHALT;DRY;DAYLIGHT;CLEAR;NO CONTROL PRESENT;;;-78.741473;35.754683;;;0;0;4;;NONE;;NONE;;SPORT UTILITY;PASSENGER CAR;;;;NO;7439;2017-07-08;12:32 PM;2017-07-08T16:32:00+00:00;;2017;No;No;7;NONE;NONE,NONE;NONE,NONE;SPORT UTILITY,PASSENGER CAR;SPORT UTILITY,PASSENGER CAR;SPORT UTILITY,PASSENGER CAR;SPORT UTILITY,PASSENGER CAR
41301;CARY;FOUR-WAY INTERSECTION;STRAIGHT,LEVEL;US ROUTE;TWO-WAY,DIVIDED,UNPROTECTED MEDIAN;SMOOTH ASPHALT;DRY;DAYLIGHT;CLEAR;STOP AND GO SIGNAL;;;-78.8098;35.7414;;;0;0;;;NONE;;NONE;;PASSENGER CAR;VAN;;;;NO;17679;2019-08-23;4:53:15 PM;2019-08-23T20:53:15+00:00;;2019;No;No;8;NONE;NONE,NONE;NONE,NONE;PASSENGER CAR,VAN;PASSENGER CAR,VAN;PASSENGER CAR,VAN;PASSENGER CAR,VAN