tamainid;location_description;rdfeature;rdcharacter;rdclass;rdconfigur;rdsurface;rdcondition;lightcond;weather;trafcontrl;lat;lon;lon2;lat2;tract;zone;fatality;possblinj;numpassengers;numpedestrians;contrcir1_desc;contrcir2_desc;contrcir3_desc;contrcir4_desc;vehicle1;vehicle2;vehicle3;vehicle4;vehicle5;workarea;records;ta_date;ta_time;crash_date;geo_location;year;fatalities;injuries;month;contrfact1;contrfact2;contributing_factor;vehicleconcat1;vehicleconcat2;vehicleconcat3;vehicle_type
41414;290 FEET FROM SR 1152 (HOLLY SPRINGS RD);NO SPECIAL FEATURE;CURVE,HILLCREST;STATE SECONDARY ROUTE;TWO-WAY,NOT DIVIDED;SMOOTH ASPHALT;DRY;DARK - ROADWAY NOT LIGHTED;CLEAR;NO CONTROL PRESENT;;;-78.75752;35.712678;;;0;1;1;;NONE;;NONE;;SPORT UTILITY;;;;;NO;17792;2019-09-02;12:19 AM;2019-09-02T04:19:00+00:00;;2019;No;Yes;9;NONE;NONE,NONE;NONE,NONE;SPORT UTILITY;SPORT UTILITY;SPORT UTILITY;SPORT UTILITY
30157;90 FEET FROM HWY 54;NO SPECIAL FEATURE;STRAIGHT,LEVEL;STATE SECONDARY ROUTE;TWO-WAY,NOT DIVIDED;SMOOTH ASPHALT;DRY;DAYLIGHT;CLOUDY;NO CONTROL PRESENT;;;-78.783206;35.791802;;;0;0;;;NONE;;NONE;;PASSENGER CAR;SPORT UTILITY;;;;NO;7530;2017-08-07;1:15:25 PM;2017-08-07T17:15:25+00:00;;2017;No;No;8;NONE;NONE,NONE;NONE,NONE;PASSENGER CAR,SPORT UTILITY;PASSENGER CAR,SPORT UTILITY;PASSENGER CAR,SPORT UTILITY;PASSENGER CAR,SPORT UTILITY
41420;249 FEET FROM P.P. (1529 ONYX CREEK DR);DRIVEWAY, PRIVATE;STRAIGHT,LEVEL;PRIVATE ROAD,DRIVEWAY;TWO-WAY,NOT DIVIDED;CONCRETE;DRY;DAYLIGHT;CLEAR;NO CONTROL PRESENT;;;-78.7925;35.6987;;;0;0;;;NONE;;NONE;;SPORT UTILITY;;;;;NO;17798;2019-08-31;3:00:51 PM;2019-08-31T19:00:51+00:00;;2019;No;No;8;NONE;NONE,NONE;NONE,NONE;SPORT UTILITY;SPORT UTILITY;SPORT UTILITY;SPORT UTILITY
30159;CARY;T-INTERSECTION;STRAIGHT,GRADE;STATE SECONDARY ROUTE;TWO-WAY,NOT DIVIDED;SMOOTH ASPHALT;DRY;DAYLIGHT;CLOUDY;STOP SIGN;;;-78.793;35.7834;;;0;0;;;NONE;;NONE;;PASSENGER CAR;VAN;;;;NO;7532;2017-08-07;6:17:13 PM;2017-08-07T22:17:13+00:00;;2017;No;No;8;NONE;NONE,NONE;NONE,NONE;PASSENGER CAR,VAN;PASSENGER CAR,VAN;PASSENGER CAR,VAN;PASSENGER CAR,VAN
41422;CARY;FOUR-WAY INTERSECTION;STRAIGHT,LEVEL;STATE SECONDARY ROUTE;TWO-WAY,DIVIDED,UNPROTECTED MEDIAN;SMOOTH ASPHALT;DRY;DAYLIGHT;CLEAR;STOP AND GO SIGNAL;;;-78.776178;35.741312;;;0;0;1;;NONE;;NONE;;SPORT UTILITY;SPORT UTILITY;;;;NO;17800;2019-08-29;6:24:16 PM;2019-08-29T22:24:16+00:00;;2019;No;No;8;NONE;NONE,NONE;NONE,NONE;SPORT UTILITY,SPORT UTILITY;SPORT UTILITY,SPORT UTILITY;SPORT UTILITY,SPORT UTILITY;SPORT UTILITY,SPORT UTILITY
30167;350 FEET FROM SUTTONS WALK DR;NO SPECIAL FEATURE;STRAIGHT,LEVEL;PRIVATE ROAD,DRIVEWAY;TWO-WAY,NOT DIVIDED;SMOOTH ASPHALT;DRY;DAYLIGHT;CLOUDY;NO CONTROL PRESENT;35.811638752;-78.81386898;-78.8128;35.8116;P021;111;0;0;;;;;NONE;;PASSENGER CAR;VAN;;;;CONSTRUCTION WORK AREA;7540;2017-08-08;3:24:14 PM;2017-08-08T19:24:14+00:00;35.811638752, -78.81386898;2017;No;No;8;;NONE;NONE;PASSENGER CAR,VAN;PASSENGER CAR,VAN;PASSENGER CAR,VAN;PASSENGER CAR,VAN
41427;CARY;NO SPECIAL FEATURE;STRAIGHT,LEVEL;STATE SECONDARY ROUTE;TWO-WAY,DIVIDED,UNPROTECTED MEDIAN;SMOOTH ASPHALT;DRY;DAYLIGHT;CLEAR;STOP AND GO SIGNAL;;;-78.7804;35.7579;;112;0;0;;;NONE;;NONE;;PASSENGER CAR;SPORT UTILITY;;;;NO;17805;2019-08-30;12:55 PM;2019-08-30T16:55:00+00:00;;2019;No;No;8;NONE;NONE,NONE;NONE,NONE;PASSENGER CAR,SPORT UTILITY;PASSENGER CAR,SPORT UTILITY;PASSENGER CAR,SPORT UTILITY;PASSENGER CAR,SPORT UTILITY
30169;CARY;FOUR-WAY INTERSECTION;STRAIGHT,LEVEL;LOCAL STREET;TWO-WAY,DIVIDED,UNPROTECTED MEDIAN;SMOOTH ASPHALT;WET;DAYLIGHT;CLOUDY;STOP AND GO SIGNAL;;;;35.78;;;0;0;;;NONE;;NONE;;PASSENGER CAR;PASSENGER CAR;;;;NO;7542;2017-08-08;1:08:15 PM;2017-08-08T17:08:15+00:00;;2017;No;No;8;NONE;NONE,NONE;NONE,NONE;PASSENGER CAR,PASSENGER CAR;PASSENGER CAR,PASSENGER CAR;PASSENGER CAR,PASSENGER CAR;PASSENGER CAR,PASSENGER CAR
41428;50 FEET FROM NC 54 (CHAPEL HILL RD);NO SPECIAL FEATURE;STRAIGHT,LEVEL;NC ROUTE;TWO-WAY,NOT DIVIDED;SMOOTH ASPHALT;DRY;DAYLIGHT;CLEAR;NO CONTROL PRESENT;;;-78.80445;35.802393;;;0;0;1;;NONE;;NONE;;SPORT UTILITY;VAN;;;;NO;17806;2019-09-02;4:04:12 PM;2019-09-02T20:04:12+00:00;;2019;No;No;9;NONE;NONE,NONE;NONE,NONE;SPORT UTILITY,VAN;SPORT UTILITY,VAN;SPORT UTILITY,VAN;SPORT UTILITY,VAN
30177;250 FEET FROM 1961 HIGH HOUSE RD;DRIVEWAY, PUBLIC;STRAIGHT,LEVEL;PUBLIC VEHICULAR AREA;TWO-WAY,NOT DIVIDED;COARSE ASPHALT;DRY;DAYLIGHT;CLOUDY;NO CONTROL PRESENT;35.783208829;-78.79436639;-78.851319;35.78981;P036;114;0;0;;;NONE;;NONE;;;PASSENGER CAR;;;;NO;7550;2017-08-08;7:32:42 AM;2017-08-08T11:32:42+00:00;35.783208829, -78.79436639;2017;No;No;8;NONE;NONE,NONE;NONE,NONE;PASSENGER CAR;PASSENGER CAR;PASSENGER CAR;PASSENGER CAR
41434;.1 MILES FROM US 1 EXIT 98 RAMP SB;OFF-RAMP ENTRY;CURVE,GRADE;US ROUTE;ONE-WAY,NOT DIVIDED;SMOOTH ASPHALT;DRY;DUSK;CLEAR;STOP AND GO SIGNAL;35.739288506;-78.7894014;-78.7951;35.7381;P042;115;0;0;;;NONE;;NONE;;PASSENGER CAR;PASSENGER CAR;;;;NO;17812;2019-08-30;7:19:35 PM;2019-08-30T23:19:35+00:00;35.739288506, -78.7894014;2019;No;No;8;NONE;NONE,NONE;NONE,NONE;PASSENGER CAR,PASSENGER CAR;PASSENGER CAR,PASSENGER CAR;PASSENGER CAR,PASSENGER CAR;PASSENGER CAR,PASSENGER CAR
30180;350 FEET FROM SR 1011 (E CHATHAM ST);RELATED TO INTERSECTION;STRAIGHT,LEVEL;STATE SECONDARY ROUTE;TWO-WAY,DIVIDED,UNPROTECTED MEDIAN;SMOOTH ASPHALT;WET;DAYLIGHT;CLOUDY;STOP AND GO SIGNAL;;;-78.7631;35.792;;120;0;0;;;;;NONE;;PASSENGER CAR;SPORT UTILITY;;;;NO;7553;2017-08-09;7:47:05 AM;2017-08-09T11:47:05+00:00;;2017;No;No;8;;NONE;NONE;PASSENGER CAR,SPORT UTILITY;PASSENGER CAR,SPORT UTILITY;PASSENGER CAR,SPORT UTILITY;PASSENGER CAR,SPORT UTILITY
41436;215 FEET FROM PVA OF 1401 SR 1315 (BUCK JONE;DRIVEWAY, PUBLIC;STRAIGHT,GRADE;PUBLIC VEHICULAR AREA;TWO-WAY,NOT DIVIDED;COARSE ASPHALT;DRY;DAYLIGHT;CLEAR;NO CONTROL PRESENT;;;-78.743526;35.7641321;;;0;0;;;NONE;;NONE;;PASSENGER CAR;PICKUP;;;;NO;17814;2019-08-30;2:49:00 PM;2019-08-30T18:49:00+00:00;;2019;No;No;8;NONE;NONE,NONE;NONE,NONE;PASSENGER CAR,PICKUP;PASSENGER CAR,PICKUP;PASSENGER CAR,PICKUP;PASSENGER CAR,PICKUP
30183;200 FEET FROM NC HWY 55;NO SPECIAL FEATURE;STRAIGHT,LEVEL;NC ROUTE;TWO-WAY,NOT DIVIDED;SMOOTH ASPHALT;WET;DAYLIGHT;CLEAR;STOP AND GO SIGNAL;;;-78.8783;35.8308;;;0;0;1;;NONE;;NONE;;PASSENGER CAR;PASSENGER CAR;PASSENGER CAR;;;NO;7556;2017-08-09;6:46:31 AM;2017-08-09T10:46:31+00:00;;2017;No;No;8;NONE;NONE,NONE;NONE,NONE;PASSENGER CAR,PASSENGER CAR;PASSENGER CAR,PASSENGER CAR,PASSENGER CAR;PASSENGER CAR,PASSENGER CAR,PASSENGER CAR;PASSENGER CAR,PASSENGER CAR,PASSENGER CAR
41451;70 FEET FROM SR 1415 (SE MAYNARD RD);NO SPECIAL FEATURE;STRAIGHT,LEVEL;STATE SECONDARY ROUTE;TWO-WAY,NOT DIVIDED;SMOOTH ASPHALT;DRY;DAYLIGHT;CLEAR;NO CONTROL PRESENT;;;-78.7747;35.7676;;;0;0;;;NONE;;NONE;;PICKUP;PASSENGER CAR;;;;NO;17829;2019-09-03;8:40:24 AM;2019-09-03T12:40:24+00:00;;2019;No;No;9;NONE;NONE,NONE;NONE,NONE;PICKUP,PASSENGER CAR;PICKUP,PASSENGER CAR;PICKUP,PASSENGER CAR;PICKUP,PASSENGER CAR
30185;30 FEET FROM SR 1009 (TRYON RD.);FOUR-WAY INTERSECTION;STRAIGHT,GRADE;STATE SECONDARY ROUTE;TWO-WAY,DIVIDED,UNPROTECTED MEDIAN;SMOOTH ASPHALT;DRY;DAYLIGHT;CLEAR;STOP AND GO SIGNAL;;;-78.7623;35.7436;;118;0;0;;;NONE;;NONE;;PICKUP;PASSENGER CAR;;;;NO;7558;2017-08-09;3:11:48 PM;2017-08-09T19:11:48+00:00;;2017;No;No;8;NONE;NONE,NONE;NONE,NONE;PICKUP,PASSENGER CAR;PICKUP,PASSENGER CAR;PICKUP,PASSENGER CAR;PICKUP,PASSENGER CAR
41454;5 FEET FROM SR 3081 (CHAPEL HILL RD);;;;;;;;;;;;;;;;0;0;2;;;;;;PASSENGER CAR;;;;;;17832;2019-08-28;11:12 PM;2019-08-29T03:12:00+00:00;;2019;No;No;8;;;;PASSENGER CAR;PASSENGER CAR;PASSENGER CAR;PASSENGER CAR
30193;15 FEET FROM SR 1011 E CHATHAM ST;NO SPECIAL FEATURE;STRAIGHT,LEVEL;STATE SECONDARY ROUTE;TWO-WAY,NOT DIVIDED;SMOOTH ASPHALT;WET;DAYLIGHT;CLOUDY;STOP AND GO SIGNAL;;;-78.7649;35.7921;;;0;2;3;;NONE;;NONE;;PASSENGER CAR;PASSENGER CAR;SPORT UTILITY;;;NO;7566;2017-08-08;9:05:48 AM;2017-08-08T13:05:48+00:00;;2017;No;Yes;8;NONE;NONE,NONE;NONE,NONE;PASSENGER CAR,PASSENGER CAR;PASSENGER CAR,PASSENGER CAR,SPORT UTILITY;PASSENGER CAR,PASSENGER CAR,SPORT UTILITY;PASSENGER CAR,PASSENGER CAR,SPORT UTILITY
41462;0.15 MILES FROM NC 55 HWY;DRIVEWAY, PUBLIC;STRAIGHT,GRADE;NC ROUTE;TWO-WAY,DIVIDED,UNPROTECTED MEDIAN;SMOOTH ASPHALT;DRY;DAYLIGHT;CLEAR;STOP SIGN;35.787741693;-78.8708349;-78.8711;35.7858;P118;117;0;5;3;;NONE;;NONE;;SPORT UTILITY;PASSENGER CAR;;;;NO;17840;2019-09-03;4:11:28 PM;2019-09-03T20:11:28+00:00;35.787741693, -78.8708349;2019;No;Yes;9;NONE;NONE,NONE;NONE,NONE;SPORT UTILITY,PASSENGER CAR;SPORT UTILITY,PASSENGER CAR;SPORT UTILITY,PASSENGER CAR;SPORT UTILITY,PASSENGER CAR
30195;200 FEET FROM SR 3977 (NW CARY PARKWAY);NO SPECIAL FEATURE;STRAIGHT,LEVEL;STATE SECONDARY ROUTE;TWO-WAY,DIVIDED,UNPROTECTED MEDIAN;SMOOTH ASPHALT;DRY;DAYLIGHT;CLEAR;NO CONTROL PRESENT;;;-78.827155;35.789648;;;0;0;1;;NONE;;NONE;;PICKUP;SPORT UTILITY;;;;NO;7568;2017-08-10;1:44:24 PM;2017-08-10T17:44:24+00:00;;2017;No;No;8;NONE;NONE,NONE;NONE,NONE;PICKUP,SPORT UTILITY;PICKUP,SPORT UTILITY;PICKUP,SPORT UTILITY;PICKUP,SPORT UTILITY
41465;200 FEET FROM US 1;NO SPECIAL FEATURE;STRAIGHT,LEVEL;US ROUTE;TWO-WAY,DIVIDED,POSITIVE MEDIAN BARRIER;SMOOTH ASPHALT;DRY;DAYLIGHT;CLEAR;NO CONTROL PRESENT;;;-78.740475;35.764501;;;0;0;;;NONE;;NONE;;PASSENGER CAR;PASSENGER CAR;;;;NO;17843;2019-09-04;6:20:46 PM;2019-09-04T22:20:46+00:00;;2019;No;No;9;NONE;NONE,NONE;NONE,NONE;PASSENGER CAR,PASSENGER CAR;PASSENGER CAR,PASSENGER CAR;PASSENGER CAR,PASSENGER CAR;PASSENGER CAR,PASSENGER CAR
30207;.1 MILES FROM PVA SR 3073(1273 SW MAYNARD RD;NO SPECIAL FEATURE;STRAIGHT,HILLCREST;PUBLIC VEHICULAR AREA;TWO-WAY,NOT DIVIDED;COARSE ASPHALT;DRY;DAYLIGHT;CLEAR;NO CONTROL PRESENT;;;-78.8119;35.7847;;114;0;0;;;;;NONE;;PASSENGER CAR;PASSENGER CAR;;;;NO;7580;2017-08-11;11:26 AM;2017-08-11T15:26:00+00:00;;2017;No;No;8;;NONE;NONE;PASSENGER CAR,PASSENGER CAR;PASSENGER CAR,PASSENGER CAR;PASSENGER CAR,PASSENGER CAR;PASSENGER CAR,PASSENGER CAR
41475;80 FEET FROM SR 1009 (TRYON RD);RELATED TO INTERSECTION;STRAIGHT,GRADE;STATE SECONDARY ROUTE;TWO-WAY,DIVIDED,UNPROTECTED MEDIAN;SMOOTH ASPHALT;DRY;DAYLIGHT;CLEAR;STOP AND GO SIGNAL;;;-78.754705;35.745569;;118;0;0;1;;NONE;;NONE;;PICKUP;PASSENGER CAR;;;;NO;17853;2019-09-04;5:48:17 PM;2019-09-04T21:48:17+00:00;;2019;No;No;9;NONE;NONE,NONE;NONE,NONE;PICKUP,PASSENGER CAR;PICKUP,PASSENGER CAR;PICKUP,PASSENGER CAR;PICKUP,PASSENGER CAR
30208;15 FEET FROM SR 1011 (E CHATHAM ST);NO SPECIAL FEATURE;STRAIGHT,LEVEL;STATE SECONDARY ROUTE;TWO-WAY,DIVIDED,UNPROTECTED MEDIAN;SMOOTH ASPHALT;DRY;DAYLIGHT;CLEAR;NO CONTROL PRESENT;;;-78.7814;35.7873;;114;0;0;;;;;NONE;;SPORT UTILITY;;;;;NO;7581;2017-08-11;12:06 PM;2017-08-11T16:06:00+00:00;;2017;No;No;8;;NONE;NONE;SPORT UTILITY;SPORT UTILITY;SPORT UTILITY;SPORT UTILITY
41479;70 FEET FROM SR 1011 (OLD APEX RD);T-INTERSECTION;STRAIGHT,LEVEL;STATE SECONDARY ROUTE;TWO-WAY,NOT DIVIDED;SMOOTH ASPHALT;DRY;DAYLIGHT;CLEAR;NO CONTROL PRESENT;;;-78.8201;35.7626;;;0;0;;;NONE;;NONE;;PASSENGER CAR;;;;;NO;17857;2019-09-04;10:38 AM;2019-09-04T14:38:00+00:00;;2019;No;No;9;NONE;NONE,NONE;NONE,NONE;PASSENGER CAR;PASSENGER CAR;PASSENGER CAR;PASSENGER CAR
30213;30 FEET FROM PVA 1807 KILDAIRE FARM RD;DRIVEWAY, PUBLIC;STRAIGHT,LEVEL;PUBLIC VEHICULAR AREA;ONE-WAY,NOT DIVIDED;SMOOTH ASPHALT;DRY;DARK - LIGHTED ROADWAY;CLEAR;NO CONTROL PRESENT;;;-78.779789;35.741797;;;0;0;;;NONE;;NONE;;FIRETRUCK;;;;;NO;7586;2017-08-12;7:05:28 PM;2017-08-12T23:05:28+00:00;;2017;No;No;8;NONE;NONE,NONE;NONE,NONE;FIRETRUCK;FIRETRUCK;FIRETRUCK;FIRETRUCK
41482;CARY;OFF-RAMP PROPER;CURVE,GRADE;US ROUTE;TWO-WAY,DIVIDED,POSITIVE MEDIAN BARRIER;COARSE ASPHALT;;DAYLIGHT;CLEAR;STOP AND GO SIGNAL;;;-78.794434;35.737979;;;0;3;1;;NONE;;NONE;;PASSENGER CAR;PICKUP;;;;NO;17860;2019-09-04;1:33:34 PM;2019-09-04T17:33:34+00:00;;2019;No;Yes;9;NONE;NONE,NONE;NONE,NONE;PASSENGER CAR,PICKUP;PASSENGER CAR,PICKUP;PASSENGER CAR,PICKUP;PASSENGER CAR,PICKUP
30217;CARY;T-INTERSECTION;STRAIGHT,LEVEL;STATE SECONDARY ROUTE;TWO-WAY,NOT DIVIDED;SMOOTH ASPHALT;DRY;DAYLIGHT;CLEAR;STOP SIGN;;;-78.80612;35.775429;;;0;0;;;NONE;;NONE;;PASSENGER CAR;PASSENGER CAR;;;;NO;7590;2017-08-11;1:31:31 PM;2017-08-11T17:31:31+00:00;;2017;No;No;8;NONE;NONE,NONE;NONE,NONE;PASSENGER CAR,PASSENGER CAR;PASSENGER CAR,PASSENGER CAR;PASSENGER CAR,PASSENGER CAR;PASSENGER CAR,PASSENGER CAR
41484;.25 MILES FROM SR 1300 (KILDAIRE FARM RD);NO SPECIAL FEATURE;STRAIGHT,LEVEL;STATE SECONDARY ROUTE;TWO-WAY,DIVIDED,POSITIVE MEDIAN BARRIER;SMOOTH ASPHALT;DRY;DAYLIGHT;CLEAR;NO CONTROL PRESENT;;;-78.777293;35.726011;;;0;1;1;;NONE;;NONE;;VAN;PASSENGER CAR;;;;NO;17862;2019-09-04;5:53:11 PM;2019-09-04T21:53:11+00:00;;2019;No;Yes;9;NONE;NONE,NONE;NONE,NONE;VAN,PASSENGER CAR;VAN,PASSENGER CAR;VAN,PASSENGER CAR;VAN,PASSENGER CAR
30220;20 FEET FROM I40 EXIT 287 RAMP EB;OFF-RAMP TERMINAL ON CROSSROAD;STRAIGHT,LEVEL;INTERSTATE;ONE-WAY,NOT DIVIDED;SMOOTH ASPHALT;DRY;DAYLIGHT;CLOUDY;STOP AND GO SIGNAL;;;-78.765;35.8314;;;0;0;;;NONE;;NONE;;PICKUP;PASSENGER CAR;;;;NO;7593;2017-08-11;3:42:44 PM;2017-08-11T19:42:44+00:00;;2017;No;No;8;NONE;NONE,NONE;NONE,NONE;PICKUP,PASSENGER CAR;PICKUP,PASSENGER CAR;PICKUP,PASSENGER CAR;PICKUP,PASSENGER CAR
41485;.1 MILES FROM 1 HWY;NO SPECIAL FEATURE;STRAIGHT,LEVEL;US ROUTE;TWO-WAY,DIVIDED,POSITIVE MEDIAN BARRIER;GROOVED CONCRETE;WATER (STANDING, MOVING);DARK - LIGHTED ROADWAY;RAIN;NO CONTROL PRESENT;;;-78.795259;35.735889;;116;0;0;;;NONE;;NONE;;SPORT UTILITY;PASSENGER CAR;;;;NO;17863;2019-09-05;10:00 PM;2019-09-06T02:00:00+00:00;;2019;No;No;9;NONE;NONE,NONE;NONE,NONE;SPORT UTILITY,PASSENGER CAR;SPORT UTILITY,PASSENGER CAR;SPORT UTILITY,PASSENGER CAR;SPORT UTILITY,PASSENGER CAR
30226;100 FEET FROM PVA 1809 WALNUT ST;NO SPECIAL FEATURE;STRAIGHT,LEVEL;PUBLIC VEHICULAR AREA;TWO-WAY,NOT DIVIDED;SMOOTH ASPHALT;DRY;DAYLIGHT;CLEAR;NO CONTROL PRESENT;;;-78.7428;35.7602;;;0;0;1;;;;NONE;;PASSENGER CAR;SPORT UTILITY;;;;NO;7599;2017-08-13;6:22:13 PM;2017-08-13T22:22:13+00:00;;2017;No;No;8;;NONE;NONE;PASSENGER CAR,SPORT UTILITY;PASSENGER CAR,SPORT UTILITY;PASSENGER CAR,SPORT UTILITY;PASSENGER CAR,SPORT UTILITY
41498;410 FEET FROM P.V.A. (3901 GATEWAY CENTRE BL;NO SPECIAL FEATURE;STRAIGHT,LEVEL;PUBLIC VEHICULAR AREA;TWO-WAY,NOT DIVIDED;SMOOTH ASPHALT;DRY;DAYLIGHT;CLOUDY;NO CONTROL PRESENT;;;-78.8004;35.8486;;;0;0;;;NONE;;NONE;;;;;;;NO;17876;2019-09-05;9:43:51 AM;2019-09-05T13:43:51+00:00;;2019;No;No;9;NONE;NONE,NONE;NONE,NONE;;;;
30232;100 FEET FROM PVA 2303 NW MAYNARD RD;NO SPECIAL FEATURE;STRAIGHT,LEVEL;PUBLIC VEHICULAR AREA;TWO-WAY,NOT DIVIDED;SMOOTH ASPHALT;DRY;DAYLIGHT;CLOUDY;NO CONTROL PRESENT;;;-78.7855;35.8029;;;0;0;;;;;NONE;;PASSENGER CAR;SPORT UTILITY;;;;NO;7605;2017-08-13;12:55 PM;2017-08-13T16:55:00+00:00;;2017;No;No;8;;NONE;NONE;PASSENGER CAR,SPORT UTILITY;PASSENGER CAR,SPORT UTILITY;PASSENGER CAR,SPORT UTILITY;PASSENGER CAR,SPORT UTILITY
41522;15 FEET FROM P.V.A. (1048 PARKSIDE MAIN ST);NO SPECIAL FEATURE;STRAIGHT,LEVEL;PUBLIC VEHICULAR AREA;TWO-WAY,NOT DIVIDED;SMOOTH ASPHALT;DRY;DAYLIGHT;CLEAR;STOP SIGN;;;-78.8886;35.847;;;0;0;2;;NONE;;NONE;;PASSENGER CAR;LIGHT TRUCK (MINI-VAN- PANEL);;;;NO;17900;2019-09-07;1:54:48 PM;2019-09-07T17:54:48+00:00;;2019;No;No;9;NONE;NONE,NONE;NONE,NONE;PASSENGER CAR,LIGHT TRUCK (MINI-VAN- PANEL);PASSENGER CAR,LIGHT TRUCK (MINI-VAN- PANEL);PASSENGER CAR,LIGHT TRUCK (MINI-VAN- PANEL);PASSENGER CAR,LIGHT TRUCK (MINI-VAN- PANEL)
30233;CARY;NO SPECIAL FEATURE;STRAIGHT,LEVEL;PUBLIC VEHICULAR AREA;TWO-WAY,NOT DIVIDED;SMOOTH ASPHALT;DRY;DAYLIGHT;CLEAR;NO CONTROL PRESENT;35.760447481;-78.6302219;-78.7684;35.8012;P119;RALW;0;0;;;;;NONE;;PASSENGER CAR;PASSENGER CAR;;;;NO;7606;2017-08-13;3:16:02 PM;2017-08-13T19:16:02+00:00;35.760447481, -78.6302219;2017;No;No;8;;NONE;NONE;PASSENGER CAR,PASSENGER CAR;PASSENGER CAR,PASSENGER CAR;PASSENGER CAR,PASSENGER CAR;PASSENGER CAR,PASSENGER CAR
41524;.11 MILES FROM US 64 HWY;Y-INTERSECTION;STRAIGHT,LEVEL;US ROUTE;TWO-WAY,DIVIDED,UNPROTECTED MEDIAN;SMOOTH ASPHALT;DRY;DARK - ROADWAY NOT LIGHTED;CLEAR;STOP AND GO SIGNAL;35.737208864;-78.79086044;-78.795;35.738;P042;115;0;0;1;;NONE;;NONE;;SPORT UTILITY;PASSENGER CAR;;;;NO;17902;2019-09-08;11:56 PM;2019-09-09T03:56:00+00:00;35.737208864, -78.79086044;2019;No;No;9;NONE;NONE,NONE;NONE,NONE;SPORT UTILITY,PASSENGER CAR;SPORT UTILITY,PASSENGER CAR;SPORT UTILITY,PASSENGER CAR;SPORT UTILITY,PASSENGER CAR
30243;0 FEET FROM SR 1435 OLD RALEIGH RD;FOUR-WAY INTERSECTION;STRAIGHT,HILLCREST;STATE SECONDARY ROUTE;TWO-WAY,NOT DIVIDED;SMOOTH ASPHALT;DRY;DAYLIGHT;CLEAR;STOP AND GO SIGNAL;;;-78.80984;35.738792;;;0;1;1;;NONE;;NONE;;PICKUP;SPORT UTILITY;;;;NO;7616;2017-08-09;4:41:35 PM;2017-08-09T20:41:35+00:00;;2017;No;Yes;8;NONE;NONE,NONE;NONE,NONE;PICKUP,SPORT UTILITY;PICKUP,SPORT UTILITY;PICKUP,SPORT UTILITY;PICKUP,SPORT UTILITY
41530;75 FEET FROM 251 CROSSROADS BLVD;NO SPECIAL FEATURE;STRAIGHT,LEVEL;PUBLIC VEHICULAR AREA;TWO-WAY,NOT DIVIDED;SMOOTH ASPHALT;DRY;DAYLIGHT;CLEAR;NO CONTROL PRESENT;;;-78.732893;35.757711;;;0;0;2;;NONE;;NONE;;PASSENGER CAR;PICKUP;;;;NO;17908;2019-09-07;3:21:45 PM;2019-09-07T19:21:45+00:00;;2019;No;No;9;NONE;NONE,NONE;NONE,NONE;PASSENGER CAR,PICKUP;PASSENGER CAR,PICKUP;PASSENGER CAR,PICKUP;PASSENGER CAR,PICKUP
30245;CARY;NO SPECIAL FEATURE;STRAIGHT,LEVEL;LOCAL STREET;TWO-WAY,NOT DIVIDED;SMOOTH ASPHALT;DRY;DAYLIGHT;CLEAR;NO CONTROL PRESENT;35.836345723;-78.85064164;-78.8506;35.8363;P011;121;0;0;1;1;DARTING;;NONE;;PASSENGER CAR;;;;;NO;7618;2017-08-14;12:24 AM;2017-08-14T04:24:00+00:00;35.836345723, -78.85064164;2017;No;No;8;DARTING;DARTING,NONE;DARTING,NONE;PASSENGER CAR;PASSENGER CAR;PASSENGER CAR;PASSENGER CAR
41538;300 FEET FROM P.V.A. 2458 SW CARY PKWY;NO SPECIAL FEATURE;STRAIGHT,LEVEL;PUBLIC VEHICULAR AREA;TWO-WAY,NOT DIVIDED;SMOOTH ASPHALT;DRY;DAYLIGHT;CLEAR;NO CONTROL PRESENT;;;-78.8211;35.7632;;117;0;0;;;NONE;;NONE;;PASSENGER CAR;;;;;NO;17916;2019-09-08;3:36:09 PM;2019-09-08T19:36:09+00:00;;2019;No;No;9;NONE;NONE,NONE;NONE,NONE;PASSENGER CAR;PASSENGER CAR;PASSENGER CAR;PASSENGER CAR
30246;.1 MILES FROM NC-54 (CHAPEL HILL RD);NO SPECIAL FEATURE;STRAIGHT,LEVEL;NC ROUTE;TWO-WAY,DIVIDED,UNPROTECTED MEDIAN;SMOOTH ASPHALT;DRY;DAYLIGHT;CLEAR;NO CONTROL PRESENT;;;-78.8071;35.805;;;0;0;1;;NONE;;NONE;;PASSENGER CAR;PASSENGER CAR;;;;NO;7619;2017-08-14;6:27:40 PM;2017-08-14T22:27:40+00:00;;2017;No;No;8;NONE;NONE,NONE;NONE,NONE;PASSENGER CAR,PASSENGER CAR;PASSENGER CAR,PASSENGER CAR;PASSENGER CAR,PASSENGER CAR;PASSENGER CAR,PASSENGER CAR
41557;CARY;FOUR-WAY INTERSECTION;STRAIGHT,LEVEL;STATE SECONDARY ROUTE;TWO-WAY,DIVIDED,UNPROTECTED MEDIAN;SMOOTH ASPHALT;DRY;DAYLIGHT;CLEAR;STOP AND GO SIGNAL;;;-78.78165;35.771177;;;0;0;;;NONE;;NONE;;PASSENGER CAR;PASSENGER CAR;;;;NO;17935;2019-09-10;12:04 PM;2019-09-10T16:04:00+00:00;;2019;No;No;9;NONE;NONE,NONE;NONE,NONE;PASSENGER CAR,PASSENGER CAR;PASSENGER CAR,PASSENGER CAR;PASSENGER CAR,PASSENGER CAR;PASSENGER CAR,PASSENGER CAR
30248;CARY;OFF-RAMP PROPER;STRAIGHT,LEVEL;US ROUTE;ONE-WAY,NOT DIVIDED;SMOOTH ASPHALT;DRY;DAYLIGHT;CLOUDY;STOP AND GO SIGNAL;;;-78.794729;35.738034;;;0;0;2;;NONE;;NONE;;SPORT UTILITY;PASSENGER CAR;;;;NO;7621;2017-08-15;8:30:25 AM;2017-08-15T12:30:25+00:00;;2017;No;No;8;NONE;NONE,NONE;NONE,NONE;SPORT UTILITY,PASSENGER CAR;SPORT UTILITY,PASSENGER CAR;SPORT UTILITY,PASSENGER CAR;SPORT UTILITY,PASSENGER CAR