tamainid;location_description;rdfeature;rdcharacter;rdclass;rdconfigur;rdsurface;rdcondition;lightcond;weather;trafcontrl;lat;lon;lon2;lat2;tract;zone;fatality;possblinj;numpassengers;numpedestrians;contrcir1_desc;contrcir2_desc;contrcir3_desc;contrcir4_desc;vehicle1;vehicle2;vehicle3;vehicle4;vehicle5;workarea;records;ta_date;ta_time;crash_date;geo_location;year;fatalities;injuries;month;contrfact1;contrfact2;contributing_factor;vehicleconcat1;vehicleconcat2;vehicleconcat3;vehicle_type
41638;.10 MILES FROM US 64;NO SPECIAL FEATURE;STRAIGHT,LEVEL;US ROUTE;TWO-WAY,DIVIDED,UNPROTECTED MEDIAN;SMOOTH ASPHALT;DRY;DAYLIGHT;CLEAR;NO CONTROL PRESENT;;;-78.8162;35.7428;;;0;0;;;NONE;;NONE;;PASSENGER CAR;PASSENGER CAR;;;;NO;18016;2019-09-16;8:47:45 AM;2019-09-16T12:47:45+00:00;;2019;No;No;9;NONE;NONE,NONE;NONE,NONE;PASSENGER CAR,PASSENGER CAR;PASSENGER CAR,PASSENGER CAR;PASSENGER CAR,PASSENGER CAR;PASSENGER CAR,PASSENGER CAR
30374;20 FEET FROM US 1;OFF-RAMP TERMINAL ON CROSSROAD;CURVE,BOTTOM (SAG);US ROUTE;TWO-WAY,DIVIDED,POSITIVE MEDIAN BARRIER;SMOOTH ASPHALT;DRY;DAYLIGHT;CLEAR;STOP AND GO SIGNAL;;;-78.7936;35.7381;;;0;0;;;NONE;;NONE;;PASSENGER CAR;PASSENGER CAR;;;;NO;7747;2017-08-23;7:27:18 PM;2017-08-23T23:27:18+00:00;;2017;No;No;8;NONE;NONE,NONE;NONE,NONE;PASSENGER CAR,PASSENGER CAR;PASSENGER CAR,PASSENGER CAR;PASSENGER CAR,PASSENGER CAR;PASSENGER CAR,PASSENGER CAR
41639;.11 MILES FROM US 64;NO SPECIAL FEATURE;STRAIGHT,LEVEL;US ROUTE;TWO-WAY,DIVIDED,UNPROTECTED MEDIAN;SMOOTH ASPHALT;DRY;DAYLIGHT;CLEAR;NO CONTROL PRESENT;;;-78.8158;35.7383;;;0;2;2;;NONE;;NONE;;SPORT UTILITY;VAN;;;;NO;18017;2019-09-16;8:31:45 AM;2019-09-16T12:31:45+00:00;;2019;No;Yes;9;NONE;NONE,NONE;NONE,NONE;SPORT UTILITY,VAN;SPORT UTILITY,VAN;SPORT UTILITY,VAN;SPORT UTILITY,VAN
30377;100 FEET FROM SR 1009 TRYON RD;NO SPECIAL FEATURE;STRAIGHT,LEVEL;STATE SECONDARY ROUTE;TWO-WAY,DIVIDED,UNPROTECTED MEDIAN;SMOOTH ASPHALT;DRY;DAYLIGHT;CLEAR;NO CONTROL PRESENT;;;-78.778748;35.740455;;;0;0;;1;OTHER *;;NONE;;PASSENGER CAR;;;;;MAINTENANCE WORK AREA;7750;2017-08-24;10:10 AM;2017-08-24T14:10:00+00:00;;2017;No;No;8;OTHER *;OTHER *,NONE;OTHER *,NONE;PASSENGER CAR;PASSENGER CAR;PASSENGER CAR;PASSENGER CAR
41641;135 FEET FROM US 64 ON RAMP TO US 1;ON-RAMP PROPER;CURVE,GRADE;US ROUTE;ONE-WAY,NOT DIVIDED;SMOOTH ASPHALT;DRY;DAYLIGHT;CLEAR;YIELD SIGN;;;-78.7956;35.7373;;;0;0;;;NONE;;NONE;;SPORT UTILITY;PASSENGER CAR;;;;NO;18019;2019-09-16;8:16:39 AM;2019-09-16T12:16:39+00:00;;2019;No;No;9;NONE;NONE,NONE;NONE,NONE;SPORT UTILITY,PASSENGER CAR;SPORT UTILITY,PASSENGER CAR;SPORT UTILITY,PASSENGER CAR;SPORT UTILITY,PASSENGER CAR
30382;.6 MILES FROM US 1 HWY;NO SPECIAL FEATURE;STRAIGHT,LEVEL;US ROUTE;TWO-WAY,DIVIDED,POSITIVE MEDIAN BARRIER;CONCRETE;DRY;DAYLIGHT;CLEAR;NO CONTROL PRESENT;;;-78.755194;35.756991;;;0;1;;;NONE;;NONE;;PASSENGER CAR;SPORT UTILITY;;;;NO;7755;2017-08-24;8:08:51 AM;2017-08-24T12:08:51+00:00;;2017;No;Yes;8;NONE;NONE,NONE;NONE,NONE;PASSENGER CAR,SPORT UTILITY;PASSENGER CAR,SPORT UTILITY;PASSENGER CAR,SPORT UTILITY;PASSENGER CAR,SPORT UTILITY
41643;160 FEET FROM SR 1300 (KILDAIRE FARM RD);NO SPECIAL FEATURE;STRAIGHT,LEVEL;STATE SECONDARY ROUTE;TWO-WAY,NOT DIVIDED;SMOOTH ASPHALT;DRY;DAYLIGHT;CLEAR;NO CONTROL PRESENT;;;-78.7831;35.7584;;;0;0;2;;NONE;;FAILURE TO YIELD RIGHT OF WAY;;PASSENGER CAR;VAN;;;;INTERMITTENT/MOVING WORK (E.G. PATCHING POTHO;18021;2019-09-17;10:54 AM;2019-09-17T14:54:00+00:00;;2019;No;No;9;NONE;NONE,FAILURE TO YIELD RIGHT OF WAY;NONE,FAILURE TO YIELD RIGHT OF WAY;PASSENGER CAR,VAN;PASSENGER CAR,VAN;PASSENGER CAR,VAN;PASSENGER CAR,VAN
30390;100 FEET FROM SR1624 (CARPENTER FIRE STATION;;;;;;;;;;;;;;;;0;0;;;;;;;;;;;;;7763;2017-08-25;9:15:45 AM;2017-08-25T13:15:45+00:00;;2017;No;No;8;;;;;;;
41652;.25 MILES FROM P.V.A. 1200 CRESCENT GREEN;NO SPECIAL FEATURE;STRAIGHT,LEVEL;PUBLIC VEHICULAR AREA;TWO-WAY,NOT DIVIDED;SMOOTH ASPHALT;DRY;DAYLIGHT;CLEAR;NO CONTROL PRESENT;;;-78.7835;35.733;;;0;0;;;NONE;;NONE;;PASSENGER CAR;PASSENGER CAR;;;;NO;18030;2019-09-16;8:12:40 AM;2019-09-16T12:12:40+00:00;;2019;No;No;9;NONE;NONE,NONE;NONE,NONE;PASSENGER CAR,PASSENGER CAR;PASSENGER CAR,PASSENGER CAR;PASSENGER CAR,PASSENGER CAR;PASSENGER CAR,PASSENGER CAR
30393;0 FEET FROM SR 1625 (GREEN LEVEL CHURCH RD;FOUR-WAY INTERSECTION;STRAIGHT,LEVEL;STATE SECONDARY ROUTE;TWO-WAY,DIVIDED,UNPROTECTED MEDIAN;SMOOTH ASPHALT;DRY;DAYLIGHT;CLEAR;STOP AND GO SIGNAL;;;-78.9022;35.822757;;;0;1;1;;NONE;;NONE;;PASSENGER CAR;PASSENGER CAR;SPORT UTILITY;;;NO;7766;2017-08-24;10:06 AM;2017-08-24T14:06:00+00:00;;2017;No;Yes;8;NONE;NONE,NONE;NONE,NONE;PASSENGER CAR,PASSENGER CAR;PASSENGER CAR,PASSENGER CAR,SPORT UTILITY;PASSENGER CAR,PASSENGER CAR,SPORT UTILITY;PASSENGER CAR,PASSENGER CAR,SPORT UTILITY
41654;.202 MILES FROM NC 54;RELATED TO INTERSECTION;STRAIGHT,LEVEL;NC ROUTE;TWO-WAY,NOT DIVIDED;SMOOTH ASPHALT;DRY;DAYLIGHT;CLEAR;STOP AND GO SIGNAL;;;-78.822467;35.815779;;;0;0;;;NONE;;NONE;;PICKUP;SPORT UTILITY;;;;NO;18032;2019-09-17;7:50:53 PM;2019-09-17T23:50:53+00:00;;2019;No;No;9;NONE;NONE,NONE;NONE,NONE;PICKUP,SPORT UTILITY;PICKUP,SPORT UTILITY;PICKUP,SPORT UTILITY;PICKUP,SPORT UTILITY
30403;420 FEET FROM PVA 2260 WALNUT ST;FOUR-WAY INTERSECTION;STRAIGHT,LEVEL;PUBLIC VEHICULAR AREA;TWO-WAY,NOT DIVIDED;SMOOTH ASPHALT;DRY;DAYLIGHT;CLEAR;STOP SIGN;;;-78.742872;35.753115;;;0;0;2;;NONE;;NONE;;PASSENGER CAR;PASSENGER CAR;;;;NO;7776;2017-08-22;4:58:52 PM;2017-08-22T20:58:52+00:00;;2017;No;No;8;NONE;NONE,NONE;NONE,NONE;PASSENGER CAR,PASSENGER CAR;PASSENGER CAR,PASSENGER CAR;PASSENGER CAR,PASSENGER CAR;PASSENGER CAR,PASSENGER CAR
41666;20 FEET FROM SR 1349 DILLARD DR;NO SPECIAL FEATURE;STRAIGHT,LEVEL;STATE SECONDARY ROUTE;TWO-WAY,DIVIDED,POSITIVE MEDIAN BARRIER;SMOOTH ASPHALT;DRY;DAYLIGHT;CLOUDY;STOP AND GO SIGNAL;;;-78.741081;35.755773;;;0;1;;;NONE;;NONE;;SPORT UTILITY;PICKUP;;;;NO;18044;2019-09-17;6:03:01 PM;2019-09-17T22:03:01+00:00;;2019;No;Yes;9;NONE;NONE,NONE;NONE,NONE;SPORT UTILITY,PICKUP;SPORT UTILITY,PICKUP;SPORT UTILITY,PICKUP;SPORT UTILITY,PICKUP
30406;350 FEET FROM PVA OF 240 CROSSROADS BLVD;NO SPECIAL FEATURE;STRAIGHT,LEVEL;PUBLIC VEHICULAR AREA;TWO-WAY,NOT DIVIDED;COARSE ASPHALT;DRY;DAYLIGHT;CLEAR;NO CONTROL PRESENT;;;-78.7395;35.7605;;;0;1;;;NONE;;NONE;;PASSENGER CAR;SPORT UTILITY;;;;NO;7779;2017-08-26;2:43:31 PM;2017-08-26T18:43:31+00:00;;2017;No;Yes;8;NONE;NONE,NONE;NONE,NONE;PASSENGER CAR,SPORT UTILITY;PASSENGER CAR,SPORT UTILITY;PASSENGER CAR,SPORT UTILITY;PASSENGER CAR,SPORT UTILITY
41668;CARY;RELATED TO INTERSECTION;STRAIGHT,LEVEL;STATE SECONDARY ROUTE;TWO-WAY,DIVIDED,UNPROTECTED MEDIAN;SMOOTH ASPHALT;DRY;DARK - LIGHTED ROADWAY;CLEAR;STOP AND GO SIGNAL;;;-78.77189;35.69505;;;0;1;1;;NONE;;NONE;;PICKUP;PASSENGER CAR;;;;NO;18046;2019-09-17;9:01:44 PM;2019-09-18T01:01:44+00:00;;2019;No;Yes;9;NONE;NONE,NONE;NONE,NONE;PICKUP,PASSENGER CAR;PICKUP,PASSENGER CAR;PICKUP,PASSENGER CAR;PICKUP,PASSENGER CAR
30408;100 FEET FROM 105 TATE ST;NO SPECIAL FEATURE;STRAIGHT,LEVEL;LOCAL STREET;TWO-WAY,NOT DIVIDED;COARSE ASPHALT;DRY;DAYLIGHT;CLEAR;NO CONTROL PRESENT;35.786922948;-78.7626821;-78.7626;35.7868;P056;120;0;0;;;NONE;;NONE;;PASSENGER CAR;PASSENGER CAR;;;;NO;7781;2017-08-26;6:42:13 PM;2017-08-26T22:42:13+00:00;35.786922948, -78.7626821;2017;No;No;8;NONE;NONE,NONE;NONE,NONE;PASSENGER CAR,PASSENGER CAR;PASSENGER CAR,PASSENGER CAR;PASSENGER CAR,PASSENGER CAR;PASSENGER CAR,PASSENGER CAR
41672;83 FEET FROM P.P. (107 HENNIGAN DR);NO SPECIAL FEATURE;STRAIGHT,LEVEL;PRIVATE ROAD,DRIVEWAY;TWO-WAY,NOT DIVIDED;CONCRETE;DRY;DAYLIGHT;CLEAR;NO CONTROL PRESENT;;;-78.9142;35.833;;;0;0;;1;OTHER *;;NONE;;SPORT UTILITY;;;;;NO;18050;2019-09-18;5:27:50 PM;2019-09-18T21:27:50+00:00;;2019;No;No;9;OTHER *;OTHER *,NONE;OTHER *,NONE;SPORT UTILITY;SPORT UTILITY;SPORT UTILITY;SPORT UTILITY
30410;CARY;NO SPECIAL FEATURE;STRAIGHT,LEVEL;STATE SECONDARY ROUTE;TWO-WAY,DIVIDED,POSITIVE MEDIAN BARRIER;COARSE ASPHALT;DRY;DAYLIGHT;CLEAR;NO CONTROL PRESENT;;;-78.7365;35.7454;;;0;0;;;NONE;;NONE;;PASSENGER CAR;PICKUP;;;;NO;7783;2017-08-26;3:52:55 PM;2017-08-26T19:52:55+00:00;;2017;No;No;8;NONE;NONE,NONE;NONE,NONE;PASSENGER CAR,PICKUP;PASSENGER CAR,PICKUP;PASSENGER CAR,PICKUP;PASSENGER CAR,PICKUP
41675;.106 MILES FROM GRANDE MEADOW WAY;NO SPECIAL FEATURE;STRAIGHT,LEVEL;LOCAL STREET;ONE-WAY,NOT DIVIDED;SMOOTH ASPHALT;DRY;DAYLIGHT;CLEAR;NO CONTROL PRESENT;35.803043111;-78.78678742;-78.788667;35.802938;P024;111;0;0;2;;NONE;;NONE;;SPORT UTILITY;PASSENGER CAR;;;;NO;18053;2019-09-17;9:23:26 PM;2019-09-18T01:23:26+00:00;35.803043111, -78.78678742;2019;No;No;9;NONE;NONE,NONE;NONE,NONE;SPORT UTILITY,PASSENGER CAR;SPORT UTILITY,PASSENGER CAR;SPORT UTILITY,PASSENGER CAR;SPORT UTILITY,PASSENGER CAR
30413;400 FEET FROM 108 COUNTRYSIDE LN;NO SPECIAL FEATURE;STRAIGHT,LEVEL;LOCAL STREET;TWO-WAY,NOT DIVIDED;COARSE ASPHALT;DRY;DAYLIGHT;CLEAR;NO CONTROL PRESENT;35.735397253;-78.75644987;-78.7564;35.7353;P047;118;0;0;;;NONE;;NONE;;VAN;;;;;NO;7786;2017-08-27;12:42 PM;2017-08-27T16:42:00+00:00;35.735397253, -78.75644987;2017;No;No;8;NONE;NONE,NONE;NONE,NONE;VAN;VAN;VAN;VAN
41679;CARY;T-INTERSECTION;STRAIGHT,GRADE;STATE SECONDARY ROUTE;TWO-WAY,NOT DIVIDED;SMOOTH ASPHALT;DRY;DAYLIGHT;CLEAR;FLASHING STOP AND GO SIGNAL;;;-78.75746;35.76693;;;0;0;;;NONE;;NONE;;PASSENGER CAR;PASSENGER CAR;;;;NO;18057;2019-09-19;8:31:18 AM;2019-09-19T12:31:18+00:00;;2019;No;No;9;NONE;NONE,NONE;NONE,NONE;PASSENGER CAR,PASSENGER CAR;PASSENGER CAR,PASSENGER CAR;PASSENGER CAR,PASSENGER CAR;PASSENGER CAR,PASSENGER CAR
30416;80 FEET FROM SR 3112 (SW CARY PKWY);NO SPECIAL FEATURE;STRAIGHT,LEVEL;STATE SECONDARY ROUTE;TWO-WAY,DIVIDED,UNPROTECTED MEDIAN;SMOOTH ASPHALT;DRY;DARK - LIGHTED ROADWAY;CLEAR;NO CONTROL PRESENT;;;-78.82299;35.76429;;117;0;0;;;NONE;;NONE;;PASSENGER CAR;;;;;NO;7789;2017-08-25;5:30:51 AM;2017-08-25T09:30:51+00:00;;2017;No;No;8;NONE;NONE,NONE;NONE,NONE;PASSENGER CAR;PASSENGER CAR;PASSENGER CAR;PASSENGER CAR
41683;0 FEET FROM SR 1009 (TRYON RD);FOUR-WAY INTERSECTION;STRAIGHT,GRADE;STATE SECONDARY ROUTE;TWO-WAY,DIVIDED,UNPROTECTED MEDIAN;SMOOTH ASPHALT;DRY;DAYLIGHT;CLEAR;STOP AND GO SIGNAL;;;-78.779886;35.739786;;115;0;1;;;NONE;;NONE;;VAN;PICKUP;;;;NO;18061;2019-09-18;9:14:09 PM;2019-09-19T01:14:09+00:00;;2019;No;Yes;9;NONE;NONE,NONE;NONE,NONE;VAN,PICKUP;VAN,PICKUP;VAN,PICKUP;VAN,PICKUP
30417;400 FEET FROM HIGH HOUSE RD (SR1415);NO SPECIAL FEATURE;STRAIGHT,LEVEL;STATE SECONDARY ROUTE;TWO-WAY,NOT DIVIDED;SMOOTH ASPHALT;DRY;DARK - LIGHTED ROADWAY;CLOUDY;NO CONTROL PRESENT;35.785682976;-78.82150579;-78.8235;35.7862;P065;114;0;0;1;;;;NONE;;PASSENGER CAR;PASSENGER CAR;;;;NO;7790;2017-08-25;8:59:12 PM;2017-08-26T00:59:12+00:00;35.785682976, -78.82150579;2017;No;No;8;;NONE;NONE;PASSENGER CAR,PASSENGER CAR;PASSENGER CAR,PASSENGER CAR;PASSENGER CAR,PASSENGER CAR;PASSENGER CAR,PASSENGER CAR
41686;300 FEET FROM P.V.A. OF 3100 REGENCGY PKWY;NO SPECIAL FEATURE;STRAIGHT,LEVEL;PUBLIC VEHICULAR AREA;TWO-WAY,NOT DIVIDED;COARSE ASPHALT;DRY;DAYLIGHT;CLEAR;NO CONTROL PRESENT;;;;;;116;0;0;;;NONE;;NONE;;SPORT UTILITY;PICKUP;;;;NO;18064;2019-09-18;3:00:08 AM;2019-09-18T07:00:08+00:00;;2019;No;No;9;NONE;NONE,NONE;NONE,NONE;SPORT UTILITY,PICKUP;SPORT UTILITY,PICKUP;SPORT UTILITY,PICKUP;SPORT UTILITY,PICKUP
30423;.1 MILES FROM P.V.A. (2031 WALNUT ST);NO SPECIAL FEATURE;STRAIGHT,LEVEL;PUBLIC VEHICULAR AREA;TWO-WAY,NOT DIVIDED;SMOOTH ASPHALT;DRY;DAYLIGHT;CLEAR;NO CONTROL PRESENT;;;-78.7402;35.7567;;;0;0;;;;;NONE;;PASSENGER CAR;PASSENGER CAR;;;;NO;7796;2017-08-27;6:26:54 PM;2017-08-27T22:26:54+00:00;;2017;No;No;8;;NONE;NONE;PASSENGER CAR,PASSENGER CAR;PASSENGER CAR,PASSENGER CAR;PASSENGER CAR,PASSENGER CAR;PASSENGER CAR,PASSENGER CAR
41692;250 FEET FROM PVA (8245 CHAPEL HILL RD);NO SPECIAL FEATURE;STRAIGHT,GRADE;PUBLIC VEHICULAR AREA;TWO-WAY,NOT DIVIDED;GRAVEL;DRY;DAYLIGHT;CLEAR;NO CONTROL PRESENT;;;-78.7738;35.7917;;;0;0;;;NONE;;NONE;;PASSENGER CAR;PASSENGER CAR;;;;NO;18070;2019-09-18;12:57 PM;2019-09-18T16:57:00+00:00;;2019;No;No;9;NONE;NONE,NONE;NONE,NONE;PASSENGER CAR,PASSENGER CAR;PASSENGER CAR,PASSENGER CAR;PASSENGER CAR,PASSENGER CAR;PASSENGER CAR,PASSENGER CAR
30424;.53 MILES FROM SR-1305 (ARTHUR PIERCE RD);NO SPECIAL FEATURE;CURVE,LEVEL;STATE SECONDARY ROUTE;TWO-WAY,NOT DIVIDED;SMOOTH ASPHALT;DRY;DUSK;CLEAR;NO CONTROL PRESENT;;;-78.7903;35.696;;;0;0;;;;;NONE;;PASSENGER CAR;;;;;NO;7797;2017-08-27;7:09:00 PM;2017-08-27T23:09:00+00:00;;2017;No;No;8;;NONE;NONE;PASSENGER CAR;PASSENGER CAR;PASSENGER CAR;PASSENGER CAR
41698;.1 MILES FROM PVA(2010 KILDAIRE FARM RD);NO SPECIAL FEATURE;STRAIGHT,LEVEL;PUBLIC VEHICULAR AREA;ONE-WAY,NOT DIVIDED;SMOOTH ASPHALT;DRY;DAYLIGHT;CLEAR;NO CONTROL PRESENT;;;-78.78184;35.73712;;;0;0;;;NONE;;NONE;;PASSENGER CAR;PASSENGER CAR;;;;NO;18076;2019-09-19;6:21:17 PM;2019-09-19T22:21:17+00:00;;2019;No;No;9;NONE;NONE,NONE;NONE,NONE;PASSENGER CAR,PASSENGER CAR;PASSENGER CAR,PASSENGER CAR;PASSENGER CAR,PASSENGER CAR;PASSENGER CAR,PASSENGER CAR
30427;.1 MILES FROM 300 ASHVILLE AVE (PVA);DRIVEWAY, PUBLIC;STRAIGHT,LEVEL;PUBLIC VEHICULAR AREA;ONE-WAY,NOT DIVIDED;SMOOTH ASPHALT;DRY;DAYLIGHT;CLEAR;NO CONTROL PRESENT;;;-78.7851;35.7392;;115;0;0;;;NONE;;NONE;;PASSENGER CAR;PASSENGER CAR;;;;NO;7800;2017-08-26;11:09 AM;2017-08-26T15:09:00+00:00;;2017;No;No;8;NONE;NONE,NONE;NONE,NONE;PASSENGER CAR,PASSENGER CAR;PASSENGER CAR,PASSENGER CAR;PASSENGER CAR,PASSENGER CAR;PASSENGER CAR,PASSENGER CAR
41700;200 FEET FROM US 1 HWY;NO SPECIAL FEATURE;STRAIGHT,LEVEL;US ROUTE;TWO-WAY,DIVIDED,POSITIVE MEDIAN BARRIER;SMOOTH ASPHALT;DRY;DARK - LIGHTED ROADWAY;CLEAR;NO CONTROL PRESENT;35.761891139;-78.74493492;-78.755233;35.75732;P083;112;0;0;;;NONE;;NONE;;PASSENGER CAR;;;;;NO;18078;2019-09-19;4:53:08 AM;2019-09-19T08:53:08+00:00;35.761891139, -78.74493492;2019;No;No;9;NONE;NONE,NONE;NONE,NONE;PASSENGER CAR;PASSENGER CAR;PASSENGER CAR;PASSENGER CAR
30430;400 FEET FROM P.V.A. (RUBIN CT);NO SPECIAL FEATURE;STRAIGHT,HILLCREST;PUBLIC VEHICULAR AREA;TWO-WAY,NOT DIVIDED;SMOOTH ASPHALT;DRY;DAYLIGHT;CLEAR;NO CONTROL PRESENT;35.708900933;-78.69614875;-78.7457;35.7682;P119;RALW;0;0;;;;;NONE;;;PASSENGER CAR;;;;NO;7803;2017-08-26;4:27:06 PM;2017-08-26T20:27:06+00:00;35.708900933, -78.69614875;2017;No;No;8;;NONE;NONE;PASSENGER CAR;PASSENGER CAR;PASSENGER CAR;PASSENGER CAR
41711;100 FEET FROM P.V.A. (1130 KILDAIRE FARM RD;NO SPECIAL FEATURE;STRAIGHT,LEVEL;PUBLIC VEHICULAR AREA;TWO-WAY,NOT DIVIDED;SMOOTH ASPHALT;DRY;DAYLIGHT;CLEAR;NO CONTROL PRESENT;35.838203304;-78.8639242;-78.7825;35.7679;P148;1B;0;0;;;NONE;;NONE;;PASSENGER CAR;PASSENGER CAR;;;;NO;18089;2019-09-20;3:03:21 PM;2019-09-20T19:03:21+00:00;35.838203304, -78.8639242;2019;No;No;9;NONE;NONE,NONE;NONE,NONE;PASSENGER CAR,PASSENGER CAR;PASSENGER CAR,PASSENGER CAR;PASSENGER CAR,PASSENGER CAR;PASSENGER CAR,PASSENGER CAR
30433;CARY;NO SPECIAL FEATURE;STRAIGHT,LEVEL;STATE SECONDARY ROUTE;TWO-WAY,NOT DIVIDED;COARSE ASPHALT;DRY;DAYLIGHT;CLEAR;STOP AND GO SIGNAL;;;-78.773;35.6953;;;0;0;;;NONE;;NONE;;PASSENGER CAR;PASSENGER CAR;;;;NO;7806;2017-08-28;9:19:53 AM;2017-08-28T13:19:53+00:00;;2017;No;No;8;NONE;NONE,NONE;NONE,NONE;PASSENGER CAR,PASSENGER CAR;PASSENGER CAR,PASSENGER CAR;PASSENGER CAR,PASSENGER CAR;PASSENGER CAR,PASSENGER CAR
41715;100 FEET FROM SR 3977 SE CARP PKWY;NO SPECIAL FEATURE;STRAIGHT,LEVEL;STATE SECONDARY ROUTE;TWO-WAY,DIVIDED,POSITIVE MEDIAN BARRIER;SMOOTH ASPHALT;DRY;DAYLIGHT;CLEAR;STOP AND GO SIGNAL;;;-78.780734;35.758117;;;0;0;;;NONE;;NONE;;PASSENGER CAR;PASSENGER CAR;;;;NO;18093;2019-09-20;6:29:43 PM;2019-09-20T22:29:43+00:00;;2019;No;No;9;NONE;NONE,NONE;NONE,NONE;PASSENGER CAR,PASSENGER CAR;PASSENGER CAR,PASSENGER CAR;PASSENGER CAR,PASSENGER CAR;PASSENGER CAR,PASSENGER CAR
30443;50 FEET FROM 530 NEW WAVERLY PLACE (PVA);RELATED TO INTERSECTION;STRAIGHT,LEVEL;STATE SECONDARY ROUTE;TWO-WAY,NOT DIVIDED;SMOOTH ASPHALT;DRY;DAYLIGHT;CLEAR;NO CONTROL PRESENT;35.740426083;-78.77602988;-78.7758;35.7379;P053;116;0;0;;;NONE;;NONE;;PASSENGER CAR;VAN;;;;NO;7816;2017-08-28;12:33 PM;2017-08-28T16:33:00+00:00;35.740426083, -78.77602988;2017;No;No;8;NONE;NONE,NONE;NONE,NONE;PASSENGER CAR,VAN;PASSENGER CAR,VAN;PASSENGER CAR,VAN;PASSENGER CAR,VAN
41718;300 FEET FROM BELHAVEN RD;NO SPECIAL FEATURE;STRAIGHT,GRADE;LOCAL STREET;TWO-WAY,NOT DIVIDED;SMOOTH ASPHALT;DRY;DARK - LIGHTED ROADWAY;CLEAR;NO CONTROL PRESENT;;;-78.77619;35.800143;;113;0;0;;;NONE;;NONE;;PICKUP;PASSENGER CAR;;;;NO;18096;2019-09-20;8:14:51 PM;2019-09-21T00:14:51+00:00;;2019;No;No;9;NONE;NONE,NONE;NONE,NONE;PICKUP,PASSENGER CAR;PICKUP,PASSENGER CAR;PICKUP,PASSENGER CAR;PICKUP,PASSENGER CAR
30450;CARY;RELATED TO INTERSECTION;STRAIGHT,LEVEL;STATE SECONDARY ROUTE;TWO-WAY,NOT DIVIDED;SMOOTH ASPHALT;DRY;DAYLIGHT;CLEAR;NO CONTROL PRESENT;;;-78.76401;35.691297;;;0;0;4;;NONE;;NONE;;PASSENGER CAR;SPORT UTILITY;;;;NO;7823;2017-08-28;2:48:01 PM;2017-08-28T18:48:01+00:00;;2017;No;No;8;NONE;NONE,NONE;NONE,NONE;PASSENGER CAR,SPORT UTILITY;PASSENGER CAR,SPORT UTILITY;PASSENGER CAR,SPORT UTILITY;PASSENGER CAR,SPORT UTILITY
41725;60 FEET FROM US 1;OFF-RAMP ENTRY;CURVE,GRADE;US ROUTE;ONE-WAY,NOT DIVIDED;SMOOTH ASPHALT;DRY;DAYLIGHT;CLEAR;STOP AND GO SIGNAL;;;-78.794308;35.737944;;;0;1;;;;;NONE;;PASSENGER CAR;PASSENGER CAR;;;;NO;18103;2019-09-21;1:02:24 PM;2019-09-21T17:02:24+00:00;;2019;No;Yes;9;;NONE;NONE;PASSENGER CAR,PASSENGER CAR;PASSENGER CAR,PASSENGER CAR;PASSENGER CAR,PASSENGER CAR;PASSENGER CAR,PASSENGER CAR
30456;0.200 MILES FROM SR 3977 (SE CARY PARKWAY);NO SPECIAL FEATURE;STRAIGHT,LEVEL;STATE SECONDARY ROUTE;TWO-WAY,DIVIDED,UNPROTECTED MEDIAN;SMOOTH ASPHALT;DRY;DAYLIGHT;CLOUDY;NO CONTROL PRESENT;;;-78.773257;35.749521;;;0;0;;;NONE;;NONE;;PASSENGER CAR;PASSENGER CAR;;;;NO;7829;2017-08-25;2:26:44 PM;2017-08-25T18:26:44+00:00;;2017;No;No;8;NONE;NONE,NONE;NONE,NONE;PASSENGER CAR,PASSENGER CAR;PASSENGER CAR,PASSENGER CAR;PASSENGER CAR,PASSENGER CAR;PASSENGER CAR,PASSENGER CAR
41732;200 FEET FROM SR# 1300 (KILDARIE FARM RD);NO SPECIAL FEATURE;STRAIGHT,LEVEL;STATE SECONDARY ROUTE;TWO-WAY,NOT DIVIDED;SMOOTH ASPHALT;DRY;DAYLIGHT;CLEAR;NO CONTROL PRESENT;;;-78.78344;35.7661;;;0;1;1;;NONE;;NONE;;PASSENGER CAR;SPORT UTILITY;PASSENGER CAR;;;NO;18110;2019-09-20;10:30 AM;2019-09-20T14:30:00+00:00;;2019;No;Yes;9;NONE;NONE,NONE;NONE,NONE;PASSENGER CAR,SPORT UTILITY;PASSENGER CAR,SPORT UTILITY,PASSENGER CAR;PASSENGER CAR,SPORT UTILITY,PASSENGER CAR;PASSENGER CAR,SPORT UTILITY,PASSENGER CAR
30459;200 FEET FROM PVA 2370 WALNUT ST;NO SPECIAL FEATURE;STRAIGHT,LEVEL;PUBLIC VEHICULAR AREA;ONE-WAY,NOT DIVIDED;SMOOTH ASPHALT;DRY;DAYLIGHT;CLOUDY;NO CONTROL PRESENT;;;-78.744768;35.753799;;;0;0;1;;NONE;;NONE;;PASSENGER CAR;PASSENGER CAR;;;;NO;7832;2017-08-29;8:47:41 PM;2017-08-30T00:47:41+00:00;;2017;No;No;8;NONE;NONE,NONE;NONE,NONE;PASSENGER CAR,PASSENGER CAR;PASSENGER CAR,PASSENGER CAR;PASSENGER CAR,PASSENGER CAR;PASSENGER CAR,PASSENGER CAR
41734;CARY;NO SPECIAL FEATURE;STRAIGHT,HILLCREST;STATE SECONDARY ROUTE;TWO-WAY,DIVIDED,UNPROTECTED MEDIAN;SMOOTH ASPHALT;DRY;DAYLIGHT;CLEAR;STOP AND GO SIGNAL;;;-78.801192;35.795745;;;0;1;;;NONE;;NONE;;SPORT UTILITY;PASSENGER CAR;SPORT UTILITY;;;NO;18112;2019-09-23;1:04:50 PM;2019-09-23T17:04:50+00:00;;2019;No;Yes;9;NONE;NONE,NONE;NONE,NONE;SPORT UTILITY,PASSENGER CAR;SPORT UTILITY,PASSENGER CAR,SPORT UTILITY;SPORT UTILITY,PASSENGER CAR,SPORT UTILITY;SPORT UTILITY,PASSENGER CAR,SPORT UTILITY