tamainid;location_description;rdfeature;rdcharacter;rdclass;rdconfigur;rdsurface;rdcondition;lightcond;weather;trafcontrl;lat;lon;lon2;lat2;tract;zone;fatality;possblinj;numpassengers;numpedestrians;contrcir1_desc;contrcir2_desc;contrcir3_desc;contrcir4_desc;vehicle1;vehicle2;vehicle3;vehicle4;vehicle5;workarea;records;ta_date;ta_time;crash_date;geo_location;year;fatalities;injuries;month;contrfact1;contrfact2;contributing_factor;vehicleconcat1;vehicleconcat2;vehicleconcat3;vehicle_type
41831;.9 MILES FROM P.V.A. (1393 KILDAIRE FARM RD);NO SPECIAL FEATURE;STRAIGHT,GRADE;PUBLIC VEHICULAR AREA;TWO-WAY,NOT DIVIDED;SMOOTH ASPHALT;DRY;DAYLIGHT;CLEAR;NO CONTROL PRESENT;;;-78.782;35.759;;;0;0;3;;NONE;;NONE;;PASSENGER CAR;PASSENGER CAR;;;;NO;18209;2019-09-21;9:06:39 PM;2019-09-22T01:06:39+00:00;;2019;No;No;9;NONE;NONE,NONE;NONE,NONE;PASSENGER CAR,PASSENGER CAR;PASSENGER CAR,PASSENGER CAR;PASSENGER CAR,PASSENGER CAR;PASSENGER CAR,PASSENGER CAR
30576;.1 MILES FROM 1300 (KILDAIRE FARM RD);;;;;;;;;;;;-78.78;35.75;;;0;0;;;;;;;;;;;;;7949;2017-09-06;12:10 AM;2017-09-06T04:10:00+00:00;;2017;No;No;9;;;;;;;
41832;.1 MILES FROM US 1 HWY;OFF-RAMP ENTRY;STRAIGHT,LEVEL;US ROUTE;TWO-WAY,DIVIDED,POSITIVE MEDIAN BARRIER;COARSE ASPHALT;DRY;DAYLIGHT;CLEAR;NO CONTROL PRESENT;;;-78.7703;35.7498;;112;0;0;;;;;NONE;;SPORT UTILITY;;;;;NO;18210;2019-09-29;8:23:46 AM;2019-09-29T12:23:46+00:00;;2019;No;No;9;;NONE;NONE;SPORT UTILITY;SPORT UTILITY;SPORT UTILITY;SPORT UTILITY
30579;.26 MILES FROM US 1 HWY (SOUTHBOUND);NO SPECIAL FEATURE;STRAIGHT,LEVEL;US ROUTE;TWO-WAY,DIVIDED,POSITIVE MEDIAN BARRIER;GROOVED CONCRETE;DRY;DAYLIGHT;CLEAR;NO CONTROL PRESENT;;;-78.74;35.76;;112;0;0;;;NONE;;NONE;;PASSENGER CAR;;;;;NO;7952;2017-09-08;11:35 AM;2017-09-08T15:35:00+00:00;;2017;No;No;9;NONE;NONE,NONE;NONE,NONE;PASSENGER CAR;PASSENGER CAR;PASSENGER CAR;PASSENGER CAR
41840;.1 MILES FROM SR 1300 (KILDAIRE FARM RD);NO SPECIAL FEATURE;STRAIGHT,LEVEL;STATE SECONDARY ROUTE;TWO-WAY,DIVIDED,UNPROTECTED MEDIAN;SMOOTH ASPHALT;DRY;DAYLIGHT;CLEAR;NO CONTROL PRESENT;;;-78.7787;35.7349;;;0;0;2;;NONE;;NONE;;PASSENGER CAR;PASSENGER CAR;;;;NO;18218;2019-09-29;2:34:18 PM;2019-09-29T18:34:18+00:00;;2019;No;No;9;NONE;NONE,NONE;NONE,NONE;PASSENGER CAR,PASSENGER CAR;PASSENGER CAR,PASSENGER CAR;PASSENGER CAR,PASSENGER CAR;PASSENGER CAR,PASSENGER CAR
30588;.02 MILES FROM PVA OF 151 MIDDLE CREEK PARK A;NO SPECIAL FEATURE;STRAIGHT,GRADE;PUBLIC VEHICULAR AREA;TWO-WAY,NOT DIVIDED;SMOOTH ASPHALT;DRY;DUSK;CLEAR;NO CONTROL PRESENT;;;-78.7649;35.6654;;;0;0;;;NONE;;NONE;;PICKUP;PASSENGER CAR;;;;NO;7961;2017-09-08;6:46:19 PM;2017-09-08T22:46:19+00:00;;2017;No;No;9;NONE;NONE,NONE;NONE,NONE;PICKUP,PASSENGER CAR;PICKUP,PASSENGER CAR;PICKUP,PASSENGER CAR;PICKUP,PASSENGER CAR
41845;CARY;RELATED TO INTERSECTION;STRAIGHT,LEVEL;NC ROUTE;TWO-WAY,DIVIDED,UNPROTECTED MEDIAN;COARSE ASPHALT;DRY;DARK - ROADWAY NOT LIGHTED;CLEAR;STOP AND GO SIGNAL;;;-78.871145;35.803263;;;0;2;1;;;;NONE;;SPORT UTILITY;;;;;NO;18223;2019-09-28;10:44 PM;2019-09-29T02:44:00+00:00;;2019;No;Yes;9;;NONE;NONE;SPORT UTILITY;SPORT UTILITY;SPORT UTILITY;SPORT UTILITY
30597;0 FEET FROM SR1600 (GREENLEVEL CHURCH RD);FOUR-WAY INTERSECTION;STRAIGHT,LEVEL;STATE SECONDARY ROUTE;TWO-WAY,NOT DIVIDED;SMOOTH ASPHALT;DRY;DARK - LIGHTED ROADWAY;CLEAR;STOP SIGN;;;-78.9001;35.7989;;;0;0;2;;NONE;;NONE;;PASSENGER CAR;PASSENGER CAR;;;;NO;7970;2017-09-10;8:27:45 PM;2017-09-11T00:27:45+00:00;;2017;No;No;9;NONE;NONE,NONE;NONE,NONE;PASSENGER CAR,PASSENGER CAR;PASSENGER CAR,PASSENGER CAR;PASSENGER CAR,PASSENGER CAR;PASSENGER CAR,PASSENGER CAR
41848;0 FEET FROM SR 3124 (MORRISVILLE PKWY);FOUR-WAY INTERSECTION;STRAIGHT,LEVEL;STATE SECONDARY ROUTE;TWO-WAY,DIVIDED,UNPROTECTED MEDIAN;SMOOTH ASPHALT;DRY;DARK - LIGHTED ROADWAY;CLEAR;STOP AND GO SIGNAL;;;-78.8713;35.8137;;121;0;0;1;;NONE;;NONE;;PASSENGER CAR;PASSENGER CAR;;;;NO;18226;2019-09-26;1:30:13 AM;2019-09-26T05:30:13+00:00;;2019;No;No;9;NONE;NONE,NONE;NONE,NONE;PASSENGER CAR,PASSENGER CAR;PASSENGER CAR,PASSENGER CAR;PASSENGER CAR,PASSENGER CAR;PASSENGER CAR,PASSENGER CAR
30605;.25 MILES FROM SR # 1652 (N. HARRISON AVE.);NO SPECIAL FEATURE;STRAIGHT,LEVEL;STATE SECONDARY ROUTE;TWO-WAY,NOT DIVIDED;SMOOTH ASPHALT;WET;DAYLIGHT;RAIN;NO CONTROL PRESENT;35.669104881;-78.94941509;-78.765137;35.831298;P090;WAKE;0;0;;;NONE;;NONE;;PASSENGER CAR;SPORT UTILITY;;;;NO;7978;2017-09-11;6:20:06 PM;2017-09-11T22:20:06+00:00;35.669104881, -78.94941509;2017;No;No;9;NONE;NONE,NONE;NONE,NONE;PASSENGER CAR,SPORT UTILITY;PASSENGER CAR,SPORT UTILITY;PASSENGER CAR,SPORT UTILITY;PASSENGER CAR,SPORT UTILITY
41851;300 FEET FROM P.V.A. 1401 BUCK JONES RD;NO SPECIAL FEATURE;STRAIGHT,LEVEL;PUBLIC VEHICULAR AREA;TWO-WAY,NOT DIVIDED;SMOOTH ASPHALT;DRY;DARK - LIGHTED ROADWAY;CLEAR;NO CONTROL PRESENT;;;-78.7428;35.7644;;;0;1;1;;;;NONE;;PICKUP;PASSENGER CAR;;;;NO;18229;2019-10-01;3:18:19 AM;2019-10-01T07:18:19+00:00;;2019;No;Yes;10;;NONE;NONE;PICKUP,PASSENGER CAR;PICKUP,PASSENGER CAR;PICKUP,PASSENGER CAR;PICKUP,PASSENGER CAR
30609;30 FEET FROM NC-55 HWY;FOUR-WAY INTERSECTION;STRAIGHT,LEVEL;NC ROUTE;TWO-WAY,DIVIDED,UNPROTECTED MEDIAN;SMOOTH ASPHALT;DRY;DAYLIGHT;CLEAR;STOP AND GO SIGNAL;;;-78.8906;35.8454;;119;0;0;3;;NONE;;NONE;;PASSENGER CAR;PASSENGER CAR;;;;NO;7982;2017-09-10;9:48:33 AM;2017-09-10T13:48:33+00:00;;2017;No;No;9;NONE;NONE,NONE;NONE,NONE;PASSENGER CAR,PASSENGER CAR;PASSENGER CAR,PASSENGER CAR;PASSENGER CAR,PASSENGER CAR;PASSENGER CAR,PASSENGER CAR
41852;CARY;FOUR-WAY INTERSECTION;STRAIGHT,LEVEL;STATE SECONDARY ROUTE;TWO-WAY,DIVIDED,POSITIVE MEDIAN BARRIER;SMOOTH ASPHALT;DRY;DARK - LIGHTED ROADWAY;CLEAR;STOP AND GO SIGNAL;;;-78.9024;35.8223;;;0;0;3;;NONE;;NONE;;SPORT UTILITY;VAN;;;;NO;18230;2019-09-30;12:09 AM;2019-09-30T04:09:00+00:00;;2019;No;No;9;NONE;NONE,NONE;NONE,NONE;SPORT UTILITY,VAN;SPORT UTILITY,VAN;SPORT UTILITY,VAN;SPORT UTILITY,VAN
30616;.7375 MILES FROM US 1 HWY;NO SPECIAL FEATURE;STRAIGHT,LEVEL;US ROUTE;TWO-WAY,DIVIDED,POSITIVE MEDIAN BARRIER;GROOVED CONCRETE;WET;DAYLIGHT;RAIN;NO CONTROL PRESENT;;;-78.756118;35.756329;;;0;0;2;;NONE;;NONE;;PASSENGER CAR;PICKUP;;;;NO;7989;2017-09-12;9:08:17 AM;2017-09-12T13:08:17+00:00;;2017;No;No;9;NONE;NONE,NONE;NONE,NONE;PASSENGER CAR,PICKUP;PASSENGER CAR,PICKUP;PASSENGER CAR,PICKUP;PASSENGER CAR,PICKUP
41867;.10 MILES FROM ANTLER POINT DR;NO SPECIAL FEATURE;STRAIGHT,GRADE;LOCAL STREET;TWO-WAY,NOT DIVIDED;SMOOTH ASPHALT;DRY;DAYLIGHT;CLEAR;NO CONTROL PRESENT;35.780818886;-78.81192457;-78.81195;35.77948;P068;117;0;0;;;NONE;;NONE;;PASSENGER CAR;PASSENGER CAR;;;;NO;18245;2019-10-01;7:19:35 PM;2019-10-01T23:19:35+00:00;35.780818886, -78.81192457;2019;No;No;10;NONE;NONE,NONE;NONE,NONE;PASSENGER CAR,PASSENGER CAR;PASSENGER CAR,PASSENGER CAR;PASSENGER CAR,PASSENGER CAR;PASSENGER CAR,PASSENGER CAR
30621;.5 MILES FROM MCCRIMMON PKWY;DRIVEWAY, PUBLIC;STRAIGHT,BOTTOM (SAG);LOCAL STREET;TWO-WAY,DIVIDED,UNPROTECTED MEDIAN;SMOOTH ASPHALT;WET;DAYLIGHT;RAIN;NO CONTROL PRESENT;35.829145743;-78.88418313;-78.8911;35.8281;P082;119;0;0;1;;NONE;;NONE;;SPORT UTILITY;PASSENGER CAR;;;;NO;7994;2017-09-12;11:17 AM;2017-09-12T15:17:00+00:00;35.829145743, -78.88418313;2017;No;No;9;NONE;NONE,NONE;NONE,NONE;SPORT UTILITY,PASSENGER CAR;SPORT UTILITY,PASSENGER CAR;SPORT UTILITY,PASSENGER CAR;SPORT UTILITY,PASSENGER CAR
41876;200 FEET FROM SR 1300 (KILDAIRE FARM RD);NO SPECIAL FEATURE;STRAIGHT,GRADE;STATE SECONDARY ROUTE;TWO-WAY,DIVIDED,UNPROTECTED MEDIAN;SMOOTH ASPHALT;DRY;DAYLIGHT;CLEAR;NO CONTROL PRESENT;;;-78.7769;35.7302;;118;0;1;;;NONE;;NONE;;;PASSENGER CAR;;;;NO;18254;2019-10-02;2:27:24 PM;2019-10-02T18:27:24+00:00;;2019;No;Yes;10;NONE;NONE,NONE;NONE,NONE;PASSENGER CAR;PASSENGER CAR;PASSENGER CAR;PASSENGER CAR
30626;CARY;;;;;;;;;;;;;;;;0;0;;;;;;;;;;;;;7999;2017-09-12;9:58:34 PM;2017-09-13T01:58:34+00:00;;2017;No;No;9;;;;;;;
41877;30 FEET FROM P.V.A. OF 300 ASHVILLE AVE;NO SPECIAL FEATURE;STRAIGHT,LEVEL;PUBLIC VEHICULAR AREA;TWO-WAY,NOT DIVIDED;COARSE ASPHALT;DRY;DAYLIGHT;CLEAR;NO CONTROL PRESENT;35.911269704;-78.76312041;;;P111;115;0;0;;;NONE;;NONE;;SPORT UTILITY;SPORT UTILITY;;;;NO;18255;2019-10-02;1:37:48 PM;2019-10-02T17:37:48+00:00;35.911269704, -78.76312041;2019;No;No;10;NONE;NONE,NONE;NONE,NONE;SPORT UTILITY,SPORT UTILITY;SPORT UTILITY,SPORT UTILITY;SPORT UTILITY,SPORT UTILITY;SPORT UTILITY,SPORT UTILITY
30628;1 MILES FROM US 1 HWY;NO SPECIAL FEATURE;STRAIGHT,LEVEL;US ROUTE;TWO-WAY,DIVIDED,POSITIVE MEDIAN BARRIER;SMOOTH ASPHALT;WET;DAYLIGHT;RAIN;NO CONTROL PRESENT;;;-78.8;35.73;;;0;0;;;NONE;;COMING FROM BEHIND PARKED VEHICLE;;SPORT UTILITY;;;;;NO;8001;2017-09-12;8:38:08 PM;2017-09-13T00:38:08+00:00;;2017;No;No;9;NONE;NONE,COMING FROM BEHIND PARKED VEHICLE;NONE,COMING FROM BEHIND PARKED VEHICLE;SPORT UTILITY;SPORT UTILITY;SPORT UTILITY;SPORT UTILITY
41886;.239 MILES FROM SR1652 (N HARRISON AV);NO SPECIAL FEATURE;STRAIGHT,LEVEL;STATE SECONDARY ROUTE;TWO-WAY,DIVIDED,UNPROTECTED MEDIAN;SMOOTH ASPHALT;DRY;DAYLIGHT;CLEAR;NO CONTROL PRESENT;;;-78.76763;35.83004;;;0;0;;;NONE;;NONE;;SINGLE UNIT TRUCK (2-AXLE- 6-TIRE);PASSENGER CAR;;;;NO;18264;2019-10-03;8:21:32 AM;2019-10-03T12:21:32+00:00;;2019;No;No;10;NONE;NONE,NONE;NONE,NONE;SINGLE UNIT TRUCK (2-AXLE- 6-TIRE),PASSENGER CAR;SINGLE UNIT TRUCK (2-AXLE- 6-TIRE),PASSENGER CAR;SINGLE UNIT TRUCK (2-AXLE- 6-TIRE),PASSENGER CAR;SINGLE UNIT TRUCK (2-AXLE- 6-TIRE),PASSENGER CAR
30638;98 FEET FROM SR# 1300 (KILDAIRE FARM RD);RELATED TO INTERSECTION;STRAIGHT,LEVEL;STATE SECONDARY ROUTE;TWO-WAY,NOT DIVIDED;SMOOTH ASPHALT;DRY;DAYLIGHT;CLEAR;NO CONTROL PRESENT;;;-78.77;35.74;;115;0;1;1;;NONE;;NONE;;SPORT UTILITY;PASSENGER CAR;;;;NO;8011;2017-09-13;12:32 PM;2017-09-13T16:32:00+00:00;;2017;No;Yes;9;NONE;NONE,NONE;NONE,NONE;SPORT UTILITY,PASSENGER CAR;SPORT UTILITY,PASSENGER CAR;SPORT UTILITY,PASSENGER CAR;SPORT UTILITY,PASSENGER CAR
41887;300 FEET FROM P.V.A. (233 JAMES JACKSON AV);NO SPECIAL FEATURE;STRAIGHT,LEVEL;PUBLIC VEHICULAR AREA;TWO-WAY,NOT DIVIDED;COARSE ASPHALT;DRY;DAYLIGHT;CLEAR;NO CONTROL PRESENT;;;-78.80674;35.794899;;114;0;0;;;NONE;;NONE;;;;;;;NO;18265;2019-10-03;11:37 AM;2019-10-03T15:37:00+00:00;;2019;No;No;10;NONE;NONE,NONE;NONE,NONE;;;;
30646;230 FEET FROM PVA OF 501 CAITBOO AVE;DRIVEWAY, PUBLIC;STRAIGHT,LEVEL;PUBLIC VEHICULAR AREA;TWO-WAY,NOT DIVIDED;SMOOTH ASPHALT;DRY;DARK - LIGHTED ROADWAY;CLEAR;NO CONTROL PRESENT;;;-78.735525;35.75817;;;0;0;;;NONE;;NONE;;PASSENGER CAR;PASSENGER CAR;;;;NO;8019;2017-09-09;11:33 AM;2017-09-09T15:33:00+00:00;;2017;No;No;9;NONE;NONE,NONE;NONE,NONE;PASSENGER CAR,PASSENGER CAR;PASSENGER CAR,PASSENGER CAR;PASSENGER CAR,PASSENGER CAR;PASSENGER CAR,PASSENGER CAR
41891;1.22 MILES FROM US 1 HWY;NO SPECIAL FEATURE;STRAIGHT,LEVEL;US ROUTE;TWO-WAY,DIVIDED,POSITIVE MEDIAN BARRIER;SMOOTH ASPHALT;DRY;DAYLIGHT;CLEAR;NO CONTROL PRESENT;;;-78.7533;35.7578;;112;0;0;;;NONE;;NONE;;SPORT UTILITY;PASSENGER CAR;;;;NO;18269;2019-10-02;6:11:46 PM;2019-10-02T22:11:46+00:00;;2019;No;No;10;NONE;NONE,NONE;NONE,NONE;SPORT UTILITY,PASSENGER CAR;SPORT UTILITY,PASSENGER CAR;SPORT UTILITY,PASSENGER CAR;SPORT UTILITY,PASSENGER CAR
30650;5 FEET FROM SR 1010 (TEN TEN RD);FOUR-WAY INTERSECTION;STRAIGHT,LEVEL;STATE SECONDARY ROUTE;TWO-WAY,NOT DIVIDED;SMOOTH ASPHALT;DRY;DAYLIGHT;CLEAR;STOP AND GO SIGNAL;;;-78.772399;35.695377;;;0;0;1;;NONE;;NONE;;SPORT UTILITY;PASSENGER CAR;PASSENGER CAR;;;NO;8023;2017-09-13;12:02 PM;2017-09-13T16:02:00+00:00;;2017;No;No;9;NONE;NONE,NONE;NONE,NONE;SPORT UTILITY,PASSENGER CAR;SPORT UTILITY,PASSENGER CAR,PASSENGER CAR;SPORT UTILITY,PASSENGER CAR,PASSENGER CAR;SPORT UTILITY,PASSENGER CAR,PASSENGER CAR
41894;CARY;NO SPECIAL FEATURE;STRAIGHT,LEVEL;STATE SECONDARY ROUTE;TWO-WAY,DIVIDED,UNPROTECTED MEDIAN;SMOOTH ASPHALT;DRY;DAYLIGHT;CLEAR;STOP AND GO SIGNAL;;;-78.7443;35.7372;;;0;0;;;NONE;;NONE;;PASSENGER CAR;SPORT UTILITY;;;;NO;18272;2019-10-02;5:33:35 PM;2019-10-02T21:33:35+00:00;;2019;No;No;10;NONE;NONE,NONE;NONE,NONE;PASSENGER CAR,SPORT UTILITY;PASSENGER CAR,SPORT UTILITY;PASSENGER CAR,SPORT UTILITY;PASSENGER CAR,SPORT UTILITY
30653;400 FEET FROM SR-1009 (TRYON RD);NO SPECIAL FEATURE;STRAIGHT,GRADE;STATE SECONDARY ROUTE;TWO-WAY,DIVIDED,UNPROTECTED MEDIAN;SMOOTH ASPHALT;DRY;DAYLIGHT;CLEAR;NO CONTROL PRESENT;;;-78.7644;35.7429;;;0;0;1;;NONE;;NONE;;PICKUP;SPORT UTILITY;;;;NO;8026;2017-09-14;5:17:30 PM;2017-09-14T21:17:30+00:00;;2017;No;No;9;NONE;NONE,NONE;NONE,NONE;PICKUP,SPORT UTILITY;PICKUP,SPORT UTILITY;PICKUP,SPORT UTILITY;PICKUP,SPORT UTILITY
41901;400 FEET FROM S. HARRISON AVE;NO SPECIAL FEATURE;STRAIGHT,LEVEL;LOCAL STREET;TWO-WAY,NOT DIVIDED;SMOOTH ASPHALT;DRY;DAYLIGHT;CLEAR;NO CONTROL PRESENT;;;-78.78;35.78;;;0;0;1;;NONE;;NONE;;PASSENGER CAR;PASSENGER CAR;;;;NO;18279;2019-10-02;1:51:19 PM;2019-10-02T17:51:19+00:00;;2019;No;No;10;NONE;NONE,NONE;NONE,NONE;PASSENGER CAR,PASSENGER CAR;PASSENGER CAR,PASSENGER CAR;PASSENGER CAR,PASSENGER CAR;PASSENGER CAR,PASSENGER CAR
30658;CARY;T-INTERSECTION;STRAIGHT,LEVEL;STATE SECONDARY ROUTE;TWO-WAY,DIVIDED,UNPROTECTED MEDIAN;SMOOTH ASPHALT;DRY;DAYLIGHT;CLEAR;STOP SIGN;;;-78.7608;35.6627;;116;0;0;;;NONE;;NONE;;SPORT UTILITY;SPORT UTILITY;;;;NO;8031;2017-09-15;7:14:23 AM;2017-09-15T11:14:23+00:00;;2017;No;No;9;NONE;NONE,NONE;NONE,NONE;SPORT UTILITY,SPORT UTILITY;SPORT UTILITY,SPORT UTILITY;SPORT UTILITY,SPORT UTILITY;SPORT UTILITY,SPORT UTILITY
41911;50 FEET FROM PVA 638 WALNUT ST;NO SPECIAL FEATURE;STRAIGHT,LEVEL;PUBLIC VEHICULAR AREA;TWO-WAY,NOT DIVIDED;SMOOTH ASPHALT;DRY;DAYLIGHT;CLEAR;NO CONTROL PRESENT;;;-78.766277;35.772121;;;0;0;1;;NONE;;NONE;;SPORT UTILITY;PASSENGER CAR;;;;NO;18289;2019-10-04;2:57:41 PM;2019-10-04T18:57:41+00:00;;2019;No;No;10;NONE;NONE,NONE;NONE,NONE;SPORT UTILITY,PASSENGER CAR;SPORT UTILITY,PASSENGER CAR;SPORT UTILITY,PASSENGER CAR;SPORT UTILITY,PASSENGER CAR
30660;CARY;T-INTERSECTION;STRAIGHT,LEVEL;STATE SECONDARY ROUTE;TWO-WAY,DIVIDED,UNPROTECTED MEDIAN;SMOOTH ASPHALT;DRY;DAYLIGHT;CLEAR;STOP AND GO SIGNAL;;;-78.785;35.7372;;115;0;0;4;;NONE;;NONE;;PASSENGER CAR;SPORT UTILITY;;;;NO;8033;2017-09-15;10:23 AM;2017-09-15T14:23:00+00:00;;2017;No;No;9;NONE;NONE,NONE;NONE,NONE;PASSENGER CAR,SPORT UTILITY;PASSENGER CAR,SPORT UTILITY;PASSENGER CAR,SPORT UTILITY;PASSENGER CAR,SPORT UTILITY
41912;.207 MILES FROM SR3090 (WESTON PKY);RELATED TO INTERSECTION;STRAIGHT,LEVEL;STATE SECONDARY ROUTE;TWO-WAY,DIVIDED,UNPROTECTED MEDIAN;SMOOTH ASPHALT;DRY;DAYLIGHT;CLEAR;STOP AND GO SIGNAL;;;-78.772951;35.829489;;;0;0;1;;NONE;;NONE;;PASSENGER CAR;PICKUP;;;;NO;18290;2019-10-04;12:58 PM;2019-10-04T16:58:00+00:00;;2019;No;No;10;NONE;NONE,NONE;NONE,NONE;PASSENGER CAR,PICKUP;PASSENGER CAR,PICKUP;PASSENGER CAR,PICKUP;PASSENGER CAR,PICKUP
30669;140 FEET FROM STONECROFT LN;NO SPECIAL FEATURE;STRAIGHT,LEVEL;LOCAL STREET;TWO-WAY,NOT DIVIDED;SMOOTH ASPHALT;DRY;DAYLIGHT;CLEAR;NO CONTROL PRESENT;35.842360071;-78.90334838;-78.9032;35.8427;P074;119;0;0;;;NONE;;NONE;;PASSENGER CAR;;;;;NO;8042;2017-09-16;7:27:36 AM;2017-09-16T11:27:36+00:00;35.842360071, -78.90334838;2017;No;No;9;NONE;NONE,NONE;NONE,NONE;PASSENGER CAR;PASSENGER CAR;PASSENGER CAR;PASSENGER CAR
41932;5 FEET FROM MACKENAN DR;RELATED TO INTERSECTION;STRAIGHT,LEVEL;LOCAL STREET;TWO-WAY,NOT DIVIDED;SMOOTH ASPHALT;DRY;DAYLIGHT;CLEAR;STOP SIGN;35.740311929;-78.80987758;-78.809817;35.740318;P041;116;0;0;;;NONE;;NONE;;PASSENGER CAR;PICKUP;;;;NO;18310;2019-10-05;4:04:43 PM;2019-10-05T20:04:43+00:00;35.740311929, -78.80987758;2019;No;No;10;NONE;NONE,NONE;NONE,NONE;PASSENGER CAR,PICKUP;PASSENGER CAR,PICKUP;PASSENGER CAR,PICKUP;PASSENGER CAR,PICKUP
30680;20 FEET FROM US 1 OFF RAMP;OFF-RAMP TERMINAL ON CROSSROAD;STRAIGHT,LEVEL;US ROUTE;ONE-WAY,NOT DIVIDED;SMOOTH ASPHALT;DRY;DAYLIGHT;CLEAR;STOP AND GO SIGNAL;;;-78.7942;35.738;;;0;0;;;NONE;;NONE;;PICKUP;PASSENGER CAR;;;;NO;8053;2017-09-15;5:32:48 PM;2017-09-15T21:32:48+00:00;;2017;No;No;9;NONE;NONE,NONE;NONE,NONE;PICKUP,PASSENGER CAR;PICKUP,PASSENGER CAR;PICKUP,PASSENGER CAR;PICKUP,PASSENGER CAR
41936;75 FEET FROM WESTON PKWY;NO SPECIAL FEATURE;STRAIGHT,HILLCREST;LOCAL STREET;TWO-WAY,DIVIDED,UNPROTECTED MEDIAN;SMOOTH ASPHALT;DRY;DARK - LIGHTED ROADWAY;CLEAR;NO CONTROL PRESENT;35.827295808;-78.79969857;-78.7993;35.8274;P021;111;0;0;;;;;NONE;;PASSENGER CAR;PICKUP;;;;NO;18314;2019-10-04;8:08:12 PM;2019-10-05T00:08:12+00:00;35.827295808, -78.79969857;2019;No;No;10;;NONE;NONE;PASSENGER CAR,PICKUP;PASSENGER CAR,PICKUP;PASSENGER CAR,PICKUP;PASSENGER CAR,PICKUP
30687;499 FEET FROM SR 1716 (YATES STORE RD);NO SPECIAL FEATURE;STRAIGHT,LEVEL;STATE SECONDARY ROUTE;TWO-WAY,NOT DIVIDED;SMOOTH ASPHALT;DRY;DARK - LIGHTED ROADWAY;CLEAR;NO CONTROL PRESENT;;;-78.9244;35.8073;;;0;0;1;;NONE;;NONE;;PASSENGER CAR;;;;;NO;8060;2017-09-16;9:24:24 PM;2017-09-17T01:24:24+00:00;;2017;No;No;9;NONE;NONE,NONE;NONE,NONE;PASSENGER CAR;PASSENGER CAR;PASSENGER CAR;PASSENGER CAR
41939;30 FEET FROM CARY GLEN BLVD;FOUR-WAY INTERSECTION;STRAIGHT,LEVEL;LOCAL STREET;TWO-WAY,DIVIDED,UNPROTECTED MEDIAN;SMOOTH ASPHALT;DRY;DARK - LIGHTED ROADWAY;CLEAR;STOP AND GO SIGNAL;;;-78.9027;35.8188;;;0;0;2;;NONE;;NONE;;PASSENGER CAR;;;;;NO;18317;2019-10-05;1:07:26 AM;2019-10-05T05:07:26+00:00;;2019;No;No;10;NONE;NONE,NONE;NONE,NONE;PASSENGER CAR;PASSENGER CAR;PASSENGER CAR;PASSENGER CAR
30711;100 FEET FROM SR 1009 (TRYON RD);DRIVEWAY, PUBLIC;STRAIGHT,GRADE;STATE SECONDARY ROUTE;TWO-WAY,DIVIDED,UNPROTECTED MEDIAN;SMOOTH ASPHALT;DRY;DAYLIGHT;CLEAR;STOP SIGN;;;-78.7815;35.7387;;115;0;0;;;NONE;;NONE;;PASSENGER CAR;PASSENGER CAR;;;;NO;8084;2017-09-19;3:35:44 PM;2017-09-19T19:35:44+00:00;;2017;No;No;9;NONE;NONE,NONE;NONE,NONE;PASSENGER CAR,PASSENGER CAR;PASSENGER CAR,PASSENGER CAR;PASSENGER CAR,PASSENGER CAR;PASSENGER CAR,PASSENGER CAR
41943;254 FEET FROM PVA CARYS CRAB HOUSE(220 CROSS;NO SPECIAL FEATURE;STRAIGHT,LEVEL;PUBLIC VEHICULAR AREA;TWO-WAY,NOT DIVIDED;SMOOTH ASPHALT;DRY;DAYLIGHT;CLEAR;NO CONTROL PRESENT;;;-78.74069;35.760121;;;0;0;;;NONE;;NONE;;UNKNOWN;PASSENGER CAR;;;;NO;18321;2019-10-06;2:09:06 PM;2019-10-06T18:09:06+00:00;;2019;No;No;10;NONE;NONE,NONE;NONE,NONE;UNKNOWN,PASSENGER CAR;UNKNOWN,PASSENGER CAR;UNKNOWN,PASSENGER CAR;UNKNOWN,PASSENGER CAR
30715;80 FEET FROM P.V.A. HIDDEN SPRINGS RD;NO SPECIAL FEATURE;STRAIGHT,LEVEL;PUBLIC VEHICULAR AREA;TWO-WAY,NOT DIVIDED;SMOOTH ASPHALT;DRY;DAYLIGHT;CLEAR;NO CONTROL PRESENT;;;-78.7836;35.8109;;;0;0;;;NONE;;NONE;;PASSENGER CAR;PASSENGER CAR;;;;NO;8088;2017-09-19;8:08:05 PM;2017-09-20T00:08:05+00:00;;2017;No;No;9;NONE;NONE,NONE;NONE,NONE;PASSENGER CAR,PASSENGER CAR;PASSENGER CAR,PASSENGER CAR;PASSENGER CAR,PASSENGER CAR;PASSENGER CAR,PASSENGER CAR
41947;.5 MILES FROM PVA 3901 GATEWAY CENTRE BLVD;NO SPECIAL FEATURE;STRAIGHT,LEVEL;PUBLIC VEHICULAR AREA;TWO-WAY,NOT DIVIDED;SMOOTH ASPHALT;DRY;DAYLIGHT;CLEAR;NO CONTROL PRESENT;;;-78.801968;35.848757;;111;0;0;;;NONE;;NONE;;PICKUP;PASSENGER CAR;;;;NO;18325;2019-10-07;1:14:06 PM;2019-10-07T17:14:06+00:00;;2019;No;No;10;NONE;NONE,NONE;NONE,NONE;PICKUP,PASSENGER CAR;PICKUP,PASSENGER CAR;PICKUP,PASSENGER CAR;PICKUP,PASSENGER CAR
30727;CARY;T-INTERSECTION;STRAIGHT,LEVEL;STATE SECONDARY ROUTE;TWO-WAY,NOT DIVIDED;SMOOTH ASPHALT;DRY;DUSK;CLEAR;STOP SIGN;;;-78.7874;35.7024;;;0;0;;;NONE;;NONE;;SPORT UTILITY;;;;;NO;8100;2017-09-21;6:28:36 PM;2017-09-21T22:28:36+00:00;;2017;No;No;9;NONE;NONE,NONE;NONE,NONE;SPORT UTILITY;SPORT UTILITY;SPORT UTILITY;SPORT UTILITY