tamainid;location_description;rdfeature;rdcharacter;rdclass;rdconfigur;rdsurface;rdcondition;lightcond;weather;trafcontrl;lat;lon;lon2;lat2;tract;zone;fatality;possblinj;numpassengers;numpedestrians;contrcir1_desc;contrcir2_desc;contrcir3_desc;contrcir4_desc;vehicle1;vehicle2;vehicle3;vehicle4;vehicle5;workarea;records;ta_date;ta_time;crash_date;geo_location;year;fatalities;injuries;month;contrfact1;contrfact2;contributing_factor;vehicleconcat1;vehicleconcat2;vehicleconcat3;vehicle_type
30863;400 FEET FROM PLANTATION DR;NO SPECIAL FEATURE;STRAIGHT,LEVEL;LOCAL STREET;TWO-WAY,NOT DIVIDED;COARSE ASPHALT;DRY;DAYLIGHT;CLEAR;NO CONTROL PRESENT;;;-78.79532;35.770004;;;0;0;;;OTHER *;;NONE;;VAN;;;;;NO;8236;2017-09-30;1:41:45 PM;2017-09-30T17:41:45+00:00;;2017;No;No;9;OTHER *;OTHER *,NONE;OTHER *,NONE;VAN;VAN;VAN;VAN
42050;106 FEET FROM WALNUT ST TO US 1 RAMP NB;ON-RAMP ENTRY;CURVE,HILLCREST;US ROUTE;ONE-WAY,NOT DIVIDED;SMOOTH ASPHALT;DRY;DAYLIGHT;CLEAR;YIELD SIGN;;;-78.745;35.761;;;0;0;;;NONE;;NONE;;PASSENGER CAR;PASSENGER CAR;;;;NO;18428;2019-10-14;11:20 AM;2019-10-14T15:20:00+00:00;;2019;No;No;10;NONE;NONE,NONE;NONE,NONE;PASSENGER CAR,PASSENGER CAR;PASSENGER CAR,PASSENGER CAR;PASSENGER CAR,PASSENGER CAR;PASSENGER CAR,PASSENGER CAR
30868;.10 MILES FROM SR 1652 (N HARRISON AV);NO SPECIAL FEATURE;STRAIGHT,LEVEL;STATE SECONDARY ROUTE;TWO-WAY,NOT DIVIDED;SMOOTH ASPHALT;DRY;DAYLIGHT;CLEAR;STOP AND GO SIGNAL;;;-78.7693;35.8288;;;0;0;;;;;NONE;;PASSENGER CAR;PASSENGER CAR;;;;NO;8241;2017-10-01;6:19:04 PM;2017-10-01T22:19:04+00:00;;2017;No;No;10;;NONE;NONE;PASSENGER CAR,PASSENGER CAR;PASSENGER CAR,PASSENGER CAR;PASSENGER CAR,PASSENGER CAR;PASSENGER CAR,PASSENGER CAR
42056;CARY;RELATED TO INTERSECTION;STRAIGHT,LEVEL;LOCAL STREET;TWO-WAY,DIVIDED,POSITIVE MEDIAN BARRIER;SMOOTH ASPHALT;DRY;DAYLIGHT;CLEAR;STOP SIGN;35.736014426;-78.78461828;-78.784508;35.73614;P053;116;0;0;;;NONE;;NONE;;PASSENGER CAR;PASSENGER CAR;;;;NO;18434;2019-10-14;4:08:57 PM;2019-10-14T20:08:57+00:00;35.736014426, -78.78461828;2019;No;No;10;NONE;NONE,NONE;NONE,NONE;PASSENGER CAR,PASSENGER CAR;PASSENGER CAR,PASSENGER CAR;PASSENGER CAR,PASSENGER CAR;PASSENGER CAR,PASSENGER CAR
30870;0 FEET FROM SR 1652 (N HARRISON AV);FOUR-WAY INTERSECTION;STRAIGHT,HILLCREST;STATE SECONDARY ROUTE;TWO-WAY,NOT DIVIDED;COARSE ASPHALT;DRY;DUSK;CLEAR;STOP AND GO SIGNAL;;;-78.783;35.8026;;;0;0;;;;;NONE;;SPORT UTILITY;PICKUP;;;;NO;8243;2017-10-01;6:25:44 PM;2017-10-01T22:25:44+00:00;;2017;No;No;10;;NONE;NONE;SPORT UTILITY,PICKUP;SPORT UTILITY,PICKUP;SPORT UTILITY,PICKUP;SPORT UTILITY,PICKUP
42057;CARY;T-INTERSECTION;CURVE,GRADE;STATE SECONDARY ROUTE;TWO-WAY,DIVIDED,UNPROTECTED MEDIAN;SMOOTH ASPHALT;DRY;DAYLIGHT;CLEAR;STOP SIGN;;;-78.81859;35.79454;;;0;0;;;NONE;;NONE;;SPORT UTILITY;PASSENGER CAR;;;;NO;18435;2019-10-14;5:53:10 PM;2019-10-14T21:53:10+00:00;;2019;No;No;10;NONE;NONE,NONE;NONE,NONE;SPORT UTILITY,PASSENGER CAR;SPORT UTILITY,PASSENGER CAR;SPORT UTILITY,PASSENGER CAR;SPORT UTILITY,PASSENGER CAR
30871;CARY;NO SPECIAL FEATURE;STRAIGHT,LEVEL;LOCAL STREET;TWO-WAY,DIVIDED,POSITIVE MEDIAN BARRIER;SMOOTH ASPHALT;DRY;DAYLIGHT;CLEAR;STOP AND GO SIGNAL;;;-78.7418;35.7612;;;0;1;2;;;;NONE;;PASSENGER CAR;PASSENGER CAR;;;;NO;8244;2017-10-01;6:57:53 PM;2017-10-01T22:57:53+00:00;;2017;No;Yes;10;;NONE;NONE;PASSENGER CAR,PASSENGER CAR;PASSENGER CAR,PASSENGER CAR;PASSENGER CAR,PASSENGER CAR;PASSENGER CAR,PASSENGER CAR
42058;CARY;RELATED TO INTERSECTION;STRAIGHT,GRADE;STATE SECONDARY ROUTE;TWO-WAY,DIVIDED,UNPROTECTED MEDIAN;SMOOTH ASPHALT;WET;DARK - LIGHTED ROADWAY;RAIN;STOP AND GO SIGNAL;;;-78.764237;35.772578;;;0;0;1;;NONE;;NONE;;PASSENGER CAR;PASSENGER CAR;;;;NO;18436;2019-10-13;7:06:41 PM;2019-10-13T23:06:41+00:00;;2019;No;No;10;NONE;NONE,NONE;NONE,NONE;PASSENGER CAR,PASSENGER CAR;PASSENGER CAR,PASSENGER CAR;PASSENGER CAR,PASSENGER CAR;PASSENGER CAR,PASSENGER CAR
30874;CARY;T-INTERSECTION;STRAIGHT,LEVEL;NC ROUTE;TWO-WAY,DIVIDED,UNPROTECTED MEDIAN;SMOOTH ASPHALT;DRY;DAYLIGHT;CLEAR;STOP AND GO SIGNAL;35.830667749;-78.87820464;-78.8781;35.8304;P091;WAKE;0;0;1;;NONE;;NONE;;PICKUP;PASSENGER CAR;;;;NO;8247;2017-10-01;5:05:09 PM;2017-10-01T21:05:09+00:00;35.830667749, -78.87820464;2017;No;No;10;NONE;NONE,NONE;NONE,NONE;PICKUP,PASSENGER CAR;PICKUP,PASSENGER CAR;PICKUP,PASSENGER CAR;PICKUP,PASSENGER CAR
42067;.29 MILES FROM REGENCY PKWY;NO SPECIAL FEATURE;STRAIGHT,LEVEL;LOCAL STREET;TWO-WAY,DIVIDED,UNPROTECTED MEDIAN;SMOOTH ASPHALT;DRY;DAYLIGHT;CLEAR;NO CONTROL PRESENT;35.727099407;-78.80379213;-78.8005;35.7303;P043;116;0;0;;;NONE;;NONE;;SPORT UTILITY;LIGHT TRUCK (MINI-VAN- PANEL);;;;NO;18445;2019-10-12;5:50:00 PM;2019-10-12T21:50:00+00:00;35.727099407, -78.80379213;2019;No;No;10;NONE;NONE,NONE;NONE,NONE;SPORT UTILITY,LIGHT TRUCK (MINI-VAN- PANEL);SPORT UTILITY,LIGHT TRUCK (MINI-VAN- PANEL);SPORT UTILITY,LIGHT TRUCK (MINI-VAN- PANEL);SPORT UTILITY,LIGHT TRUCK (MINI-VAN- PANEL)
30885;150 FEET FROM SR 1009 (TRYON RD);NO SPECIAL FEATURE;STRAIGHT,LEVEL;STATE SECONDARY ROUTE;TWO-WAY,DIVIDED,POSITIVE MEDIAN BARRIER;SMOOTH ASPHALT;DRY;DARK - ROADWAY NOT LIGHTED;CLEAR;STOP AND GO SIGNAL;;;-78.7623;35.7435;;;0;0;;;;;NONE;;PASSENGER CAR;SPORT UTILITY;;;;NO;8258;2017-10-02;10:41 PM;2017-10-03T02:41:00+00:00;;2017;No;No;10;;NONE;NONE;PASSENGER CAR,SPORT UTILITY;PASSENGER CAR,SPORT UTILITY;PASSENGER CAR,SPORT UTILITY;PASSENGER CAR,SPORT UTILITY
42068;.10 MILES FROM SR 1415 (SE MAYNARD RD);NO SPECIAL FEATURE;STRAIGHT,LEVEL;STATE SECONDARY ROUTE;TWO-WAY,NOT DIVIDED;SMOOTH ASPHALT;DRY;DAYLIGHT;CLEAR;NO CONTROL PRESENT;;;-78.764;35.7866;;;0;2;4;;NONE;;NONE;;PASSENGER CAR;PASSENGER CAR;PASSENGER CAR;;;NO;18446;2019-10-09;1:12:44 PM;2019-10-09T17:12:44+00:00;;2019;No;Yes;10;NONE;NONE,NONE;NONE,NONE;PASSENGER CAR,PASSENGER CAR;PASSENGER CAR,PASSENGER CAR,PASSENGER CAR;PASSENGER CAR,PASSENGER CAR,PASSENGER CAR;PASSENGER CAR,PASSENGER CAR,PASSENGER CAR
30893;400 FEET FROM SR 1009 (TRYON RD);NO SPECIAL FEATURE;STRAIGHT,HILLCREST;STATE SECONDARY ROUTE;TWO-WAY,DIVIDED,UNPROTECTED MEDIAN;COARSE ASPHALT;DRY;DAYLIGHT;CLEAR;NO CONTROL PRESENT;;;-78.7477;35.7459;;118;0;0;;;NONE;;NONE;;SPORT UTILITY;SPORT UTILITY;;;;NO;8266;2017-10-02;7:29:06 AM;2017-10-02T11:29:06+00:00;;2017;No;No;10;NONE;NONE,NONE;NONE,NONE;SPORT UTILITY,SPORT UTILITY;SPORT UTILITY,SPORT UTILITY;SPORT UTILITY,SPORT UTILITY;SPORT UTILITY,SPORT UTILITY
42076;.1 MILES FROM P.V.A. 2000 WALNUT ST;NO SPECIAL FEATURE;STRAIGHT,LEVEL;PUBLIC VEHICULAR AREA;TWO-WAY,NOT DIVIDED;SMOOTH ASPHALT;DRY;DAYLIGHT;CLEAR;NO CONTROL PRESENT;35.869481899;-78.59650388;-78.7424;35.7578;P119;RALW;0;0;;;NONE;;NONE;;;;;;;NO;18454;2019-10-15;2:29:39 PM;2019-10-15T18:29:39+00:00;35.869481899, -78.59650388;2019;No;No;10;NONE;NONE,NONE;NONE,NONE;;;;
30895;CARY;FOUR-WAY INTERSECTION;STRAIGHT,LEVEL;STATE SECONDARY ROUTE;TWO-WAY,DIVIDED,UNPROTECTED MEDIAN;COARSE ASPHALT;DRY;DAYLIGHT;CLEAR;STOP AND GO SIGNAL;;;-78.7578;35.6687;;116;0;0;5;;NONE;;NONE;;PASSENGER CAR;;;;;NO;8268;2017-10-02;4:10:20 PM;2017-10-02T20:10:20+00:00;;2017;No;No;10;NONE;NONE,NONE;NONE,NONE;PASSENGER CAR;PASSENGER CAR;PASSENGER CAR;PASSENGER CAR
42079;CARY;FOUR-WAY INTERSECTION;STRAIGHT,GRADE;NC ROUTE;TWO-WAY,NOT DIVIDED;SMOOTH ASPHALT;DRY;DAYLIGHT;CLEAR;NO CONTROL PRESENT;;;-78.8705;35.7862;;;0;0;;;NONE;;NONE;;PICKUP;SPORT UTILITY;;;;NO;18457;2019-10-15;5:26:19 PM;2019-10-15T21:26:19+00:00;;2019;No;No;10;NONE;NONE,NONE;NONE,NONE;PICKUP,SPORT UTILITY;PICKUP,SPORT UTILITY;PICKUP,SPORT UTILITY;PICKUP,SPORT UTILITY
30899;100 FEET FROM N HARRISON AV;RELATED TO INTERSECTION;STRAIGHT,LEVEL;;TWO-WAY,NOT DIVIDED;SMOOTH ASPHALT;DRY;DAYLIGHT;CLEAR;NO CONTROL PRESENT;;;-78.7698;35.8277;;;0;0;;;NONE;;NONE;;TRACTOR/SEMI-TRAILER;;;;;NO;8272;2017-10-02;2:12:29 PM;2017-10-02T18:12:29+00:00;;2017;No;No;10;NONE;NONE,NONE;NONE,NONE;TRACTOR/SEMI-TRAILER;TRACTOR/SEMI-TRAILER;TRACTOR/SEMI-TRAILER;TRACTOR/SEMI-TRAILER
42088;.1 MILES FROM SR-1415 SE MAYNARD RD;RELATED TO INTERSECTION;STRAIGHT,LEVEL;STATE SECONDARY ROUTE;TWO-WAY,DIVIDED,UNPROTECTED MEDIAN;SMOOTH ASPHALT;DRY;DAYLIGHT;CLEAR;STOP AND GO SIGNAL;;;-78.764286;35.775906;;;0;0;1;;;;NONE;;PASSENGER CAR;SPORT UTILITY;;;;NO;18466;2019-10-16;6:42:51 PM;2019-10-16T22:42:51+00:00;;2019;No;No;10;;NONE;NONE;PASSENGER CAR,SPORT UTILITY;PASSENGER CAR,SPORT UTILITY;PASSENGER CAR,SPORT UTILITY;PASSENGER CAR,SPORT UTILITY
30906;CARY;FOUR-WAY INTERSECTION;STRAIGHT,LEVEL;STATE SECONDARY ROUTE;TWO-WAY,DIVIDED,UNPROTECTED MEDIAN;SMOOTH ASPHALT;DRY;DARK - LIGHTED ROADWAY;CLEAR;STOP AND GO SIGNAL;;;-78.7623;35.7422;;;0;0;;;NONE;;NONE;;PASSENGER CAR;PASSENGER CAR;;;;NO;8279;2017-10-03;8:35:13 PM;2017-10-04T00:35:13+00:00;;2017;No;No;10;NONE;NONE,NONE;NONE,NONE;PASSENGER CAR,PASSENGER CAR;PASSENGER CAR,PASSENGER CAR;PASSENGER CAR,PASSENGER CAR;PASSENGER CAR,PASSENGER CAR
42089;.25 MILES FROM SR 1011 (E CHATHAM ST);NO SPECIAL FEATURE;STRAIGHT,LEVEL;STATE SECONDARY ROUTE;TWO-WAY,NOT DIVIDED;COARSE ASPHALT;WET;DAYLIGHT;RAIN;NO CONTROL PRESENT;;;-78.75923;35.791427;;120;0;0;;;NONE;;NONE;;PASSENGER CAR;;;;;NO;18467;2019-10-16;9:15:03 AM;2019-10-16T13:15:03+00:00;;2019;No;No;10;NONE;NONE,NONE;NONE,NONE;PASSENGER CAR;PASSENGER CAR;PASSENGER CAR;PASSENGER CAR
30907;CARY;RELATED TO INTERSECTION;STRAIGHT,GRADE;STATE SECONDARY ROUTE;TWO-WAY,DIVIDED,UNPROTECTED MEDIAN;SMOOTH ASPHALT;DRY;DAYLIGHT;CLEAR;STOP AND GO SIGNAL;;;-78.8583;35.7891;;;0;0;1;;NONE;;NONE;;SPORT UTILITY;PASSENGER CAR;;;;NO;8280;2017-10-03;6:53:26 PM;2017-10-03T22:53:26+00:00;;2017;No;No;10;NONE;NONE,NONE;NONE,NONE;SPORT UTILITY,PASSENGER CAR;SPORT UTILITY,PASSENGER CAR;SPORT UTILITY,PASSENGER CAR;SPORT UTILITY,PASSENGER CAR
42098;20 FEET FROM NC 55 HWY;FOUR-WAY INTERSECTION;STRAIGHT,LEVEL;NC ROUTE;TWO-WAY,DIVIDED,UNPROTECTED MEDIAN;SMOOTH ASPHALT;DRY;DAYLIGHT;CLEAR;STOP AND GO SIGNAL;;;-78.8712;35.8029;;122;0;0;;;NONE;;NONE;;PASSENGER CAR;;;;;NO;18476;2019-10-10;12:19 PM;2019-10-10T16:19:00+00:00;;2019;No;No;10;NONE;NONE,NONE;NONE,NONE;PASSENGER CAR;PASSENGER CAR;PASSENGER CAR;PASSENGER CAR
30912;0 FEET FROM SW MAYNARD RD (SR1415);T-INTERSECTION;STRAIGHT,LEVEL;STATE SECONDARY ROUTE;TWO-WAY,NOT DIVIDED;SMOOTH ASPHALT;DRY;DAYLIGHT;CLOUDY;NO CONTROL PRESENT;35.775113099;-78.80018135;-78.8002;35.7751;P036;114;0;0;;;;;NONE;;SPORT UTILITY;PASSENGER CAR;SPORT UTILITY;;;NO;8285;2017-10-04;8:15:59 AM;2017-10-04T12:15:59+00:00;35.775113099, -78.80018135;2017;No;No;10;;NONE;NONE;SPORT UTILITY,PASSENGER CAR;SPORT UTILITY,PASSENGER CAR,SPORT UTILITY;SPORT UTILITY,PASSENGER CAR,SPORT UTILITY;SPORT UTILITY,PASSENGER CAR,SPORT UTILITY
42101;.11 MILES FROM SR 1009 (TRYON RD);NO SPECIAL FEATURE;STRAIGHT,GRADE;STATE SECONDARY ROUTE;TWO-WAY,DIVIDED,POSITIVE MEDIAN BARRIER;SMOOTH ASPHALT;;DAYLIGHT;CLOUDY;NO CONTROL PRESENT;;;-78.7615;35.7438;;118;0;0;;;NONE;;NONE;;PASSENGER CAR;PASSENGER CAR;SPORT UTILITY;PASSENGER CAR;;NO;18479;2019-10-16;2:56:22 PM;2019-10-16T18:56:22+00:00;;2019;No;No;10;NONE;NONE,NONE;NONE,NONE;PASSENGER CAR,PASSENGER CAR;PASSENGER CAR,PASSENGER CAR,SPORT UTILITY;PASSENGER CAR,PASSENGER CAR,SPORT UTILITY,PASSENGER CAR;PASSENGER CAR,PASSENGER CAR,SPORT UTILITY,PASSENGER CAR
30913;400 FEET FROM NC 55 HWY WEST;NO SPECIAL FEATURE;STRAIGHT,LEVEL;NC ROUTE;TWO-WAY,DIVIDED,UNPROTECTED MEDIAN;SMOOTH ASPHALT;DRY;DAYLIGHT;CLEAR;NO CONTROL PRESENT;;;-78.8738;35.8221;;;0;0;;;;;NONE;;PASSENGER CAR;;;;;NO;8286;2017-10-04;10:29 AM;2017-10-04T14:29:00+00:00;;2017;No;No;10;;NONE;NONE;PASSENGER CAR;PASSENGER CAR;PASSENGER CAR;PASSENGER CAR
42104;CARY;RELATED TO INTERSECTION;STRAIGHT,LEVEL;NC ROUTE;TWO-WAY,NOT DIVIDED;SMOOTH ASPHALT;DRY;DARK - LIGHTED ROADWAY;CLEAR;STOP AND GO SIGNAL;;;-78.7829;35.8025;;;0;0;;;NONE;;NONE;;PASSENGER CAR;SPORT UTILITY;;;;NO;18482;2019-10-16;9:19:58 PM;2019-10-17T01:19:58+00:00;;2019;No;No;10;NONE;NONE,NONE;NONE,NONE;PASSENGER CAR,SPORT UTILITY;PASSENGER CAR,SPORT UTILITY;PASSENGER CAR,SPORT UTILITY;PASSENGER CAR,SPORT UTILITY
30916;NEAR .1 MILES E OF E SR-1379 PENNY RD;NO SPECIAL FEATURE;STRAIGHT,GRADE;STATE SECONDARY ROUTE;TWO-WAY,NOT DIVIDED;SMOOTH ASPHALT;DRY;DAYLIGHT;CLEAR;NO CONTROL PRESENT;;;-78.7616;35.7096;;;0;0;;;NONE;;NONE;;PASSENGER CAR;PASSENGER CAR;;;;NO;8289;2017-10-04;11:47 AM;2017-10-04T15:47:00+00:00;;2017;No;No;10;NONE;NONE,NONE;NONE,NONE;PASSENGER CAR,PASSENGER CAR;PASSENGER CAR,PASSENGER CAR;PASSENGER CAR,PASSENGER CAR;PASSENGER CAR,PASSENGER CAR
42112;396 FEET FROM SR 3112 (NW CARY PKY);NO SPECIAL FEATURE;STRAIGHT,LEVEL;STATE SECONDARY ROUTE;TWO-WAY,NOT DIVIDED;SMOOTH ASPHALT;WET;DAYLIGHT;RAIN;NO CONTROL PRESENT;;;-78.781619;35.820725;;;0;0;;;NONE;;NONE;;PASSENGER CAR;PASSENGER CAR;PASSENGER CAR;;;NO;18490;2019-10-16;12:18 PM;2019-10-16T16:18:00+00:00;;2019;No;No;10;NONE;NONE,NONE;NONE,NONE;PASSENGER CAR,PASSENGER CAR;PASSENGER CAR,PASSENGER CAR,PASSENGER CAR;PASSENGER CAR,PASSENGER CAR,PASSENGER CAR;PASSENGER CAR,PASSENGER CAR,PASSENGER CAR
30919;0.25 MILES FROM US 1 HWY;NO SPECIAL FEATURE;STRAIGHT,LEVEL;US ROUTE;TWO-WAY,DIVIDED,POSITIVE MEDIAN BARRIER;SMOOTH ASPHALT;DRY;DAYLIGHT;CLEAR;NO CONTROL PRESENT;;;-78.7483;35.7601;;;0;1;1;;NONE;;NONE;;PASSENGER CAR;PASSENGER CAR;;;;NO;8292;2017-10-04;4:56:09 PM;2017-10-04T20:56:09+00:00;;2017;No;Yes;10;NONE;NONE,NONE;NONE,NONE;PASSENGER CAR,PASSENGER CAR;PASSENGER CAR,PASSENGER CAR;PASSENGER CAR,PASSENGER CAR;PASSENGER CAR,PASSENGER CAR
42113;47 FEET FROM SR 1300 (KILDAIRE FARM RD);NO SPECIAL FEATURE;STRAIGHT,LEVEL;STATE SECONDARY ROUTE;TWO-WAY,DIVIDED,UNPROTECTED MEDIAN;SMOOTH ASPHALT;DRY;DAYLIGHT;CLEAR;NO CONTROL PRESENT;;;-78.780425;35.78135;;;0;0;1;;NONE;;NONE;;PASSENGER CAR;PASSENGER CAR;;;;NO;18491;2019-10-18;8:37:46 AM;2019-10-18T12:37:46+00:00;;2019;No;No;10;NONE;NONE,NONE;NONE,NONE;PASSENGER CAR,PASSENGER CAR;PASSENGER CAR,PASSENGER CAR;PASSENGER CAR,PASSENGER CAR;PASSENGER CAR,PASSENGER CAR
30920;300 FEET FROM PVA-7145 OKELLY CHAPEL RD;DRIVEWAY, PUBLIC;STRAIGHT,LEVEL;PUBLIC VEHICULAR AREA;TWO-WAY,NOT DIVIDED;COARSE ASPHALT;DRY;DAYLIGHT;CLEAR;NO CONTROL PRESENT;;;;;;;0;0;;;NONE;;NONE;;UNKNOWN;PASSENGER CAR;;;;NO;8293;2017-10-04;3:00:13 PM;2017-10-04T19:00:13+00:00;;2017;No;No;10;NONE;NONE,NONE;NONE,NONE;UNKNOWN,PASSENGER CAR;UNKNOWN,PASSENGER CAR;UNKNOWN,PASSENGER CAR;UNKNOWN,PASSENGER CAR
42117;CARY;RELATED TO INTERSECTION;STRAIGHT,LEVEL;LOCAL STREET;TWO-WAY,NOT DIVIDED;SMOOTH ASPHALT;DRY;DAYLIGHT;CLEAR;STOP SIGN;35.784603658;-78.78119478;-78.78117;35.78714;P125;120;0;0;;;;;NONE;;PASSENGER CAR;PASSENGER CAR;;;;NO;18495;2019-10-17;11:21 PM;2019-10-18T03:21:00+00:00;35.784603658, -78.78119478;2019;No;No;10;;NONE;NONE;PASSENGER CAR,PASSENGER CAR;PASSENGER CAR,PASSENGER CAR;PASSENGER CAR,PASSENGER CAR;PASSENGER CAR,PASSENGER CAR
30921;CARY;DRIVEWAY, PRIVATE;STRAIGHT,GRADE;STATE SECONDARY ROUTE;TWO-WAY,NOT DIVIDED;SMOOTH ASPHALT;DRY;DAYLIGHT;CLEAR;NO CONTROL PRESENT;;;-78.913238;35.822239;;;0;1;;;NONE;;NONE;;LIGHT TRUCK (MINI-VAN- PANEL);;;;;NO;8294;2017-10-04;5:26:14 PM;2017-10-04T21:26:14+00:00;;2017;No;Yes;10;NONE;NONE,NONE;NONE,NONE;LIGHT TRUCK (MINI-VAN- PANEL);LIGHT TRUCK (MINI-VAN- PANEL);LIGHT TRUCK (MINI-VAN- PANEL);LIGHT TRUCK (MINI-VAN- PANEL)
42118;.5 MILES FROM SR 1615 (HIGH HOUSE RD);;;;;;;;;;;;-78.843578;35.792353;;121;0;0;;;;;;;PASSENGER CAR;;;;;;18496;2019-10-19;8:02:44 AM;2019-10-19T12:02:44+00:00;;2019;No;No;10;;;;PASSENGER CAR;PASSENGER CAR;PASSENGER CAR;PASSENGER CAR
30923;.12 MILES FROM PVA AT 2964 KILDAIRE FARM RD;NO SPECIAL FEATURE;STRAIGHT,LEVEL;PUBLIC VEHICULAR AREA;TWO-WAY,NOT DIVIDED;SMOOTH ASPHALT;DRY;DAYLIGHT;CLEAR;NO CONTROL PRESENT;;;-78.7874;35.7187;;;0;0;;;NONE;;NONE;;PASSENGER CAR;PASSENGER CAR;;;;NO;8296;2017-10-04;6:03:21 PM;2017-10-04T22:03:21+00:00;;2017;No;No;10;NONE;NONE,NONE;NONE,NONE;PASSENGER CAR,PASSENGER CAR;PASSENGER CAR,PASSENGER CAR;PASSENGER CAR,PASSENGER CAR;PASSENGER CAR,PASSENGER CAR
42120;50 FEET FROM GRIFFIS ST;NO SPECIAL FEATURE;STRAIGHT,GRADE;LOCAL STREET;TWO-WAY,NOT DIVIDED;SMOOTH ASPHALT;DRY;DAYLIGHT;CLOUDY;NO CONTROL PRESENT;35.778723159;-78.78932949;-78.789377;35.778339;P036;114;0;0;;;NONE;;NONE;;UNKNOWN;SPORT UTILITY;;;;NO;18498;2019-10-19;9:27:47 AM;2019-10-19T13:27:47+00:00;35.778723159, -78.78932949;2019;No;No;10;NONE;NONE,NONE;NONE,NONE;UNKNOWN,SPORT UTILITY;UNKNOWN,SPORT UTILITY;UNKNOWN,SPORT UTILITY;UNKNOWN,SPORT UTILITY
30924;CARY;DRIVEWAY, PUBLIC;STRAIGHT,LEVEL;PUBLIC VEHICULAR AREA;TWO-WAY,NOT DIVIDED;SMOOTH ASPHALT;DRY;DAYLIGHT;CLEAR;NO CONTROL PRESENT;;;-78.78497;35.757188;;;0;0;;;NONE;;NONE;;SPORT UTILITY;PASSENGER CAR;;;;NO;8297;2017-10-03;9:13:10 PM;2017-10-04T01:13:10+00:00;;2017;No;No;10;NONE;NONE,NONE;NONE,NONE;SPORT UTILITY,PASSENGER CAR;SPORT UTILITY,PASSENGER CAR;SPORT UTILITY,PASSENGER CAR;SPORT UTILITY,PASSENGER CAR
42123;300 FEET FROM P.V.A. (6770 MCCRIMMON PKWY);DRIVEWAY, PUBLIC;STRAIGHT,LEVEL;PUBLIC VEHICULAR AREA;TWO-WAY,NOT DIVIDED;SMOOTH ASPHALT;DRY;DARK - LIGHTED ROADWAY;CLEAR;NO CONTROL PRESENT;;;-78.891127;35.830687;;119;0;0;;;NONE;;NONE;;PASSENGER CAR;PASSENGER CAR;;;;NO;18501;2019-10-17;10:14 PM;2019-10-18T02:14:00+00:00;;2019;No;No;10;NONE;NONE,NONE;NONE,NONE;PASSENGER CAR,PASSENGER CAR;PASSENGER CAR,PASSENGER CAR;PASSENGER CAR,PASSENGER CAR;PASSENGER CAR,PASSENGER CAR
30925;450 FEET FROM WESTON PKWY;NO SPECIAL FEATURE;STRAIGHT,LEVEL;LOCAL STREET;TWO-WAY,DIVIDED,POSITIVE MEDIAN BARRIER;SMOOTH ASPHALT;DRY;DARK - LIGHTED ROADWAY;CLEAR;NO CONTROL PRESENT;;;-78.801;35.8269;;;0;0;;;NONE;;NONE;;PASSENGER CAR;;;;;NO;8298;2017-10-04;7:12:30 PM;2017-10-04T23:12:30+00:00;;2017;No;No;10;NONE;NONE,NONE;NONE,NONE;PASSENGER CAR;PASSENGER CAR;PASSENGER CAR;PASSENGER CAR
42126;75 FEET FROM P.V.A. 1201 WALNUT ST;NO SPECIAL FEATURE;STRAIGHT,LEVEL;PUBLIC VEHICULAR AREA;TWO-WAY,NOT DIVIDED;SMOOTH ASPHALT;DRY;DAYLIGHT;CLEAR;NO CONTROL PRESENT;;;-78.7605;35.7698;;;0;0;2;;NONE;;NONE;;PASSENGER CAR;PASSENGER CAR;;;;NO;18504;2019-10-18;4:56:25 PM;2019-10-18T20:56:25+00:00;;2019;No;No;10;NONE;NONE,NONE;NONE,NONE;PASSENGER CAR,PASSENGER CAR;PASSENGER CAR,PASSENGER CAR;PASSENGER CAR,PASSENGER CAR;PASSENGER CAR,PASSENGER CAR
30934;200 FEET FROM SR-1300 (KILDAIRE FARM RD);RELATED TO INTERSECTION;STRAIGHT,LEVEL;STATE SECONDARY ROUTE;TWO-WAY,NOT DIVIDED;SMOOTH ASPHALT;DRY;DAYLIGHT;CLEAR;STOP AND GO SIGNAL;;;-78.7804;35.7415;;;0;0;;;NONE;;NONE;;PASSENGER CAR;PASSENGER CAR;;;;NO;8307;2017-10-05;12:59 PM;2017-10-05T16:59:00+00:00;;2017;No;No;10;NONE;NONE,NONE;NONE,NONE;PASSENGER CAR,PASSENGER CAR;PASSENGER CAR,PASSENGER CAR;PASSENGER CAR,PASSENGER CAR;PASSENGER CAR,PASSENGER CAR
42128;100 FEET FROM PVA OF SPARTACUS CT;NO SPECIAL FEATURE;STRAIGHT,GRADE;PUBLIC VEHICULAR AREA;TWO-WAY,NOT DIVIDED;SMOOTH ASPHALT;DRY;DAYLIGHT;CLEAR;NO CONTROL PRESENT;;;-78.7536;35.7391;;;0;0;;;NONE;;NONE;;SPORT UTILITY;PASSENGER CAR;;;;NO;18506;2019-10-18;3:26:36 PM;2019-10-18T19:26:36+00:00;;2019;No;No;10;NONE;NONE,NONE;NONE,NONE;SPORT UTILITY,PASSENGER CAR;SPORT UTILITY,PASSENGER CAR;SPORT UTILITY,PASSENGER CAR;SPORT UTILITY,PASSENGER CAR