tamainid;location_description;rdfeature;rdcharacter;rdclass;rdconfigur;rdsurface;rdcondition;lightcond;weather;trafcontrl;lat;lon;lon2;lat2;tract;zone;fatality;possblinj;numpassengers;numpedestrians;contrcir1_desc;contrcir2_desc;contrcir3_desc;contrcir4_desc;vehicle1;vehicle2;vehicle3;vehicle4;vehicle5;workarea;records;ta_date;ta_time;crash_date;geo_location;year;fatalities;injuries;month;contrfact1;contrfact2;contributing_factor;vehicleconcat1;vehicleconcat2;vehicleconcat3;vehicle_type
31776;CARY;DRIVEWAY, PUBLIC;CURVE,GRADE;PUBLIC VEHICULAR AREA;TWO-WAY,DIVIDED,POSITIVE MEDIAN BARRIER;SMOOTH ASPHALT;DRY;DAYLIGHT;CLEAR;YIELD SIGN;;;-78.7414;35.7611;;;0;0;2;;;;NONE;;PASSENGER CAR;SPORT UTILITY;;;;NO;9149;2017-12-01;12:15 PM;2017-12-01T17:15:00+00:00;;2017;No;No;12;;NONE;NONE;PASSENGER CAR,SPORT UTILITY;PASSENGER CAR,SPORT UTILITY;PASSENGER CAR,SPORT UTILITY;PASSENGER CAR,SPORT UTILITY
43002;230 FEET FROM PVA (25000 BURBAGE CIR);NO SPECIAL FEATURE;STRAIGHT,LEVEL;PUBLIC VEHICULAR AREA;TWO-WAY,NOT DIVIDED;SMOOTH ASPHALT;WET;DARK - LIGHTED ROADWAY;RAIN;NO CONTROL PRESENT;35.708900933;-78.69614875;-78.8967;35.8618;P119;RALW;0;0;;;NONE;;NONE;;SPORT UTILITY;UNKNOWN;;;;NO;19377;2019-12-13;11:06 AM;2019-12-13T16:06:00+00:00;35.708900933, -78.69614875;2019;No;No;12;NONE;NONE,NONE;NONE,NONE;SPORT UTILITY,UNKNOWN;SPORT UTILITY,UNKNOWN;SPORT UTILITY,UNKNOWN;SPORT UTILITY,UNKNOWN
31780;.1 MILES FROM WELLINGTON RIDGE LOOP;DRIVEWAY, PUBLIC;STRAIGHT,LEVEL;PUBLIC VEHICULAR AREA;ONE-WAY,NOT DIVIDED;SMOOTH ASPHALT;DRY;DAYLIGHT;CLEAR;NO CONTROL PRESENT;35.749961058;-78.76357873;-78.7598;35.7469;P004;118;0;1;;;NONE;;NONE;;PASSENGER CAR;PASSENGER CAR;;;;NO;9153;2017-12-02;10:49 AM;2017-12-02T15:49:00+00:00;35.749961058, -78.76357873;2017;No;Yes;12;NONE;NONE,NONE;NONE,NONE;PASSENGER CAR,PASSENGER CAR;PASSENGER CAR,PASSENGER CAR;PASSENGER CAR,PASSENGER CAR;PASSENGER CAR,PASSENGER CAR
43007;200 FEET FROM P.V.A. (801 BASS PRO LN);FOUR-WAY INTERSECTION;STRAIGHT,LEVEL;PUBLIC VEHICULAR AREA;TWO-WAY,NOT DIVIDED;SMOOTH ASPHALT;WET;DAYLIGHT;RAIN;STOP SIGN;;;-78.769;35.8302;;;0;0;;;NONE;;NONE;;PASSENGER CAR;PICKUP;;;;NO;19382;2019-12-13;11:36 AM;2019-12-13T16:36:00+00:00;;2019;No;No;12;NONE;NONE,NONE;NONE,NONE;PASSENGER CAR,PICKUP;PASSENGER CAR,PICKUP;PASSENGER CAR,PICKUP;PASSENGER CAR,PICKUP
31781;300 FEET FROM 2350 WALNUT ST (PVA);NO SPECIAL FEATURE;STRAIGHT,LEVEL;PUBLIC VEHICULAR AREA;ONE-WAY,NOT DIVIDED;SMOOTH ASPHALT;UNKNOWN;UNKNOWN;CLEAR;NO CONTROL PRESENT;35.76104751;-78.74409322;-78.7457;35.7544;P045;118;0;0;;;NONE;;;;VAN;UNKNOWN;;;;NO;9154;2017-12-02;2:19:06 PM;2017-12-02T19:19:06+00:00;35.76104751, -78.74409322;2017;No;No;12;NONE;NONE;NONE;VAN,UNKNOWN;VAN,UNKNOWN;VAN,UNKNOWN;VAN,UNKNOWN
43014;0 MILES FROM P.V.A. (333 CROSSROADS BLVD);NO SPECIAL FEATURE;STRAIGHT,LEVEL;PUBLIC VEHICULAR AREA;TWO-WAY,NOT DIVIDED;SMOOTH ASPHALT;DRY;DAYLIGHT;CLEAR;NO CONTROL PRESENT;;;-78.737;35.761;;;0;0;;;NONE;;NONE;;PICKUP;PICKUP;;;;NO;19389;2019-12-14;3:33:21 PM;2019-12-14T20:33:21+00:00;;2019;No;No;12;NONE;NONE,NONE;NONE,NONE;PICKUP,PICKUP;PICKUP,PICKUP;PICKUP,PICKUP;PICKUP,PICKUP
31783;.05 MILES FROM SR-1415 (NE MAYNARD RD);NO SPECIAL FEATURE;STRAIGHT,LEVEL;STATE SECONDARY ROUTE;TWO-WAY,NOT DIVIDED;SMOOTH ASPHALT;WET;DAYLIGHT;CLOUDY;NO CONTROL PRESENT;;;-78.7743;35.803;;;0;0;1;;NONE;;NONE;;PASSENGER CAR;;;;;NO;9156;2017-12-02;2:18:54 PM;2017-12-02T19:18:54+00:00;;2017;No;No;12;NONE;NONE,NONE;NONE,NONE;PASSENGER CAR;PASSENGER CAR;PASSENGER CAR;PASSENGER CAR
43015;75 FEET FROM P.V.A.(103 SW MAYNARD RD);NO SPECIAL FEATURE;STRAIGHT,LEVEL;PUBLIC VEHICULAR AREA;TWO-WAY,NOT DIVIDED;SMOOTH ASPHALT;DRY;DAYLIGHT;CLEAR;NO CONTROL PRESENT;;;-78.78212;35.77098;;;0;0;;;NONE;;NONE;;PASSENGER CAR;VAN;;;;NO;19390;2019-12-15;12:59 PM;2019-12-15T17:59:00+00:00;;2019;No;No;12;NONE;NONE,NONE;NONE,NONE;PASSENGER CAR,VAN;PASSENGER CAR,VAN;PASSENGER CAR,VAN;PASSENGER CAR,VAN
31787;225 FEET FROM P.V.A. (760 SE MAYNARD RD);DRIVEWAY, PUBLIC;STRAIGHT,LEVEL;PUBLIC VEHICULAR AREA;TWO-WAY,NOT DIVIDED;SMOOTH ASPHALT;DRY;DARK - LIGHTED ROADWAY;CLEAR;NO CONTROL PRESENT;;;-78.762376;35.769803;;;0;0;;;NONE;;NONE;;SPORT UTILITY;PASSENGER CAR;;;;NO;9160;2017-12-03;6:21:00 PM;2017-12-03T23:21:00+00:00;;2017;No;No;12;NONE;NONE,NONE;NONE,NONE;SPORT UTILITY,PASSENGER CAR;SPORT UTILITY,PASSENGER CAR;SPORT UTILITY,PASSENGER CAR;SPORT UTILITY,PASSENGER CAR
43021;11 FEET FROM NOTTINGHAM DR;RELATED TO INTERSECTION;CURVE,LEVEL;LOCAL STREET;TWO-WAY,NOT DIVIDED;COARSE ASPHALT;DRY;DAYLIGHT;CLEAR;NO CONTROL PRESENT;35.767341822;-78.7466563;-78.7469;35.7674;P083;112;0;0;;;;;NONE;;SPORT UTILITY;;;;;NO;19396;2019-12-15;8:28:25 AM;2019-12-15T13:28:25+00:00;35.767341822, -78.7466563;2019;No;No;12;;NONE;NONE;SPORT UTILITY;SPORT UTILITY;SPORT UTILITY;SPORT UTILITY
31792;.1 MILES FROM US HWY 1;NO SPECIAL FEATURE;STRAIGHT,LEVEL;US ROUTE;TWO-WAY,DIVIDED,POSITIVE MEDIAN BARRIER;SMOOTH ASPHALT;DRY;DUSK;CLEAR;NO CONTROL PRESENT;;;-78.778;35.7455;;;0;0;;;NONE;;NONE;;PICKUP;;;;;NO;9165;2017-12-01;5:30:10 PM;2017-12-01T22:30:10+00:00;;2017;No;No;12;NONE;NONE,NONE;NONE,NONE;PICKUP;PICKUP;PICKUP;PICKUP
43026;CARY;FOUR-WAY INTERSECTION;STRAIGHT,LEVEL;LOCAL STREET;TWO-WAY,NOT DIVIDED;SMOOTH ASPHALT;DRY;DAYLIGHT;CLEAR;STOP SIGN;35.757763947;-78.73637239;-78.736;35.758;P045;118;0;0;;;NONE;;NONE;;PASSENGER CAR;PASSENGER CAR;;;;NO;19401;2019-12-15;4:33:55 PM;2019-12-15T21:33:55+00:00;35.757763947, -78.73637239;2019;No;No;12;NONE;NONE,NONE;NONE,NONE;PASSENGER CAR,PASSENGER CAR;PASSENGER CAR,PASSENGER CAR;PASSENGER CAR,PASSENGER CAR;PASSENGER CAR,PASSENGER CAR
31798;150 FEET FROM SR 3977 (SE CARY PARKWAY);NO SPECIAL FEATURE;STRAIGHT,LEVEL;STATE SECONDARY ROUTE;TWO-WAY,DIVIDED,UNPROTECTED MEDIAN;SMOOTH ASPHALT;DRY;DARK - LIGHTED ROADWAY;CLEAR;NO CONTROL PRESENT;;;-78.819914;35.75989;;115;0;0;;;;;NONE;;SPORT UTILITY;PASSENGER CAR;SPORT UTILITY;;;NO;9171;2017-12-01;5:34:24 PM;2017-12-01T22:34:24+00:00;;2017;No;No;12;;NONE;NONE;SPORT UTILITY,PASSENGER CAR;SPORT UTILITY,PASSENGER CAR,SPORT UTILITY;SPORT UTILITY,PASSENGER CAR,SPORT UTILITY;SPORT UTILITY,PASSENGER CAR,SPORT UTILITY
43027;100 FEET FROM US 1;NO SPECIAL FEATURE;STRAIGHT,LEVEL;US ROUTE;TWO-WAY,DIVIDED,POSITIVE MEDIAN BARRIER;CONCRETE;DRY;DARK - LIGHTED ROADWAY;CLEAR;NO CONTROL PRESENT;;;-78.74448;35.76226;;;0;0;;;NONE;;NONE;;PASSENGER CAR;PASSENGER CAR;;;;NO;19402;2019-12-12;6:28:54 PM;2019-12-12T23:28:54+00:00;;2019;No;No;12;NONE;NONE,NONE;NONE,NONE;PASSENGER CAR,PASSENGER CAR;PASSENGER CAR,PASSENGER CAR;PASSENGER CAR,PASSENGER CAR;PASSENGER CAR,PASSENGER CAR
31803;150 FEET FROM HARLON DR (PVA);NO SPECIAL FEATURE;CURVE,LEVEL;PUBLIC VEHICULAR AREA;TWO-WAY,NOT DIVIDED;SMOOTH ASPHALT;WET;DAYLIGHT;CLOUDY;NO CONTROL PRESENT;35.768000687;-78.74682953;-78.7471;35.7682;P083;112;0;0;1;;;;COMING FROM BEHIND PARKED VEHICLE;;;;;;;NO;9176;2017-12-02;12:44 PM;2017-12-02T17:44:00+00:00;35.768000687, -78.74682953;2017;No;No;12;;COMING FROM BEHIND PARKED VEHICLE;COMING FROM BEHIND PARKED VEHICLE;;;;
43030;1.4 MILES FROM US 1;NO SPECIAL FEATURE;STRAIGHT,LEVEL;US ROUTE;TWO-WAY,DIVIDED,POSITIVE MEDIAN BARRIER;SMOOTH ASPHALT;WET;DARK - ROADWAY NOT LIGHTED;RAIN;NO CONTROL PRESENT;;;-78.7995;35.7336;;;0;2;1;;NONE;;NONE;;PASSENGER CAR;;;;;NO;19405;2019-12-13;3:31:00 AM;2019-12-13T08:31:00+00:00;;2019;No;Yes;12;NONE;NONE,NONE;NONE,NONE;PASSENGER CAR;PASSENGER CAR;PASSENGER CAR;PASSENGER CAR
31805;NEAR .02 MILES E OF E SR 1011 (HILLSBOROUGH ST);NO SPECIAL FEATURE;STRAIGHT,GRADE;STATE SECONDARY ROUTE;TWO-WAY,NOT DIVIDED;SMOOTH ASPHALT;WET;DAYLIGHT;RAIN;DOUBLE YELLOW LINE, NO PASSING ZONE;;;-78.7453;35.789;;;0;1;2;;NONE;;NONE;;VAN;SPORT UTILITY;;;;NO;9178;2017-12-02;1:05:59 PM;2017-12-02T18:05:59+00:00;;2017;No;Yes;12;NONE;NONE,NONE;NONE,NONE;VAN,SPORT UTILITY;VAN,SPORT UTILITY;VAN,SPORT UTILITY;VAN,SPORT UTILITY
43031;1.4 MILES FROM US 1;NO SPECIAL FEATURE;STRAIGHT,LEVEL;US ROUTE;TWO-WAY,DIVIDED,POSITIVE MEDIAN BARRIER;SMOOTH ASPHALT;WET;DARK - ROADWAY NOT LIGHTED;RAIN;NO CONTROL PRESENT;;;-78.7995;35.7336;;;0;0;1;;NONE;;NONE;;PASSENGER CAR;PASSENGER CAR;;;;NO;19406;2019-12-13;4:50:10 AM;2019-12-13T09:50:10+00:00;;2019;No;No;12;NONE;NONE,NONE;NONE,NONE;PASSENGER CAR,PASSENGER CAR;PASSENGER CAR,PASSENGER CAR;PASSENGER CAR,PASSENGER CAR;PASSENGER CAR,PASSENGER CAR
31816;.1 MILES FROM QUEENSFERRY RD;NO SPECIAL FEATURE;STRAIGHT,HILLCREST;LOCAL STREET;TWO-WAY,NOT DIVIDED;SMOOTH ASPHALT;DRY;DAYLIGHT;CLEAR;NO CONTROL PRESENT;35.750665713;-78.7883801;-78.78;35.75;P042;115;0;0;;;NONE;;FAILURE TO YIELD RIGHT OF WAY;;PICKUP;SPORT UTILITY;;;;CONSTRUCTION WORK AREA;9189;2017-12-01;2:21:48 PM;2017-12-01T19:21:48+00:00;35.750665713, -78.7883801;2017;No;No;12;NONE;NONE,FAILURE TO YIELD RIGHT OF WAY;NONE,FAILURE TO YIELD RIGHT OF WAY;PICKUP,SPORT UTILITY;PICKUP,SPORT UTILITY;PICKUP,SPORT UTILITY;PICKUP,SPORT UTILITY
43044;200 FEET FROM US 64;NO SPECIAL FEATURE;STRAIGHT,LEVEL;US ROUTE;TWO-WAY,DIVIDED,POSITIVE MEDIAN BARRIER;SMOOTH ASPHALT;WET;DARK - ROADWAY NOT LIGHTED;RAIN;NO CONTROL PRESENT;;;-78.8037;35.7402;;;0;0;;;NONE;;NONE;;SPORT UTILITY;PASSENGER CAR;PASSENGER CAR;;;NO;19419;2019-12-13;5:46:37 PM;2019-12-13T22:46:37+00:00;;2019;No;No;12;NONE;NONE,NONE;NONE,NONE;SPORT UTILITY,PASSENGER CAR;SPORT UTILITY,PASSENGER CAR,PASSENGER CAR;SPORT UTILITY,PASSENGER CAR,PASSENGER CAR;SPORT UTILITY,PASSENGER CAR,PASSENGER CAR
31821;20 FEET FROM CROSSROADS BLVD;FOUR-WAY INTERSECTION;STRAIGHT,LEVEL;LOCAL STREET;TWO-WAY,DIVIDED,UNPROTECTED MEDIAN;COARSE ASPHALT;DRY;DAYLIGHT;CLOUDY;STOP AND GO SIGNAL;35.757615983;-78.73308361;-78.7336;35.7571;P045;118;0;0;1;;;;NONE;;SPORT UTILITY;;;;;NO;9194;2017-12-02;10:00 AM;2017-12-02T15:00:00+00:00;35.757615983, -78.73308361;2017;No;No;12;;NONE;NONE;SPORT UTILITY;SPORT UTILITY;SPORT UTILITY;SPORT UTILITY
43046;0 FEET FROM CARY TOWNE CENTER DR;FOUR-WAY INTERSECTION;STRAIGHT,LEVEL;STATE SECONDARY ROUTE;TWO-WAY,NOT DIVIDED;SMOOTH ASPHALT;WET;DARK - ROADWAY NOT LIGHTED;RAIN;STOP AND GO SIGNAL;;;-78.7618;35.7705;;;0;0;;;NONE;;NONE;;PASSENGER CAR;SPORT UTILITY;;;;NO;19421;2019-12-13;5:12:55 PM;2019-12-13T22:12:55+00:00;;2019;No;No;12;NONE;NONE,NONE;NONE,NONE;PASSENGER CAR,SPORT UTILITY;PASSENGER CAR,SPORT UTILITY;PASSENGER CAR,SPORT UTILITY;PASSENGER CAR,SPORT UTILITY
31822;CARY;FOUR-WAY INTERSECTION;STRAIGHT,LEVEL;STATE SECONDARY ROUTE;TWO-WAY,DIVIDED,UNPROTECTED MEDIAN;COARSE ASPHALT;DRY;DAYLIGHT;CLEAR;STOP AND GO SIGNAL;;;-78.783205;35.758077;;;0;0;;;NONE;;NONE;;PASSENGER CAR;PICKUP;;;;NO;9195;2017-12-04;11:08 AM;2017-12-04T16:08:00+00:00;;2017;No;No;12;NONE;NONE,NONE;NONE,NONE;PASSENGER CAR,PICKUP;PASSENGER CAR,PICKUP;PASSENGER CAR,PICKUP;PASSENGER CAR,PICKUP
43050;.02 MILES FROM PVA 1140 PARKSIDE MAIN ST;NO SPECIAL FEATURE;STRAIGHT,LEVEL;PUBLIC VEHICULAR AREA;TWO-WAY,NOT DIVIDED;SMOOTH ASPHALT;WET;DAYLIGHT;RAIN;NO CONTROL PRESENT;;;-78.89007;35.84965;;;0;0;;;NONE;;NONE;;SPORT UTILITY;PASSENGER CAR;;;;NO;19425;2019-12-13;3:02:34 PM;2019-12-13T20:02:34+00:00;;2019;No;No;12;NONE;NONE,NONE;NONE,NONE;SPORT UTILITY,PASSENGER CAR;SPORT UTILITY,PASSENGER CAR;SPORT UTILITY,PASSENGER CAR;SPORT UTILITY,PASSENGER CAR
31824;20 FEET FROM (SR 1652) N HARRISON AVE;NO SPECIAL FEATURE;STRAIGHT,LEVEL;STATE SECONDARY ROUTE;TWO-WAY,DIVIDED,UNPROTECTED MEDIAN;SMOOTH ASPHALT;DRY;DAYLIGHT;CLOUDY;STOP AND GO SIGNAL;;;-78.783222;35.791891;;113;0;0;;;NONE;;NONE;;PASSENGER CAR;PASSENGER CAR;;;;NO;9197;2017-12-02;8:12:37 AM;2017-12-02T13:12:37+00:00;;2017;No;No;12;NONE;NONE,NONE;NONE,NONE;PASSENGER CAR,PASSENGER CAR;PASSENGER CAR,PASSENGER CAR;PASSENGER CAR,PASSENGER CAR;PASSENGER CAR,PASSENGER CAR
43055;352 FEET FROM SR 1152 (HOLLY SPRINGS RD);NO SPECIAL FEATURE;STRAIGHT,LEVEL;STATE SECONDARY ROUTE;TWO-WAY,NOT DIVIDED;SMOOTH ASPHALT;DRY;DAYLIGHT;CLEAR;NO CONTROL PRESENT;;;-78.74469;35.736202;;;0;0;2;;NONE;;NONE;;SPORT UTILITY;PICKUP;PASSENGER CAR;SPORT UTILITY;;NO;19430;2019-12-15;12:43 PM;2019-12-15T17:43:00+00:00;;2019;No;No;12;NONE;NONE,NONE;NONE,NONE;SPORT UTILITY,PICKUP;SPORT UTILITY,PICKUP,PASSENGER CAR;SPORT UTILITY,PICKUP,PASSENGER CAR,SPORT UTILITY;SPORT UTILITY,PICKUP,PASSENGER CAR,SPORT UTILITY
31827;.2 MILES FROM PVA 1105 WALNUT ST;NO SPECIAL FEATURE;STRAIGHT,LEVEL;PUBLIC VEHICULAR AREA;TWO-WAY,NOT DIVIDED;SMOOTH ASPHALT;DRY;DAYLIGHT;CLEAR;NO CONTROL PRESENT;;;-78.7607;35.7747;;;0;0;;;;;NONE;;SPORT UTILITY;PASSENGER CAR;;;;NO;9200;2017-12-03;4:40:54 PM;2017-12-03T21:40:54+00:00;;2017;No;No;12;;NONE;NONE;SPORT UTILITY,PASSENGER CAR;SPORT UTILITY,PASSENGER CAR;SPORT UTILITY,PASSENGER CAR;SPORT UTILITY,PASSENGER CAR
43065;.33 MILES FROM HWY US 64;FOUR-WAY INTERSECTION;STRAIGHT,LEVEL;US ROUTE;TWO-WAY,DIVIDED,UNPROTECTED MEDIAN;SMOOTH ASPHALT;DRY;DARK - LIGHTED ROADWAY;CLEAR;STOP AND GO SIGNAL;;;-78.7983;35.7388;;;0;1;1;;NONE;;NONE;;PASSENGER CAR;PASSENGER CAR;;;;NO;19440;2019-12-15;7:32:06 PM;2019-12-16T00:32:06+00:00;;2019;No;Yes;12;NONE;NONE,NONE;NONE,NONE;PASSENGER CAR,PASSENGER CAR;PASSENGER CAR,PASSENGER CAR;PASSENGER CAR,PASSENGER CAR;PASSENGER CAR,PASSENGER CAR
31829;.13 MILES FROM PVA (6770 MCCRIMMON PKWY);NO SPECIAL FEATURE;STRAIGHT,LEVEL;PUBLIC VEHICULAR AREA;TWO-WAY,NOT DIVIDED;COARSE ASPHALT;DRY;DAYLIGHT;CLEAR;NO CONTROL PRESENT;;;-78.8914;35.8301;;;0;0;;;NONE;;NONE;;PASSENGER CAR;;;;;NO;9202;2017-12-04;12:05 PM;2017-12-04T17:05:00+00:00;;2017;No;No;12;NONE;NONE,NONE;NONE,NONE;PASSENGER CAR;PASSENGER CAR;PASSENGER CAR;PASSENGER CAR
43067;CARY;FOUR-WAY INTERSECTION;STRAIGHT,LEVEL;NC ROUTE;TWO-WAY,NOT DIVIDED;SMOOTH ASPHALT;DRY;DAYLIGHT;CLEAR;FLASHING STOP AND GO SIGNAL;35.77846832;-78.8724254;-78.871234;35.784205;P013;117;0;0;;;NONE;;NONE;;PASSENGER CAR;PASSENGER CAR;;;;NO;19442;2019-12-16;10:34 AM;2019-12-16T15:34:00+00:00;35.77846832, -78.8724254;2019;No;No;12;NONE;NONE,NONE;NONE,NONE;PASSENGER CAR,PASSENGER CAR;PASSENGER CAR,PASSENGER CAR;PASSENGER CAR,PASSENGER CAR;PASSENGER CAR,PASSENGER CAR
31832;CARY;;;;;;;;;;;;;;;;0;0;;;;;;;;;;;;;9205;2017-12-04;6:21:22 PM;2017-12-04T23:21:22+00:00;;2017;No;No;12;;;;;;;
43068;30 FEET FROM P.V.A. (HARRIS TEETER);NO SPECIAL FEATURE;STRAIGHT,LEVEL;PUBLIC VEHICULAR AREA;TWO-WAY,NOT DIVIDED;SMOOTH ASPHALT;DRY;DAYLIGHT;CLEAR;NO CONTROL PRESENT;;;-78.78133;35.805904;;113;0;0;;;NONE;;NONE;;PASSENGER CAR;PASSENGER CAR;;;;NO;19443;2019-12-15;12:59 PM;2019-12-15T17:59:00+00:00;;2019;No;No;12;NONE;NONE,NONE;NONE,NONE;PASSENGER CAR,PASSENGER CAR;PASSENGER CAR,PASSENGER CAR;PASSENGER CAR,PASSENGER CAR;PASSENGER CAR,PASSENGER CAR
31838;200 FEET FROM P.V.A 1710 HIGH HOUSE RD;NO SPECIAL FEATURE;STRAIGHT,LEVEL;PUBLIC VEHICULAR AREA;ONE-WAY,NOT DIVIDED;SMOOTH ASPHALT;DRY;DARK - LIGHTED ROADWAY;CLEAR;NO CONTROL PRESENT;;;-78.8436;35.7925;;117;0;0;;;NONE;;NONE;;PICKUP;PASSENGER CAR;;;;NO;9211;2017-12-03;6:33:25 PM;2017-12-03T23:33:25+00:00;;2017;No;No;12;NONE;NONE,NONE;NONE,NONE;PICKUP,PASSENGER CAR;PICKUP,PASSENGER CAR;PICKUP,PASSENGER CAR;PICKUP,PASSENGER CAR
43071;.105 MILES FROM COLONADES WAY;NO SPECIAL FEATURE;STRAIGHT,LEVEL;LOCAL STREET;TWO-WAY,DIVIDED,UNPROTECTED MEDIAN;SMOOTH ASPHALT;DRY;DAYLIGHT;CLEAR;NO CONTROL PRESENT;35.740455929;-78.77600537;-78.777891;35.739905;P053;116;0;0;;;NONE;;NONE;;PASSENGER CAR;PASSENGER CAR;;;;NO;19446;2019-12-16;2:44:42 PM;2019-12-16T19:44:42+00:00;35.740455929, -78.77600537;2019;No;No;12;NONE;NONE,NONE;NONE,NONE;PASSENGER CAR,PASSENGER CAR;PASSENGER CAR,PASSENGER CAR;PASSENGER CAR,PASSENGER CAR;PASSENGER CAR,PASSENGER CAR
31845;5 FEET FROM NC 54 (CHAPEL HILL RD);RELATED TO INTERSECTION;STRAIGHT,LEVEL;NC ROUTE;TWO-WAY,NOT DIVIDED;SMOOTH ASPHALT;DRY;DARK - LIGHTED ROADWAY;CLEAR;STOP AND GO SIGNAL;;;-78.7509;35.795;;;0;0;;;;;NONE;;PASSENGER CAR;PASSENGER CAR;;;;NO;9218;2017-12-05;7:22:01 PM;2017-12-06T00:22:01+00:00;;2017;No;No;12;;NONE;NONE;PASSENGER CAR,PASSENGER CAR;PASSENGER CAR,PASSENGER CAR;PASSENGER CAR,PASSENGER CAR;PASSENGER CAR,PASSENGER CAR
43079;.2 MILES FROM SR 3977 (SE CARY PKWY);NO SPECIAL FEATURE;STRAIGHT,LEVEL;STATE SECONDARY ROUTE;TWO-WAY,DIVIDED,UNPROTECTED MEDIAN;SMOOTH ASPHALT;DRY;DAYLIGHT;CLEAR;NO CONTROL PRESENT;;;-78.77;35.7471;;;0;0;;;NONE;;NONE;;PASSENGER CAR;PASSENGER CAR;;;;NO;19454;2019-12-12;7:55:14 AM;2019-12-12T12:55:14+00:00;;2019;No;No;12;NONE;NONE,NONE;NONE,NONE;PASSENGER CAR,PASSENGER CAR;PASSENGER CAR,PASSENGER CAR;PASSENGER CAR,PASSENGER CAR;PASSENGER CAR,PASSENGER CAR
31849;0 FEET FROM SR-1300 (KILDAIRE FARM RD);FOUR-WAY INTERSECTION;STRAIGHT,LEVEL;STATE SECONDARY ROUTE;TWO-WAY,DIVIDED,UNPROTECTED MEDIAN;SMOOTH ASPHALT;DRY;DARK - LIGHTED ROADWAY;CLOUDY;STOP AND GO SIGNAL;;;-78.7817;35.7692;;;0;0;1;;NONE;;NONE;;PASSENGER CAR;PICKUP;;;;NO;9222;2017-12-05;5:56:29 PM;2017-12-05T22:56:29+00:00;;2017;No;No;12;NONE;NONE,NONE;NONE,NONE;PASSENGER CAR,PICKUP;PASSENGER CAR,PICKUP;PASSENGER CAR,PICKUP;PASSENGER CAR,PICKUP
43083;2 MILES FROM US 1;NO SPECIAL FEATURE;STRAIGHT,LEVEL;US ROUTE;TWO-WAY,DIVIDED,POSITIVE MEDIAN BARRIER;SMOOTH ASPHALT;WET;DAYLIGHT;RAIN;NO CONTROL PRESENT;;;-78.806094;35.730025;;;0;0;;;NONE;;NONE;;PASSENGER CAR;;;;;NO;19458;2019-12-17;8:33:52 AM;2019-12-17T13:33:52+00:00;;2019;No;No;12;NONE;NONE,NONE;NONE,NONE;PASSENGER CAR;PASSENGER CAR;PASSENGER CAR;PASSENGER CAR
31860;1 MILES FROM US HWY 1;NO SPECIAL FEATURE;STRAIGHT,LEVEL;US ROUTE;TWO-WAY,DIVIDED,POSITIVE MEDIAN BARRIER;SMOOTH ASPHALT;WET;DARK - LIGHTED ROADWAY;CLOUDY;NO CONTROL PRESENT;;;-78.7875;35.7412;;;0;0;;;NONE;;NONE;;SPORT UTILITY;SPORT UTILITY;;;;NO;9233;2017-12-06;5:13:00 PM;2017-12-06T22:13:00+00:00;;2017;No;No;12;NONE;NONE,NONE;NONE,NONE;SPORT UTILITY,SPORT UTILITY;SPORT UTILITY,SPORT UTILITY;SPORT UTILITY,SPORT UTILITY;SPORT UTILITY,SPORT UTILITY
43085;20 FEET FROM TALKING ROCK DR;T-INTERSECTION;STRAIGHT,GRADE;PUBLIC VEHICULAR AREA;TWO-WAY,NOT DIVIDED;SMOOTH ASPHALT;WET;DARK - LIGHTED ROADWAY;CLOUDY;STOP SIGN;35.857828094;-78.89793073;-78.8979;35.8577;P074;119;0;0;;;NONE;;NONE;;PICKUP;SPORT UTILITY;;;;NO;19460;2019-12-17;8:51:03 PM;2019-12-18T01:51:03+00:00;35.857828094, -78.89793073;2019;No;No;12;NONE;NONE,NONE;NONE,NONE;PICKUP,SPORT UTILITY;PICKUP,SPORT UTILITY;PICKUP,SPORT UTILITY;PICKUP,SPORT UTILITY
31864;400 FEET FROM PVA-3901 GATEWAY CENTER BLVD;DRIVEWAY, PUBLIC;STRAIGHT,LEVEL;PUBLIC VEHICULAR AREA;TWO-WAY,NOT DIVIDED;SMOOTH ASPHALT;DRY;DUSK;CLEAR;NO CONTROL PRESENT;;;-78.8;35.84;;;0;0;;;NONE;;NONE;;VAN;PASSENGER CAR;;;;NO;9237;2017-12-01;3:50:24 PM;2017-12-01T20:50:24+00:00;;2017;No;No;12;NONE;NONE,NONE;NONE,NONE;VAN,PASSENGER CAR;VAN,PASSENGER CAR;VAN,PASSENGER CAR;VAN,PASSENGER CAR
43089;100 FEET FROM SR 1300 (KILDAIRE FARM RD);NO SPECIAL FEATURE;STRAIGHT,LEVEL;STATE SECONDARY ROUTE;TWO-WAY,DIVIDED,UNPROTECTED MEDIAN;SMOOTH ASPHALT;WET;DARK - LIGHTED ROADWAY;CLOUDY;NO CONTROL PRESENT;;;-78.78261;35.76916;;;0;0;;;NONE;;NONE;;PASSENGER CAR;PASSENGER CAR;;;;NO;19464;2019-12-17;5:20:01 PM;2019-12-17T22:20:01+00:00;;2019;No;No;12;NONE;NONE,NONE;NONE,NONE;PASSENGER CAR,PASSENGER CAR;PASSENGER CAR,PASSENGER CAR;PASSENGER CAR,PASSENGER CAR;PASSENGER CAR,PASSENGER CAR