tamainid;location_description;rdfeature;rdcharacter;rdclass;rdconfigur;rdsurface;rdcondition;lightcond;weather;trafcontrl;lat;lon;lon2;lat2;tract;zone;fatality;possblinj;numpassengers;numpedestrians;contrcir1_desc;contrcir2_desc;contrcir3_desc;contrcir4_desc;vehicle1;vehicle2;vehicle3;vehicle4;vehicle5;workarea;records;ta_date;ta_time;crash_date;geo_location;year;fatalities;injuries;month;contrfact1;contrfact2;contributing_factor;vehicleconcat1;vehicleconcat2;vehicleconcat3;vehicle_type
32508;100 FEET FROM CLEARPORT DR;NO SPECIAL FEATURE;STRAIGHT,LEVEL;LOCAL STREET;TWO-WAY,NOT DIVIDED;SMOOTH ASPHALT;DRY;DAYLIGHT;CLEAR;NO CONTROL PRESENT;35.807202824;-78.85283832;-78.8532;35.8069;P069;121;0;1;;;NONE;;NONE;;PASSENGER CAR;SPORT UTILITY;;;;NO;9880;2018-01-26;7:20:49 AM;2018-01-26T12:20:49+00:00;35.807202824, -78.85283832;2018;No;Yes;1;NONE;NONE,NONE;NONE,NONE;PASSENGER CAR,SPORT UTILITY;PASSENGER CAR,SPORT UTILITY;PASSENGER CAR,SPORT UTILITY;PASSENGER CAR,SPORT UTILITY
43641;0 FEET FROM NC 55 HWY;T-INTERSECTION;CURVE,GRADE;NC ROUTE;TWO-WAY,DIVIDED,UNPROTECTED MEDIAN;SMOOTH ASPHALT;DRY;DAYLIGHT;CLEAR;STOP AND GO SIGNAL;;;-78.894008;35.851163;;119;0;1;;;NONE;;NONE;;PASSENGER CAR;PASSENGER CAR;;;;NO;20015;2020-01-28;4:17:50 PM;2020-01-28T21:17:50+00:00;;2020;No;Yes;1;NONE;NONE,NONE;NONE,NONE;PASSENGER CAR,PASSENGER CAR;PASSENGER CAR,PASSENGER CAR;PASSENGER CAR,PASSENGER CAR;PASSENGER CAR,PASSENGER CAR
32514;CARY;NO SPECIAL FEATURE;STRAIGHT,LEVEL;LOCAL STREET;TWO-WAY,NOT DIVIDED;SMOOTH ASPHALT;DRY;DAYLIGHT;CLEAR;NO CONTROL PRESENT;35.787814186;-78.80980767;-78.80973;35.786178;P065;114;0;0;1;;NONE;;NONE;;SPORT UTILITY;;;;;NO;9886;2018-01-26;12:57 PM;2018-01-26T17:57:00+00:00;35.787814186, -78.80980767;2018;No;No;1;NONE;NONE,NONE;NONE,NONE;SPORT UTILITY;SPORT UTILITY;SPORT UTILITY;SPORT UTILITY
43657;CARY;T-INTERSECTION;STRAIGHT,LEVEL;LOCAL STREET;TWO-WAY,NOT DIVIDED;SMOOTH ASPHALT;DRY;DAYLIGHT;CLEAR;STOP SIGN;35.780097024;-78.84295107;-78.8419;35.7806;P018;117;0;0;1;;NONE;;NONE;;PASSENGER CAR;SPORT UTILITY;;;;NO;20031;2020-01-31;6:54:08 AM;2020-01-31T11:54:08+00:00;35.780097024, -78.84295107;2020;No;No;1;NONE;NONE,NONE;NONE,NONE;PASSENGER CAR,SPORT UTILITY;PASSENGER CAR,SPORT UTILITY;PASSENGER CAR,SPORT UTILITY;PASSENGER CAR,SPORT UTILITY
32515;2 MILES FROM SR 1300 KILDAIRE FARM RD;NO SPECIAL FEATURE;STRAIGHT,LEVEL;STATE SECONDARY ROUTE;TWO-WAY,NOT DIVIDED;SMOOTH ASPHALT;DRY;DAYLIGHT;CLEAR;NO CONTROL PRESENT;;;-78.78253;35.747409;;;0;0;;;NONE;;FAILURE TO YIELD RIGHT OF WAY;;PASSENGER CAR;PASSENGER CAR;;;;NO;9887;2018-01-25;1:51:01 PM;2018-01-25T18:51:01+00:00;;2018;No;No;1;NONE;NONE,FAILURE TO YIELD RIGHT OF WAY;NONE,FAILURE TO YIELD RIGHT OF WAY;PASSENGER CAR,PASSENGER CAR;PASSENGER CAR,PASSENGER CAR;PASSENGER CAR,PASSENGER CAR;PASSENGER CAR,PASSENGER CAR
43662;NEAR .006 MILES W OF W NC 54 HWY;NO SPECIAL FEATURE;CURVE,GRADE;STATE SECONDARY ROUTE;TWO-WAY,NOT DIVIDED;SMOOTH ASPHALT;WET;DUSK;RAIN;NO CONTROL PRESENT;;;-78.8222;35.8163;;;0;0;;;NONE;;NONE;;PASSENGER CAR;PASSENGER CAR;;;;NO;20036;2020-01-31;5:16:00 PM;2020-01-31T22:16:00+00:00;;2020;No;No;1;NONE;NONE,NONE;NONE,NONE;PASSENGER CAR,PASSENGER CAR;PASSENGER CAR,PASSENGER CAR;PASSENGER CAR,PASSENGER CAR;PASSENGER CAR,PASSENGER CAR
32516;.16 MILES FROM NC 55 HWY;NO SPECIAL FEATURE;STRAIGHT,LEVEL;NC ROUTE;TWO-WAY,DIVIDED,UNPROTECTED MEDIAN;SMOOTH ASPHALT;DRY;DAYLIGHT;CLEAR;NO CONTROL PRESENT;;;-78.8722;35.8112;;;0;0;;;NONE;;NONE;;PASSENGER CAR;PASSENGER CAR;;;;NO;9888;2018-01-25;7:14:55 AM;2018-01-25T12:14:55+00:00;;2018;No;No;1;NONE;NONE,NONE;NONE,NONE;PASSENGER CAR,PASSENGER CAR;PASSENGER CAR,PASSENGER CAR;PASSENGER CAR,PASSENGER CAR;PASSENGER CAR,PASSENGER CAR
43667;0 FEET FROM SR 1615 (HIGH HOUSE RD);FOUR-WAY INTERSECTION;STRAIGHT,LEVEL;STATE SECONDARY ROUTE;TWO-WAY,DIVIDED,UNPROTECTED MEDIAN;SMOOTH ASPHALT;WET;DARK - LIGHTED ROADWAY;RAIN;STOP AND GO SIGNAL;;;-78.8386;35.7923;;;0;0;1;;NONE;;NONE;;PICKUP;PASSENGER CAR;;;;NO;20041;2020-01-31;6:46:33 PM;2020-01-31T23:46:33+00:00;;2020;No;No;1;NONE;NONE,NONE;NONE,NONE;PICKUP,PASSENGER CAR;PICKUP,PASSENGER CAR;PICKUP,PASSENGER CAR;PICKUP,PASSENGER CAR
32519;220 FEET FROM W DYNASTY DR;NO SPECIAL FEATURE;STRAIGHT,HILLCREST;LOCAL STREET;TWO-WAY,NOT DIVIDED;SMOOTH ASPHALT;DRY;DARK - LIGHTED ROADWAY;CLEAR;NO CONTROL PRESENT;35.81065921;-78.78373182;-78.783;35.8105;P024;111;0;0;;;NONE;;NONE;;PASSENGER CAR;;;;;NO;9891;2018-01-25;1:45:28 PM;2018-01-25T18:45:28+00:00;35.81065921, -78.78373182;2018;No;No;1;NONE;NONE,NONE;NONE,NONE;PASSENGER CAR;PASSENGER CAR;PASSENGER CAR;PASSENGER CAR
43671;CARY;RELATED TO INTERSECTION;STRAIGHT,LEVEL;STATE SECONDARY ROUTE;TWO-WAY,DIVIDED,UNPROTECTED MEDIAN;SMOOTH ASPHALT;WET;DARK - LIGHTED ROADWAY;RAIN;STOP AND GO SIGNAL;;;-78.84813;35.79643;;;0;0;;;NONE;;NONE;;PASSENGER CAR;PASSENGER CAR;;;;NO;20045;2020-01-31;9:03:11 PM;2020-02-01T02:03:11+00:00;;2020;No;No;1;NONE;NONE,NONE;NONE,NONE;PASSENGER CAR,PASSENGER CAR;PASSENGER CAR,PASSENGER CAR;PASSENGER CAR,PASSENGER CAR;PASSENGER CAR,PASSENGER CAR
32522;.1 MILES FROM PVA OF 1724 WALNUT ST;NO SPECIAL FEATURE;STRAIGHT,LEVEL;PUBLIC VEHICULAR AREA;TWO-WAY,NOT DIVIDED;SMOOTH ASPHALT;DRY;DARK - LIGHTED ROADWAY;CLEAR;NO CONTROL PRESENT;;;-78.7466;35.7626;;;0;0;;;;;NONE;;PICKUP;PASSENGER CAR;;;;NO;9894;2018-01-28;1:24:05 AM;2018-01-28T06:24:05+00:00;;2018;No;No;1;;NONE;NONE;PICKUP,PASSENGER CAR;PICKUP,PASSENGER CAR;PICKUP,PASSENGER CAR;PICKUP,PASSENGER CAR
43672;175 FEET FROM SR 3014 (MORRISVILLE CARPENTER;NO SPECIAL FEATURE;STRAIGHT,LEVEL;STATE SECONDARY ROUTE;TWO-WAY,DIVIDED,UNPROTECTED MEDIAN;COARSE ASPHALT;WET;DARK - LIGHTED ROADWAY;RAIN;NO CONTROL PRESENT;;;-78.859346;35.823453;;121;0;0;;;NONE;;LYING AND/OR ILLEGALLY IN ROADWAY;FAILURE TO YIELD RIGHT OF WAY;PASSENGER CAR;;;;;INTERMITTENT/MOVING WORK (E.G. PATCHING POTHO;20046;2020-01-31;10:19 PM;2020-02-01T03:19:00+00:00;;2020;No;No;1;NONE;NONE,LYING AND/OR ILLEGALLY IN ROADWAY;NONE,LYING AND/OR ILLEGALLY IN ROADWAY,FAILURE TO YIELD RIGHT OF WAY;PASSENGER CAR;PASSENGER CAR;PASSENGER CAR;PASSENGER CAR
32535;CARY;FOUR-WAY INTERSECTION;STRAIGHT,LEVEL;STATE SECONDARY ROUTE;TWO-WAY,DIVIDED,UNPROTECTED MEDIAN;SMOOTH ASPHALT;DRY;DAYLIGHT;CLEAR;FLASHING STOP AND GO SIGNAL;;;-78.76238;35.74368;;;0;0;;;NONE;;NONE;;SPORT UTILITY;LIGHT TRUCK (MINI-VAN- PANEL);;;;NO;9907;2018-01-26;12:20 PM;2018-01-26T17:20:00+00:00;;2018;No;No;1;NONE;NONE,NONE;NONE,NONE;SPORT UTILITY,LIGHT TRUCK (MINI-VAN- PANEL);SPORT UTILITY,LIGHT TRUCK (MINI-VAN- PANEL);SPORT UTILITY,LIGHT TRUCK (MINI-VAN- PANEL);SPORT UTILITY,LIGHT TRUCK (MINI-VAN- PANEL)
43676;5 FEET FROM P.V.A. (WESTON PKWY);FOUR-WAY INTERSECTION;STRAIGHT,HILLCREST;PUBLIC VEHICULAR AREA;TWO-WAY,NOT DIVIDED;SMOOTH ASPHALT;WET;DAYLIGHT;RAIN;STOP SIGN;;;-78.7764;35.8307;;;0;0;;;NONE;;NONE;;PASSENGER CAR;PASSENGER CAR;;;;NO;20050;2020-01-31;4:09:40 PM;2020-01-31T21:09:40+00:00;;2020;No;No;1;NONE;NONE,NONE;NONE,NONE;PASSENGER CAR,PASSENGER CAR;PASSENGER CAR,PASSENGER CAR;PASSENGER CAR,PASSENGER CAR;PASSENGER CAR,PASSENGER CAR
32543;300 FEET FROM 1343 SR 1300 (KILDARE FARM RD);NO SPECIAL FEATURE;STRAIGHT,LEVEL;PUBLIC VEHICULAR AREA;TWO-WAY,NOT DIVIDED;SMOOTH ASPHALT;DRY;DAYLIGHT;CLEAR;NO CONTROL PRESENT;;;-78.7825;35.7598;;;0;0;;;NONE;;NONE;;PASSENGER CAR;PICKUP;;;;NO;9915;2018-01-26;3:10:28 PM;2018-01-26T20:10:28+00:00;;2018;No;No;1;NONE;NONE,NONE;NONE,NONE;PASSENGER CAR,PICKUP;PASSENGER CAR,PICKUP;PASSENGER CAR,PICKUP;PASSENGER CAR,PICKUP
43677;.5 MILES FROM US 1 HWY;MERGE LANE BETWEEN ON AND OFF RAMP;STRAIGHT,LEVEL;US ROUTE;TWO-WAY,DIVIDED,POSITIVE MEDIAN BARRIER;GROOVED CONCRETE;WET;DARK - LIGHTED ROADWAY;RAIN;NO CONTROL PRESENT;;;-78.7531;35.7584;;;0;0;;;NONE;;NONE;;PASSENGER CAR;;;;;NO;20051;2020-01-31;5:59:28 PM;2020-01-31T22:59:28+00:00;;2020;No;No;1;NONE;NONE,NONE;NONE,NONE;PASSENGER CAR;PASSENGER CAR;PASSENGER CAR;PASSENGER CAR
32544;.25 MILES FROM NC 55 HWY;NO SPECIAL FEATURE;STRAIGHT,LEVEL;NC ROUTE;TWO-WAY,DIVIDED,UNPROTECTED MEDIAN;SMOOTH ASPHALT;DRY;DAYLIGHT;CLEAR;NO CONTROL PRESENT;35.71263866;-78.66635639;-78.874039;35.822211;P119;121;0;1;1;;NONE;;NONE;;;SPORT UTILITY;;;;NO;9916;2018-01-27;3:22:53 PM;2018-01-27T20:22:53+00:00;35.71263866, -78.66635639;2018;No;Yes;1;NONE;NONE,NONE;NONE,NONE;SPORT UTILITY;SPORT UTILITY;SPORT UTILITY;SPORT UTILITY
43679;400 FEET FROM US HWY 1;NO SPECIAL FEATURE;STRAIGHT,LEVEL;US ROUTE;TWO-WAY,DIVIDED,POSITIVE MEDIAN BARRIER;GROOVED CONCRETE;DRY;DUSK;CLEAR;NO CONTROL PRESENT;35.763240675;-78.74512954;-78.7414;35.7643;P083;112;0;0;2;;;;NONE;;SPORT UTILITY;SPORT UTILITY;;;;NO;20053;2020-02-01;5:33:27 PM;2020-02-01T22:33:27+00:00;35.763240675, -78.74512954;2020;No;No;2;;NONE;NONE;SPORT UTILITY,SPORT UTILITY;SPORT UTILITY,SPORT UTILITY;SPORT UTILITY,SPORT UTILITY;SPORT UTILITY,SPORT UTILITY
32546;0 FEET FROM NC 54 (CHAPEL HILL RD);FOUR-WAY INTERSECTION;STRAIGHT,LEVEL;NC ROUTE;TWO-WAY,DIVIDED,UNPROTECTED MEDIAN;SMOOTH ASPHALT;DRY;DAWN;CLEAR;STOP AND GO SIGNAL;;;-78.7509;35.7947;;;0;1;;;NONE;;NONE;;SPORT UTILITY;PASSENGER CAR;;;;NO;9918;2018-01-26;8:29:58 AM;2018-01-26T13:29:58+00:00;;2018;No;Yes;1;NONE;NONE,NONE;NONE,NONE;SPORT UTILITY,PASSENGER CAR;SPORT UTILITY,PASSENGER CAR;SPORT UTILITY,PASSENGER CAR;SPORT UTILITY,PASSENGER CAR
43687;0 FEET FROM SR 1615 (HIGH HOUSE RD);FOUR-WAY INTERSECTION;STRAIGHT,LEVEL;STATE SECONDARY ROUTE;TWO-WAY,DIVIDED,UNPROTECTED MEDIAN;SMOOTH ASPHALT;DRY;DAYLIGHT;CLEAR;STOP AND GO SIGNAL;;;-78.850437;35.790041;;;0;0;3;;NONE;;NONE;;SPORT UTILITY;SPORT UTILITY;;;;NO;20061;2020-02-02;3:27:57 PM;2020-02-02T20:27:57+00:00;;2020;No;No;2;NONE;NONE,NONE;NONE,NONE;SPORT UTILITY,SPORT UTILITY;SPORT UTILITY,SPORT UTILITY;SPORT UTILITY,SPORT UTILITY;SPORT UTILITY,SPORT UTILITY
32547;.19 MILES FROM SR 1011 (E CHATHAM ST);NO SPECIAL FEATURE;STRAIGHT,LEVEL;STATE SECONDARY ROUTE;TWO-WAY,NOT DIVIDED;SMOOTH ASPHALT;DRY;DAYLIGHT;CLEAR;NO CONTROL PRESENT;;;-78.7603;35.7916;;120;0;0;1;;NONE;;NONE;;PASSENGER CAR;PASSENGER CAR;;;;NO;9919;2018-01-26;9:08:46 AM;2018-01-26T14:08:46+00:00;;2018;No;No;1;NONE;NONE,NONE;NONE,NONE;PASSENGER CAR,PASSENGER CAR;PASSENGER CAR,PASSENGER CAR;PASSENGER CAR,PASSENGER CAR;PASSENGER CAR,PASSENGER CAR
43688;400 FEET FROM SR1313 (WALNUT ST);NO SPECIAL FEATURE;STRAIGHT,LEVEL;STATE SECONDARY ROUTE;TWO-WAY,NOT DIVIDED;COARSE ASPHALT;DRY;DAYLIGHT;CLEAR;NO CONTROL PRESENT;;;-78.7471;35.7638;;112;0;0;;;DARTING;;NONE;;PASSENGER CAR;;;;;NO;20062;2020-02-02;4:16:34 PM;2020-02-02T21:16:34+00:00;;2020;No;No;2;DARTING;DARTING,NONE;DARTING,NONE;PASSENGER CAR;PASSENGER CAR;PASSENGER CAR;PASSENGER CAR
32549;100 FEET FROM PVA OF 120 E CHATHAM ST;NO SPECIAL FEATURE;STRAIGHT,LEVEL;PUBLIC VEHICULAR AREA;ONE-WAY,NOT DIVIDED;SMOOTH ASPHALT;WET;DAYLIGHT;RAIN;NO CONTROL PRESENT;;;-78.780675;35.786965;;;0;0;;;NONE;;NONE;;PASSENGER CAR;SPORT UTILITY;;;;NO;9921;2018-01-29;2:06:23 PM;2018-01-29T19:06:23+00:00;;2018;No;No;1;NONE;NONE,NONE;NONE,NONE;PASSENGER CAR,SPORT UTILITY;PASSENGER CAR,SPORT UTILITY;PASSENGER CAR,SPORT UTILITY;PASSENGER CAR,SPORT UTILITY
43689;55 FEET FROM PARKSIDE GREEN ST;NO SPECIAL FEATURE;STRAIGHT,GRADE;LOCAL STREET;TWO-WAY,NOT DIVIDED;SMOOTH ASPHALT;DRY;DARK - ROADWAY NOT LIGHTED;CLEAR;NO CONTROL PRESENT;35.851514955;-78.89271629;-78.893797;35.851212;P074;119;0;0;;;;;NONE;;PASSENGER CAR;PASSENGER CAR;;;;NO;20063;2020-02-01;6:57:45 PM;2020-02-01T23:57:45+00:00;35.851514955, -78.89271629;2020;No;No;2;;NONE;NONE;PASSENGER CAR,PASSENGER CAR;PASSENGER CAR,PASSENGER CAR;PASSENGER CAR,PASSENGER CAR;PASSENGER CAR,PASSENGER CAR
32552;CARY;FOUR-WAY INTERSECTION;STRAIGHT,HILLCREST;LOCAL STREET;TWO-WAY,DIVIDED,POSITIVE MEDIAN BARRIER;SMOOTH ASPHALT;WET;DARK - LIGHTED ROADWAY;CLOUDY;STOP AND GO SIGNAL;;;-78.885;35.845;;;0;0;1;;NONE;;NONE;;PASSENGER CAR;PASSENGER CAR;;;;NO;9924;2018-01-29;6:04:44 PM;2018-01-29T23:04:44+00:00;;2018;No;No;1;NONE;NONE,NONE;NONE,NONE;PASSENGER CAR,PASSENGER CAR;PASSENGER CAR,PASSENGER CAR;PASSENGER CAR,PASSENGER CAR;PASSENGER CAR,PASSENGER CAR
43697;CARY;NO SPECIAL FEATURE;STRAIGHT,LEVEL;STATE SECONDARY ROUTE;TWO-WAY,NOT DIVIDED;SMOOTH ASPHALT;DRY;DUSK;CLEAR;STOP SIGN;;;-78.7834;35.7633;;;0;0;3;;;;NONE;;VAN;SPORT UTILITY;;;;NO;20071;2020-02-03;5:44:56 PM;2020-02-03T22:44:56+00:00;;2020;No;No;2;;NONE;NONE;VAN,SPORT UTILITY;VAN,SPORT UTILITY;VAN,SPORT UTILITY;VAN,SPORT UTILITY
32559;0 FEET FROM SR 1415 (SE MAYNARD RD);FOUR-WAY INTERSECTION;STRAIGHT,LEVEL;STATE SECONDARY ROUTE;TWO-WAY,DIVIDED,UNPROTECTED MEDIAN;SMOOTH ASPHALT;WET;DAYLIGHT;RAIN;STOP AND GO SIGNAL;;;-78.7817;35.7711;;120;0;0;;;NONE;;NONE;;SPORT UTILITY;;;;;NO;9931;2018-01-29;9:37:33 AM;2018-01-29T14:37:33+00:00;;2018;No;No;1;NONE;NONE,NONE;NONE,NONE;SPORT UTILITY;SPORT UTILITY;SPORT UTILITY;SPORT UTILITY
43700;100 FEET FROM SR 1300 (KILDAIRE FARM RD);NO SPECIAL FEATURE;STRAIGHT,LEVEL;STATE SECONDARY ROUTE;TWO-WAY,NOT DIVIDED;SMOOTH ASPHALT;DRY;DARK - LIGHTED ROADWAY;CLEAR;NO CONTROL PRESENT;;;-78.7801;35.7422;;;0;0;2;;NONE;;NONE;;PASSENGER CAR;PASSENGER CAR;PASSENGER CAR;;;NO;20074;2020-02-03;6:15:19 PM;2020-02-03T23:15:19+00:00;;2020;No;No;2;NONE;NONE,NONE;NONE,NONE;PASSENGER CAR,PASSENGER CAR;PASSENGER CAR,PASSENGER CAR,PASSENGER CAR;PASSENGER CAR,PASSENGER CAR,PASSENGER CAR;PASSENGER CAR,PASSENGER CAR,PASSENGER CAR
32560;400 FEET FROM P.V.A (2317 CARY PKWAY);NO SPECIAL FEATURE;STRAIGHT,LEVEL;PUBLIC VEHICULAR AREA;TWO-WAY,NOT DIVIDED;GROOVED CONCRETE;UNKNOWN;DAYLIGHT;CLEAR;NO CONTROL PRESENT;;;-78.82274;35.760813;;;0;0;;;NONE;;NONE;;VAN;PASSENGER CAR;;;;NO;9932;2018-01-26;1:40:24 PM;2018-01-26T18:40:24+00:00;;2018;No;No;1;NONE;NONE,NONE;NONE,NONE;VAN,PASSENGER CAR;VAN,PASSENGER CAR;VAN,PASSENGER CAR;VAN,PASSENGER CAR
43703;.1 MILES FROM HWY 55;NO SPECIAL FEATURE;STRAIGHT,LEVEL;NC ROUTE;TWO-WAY,DIVIDED,POSITIVE MEDIAN BARRIER;SMOOTH ASPHALT;DRY;DAYLIGHT;CLEAR;NO CONTROL PRESENT;;;-78.871942;35.81926;;;0;1;3;;;;NONE;;PASSENGER CAR;PICKUP;SPORT UTILITY;PASSENGER CAR;;NO;20077;2020-01-30;6:43:04 AM;2020-01-30T11:43:04+00:00;;2020;No;Yes;1;;NONE;NONE;PASSENGER CAR,PICKUP;PASSENGER CAR,PICKUP,SPORT UTILITY;PASSENGER CAR,PICKUP,SPORT UTILITY,PASSENGER CAR;PASSENGER CAR,PICKUP,SPORT UTILITY,PASSENGER CAR
32561;0 FEET FROM SR 1387 (WEST LAKE RD);T-INTERSECTION;CURVE,LEVEL;STATE SECONDARY ROUTE;TWO-WAY,NOT DIVIDED;SMOOTH ASPHALT;WET;DARK - ROADWAY NOT LIGHTED;RAIN;STOP SIGN;;;-78.7575;35.6723;;116;0;2;1;;NONE;;NONE;;PASSENGER CAR;PASSENGER CAR;;;;NO;9933;2018-01-29;12:52 PM;2018-01-29T17:52:00+00:00;;2018;No;Yes;1;NONE;NONE,NONE;NONE,NONE;PASSENGER CAR,PASSENGER CAR;PASSENGER CAR,PASSENGER CAR;PASSENGER CAR,PASSENGER CAR;PASSENGER CAR,PASSENGER CAR
43704;50 FEET FROM SR1349 (DILLARD DR);NO SPECIAL FEATURE;STRAIGHT,LEVEL;STATE SECONDARY ROUTE;TWO-WAY,DIVIDED,UNPROTECTED MEDIAN;SMOOTH ASPHALT;UNKNOWN;DARK - LIGHTED ROADWAY;CLEAR;STOP AND GO SIGNAL;;;-78.741703;35.755874;;;0;0;1;;NONE;;NONE;;PASSENGER CAR;;;;;NO;20078;2020-02-01;12:05 PM;2020-02-01T17:05:00+00:00;;2020;No;No;2;NONE;NONE,NONE;NONE,NONE;PASSENGER CAR;PASSENGER CAR;PASSENGER CAR;PASSENGER CAR
32579;.2 MILES FROM SR 1747 (NE MAYNARD RD);FOUR-WAY INTERSECTION;STRAIGHT,GRADE;STATE SECONDARY ROUTE;TWO-WAY,NOT DIVIDED;SMOOTH ASPHALT;DRY;DAYLIGHT;CLEAR;NO CONTROL PRESENT;;;-78.766705;35.80038;;;0;0;2;;NONE;;NONE;;SINGLE UNIT TRUCK (2-AXLE- 6-TIRE);;;;;NO;9951;2018-01-30;11:13 AM;2018-01-30T16:13:00+00:00;;2018;No;No;1;NONE;NONE,NONE;NONE,NONE;SINGLE UNIT TRUCK (2-AXLE- 6-TIRE);SINGLE UNIT TRUCK (2-AXLE- 6-TIRE);SINGLE UNIT TRUCK (2-AXLE- 6-TIRE);SINGLE UNIT TRUCK (2-AXLE- 6-TIRE)
43705;70 FEET FROM SR 1009 (TRYON RD);FOUR-WAY INTERSECTION;STRAIGHT,LEVEL;STATE SECONDARY ROUTE;TWO-WAY,DIVIDED,UNPROTECTED MEDIAN;SMOOTH ASPHALT;DRY;DAYLIGHT;CLEAR;STOP AND GO SIGNAL;;;-78.7418;35.7434;;;0;0;;;NONE;;NONE;;PASSENGER CAR;PASSENGER CAR;;;;NO;20079;2020-02-04;4:08:10 PM;2020-02-04T21:08:10+00:00;;2020;No;No;2;NONE;NONE,NONE;NONE,NONE;PASSENGER CAR,PASSENGER CAR;PASSENGER CAR,PASSENGER CAR;PASSENGER CAR,PASSENGER CAR;PASSENGER CAR,PASSENGER CAR
32581;20 FEET FROM I40 EXIT 287 EXIT RAMP EB;RELATED TO INTERSECTION;STRAIGHT,LEVEL;INTERSTATE;ONE-WAY,NOT DIVIDED;SMOOTH ASPHALT;DRY;DARK - LIGHTED ROADWAY;CLEAR;STOP AND GO SIGNAL;;;-78.765;35.8315;;;0;1;;;NONE;;NONE;;SPORT UTILITY;PICKUP;;;;NO;9953;2018-01-31;6:48:08 PM;2018-01-31T23:48:08+00:00;;2018;No;Yes;1;NONE;NONE,NONE;NONE,NONE;SPORT UTILITY,PICKUP;SPORT UTILITY,PICKUP;SPORT UTILITY,PICKUP;SPORT UTILITY,PICKUP
43706;25 FEET FROM PVA 1815 WALNUT ST;NO SPECIAL FEATURE;STRAIGHT,LEVEL;PUBLIC VEHICULAR AREA;TWO-WAY,NOT DIVIDED;SMOOTH ASPHALT;DRY;DAYLIGHT;CLEAR;NO CONTROL PRESENT;;;-78.7426;35.76;;;0;0;;;NONE;;NONE;;PASSENGER CAR;PASSENGER CAR;;;;NO;20080;2020-02-04;4:34:58 PM;2020-02-04T21:34:58+00:00;;2020;No;No;2;NONE;NONE,NONE;NONE,NONE;PASSENGER CAR,PASSENGER CAR;PASSENGER CAR,PASSENGER CAR;PASSENGER CAR,PASSENGER CAR;PASSENGER CAR,PASSENGER CAR
32585;195 FEET FROM US 64 HWY;NO SPECIAL FEATURE;STRAIGHT,LEVEL;US ROUTE;TWO-WAY,DIVIDED,UNPROTECTED MEDIAN;SMOOTH ASPHALT;DRY;DARK - LIGHTED ROADWAY;CLEAR;NO CONTROL PRESENT;;;-78.8107;35.7418;;;0;1;1;;;;NONE;;PASSENGER CAR;PASSENGER CAR;PASSENGER CAR;;;NO;9957;2018-01-31;6:07:51 PM;2018-01-31T23:07:51+00:00;;2018;No;Yes;1;;NONE;NONE;PASSENGER CAR,PASSENGER CAR;PASSENGER CAR,PASSENGER CAR,PASSENGER CAR;PASSENGER CAR,PASSENGER CAR,PASSENGER CAR;PASSENGER CAR,PASSENGER CAR,PASSENGER CAR
43709;CARY;FOUR-WAY INTERSECTION;STRAIGHT,GRADE;STATE SECONDARY ROUTE;TWO-WAY,NOT DIVIDED;CONCRETE;DRY;DARK - LIGHTED ROADWAY;CLEAR;FLASHING STOP AND GO SIGNAL;;;-78.7834;35.7648;;;0;0;1;;NONE;;NONE;;PASSENGER CAR;PASSENGER CAR;;;;NO;20083;2020-02-04;6:54:53 PM;2020-02-04T23:54:53+00:00;;2020;No;No;2;NONE;NONE,NONE;NONE,NONE;PASSENGER CAR,PASSENGER CAR;PASSENGER CAR,PASSENGER CAR;PASSENGER CAR,PASSENGER CAR;PASSENGER CAR,PASSENGER CAR
32590;200 FEET FROM 33451 HAVERS DR;NO SPECIAL FEATURE;STRAIGHT,LEVEL;PUBLIC VEHICULAR AREA;TWO-WAY,NOT DIVIDED;SMOOTH ASPHALT;DRY;DAYLIGHT;CLEAR;NO CONTROL PRESENT;;;-78.731569;35.757494;;;0;0;;;;;NONE;;;;;;;NO;9961;2018-02-01;9:44:30 AM;2018-02-01T14:44:30+00:00;;2018;No;No;2;;NONE;NONE;;;;
43711;30 FEET FROM US 64 HWY;NO SPECIAL FEATURE;STRAIGHT,LEVEL;US ROUTE;TWO-WAY,DIVIDED,UNPROTECTED MEDIAN;SMOOTH ASPHALT;DRY;DAYLIGHT;CLOUDY;NO CONTROL PRESENT;;;-78.8095;35.7413;;116;0;0;1;;NONE;;NONE;;PASSENGER CAR;PASSENGER CAR;;;;NO;20085;2020-01-27;3:34:10 PM;2020-01-27T20:34:10+00:00;;2020;No;No;1;NONE;NONE,NONE;NONE,NONE;PASSENGER CAR,PASSENGER CAR;PASSENGER CAR,PASSENGER CAR;PASSENGER CAR,PASSENGER CAR;PASSENGER CAR,PASSENGER CAR
32592;0 FEET FROM SR 1600 (GREEN LEVEL CHURCH RD;FOUR-WAY INTERSECTION;STRAIGHT,LEVEL;STATE SECONDARY ROUTE;TWO-WAY,NOT DIVIDED;SMOOTH ASPHALT;DRY;DAYLIGHT;CLEAR;STOP SIGN;;;-78.900282;35.798841;;122;0;0;;;NONE;;NONE;;PICKUP;VAN;;;;NO;9963;2018-01-31;11:23 AM;2018-01-31T16:23:00+00:00;;2018;No;No;1;NONE;NONE,NONE;NONE,NONE;PICKUP,VAN;PICKUP,VAN;PICKUP,VAN;PICKUP,VAN
43712;25 FEET FROM SR1625 (GREEN LEVEL CHURCH RD);FOUR-WAY INTERSECTION;STRAIGHT,LEVEL;STATE SECONDARY ROUTE;TWO-WAY,DIVIDED,UNPROTECTED MEDIAN;SMOOTH ASPHALT;DRY;DAYLIGHT;CLOUDY;STOP AND GO SIGNAL;;;-78.9021;35.8222;;;0;0;2;;NONE;;NONE;;SPORT UTILITY;PASSENGER CAR;;;;NO;20086;2020-02-05;8:13:29 AM;2020-02-05T13:13:29+00:00;;2020;No;No;2;NONE;NONE,NONE;NONE,NONE;SPORT UTILITY,PASSENGER CAR;SPORT UTILITY,PASSENGER CAR;SPORT UTILITY,PASSENGER CAR;SPORT UTILITY,PASSENGER CAR