tamainid;location_description;rdfeature;rdcharacter;rdclass;rdconfigur;rdsurface;rdcondition;lightcond;weather;trafcontrl;lat;lon;lon2;lat2;tract;zone;fatality;possblinj;numpassengers;numpedestrians;contrcir1_desc;contrcir2_desc;contrcir3_desc;contrcir4_desc;vehicle1;vehicle2;vehicle3;vehicle4;vehicle5;workarea;records;ta_date;ta_time;crash_date;geo_location;year;fatalities;injuries;month;contrfact1;contrfact2;contributing_factor;vehicleconcat1;vehicleconcat2;vehicleconcat3;vehicle_type
44263;5 FEET FROM S.R.1615 (HIGH HOUSE RD);FOUR-WAY INTERSECTION;STRAIGHT,LEVEL;STATE SECONDARY ROUTE;TWO-WAY,DIVIDED,UNPROTECTED MEDIAN;SMOOTH ASPHALT;DRY;DAYLIGHT;CLEAR;STOP AND GO SIGNAL;;;-78.8469;35.7917;;121;0;0;1;;NONE;;NONE;;SPORT UTILITY;PASSENGER CAR;;;;NO;20636;2020-03-19;3:06:06 PM;2020-03-19T19:06:06+00:00;;2020;No;No;3;NONE;NONE,NONE;NONE,NONE;SPORT UTILITY,PASSENGER CAR;SPORT UTILITY,PASSENGER CAR;SPORT UTILITY,PASSENGER CAR;SPORT UTILITY,PASSENGER CAR
33163;10 FEET FROM REGENCY PKWY;NO SPECIAL FEATURE;STRAIGHT,LEVEL;LOCAL STREET;TWO-WAY,NOT DIVIDED;SMOOTH ASPHALT;DRY;DAYLIGHT;CLEAR;STOP AND GO SIGNAL;35.732034354;-78.78973239;-78.789884;35.732315;P053;116;0;1;;;;;NONE;;PICKUP;PASSENGER CAR;;;;NO;10533;2018-03-15;1:36:29 PM;2018-03-15T17:36:29+00:00;35.732034354, -78.78973239;2018;No;Yes;3;;NONE;NONE;PICKUP,PASSENGER CAR;PICKUP,PASSENGER CAR;PICKUP,PASSENGER CAR;PICKUP,PASSENGER CAR
44270;0.23 MILES FROM SR 1011 (OLD APEX RD);NO SPECIAL FEATURE;STRAIGHT,LEVEL;STATE SECONDARY ROUTE;TWO-WAY,NOT DIVIDED;SMOOTH ASPHALT;DRY;DAYLIGHT;CLEAR;NO CONTROL PRESENT;;;-78.8225;35.7618;;;0;0;5;;NONE;;NONE;;PASSENGER CAR;;;;;NO;20643;2020-03-20;10:37 AM;2020-03-20T14:37:00+00:00;;2020;No;No;3;NONE;NONE,NONE;NONE,NONE;PASSENGER CAR;PASSENGER CAR;PASSENGER CAR;PASSENGER CAR
33169;10 FEET FROM US 1 N OFF RAMP;OFF-RAMP PROPER;STRAIGHT,LEVEL;US ROUTE;ONE-WAY,NOT DIVIDED;SMOOTH ASPHALT;DRY;DAYLIGHT;CLEAR;STOP AND GO SIGNAL;;;-78.7448;35.7589;;;0;0;;;;;NONE;;SPORT UTILITY;PASSENGER CAR;;;;NO;10539;2018-03-16;3:18:15 PM;2018-03-16T19:18:15+00:00;;2018;No;No;3;;NONE;NONE;SPORT UTILITY,PASSENGER CAR;SPORT UTILITY,PASSENGER CAR;SPORT UTILITY,PASSENGER CAR;SPORT UTILITY,PASSENGER CAR
44272;.1 MILES FROM SR 1010 (TEN TEN RD);NO SPECIAL FEATURE;STRAIGHT,LEVEL;STATE SECONDARY ROUTE;TWO-WAY,NOT DIVIDED;SMOOTH ASPHALT;DRY;DAYLIGHT;CLEAR;NO CONTROL PRESENT;;;-78.7965;35.7038;;;0;0;;;NONE;;NONE;;PICKUP;SPORT UTILITY;;;;NO;20645;2020-03-19;5:50:44 PM;2020-03-19T21:50:44+00:00;;2020;No;No;3;NONE;NONE,NONE;NONE,NONE;PICKUP,SPORT UTILITY;PICKUP,SPORT UTILITY;PICKUP,SPORT UTILITY;PICKUP,SPORT UTILITY
33171;CARY;FOUR-WAY INTERSECTION;STRAIGHT,LEVEL;LOCAL STREET;TWO-WAY,DIVIDED,POSITIVE MEDIAN BARRIER;SMOOTH ASPHALT;DRY;DAYLIGHT;CLEAR;NO CONTROL PRESENT;35.786877277;-78.83307253;-78.8332;35.7872;P018;117;0;1;;;NONE;;NONE;;SPORT UTILITY;PICKUP;;;;NO;10541;2018-03-16;10:01 AM;2018-03-16T14:01:00+00:00;35.786877277, -78.83307253;2018;No;Yes;3;NONE;NONE,NONE;NONE,NONE;SPORT UTILITY,PICKUP;SPORT UTILITY,PICKUP;SPORT UTILITY,PICKUP;SPORT UTILITY,PICKUP
44275;.10 MILES FROM P.V.A. (HARRIS TEETER);DRIVEWAY, PUBLIC;STRAIGHT,LEVEL;PUBLIC VEHICULAR AREA;TWO-WAY,NOT DIVIDED;SMOOTH ASPHALT;DRY;DAYLIGHT;CLEAR;NO CONTROL PRESENT;;;-78.8119;35.7853;;;0;0;;;NONE;;NONE;;PASSENGER CAR;SPORT UTILITY;;;;NO;20648;2020-03-20;3:38:53 PM;2020-03-20T19:38:53+00:00;;2020;No;No;3;NONE;NONE,NONE;NONE,NONE;PASSENGER CAR,SPORT UTILITY;PASSENGER CAR,SPORT UTILITY;PASSENGER CAR,SPORT UTILITY;PASSENGER CAR,SPORT UTILITY
33176;CARY;T-INTERSECTION;STRAIGHT,LEVEL;LOCAL STREET;TWO-WAY,NOT DIVIDED;SMOOTH ASPHALT;UNKNOWN;UNKNOWN;OTHER *;NO CONTROL PRESENT;35.828907231;-78.89737182;-78.8974;35.8287;P016;119;0;0;;;UNKNOWN;;NONE;;UNKNOWN;;;;;NO;10546;2018-03-18;8:37:30 AM;2018-03-18T12:37:30+00:00;35.828907231, -78.89737182;2018;No;No;3;UNKNOWN;UNKNOWN,NONE;UNKNOWN,NONE;UNKNOWN;UNKNOWN;UNKNOWN;UNKNOWN
44282;0 FEET FROM S.R. 1349 (DILLARD DR);FOUR-WAY INTERSECTION;STRAIGHT,LEVEL;STATE SECONDARY ROUTE;TWO-WAY,DIVIDED,UNPROTECTED MEDIAN;SMOOTH ASPHALT;WET;DARK - LIGHTED ROADWAY;RAIN;STOP AND GO SIGNAL;;;-78.7411;35.7533;;;0;1;;;NONE;;NONE;;PASSENGER CAR;PASSENGER CAR;;;;NO;20655;2020-03-21;9:17:58 PM;2020-03-22T01:17:58+00:00;;2020;No;Yes;3;NONE;NONE,NONE;NONE,NONE;PASSENGER CAR,PASSENGER CAR;PASSENGER CAR,PASSENGER CAR;PASSENGER CAR,PASSENGER CAR;PASSENGER CAR,PASSENGER CAR
33184;80 FEET FROM FRANKS CREEK DR;NO SPECIAL FEATURE;STRAIGHT,LEVEL;LOCAL STREET;TWO-WAY,NOT DIVIDED;COARSE ASPHALT;DRY;DAYLIGHT;CLEAR;NO CONTROL PRESENT;35.700531695;-78.79372802;-78.793672;35.70046;P048;116;0;0;;;NONE;;NONE;;PASSENGER CAR;PASSENGER CAR;;;;NO;10554;2018-03-18;2:20:55 PM;2018-03-18T18:20:55+00:00;35.700531695, -78.79372802;2018;No;No;3;NONE;NONE,NONE;NONE,NONE;PASSENGER CAR,PASSENGER CAR;PASSENGER CAR,PASSENGER CAR;PASSENGER CAR,PASSENGER CAR;PASSENGER CAR,PASSENGER CAR
44289;400 FEET FROM 1121 PARKSIDE MAIN ST;NO SPECIAL FEATURE;STRAIGHT,LEVEL;PUBLIC VEHICULAR AREA;ONE-WAY,NOT DIVIDED;SMOOTH ASPHALT;DRY;DAYLIGHT;CLOUDY;NO CONTROL PRESENT;;;-78.8903;35.8474;;;0;0;;;NONE;;NONE;;SINGLE UNIT TRUCK (2-AXLE- 6-TIRE);SPORT UTILITY;;;;NO;20662;2020-03-25;1:13:02 PM;2020-03-25T17:13:02+00:00;;2020;No;No;3;NONE;NONE,NONE;NONE,NONE;SINGLE UNIT TRUCK (2-AXLE- 6-TIRE),SPORT UTILITY;SINGLE UNIT TRUCK (2-AXLE- 6-TIRE),SPORT UTILITY;SINGLE UNIT TRUCK (2-AXLE- 6-TIRE),SPORT UTILITY;SINGLE UNIT TRUCK (2-AXLE- 6-TIRE),SPORT UTILITY
33189;499 FEET FROM NC 55 HWY;NO SPECIAL FEATURE;STRAIGHT,LEVEL;NC ROUTE;TWO-WAY,DIVIDED,UNPROTECTED MEDIAN;SMOOTH ASPHALT;DRY;DARK - UNKNOWN LIGHTING;CLEAR;NO CONTROL PRESENT;35.857277161;-78.89456854;-78.8941;35.8587;P091;WAKE;0;0;1;;NONE;;NONE;;PASSENGER CAR;PASSENGER CAR;;;;NO;10560;2018-03-17;3:51:08 AM;2018-03-17T07:51:08+00:00;35.857277161, -78.89456854;2018;No;No;3;NONE;NONE,NONE;NONE,NONE;PASSENGER CAR,PASSENGER CAR;PASSENGER CAR,PASSENGER CAR;PASSENGER CAR,PASSENGER CAR;PASSENGER CAR,PASSENGER CAR
44292;300 FEET FROM SR 5808 (E CHATHAM ST);DRIVEWAY, PUBLIC;STRAIGHT,LEVEL;STATE SECONDARY ROUTE;TWO-WAY,NOT DIVIDED;SMOOTH ASPHALT;DRY;DAYLIGHT;CLEAR;NO CONTROL PRESENT;;;-78.7572;35.791;;120;0;1;1;;NONE;;NONE;;VAN;PASSENGER CAR;;;;NO;20665;2020-03-20;12:16 PM;2020-03-20T16:16:00+00:00;;2020;No;Yes;3;NONE;NONE,NONE;NONE,NONE;VAN,PASSENGER CAR;VAN,PASSENGER CAR;VAN,PASSENGER CAR;VAN,PASSENGER CAR
33202;300 FEET FROM 101 LEDGESTONE WAY;NO SPECIAL FEATURE;STRAIGHT,LEVEL;LOCAL STREET;ONE-WAY,NOT DIVIDED;SMOOTH ASPHALT;DRY;DAYLIGHT;CLEAR;NO CONTROL PRESENT;35.792182499;-78.84885933;-78.847984;35.791723;P017;121;0;0;6;;NONE;;NONE;;VAN;SPORT UTILITY;;;;NO;10573;2018-03-18;11:58 AM;2018-03-18T15:58:00+00:00;35.792182499, -78.84885933;2018;No;No;3;NONE;NONE,NONE;NONE,NONE;VAN,SPORT UTILITY;VAN,SPORT UTILITY;VAN,SPORT UTILITY;VAN,SPORT UTILITY
44294;0 FEET FROM REED ST;DRIVEWAY, PUBLIC;STRAIGHT,LEVEL;LOCAL STREET;TWO-WAY,NOT DIVIDED;SMOOTH ASPHALT;DRY;DAYLIGHT;CLOUDY;NO CONTROL PRESENT;;;-78.7626;35.7898;;;0;0;2;;NONE;;NONE;;PASSENGER CAR;VAN;;;;NO;20667;2020-03-25;12:20 PM;2020-03-25T16:20:00+00:00;;2020;No;No;3;NONE;NONE,NONE;NONE,NONE;PASSENGER CAR,VAN;PASSENGER CAR,VAN;PASSENGER CAR,VAN;PASSENGER CAR,VAN
33204;.191 MILES FROM SR1315 (BUCK JONES RD);T-INTERSECTION;STRAIGHT,LEVEL;STATE SECONDARY ROUTE;TWO-WAY,NOT DIVIDED;SMOOTH ASPHALT;DRY;DAYLIGHT;CLEAR;NO CONTROL PRESENT;;;-78.74231;35.765573;;;0;0;1;;NONE;;NONE;;PASSENGER CAR;PASSENGER CAR;;;;NO;10575;2018-03-17;11:10 PM;2018-03-18T03:10:00+00:00;;2018;No;No;3;NONE;NONE,NONE;NONE,NONE;PASSENGER CAR,PASSENGER CAR;PASSENGER CAR,PASSENGER CAR;PASSENGER CAR,PASSENGER CAR;PASSENGER CAR,PASSENGER CAR
44303;103 FEET FROM BEECH HANGER DRIVE;NO SPECIAL FEATURE;STRAIGHT,LEVEL;LOCAL STREET;TWO-WAY,NOT DIVIDED;SMOOTH ASPHALT;DRY;DAYLIGHT;CLEAR;NO CONTROL PRESENT;;;-78.8398;35.8249;;121;0;0;;;NONE;;NONE;;PASSENGER CAR;;;;;NO;20676;2020-03-26;6:12:38 PM;2020-03-26T22:12:38+00:00;;2020;No;No;3;NONE;NONE,NONE;NONE,NONE;PASSENGER CAR;PASSENGER CAR;PASSENGER CAR;PASSENGER CAR
33208;300 FEET FROM SR 1319 (JONES FRANKLIN RD);NO SPECIAL FEATURE;STRAIGHT,LEVEL;STATE SECONDARY ROUTE;TWO-WAY,DIVIDED,UNPROTECTED MEDIAN;SMOOTH ASPHALT;DRY;DAYLIGHT;CLEAR;STOP AND GO SIGNAL;;;-78.730692;35.7541866;;;0;0;;;;;NONE;;PICKUP;PASSENGER CAR;;;;NO;10579;2018-03-19;9:33:38 AM;2018-03-19T13:33:38+00:00;;2018;No;No;3;;NONE;NONE;PICKUP,PASSENGER CAR;PICKUP,PASSENGER CAR;PICKUP,PASSENGER CAR;PICKUP,PASSENGER CAR
44304;0 FEET FROM THORPE DR;FOUR-WAY INTERSECTION;STRAIGHT,LEVEL;LOCAL STREET;TWO-WAY,NOT DIVIDED;SMOOTH ASPHALT;DRY;DAYLIGHT;CLEAR;STOP SIGN;35.81600283;-78.79251976;-78.7924;35.8159;P024;111;0;0;1;;NONE;;NONE;;VAN;SPORT UTILITY;;;;NO;20677;2020-03-26;5:30:26 PM;2020-03-26T21:30:26+00:00;35.81600283, -78.79251976;2020;No;No;3;NONE;NONE,NONE;NONE,NONE;VAN,SPORT UTILITY;VAN,SPORT UTILITY;VAN,SPORT UTILITY;VAN,SPORT UTILITY
33209;.1 MILES FROM SR 3977;NO SPECIAL FEATURE;STRAIGHT,GRADE;STATE SECONDARY ROUTE;TWO-WAY,DIVIDED,POSITIVE MEDIAN BARRIER;COARSE ASPHALT;DRY;DAYLIGHT;CLEAR;NO CONTROL PRESENT;;;-78.763;35.7441;;;0;0;;;NONE;;NONE;;PASSENGER CAR;;;;;NO;10580;2018-03-19;2:39:21 PM;2018-03-19T18:39:21+00:00;;2018;No;No;3;NONE;NONE,NONE;NONE,NONE;PASSENGER CAR;PASSENGER CAR;PASSENGER CAR;PASSENGER CAR
44319;CARY;T-INTERSECTION;STRAIGHT,LEVEL;STATE SECONDARY ROUTE;TWO-WAY,DIVIDED,UNPROTECTED MEDIAN;SMOOTH ASPHALT;DRY;DARK - LIGHTED ROADWAY;CLEAR;NO CONTROL PRESENT;;;-78.7625;35.7433;;;0;0;;;NONE;;NONE;;MOPED;;;;;NO;20692;2020-03-30;10:12 PM;2020-03-31T02:12:00+00:00;;2020;No;No;3;NONE;NONE,NONE;NONE,NONE;MOPED;MOPED;MOPED;MOPED
33210;300 FEET FROM P.V.A. 10120-202 GREEN LEVEL C;NO SPECIAL FEATURE;STRAIGHT,LEVEL;PUBLIC VEHICULAR AREA;TWO-WAY,NOT DIVIDED;SMOOTH ASPHALT;DRY;DAYLIGHT;CLEAR;NO CONTROL PRESENT;;;-78.9013;35.8197;;;0;0;;;NONE;;NONE;;PASSENGER CAR;PASSENGER CAR;;;;NO;10581;2018-03-19;11:29 PM;2018-03-20T03:29:00+00:00;;2018;No;No;3;NONE;NONE,NONE;NONE,NONE;PASSENGER CAR,PASSENGER CAR;PASSENGER CAR,PASSENGER CAR;PASSENGER CAR,PASSENGER CAR;PASSENGER CAR,PASSENGER CAR
44320;50 FEET FROM US HWY 64 E;NO SPECIAL FEATURE;STRAIGHT,LEVEL;US ROUTE;TWO-WAY,DIVIDED,UNPROTECTED MEDIAN;SMOOTH ASPHALT;DRY;DAYLIGHT;CLEAR;STOP AND GO SIGNAL;;;-78.7958;35.738;;;0;0;4;;NONE;;NONE;;SPORT UTILITY;VAN;;;;NO;20693;2020-03-28;6:25:44 PM;2020-03-28T22:25:44+00:00;;2020;No;No;3;NONE;NONE,NONE;NONE,NONE;SPORT UTILITY,VAN;SPORT UTILITY,VAN;SPORT UTILITY,VAN;SPORT UTILITY,VAN
33211;.132 MILES FROM US 64 HWY;NO SPECIAL FEATURE;STRAIGHT,LEVEL;US ROUTE;TWO-WAY,DIVIDED,UNPROTECTED MEDIAN;SMOOTH ASPHALT;DRY;DARK - LIGHTED ROADWAY;CLOUDY;NO CONTROL PRESENT;;;-78.796028;35.738084;;;0;0;;;NONE;;NONE;;PASSENGER CAR;PASSENGER CAR;;;;NO;10582;2018-03-20;1:00:10 AM;2018-03-20T05:00:10+00:00;;2018;No;No;3;NONE;NONE,NONE;NONE,NONE;PASSENGER CAR,PASSENGER CAR;PASSENGER CAR,PASSENGER CAR;PASSENGER CAR,PASSENGER CAR;PASSENGER CAR,PASSENGER CAR
44321;.1 MILES FROM SR 1009 (TRYON RD);NO SPECIAL FEATURE;STRAIGHT,LEVEL;STATE SECONDARY ROUTE;TWO-WAY,DIVIDED,POSITIVE MEDIAN BARRIER;SMOOTH ASPHALT;DRY;DAYLIGHT;CLEAR;STOP AND GO SIGNAL;;;-78.740813;35.747157;;;0;1;;;;;NONE;;PASSENGER CAR;PASSENGER CAR;;;;NO;20694;2020-03-28;8:47:52 PM;2020-03-29T00:47:52+00:00;;2020;No;Yes;3;;NONE;NONE;PASSENGER CAR,PASSENGER CAR;PASSENGER CAR,PASSENGER CAR;PASSENGER CAR,PASSENGER CAR;PASSENGER CAR,PASSENGER CAR
33214;102 FEET FROM P.V.A 100 WRENN DR;DRIVEWAY, PUBLIC;STRAIGHT,LEVEL;PUBLIC VEHICULAR AREA;TWO-WAY,NOT DIVIDED;SMOOTH ASPHALT;DRY;DAYLIGHT;CLEAR;NO CONTROL PRESENT;;;-78.784413;35.765186;;;0;0;;;NONE;;NONE;;PASSENGER CAR;SPORT UTILITY;;;;NO;10585;2018-03-19;3:37:06 PM;2018-03-19T19:37:06+00:00;;2018;No;No;3;NONE;NONE,NONE;NONE,NONE;PASSENGER CAR,SPORT UTILITY;PASSENGER CAR,SPORT UTILITY;PASSENGER CAR,SPORT UTILITY;PASSENGER CAR,SPORT UTILITY
44326;172 FEET FROM P.V.A. (1400 CRESCENT GREEN);DRIVEWAY, PUBLIC;STRAIGHT,GRADE;PUBLIC VEHICULAR AREA;TWO-WAY,NOT DIVIDED;SMOOTH ASPHALT;DRY;DAYLIGHT;CLOUDY;NO CONTROL PRESENT;;;-78.7845;35.7343;;;0;0;;;NONE;;NONE;;PASSENGER CAR;SPORT UTILITY;;;;NO;20699;2020-03-31;1:21:04 PM;2020-03-31T17:21:04+00:00;;2020;No;No;3;NONE;NONE,NONE;NONE,NONE;PASSENGER CAR,SPORT UTILITY;PASSENGER CAR,SPORT UTILITY;PASSENGER CAR,SPORT UTILITY;PASSENGER CAR,SPORT UTILITY
33216;.03 MILES FROM PVA (1310 SE MAYNARD RD);NO SPECIAL FEATURE;STRAIGHT,LEVEL;PUBLIC VEHICULAR AREA;TWO-WAY,NOT DIVIDED;SMOOTH ASPHALT;DRY;DAYLIGHT;CLEAR;NO CONTROL PRESENT;;;-78.7631;35.786;;;0;0;;;NONE;;NONE;;PASSENGER CAR;PASSENGER CAR;;;;NO;10587;2018-03-19;11:46 AM;2018-03-19T15:46:00+00:00;;2018;No;No;3;NONE;NONE,NONE;NONE,NONE;PASSENGER CAR,PASSENGER CAR;PASSENGER CAR,PASSENGER CAR;PASSENGER CAR,PASSENGER CAR;PASSENGER CAR,PASSENGER CAR
44330;100 FEET FROM PVA OF 973 N HARRISON AV;NO SPECIAL FEATURE;STRAIGHT,LEVEL;PUBLIC VEHICULAR AREA;TWO-WAY,NOT DIVIDED;SMOOTH ASPHALT;DRY;DAYLIGHT;CLEAR;NO CONTROL PRESENT;;;-78.78457;35.8015;;111;0;0;1;;;;NONE;;PASSENGER CAR;SPORT UTILITY;;;;NO;20703;2020-04-01;3:27:46 PM;2020-04-01T19:27:46+00:00;;2020;No;No;4;;NONE;NONE;PASSENGER CAR,SPORT UTILITY;PASSENGER CAR,SPORT UTILITY;PASSENGER CAR,SPORT UTILITY;PASSENGER CAR,SPORT UTILITY
33219;125 FEET FROM WINSTEAD DR;NO SPECIAL FEATURE;STRAIGHT,LEVEL;LOCAL STREET;TWO-WAY,DIVIDED,UNPROTECTED MEDIAN;SMOOTH ASPHALT;DRY;DAYLIGHT;CLEAR;NO CONTROL PRESENT;35.833581588;-78.78143416;-78.78154;35.833978;P021;111;0;0;;;NONE;;NONE;;SPORT UTILITY;;;;;NO;10590;2018-03-19;8:14:25 PM;2018-03-20T00:14:25+00:00;35.833581588, -78.78143416;2018;No;No;3;NONE;NONE,NONE;NONE,NONE;SPORT UTILITY;SPORT UTILITY;SPORT UTILITY;SPORT UTILITY
44335;CARY;RELATED TO INTERSECTION;STRAIGHT,LEVEL;NC ROUTE;TWO-WAY,DIVIDED,UNPROTECTED MEDIAN;SMOOTH ASPHALT;DRY;DAYLIGHT;CLEAR;STOP AND GO SIGNAL;;;-78.89128;35.84603;;;0;0;;;NONE;;NONE;;SPORT UTILITY;;;;;NO;20708;2020-04-03;12:05 PM;2020-04-03T16:05:00+00:00;;2020;No;No;4;NONE;NONE,NONE;NONE,NONE;SPORT UTILITY;SPORT UTILITY;SPORT UTILITY;SPORT UTILITY
33220;CARY;FOUR-WAY INTERSECTION;STRAIGHT,LEVEL;LOCAL STREET;TWO-WAY,DIVIDED,POSITIVE MEDIAN BARRIER;SMOOTH ASPHALT;DRY;DAYLIGHT;CLOUDY;STOP SIGN;35.829176357;-78.88422148;-78.8842;35.8292;P082;119;0;0;;;NONE;;NONE;;PASSENGER CAR;VAN;;;;NO;10591;2018-03-19;7:19:52 PM;2018-03-19T23:19:52+00:00;35.829176357, -78.88422148;2018;No;No;3;NONE;NONE,NONE;NONE,NONE;PASSENGER CAR,VAN;PASSENGER CAR,VAN;PASSENGER CAR,VAN;PASSENGER CAR,VAN
44338;120 FEET FROM P.V.A. 8851 CHAPEL HILL RD;NO SPECIAL FEATURE;STRAIGHT,LEVEL;PUBLIC VEHICULAR AREA;TWO-WAY,NOT DIVIDED;GRAVEL;DRY;DAYLIGHT;CLEAR;NO CONTROL PRESENT;;;-78.7905;35.7936;;;0;0;;;;;NONE;;PASSENGER CAR;PASSENGER CAR;;;;NO;20711;2020-04-03;3:54:45 PM;2020-04-03T19:54:45+00:00;;2020;No;No;4;;NONE;NONE;PASSENGER CAR,PASSENGER CAR;PASSENGER CAR,PASSENGER CAR;PASSENGER CAR,PASSENGER CAR;PASSENGER CAR,PASSENGER CAR
33221;5 FEET FROM SR 3081 (CHAPEL HILL RD);FOUR-WAY INTERSECTION;STRAIGHT,LEVEL;STATE SECONDARY ROUTE;TWO-WAY,DIVIDED,POSITIVE MEDIAN BARRIER;COARSE ASPHALT;DRY;DARK - LIGHTED ROADWAY;CLEAR;STOP AND GO SIGNAL;;;-78.766;35.7074;;;0;0;;;NONE;;NONE;;PASSENGER CAR;PASSENGER CAR;;;;NO;10592;2018-03-19;9:10:00 PM;2018-03-20T01:10:00+00:00;;2018;No;No;3;NONE;NONE,NONE;NONE,NONE;PASSENGER CAR,PASSENGER CAR;PASSENGER CAR,PASSENGER CAR;PASSENGER CAR,PASSENGER CAR;PASSENGER CAR,PASSENGER CAR
44339;00 FEET FROM SR 1615 (HIGH HOUSE RD);FOUR-WAY INTERSECTION;CURVE,BOTTOM (SAG);STATE SECONDARY ROUTE;TWO-WAY,DIVIDED,POSITIVE MEDIAN BARRIER;SMOOTH ASPHALT;DRY;DAYLIGHT;CLOUDY;STOP AND GO SIGNAL;;;-78.838352;35.792746;;;0;0;;;NONE;;NONE;;PASSENGER CAR;PASSENGER CAR;;;;NO;20712;2020-03-30;2:18:23 PM;2020-03-30T18:18:23+00:00;;2020;No;No;3;NONE;NONE,NONE;NONE,NONE;PASSENGER CAR,PASSENGER CAR;PASSENGER CAR,PASSENGER CAR;PASSENGER CAR,PASSENGER CAR;PASSENGER CAR,PASSENGER CAR
33225;.2 MILES FROM 1 HWY;NO SPECIAL FEATURE;STRAIGHT,LEVEL;US ROUTE;TWO-WAY,DIVIDED,POSITIVE MEDIAN BARRIER;GROOVED CONCRETE;DRY;DAYLIGHT;CLEAR;NO CONTROL PRESENT;;;-78.781351;35.743391;;;0;2;;;NONE;;NONE;;SPORT UTILITY;PICKUP;SPORT UTILITY;;;NO;10596;2018-03-16;9:52:38 AM;2018-03-16T13:52:38+00:00;;2018;No;Yes;3;NONE;NONE,NONE;NONE,NONE;SPORT UTILITY,PICKUP;SPORT UTILITY,PICKUP,SPORT UTILITY;SPORT UTILITY,PICKUP,SPORT UTILITY;SPORT UTILITY,PICKUP,SPORT UTILITY
44343;.1 MILES FROM SR 1387 (WEST LAKE RD);NO SPECIAL FEATURE;CURVE,LEVEL;STATE SECONDARY ROUTE;TWO-WAY,NOT DIVIDED;COARSE ASPHALT;DRY;DARK - ROADWAY NOT LIGHTED;CLEAR;NO CONTROL PRESENT;;;-78.757487;35.672987;;;0;0;;;NONE;;NONE;;PASSENGER CAR;;;;;NO;20716;2020-04-04;12:59 AM;2020-04-04T04:59:00+00:00;;2020;No;No;4;NONE;NONE,NONE;NONE,NONE;PASSENGER CAR;PASSENGER CAR;PASSENGER CAR;PASSENGER CAR
33230;.25 MILES FROM SR 1638 (OKELLY CHAPEL RD);NO SPECIAL FEATURE;STRAIGHT,BOTTOM (SAG);STATE SECONDARY ROUTE;TWO-WAY,DIVIDED,POSITIVE MEDIAN BARRIER;SMOOTH ASPHALT;DRY;DAYLIGHT;CLOUDY;NO CONTROL PRESENT;;;-78.8915;35.8453;;;0;0;2;;NONE;;NONE;;PASSENGER CAR;PASSENGER CAR;;;;NO;10601;2018-03-20;5:52:02 PM;2018-03-20T21:52:02+00:00;;2018;No;No;3;NONE;NONE,NONE;NONE,NONE;PASSENGER CAR,PASSENGER CAR;PASSENGER CAR,PASSENGER CAR;PASSENGER CAR,PASSENGER CAR;PASSENGER CAR,PASSENGER CAR
44348;20 FEET FROM PVA 200 S ACADEMY STREET;NO SPECIAL FEATURE;STRAIGHT,LEVEL;PUBLIC VEHICULAR AREA;TWO-WAY,NOT DIVIDED;COARSE ASPHALT;DRY;DAYLIGHT;CLEAR;NO CONTROL PRESENT;;;-78.7814;35.7866;;;0;0;;;NONE;;NONE;;SPORT UTILITY;PASSENGER CAR;;;;NO;20721;2020-04-06;10:42 AM;2020-04-06T14:42:00+00:00;;2020;No;No;4;NONE;NONE,NONE;NONE,NONE;SPORT UTILITY,PASSENGER CAR;SPORT UTILITY,PASSENGER CAR;SPORT UTILITY,PASSENGER CAR;SPORT UTILITY,PASSENGER CAR
33233;CARY;NO SPECIAL FEATURE;STRAIGHT,LEVEL;STATE SECONDARY ROUTE;TWO-WAY,NOT DIVIDED;SMOOTH ASPHALT;WET;DAYLIGHT;RAIN;STOP SIGN;;;-78.84301;35.780108;;117;0;0;;;NONE;;NONE;;LIGHT TRUCK (MINI-VAN- PANEL);PICKUP;;;;NO;10604;2018-03-20;8:49:39 AM;2018-03-20T12:49:39+00:00;;2018;No;No;3;NONE;NONE,NONE;NONE,NONE;LIGHT TRUCK (MINI-VAN- PANEL),PICKUP;LIGHT TRUCK (MINI-VAN- PANEL),PICKUP;LIGHT TRUCK (MINI-VAN- PANEL),PICKUP;LIGHT TRUCK (MINI-VAN- PANEL),PICKUP
44349;.1 MILES FROM P.V.A. OF ALDI (2303 NW MAYNAR;NO SPECIAL FEATURE;STRAIGHT,LEVEL;PUBLIC VEHICULAR AREA;TWO-WAY,NOT DIVIDED;SMOOTH ASPHALT;DRY;DAYLIGHT;CLEAR;NO CONTROL PRESENT;;;-78.784799;35.802388;;;0;1;;;;;NONE;;PASSENGER CAR;;;;;NO;20722;2020-04-06;5:53:55 PM;2020-04-06T21:53:55+00:00;;2020;No;Yes;4;;NONE;NONE;PASSENGER CAR;PASSENGER CAR;PASSENGER CAR;PASSENGER CAR
33247;.5 MILES FROM NC 55 HWY;NO SPECIAL FEATURE;STRAIGHT,GRADE;NC ROUTE;TWO-WAY,DIVIDED,UNPROTECTED MEDIAN;SMOOTH ASPHALT;DRY;DAYLIGHT;CLOUDY;NO CONTROL PRESENT;;;-78.8932;35.8636;;;0;0;;;NONE;;NONE;;VAN;PASSENGER CAR;;;;NO;10618;2018-03-21;5:00:58 PM;2018-03-21T21:00:58+00:00;;2018;No;No;3;NONE;NONE,NONE;NONE,NONE;VAN,PASSENGER CAR;VAN,PASSENGER CAR;VAN,PASSENGER CAR;VAN,PASSENGER CAR