tamainid;location_description;rdfeature;rdcharacter;rdclass;rdconfigur;rdsurface;rdcondition;lightcond;weather;trafcontrl;lat;lon;lon2;lat2;tract;zone;fatality;possblinj;numpassengers;numpedestrians;contrcir1_desc;contrcir2_desc;contrcir3_desc;contrcir4_desc;vehicle1;vehicle2;vehicle3;vehicle4;vehicle5;workarea;records;ta_date;ta_time;crash_date;geo_location;year;fatalities;injuries;month;contrfact1;contrfact2;contributing_factor;vehicleconcat1;vehicleconcat2;vehicleconcat3;vehicle_type
44351;CARY;FOUR-WAY INTERSECTION;STRAIGHT,HILLCREST;LOCAL STREET;TWO-WAY,DIVIDED,POSITIVE MEDIAN BARRIER;SMOOTH ASPHALT;DRY;DAYLIGHT;CLEAR;STOP AND GO SIGNAL;35.831392088;-78.78234549;-78.782254;35.831455;P021;111;0;0;;;;;NONE;;PASSENGER CAR;SPORT UTILITY;;;;NO;20724;2020-04-06;3:52:02 PM;2020-04-06T19:52:02+00:00;35.831392088, -78.78234549;2020;No;No;4;;NONE;NONE;PASSENGER CAR,SPORT UTILITY;PASSENGER CAR,SPORT UTILITY;PASSENGER CAR,SPORT UTILITY;PASSENGER CAR,SPORT UTILITY
33250;360 FEET FROM SR 1300 (KILDAIRE FARM RD);NO SPECIAL FEATURE;STRAIGHT,GRADE;STATE SECONDARY ROUTE;TWO-WAY,NOT DIVIDED;COARSE ASPHALT;WET;DAYLIGHT;CLOUDY;NO CONTROL PRESENT;;;-78.797182;35.7155021;;;0;0;;;NONE;;NONE;;SPORT UTILITY;SPORT UTILITY;;;;NO;10621;2018-03-21;4:56:08 PM;2018-03-21T20:56:08+00:00;;2018;No;No;3;NONE;NONE,NONE;NONE,NONE;SPORT UTILITY,SPORT UTILITY;SPORT UTILITY,SPORT UTILITY;SPORT UTILITY,SPORT UTILITY;SPORT UTILITY,SPORT UTILITY
44354;150 FEET FROM P.V.A (1002 VILLAGE GREENWAY);DRIVEWAY, PUBLIC;STRAIGHT,LEVEL;PUBLIC VEHICULAR AREA;TWO-WAY,NOT DIVIDED;SMOOTH ASPHALT;DRY;DUSK;CLEAR;NO CONTROL PRESENT;;;-78.7615;35.781;;;0;0;1;;NONE;;NONE;;PASSENGER CAR;PICKUP;;;;NO;20727;2020-04-06;8:33:59 PM;2020-04-07T00:33:59+00:00;;2020;No;No;4;NONE;NONE,NONE;NONE,NONE;PASSENGER CAR,PICKUP;PASSENGER CAR,PICKUP;PASSENGER CAR,PICKUP;PASSENGER CAR,PICKUP
33259;400 FEET FROM PVA OF 2054 KILDAIRE FARM RD;NO SPECIAL FEATURE;STRAIGHT,LEVEL;PUBLIC VEHICULAR AREA;TWO-WAY,NOT DIVIDED;SMOOTH ASPHALT;DRY;DAYLIGHT;CLEAR;NO CONTROL PRESENT;;;-78.7812;35.736;;;0;0;;;NONE;;NONE;;PASSENGER CAR;SPORT UTILITY;;;;NO;10630;2018-03-22;1:52:36 PM;2018-03-22T17:52:36+00:00;;2018;No;No;3;NONE;NONE,NONE;NONE,NONE;PASSENGER CAR,SPORT UTILITY;PASSENGER CAR,SPORT UTILITY;PASSENGER CAR,SPORT UTILITY;PASSENGER CAR,SPORT UTILITY
44366;100 FEET FROM CREEK PARK DR;NO SPECIAL FEATURE;CURVE,GRADE;LOCAL STREET;TWO-WAY,NOT DIVIDED;SMOOTH ASPHALT;DRY;DAYLIGHT;CLEAR;NO CONTROL PRESENT;35.79954785;-78.84014545;-78.8398;35.7996;P078;121;0;0;;;NONE;;NONE;;;;;;;NO;20739;2020-04-10;1:04:12 PM;2020-04-10T17:04:12+00:00;35.79954785, -78.84014545;2020;No;No;4;NONE;NONE,NONE;NONE,NONE;;;;
33261;CARY;FOUR-WAY INTERSECTION;STRAIGHT,LEVEL;STATE SECONDARY ROUTE;TWO-WAY,NOT DIVIDED;SMOOTH ASPHALT;DRY;DAYLIGHT;CLEAR;STOP AND GO SIGNAL;;;-78.7423;35.759;;;0;0;;;NONE;;NONE;;PICKUP;PASSENGER CAR;;;;NO;10632;2018-03-22;3:19:43 PM;2018-03-22T19:19:43+00:00;;2018;No;No;3;NONE;NONE,NONE;NONE,NONE;PICKUP,PASSENGER CAR;PICKUP,PASSENGER CAR;PICKUP,PASSENGER CAR;PICKUP,PASSENGER CAR
44367;50 FEET FROM PVA OF 410 DELTA CT;NO SPECIAL FEATURE;STRAIGHT,LEVEL;PUBLIC VEHICULAR AREA;TWO-WAY,NOT DIVIDED;SMOOTH ASPHALT;DRY;DAYLIGHT;CLEAR;NO CONTROL PRESENT;;;-78.78623;35.7931;;111;0;0;1;;;;NONE;;SPORT UTILITY;PASSENGER CAR;;;;NO;20740;2020-04-10;2:01:17 PM;2020-04-10T18:01:17+00:00;;2020;No;No;4;;NONE;NONE;SPORT UTILITY,PASSENGER CAR;SPORT UTILITY,PASSENGER CAR;SPORT UTILITY,PASSENGER CAR;SPORT UTILITY,PASSENGER CAR
33264;200 FEET FROM SR 1652 (N HARRISON AV);NO SPECIAL FEATURE;STRAIGHT,GRADE;STATE SECONDARY ROUTE;TWO-WAY,NOT DIVIDED;SMOOTH ASPHALT;WET;DAYLIGHT;CLOUDY;NO CONTROL PRESENT;;;-78.7831;35.7951;;;0;0;;;NONE;;NONE;;PICKUP;SPORT UTILITY;;;;NO;10635;2018-03-21;1:54:59 PM;2018-03-21T17:54:59+00:00;;2018;No;No;3;NONE;NONE,NONE;NONE,NONE;PICKUP,SPORT UTILITY;PICKUP,SPORT UTILITY;PICKUP,SPORT UTILITY;PICKUP,SPORT UTILITY
44368;50 FEET FROM P.V.A. 205 S ACADEMY ST;NO SPECIAL FEATURE;STRAIGHT,LEVEL;PUBLIC VEHICULAR AREA;TWO-WAY,NOT DIVIDED;SMOOTH ASPHALT;DRY;DAYLIGHT;CLEAR;NO CONTROL PRESENT;;;-78.7808;35.7861;;;0;0;;;;;NONE;;PASSENGER CAR;SPORT UTILITY;;;;NO;20741;2020-04-10;1:08:52 PM;2020-04-10T17:08:52+00:00;;2020;No;No;4;;NONE;NONE;PASSENGER CAR,SPORT UTILITY;PASSENGER CAR,SPORT UTILITY;PASSENGER CAR,SPORT UTILITY;PASSENGER CAR,SPORT UTILITY
33266;CARY;T-INTERSECTION;STRAIGHT,LEVEL;LOCAL STREET;TWO-WAY,NOT DIVIDED;SMOOTH ASPHALT;WET;DAYLIGHT;RAIN;NO CONTROL PRESENT;35.785106219;-78.77994212;-78.7795;35.785;P125;120;0;0;;;NONE;;NONE;;PASSENGER CAR;SPORT UTILITY;;;;NO;10637;2018-03-21;11:27 AM;2018-03-21T15:27:00+00:00;35.785106219, -78.77994212;2018;No;No;3;NONE;NONE,NONE;NONE,NONE;PASSENGER CAR,SPORT UTILITY;PASSENGER CAR,SPORT UTILITY;PASSENGER CAR,SPORT UTILITY;PASSENGER CAR,SPORT UTILITY
44371;10 FEET FROM SR 1300 (KILDAIRE FARM RD);NO SPECIAL FEATURE;STRAIGHT,LEVEL;STATE SECONDARY ROUTE;TWO-WAY,NOT DIVIDED;SMOOTH ASPHALT;DRY;DAYLIGHT;CLEAR;STOP AND GO SIGNAL;;;-78.782858;35.750881;;;0;0;;;NONE;;NONE;;PASSENGER CAR;SPORT UTILITY;;;;NO;20744;2020-04-08;12:08 PM;2020-04-08T16:08:00+00:00;;2020;No;No;4;NONE;NONE,NONE;NONE,NONE;PASSENGER CAR,SPORT UTILITY;PASSENGER CAR,SPORT UTILITY;PASSENGER CAR,SPORT UTILITY;PASSENGER CAR,SPORT UTILITY
33278;170 FEET FROM SR 1624 (CARPENTER FIRE STATIO;NO SPECIAL FEATURE;STRAIGHT,LEVEL;STATE SECONDARY ROUTE;TWO-WAY,NOT DIVIDED;SMOOTH ASPHALT;WET;DARK - LIGHTED ROADWAY;RAIN;NO CONTROL PRESENT;;;-78.8878;35.8233;;;0;0;;;NONE;;NONE;;PICKUP;;;;;NO;10649;2018-03-25;2:47:48 AM;2018-03-25T06:47:48+00:00;;2018;No;No;3;NONE;NONE,NONE;NONE,NONE;PICKUP;PICKUP;PICKUP;PICKUP
44373;.11 MILES FROM PVA (2370 WALNUT ST);NO SPECIAL FEATURE;STRAIGHT,LEVEL;PUBLIC VEHICULAR AREA;TWO-WAY,NOT DIVIDED;SMOOTH ASPHALT;DRY;DAYLIGHT;CLEAR;NO CONTROL PRESENT;;;-78.7449;35.7533;;;0;0;;;NONE;;NONE;;SPORT UTILITY;SPORT UTILITY;;;;NO;20746;2020-04-09;4:06:51 PM;2020-04-09T20:06:51+00:00;;2020;No;No;4;NONE;NONE,NONE;NONE,NONE;SPORT UTILITY,SPORT UTILITY;SPORT UTILITY,SPORT UTILITY;SPORT UTILITY,SPORT UTILITY;SPORT UTILITY,SPORT UTILITY
33281;.19 MILES FROM NC 55 HWY;RELATED TO INTERSECTION;STRAIGHT,LEVEL;NC ROUTE;TWO-WAY,NOT DIVIDED;SMOOTH ASPHALT;WET;DARK - ROADWAY NOT LIGHTED;RAIN;FLASHING STOP AND GO SIGNAL;;;-78.873902;35.820654;;122;0;0;;;NONE;;NONE;;PASSENGER CAR;PASSENGER CAR;;;;NO;10652;2018-03-24;8:23:06 PM;2018-03-25T00:23:06+00:00;;2018;No;No;3;NONE;NONE,NONE;NONE,NONE;PASSENGER CAR,PASSENGER CAR;PASSENGER CAR,PASSENGER CAR;PASSENGER CAR,PASSENGER CAR;PASSENGER CAR,PASSENGER CAR
44384;50 FEET FROM SR 1300 (KILDAIRE FARM RD);NO SPECIAL FEATURE;CURVE,LEVEL;STATE SECONDARY ROUTE;TWO-WAY,NOT DIVIDED;SMOOTH ASPHALT;DRY;DARK - LIGHTED ROADWAY;CLEAR;NO CONTROL PRESENT;;;-78.7814;35.7791;;;0;1;;;NONE;;NONE;;PASSENGER CAR;;;;;NO;20757;2020-04-14;5:54:56 AM;2020-04-14T09:54:56+00:00;;2020;No;Yes;4;NONE;NONE,NONE;NONE,NONE;PASSENGER CAR;PASSENGER CAR;PASSENGER CAR;PASSENGER CAR
33284;NEAR .01 MILES W OF W I 40 EXIT 287 RAMP EB;OFF-RAMP PROPER;CURVE,GRADE;STATE SECONDARY ROUTE;ONE-WAY,NOT DIVIDED;SMOOTH ASPHALT;DRY;DAYLIGHT;CLEAR;STOP AND GO SIGNAL;35.820664878;-78.74414739;-78.765;35.8314;P107;RALW;0;0;;;NONE;;NONE;;PASSENGER CAR;PASSENGER CAR;;;;NO;10655;2018-03-22;6:04:51 PM;2018-03-22T22:04:51+00:00;35.820664878, -78.74414739;2018;No;No;3;NONE;NONE,NONE;NONE,NONE;PASSENGER CAR,PASSENGER CAR;PASSENGER CAR,PASSENGER CAR;PASSENGER CAR,PASSENGER CAR;PASSENGER CAR,PASSENGER CAR
44387;300 FEET FROM PVA (7145 O`KELLY CHAPEL RD);NO SPECIAL FEATURE;STRAIGHT,LEVEL;PUBLIC VEHICULAR AREA;TWO-WAY,NOT DIVIDED;SMOOTH ASPHALT;DRY;DAYLIGHT;CLEAR;NO CONTROL PRESENT;;;-78.888;35.8442;;;0;0;;;NONE;;NONE;;SPORT UTILITY;SPORT UTILITY;;;;NO;20760;2020-04-14;9:48:41 PM;2020-04-15T01:48:41+00:00;;2020;No;No;4;NONE;NONE,NONE;NONE,NONE;SPORT UTILITY,SPORT UTILITY;SPORT UTILITY,SPORT UTILITY;SPORT UTILITY,SPORT UTILITY;SPORT UTILITY,SPORT UTILITY
33285;50 FEET FROM PVA (3701 NW CARY PKWY);NO SPECIAL FEATURE;STRAIGHT,LEVEL;PUBLIC VEHICULAR AREA;TWO-WAY,NOT DIVIDED;SMOOTH ASPHALT;DRY;DAYLIGHT;CLEAR;NO CONTROL PRESENT;;;-78.8175;35.7949;;;0;0;;;NONE;;NONE;;SPORT UTILITY;PASSENGER CAR;;;;NO;10656;2018-03-21;5:04:00 PM;2018-03-21T21:04:00+00:00;;2018;No;No;3;NONE;NONE,NONE;NONE,NONE;SPORT UTILITY,PASSENGER CAR;SPORT UTILITY,PASSENGER CAR;SPORT UTILITY,PASSENGER CAR;SPORT UTILITY,PASSENGER CAR
44389;400 FEET FROM P.V.A. 300-BLK BEECHTREE DR;NO SPECIAL FEATURE;STRAIGHT,LEVEL;PUBLIC VEHICULAR AREA;TWO-WAY,NOT DIVIDED;SMOOTH ASPHALT;WET;DAYLIGHT;CLOUDY;NO CONTROL PRESENT;;;-78.7763;35.8212;;;0;0;;;NONE;;NONE;;PASSENGER CAR;;;;;NO;20762;2020-04-15;9:09:37 AM;2020-04-15T13:09:37+00:00;;2020;No;No;4;NONE;NONE,NONE;NONE,NONE;PASSENGER CAR;PASSENGER CAR;PASSENGER CAR;PASSENGER CAR
33294;400 FEET FROM SR 1315 (BUCK JONES RD);NO SPECIAL FEATURE;STRAIGHT,LEVEL;STATE SECONDARY ROUTE;TWO-WAY,NOT DIVIDED;COARSE ASPHALT;DRY;DAYLIGHT;CLEAR;NO CONTROL PRESENT;;;-78.7435;35.7639;;112;0;0;2;;;;NONE;;PASSENGER CAR;SPORT UTILITY;;;;NO;10665;2018-03-25;1:37:02 PM;2018-03-25T17:37:02+00:00;;2018;No;No;3;;NONE;NONE;PASSENGER CAR,SPORT UTILITY;PASSENGER CAR,SPORT UTILITY;PASSENGER CAR,SPORT UTILITY;PASSENGER CAR,SPORT UTILITY
44390;66 FEET FROM WEYCROFT AV;NO SPECIAL FEATURE;STRAIGHT,LEVEL;LOCAL STREET;TWO-WAY,DIVIDED,UNPROTECTED MEDIAN;SMOOTH ASPHALT;DRY;DAYLIGHT;CLEAR;NO CONTROL PRESENT;;;-78.9018;35.8349;;;0;0;1;;NONE;;NONE;;VAN;PICKUP;;;;NO;20763;2020-04-14;5:12:53 PM;2020-04-14T21:12:53+00:00;;2020;No;No;4;NONE;NONE,NONE;NONE,NONE;VAN,PICKUP;VAN,PICKUP;VAN,PICKUP;VAN,PICKUP
33297;50 FEET FROM SR 1313 (WALNUT ST);BRIDGE APPROACH;STRAIGHT,LEVEL;STATE SECONDARY ROUTE;TWO-WAY,DIVIDED,UNPROTECTED MEDIAN;SMOOTH ASPHALT;DRY;DAYLIGHT;CLEAR;STOP AND GO SIGNAL;;;-78.74382;35.7608059;;;0;0;3;;;;NONE;;SPORT UTILITY;PICKUP;;;;NO;10668;2018-03-24;12:19 PM;2018-03-24T16:19:00+00:00;;2018;No;No;3;;NONE;NONE;SPORT UTILITY,PICKUP;SPORT UTILITY,PICKUP;SPORT UTILITY,PICKUP;SPORT UTILITY,PICKUP
44391;0 FEET FROM SR 1415 ( SW MAYNARD RD);FOUR-WAY INTERSECTION;STRAIGHT,LEVEL;STATE SECONDARY ROUTE;TWO-WAY,DIVIDED,UNPROTECTED MEDIAN;SMOOTH ASPHALT;DRY;DAYLIGHT;CLEAR;STOP AND GO SIGNAL;;;-78.8014;35.7757;;114;0;0;;;;;NONE;;PASSENGER CAR;PASSENGER CAR;;;;NO;20764;2020-04-13;7:24:40 PM;2020-04-13T23:24:40+00:00;;2020;No;No;4;;NONE;NONE;PASSENGER CAR,PASSENGER CAR;PASSENGER CAR,PASSENGER CAR;PASSENGER CAR,PASSENGER CAR;PASSENGER CAR,PASSENGER CAR
33301;.25 MILES FROM SR 1613 (DAVIS DR);NO SPECIAL FEATURE;STRAIGHT,LEVEL;STATE SECONDARY ROUTE;TWO-WAY,DIVIDED,UNPROTECTED MEDIAN;SMOOTH ASPHALT;WET;DAYLIGHT;RAIN;NO CONTROL PRESENT;;;-78.853197;35.830728;;121;0;0;3;;NONE;;NONE;;PASSENGER CAR;SPORT UTILITY;;;;NO;10672;2018-03-24;4:08:00 PM;2018-03-24T20:08:00+00:00;;2018;No;No;3;NONE;NONE,NONE;NONE,NONE;PASSENGER CAR,SPORT UTILITY;PASSENGER CAR,SPORT UTILITY;PASSENGER CAR,SPORT UTILITY;PASSENGER CAR,SPORT UTILITY
44392;400 FEET FROM PVA (1353 BRADFORD VIEW DR);NO SPECIAL FEATURE;STRAIGHT,LEVEL;PUBLIC VEHICULAR AREA;TWO-WAY,NOT DIVIDED;SMOOTH ASPHALT;DRY;DAYLIGHT;CLEAR;NO CONTROL PRESENT;;;-78.846553;35.7937213;;;0;0;;;NONE;;NONE;;SPORT UTILITY;SPORT UTILITY;;;;NO;20765;2020-04-14;6:17:38 PM;2020-04-14T22:17:38+00:00;;2020;No;No;4;NONE;NONE,NONE;NONE,NONE;SPORT UTILITY,SPORT UTILITY;SPORT UTILITY,SPORT UTILITY;SPORT UTILITY,SPORT UTILITY;SPORT UTILITY,SPORT UTILITY
33308;1 MILES FROM US HIGHWAY 1 NORTH;NO SPECIAL FEATURE;STRAIGHT,LEVEL;US ROUTE;TWO-WAY,DIVIDED,POSITIVE MEDIAN BARRIER;SMOOTH ASPHALT;DRY;DAYLIGHT;CLEAR;NO CONTROL PRESENT;;;-78.758121;35.7554406;;;0;0;1;;;;NONE;;PICKUP;PICKUP;;;;NO;10679;2018-03-26;3:16:57 PM;2018-03-26T19:16:57+00:00;;2018;No;No;3;;NONE;NONE;PICKUP,PICKUP;PICKUP,PICKUP;PICKUP,PICKUP;PICKUP,PICKUP
44407;150 FEET FROM 9043 CHAPEL HILL RD (PVA);DRIVEWAY, PUBLIC;STRAIGHT,HILLCREST;PUBLIC VEHICULAR AREA;TWO-WAY,NOT DIVIDED;SMOOTH ASPHALT;DRY;DAYLIGHT;CLEAR;STOP SIGN;35.795165421;-78.76343141;-78.79533;35.79768;P034;113;0;0;2;;NONE;;NONE;;PASSENGER CAR;PICKUP;;;;NO;20780;2020-04-17;5:18:33 PM;2020-04-17T21:18:33+00:00;35.795165421, -78.76343141;2020;No;No;4;NONE;NONE,NONE;NONE,NONE;PASSENGER CAR,PICKUP;PASSENGER CAR,PICKUP;PASSENGER CAR,PICKUP;PASSENGER CAR,PICKUP
33310;381 FEET FROM TRAVILAH OAKS LN;NO SPECIAL FEATURE;STRAIGHT,LEVEL;LOCAL STREET;TWO-WAY,NOT DIVIDED;SMOOTH ASPHALT;DRY;DARK - ROADWAY NOT LIGHTED;CLEAR;NO CONTROL PRESENT;;;-78.7922;35.7114;;;0;0;;;;;NONE;;PASSENGER CAR;PASSENGER CAR;;;;NO;10681;2018-03-27;3:19:55 AM;2018-03-27T07:19:55+00:00;;2018;No;No;3;;NONE;NONE;PASSENGER CAR,PASSENGER CAR;PASSENGER CAR,PASSENGER CAR;PASSENGER CAR,PASSENGER CAR;PASSENGER CAR,PASSENGER CAR
44413;110 FEET FROM P.P.  (FIRE STATION 5);NO SPECIAL FEATURE;STRAIGHT,LEVEL;PRIVATE ROAD,DRIVEWAY;ONE-WAY,NOT DIVIDED;CONCRETE;DRY;DAYLIGHT;CLOUDY;NO CONTROL PRESENT;;;-78.8517;35.7894;;;0;0;4;;NONE;;NONE;;EMS VEHICLE- AMBULANCE- RESCUE SQUAD;FIRETRUCK;;;;NO;20786;2020-04-19;12:22 PM;2020-04-19T16:22:00+00:00;;2020;No;No;4;NONE;NONE,NONE;NONE,NONE;EMS VEHICLE- AMBULANCE- RESCUE SQUAD,FIRETRUCK;EMS VEHICLE- AMBULANCE- RESCUE SQUAD,FIRETRUCK;EMS VEHICLE- AMBULANCE- RESCUE SQUAD,FIRETRUCK;EMS VEHICLE- AMBULANCE- RESCUE SQUAD,FIRETRUCK
33313;.1 MILES FROM US HWY 1;NO SPECIAL FEATURE;STRAIGHT,LEVEL;US ROUTE;TWO-WAY,DIVIDED,POSITIVE MEDIAN BARRIER;CONCRETE;DRY;DAYLIGHT;CLEAR;NO CONTROL PRESENT;;;-78.7492;35.7597;;;0;0;;;;;NONE;;PASSENGER CAR;PICKUP;;;;NO;10684;2018-03-26;6:29:34 PM;2018-03-26T22:29:34+00:00;;2018;No;No;3;;NONE;NONE;PASSENGER CAR,PICKUP;PASSENGER CAR,PICKUP;PASSENGER CAR,PICKUP;PASSENGER CAR,PICKUP
44421;0 FEET FROM SR 1415 (SE MAYNARD RD);FOUR-WAY INTERSECTION;STRAIGHT,LEVEL;STATE SECONDARY ROUTE;TWO-WAY,DIVIDED,UNPROTECTED MEDIAN;SMOOTH ASPHALT;DRY;DAYLIGHT;CLEAR;STOP AND GO SIGNAL;;;-78.7817;35.7711;;120;0;0;;;NONE;;NONE;;PASSENGER CAR;PASSENGER CAR;;;;NO;20794;2020-04-19;6:51:45 PM;2020-04-19T22:51:45+00:00;;2020;No;No;4;NONE;NONE,NONE;NONE,NONE;PASSENGER CAR,PASSENGER CAR;PASSENGER CAR,PASSENGER CAR;PASSENGER CAR,PASSENGER CAR;PASSENGER CAR,PASSENGER CAR
33318;CARY;;;;;;;;;;;;;;;;0;0;;;;;;;;;;;;;10689;2018-03-08;12:05 PM;2018-03-08T17:05:00+00:00;;2018;No;No;3;;;;;;;
44422;103 FEET FROM WARREN AV;NO SPECIAL FEATURE;STRAIGHT,GRADE;LOCAL STREET;TWO-WAY,NOT DIVIDED;SMOOTH ASPHALT;WET;DAYLIGHT;RAIN;NO CONTROL PRESENT;;;-78.7736;35.7801;;;0;0;;;NONE;;NONE;;LIGHT TRUCK (MINI-VAN- PANEL);PASSENGER CAR;;;;NO;20795;2020-04-20;12:57 PM;2020-04-20T16:57:00+00:00;;2020;No;No;4;NONE;NONE,NONE;NONE,NONE;LIGHT TRUCK (MINI-VAN- PANEL),PASSENGER CAR;LIGHT TRUCK (MINI-VAN- PANEL),PASSENGER CAR;LIGHT TRUCK (MINI-VAN- PANEL),PASSENGER CAR;LIGHT TRUCK (MINI-VAN- PANEL),PASSENGER CAR
33326;75 FEET FROM SR 1653 EVANS RD;NO SPECIAL FEATURE;STRAIGHT,LEVEL;STATE SECONDARY ROUTE;TWO-WAY,NOT DIVIDED;SMOOTH ASPHALT;DRY;DARK - LIGHTED ROADWAY;CLEAR;NO CONTROL PRESENT;;;-78.7941;35.8038;;;0;0;;;NONE;;NONE;;PASSENGER CAR;;;;;NO;10697;2018-03-27;9:45:57 PM;2018-03-28T01:45:57+00:00;;2018;No;No;3;NONE;NONE,NONE;NONE,NONE;PASSENGER CAR;PASSENGER CAR;PASSENGER CAR;PASSENGER CAR
44424;398 FEET FROM P.V.A. RITTER PARK (301 W LOCH;NO SPECIAL FEATURE;STRAIGHT,LEVEL;PUBLIC VEHICULAR AREA;TWO-WAY,NOT DIVIDED;SMOOTH ASPHALT;DRY;DAYLIGHT;CLEAR;NO CONTROL PRESENT;;;-78.7823;35.7288;;116;0;0;;;NONE;;NONE;;PICKUP;PASSENGER CAR;;;;NO;20797;2020-04-20;5:23:17 PM;2020-04-20T21:23:17+00:00;;2020;No;No;4;NONE;NONE,NONE;NONE,NONE;PICKUP,PASSENGER CAR;PICKUP,PASSENGER CAR;PICKUP,PASSENGER CAR;PICKUP,PASSENGER CAR
33330;120 FEET FROM SR1300 (KILDAIRE FARM RD);T-INTERSECTION;STRAIGHT,LEVEL;STATE SECONDARY ROUTE;TWO-WAY,DIVIDED,UNPROTECTED MEDIAN;SMOOTH ASPHALT;DRY;DAYLIGHT;CLEAR;NO CONTROL PRESENT;;;-78.7831;35.7633;;;0;0;;;NONE;;NONE;;PASSENGER CAR;PICKUP;;;;NO;10701;2018-03-27;8:36:24 AM;2018-03-27T12:36:24+00:00;;2018;No;No;3;NONE;NONE,NONE;NONE,NONE;PASSENGER CAR,PICKUP;PASSENGER CAR,PICKUP;PASSENGER CAR,PICKUP;PASSENGER CAR,PICKUP
44428;0 FEET FROM SR 3112 (NW CARY PKWY);NO SPECIAL FEATURE;STRAIGHT,LEVEL;STATE SECONDARY ROUTE;TWO-WAY,NOT DIVIDED;COARSE ASPHALT;DRY;DARK - LIGHTED ROADWAY;CLEAR;NO CONTROL PRESENT;;;-78.795082;35.8171691;;111;0;0;;;NONE;;NONE;;SPORT UTILITY;;;;;NO;20801;2020-04-23;5:13:53 AM;2020-04-23T09:13:53+00:00;;2020;No;No;4;NONE;NONE,NONE;NONE,NONE;SPORT UTILITY;SPORT UTILITY;SPORT UTILITY;SPORT UTILITY
33331;330 FEET FROM SR 1010 (TEN TEN RD);NO SPECIAL FEATURE;STRAIGHT,GRADE;STATE SECONDARY ROUTE;TWO-WAY,NOT DIVIDED;COARSE ASPHALT;DRY;DAYLIGHT;CLEAR;NO CONTROL PRESENT;;;-78.785103;35.7010469;;;0;0;1;;NONE;;NONE;;PASSENGER CAR;PASSENGER CAR;;;;NO;10702;2018-03-28;3:14:19 PM;2018-03-28T19:14:19+00:00;;2018;No;No;3;NONE;NONE,NONE;NONE,NONE;PASSENGER CAR,PASSENGER CAR;PASSENGER CAR,PASSENGER CAR;PASSENGER CAR,PASSENGER CAR;PASSENGER CAR,PASSENGER CAR
44431;CARY;NO SPECIAL FEATURE;STRAIGHT,GRADE;STATE SECONDARY ROUTE;TWO-WAY,DIVIDED,UNPROTECTED MEDIAN;SMOOTH ASPHALT;DRY;DAYLIGHT;CLEAR;STOP AND GO SIGNAL;;;-78.8475;35.7939;;;0;0;;;NONE;;NONE;;PASSENGER CAR;SPORT UTILITY;;;;NO;20804;2020-04-22;8:44:05 AM;2020-04-22T12:44:05+00:00;;2020;No;No;4;NONE;NONE,NONE;NONE,NONE;PASSENGER CAR,SPORT UTILITY;PASSENGER CAR,SPORT UTILITY;PASSENGER CAR,SPORT UTILITY;PASSENGER CAR,SPORT UTILITY
33336;200 FEET FROM PVA (631 WALNUT ST);NO SPECIAL FEATURE;STRAIGHT,LEVEL;PUBLIC VEHICULAR AREA;ONE-WAY,NOT DIVIDED;SMOOTH ASPHALT;DRY;DAYLIGHT;CLEAR;NO CONTROL PRESENT;;;-78.7682;35.7759;;;0;0;;;NONE;;NONE;;PASSENGER CAR;SPORT UTILITY;;;;NO;10707;2018-03-28;2:46:25 PM;2018-03-28T18:46:25+00:00;;2018;No;No;3;NONE;NONE,NONE;NONE,NONE;PASSENGER CAR,SPORT UTILITY;PASSENGER CAR,SPORT UTILITY;PASSENGER CAR,SPORT UTILITY;PASSENGER CAR,SPORT UTILITY
44439;75 FEET FROM P.V.A. (201 HIGH HOUSE RD);NO SPECIAL FEATURE;STRAIGHT,LEVEL;PUBLIC VEHICULAR AREA;ONE-WAY,NOT DIVIDED;SMOOTH ASPHALT;DRY;DAYLIGHT;CLEAR;NO CONTROL PRESENT;;;-78.7998;35.7832;;;0;0;;;NONE;;NONE;;SPORT UTILITY;PASSENGER CAR;;;;NO;20812;2020-04-23;5:12:07 PM;2020-04-23T21:12:07+00:00;;2020;No;No;4;NONE;NONE,NONE;NONE,NONE;SPORT UTILITY,PASSENGER CAR;SPORT UTILITY,PASSENGER CAR;SPORT UTILITY,PASSENGER CAR;SPORT UTILITY,PASSENGER CAR
33337;.5 MILES FROM US1;NO SPECIAL FEATURE;STRAIGHT,LEVEL;US ROUTE;TWO-WAY,DIVIDED,POSITIVE MEDIAN BARRIER;GROOVED CONCRETE;DRY;DAYLIGHT;CLEAR;NO CONTROL PRESENT;;;-78.771615;35.74834;;112;0;0;;;;;NONE;;VAN;PASSENGER CAR;;;;NO;10708;2018-03-28;10:40 AM;2018-03-28T14:40:00+00:00;;2018;No;No;3;;NONE;NONE;VAN,PASSENGER CAR;VAN,PASSENGER CAR;VAN,PASSENGER CAR;VAN,PASSENGER CAR
44440;17 FEET FROM SR 1300 (KILDAIRE FARM RD;RELATED TO INTERSECTION;STRAIGHT,LEVEL;STATE SECONDARY ROUTE;TWO-WAY,DIVIDED,UNPROTECTED MEDIAN;SMOOTH ASPHALT;WET;DAYLIGHT;RAIN;STOP AND GO SIGNAL;;;-78.7797;35.7404;;115;0;0;1;;;;COMING FROM BEHIND PARKED VEHICLE;;PICKUP;;;;;NO;20813;2020-04-20;1:19:43 PM;2020-04-20T17:19:43+00:00;;2020;No;No;4;;COMING FROM BEHIND PARKED VEHICLE;COMING FROM BEHIND PARKED VEHICLE;PICKUP;PICKUP;PICKUP;PICKUP
33339;.35 MILES FROM SR 1635 (MCCRIMMON PKWY);NO SPECIAL FEATURE;CURVE,LEVEL;STATE SECONDARY ROUTE;TWO-WAY,DIVIDED,POSITIVE MEDIAN BARRIER;SMOOTH ASPHALT;DRY;DAYLIGHT;CLEAR;NO CONTROL PRESENT;;;-78.887;35.8282;;;0;0;;;NONE;;NONE;;PASSENGER CAR;SPORT UTILITY;;;;NO;10710;2018-03-28;7:45:29 AM;2018-03-28T11:45:29+00:00;;2018;No;No;3;NONE;NONE,NONE;NONE,NONE;PASSENGER CAR,SPORT UTILITY;PASSENGER CAR,SPORT UTILITY;PASSENGER CAR,SPORT UTILITY;PASSENGER CAR,SPORT UTILITY