tamainid;location_description;rdfeature;rdcharacter;rdclass;rdconfigur;rdsurface;rdcondition;lightcond;weather;trafcontrl;lat;lon;lon2;lat2;tract;zone;fatality;possblinj;numpassengers;numpedestrians;contrcir1_desc;contrcir2_desc;contrcir3_desc;contrcir4_desc;vehicle1;vehicle2;vehicle3;vehicle4;vehicle5;workarea;records;ta_date;ta_time;crash_date;geo_location;year;fatalities;injuries;month;contrfact1;contrfact2;contributing_factor;vehicleconcat1;vehicleconcat2;vehicleconcat3;vehicle_type
33434;0.1 MILES FROM PVA (1300 CRESCENT GREEN);NO SPECIAL FEATURE;STRAIGHT,LEVEL;PUBLIC VEHICULAR AREA;TWO-WAY,NOT DIVIDED;SMOOTH ASPHALT;WET;DAYLIGHT;RAIN;NO CONTROL PRESENT;;;-78.7838;35.7333;;;0;0;;;NONE;;NONE;;UNKNOWN;PASSENGER CAR;;;;NO;10805;2018-04-07;6:04:30 PM;2018-04-07T22:04:30+00:00;;2018;No;No;4;NONE;NONE,NONE;NONE,NONE;UNKNOWN,PASSENGER CAR;UNKNOWN,PASSENGER CAR;UNKNOWN,PASSENGER CAR;UNKNOWN,PASSENGER CAR
44540;200 FEET FROM SR1370(TRYON RD);ON-RAMP ENTRY;STRAIGHT,HILLCREST;STATE SECONDARY ROUTE;TWO-WAY,DIVIDED,POSITIVE MEDIAN BARRIER;SMOOTH ASPHALT;DRY;DAYLIGHT;CLEAR;NO CONTROL PRESENT;;;-78.793399;35.737403;;;0;0;;;NONE;;NONE;;PICKUP;PASSENGER CAR;;;;NO;20913;2020-05-13;5:33:09 PM;2020-05-13T21:33:09+00:00;;2020;No;No;5;NONE;NONE,NONE;NONE,NONE;PICKUP,PASSENGER CAR;PICKUP,PASSENGER CAR;PICKUP,PASSENGER CAR;PICKUP,PASSENGER CAR
33435;100 FEET FROM P.V.A. 6470 TRYON RD;NO SPECIAL FEATURE;STRAIGHT,LEVEL;PUBLIC VEHICULAR AREA;TWO-WAY,NOT DIVIDED;SMOOTH ASPHALT;WET;DARK - LIGHTED ROADWAY;RAIN;NO CONTROL PRESENT;;;-78.761409;35.744422;;;0;0;;;;;NONE;;PASSENGER CAR;PASSENGER CAR;;;;NO;10806;2018-04-07;8:52:46 PM;2018-04-08T00:52:46+00:00;;2018;No;No;4;;NONE;NONE;PASSENGER CAR,PASSENGER CAR;PASSENGER CAR,PASSENGER CAR;PASSENGER CAR,PASSENGER CAR;PASSENGER CAR,PASSENGER CAR
44543;75 FEET FROM P.V.A (PICKETT BRANCH RD);NO SPECIAL FEATURE;STRAIGHT,LEVEL;PUBLIC VEHICULAR AREA;TWO-WAY,NOT DIVIDED;SMOOTH ASPHALT;DRY;DAYLIGHT;CLEAR;NO CONTROL PRESENT;;;-78.897534;35.8556695;;;0;0;;;NONE;;NONE;;SPORT UTILITY;SPORT UTILITY;;;;NO;20916;2020-05-14;7:04:28 AM;2020-05-14T11:04:28+00:00;;2020;No;No;5;NONE;NONE,NONE;NONE,NONE;SPORT UTILITY,SPORT UTILITY;SPORT UTILITY,SPORT UTILITY;SPORT UTILITY,SPORT UTILITY;SPORT UTILITY,SPORT UTILITY
33442;.357 MILES FROM US 1 HWY US 1 SB;NO SPECIAL FEATURE;STRAIGHT,LEVEL;US ROUTE;TWO-WAY,DIVIDED,POSITIVE MEDIAN BARRIER;CONCRETE;WET;DAYLIGHT;RAIN;NO CONTROL PRESENT;;;-78.750579;35.759376;;;0;0;;;NONE;;NONE;;PASSENGER CAR;SPORT UTILITY;;;;NO;10813;2018-04-07;12:56 PM;2018-04-07T16:56:00+00:00;;2018;No;No;4;NONE;NONE,NONE;NONE,NONE;PASSENGER CAR,SPORT UTILITY;PASSENGER CAR,SPORT UTILITY;PASSENGER CAR,SPORT UTILITY;PASSENGER CAR,SPORT UTILITY
44547;0 FEET FROM SR 1435 (OLD RALEIGH RD);FOUR-WAY INTERSECTION;STRAIGHT,LEVEL;STATE SECONDARY ROUTE;TWO-WAY,NOT DIVIDED;SMOOTH ASPHALT;DRY;DAYLIGHT;CLEAR;STOP SIGN;;;-78.8136;35.7394;;116;0;0;;;NONE;;NONE;;PASSENGER CAR;SPORT UTILITY;;;;NO;20920;2020-05-14;7:40:45 PM;2020-05-14T23:40:45+00:00;;2020;No;No;5;NONE;NONE,NONE;NONE,NONE;PASSENGER CAR,SPORT UTILITY;PASSENGER CAR,SPORT UTILITY;PASSENGER CAR,SPORT UTILITY;PASSENGER CAR,SPORT UTILITY
33450;400 FEET FROM US 1 SOUTH;NO SPECIAL FEATURE;STRAIGHT,LEVEL;US ROUTE;TWO-WAY,DIVIDED,POSITIVE MEDIAN BARRIER;COARSE ASPHALT;WET;DAWN;CLOUDY;NO CONTROL PRESENT;;;-78.75008;35.759662;;;0;0;;;NONE;;NONE;;PASSENGER CAR;;;;;NO;10821;2018-04-08;12:17 PM;2018-04-08T16:17:00+00:00;;2018;No;No;4;NONE;NONE,NONE;NONE,NONE;PASSENGER CAR;PASSENGER CAR;PASSENGER CAR;PASSENGER CAR
44551;.138 MILES FROM P.V.A. 1920 NW MAYNARD RD;NO SPECIAL FEATURE;STRAIGHT,LEVEL;PUBLIC VEHICULAR AREA;TWO-WAY,NOT DIVIDED;SMOOTH ASPHALT;DRY;DAYLIGHT;CLEAR;NO CONTROL PRESENT;35.874867069;-78.51643963;-78.793131;35.798356;P119;RALW;0;0;;;NONE;;NONE;;PICKUP;PASSENGER CAR;;;;NO;20924;2020-05-13;2:28:00 PM;2020-05-13T18:28:00+00:00;35.874867069, -78.51643963;2020;No;No;5;NONE;NONE,NONE;NONE,NONE;PICKUP,PASSENGER CAR;PICKUP,PASSENGER CAR;PICKUP,PASSENGER CAR;PICKUP,PASSENGER CAR
33458;200 FEET FROM SR 3120 (MORRISVILE PKWY);NO SPECIAL FEATURE;STRAIGHT,LEVEL;STATE SECONDARY ROUTE;TWO-WAY,DIVIDED,UNPROTECTED MEDIAN;SMOOTH ASPHALT;DRY;DAYLIGHT;CLEAR;NO CONTROL PRESENT;35.669104881;-78.94941506;-78.858236;35.81393;P090;121;0;0;;;NONE;;NONE;;SPORT UTILITY;PASSENGER CAR;;;;NO;10829;2018-04-08;1:40:01 PM;2018-04-08T17:40:01+00:00;35.669104881, -78.94941506;2018;No;No;4;NONE;NONE,NONE;NONE,NONE;SPORT UTILITY,PASSENGER CAR;SPORT UTILITY,PASSENGER CAR;SPORT UTILITY,PASSENGER CAR;SPORT UTILITY,PASSENGER CAR
44555;00 FEET FROM SR 3081 (CHAPEL HILL RD);FOUR-WAY INTERSECTION;STRAIGHT,LEVEL;STATE SECONDARY ROUTE;TWO-WAY,NOT DIVIDED;SMOOTH ASPHALT;DRY;DUSK;CLEAR;STOP AND GO SIGNAL;;;-78.781152;35.791465;;;0;2;;;NONE;;NONE;;PASSENGER CAR;SPORT UTILITY;;;;NO;20928;2020-05-11;8:00:32 PM;2020-05-12T00:00:32+00:00;;2020;No;Yes;5;NONE;NONE,NONE;NONE,NONE;PASSENGER CAR,SPORT UTILITY;PASSENGER CAR,SPORT UTILITY;PASSENGER CAR,SPORT UTILITY;PASSENGER CAR,SPORT UTILITY
33460;CARY;FOUR-WAY INTERSECTION;STRAIGHT,LEVEL;STATE SECONDARY ROUTE;TWO-WAY,NOT DIVIDED;COARSE ASPHALT;DRY;DAYLIGHT;CLEAR;STOP AND GO SIGNAL;;;-78.79443;35.70365;;;0;0;1;;NONE;;NONE;;SPORT UTILITY;PASSENGER CAR;;;;NO;10831;2018-04-09;11:54 AM;2018-04-09T15:54:00+00:00;;2018;No;No;4;NONE;NONE,NONE;NONE,NONE;SPORT UTILITY,PASSENGER CAR;SPORT UTILITY,PASSENGER CAR;SPORT UTILITY,PASSENGER CAR;SPORT UTILITY,PASSENGER CAR
44557;200 FEET FROM P.V.A. (2430 WALNUT ST);NO SPECIAL FEATURE;STRAIGHT,LEVEL;PUBLIC VEHICULAR AREA;TWO-WAY,NOT DIVIDED;SMOOTH ASPHALT;DRY;DAYLIGHT;CLEAR;NO CONTROL PRESENT;;;;35.7525;;;0;0;;;NONE;;NONE;;SPORT UTILITY;PASSENGER CAR;;;;NO;20930;2020-05-11;12:29 PM;2020-05-11T16:29:00+00:00;;2020;No;No;5;NONE;NONE,NONE;NONE,NONE;SPORT UTILITY,PASSENGER CAR;SPORT UTILITY,PASSENGER CAR;SPORT UTILITY,PASSENGER CAR;SPORT UTILITY,PASSENGER CAR
33467;CARY;FOUR-WAY INTERSECTION;STRAIGHT,LEVEL;STATE SECONDARY ROUTE;TWO-WAY,DIVIDED,UNPROTECTED MEDIAN;SMOOTH ASPHALT;DRY;DAYLIGHT;CLEAR;YIELD SIGN;;;-78.788133;35.735854;;;0;0;1;;NONE;;NONE;;PASSENGER CAR;SPORT UTILITY;;;;NO;10838;2018-04-09;3:16:23 PM;2018-04-09T19:16:23+00:00;;2018;No;No;4;NONE;NONE,NONE;NONE,NONE;PASSENGER CAR,SPORT UTILITY;PASSENGER CAR,SPORT UTILITY;PASSENGER CAR,SPORT UTILITY;PASSENGER CAR,SPORT UTILITY
44560;.33 MILES FROM 11724 GREEN LEVEL CHURCH RD;NO SPECIAL FEATURE;STRAIGHT,LEVEL;STATE SECONDARY ROUTE;TWO-WAY,NOT DIVIDED;SMOOTH ASPHALT;DRY;DAYLIGHT;CLEAR;NO CONTROL PRESENT;;;-78.896005;35.866363;;119;0;1;;;NONE;;NONE;;PASSENGER CAR;;;;;NO;20933;2020-05-16;1:58:42 PM;2020-05-16T17:58:42+00:00;;2020;No;Yes;5;NONE;NONE,NONE;NONE,NONE;PASSENGER CAR;PASSENGER CAR;PASSENGER CAR;PASSENGER CAR
33470;50 FEET FROM S.R. 1626 (YATES STORE RD);NO SPECIAL FEATURE;STRAIGHT,HILLCREST;STATE SECONDARY ROUTE;TWO-WAY,NOT DIVIDED;SMOOTH ASPHALT;DRY;DARK - LIGHTED ROADWAY;CLEAR;NO CONTROL PRESENT;;;-78.92;35.8157;;;0;0;;;NONE;;NONE;;PASSENGER CAR;;;;;NO;10841;2018-04-09;9:40:42 PM;2018-04-10T01:40:42+00:00;;2018;No;No;4;NONE;NONE,NONE;NONE,NONE;PASSENGER CAR;PASSENGER CAR;PASSENGER CAR;PASSENGER CAR
44568;150 FEET FROM 405 JASLIE DR;NO SPECIAL FEATURE;STRAIGHT,LEVEL;LOCAL STREET;TWO-WAY,NOT DIVIDED;SMOOTH ASPHALT;DRY;DAYLIGHT;CLEAR;NO CONTROL PRESENT;35.739670853;-78.75847405;-78.7594;35.7402;P004;118;0;0;;;NONE;;NONE;;SPORT UTILITY;;;;;NO;20941;2020-05-16;3:53:10 PM;2020-05-16T19:53:10+00:00;35.739670853, -78.75847405;2020;No;No;5;NONE;NONE,NONE;NONE,NONE;SPORT UTILITY;SPORT UTILITY;SPORT UTILITY;SPORT UTILITY
33479;15 FEET FROM SR-1009 TRYON RD;FOUR-WAY INTERSECTION;STRAIGHT,LEVEL;STATE SECONDARY ROUTE;TWO-WAY,DIVIDED,UNPROTECTED MEDIAN;SMOOTH ASPHALT;DRY;DAYLIGHT;CLOUDY;STOP AND GO SIGNAL;;;-78.7807;35.7374;;;0;0;;;NONE;;NONE;;PICKUP;SPORT UTILITY;;;;NO;10850;2018-04-11;8:28:19 AM;2018-04-11T12:28:19+00:00;;2018;No;No;4;NONE;NONE,NONE;NONE,NONE;PICKUP,SPORT UTILITY;PICKUP,SPORT UTILITY;PICKUP,SPORT UTILITY;PICKUP,SPORT UTILITY
44571;163 FEET FROM SR 1650 (REEDY CREEK RD);NO SPECIAL FEATURE;CURVE,LEVEL;STATE SECONDARY ROUTE;TWO-WAY,NOT DIVIDED;SMOOTH ASPHALT;DRY;DARK - LIGHTED ROADWAY;CLEAR;NO CONTROL PRESENT;;;-78.768857;35.806424;;;0;0;2;;;;NONE;;SPORT UTILITY;PASSENGER CAR;;;;NO;20944;2020-05-16;6:24:31 PM;2020-05-16T22:24:31+00:00;;2020;No;No;5;;NONE;NONE;SPORT UTILITY,PASSENGER CAR;SPORT UTILITY,PASSENGER CAR;SPORT UTILITY,PASSENGER CAR;SPORT UTILITY,PASSENGER CAR
33482;.1 MILES FROM PATRICK CIRCLE;NO SPECIAL FEATURE;STRAIGHT,LEVEL;LOCAL STREET;TWO-WAY,NOT DIVIDED;SMOOTH ASPHALT;DRY;DAYLIGHT;CLEAR;NO CONTROL PRESENT;;;-78.7474;35.7651;;;0;0;;;NONE;;NONE;;SINGLE UNIT TRUCK (2-AXLE- 6-TIRE);PASSENGER CAR;;;;NO;10853;2018-04-10;8:33:04 AM;2018-04-10T12:33:04+00:00;;2018;No;No;4;NONE;NONE,NONE;NONE,NONE;SINGLE UNIT TRUCK (2-AXLE- 6-TIRE),PASSENGER CAR;SINGLE UNIT TRUCK (2-AXLE- 6-TIRE),PASSENGER CAR;SINGLE UNIT TRUCK (2-AXLE- 6-TIRE),PASSENGER CAR;SINGLE UNIT TRUCK (2-AXLE- 6-TIRE),PASSENGER CAR
44584;40 FEET FROM SR 1300 (KILDAIRE FARM RD);FOUR-WAY INTERSECTION;STRAIGHT,LEVEL;STATE SECONDARY ROUTE;TWO-WAY,DIVIDED,POSITIVE MEDIAN BARRIER;SMOOTH ASPHALT;WET;DAYLIGHT;RAIN;STOP AND GO SIGNAL;;;-78.7831;35.758;;;0;0;;;NONE;;NONE;;PASSENGER CAR;SPORT UTILITY;;;;NO;20957;2020-05-21;6:01:20 PM;2020-05-21T22:01:20+00:00;;2020;No;No;5;NONE;NONE,NONE;NONE,NONE;PASSENGER CAR,SPORT UTILITY;PASSENGER CAR,SPORT UTILITY;PASSENGER CAR,SPORT UTILITY;PASSENGER CAR,SPORT UTILITY
33485;45 FEET FROM SR 1319 (JONES FRANKLIN RD);NO SPECIAL FEATURE;STRAIGHT,LEVEL;STATE SECONDARY ROUTE;TWO-WAY,DIVIDED,UNPROTECTED MEDIAN;SMOOTH ASPHALT;DRY;DAYLIGHT;CLEAR;NO CONTROL PRESENT;;;-78.7376;35.7463;;;0;0;;;NONE;;NONE;;PASSENGER CAR;PASSENGER CAR;PASSENGER CAR;;;NO;10856;2018-04-11;4:52:00 PM;2018-04-11T20:52:00+00:00;;2018;No;No;4;NONE;NONE,NONE;NONE,NONE;PASSENGER CAR,PASSENGER CAR;PASSENGER CAR,PASSENGER CAR,PASSENGER CAR;PASSENGER CAR,PASSENGER CAR,PASSENGER CAR;PASSENGER CAR,PASSENGER CAR,PASSENGER CAR
44587;CARY;NO SPECIAL FEATURE;STRAIGHT,GRADE;STATE SECONDARY ROUTE;TWO-WAY,NOT DIVIDED;COARSE ASPHALT;WET;DAYLIGHT;RAIN;NO CONTROL PRESENT;;;-78.789468;35.7932832;;;0;0;;;NONE;;NONE;;VAN;VAN;PASSENGER CAR;;;NO;20960;2020-05-19;10:53 AM;2020-05-19T14:53:00+00:00;;2020;No;No;5;NONE;NONE,NONE;NONE,NONE;VAN,VAN;VAN,VAN,PASSENGER CAR;VAN,VAN,PASSENGER CAR;VAN,VAN,PASSENGER CAR
33487;.25 MILES FROM US 1 HWY;NO SPECIAL FEATURE;STRAIGHT,GRADE;US ROUTE;TWO-WAY,DIVIDED,POSITIVE MEDIAN BARRIER;GROOVED CONCRETE;DRY;DAYLIGHT;CLEAR;NO CONTROL PRESENT;;;-78.7691;35.7502;;;0;0;;;NONE;;NONE;;PASSENGER CAR;PASSENGER CAR;;;;NO;10858;2018-04-11;6:00:26 PM;2018-04-11T22:00:26+00:00;;2018;No;No;4;NONE;NONE,NONE;NONE,NONE;PASSENGER CAR,PASSENGER CAR;PASSENGER CAR,PASSENGER CAR;PASSENGER CAR,PASSENGER CAR;PASSENGER CAR,PASSENGER CAR
44590;100 FEET FROM P.V.A. 303 BOWDEN ST;NO SPECIAL FEATURE;STRAIGHT,LEVEL;PUBLIC VEHICULAR AREA;TWO-WAY,NOT DIVIDED;CONCRETE;WET;DAYLIGHT;RAIN;NO CONTROL PRESENT;35.987836151;-78.67805458;-78.77637;35.79116;P119;RALW;0;0;;;NONE;;NONE;;PASSENGER CAR;PICKUP;;;;NO;20963;2020-05-21;6:57:06 AM;2020-05-21T10:57:06+00:00;35.987836151, -78.67805458;2020;No;No;5;NONE;NONE,NONE;NONE,NONE;PASSENGER CAR,PICKUP;PASSENGER CAR,PICKUP;PASSENGER CAR,PICKUP;PASSENGER CAR,PICKUP
33490;225 FEET FROM WESTON PKWY;;;;;;;;;;35.829396586;-78.77266668;;;P029;111;0;0;;;;;;;FIRETRUCK;;;;;;10861;2018-03-12;8:27:39 AM;2018-03-12T12:27:39+00:00;35.829396586, -78.77266668;2018;No;No;3;;;;FIRETRUCK;FIRETRUCK;FIRETRUCK;FIRETRUCK
44596;.17 MILES FROM SR 1313 (WALNUT ST);NO SPECIAL FEATURE;STRAIGHT,LEVEL;STATE SECONDARY ROUTE;TWO-WAY,DIVIDED,POSITIVE MEDIAN BARRIER;SMOOTH ASPHALT;WET;DARK - LIGHTED ROADWAY;RAIN;STOP AND GO SIGNAL;;;-78.746127;35.762884;;;0;0;4;;NONE;;NONE;;PASSENGER CAR;PASSENGER CAR;;;;NO;20969;2020-05-22;9:05:09 PM;2020-05-23T01:05:09+00:00;;2020;No;No;5;NONE;NONE,NONE;NONE,NONE;PASSENGER CAR,PASSENGER CAR;PASSENGER CAR,PASSENGER CAR;PASSENGER CAR,PASSENGER CAR;PASSENGER CAR,PASSENGER CAR
33491;CARY;NO SPECIAL FEATURE;STRAIGHT,LEVEL;STATE SECONDARY ROUTE;TWO-WAY,DIVIDED,UNPROTECTED MEDIAN;SMOOTH ASPHALT;DRY;DAYLIGHT;CLEAR;STOP AND GO SIGNAL;;;-78.837514;35.780524;;117;0;0;;;NONE;;NONE;;PASSENGER CAR;PASSENGER CAR;;;;NO;10862;2018-04-10;7:00:26 AM;2018-04-10T11:00:26+00:00;;2018;No;No;4;NONE;NONE,NONE;NONE,NONE;PASSENGER CAR,PASSENGER CAR;PASSENGER CAR,PASSENGER CAR;PASSENGER CAR,PASSENGER CAR;PASSENGER CAR,PASSENGER CAR
44597;262 FEET FROM P.V.A. (104 HOLLINGSWORTH PL);NO SPECIAL FEATURE;STRAIGHT,LEVEL;PUBLIC VEHICULAR AREA;TWO-WAY,NOT DIVIDED;SMOOTH ASPHALT;WET;UNKNOWN;RAIN;NO CONTROL PRESENT;;;-78.78456;35.811717;;;0;0;;;NONE;;NONE;;UNKNOWN;PASSENGER CAR;;;;NO;20970;2020-05-21;3:00:58 PM;2020-05-21T19:00:58+00:00;;2020;No;No;5;NONE;NONE,NONE;NONE,NONE;UNKNOWN,PASSENGER CAR;UNKNOWN,PASSENGER CAR;UNKNOWN,PASSENGER CAR;UNKNOWN,PASSENGER CAR
33498;CARY;ALLEY INTERSECTION;STRAIGHT,LEVEL;STATE SECONDARY ROUTE;TWO-WAY,DIVIDED,UNPROTECTED MEDIAN;SMOOTH ASPHALT;DRY;DAYLIGHT;CLEAR;STOP SIGN;;;-78.7969;35.8527;;;0;0;;;NONE;;NONE;;PASSENGER CAR;SPORT UTILITY;;;;NO;10869;2018-04-12;9:40:41 AM;2018-04-12T13:40:41+00:00;;2018;No;No;4;NONE;NONE,NONE;NONE,NONE;PASSENGER CAR,SPORT UTILITY;PASSENGER CAR,SPORT UTILITY;PASSENGER CAR,SPORT UTILITY;PASSENGER CAR,SPORT UTILITY
44598;100 FEET FROM P.V.A (8204 TRYON WOODS DR);NO SPECIAL FEATURE;STRAIGHT,LEVEL;PUBLIC VEHICULAR AREA;TWO-WAY,NOT DIVIDED;COARSE ASPHALT;DRY;DAYLIGHT;CLEAR;NO CONTROL PRESENT;;;-78.74126;35.746124;;;0;0;;;NONE;;NONE;;PASSENGER CAR;PASSENGER CAR;;;;NO;20971;2020-05-23;9:12:11 AM;2020-05-23T13:12:11+00:00;;2020;No;No;5;NONE;NONE,NONE;NONE,NONE;PASSENGER CAR,PASSENGER CAR;PASSENGER CAR,PASSENGER CAR;PASSENGER CAR,PASSENGER CAR;PASSENGER CAR,PASSENGER CAR
33500;450 FEET FROM YORK ST;NO SPECIAL FEATURE;CURVE,HILLCREST;LOCAL STREET;TWO-WAY,NOT DIVIDED;SMOOTH ASPHALT;DRY;DAYLIGHT;CLEAR;NO CONTROL PRESENT;35.786735764;-78.76249383;-78.7622;35.785;P056;120;0;1;;;;;NONE;;PASSENGER CAR;SPORT UTILITY;;;;NO;10871;2018-04-06;6:24:27 PM;2018-04-06T22:24:27+00:00;35.786735764, -78.76249383;2018;No;Yes;4;;NONE;NONE;PASSENGER CAR,SPORT UTILITY;PASSENGER CAR,SPORT UTILITY;PASSENGER CAR,SPORT UTILITY;PASSENGER CAR,SPORT UTILITY
44600;CARY;FOUR-WAY INTERSECTION;STRAIGHT,LEVEL;STATE SECONDARY ROUTE;TWO-WAY,DIVIDED,UNPROTECTED MEDIAN;SMOOTH ASPHALT;DRY;DAYLIGHT;CLEAR;STOP AND GO SIGNAL;;;-78.796;35.799;;111;0;0;;;NONE;;NONE;;PICKUP;VAN;;;;NO;20973;2020-05-23;3:49:38 PM;2020-05-23T19:49:38+00:00;;2020;No;No;5;NONE;NONE,NONE;NONE,NONE;PICKUP,VAN;PICKUP,VAN;PICKUP,VAN;PICKUP,VAN
33501;100 FEET FROM SR 1615 (HIGH HOUSE RD);NO SPECIAL FEATURE;STRAIGHT,LEVEL;STATE SECONDARY ROUTE;TWO-WAY,DIVIDED,POSITIVE MEDIAN BARRIER;SMOOTH ASPHALT;DRY;DAYLIGHT;CLEAR;NO CONTROL PRESENT;;;-78.8457;35.7921;;;0;0;3;;NONE;;NONE;;VAN;PASSENGER CAR;;;;NO;10872;2018-04-11;7:58:02 PM;2018-04-11T23:58:02+00:00;;2018;No;No;4;NONE;NONE,NONE;NONE,NONE;VAN,PASSENGER CAR;VAN,PASSENGER CAR;VAN,PASSENGER CAR;VAN,PASSENGER CAR
44609;CARY;RELATED TO INTERSECTION;STRAIGHT,LEVEL;STATE SECONDARY ROUTE;TWO-WAY,DIVIDED,POSITIVE MEDIAN BARRIER;SMOOTH ASPHALT;DRY;DAYLIGHT;CLEAR;STOP AND GO SIGNAL;;;-78.77721;35.72931;;;0;0;;;NONE;;NONE;;SPORT UTILITY;PASSENGER CAR;PASSENGER CAR;;;NO;20982;2020-05-23;3:23:24 PM;2020-05-23T19:23:24+00:00;;2020;No;No;5;NONE;NONE,NONE;NONE,NONE;SPORT UTILITY,PASSENGER CAR;SPORT UTILITY,PASSENGER CAR,PASSENGER CAR;SPORT UTILITY,PASSENGER CAR,PASSENGER CAR;SPORT UTILITY,PASSENGER CAR,PASSENGER CAR
33505;.4 MILES FROM PVA OF 4101 NC 55 HWY;NO SPECIAL FEATURE;STRAIGHT,LEVEL;PUBLIC VEHICULAR AREA;TWO-WAY,NOT DIVIDED;CONCRETE;DRY;DAYLIGHT;CLEAR;NO CONTROL PRESENT;35.829488892;-78.87707378;-78.87452;35.823804;P082;119;0;0;;;NONE;;NONE;;VAN;PASSENGER CAR;;;;NO;10876;2018-04-10;11:32 AM;2018-04-10T15:32:00+00:00;35.829488892, -78.87707378;2018;No;No;4;NONE;NONE,NONE;NONE,NONE;VAN,PASSENGER CAR;VAN,PASSENGER CAR;VAN,PASSENGER CAR;VAN,PASSENGER CAR
44612;0 FEET FROM SR 1652 (N HARRISON AV);T-INTERSECTION;STRAIGHT,HILLCREST;STATE SECONDARY ROUTE;TWO-WAY,NOT DIVIDED;SMOOTH ASPHALT;DRY;DAYLIGHT;CLEAR;STOP AND GO SIGNAL;;;-78.7673;35.8302;;111;0;0;2;;NONE;;NONE;;TRUCK/TRAILER;;;;;NO;20985;2020-05-22;2:58:02 PM;2020-05-22T18:58:02+00:00;;2020;No;No;5;NONE;NONE,NONE;NONE,NONE;TRUCK/TRAILER;TRUCK/TRAILER;TRUCK/TRAILER;TRUCK/TRAILER
33508;CARY;FOUR-WAY INTERSECTION;STRAIGHT,LEVEL;STATE SECONDARY ROUTE;TWO-WAY,DIVIDED,UNPROTECTED MEDIAN;SMOOTH ASPHALT;DRY;DAYLIGHT;CLEAR;STOP AND GO SIGNAL;;;-78.7434;35.7532;;;0;0;;;NONE;;NONE;;PICKUP;PASSENGER CAR;;;;NO;10879;2018-04-13;12:37 PM;2018-04-13T16:37:00+00:00;;2018;No;No;4;NONE;NONE,NONE;NONE,NONE;PICKUP,PASSENGER CAR;PICKUP,PASSENGER CAR;PICKUP,PASSENGER CAR;PICKUP,PASSENGER CAR
44629;20 FEET FROM SR 3014 MORRISVILLE CARPENTER;RELATED TO INTERSECTION;STRAIGHT,LEVEL;STATE SECONDARY ROUTE;TWO-WAY,NOT DIVIDED;SMOOTH ASPHALT;DRY;DAYLIGHT;CLOUDY;STOP AND GO SIGNAL;;;-78.8735;35.8204;;;0;0;;;NONE;;NONE;;SPORT UTILITY;SPORT UTILITY;;;;NO;21002;2020-05-27;1:59:08 PM;2020-05-27T17:59:08+00:00;;2020;No;No;5;NONE;NONE,NONE;NONE,NONE;SPORT UTILITY,SPORT UTILITY;SPORT UTILITY,SPORT UTILITY;SPORT UTILITY,SPORT UTILITY;SPORT UTILITY,SPORT UTILITY
33512;400 FEET FROM PVA - 200 AIRGATE DR;DRIVEWAY, PUBLIC;STRAIGHT,LEVEL;PUBLIC VEHICULAR AREA;TWO-WAY,NOT DIVIDED;COARSE ASPHALT;DRY;DAYLIGHT;CLEAR;NO CONTROL PRESENT;;;-78.81;35.86;;;0;0;;;NONE;;NONE;;SPORT UTILITY;VAN;;;;NO;10883;2018-04-13;1:47:45 PM;2018-04-13T17:47:45+00:00;;2018;No;No;4;NONE;NONE,NONE;NONE,NONE;SPORT UTILITY,VAN;SPORT UTILITY,VAN;SPORT UTILITY,VAN;SPORT UTILITY,VAN
44643;125 FEET FROM SR 3073 (NW MAYNARD RD);RELATED TO INTERSECTION;STRAIGHT,LEVEL;STATE SECONDARY ROUTE;TWO-WAY,DIVIDED,UNPROTECTED MEDIAN;SMOOTH ASPHALT;WET;DAYLIGHT;CLOUDY;STOP AND GO SIGNAL;;;-78.7957;35.799;;111;0;0;;;NONE;;NONE;;LIGHT TRUCK (MINI-VAN- PANEL);PICKUP;;;;NO;21016;2020-05-29;11:39 AM;2020-05-29T15:39:00+00:00;;2020;No;No;5;NONE;NONE,NONE;NONE,NONE;LIGHT TRUCK (MINI-VAN- PANEL),PICKUP;LIGHT TRUCK (MINI-VAN- PANEL),PICKUP;LIGHT TRUCK (MINI-VAN- PANEL),PICKUP;LIGHT TRUCK (MINI-VAN- PANEL),PICKUP
33516;112 FEET FROM TAYLOR CT;NO SPECIAL FEATURE;STRAIGHT,LEVEL;LOCAL STREET;TWO-WAY,NOT DIVIDED;SMOOTH ASPHALT;DRY;DAYLIGHT;CLOUDY;NO CONTROL PRESENT;35.766075494;-78.74873634;-78.749094;35.766224;P083;112;0;0;;;NONE;;NONE;;PASSENGER CAR;PASSENGER CAR;;;;NO;10887;2018-04-15;4:43:20 PM;2018-04-15T20:43:20+00:00;35.766075494, -78.74873634;2018;No;No;4;NONE;NONE,NONE;NONE,NONE;PASSENGER CAR,PASSENGER CAR;PASSENGER CAR,PASSENGER CAR;PASSENGER CAR,PASSENGER CAR;PASSENGER CAR,PASSENGER CAR
44648;200 FEET FROM SR 1616 (OLD APEX RD);NO SPECIAL FEATURE;CURVE,GRADE;LOCAL STREET;TWO-WAY,NOT DIVIDED;SMOOTH ASPHALT;WET;DAYLIGHT;RAIN;NO CONTROL PRESENT;;;-78.7993;35.7841;;;0;0;;;NONE;;NONE;;PASSENGER CAR;PASSENGER CAR;;;;NO;21021;2020-05-29;11:53 AM;2020-05-29T15:53:00+00:00;;2020;No;No;5;NONE;NONE,NONE;NONE,NONE;PASSENGER CAR,PASSENGER CAR;PASSENGER CAR,PASSENGER CAR;PASSENGER CAR,PASSENGER CAR;PASSENGER CAR,PASSENGER CAR