tamainid;location_description;rdfeature;rdcharacter;rdclass;rdconfigur;rdsurface;rdcondition;lightcond;weather;trafcontrl;lat;lon;lon2;lat2;tract;zone;fatality;possblinj;numpassengers;numpedestrians;contrcir1_desc;contrcir2_desc;contrcir3_desc;contrcir4_desc;vehicle1;vehicle2;vehicle3;vehicle4;vehicle5;workarea;records;ta_date;ta_time;crash_date;geo_location;year;fatalities;injuries;month;contrfact1;contrfact2;contributing_factor;vehicleconcat1;vehicleconcat2;vehicleconcat3;vehicle_type
33852;.01 MILES FROM US 64 HWY;RELATED TO INTERSECTION;STRAIGHT,LEVEL;US ROUTE;TWO-WAY,DIVIDED,UNPROTECTED MEDIAN;SMOOTH ASPHALT;DRY;DUSK;CLEAR;STOP AND GO SIGNAL;;;-78.7995;35.7378;;;0;0;2;;;;NONE;;SPORT UTILITY;PASSENGER CAR;;;;NO;11223;2018-05-09;7:37:49 PM;2018-05-09T23:37:49+00:00;;2018;No;No;5;;NONE;NONE;SPORT UTILITY,PASSENGER CAR;SPORT UTILITY,PASSENGER CAR;SPORT UTILITY,PASSENGER CAR;SPORT UTILITY,PASSENGER CAR
44952;CARY;FOUR-WAY INTERSECTION;STRAIGHT,LEVEL;STATE SECONDARY ROUTE;TWO-WAY,DIVIDED,UNPROTECTED MEDIAN;SMOOTH ASPHALT;DRY;DAYLIGHT;CLEAR;STOP AND GO SIGNAL;;;-78.850541;35.790104;;121;0;0;5;;NONE;;NONE;;PASSENGER CAR;SPORT UTILITY;PASSENGER CAR;;;NO;21325;2020-07-04;1:20:20 PM;2020-07-04T17:20:20+00:00;;2020;No;No;7;NONE;NONE,NONE;NONE,NONE;PASSENGER CAR,SPORT UTILITY;PASSENGER CAR,SPORT UTILITY,PASSENGER CAR;PASSENGER CAR,SPORT UTILITY,PASSENGER CAR;PASSENGER CAR,SPORT UTILITY,PASSENGER CAR
33854;100 FEET FROM SR 1300 KILDAIRE FARM RD;NO SPECIAL FEATURE;STRAIGHT,LEVEL;STATE SECONDARY ROUTE;TWO-WAY,DIVIDED,UNPROTECTED MEDIAN;SMOOTH ASPHALT;DRY;DAYLIGHT;CLEAR;STOP AND GO SIGNAL;;;-78.783359;35.76219;;;0;1;;;NONE;;NONE;;SPORT UTILITY;PASSENGER CAR;;;;NO;11225;2018-05-08;8:42:17 PM;2018-05-09T00:42:17+00:00;;2018;No;Yes;5;NONE;NONE,NONE;NONE,NONE;SPORT UTILITY,PASSENGER CAR;SPORT UTILITY,PASSENGER CAR;SPORT UTILITY,PASSENGER CAR;SPORT UTILITY,PASSENGER CAR
44953;.3 MILES FROM US 1 HWY;NO SPECIAL FEATURE;STRAIGHT,LEVEL;US ROUTE;TWO-WAY,DIVIDED,POSITIVE MEDIAN BARRIER;GROOVED CONCRETE;DRY;DAYLIGHT;CLOUDY;NO CONTROL PRESENT;;;-78.776;35.746;;;0;0;;;NONE;;NONE;;PASSENGER CAR;PICKUP;;;;NO;21326;2020-07-05;2:32:54 PM;2020-07-05T18:32:54+00:00;;2020;No;No;7;NONE;NONE,NONE;NONE,NONE;PASSENGER CAR,PICKUP;PASSENGER CAR,PICKUP;PASSENGER CAR,PICKUP;PASSENGER CAR,PICKUP
33857;5 FEET FROM SR 1521 (LAKE PINE DR);NO SPECIAL FEATURE;STRAIGHT,BOTTOM (SAG);STATE SECONDARY ROUTE;TWO-WAY,DIVIDED,UNPROTECTED MEDIAN;SMOOTH ASPHALT;DRY;DAYLIGHT;CLEAR;STOP AND GO SIGNAL;;;-78.8083;35.7551;;;0;0;;;NONE;;NONE;;PASSENGER CAR;PASSENGER CAR;;;;NO;11228;2018-05-08;3:18:05 PM;2018-05-08T19:18:05+00:00;;2018;No;No;5;NONE;NONE,NONE;NONE,NONE;PASSENGER CAR,PASSENGER CAR;PASSENGER CAR,PASSENGER CAR;PASSENGER CAR,PASSENGER CAR;PASSENGER CAR,PASSENGER CAR
44968;50 FEET FROM SW CARY PKWY;NO SPECIAL FEATURE;STRAIGHT,LEVEL;LOCAL STREET;TWO-WAY,DIVIDED,UNPROTECTED MEDIAN;SMOOTH ASPHALT;DRY;DARK - LIGHTED ROADWAY;CLEAR;NO CONTROL PRESENT;35.761860552;-78.82174964;-78.83721;35.78104;;;0;0;;;NONE;;NONE;;PASSENGER CAR;;;;;NO;21341;2020-07-07;10:59 PM;2020-07-08T02:59:00+00:00;35.761860552, -78.82174964;2020;No;No;7;NONE;NONE,NONE;NONE,NONE;PASSENGER CAR;PASSENGER CAR;PASSENGER CAR;PASSENGER CAR
33859;.2 MILES FROM US 1;NO SPECIAL FEATURE;STRAIGHT,LEVEL;US ROUTE;TWO-WAY,DIVIDED,POSITIVE MEDIAN BARRIER;SMOOTH ASPHALT;DRY;DAYLIGHT;CLEAR;NO CONTROL PRESENT;;;-78.7574;35.7558;;112;0;3;1;;;;NONE;;PASSENGER CAR;PASSENGER CAR;TRUCK/TRAILER;PASSENGER CAR;PASSENGER CAR;NO;11230;2018-05-02;4:49:33 PM;2018-05-02T20:49:33+00:00;;2018;No;Yes;5;;NONE;NONE;PASSENGER CAR,PASSENGER CAR;PASSENGER CAR,PASSENGER CAR,TRUCK/TRAILER;PASSENGER CAR,PASSENGER CAR,TRUCK/TRAILER,PASSENGER CAR;PASSENGER CAR,PASSENGER CAR,TRUCK/TRAILER,PASSENGER CAR,PASSENGER CAR
44970;267 FEET FROM P.V.A. (1800 PRESTON GROVE AV);NO SPECIAL FEATURE;STRAIGHT,LEVEL;PUBLIC VEHICULAR AREA;TWO-WAY,NOT DIVIDED;SMOOTH ASPHALT;DRY;DAYLIGHT;CLEAR;NO CONTROL PRESENT;;;-78.8264;35.7899;;;0;0;;;NONE;;NONE;;SPORT UTILITY;FARM EQUIPMENT;;;;NO;21343;2020-07-07;7:34:00 AM;2020-07-07T11:34:00+00:00;;2020;No;No;7;NONE;NONE,NONE;NONE,NONE;SPORT UTILITY,FARM EQUIPMENT;SPORT UTILITY,FARM EQUIPMENT;SPORT UTILITY,FARM EQUIPMENT;SPORT UTILITY,FARM EQUIPMENT
33865;100 FEET FROM PVA 8010 TRYON WOODS DR;NO SPECIAL FEATURE;STRAIGHT,LEVEL;PUBLIC VEHICULAR AREA;ONE-WAY,NOT DIVIDED;COARSE ASPHALT;DRY;DAYLIGHT;CLEAR;NO CONTROL PRESENT;;;-78.742349;35.746084;;;0;0;;;NONE;;NONE;;PASSENGER CAR;SPORT UTILITY;;;;NO;11236;2018-05-10;8:19:35 PM;2018-05-11T00:19:35+00:00;;2018;No;No;5;NONE;NONE,NONE;NONE,NONE;PASSENGER CAR,SPORT UTILITY;PASSENGER CAR,SPORT UTILITY;PASSENGER CAR,SPORT UTILITY;PASSENGER CAR,SPORT UTILITY
44993;155 FEET FROM PVA (1722 WALNUST ST);DRIVEWAY, PUBLIC;STRAIGHT,LEVEL;PUBLIC VEHICULAR AREA;TWO-WAY,NOT DIVIDED;CONCRETE;DRY;DAYLIGHT;CLEAR;NO CONTROL PRESENT;;;-78.74788;35.76161;;112;0;0;;;NONE;;NONE;;UNKNOWN;SPORT UTILITY;;;;NO;21366;2020-07-09;3:08:35 PM;2020-07-09T19:08:35+00:00;;2020;No;No;7;NONE;NONE,NONE;NONE,NONE;UNKNOWN,SPORT UTILITY;UNKNOWN,SPORT UTILITY;UNKNOWN,SPORT UTILITY;UNKNOWN,SPORT UTILITY
33866;.03 MILES FROM US 1 HWY;OFF-RAMP PROPER;STRAIGHT,LEVEL;US ROUTE;TWO-WAY,DIVIDED,UNPROTECTED MEDIAN;SMOOTH ASPHALT;DRY;DAYLIGHT;CLEAR;STOP AND GO SIGNAL;;;-78.795;35.738;;;0;0;1;;;;NONE;;SPORT UTILITY;PICKUP;;;;NO;11237;2018-05-10;3:39:09 PM;2018-05-10T19:39:09+00:00;;2018;No;No;5;;NONE;NONE;SPORT UTILITY,PICKUP;SPORT UTILITY,PICKUP;SPORT UTILITY,PICKUP;SPORT UTILITY,PICKUP
44995;CARY;BRIDGE;STRAIGHT,LEVEL;US ROUTE;TWO-WAY,DIVIDED,POSITIVE MEDIAN BARRIER;CONCRETE;WET;DARK - LIGHTED ROADWAY;RAIN;NO CONTROL PRESENT;;;-78.792876;35.737233;;;0;1;;;NONE;;NONE;;PASSENGER CAR;;;;;NO;21368;2020-07-10;11:31 PM;2020-07-11T03:31:00+00:00;;2020;No;Yes;7;NONE;NONE,NONE;NONE,NONE;PASSENGER CAR;PASSENGER CAR;PASSENGER CAR;PASSENGER CAR
33868;CARY;RELATED TO INTERSECTION;STRAIGHT,LEVEL;STATE SECONDARY ROUTE;TWO-WAY,DIVIDED,UNPROTECTED MEDIAN;SMOOTH ASPHALT;DRY;DAYLIGHT;CLEAR;STOP AND GO SIGNAL;;;-78.7881;35.7369;;;0;0;;;;;NONE;;VAN;PASSENGER CAR;;;;NO;11239;2018-05-10;5:09:14 PM;2018-05-10T21:09:14+00:00;;2018;No;No;5;;NONE;NONE;VAN,PASSENGER CAR;VAN,PASSENGER CAR;VAN,PASSENGER CAR;VAN,PASSENGER CAR
44997;.05 MILES FROM PVA (1020 BRADFORD PLAZA WAY);DRIVEWAY, PUBLIC;STRAIGHT,LEVEL;PUBLIC VEHICULAR AREA;ONE-WAY,NOT DIVIDED;SMOOTH ASPHALT;DRY;DAYLIGHT;CLEAR;NO CONTROL PRESENT;;;-78.84563;35.79305;;;0;0;2;;NONE;;NONE;;PASSENGER CAR;PASSENGER CAR;;;;NO;21370;2020-07-09;9:12:15 PM;2020-07-10T01:12:15+00:00;;2020;No;No;7;NONE;NONE,NONE;NONE,NONE;PASSENGER CAR,PASSENGER CAR;PASSENGER CAR,PASSENGER CAR;PASSENGER CAR,PASSENGER CAR;PASSENGER CAR,PASSENGER CAR
33871;100 FEET FROM SR 1624 (CARPENTER FIRE STATIO;NO SPECIAL FEATURE;STRAIGHT,LEVEL;STATE SECONDARY ROUTE;TWO-WAY,NOT DIVIDED;SMOOTH ASPHALT;DRY;DAYLIGHT;CLEAR;STOP AND GO SIGNAL;;;-78.8727;35.8226;;119;0;1;1;;NONE;;NONE;;PASSENGER CAR;PASSENGER CAR;;;;NO;11242;2018-04-25;4:41:39 PM;2018-04-25T20:41:39+00:00;;2018;No;Yes;4;NONE;NONE,NONE;NONE,NONE;PASSENGER CAR,PASSENGER CAR;PASSENGER CAR,PASSENGER CAR;PASSENGER CAR,PASSENGER CAR;PASSENGER CAR,PASSENGER CAR
44998;100 FEET FROM PVA (2021 WALNUT ST);NO SPECIAL FEATURE;STRAIGHT,LEVEL;PUBLIC VEHICULAR AREA;UNKNOWN;SMOOTH ASPHALT;DRY;DAYLIGHT;CLEAR;NO CONTROL PRESENT;;;-78.7384;35.7583;;;0;0;;;NONE;;NONE;;SPORT UTILITY;SPORT UTILITY;;;;NO;21371;2020-07-10;7:52:44 PM;2020-07-10T23:52:44+00:00;;2020;No;No;7;NONE;NONE,NONE;NONE,NONE;SPORT UTILITY,SPORT UTILITY;SPORT UTILITY,SPORT UTILITY;SPORT UTILITY,SPORT UTILITY;SPORT UTILITY,SPORT UTILITY
33884;60 FEET FROM PVA OF 4980 CARY GLEN BLVD;DRIVEWAY, PUBLIC;STRAIGHT,LEVEL;PUBLIC VEHICULAR AREA;ONE-WAY,NOT DIVIDED;COARSE ASPHALT;DRY;DAYLIGHT;CLEAR;NO CONTROL PRESENT;;;-78.901964;35.8189293;;122;0;0;;;NONE;;NONE;;PASSENGER CAR;PICKUP;;;;NO;11255;2018-05-11;12:30 PM;2018-05-11T16:30:00+00:00;;2018;No;No;5;NONE;NONE,NONE;NONE,NONE;PASSENGER CAR,PICKUP;PASSENGER CAR,PICKUP;PASSENGER CAR,PICKUP;PASSENGER CAR,PICKUP
45004;400 FEET FROM P.V.A 2260 WALNUT ST;NO SPECIAL FEATURE;STRAIGHT,LEVEL;PUBLIC VEHICULAR AREA;TWO-WAY,NOT DIVIDED;COARSE ASPHALT;DRY;DAYLIGHT;CLEAR;NO CONTROL PRESENT;;;-78.742233;35.75442;;;0;0;2;;NONE;;NONE;;PASSENGER CAR;SPORT UTILITY;;;;NO;21377;2020-07-11;2:35:53 PM;2020-07-11T18:35:53+00:00;;2020;No;No;7;NONE;NONE,NONE;NONE,NONE;PASSENGER CAR,SPORT UTILITY;PASSENGER CAR,SPORT UTILITY;PASSENGER CAR,SPORT UTILITY;PASSENGER CAR,SPORT UTILITY
33889;CARY;NO SPECIAL FEATURE;STRAIGHT,GRADE;PUBLIC VEHICULAR AREA;TWO-WAY,NOT DIVIDED;COARSE ASPHALT;DRY;DAYLIGHT;CLEAR;NO CONTROL PRESENT;;;-78.887701;35.847365;;119;0;0;;;;;NONE;;PASSENGER CAR;UNKNOWN;;;;NO;11260;2018-05-12;5:27:54 PM;2018-05-12T21:27:54+00:00;;2018;No;No;5;;NONE;NONE;PASSENGER CAR,UNKNOWN;PASSENGER CAR,UNKNOWN;PASSENGER CAR,UNKNOWN;PASSENGER CAR,UNKNOWN
45008;20 FEET FROM SR 1300 (KILDAIRE FARM RD);;;;;;;;;;;;;;;;0;0;;;;;;;;;;;;;21380;2020-07-06;8:34:18 PM;2020-07-07T00:34:18+00:00;;2020;No;No;7;;;;;;;
33894;290 FEET FROM SR 1415 (SE MAYNARD RD);NO SPECIAL FEATURE;STRAIGHT,LEVEL;STATE SECONDARY ROUTE;TWO-WAY,NOT DIVIDED;SMOOTH ASPHALT;DRY;DAYLIGHT;CLEAR;NO CONTROL PRESENT;;;-78.780809;35.770923;;;0;0;3;;NONE;;NONE;;PASSENGER CAR;SPORT UTILITY;SPORT UTILITY;;;NO;11265;2018-05-11;6:19:27 PM;2018-05-11T22:19:27+00:00;;2018;No;No;5;NONE;NONE,NONE;NONE,NONE;PASSENGER CAR,SPORT UTILITY;PASSENGER CAR,SPORT UTILITY,SPORT UTILITY;PASSENGER CAR,SPORT UTILITY,SPORT UTILITY;PASSENGER CAR,SPORT UTILITY,SPORT UTILITY
45015;20 FEET FROM P.V.A. (904 KENSINGTON DR);DRIVEWAY, PUBLIC;STRAIGHT,LEVEL;PUBLIC VEHICULAR AREA;TWO-WAY,NOT DIVIDED;SMOOTH ASPHALT;DRY;DAYLIGHT;CLOUDY;NO CONTROL PRESENT;;;;;;;0;0;;;NONE;;NONE;;VAN;PASSENGER CAR;;;;NO;21387;2020-07-08;2:06:38 PM;2020-07-08T18:06:38+00:00;;2020;No;No;7;NONE;NONE,NONE;NONE,NONE;VAN,PASSENGER CAR;VAN,PASSENGER CAR;VAN,PASSENGER CAR;VAN,PASSENGER CAR
33896;30 FEET FROM PVA (HAVERS DR);NO SPECIAL FEATURE;STRAIGHT,LEVEL;PUBLIC VEHICULAR AREA;ONE-WAY,NOT DIVIDED;SMOOTH ASPHALT;DRY;DAYLIGHT;CLEAR;NO CONTROL PRESENT;;;-78.730606;35.755911;;;0;0;;;NONE;;NONE;;PICKUP;;;;;NO;11267;2018-05-12;8:14:08 AM;2018-05-12T12:14:08+00:00;;2018;No;No;5;NONE;NONE,NONE;NONE,NONE;PICKUP;PICKUP;PICKUP;PICKUP
45017;100 FEET FROM 401 MODENA DR;NO SPECIAL FEATURE;STRAIGHT,LEVEL;LOCAL STREET;TWO-WAY,NOT DIVIDED;SMOOTH ASPHALT;DRY;DAYLIGHT;CLEAR;NO CONTROL PRESENT;35.771647204;-78.84137586;-78.8411;35.7714258;P066;117;0;0;;;NONE;;NONE;;PICKUP;PASSENGER CAR;;;;NO;21389;2020-07-13;11:07 AM;2020-07-13T15:07:00+00:00;35.771647204, -78.84137586;2020;No;No;7;NONE;NONE,NONE;NONE,NONE;PICKUP,PASSENGER CAR;PICKUP,PASSENGER CAR;PICKUP,PASSENGER CAR;PICKUP,PASSENGER CAR
33912;499 FEET FROM NC 55 HWY;NO SPECIAL FEATURE;STRAIGHT,LEVEL;NC ROUTE;TWO-WAY,DIVIDED,UNPROTECTED MEDIAN;SMOOTH ASPHALT;DRY;DAYLIGHT;CLEAR;STOP AND GO SIGNAL;35.691154751;-78.83799022;-78.879228;35.831797;;121;0;0;2;;NONE;;NONE;;PICKUP;PASSENGER CAR;;;;NO;11283;2018-05-12;3:53:08 PM;2018-05-12T19:53:08+00:00;35.691154751, -78.83799022;2018;No;No;5;NONE;NONE,NONE;NONE,NONE;PICKUP,PASSENGER CAR;PICKUP,PASSENGER CAR;PICKUP,PASSENGER CAR;PICKUP,PASSENGER CAR
45020;0 FEET FROM NC 55 HWY;FOUR-WAY INTERSECTION;STRAIGHT,LEVEL;NC ROUTE;TWO-WAY,DIVIDED,UNPROTECTED MEDIAN;SMOOTH ASPHALT;DRY;DAYLIGHT;CLEAR;STOP AND GO SIGNAL;;;-78.870598;35.787673;;;0;0;;;NONE;;NONE;;PASSENGER CAR;PASSENGER CAR;;;;NO;21392;2020-07-13;3:01:49 PM;2020-07-13T19:01:49+00:00;;2020;No;No;7;NONE;NONE,NONE;NONE,NONE;PASSENGER CAR,PASSENGER CAR;PASSENGER CAR,PASSENGER CAR;PASSENGER CAR,PASSENGER CAR;PASSENGER CAR,PASSENGER CAR
33914;0 FEET FROM (SR 1652) N HARRISON AVE;RELATED TO INTERSECTION;STRAIGHT,LEVEL;STATE SECONDARY ROUTE;ONE-WAY,NOT DIVIDED;SMOOTH ASPHALT;DRY;DAYLIGHT;CLEAR;STOP AND GO SIGNAL;;;-78.765101;35.831187;;111;0;0;;;NONE;;NONE;;PASSENGER CAR;PASSENGER CAR;;;;NO;11285;2018-05-13;5:15:19 PM;2018-05-13T21:15:19+00:00;;2018;No;No;5;NONE;NONE,NONE;NONE,NONE;PASSENGER CAR,PASSENGER CAR;PASSENGER CAR,PASSENGER CAR;PASSENGER CAR,PASSENGER CAR;PASSENGER CAR,PASSENGER CAR
45022;15 FEET FROM NC 54 (CHAPEL HILL RD);RELATED TO INTERSECTION;STRAIGHT,LEVEL;NC ROUTE;TWO-WAY,DIVIDED,UNPROTECTED MEDIAN;COARSE ASPHALT;DRY;DUSK;CLEAR;STOP AND GO SIGNAL;;;-78.7512;35.7948;;;0;0;;;NONE;;NONE;;PASSENGER CAR;SPORT UTILITY;;;;NO;21394;2020-07-12;8:42:41 PM;2020-07-13T00:42:41+00:00;;2020;No;No;7;NONE;NONE,NONE;NONE,NONE;PASSENGER CAR,SPORT UTILITY;PASSENGER CAR,SPORT UTILITY;PASSENGER CAR,SPORT UTILITY;PASSENGER CAR,SPORT UTILITY
33915;100 FEET FROM P.V.A 550 NEW WAVERLY PL;DRIVEWAY, PUBLIC;STRAIGHT,LEVEL;PUBLIC VEHICULAR AREA;TWO-WAY,NOT DIVIDED;SMOOTH ASPHALT;DRY;DAYLIGHT;CLEAR;NO CONTROL PRESENT;;;-78.77541;35.738503;;;0;0;;;NONE;;NONE;;PASSENGER CAR;PASSENGER CAR;;;;NO;11286;2018-05-14;8:58:23 AM;2018-05-14T12:58:23+00:00;;2018;No;No;5;NONE;NONE,NONE;NONE,NONE;PASSENGER CAR,PASSENGER CAR;PASSENGER CAR,PASSENGER CAR;PASSENGER CAR,PASSENGER CAR;PASSENGER CAR,PASSENGER CAR
45029;0 FEET FROM SR 1635 (MCCRIMMON PKWY);FOUR-WAY INTERSECTION;STRAIGHT,BOTTOM (SAG);STATE SECONDARY ROUTE;TWO-WAY,DIVIDED,UNPROTECTED MEDIAN;SMOOTH ASPHALT;DRY;DAYLIGHT;CLEAR;STOP SIGN;;;-78.9023;35.8293;;;0;2;1;;NONE;;NONE;;SINGLE UNIT TRUCK (2-AXLE- 6-TIRE);PASSENGER CAR;;;;NO;21401;2020-07-14;9:00:55 PM;2020-07-15T01:00:55+00:00;;2020;No;Yes;7;NONE;NONE,NONE;NONE,NONE;SINGLE UNIT TRUCK (2-AXLE- 6-TIRE),PASSENGER CAR;SINGLE UNIT TRUCK (2-AXLE- 6-TIRE),PASSENGER CAR;SINGLE UNIT TRUCK (2-AXLE- 6-TIRE),PASSENGER CAR;SINGLE UNIT TRUCK (2-AXLE- 6-TIRE),PASSENGER CAR
33917;1079 FEET FROM 2500 CARPENTER UPCHURCH RD;DRIVEWAY, PUBLIC;CURVE,LEVEL;PUBLIC VEHICULAR AREA;ONE-WAY,NOT DIVIDED;SMOOTH ASPHALT;DRY;DAYLIGHT;CLEAR;NO CONTROL PRESENT;35.808095913;-78.87058863;-78.865346;35.803352;P092;WAKE;0;0;;;NONE;;NONE;;SPORT UTILITY;PASSENGER CAR;;;;NO;11288;2018-05-09;7:46:42 AM;2018-05-09T11:46:42+00:00;35.808095913, -78.87058863;2018;No;No;5;NONE;NONE,NONE;NONE,NONE;SPORT UTILITY,PASSENGER CAR;SPORT UTILITY,PASSENGER CAR;SPORT UTILITY,PASSENGER CAR;SPORT UTILITY,PASSENGER CAR
45035;20 FEET FROM NC 54 HWY (CHAPEL HILL RD);RELATED TO INTERSECTION;STRAIGHT,LEVEL;NC ROUTE;TWO-WAY,NOT DIVIDED;SMOOTH ASPHALT;DRY;DAYLIGHT;CLOUDY;NO CONTROL PRESENT;;;-78.748513;35.793749;;;0;0;;;NONE;;NONE;;SPORT UTILITY;PASSENGER CAR;;;;NO;21407;2020-07-13;4:14:40 PM;2020-07-13T20:14:40+00:00;;2020;No;No;7;NONE;NONE,NONE;NONE,NONE;SPORT UTILITY,PASSENGER CAR;SPORT UTILITY,PASSENGER CAR;SPORT UTILITY,PASSENGER CAR;SPORT UTILITY,PASSENGER CAR
33918;.01 MILES FROM (PVA) 123 MIDDLE CREEK PARK AV;NO SPECIAL FEATURE;STRAIGHT,LEVEL;PUBLIC VEHICULAR AREA;TWO-WAY,NOT DIVIDED;SMOOTH ASPHALT;DRY;DAYLIGHT;CLEAR;NO CONTROL PRESENT;;;-78.7609;35.6691;;;0;0;;;NONE;;NONE;;PASSENGER CAR;PASSENGER CAR;;;;NO;11289;2018-05-10;8:29:27 AM;2018-05-10T12:29:27+00:00;;2018;No;No;5;NONE;NONE,NONE;NONE,NONE;PASSENGER CAR,PASSENGER CAR;PASSENGER CAR,PASSENGER CAR;PASSENGER CAR,PASSENGER CAR;PASSENGER CAR,PASSENGER CAR
45039;121 FEET FROM NC 55 HWY;NO SPECIAL FEATURE;STRAIGHT,LEVEL;NC ROUTE;TWO-WAY,DIVIDED,UNPROTECTED MEDIAN;SMOOTH ASPHALT;DRY;DAYLIGHT;CLEAR;STOP AND GO SIGNAL;;;-78.8855;35.8394;;119;0;0;;;NONE;;NONE;;PASSENGER CAR;PASSENGER CAR;;;;NO;21411;2020-07-15;6:32:30 PM;2020-07-15T22:32:30+00:00;;2020;No;No;7;NONE;NONE,NONE;NONE,NONE;PASSENGER CAR,PASSENGER CAR;PASSENGER CAR,PASSENGER CAR;PASSENGER CAR,PASSENGER CAR;PASSENGER CAR,PASSENGER CAR
33922;20 FEET FROM US 1;OFF-RAMP ENTRY;CURVE,GRADE;US ROUTE;ONE-WAY,NOT DIVIDED;COARSE ASPHALT;DRY;DAYLIGHT;CLEAR;STOP AND GO SIGNAL;35.736894104;-78.79376167;-78.7947;35.738;P043;116;0;0;;;NONE;;NONE;;PASSENGER CAR;PICKUP;;;;NO;11293;2018-05-14;11:39 AM;2018-05-14T15:39:00+00:00;35.736894104, -78.79376167;2018;No;No;5;NONE;NONE,NONE;NONE,NONE;PASSENGER CAR,PICKUP;PASSENGER CAR,PICKUP;PASSENGER CAR,PICKUP;PASSENGER CAR,PICKUP
45040;1 MILES FROM US 1;NO SPECIAL FEATURE;STRAIGHT,LEVEL;US ROUTE;TWO-WAY,DIVIDED,POSITIVE MEDIAN BARRIER;SMOOTH ASPHALT;WET;DARK - ROADWAY NOT LIGHTED;RAIN;NO CONTROL PRESENT;;;-78.810475;35.727635;;;0;0;1;;NONE;;NONE;;PASSENGER CAR;SPORT UTILITY;;;;NO;21412;2020-07-10;11:16 PM;2020-07-11T03:16:00+00:00;;2020;No;No;7;NONE;NONE,NONE;NONE,NONE;PASSENGER CAR,SPORT UTILITY;PASSENGER CAR,SPORT UTILITY;PASSENGER CAR,SPORT UTILITY;PASSENGER CAR,SPORT UTILITY
33926;450 FEET FROM PVA 155 PARKWAY OFFICE CT;DRIVEWAY, PUBLIC;STRAIGHT,LEVEL;PUBLIC VEHICULAR AREA;TWO-WAY,NOT DIVIDED;SMOOTH ASPHALT;DRY;DAYLIGHT;CLEAR;NO CONTROL PRESENT;;;-78.766623;35.7446869;;;0;0;;;;;NONE;;PASSENGER CAR;PASSENGER CAR;;;;NO;11297;2018-05-14;12:29 PM;2018-05-14T16:29:00+00:00;;2018;No;No;5;;NONE;NONE;PASSENGER CAR,PASSENGER CAR;PASSENGER CAR,PASSENGER CAR;PASSENGER CAR,PASSENGER CAR;PASSENGER CAR,PASSENGER CAR
45043;.18 MILES FROM PVA 135 (PARKWAY OFFICE CT);NO SPECIAL FEATURE;STRAIGHT,LEVEL;PUBLIC VEHICULAR AREA;TWO-WAY,NOT DIVIDED;COARSE ASPHALT;DRY;DAYLIGHT;CLEAR;NO CONTROL PRESENT;;;-78.767114;35.745238;;;0;0;;;NONE;;NONE;;UNKNOWN;SPORT UTILITY;;;;NO;21415;2020-07-09;1:07:35 PM;2020-07-09T17:07:35+00:00;;2020;No;No;7;NONE;NONE,NONE;NONE,NONE;UNKNOWN,SPORT UTILITY;UNKNOWN,SPORT UTILITY;UNKNOWN,SPORT UTILITY;UNKNOWN,SPORT UTILITY
33931;0 FEET FROM SR 1315 (BUCK JONES RD);FOUR-WAY INTERSECTION;STRAIGHT,LEVEL;STATE SECONDARY ROUTE;TWO-WAY,NOT DIVIDED;SMOOTH ASPHALT;DRY;DARK - LIGHTED ROADWAY;CLEAR;STOP AND GO SIGNAL;;;-78.7409;35.7676;;;0;1;;;NONE;;NONE;;PASSENGER CAR;PASSENGER CAR;;;;NO;11302;2018-05-12;9:48:45 PM;2018-05-13T01:48:45+00:00;;2018;No;Yes;5;NONE;NONE,NONE;NONE,NONE;PASSENGER CAR,PASSENGER CAR;PASSENGER CAR,PASSENGER CAR;PASSENGER CAR,PASSENGER CAR;PASSENGER CAR,PASSENGER CAR
45046;10 FEET FROM 300 KILDAIRE WOODS DR;NO SPECIAL FEATURE;STRAIGHT,LEVEL;PUBLIC VEHICULAR AREA;TWO-WAY,NOT DIVIDED;SMOOTH ASPHALT;DRY;DAYLIGHT;CLEAR;NO CONTROL PRESENT;35.76494709;-78.78020763;-78.78;35.76;P027;112;0;0;;;NONE;;NONE;;PASSENGER CAR;;;;;NO;21418;2020-07-17;3:13:17 PM;2020-07-17T19:13:17+00:00;35.76494709, -78.78020763;2020;No;No;7;NONE;NONE,NONE;NONE,NONE;PASSENGER CAR;PASSENGER CAR;PASSENGER CAR;PASSENGER CAR
33933;CARY;FOUR-WAY INTERSECTION;STRAIGHT,GRADE;NC ROUTE;TWO-WAY,DIVIDED,UNPROTECTED MEDIAN;SMOOTH ASPHALT;DRY;DAYLIGHT;CLOUDY;STOP AND GO SIGNAL;;;-78.8936;35.8611;;;0;1;;;;;NONE;;SPORT UTILITY;LIGHT TRUCK (MINI-VAN- PANEL);;;;NO;11304;2018-05-15;11:07 AM;2018-05-15T15:07:00+00:00;;2018;No;Yes;5;;NONE;NONE;SPORT UTILITY,LIGHT TRUCK (MINI-VAN- PANEL);SPORT UTILITY,LIGHT TRUCK (MINI-VAN- PANEL);SPORT UTILITY,LIGHT TRUCK (MINI-VAN- PANEL);SPORT UTILITY,LIGHT TRUCK (MINI-VAN- PANEL)
45057;319 FEET FROM SR 1152 (HOLLY SPRINGS RD);NO SPECIAL FEATURE;STRAIGHT,HILLCREST;STATE SECONDARY ROUTE;TWO-WAY,DIVIDED,UNPROTECTED MEDIAN;SMOOTH ASPHALT;DRY;DAYLIGHT;CLOUDY;NO CONTROL PRESENT;;;-78.773088;35.694372;;;0;0;3;;NONE;;NONE;;PASSENGER CAR;PASSENGER CAR;;;;NO;21429;2020-07-18;3:45:46 PM;2020-07-18T19:45:46+00:00;;2020;No;No;7;NONE;NONE,NONE;NONE,NONE;PASSENGER CAR,PASSENGER CAR;PASSENGER CAR,PASSENGER CAR;PASSENGER CAR,PASSENGER CAR;PASSENGER CAR,PASSENGER CAR