tamainid;location_description;rdfeature;rdcharacter;rdclass;rdconfigur;rdsurface;rdcondition;lightcond;weather;trafcontrl;lat;lon;lon2;lat2;tract;zone;fatality;possblinj;numpassengers;numpedestrians;contrcir1_desc;contrcir2_desc;contrcir3_desc;contrcir4_desc;vehicle1;vehicle2;vehicle3;vehicle4;vehicle5;workarea;records;ta_date;ta_time;crash_date;geo_location;year;fatalities;injuries;month;contrfact1;contrfact2;contributing_factor;vehicleconcat1;vehicleconcat2;vehicleconcat3;vehicle_type
45198;.23 MILES FROM SR 1313 (WALNUT ST);NO SPECIAL FEATURE;STRAIGHT,LEVEL;STATE SECONDARY ROUTE;TWO-WAY,NOT DIVIDED;SMOOTH ASPHALT;DRY;DAYLIGHT;CLEAR;NO CONTROL PRESENT;;;-78.7451;35.7619;;;0;1;;;NONE;;NONE;;PASSENGER CAR;PASSENGER CAR;;;;NO;21570;2020-08-03;11:51 AM;2020-08-03T15:51:00+00:00;;2020;No;Yes;8;NONE;NONE,NONE;NONE,NONE;PASSENGER CAR,PASSENGER CAR;PASSENGER CAR,PASSENGER CAR;PASSENGER CAR,PASSENGER CAR;PASSENGER CAR,PASSENGER CAR
34054;100 FEET FROM SR 1615 (HIGH HOUSE RD);NO SPECIAL FEATURE;STRAIGHT,LEVEL;STATE SECONDARY ROUTE;TWO-WAY,DIVIDED,POSITIVE MEDIAN BARRIER;SMOOTH ASPHALT;DRY;DAYLIGHT;CLEAR;NO CONTROL PRESENT;;;-78.8268;35.787;;;0;0;3;;NONE;;NONE;;LIGHT TRUCK (MINI-VAN- PANEL);PASSENGER CAR;;;;NO;11425;2018-05-22;11:45 AM;2018-05-22T15:45:00+00:00;;2018;No;No;5;NONE;NONE,NONE;NONE,NONE;LIGHT TRUCK (MINI-VAN- PANEL),PASSENGER CAR;LIGHT TRUCK (MINI-VAN- PANEL),PASSENGER CAR;LIGHT TRUCK (MINI-VAN- PANEL),PASSENGER CAR;LIGHT TRUCK (MINI-VAN- PANEL),PASSENGER CAR
45200;CARY;NO SPECIAL FEATURE;STRAIGHT,LEVEL;LOCAL STREET;TWO-WAY,NOT DIVIDED;SMOOTH ASPHALT;WET;DAYLIGHT;CLOUDY;STOP AND GO SIGNAL;;;-78.7412;35.7623;;;0;0;;;NONE;;NONE;;PASSENGER CAR;PICKUP;;;;NO;21572;2020-08-03;3:47:01 PM;2020-08-03T19:47:01+00:00;;2020;No;No;8;NONE;NONE,NONE;NONE,NONE;PASSENGER CAR,PICKUP;PASSENGER CAR,PICKUP;PASSENGER CAR,PICKUP;PASSENGER CAR,PICKUP
34063;CARY;NO SPECIAL FEATURE;STRAIGHT,LEVEL;STATE SECONDARY ROUTE;TWO-WAY,DIVIDED,POSITIVE MEDIAN BARRIER;SMOOTH ASPHALT;DRY;DAYLIGHT;CLEAR;STOP AND GO SIGNAL;35.785543713;-78.61398272;-78.79215;35.728254;P119;RALW;0;0;2;;NONE;;NONE;;SPORT UTILITY;SPORT UTILITY;;;;NO;11434;2018-05-24;11:02 AM;2018-05-24T15:02:00+00:00;35.785543713, -78.61398272;2018;No;No;5;NONE;NONE,NONE;NONE,NONE;SPORT UTILITY,SPORT UTILITY;SPORT UTILITY,SPORT UTILITY;SPORT UTILITY,SPORT UTILITY;SPORT UTILITY,SPORT UTILITY
45207;CARY;BRIDGE;STRAIGHT,LEVEL;US ROUTE;TWO-WAY,DIVIDED,POSITIVE MEDIAN BARRIER;CONCRETE;WATER (STANDING, MOVING);DARK - ROADWAY NOT LIGHTED;RAIN;NO CONTROL PRESENT;;;-78.793275;35.737131;;;0;1;;;NONE;;NONE;;PASSENGER CAR;;;;;NO;21579;2020-08-04;3:41:51 AM;2020-08-04T07:41:51+00:00;;2020;No;Yes;8;NONE;NONE,NONE;NONE,NONE;PASSENGER CAR;PASSENGER CAR;PASSENGER CAR;PASSENGER CAR
34065;400 FEET FROM P.V.A. (238 GRANDE HEIGHTS DR);NO SPECIAL FEATURE;STRAIGHT,LEVEL;PUBLIC VEHICULAR AREA;TWO-WAY,NOT DIVIDED;SMOOTH ASPHALT;DRY;DAYLIGHT;CLEAR;;;;-78.7797;35.8047;;;0;0;1;;NONE;;NONE;;;;;;;NO;11436;2018-05-24;11:54 AM;2018-05-24T15:54:00+00:00;;2018;No;No;5;NONE;NONE,NONE;NONE,NONE;;;;
45214;CARY;FOUR-WAY INTERSECTION;STRAIGHT,LEVEL;LOCAL STREET;TWO-WAY,NOT DIVIDED;SMOOTH ASPHALT;DRY;DAYLIGHT;CLEAR;NO CONTROL PRESENT;35.778570142;-78.81434755;-78.8143;35.7785;P068;117;0;0;;;NONE;;INATTENTIVE (TALKING, EATING, ETC.);;PASSENGER CAR;;;;;NO;21586;2020-08-05;7:43:33 AM;2020-08-05T11:43:33+00:00;35.778570142, -78.81434755;2020;No;No;8;NONE;NONE,INATTENTIVE (TALKING, EATING, ETC.);NONE,INATTENTIVE (TALKING,EATING,ETC.);PASSENGER CAR;PASSENGER CAR;PASSENGER CAR;PASSENGER CAR
34071;CARY;RELATED TO INTERSECTION;STRAIGHT,LEVEL;STATE SECONDARY ROUTE;TWO-WAY,DIVIDED,UNPROTECTED MEDIAN;SMOOTH ASPHALT;DRY;DAYLIGHT;CLEAR;STOP AND GO SIGNAL;;;-78.7949;35.799;;;0;2;1;;NONE;;NONE;;PASSENGER CAR;SPORT UTILITY;;;;NO;11442;2018-05-23;8:02:24 PM;2018-05-24T00:02:24+00:00;;2018;No;Yes;5;NONE;NONE,NONE;NONE,NONE;PASSENGER CAR,SPORT UTILITY;PASSENGER CAR,SPORT UTILITY;PASSENGER CAR,SPORT UTILITY;PASSENGER CAR,SPORT UTILITY
45215;300 FEET FROM P.V.A. OF 10110 GREEN LEVEL CH;NO SPECIAL FEATURE;STRAIGHT,LEVEL;PUBLIC VEHICULAR AREA;TWO-WAY,NOT DIVIDED;SMOOTH ASPHALT;DRY;DAYLIGHT;CLEAR;NO CONTROL PRESENT;35.798861939;-78.30951923;-78.901086;35.81949;P119;RALW;0;0;;;NONE;;NONE;;PASSENGER CAR;PASSENGER CAR;;;;NO;21587;2020-07-31;6:03:56 PM;2020-07-31T22:03:56+00:00;35.798861939, -78.30951923;2020;No;No;7;NONE;NONE,NONE;NONE,NONE;PASSENGER CAR,PASSENGER CAR;PASSENGER CAR,PASSENGER CAR;PASSENGER CAR,PASSENGER CAR;PASSENGER CAR,PASSENGER CAR
34073;142 FEET FROM WESTON PKWY;NO SPECIAL FEATURE;STRAIGHT,LEVEL;LOCAL STREET;TWO-WAY,DIVIDED,POSITIVE MEDIAN BARRIER;SMOOTH ASPHALT;DRY;DAYLIGHT;CLEAR;NO CONTROL PRESENT;;;-78.805949;35.826114;;;0;0;;;NONE;;FAILURE TO YIELD RIGHT OF WAY;FAILURE TO YIELD RIGHT OF WAY;SPORT UTILITY;SPORT UTILITY;;;;MAINTENANCE WORK AREA;11444;2018-05-25;6:47:40 AM;2018-05-25T10:47:40+00:00;;2018;No;No;5;NONE;NONE,FAILURE TO YIELD RIGHT OF WAY;NONE,FAILURE TO YIELD RIGHT OF WAY,FAILURE TO YIELD RIGHT OF WAY;SPORT UTILITY,SPORT UTILITY;SPORT UTILITY,SPORT UTILITY;SPORT UTILITY,SPORT UTILITY;SPORT UTILITY,SPORT UTILITY
45236;217 FEET FROM P.V.A. (2000 ELEVATE CIR);NO SPECIAL FEATURE;STRAIGHT,LEVEL;PUBLIC VEHICULAR AREA;TWO-WAY,NOT DIVIDED;SMOOTH ASPHALT;DRY;DAYLIGHT;CLEAR;NO CONTROL PRESENT;;;-78.80299;35.826216;;;0;0;;;NONE;;NONE;;VAN;PASSENGER CAR;;;;NO;21608;2020-08-06;7:38:32 PM;2020-08-06T23:38:32+00:00;;2020;No;No;8;NONE;NONE,NONE;NONE,NONE;VAN,PASSENGER CAR;VAN,PASSENGER CAR;VAN,PASSENGER CAR;VAN,PASSENGER CAR
34074;.01 MILES FROM W LOCHMERE DR;NO SPECIAL FEATURE;CURVE,LEVEL;LOCAL STREET;TWO-WAY,DIVIDED,UNPROTECTED MEDIAN;SMOOTH ASPHALT;UNKNOWN;DARK - LIGHTED ROADWAY;CLEAR;NO CONTROL PRESENT;;;-78.783547;35.728325;;;0;1;;;;;NONE;;PASSENGER CAR;;;;;NO;11445;2018-05-25;6:04:51 AM;2018-05-25T10:04:51+00:00;;2018;No;Yes;5;;NONE;NONE;PASSENGER CAR;PASSENGER CAR;PASSENGER CAR;PASSENGER CAR
45237;NEAR .1 MILES NE OF NE US1 HWY NB;NO SPECIAL FEATURE;STRAIGHT,LEVEL;US ROUTE;TWO-WAY,DIVIDED,POSITIVE MEDIAN BARRIER;SMOOTH ASPHALT;DRY;DARK - ROADWAY NOT LIGHTED;CLEAR;NO CONTROL PRESENT;;;-78.816661;35.725358;;116;0;0;;;NONE;;NONE;;PASSENGER CAR;;;;;NO;21609;2020-08-07;5:58:59 AM;2020-08-07T09:58:59+00:00;;2020;No;No;8;NONE;NONE,NONE;NONE,NONE;PASSENGER CAR;PASSENGER CAR;PASSENGER CAR;PASSENGER CAR
34075;.01 MILES FROM US 1 HIGHWAY;OFF-RAMP PROPER;STRAIGHT,LEVEL;US ROUTE;TWO-WAY,DIVIDED,UNPROTECTED MEDIAN;SMOOTH ASPHALT;DRY;DAYLIGHT;CLEAR;STOP AND GO SIGNAL;;;-78.7949;35.738;;;0;0;1;;;;NONE;;PASSENGER CAR;PASSENGER CAR;;;;NO;11446;2018-05-25;9:09:29 AM;2018-05-25T13:09:29+00:00;;2018;No;No;5;;NONE;NONE;PASSENGER CAR,PASSENGER CAR;PASSENGER CAR,PASSENGER CAR;PASSENGER CAR,PASSENGER CAR;PASSENGER CAR,PASSENGER CAR
45239;50 FEET FROM MAHAL AVE;NO SPECIAL FEATURE;STRAIGHT,LEVEL;LOCAL STREET;TWO-WAY,DIVIDED,POSITIVE MEDIAN BARRIER;SMOOTH ASPHALT;DRY;DAWN;CLEAR;NO CONTROL PRESENT;35.8360049;-78.8805722;-78.88;35.8362;P124;119;0;0;;;NONE;;NONE;;PASSENGER CAR;PASSENGER CAR;;;;NO;21611;2020-08-08;9:45:10 AM;2020-08-08T13:45:10+00:00;35.8360049, -78.8805722;2020;No;No;8;NONE;NONE,NONE;NONE,NONE;PASSENGER CAR,PASSENGER CAR;PASSENGER CAR,PASSENGER CAR;PASSENGER CAR,PASSENGER CAR;PASSENGER CAR,PASSENGER CAR
34079;200 FEET FROM NC 55 HWY;FOUR-WAY INTERSECTION;STRAIGHT,HILLCREST;NC ROUTE;TWO-WAY,NOT DIVIDED;SMOOTH ASPHALT;DRY;DAYLIGHT;CLEAR;NO CONTROL PRESENT;;;-78.87093;35.788037;;117;0;0;;;NONE;;NONE;;PASSENGER CAR;PASSENGER CAR;;;;NO;11450;2018-05-25;11:32 AM;2018-05-25T15:32:00+00:00;;2018;No;No;5;NONE;NONE,NONE;NONE,NONE;PASSENGER CAR,PASSENGER CAR;PASSENGER CAR,PASSENGER CAR;PASSENGER CAR,PASSENGER CAR;PASSENGER CAR,PASSENGER CAR
45240;CARY;NO SPECIAL FEATURE;STRAIGHT,LEVEL;PUBLIC VEHICULAR AREA;TWO-WAY,NOT DIVIDED;SMOOTH ASPHALT;DRY;DAYLIGHT;CLEAR;NO CONTROL PRESENT;;;-78.7434;35.7581;;;0;0;;;NONE;;NONE;;PASSENGER CAR;PASSENGER CAR;;;;NO;21612;2020-08-08;3:20:02 PM;2020-08-08T19:20:02+00:00;;2020;No;No;8;NONE;NONE,NONE;NONE,NONE;PASSENGER CAR,PASSENGER CAR;PASSENGER CAR,PASSENGER CAR;PASSENGER CAR,PASSENGER CAR;PASSENGER CAR,PASSENGER CAR
34080;250 FEET FROM SR 1010 (TEN TEN RD);NO SPECIAL FEATURE;STRAIGHT,LEVEL;STATE SECONDARY ROUTE;TWO-WAY,DIVIDED,UNPROTECTED MEDIAN;SMOOTH ASPHALT;DRY;DAYLIGHT;CLEAR;STOP SIGN;;;-78.7962;35.7038;;;0;0;2;;;;NONE;;PASSENGER CAR;PICKUP;;;;NO;11451;2018-05-25;12:23 PM;2018-05-25T16:23:00+00:00;;2018;No;No;5;;NONE;NONE;PASSENGER CAR,PICKUP;PASSENGER CAR,PICKUP;PASSENGER CAR,PICKUP;PASSENGER CAR,PICKUP
45241;CARY;NO SPECIAL FEATURE;STRAIGHT,LEVEL;LOCAL STREET;TWO-WAY,NOT DIVIDED;SMOOTH ASPHALT;DRY;DAYLIGHT;CLEAR;STOP AND GO SIGNAL;;;-78.7423;35.7591;;;0;0;2;;NONE;;NONE;;PASSENGER CAR;PASSENGER CAR;;;;NO;21613;2020-08-09;12:19 PM;2020-08-09T16:19:00+00:00;;2020;No;No;8;NONE;NONE,NONE;NONE,NONE;PASSENGER CAR,PASSENGER CAR;PASSENGER CAR,PASSENGER CAR;PASSENGER CAR,PASSENGER CAR;PASSENGER CAR,PASSENGER CAR
34085;.09 MILES FROM SR 1652 (N HARRISON AVE);RAILROAD CROSSING;STRAIGHT,LEVEL;STATE SECONDARY ROUTE;TWO-WAY,DIVIDED,UNPROTECTED MEDIAN;SMOOTH ASPHALT;DRY;DARK - LIGHTED ROADWAY;CLEAR;RR GATE AND FLASHER;;;-78.7834;35.7894;;;0;0;;;NONE;;NONE;;PASSENGER CAR;;;;;NO;11456;2018-05-27;9:16:11 PM;2018-05-28T01:16:11+00:00;;2018;No;No;5;NONE;NONE,NONE;NONE,NONE;PASSENGER CAR;PASSENGER CAR;PASSENGER CAR;PASSENGER CAR
45242;150 FEET FROM P.V.A. (2740 NC 55 HWY);DRIVEWAY, PUBLIC;STRAIGHT,LEVEL;PUBLIC VEHICULAR AREA;TWO-WAY,NOT DIVIDED;SMOOTH ASPHALT;DRY;DAYLIGHT;CLEAR;NO CONTROL PRESENT;;;-78.870382;35.785351;;117;0;0;2;;NONE;;NONE;;SPORT UTILITY;PICKUP;;;;NO;21614;2020-08-09;10:56 AM;2020-08-09T14:56:00+00:00;;2020;No;No;8;NONE;NONE,NONE;NONE,NONE;SPORT UTILITY,PICKUP;SPORT UTILITY,PICKUP;SPORT UTILITY,PICKUP;SPORT UTILITY,PICKUP
34090;.25 MILES FROM SR 3120 (MORRISVILLE PKWY);FOUR-WAY INTERSECTION;STRAIGHT,LEVEL;STATE SECONDARY ROUTE;TWO-WAY,DIVIDED,UNPROTECTED MEDIAN;SMOOTH ASPHALT;WET;DAYLIGHT;RAIN;STOP AND GO SIGNAL;;;-78.865315;35.813016;;121;0;0;;;NONE;;NONE;;SPORT UTILITY;SPORT UTILITY;;;;NO;11461;2018-05-28;3:21:58 PM;2018-05-28T19:21:58+00:00;;2018;No;No;5;NONE;NONE,NONE;NONE,NONE;SPORT UTILITY,SPORT UTILITY;SPORT UTILITY,SPORT UTILITY;SPORT UTILITY,SPORT UTILITY;SPORT UTILITY,SPORT UTILITY
45246;CARY;NO SPECIAL FEATURE;STRAIGHT,LEVEL;NC ROUTE;TWO-WAY,NOT DIVIDED;COARSE ASPHALT;DRY;DARK - LIGHTED ROADWAY;CLEAR;STOP SIGN;35.79642312;-78.87066463;-78.87073;35.796388;P091;WAKE;0;0;;;NONE;;NONE;;SPORT UTILITY;;;;;NO;21618;2020-08-09;11:00 PM;2020-08-10T03:00:00+00:00;35.79642312, -78.87066463;2020;No;No;8;NONE;NONE,NONE;NONE,NONE;SPORT UTILITY;SPORT UTILITY;SPORT UTILITY;SPORT UTILITY
34093;447 FEET FROM P.V.A DILLARDS;T-INTERSECTION;STRAIGHT,LEVEL;PUBLIC VEHICULAR AREA;TWO-WAY,NOT DIVIDED;COARSE ASPHALT;WET;DAYLIGHT;RAIN;;;;-78.7612;35.7715;;;0;0;;;NONE;;NONE;;PASSENGER CAR;PASSENGER CAR;;;;;11464;2018-05-29;1:19:25 AM;2018-05-29T05:19:25+00:00;;2018;No;No;5;NONE;NONE,NONE;NONE,NONE;PASSENGER CAR,PASSENGER CAR;PASSENGER CAR,PASSENGER CAR;PASSENGER CAR,PASSENGER CAR;PASSENGER CAR,PASSENGER CAR
45258;.11 MILES FROM SR 1613 (DAVIS DR);;;;;;;;;;;;-78.8485;35.805;;;0;0;;;;;;;;;;;;;21630;2020-08-05;7:32:29 AM;2020-08-05T11:32:29+00:00;;2020;No;No;8;;;;;;;
34097;350 FEET FROM S.R. 1415 (SE MAYNARD RD);NO SPECIAL FEATURE;STRAIGHT,BOTTOM (SAG);STATE SECONDARY ROUTE;TWO-WAY,DIVIDED,UNPROTECTED MEDIAN;COARSE ASPHALT;WET;DAYLIGHT;RAIN;NO CONTROL PRESENT;;;-78.7647;35.7772;;;0;0;1;;NONE;;NONE;;SPORT UTILITY;PASSENGER CAR;;;;NO;11468;2018-05-26;6:44:54 PM;2018-05-26T22:44:54+00:00;;2018;No;No;5;NONE;NONE,NONE;NONE,NONE;SPORT UTILITY,PASSENGER CAR;SPORT UTILITY,PASSENGER CAR;SPORT UTILITY,PASSENGER CAR;SPORT UTILITY,PASSENGER CAR
45270;.01 MILES FROM MEADOW DR;RELATED TO INTERSECTION;STRAIGHT,GRADE;LOCAL STREET;TWO-WAY,NOT DIVIDED;COARSE ASPHALT;DRY;DAYLIGHT;CLOUDY;STOP SIGN;35.776897698;-78.77989152;-78.781;35.776;P062;120;0;0;;;NONE;;NONE;;PASSENGER CAR;PASSENGER CAR;;;;NO;21642;2020-08-14;10:19 AM;2020-08-14T14:19:00+00:00;35.776897698, -78.77989152;2020;No;No;8;NONE;NONE,NONE;NONE,NONE;PASSENGER CAR,PASSENGER CAR;PASSENGER CAR,PASSENGER CAR;PASSENGER CAR,PASSENGER CAR;PASSENGER CAR,PASSENGER CAR
34100;300 FEET FROM P.V.A OF 2000 WALNUT ST;DRIVEWAY, PUBLIC;STRAIGHT,LEVEL;PUBLIC VEHICULAR AREA;TWO-WAY,NOT DIVIDED;SMOOTH ASPHALT;DRY;DAYLIGHT;CLOUDY;NO CONTROL PRESENT;;;-78.743145;35.757597;;;0;0;;;NONE;;NONE;;SPORT UTILITY;PASSENGER CAR;;;;NO;11471;2018-05-27;3:25:37 PM;2018-05-27T19:25:37+00:00;;2018;No;No;5;NONE;NONE,NONE;NONE,NONE;SPORT UTILITY,PASSENGER CAR;SPORT UTILITY,PASSENGER CAR;SPORT UTILITY,PASSENGER CAR;SPORT UTILITY,PASSENGER CAR
45274;10 FEET FROM PVA 575 NEW WAVERLY PL;NO SPECIAL FEATURE;STRAIGHT,LEVEL;PUBLIC VEHICULAR AREA;ONE-WAY,NOT DIVIDED;CONCRETE;DRY;DARK - LIGHTED ROADWAY;CLEAR;STOP SIGN;;;-78.77658;35.737338;;;0;0;;;NONE;;NONE;;PICKUP;;;;;NO;21646;2020-08-12;4:19:32 PM;2020-08-12T20:19:32+00:00;;2020;No;No;8;NONE;NONE,NONE;NONE,NONE;PICKUP;PICKUP;PICKUP;PICKUP
34106;25 FEET FROM PVA 575 NEW WAVERLY PL;NO SPECIAL FEATURE;STRAIGHT,LEVEL;PUBLIC VEHICULAR AREA;ONE-WAY,NOT DIVIDED;SMOOTH ASPHALT;DRY;DAYLIGHT;CLEAR;NO CONTROL PRESENT;;;-78.777686;35.73687;;;0;0;2;;NONE;;NONE;;PICKUP;PASSENGER CAR;;;;NO;11477;2018-05-25;2:00:23 PM;2018-05-25T18:00:23+00:00;;2018;No;No;5;NONE;NONE,NONE;NONE,NONE;PICKUP,PASSENGER CAR;PICKUP,PASSENGER CAR;PICKUP,PASSENGER CAR;PICKUP,PASSENGER CAR
45278;250 FEET FROM US 1;NO SPECIAL FEATURE;;US ROUTE;TWO-WAY,DIVIDED,POSITIVE MEDIAN BARRIER;CONCRETE;DRY;DAYLIGHT;CLEAR;NO CONTROL PRESENT;;;-78.773091;35.748135;;;0;2;3;;NONE;;NONE;;PASSENGER CAR;PASSENGER CAR;;;;NO;21650;2020-08-14;4:24:54 PM;2020-08-14T20:24:54+00:00;;2020;No;Yes;8;NONE;NONE,NONE;NONE,NONE;PASSENGER CAR,PASSENGER CAR;PASSENGER CAR,PASSENGER CAR;PASSENGER CAR,PASSENGER CAR;PASSENGER CAR,PASSENGER CAR
34111;.1 MILES FROM PVA 2420 WALNUT ST;DRIVEWAY, PUBLIC;STRAIGHT,LEVEL;PUBLIC VEHICULAR AREA;TWO-WAY,NOT DIVIDED;SMOOTH ASPHALT;WET;DAYLIGHT;RAIN;NO CONTROL PRESENT;;;-78.74377;35.7529682;;;0;0;;;;;NONE;;PASSENGER CAR;UNKNOWN;;;;NO;11482;2018-05-28;4:25:30 PM;2018-05-28T20:25:30+00:00;;2018;No;No;5;;NONE;NONE;PASSENGER CAR,UNKNOWN;PASSENGER CAR,UNKNOWN;PASSENGER CAR,UNKNOWN;PASSENGER CAR,UNKNOWN
45283;400 FEET FROM LAUGHRIDGE DR;NO SPECIAL FEATURE;STRAIGHT,GRADE;LOCAL STREET;TWO-WAY,NOT DIVIDED;SMOOTH ASPHALT;DRY;DARK - ROADWAY NOT LIGHTED;CLEAR;NO CONTROL PRESENT;;;-78.806044;35.755613;;115;0;0;;;UNKNOWN;;NONE;;PASSENGER CAR;PASSENGER CAR;;;;NO;21655;2020-08-16;8:51:35 AM;2020-08-16T12:51:35+00:00;;2020;No;No;8;UNKNOWN;UNKNOWN,NONE;UNKNOWN,NONE;PASSENGER CAR,PASSENGER CAR;PASSENGER CAR,PASSENGER CAR;PASSENGER CAR,PASSENGER CAR;PASSENGER CAR,PASSENGER CAR
34121;40 FEET FROM HEIDINGER DR;NO SPECIAL FEATURE;STRAIGHT,LEVEL;LOCAL STREET;TWO-WAY,NOT DIVIDED;COARSE ASPHALT;DRY;DAYLIGHT;CLOUDY;NO CONTROL PRESENT;;;-78.7682;35.7519;;112;0;0;;;;;NONE;;PASSENGER CAR;PASSENGER CAR;PASSENGER CAR;;;NO;11492;2018-05-26;12:34 PM;2018-05-26T16:34:00+00:00;;2018;No;No;5;;NONE;NONE;PASSENGER CAR,PASSENGER CAR;PASSENGER CAR,PASSENGER CAR,PASSENGER CAR;PASSENGER CAR,PASSENGER CAR,PASSENGER CAR;PASSENGER CAR,PASSENGER CAR,PASSENGER CAR
45284;181 FEET FROM P.V.A. (831 BERWICK VALLEY LN);NO SPECIAL FEATURE;STRAIGHT,LEVEL;PUBLIC VEHICULAR AREA;TWO-WAY,NOT DIVIDED;SMOOTH ASPHALT;DRY;DARK - ROADWAY NOT LIGHTED;CLEAR;NO CONTROL PRESENT;;;-78.81611;35.79682;;;0;0;;;UNKNOWN;;NONE;;UNKNOWN;PASSENGER CAR;;;;NO;21656;2020-08-15;1:31:55 PM;2020-08-15T17:31:55+00:00;;2020;No;No;8;UNKNOWN;UNKNOWN,NONE;UNKNOWN,NONE;UNKNOWN,PASSENGER CAR;UNKNOWN,PASSENGER CAR;UNKNOWN,PASSENGER CAR;UNKNOWN,PASSENGER CAR
34123;CARY;FOUR-WAY INTERSECTION;STRAIGHT,LEVEL;STATE SECONDARY ROUTE;TWO-WAY,NOT DIVIDED;COARSE ASPHALT;DRY;DAYLIGHT;CLOUDY;STOP AND GO SIGNAL;;;-78.740535;35.745796;;;0;0;;;NONE;;NONE;;PASSENGER CAR;PASSENGER CAR;;;;NO;11494;2018-05-26;10:22 AM;2018-05-26T14:22:00+00:00;;2018;No;No;5;NONE;NONE,NONE;NONE,NONE;PASSENGER CAR,PASSENGER CAR;PASSENGER CAR,PASSENGER CAR;PASSENGER CAR,PASSENGER CAR;PASSENGER CAR,PASSENGER CAR
45293;25 FEET FROM P.V.A 5000 OLD RALEIGH RD;DRIVEWAY, PUBLIC;STRAIGHT,GRADE;PUBLIC VEHICULAR AREA;TWO-WAY,NOT DIVIDED;SMOOTH ASPHALT;WET;DAYLIGHT;RAIN;NO CONTROL PRESENT;;;-78.8094;35.7382;;;0;0;2;;NONE;;NONE;;SPORT UTILITY;PASSENGER CAR;;;;NO;21665;2020-08-17;6:54:49 PM;2020-08-17T22:54:49+00:00;;2020;No;No;8;NONE;NONE,NONE;NONE,NONE;SPORT UTILITY,PASSENGER CAR;SPORT UTILITY,PASSENGER CAR;SPORT UTILITY,PASSENGER CAR;SPORT UTILITY,PASSENGER CAR
34126;0 FEET FROM SR 1313 (WALNUT ST);FOUR-WAY INTERSECTION;STRAIGHT,LEVEL;STATE SECONDARY ROUTE;TWO-WAY,NOT DIVIDED;COARSE ASPHALT;WET;DAYLIGHT;CLOUDY;STOP AND GO SIGNAL;;;-78.749;35.7636;;112;0;0;;;;;NONE;;SPORT UTILITY;PICKUP;;;;NO;11497;2018-05-29;7:37:44 AM;2018-05-29T11:37:44+00:00;;2018;No;No;5;;NONE;NONE;SPORT UTILITY,PICKUP;SPORT UTILITY,PICKUP;SPORT UTILITY,PICKUP;SPORT UTILITY,PICKUP
45294;40 FEET FROM NC 55 HWY;RELATED TO INTERSECTION;STRAIGHT,LEVEL;NC ROUTE;TWO-WAY,DIVIDED,UNPROTECTED MEDIAN;COARSE ASPHALT;DRY;DAYLIGHT;CLEAR;STOP AND GO SIGNAL;;;-78.872672;35.81371;;;0;0;1;;;;NONE;;SPORT UTILITY;;;;;NO;21666;2020-08-17;2:10:49 PM;2020-08-17T18:10:49+00:00;;2020;No;No;8;;NONE;NONE;SPORT UTILITY;SPORT UTILITY;SPORT UTILITY;SPORT UTILITY
34129;CARY;FOUR-WAY INTERSECTION;STRAIGHT,LEVEL;LOCAL STREET;TWO-WAY,NOT DIVIDED;COARSE ASPHALT;WET;DAYLIGHT;CLOUDY;STOP SIGN;35.772398345;-78.83185086;-78.831836;35.772373;P064;117;0;0;1;;NONE;;NONE;;;PASSENGER CAR;;;;NO;11500;2018-05-29;8:40:07 AM;2018-05-29T12:40:07+00:00;35.772398345, -78.83185086;2018;No;No;5;NONE;NONE,NONE;NONE,NONE;PASSENGER CAR;PASSENGER CAR;PASSENGER CAR;PASSENGER CAR
45304;0 FEET FROM SR 1632 (LOUIS STEPHENS DR);FOUR-WAY INTERSECTION;STRAIGHT,GRADE;STATE SECONDARY ROUTE;TWO-WAY,NOT DIVIDED;SMOOTH ASPHALT;DRY;DAYLIGHT;CLEAR;STOP SIGN;;;-78.86494;35.81851;;;0;0;;1;NONE;;NONE;;SPORT UTILITY;;;;;NO;21676;2020-08-18;11:22 AM;2020-08-18T15:22:00+00:00;;2020;No;No;8;NONE;NONE,NONE;NONE,NONE;SPORT UTILITY;SPORT UTILITY;SPORT UTILITY;SPORT UTILITY
34130;300 FEET FROM PVA OF 7129 OKELLY CHAPEL RD;NO SPECIAL FEATURE;STRAIGHT,LEVEL;PUBLIC VEHICULAR AREA;TWO-WAY,NOT DIVIDED;SMOOTH ASPHALT;WET;DAYLIGHT;CLOUDY;NO CONTROL PRESENT;;;-78.8855;35.8449;;;0;0;;;NONE;;NONE;;SPORT UTILITY;PASSENGER CAR;;;;NO;11501;2018-05-29;10:44 AM;2018-05-29T14:44:00+00:00;;2018;No;No;5;NONE;NONE,NONE;NONE,NONE;SPORT UTILITY,PASSENGER CAR;SPORT UTILITY,PASSENGER CAR;SPORT UTILITY,PASSENGER CAR;SPORT UTILITY,PASSENGER CAR
45307;0 FEET FROM SR 1415 (NW MAYNARD RD(;FOUR-WAY INTERSECTION;STRAIGHT,LEVEL;STATE SECONDARY ROUTE;TWO-WAY,DIVIDED,UNPROTECTED MEDIAN;SMOOTH ASPHALT;DRY;DAYLIGHT;CLEAR;STOP AND GO SIGNAL;;;-78.80991;35.78589;;;0;0;;;NONE;;NONE;;PASSENGER CAR;PASSENGER CAR;;;;NO;21679;2020-08-19;9:50:15 AM;2020-08-19T13:50:15+00:00;;2020;No;No;8;NONE;NONE,NONE;NONE,NONE;PASSENGER CAR,PASSENGER CAR;PASSENGER CAR,PASSENGER CAR;PASSENGER CAR,PASSENGER CAR;PASSENGER CAR,PASSENGER CAR