tamainid;location_description;rdfeature;rdcharacter;rdclass;rdconfigur;rdsurface;rdcondition;lightcond;weather;trafcontrl;lat;lon;lon2;lat2;tract;zone;fatality;possblinj;numpassengers;numpedestrians;contrcir1_desc;contrcir2_desc;contrcir3_desc;contrcir4_desc;vehicle1;vehicle2;vehicle3;vehicle4;vehicle5;workarea;records;ta_date;ta_time;crash_date;geo_location;year;fatalities;injuries;month;contrfact1;contrfact2;contributing_factor;vehicleconcat1;vehicleconcat2;vehicleconcat3;vehicle_type
34782;CARY;DRIVEWAY, PUBLIC;STRAIGHT,LEVEL;PUBLIC VEHICULAR AREA;TWO-WAY,NOT DIVIDED;SMOOTH ASPHALT;DRY;DAYLIGHT;CLEAR;NO CONTROL PRESENT;;;-78.78645;35.73918;;;0;0;;;NONE;;NONE;;PASSENGER CAR;SPORT UTILITY;;;;NO;12153;2018-07-18;11:48 AM;2018-07-18T15:48:00+00:00;;2018;No;No;7;NONE;NONE,NONE;NONE,NONE;PASSENGER CAR,SPORT UTILITY;PASSENGER CAR,SPORT UTILITY;PASSENGER CAR,SPORT UTILITY;PASSENGER CAR,SPORT UTILITY
45928;200 FEET FROM SR 1300 (KILDAIRE FARM RD);NO SPECIAL FEATURE;STRAIGHT,LEVEL;STATE SECONDARY ROUTE;TWO-WAY,DIVIDED,UNPROTECTED MEDIAN;COARSE ASPHALT;DRY;DAYLIGHT;CLEAR;NO CONTROL PRESENT;;;-78.7759;35.7937;;;0;0;;;NONE;;NONE;;PICKUP;PASSENGER CAR;;;;NO;22300;2020-11-01;7:45:42 PM;2020-11-02T00:45:42+00:00;;2020;No;No;11;NONE;NONE,NONE;NONE,NONE;PICKUP,PASSENGER CAR;PICKUP,PASSENGER CAR;PICKUP,PASSENGER CAR;PICKUP,PASSENGER CAR
34783;50 FEET FROM NC 54 (CHAPEL HILL RD);NO SPECIAL FEATURE;CURVE,LEVEL;NC ROUTE;TWO-WAY,NOT DIVIDED;SMOOTH ASPHALT;DRY;DAYLIGHT;CLEAR;NO CONTROL PRESENT;;;-78.8024;35.8001;;;0;1;;;NONE;;FAILURE TO YIELD RIGHT OF WAY;;VAN;PASSENGER CAR;SPORT UTILITY;PASSENGER CAR;;CONSTRUCTION WORK AREA;12154;2018-07-19;9:23:57 AM;2018-07-19T13:23:57+00:00;;2018;No;Yes;7;NONE;NONE,FAILURE TO YIELD RIGHT OF WAY;NONE,FAILURE TO YIELD RIGHT OF WAY;VAN,PASSENGER CAR;VAN,PASSENGER CAR,SPORT UTILITY;VAN,PASSENGER CAR,SPORT UTILITY,PASSENGER CAR;VAN,PASSENGER CAR,SPORT UTILITY,PASSENGER CAR
45934;200 FEET FROM PVA 2303 NW MAYNARD RD;NO SPECIAL FEATURE;STRAIGHT,LEVEL;PUBLIC VEHICULAR AREA;TWO-WAY,NOT DIVIDED;SMOOTH ASPHALT;DRY;DAYLIGHT;CLEAR;NO CONTROL PRESENT;;;-78.786023;35.802984;;;0;0;1;;NONE;;NONE;;PASSENGER CAR;;;;;NO;22306;2020-10-31;4:08:46 PM;2020-10-31T20:08:46+00:00;;2020;No;No;10;NONE;NONE,NONE;NONE,NONE;PASSENGER CAR;PASSENGER CAR;PASSENGER CAR;PASSENGER CAR
34787;0 FEET FROM US 64;FOUR-WAY INTERSECTION;STRAIGHT,GRADE;US ROUTE;TWO-WAY,DIVIDED,POSITIVE MEDIAN BARRIER;SMOOTH ASPHALT;WET;DARK - ROADWAY NOT LIGHTED;RAIN;STOP AND GO SIGNAL;;;-78.7951;35.7377;;;0;1;;;NONE;;NONE;;PASSENGER CAR;PASSENGER CAR;;;;NO;12158;2018-07-17;8:14:57 PM;2018-07-18T00:14:57+00:00;;2018;No;Yes;7;NONE;NONE,NONE;NONE,NONE;PASSENGER CAR,PASSENGER CAR;PASSENGER CAR,PASSENGER CAR;PASSENGER CAR,PASSENGER CAR;PASSENGER CAR,PASSENGER CAR
45939;CARY;FOUR-WAY INTERSECTION;STRAIGHT,LEVEL;LOCAL STREET;TWO-WAY,NOT DIVIDED;SMOOTH ASPHALT;DRY;DARK - LIGHTED ROADWAY;CLEAR;STOP SIGN;35.776901874;-78.77727619;-78.77728;35.77679;P062;120;0;0;;;NONE;;NONE;;PICKUP;;;;;NO;22311;2020-11-01;1:20:34 AM;2020-11-01T06:20:34+00:00;35.776901874, -78.77727619;2020;No;No;11;NONE;NONE,NONE;NONE,NONE;PICKUP;PICKUP;PICKUP;PICKUP
34795;30 FEET FROM P.V.A. 101 REED ST;NO SPECIAL FEATURE;STRAIGHT,LEVEL;PUBLIC VEHICULAR AREA;TWO-WAY,NOT DIVIDED;SMOOTH ASPHALT;DRY;DARK - LIGHTED ROADWAY;CLEAR;NO CONTROL PRESENT;;;-78.76;35.78;;;0;0;;1;NONE;;NONE;;PASSENGER CAR;PASSENGER CAR;;;;NO;12166;2018-07-18;11:51 PM;2018-07-19T03:51:00+00:00;;2018;No;No;7;NONE;NONE,NONE;NONE,NONE;PASSENGER CAR,PASSENGER CAR;PASSENGER CAR,PASSENGER CAR;PASSENGER CAR,PASSENGER CAR;PASSENGER CAR,PASSENGER CAR
45940;.01 MILES FROM P.V.A. 2370 WALNUT ST;NO SPECIAL FEATURE;STRAIGHT,LEVEL;PUBLIC VEHICULAR AREA;TWO-WAY,NOT DIVIDED;SMOOTH ASPHALT;DRY;DAYLIGHT;CLEAR;NO CONTROL PRESENT;;;-78.74591;35.7557;;;0;0;1;;NONE;;NONE;;SPORT UTILITY;PASSENGER CAR;;;;NO;22312;2020-11-02;3:23:24 PM;2020-11-02T20:23:24+00:00;;2020;No;No;11;NONE;NONE,NONE;NONE,NONE;SPORT UTILITY,PASSENGER CAR;SPORT UTILITY,PASSENGER CAR;SPORT UTILITY,PASSENGER CAR;SPORT UTILITY,PASSENGER CAR
34802;200 FEET FROM (P.V.A.) OKELLY CHAPEL HILL RD;DRIVEWAY, PUBLIC;STRAIGHT,LEVEL;PUBLIC VEHICULAR AREA;TWO-WAY,NOT DIVIDED;SMOOTH ASPHALT;DRY;DARK - LIGHTED ROADWAY;CLEAR;STOP SIGN;;;-78.886899;35.844685;;;0;0;3;;NONE;;NONE;;VAN;PASSENGER CAR;;;;NO;12173;2018-07-18;12:04 AM;2018-07-18T04:04:00+00:00;;2018;No;No;7;NONE;NONE,NONE;NONE,NONE;VAN,PASSENGER CAR;VAN,PASSENGER CAR;VAN,PASSENGER CAR;VAN,PASSENGER CAR
45951;270 FEET FROM PVA (340 CROSSROADS BLVD);NO SPECIAL FEATURE;STRAIGHT,LEVEL;INTERSTATE;TWO-WAY,NOT DIVIDED;SMOOTH ASPHALT;DRY;DAYLIGHT;CLEAR;NO CONTROL PRESENT;;;-78.737687;35.759721;;;0;0;;;NONE;;NONE;;PASSENGER CAR;PASSENGER CAR;;;;NO;22323;2020-11-03;2:33:32 PM;2020-11-03T19:33:32+00:00;;2020;No;No;11;NONE;NONE,NONE;NONE,NONE;PASSENGER CAR,PASSENGER CAR;PASSENGER CAR,PASSENGER CAR;PASSENGER CAR,PASSENGER CAR;PASSENGER CAR,PASSENGER CAR
34818;325 FEET FROM SR 1415 (NE MAYNARD RD);RELATED TO INTERSECTION;STRAIGHT,GRADE;STATE SECONDARY ROUTE;TWO-WAY,DIVIDED,UNPROTECTED MEDIAN;COARSE ASPHALT;DRY;DAYLIGHT;CLEAR;RR GATE AND FLASHER;;;-78.7635;35.7929;;;0;0;;;NONE;;NONE;;PASSENGER CAR;SPORT UTILITY;;;;NO;12189;2018-07-22;7:02:06 PM;2018-07-22T23:02:06+00:00;;2018;No;No;7;NONE;NONE,NONE;NONE,NONE;PASSENGER CAR,SPORT UTILITY;PASSENGER CAR,SPORT UTILITY;PASSENGER CAR,SPORT UTILITY;PASSENGER CAR,SPORT UTILITY
45952;300 FEET FROM PVA 980 KILDAIRE FARM RD;DRIVEWAY, PUBLIC;STRAIGHT,GRADE;PUBLIC VEHICULAR AREA;TWO-WAY,NOT DIVIDED;SMOOTH ASPHALT;DRY;DARK - ROADWAY NOT LIGHTED;CLEAR;NO CONTROL PRESENT;;;-78.781752;35.771955;;;0;0;;;NONE;;NONE;;;;;;;NO;22324;2020-11-03;6:17:26 PM;2020-11-03T23:17:26+00:00;;2020;No;No;11;NONE;NONE,NONE;NONE,NONE;;;;
34819;463 FEET FROM US 1 HWY;OFF-RAMP ENTRY;STRAIGHT,LEVEL;US ROUTE;TWO-WAY,DIVIDED,POSITIVE MEDIAN BARRIER;GROOVED CONCRETE;WET;DARK - LIGHTED ROADWAY;RAIN;NO CONTROL PRESENT;;;-78.794621;35.736539;;;0;0;;;NONE;;NONE;;PASSENGER CAR;;;;;NO;12190;2018-07-22;5:42:17 PM;2018-07-22T21:42:17+00:00;;2018;No;No;7;NONE;NONE,NONE;NONE,NONE;PASSENGER CAR;PASSENGER CAR;PASSENGER CAR;PASSENGER CAR
45959;.1 MILES FROM NC 55 HWY;NO SPECIAL FEATURE;STRAIGHT,LEVEL;NC ROUTE;TWO-WAY,DIVIDED,UNPROTECTED MEDIAN;SMOOTH ASPHALT;DRY;DARK - LIGHTED ROADWAY;CLEAR;NO CONTROL PRESENT;;;-78.893951;35.85944;;;0;0;;;NONE;;NONE;;SPORT UTILITY;;;;;NO;22331;2020-11-03;9:22:37 PM;2020-11-04T02:22:37+00:00;;2020;No;No;11;NONE;NONE,NONE;NONE,NONE;SPORT UTILITY;SPORT UTILITY;SPORT UTILITY;SPORT UTILITY
34820;400 FEET FROM P.V.A. (LA BONITA);NO SPECIAL FEATURE;STRAIGHT,LEVEL;PUBLIC VEHICULAR AREA;TWO-WAY,NOT DIVIDED;SMOOTH ASPHALT;UNKNOWN;DARK - LIGHTED ROADWAY;OTHER *;NO CONTROL PRESENT;;;-78.7608;35.7906;;;0;0;;;NONE;;NONE;;PASSENGER CAR;UNKNOWN;;;;NO;12191;2018-07-22;9:44:14 PM;2018-07-23T01:44:14+00:00;;2018;No;No;7;NONE;NONE,NONE;NONE,NONE;PASSENGER CAR,UNKNOWN;PASSENGER CAR,UNKNOWN;PASSENGER CAR,UNKNOWN;PASSENGER CAR,UNKNOWN
45975;.02 MILES FROM P.V.A. 2300 AUTO PARK BLVD;NO SPECIAL FEATURE;STRAIGHT,LEVEL;PUBLIC VEHICULAR AREA;TWO-WAY,NOT DIVIDED;SMOOTH ASPHALT;DRY;DAYLIGHT;CLEAR;NO CONTROL PRESENT;;;-78.81338;35.73661;;;0;0;;;NONE;;NONE;;PICKUP;PASSENGER CAR;;;;NO;22347;2020-11-06;12:33 PM;2020-11-06T17:33:00+00:00;;2020;No;No;11;NONE;NONE,NONE;NONE,NONE;PICKUP,PASSENGER CAR;PICKUP,PASSENGER CAR;PICKUP,PASSENGER CAR;PICKUP,PASSENGER CAR
34825;205 FEET FROM P.V.A OF 2010 KILDAIRE FARM RD;DRIVEWAY, PUBLIC;STRAIGHT,LEVEL;PUBLIC VEHICULAR AREA;TWO-WAY,NOT DIVIDED;SMOOTH ASPHALT;DRY;DAYLIGHT;CLEAR;NO CONTROL PRESENT;;;-78.780722;35.737351;;;0;0;1;;NONE;;NONE;;PASSENGER CAR;PASSENGER CAR;;;;NO;12196;2018-07-22;2:29:03 PM;2018-07-22T18:29:03+00:00;;2018;No;No;7;NONE;NONE,NONE;NONE,NONE;PASSENGER CAR,PASSENGER CAR;PASSENGER CAR,PASSENGER CAR;PASSENGER CAR,PASSENGER CAR;PASSENGER CAR,PASSENGER CAR
45995;618 FEET FROM US 1 SB;NO SPECIAL FEATURE;STRAIGHT,LEVEL;US ROUTE;TWO-WAY,DIVIDED,POSITIVE MEDIAN BARRIER;SMOOTH ASPHALT;DRY;DARK - LIGHTED ROADWAY;CLEAR;NO CONTROL PRESENT;;;-78.747;35.7611;;112;0;1;;;NONE;;NONE;;PASSENGER CAR;;;;;NO;22367;2020-11-09;12:54 AM;2020-11-09T05:54:00+00:00;;2020;No;Yes;11;NONE;NONE,NONE;NONE,NONE;PASSENGER CAR;PASSENGER CAR;PASSENGER CAR;PASSENGER CAR
34832;CARY;FOUR-WAY INTERSECTION;STRAIGHT,LEVEL;STATE SECONDARY ROUTE;TWO-WAY,DIVIDED,UNPROTECTED MEDIAN;COARSE ASPHALT;DRY;DAYLIGHT;CLEAR;STOP AND GO SIGNAL;;;-78.741069;35.745785;;;0;0;;;NONE;;NONE;;PASSENGER CAR;PICKUP;;;;NO;12203;2018-07-23;2:51:14 PM;2018-07-23T18:51:14+00:00;;2018;No;No;7;NONE;NONE,NONE;NONE,NONE;PASSENGER CAR,PICKUP;PASSENGER CAR,PICKUP;PASSENGER CAR,PICKUP;PASSENGER CAR,PICKUP
46004;120 FEET FROM SR 3081 (CHAPEL HILL RD);NO SPECIAL FEATURE;STRAIGHT,LEVEL;STATE SECONDARY ROUTE;TWO-WAY,NOT DIVIDED;SMOOTH ASPHALT;DRY;DAYLIGHT;CLEAR;NO CONTROL PRESENT;;;-78.768516;35.793908;;;0;0;;;NONE;;NONE;;PASSENGER CAR;;;;;NO;22376;2020-11-05;2:14:33 PM;2020-11-05T19:14:33+00:00;;2020;No;No;11;NONE;NONE,NONE;NONE,NONE;PASSENGER CAR;PASSENGER CAR;PASSENGER CAR;PASSENGER CAR
34838;160 FEET FROM SR 1613 (DAVIS DR);NO SPECIAL FEATURE;STRAIGHT,LEVEL;STATE SECONDARY ROUTE;TWO-WAY,DIVIDED,UNPROTECTED MEDIAN;COARSE ASPHALT;DRY;DAYLIGHT;CLOUDY;NO CONTROL PRESENT;;;-78.849696;35.825705;;;0;0;;;;;NONE;;PASSENGER CAR;SPORT UTILITY;PASSENGER CAR;;;NO;12209;2018-07-23;3:07:50 AM;2018-07-23T07:07:50+00:00;;2018;No;No;7;;NONE;NONE;PASSENGER CAR,SPORT UTILITY;PASSENGER CAR,SPORT UTILITY,PASSENGER CAR;PASSENGER CAR,SPORT UTILITY,PASSENGER CAR;PASSENGER CAR,SPORT UTILITY,PASSENGER CAR
46005;.11 MILES FROM SR 1613 (DAVIS DR);;;;;;;;;;;;-78.8485;35.805;;;0;0;;;;;;;;;;;;;22377;2020-08-05;12:00 AM;2020-08-05T04:00:00+00:00;;2020;No;No;8;;;;;;;
34841;15 FEET FROM SR 3977 (CARY PARKWAY);RELATED TO INTERSECTION;STRAIGHT,GRADE;STATE SECONDARY ROUTE;TWO-WAY,DIVIDED,POSITIVE MEDIAN BARRIER;COARSE ASPHALT;DRY;DAYLIGHT;CLEAR;STOP AND GO SIGNAL;;;-78.837544;35.780361;;117;0;0;;;;;NONE;;PASSENGER CAR;PASSENGER CAR;;;;NO;12212;2018-07-23;5:25:25 PM;2018-07-23T21:25:25+00:00;;2018;No;No;7;;NONE;NONE;PASSENGER CAR,PASSENGER CAR;PASSENGER CAR,PASSENGER CAR;PASSENGER CAR,PASSENGER CAR;PASSENGER CAR,PASSENGER CAR
46015;140 FEET FROM SR 1009 (TRYON RD);NO SPECIAL FEATURE;STRAIGHT,LEVEL;STATE SECONDARY ROUTE;TWO-WAY,DIVIDED,UNPROTECTED MEDIAN;SMOOTH ASPHALT;WET;DARK - LIGHTED ROADWAY;RAIN;NO CONTROL PRESENT;;;-78.7711;35.7415;;118;0;0;;;NONE;;NONE;;SPORT UTILITY;PASSENGER CAR;;;;NO;22387;2020-11-11;9:08:18 PM;2020-11-12T02:08:18+00:00;;2020;No;No;11;NONE;NONE,NONE;NONE,NONE;SPORT UTILITY,PASSENGER CAR;SPORT UTILITY,PASSENGER CAR;SPORT UTILITY,PASSENGER CAR;SPORT UTILITY,PASSENGER CAR
34849;200 FEET FROM US HIGHWAY 64;NO SPECIAL FEATURE;STRAIGHT,LEVEL;US ROUTE;TWO-WAY,DIVIDED,UNPROTECTED MEDIAN;SMOOTH ASPHALT;DRY;DAYLIGHT;CLEAR;NO CONTROL PRESENT;;;-78.8135;35.7421;;;0;0;;;;;NONE;;PASSENGER CAR;SPORT UTILITY;PASSENGER CAR;;;NO;12220;2018-07-24;4:37:40 PM;2018-07-24T20:37:40+00:00;;2018;No;No;7;;NONE;NONE;PASSENGER CAR,SPORT UTILITY;PASSENGER CAR,SPORT UTILITY,PASSENGER CAR;PASSENGER CAR,SPORT UTILITY,PASSENGER CAR;PASSENGER CAR,SPORT UTILITY,PASSENGER CAR
46020;CARY;FOUR-WAY INTERSECTION;STRAIGHT,LEVEL;STATE SECONDARY ROUTE;TWO-WAY,NOT DIVIDED;SMOOTH ASPHALT;WET;DARK - LIGHTED ROADWAY;RAIN;STOP AND GO SIGNAL;;;-78.76411;35.780829;;;0;2;1;;NONE;;NONE;;SPORT UTILITY;SPORT UTILITY;;;;NO;22392;2020-11-11;11:47 PM;2020-11-12T04:47:00+00:00;;2020;No;Yes;11;NONE;NONE,NONE;NONE,NONE;SPORT UTILITY,SPORT UTILITY;SPORT UTILITY,SPORT UTILITY;SPORT UTILITY,SPORT UTILITY;SPORT UTILITY,SPORT UTILITY
34853;0.11 MILES FROM (SR 1313) WALNUT ST;ON-RAMP ENTRY;STRAIGHT,LEVEL;STATE SECONDARY ROUTE;TWO-WAY,DIVIDED,UNPROTECTED MEDIAN;SMOOTH ASPHALT;DRY;DAYLIGHT;CLOUDY;STOP AND GO SIGNAL;;;-78.7445;35.7614;;;0;0;1;;NONE;;NONE;;PASSENGER CAR;PASSENGER CAR;;;;NO;12224;2018-07-25;1:54:21 PM;2018-07-25T17:54:21+00:00;;2018;No;No;7;NONE;NONE,NONE;NONE,NONE;PASSENGER CAR,PASSENGER CAR;PASSENGER CAR,PASSENGER CAR;PASSENGER CAR,PASSENGER CAR;PASSENGER CAR,PASSENGER CAR
46024;1.6 MILES FROM US HWY 1;NO SPECIAL FEATURE;STRAIGHT,LEVEL;US ROUTE;TWO-WAY,DIVIDED,POSITIVE MEDIAN BARRIER;COARSE ASPHALT;WATER (STANDING, MOVING);DAYLIGHT;RAIN;NO CONTROL PRESENT;;;-78.798277;35.734567;;;0;0;;;NONE;;NONE;;PASSENGER CAR;;;;;NO;22396;2020-11-12;8:50:32 AM;2020-11-12T13:50:32+00:00;;2020;No;No;11;NONE;NONE,NONE;NONE,NONE;PASSENGER CAR;PASSENGER CAR;PASSENGER CAR;PASSENGER CAR
34866;59 MILES FROM US 1;NO SPECIAL FEATURE;STRAIGHT,LEVEL;US ROUTE;TWO-WAY,DIVIDED,POSITIVE MEDIAN BARRIER;GROOVED CONCRETE;DRY;DAYLIGHT;CLEAR;NO CONTROL PRESENT;;;;;;;0;0;1;;NONE;;NONE;;PASSENGER CAR;;;;;NO;12237;2018-07-19;2:10:28 PM;2018-07-19T18:10:28+00:00;;2018;No;No;7;NONE;NONE,NONE;NONE,NONE;PASSENGER CAR;PASSENGER CAR;PASSENGER CAR;PASSENGER CAR
46026;340 FEET FROM SR 1313 (WALNUT ST);NO SPECIAL FEATURE;STRAIGHT,LEVEL;STATE SECONDARY ROUTE;TWO-WAY,DIVIDED,UNPROTECTED MEDIAN;SMOOTH ASPHALT;WET;DARK - LIGHTED ROADWAY;RAIN;NO CONTROL PRESENT;;;-78.7416;35.7579;;;0;1;;;NONE;;NONE;;PASSENGER CAR;;;;;NO;22398;2020-11-12;2:15:32 AM;2020-11-12T07:15:32+00:00;;2020;No;Yes;11;NONE;NONE,NONE;NONE,NONE;PASSENGER CAR;PASSENGER CAR;PASSENGER CAR;PASSENGER CAR
34867;45 FEET FROM 1204 QUEENSFERRY RD;NO SPECIAL FEATURE;STRAIGHT,GRADE;PRIVATE ROAD,DRIVEWAY;TWO-WAY,NOT DIVIDED;SMOOTH ASPHALT;DRY;DAYLIGHT;CLEAR;NO CONTROL PRESENT;;;-78.7992;35.7403;;115;0;0;;;;;NONE;;PICKUP;VAN;;;;NO;12238;2018-07-24;1:36:23 PM;2018-07-24T17:36:23+00:00;;2018;No;No;7;;NONE;NONE;PICKUP,VAN;PICKUP,VAN;PICKUP,VAN;PICKUP,VAN
46033;CARY;NO SPECIAL FEATURE;STRAIGHT,LEVEL;LOCAL STREET;TWO-WAY,NOT DIVIDED;SMOOTH ASPHALT;WET;DAYLIGHT;RAIN;STOP AND GO SIGNAL;35.761292758;-78.74191581;-78.742;35.7612;P120;118;0;0;;;NONE;;NONE;;PASSENGER CAR;PICKUP;;;;NO;22405;2020-11-12;7:42:54 AM;2020-11-12T12:42:54+00:00;35.761292758, -78.74191581;2020;No;No;11;NONE;NONE,NONE;NONE,NONE;PASSENGER CAR,PICKUP;PASSENGER CAR,PICKUP;PASSENGER CAR,PICKUP;PASSENGER CAR,PICKUP
34868;.1 MILES FROM 40;NO SPECIAL FEATURE;CURVE,LEVEL;INTERSTATE;TWO-WAY,DIVIDED,POSITIVE MEDIAN BARRIER;GROOVED CONCRETE;DRY;DAYLIGHT;CLEAR;NO CONTROL PRESENT;;;-78.744894;35.792419;;;0;0;;;NONE;;NONE;;SPORT UTILITY;;;;;NO;12239;2018-07-19;1:14:34 PM;2018-07-19T17:14:34+00:00;;2018;No;No;7;NONE;NONE,NONE;NONE,NONE;SPORT UTILITY;SPORT UTILITY;SPORT UTILITY;SPORT UTILITY
46048;300 FEET FROM SR 1415 (SW MAYNARD RD);NO SPECIAL FEATURE;STRAIGHT,GRADE;STATE SECONDARY ROUTE;TWO-WAY,DIVIDED,UNPROTECTED MEDIAN;SMOOTH ASPHALT;DRY;DAYLIGHT;CLEAR;NO CONTROL PRESENT;;;-78.785925;35.771301;;;0;0;;;NONE;;NONE;;SPORT UTILITY;PASSENGER CAR;;;;NO;22420;2020-11-13;2:53:14 PM;2020-11-13T19:53:14+00:00;;2020;No;No;11;NONE;NONE,NONE;NONE,NONE;SPORT UTILITY,PASSENGER CAR;SPORT UTILITY,PASSENGER CAR;SPORT UTILITY,PASSENGER CAR;SPORT UTILITY,PASSENGER CAR
34873;.75 MILES FROM US 1;NO SPECIAL FEATURE;STRAIGHT,LEVEL;US ROUTE;TWO-WAY,DIVIDED,POSITIVE MEDIAN BARRIER;CONCRETE;DRY;DAYLIGHT;CLEAR;NO CONTROL PRESENT;;;-78.7628;35.7531;;;0;0;;;NONE;;NONE;;PASSENGER CAR;PASSENGER CAR;;;;NO;12244;2018-07-26;6:05:56 PM;2018-07-26T22:05:56+00:00;;2018;No;No;7;NONE;NONE,NONE;NONE,NONE;PASSENGER CAR,PASSENGER CAR;PASSENGER CAR,PASSENGER CAR;PASSENGER CAR,PASSENGER CAR;PASSENGER CAR,PASSENGER CAR
46049;.1 MILES FROM NORTHLANDS DR;NO SPECIAL FEATURE;STRAIGHT,LEVEL;LOCAL STREET;TWO-WAY,NOT DIVIDED;SMOOTH ASPHALT;WET;DARK - LIGHTED ROADWAY;CLEAR;NO CONTROL PRESENT;;;-78.9057;35.823;;;0;0;;;NONE;;NONE;;VAN;;;;;NO;22421;2020-11-13;9:20:53 PM;2020-11-14T02:20:53+00:00;;2020;No;No;11;NONE;NONE,NONE;NONE,NONE;VAN;VAN;VAN;VAN
34895;100 FEET FROM WOODFIELD LAKE RD;NO SPECIAL FEATURE;STRAIGHT,LEVEL;PUBLIC VEHICULAR AREA;TWO-WAY,NOT DIVIDED;SMOOTH ASPHALT;DRY;DARK - LIGHTED ROADWAY;CLOUDY;NO CONTROL PRESENT;;;-78.7451;35.7499;;;0;0;;;NONE;;NONE;;PASSENGER CAR;PICKUP;;;;NO;12266;2018-07-28;12:20 AM;2018-07-28T04:20:00+00:00;;2018;No;No;7;NONE;NONE,NONE;NONE,NONE;PASSENGER CAR,PICKUP;PASSENGER CAR,PICKUP;PASSENGER CAR,PICKUP;PASSENGER CAR,PICKUP
46072;25 FEET FROM PP - 302 W PARK ST;NO SPECIAL FEATURE;STRAIGHT,LEVEL;PRIVATE ROAD,DRIVEWAY;TWO-WAY,NOT DIVIDED;CONCRETE;DRY;DAYLIGHT;CLEAR;NO CONTROL PRESENT;;;-78.785846;35.785154;;;0;0;;;NONE;;NONE;;PASSENGER CAR;LIGHT TRUCK (MINI-VAN- PANEL);;;;NO;22444;2020-11-18;3:26:07 PM;2020-11-18T20:26:07+00:00;;2020;No;No;11;NONE;NONE,NONE;NONE,NONE;PASSENGER CAR,LIGHT TRUCK (MINI-VAN- PANEL);PASSENGER CAR,LIGHT TRUCK (MINI-VAN- PANEL);PASSENGER CAR,LIGHT TRUCK (MINI-VAN- PANEL);PASSENGER CAR,LIGHT TRUCK (MINI-VAN- PANEL)
34900;15 FEET FROM 200 CROSSROADS BLVD;NO SPECIAL FEATURE;STRAIGHT,LEVEL;PUBLIC VEHICULAR AREA;TWO-WAY,NOT DIVIDED;SMOOTH ASPHALT;DRY;DAYLIGHT;CLEAR;NO CONTROL PRESENT;;;-78.741288;35.759828;;;0;0;;;NONE;;NONE;;PASSENGER CAR;SPORT UTILITY;;;;NO;12271;2018-07-28;5:31:52 PM;2018-07-28T21:31:52+00:00;;2018;No;No;7;NONE;NONE,NONE;NONE,NONE;PASSENGER CAR,SPORT UTILITY;PASSENGER CAR,SPORT UTILITY;PASSENGER CAR,SPORT UTILITY;PASSENGER CAR,SPORT UTILITY
46079;.09 MILES FROM NC.S.R. 1307 (W. CHATHAM ST);NO SPECIAL FEATURE;STRAIGHT,LEVEL;STATE SECONDARY ROUTE;TWO-WAY,DIVIDED,UNPROTECTED MEDIAN;COARSE ASPHALT;DRY;DAYLIGHT;CLEAR;STOP AND GO SIGNAL;;;-78.7836;35.7871;;;0;0;;;NONE;;NONE;;PASSENGER CAR;PASSENGER CAR;PASSENGER CAR;;;NO;22451;2020-11-20;8:38:50 AM;2020-11-20T13:38:50+00:00;;2020;No;No;11;NONE;NONE,NONE;NONE,NONE;PASSENGER CAR,PASSENGER CAR;PASSENGER CAR,PASSENGER CAR,PASSENGER CAR;PASSENGER CAR,PASSENGER CAR,PASSENGER CAR;PASSENGER CAR,PASSENGER CAR,PASSENGER CAR
34906;1.11 MILES FROM US 1 HWY;NO SPECIAL FEATURE;STRAIGHT,LEVEL;US ROUTE;TWO-WAY,DIVIDED,POSITIVE MEDIAN BARRIER;GROOVED CONCRETE;DRY;DAYLIGHT;CLEAR;NO CONTROL PRESENT;35.736894104;-78.79376167;-78.7549;35.7571;P043;116;0;1;1;;NONE;;NONE;;PICKUP;PASSENGER CAR;;;;NO;12277;2018-07-26;5:48:31 PM;2018-07-26T21:48:31+00:00;35.736894104, -78.79376167;2018;No;Yes;7;NONE;NONE,NONE;NONE,NONE;PICKUP,PASSENGER CAR;PICKUP,PASSENGER CAR;PICKUP,PASSENGER CAR;PICKUP,PASSENGER CAR
46086;482 FEET FROM PVA OF 1515 SR 3977 (SW CARY P;NO SPECIAL FEATURE;STRAIGHT,LEVEL;PUBLIC VEHICULAR AREA;TWO-WAY,NOT DIVIDED;COARSE ASPHALT;DRY;DAYLIGHT;CLEAR;NO CONTROL PRESENT;;;-78.809341;35.753569;;;0;0;2;;;;NONE;;PASSENGER CAR;PASSENGER CAR;;;;NO;22458;2020-11-20;11:04 AM;2020-11-20T16:04:00+00:00;;2020;No;No;11;;NONE;NONE;PASSENGER CAR,PASSENGER CAR;PASSENGER CAR,PASSENGER CAR;PASSENGER CAR,PASSENGER CAR;PASSENGER CAR,PASSENGER CAR
34907;100 FEET FROM SR 3112 (NW CARY PKWY);NO SPECIAL FEATURE;STRAIGHT,LEVEL;STATE SECONDARY ROUTE;TWO-WAY,DIVIDED,POSITIVE MEDIAN BARRIER;SMOOTH ASPHALT;DRY;DAYLIGHT;CLEAR;NO CONTROL PRESENT;35.780158996;-78.86499367;-78.8263;35.7907;P013;117;0;0;;;NONE;;NONE;;SPORT UTILITY;SPORT UTILITY;;;;NO;12278;2018-07-27;2:44:52 PM;2018-07-27T18:44:52+00:00;35.780158996, -78.86499367;2018;No;No;7;NONE;NONE,NONE;NONE,NONE;SPORT UTILITY,SPORT UTILITY;SPORT UTILITY,SPORT UTILITY;SPORT UTILITY,SPORT UTILITY;SPORT UTILITY,SPORT UTILITY