tamainid;location_description;rdfeature;rdcharacter;rdclass;rdconfigur;rdsurface;rdcondition;lightcond;weather;trafcontrl;lat;lon;lon2;lat2;tract;zone;fatality;possblinj;numpassengers;numpedestrians;contrcir1_desc;contrcir2_desc;contrcir3_desc;contrcir4_desc;vehicle1;vehicle2;vehicle3;vehicle4;vehicle5;workarea;records;ta_date;ta_time;crash_date;geo_location;year;fatalities;injuries;month;contrfact1;contrfact2;contributing_factor;vehicleconcat1;vehicleconcat2;vehicleconcat3;vehicle_type
46112;.1 MILES FROM PVA 98 CORNERSTONE DR;NO SPECIAL FEATURE;STRAIGHT,LEVEL;PUBLIC VEHICULAR AREA;TWO-WAY,NOT DIVIDED;SMOOTH ASPHALT;DRY;DAYLIGHT;CLEAR;NO CONTROL PRESENT;;;-78.8515;35.7904;;;0;0;;;NONE;;NONE;;SPORT UTILITY;SPORT UTILITY;;;;NO;22484;2020-11-21;7:40:25 AM;2020-11-21T12:40:25+00:00;;2020;No;No;11;NONE;NONE,NONE;NONE,NONE;SPORT UTILITY,SPORT UTILITY;SPORT UTILITY,SPORT UTILITY;SPORT UTILITY,SPORT UTILITY;SPORT UTILITY,SPORT UTILITY
34921;0 FEET FROM (SR 1652) N HARRISON AVE;FOUR-WAY INTERSECTION;STRAIGHT,LEVEL;STATE SECONDARY ROUTE;TWO-WAY,DIVIDED,UNPROTECTED MEDIAN;SMOOTH ASPHALT;WET;DAYLIGHT;RAIN;STOP AND GO SIGNAL;;;-78.783229;35.791715;;113;0;0;;;NONE;;NONE;;PASSENGER CAR;PASSENGER CAR;;;;NO;12292;2018-07-30;8:32:32 AM;2018-07-30T12:32:32+00:00;;2018;No;No;7;NONE;NONE,NONE;NONE,NONE;PASSENGER CAR,PASSENGER CAR;PASSENGER CAR,PASSENGER CAR;PASSENGER CAR,PASSENGER CAR;PASSENGER CAR,PASSENGER CAR
46119;200 FEET FROM AMBROSE PARK LANE;NO SPECIAL FEATURE;STRAIGHT,GRADE;LOCAL STREET;TWO-WAY,NOT DIVIDED;SMOOTH ASPHALT;DRY;DAYLIGHT;CLEAR;NO CONTROL PRESENT;35.693539714;-78.79316948;-78.79327;35.69386;P048;116;0;0;;;NONE;;NONE;;VAN;PASSENGER CAR;;;;NO;22491;2020-11-23;10:52 AM;2020-11-23T15:52:00+00:00;35.693539714, -78.79316948;2020;No;No;11;NONE;NONE,NONE;NONE,NONE;VAN,PASSENGER CAR;VAN,PASSENGER CAR;VAN,PASSENGER CAR;VAN,PASSENGER CAR
34930;332 FEET FROM N DIXON AV;NO SPECIAL FEATURE;STRAIGHT,LEVEL;LOCAL STREET;TWO-WAY,NOT DIVIDED;COARSE ASPHALT;DRY;DAYLIGHT;CLOUDY;NO CONTROL PRESENT;35.789030626;-78.78929677;-78.789427;35.7885084;P026;114;0;0;;;NONE;;NONE;;PASSENGER CAR;;;;;NO;12301;2018-07-31;1:57:47 PM;2018-07-31T17:57:47+00:00;35.789030626, -78.78929677;2018;No;No;7;NONE;NONE,NONE;NONE,NONE;PASSENGER CAR;PASSENGER CAR;PASSENGER CAR;PASSENGER CAR
46128;50 FEET FROM MONTIBELLO DR;NO SPECIAL FEATURE;STRAIGHT,LEVEL;LOCAL STREET;TWO-WAY,DIVIDED,UNPROTECTED MEDIAN;SMOOTH ASPHALT;DRY;DAYLIGHT;CLEAR;NO CONTROL PRESENT;35.823907441;-78.77352247;-78.771354;35.824091;P080;111;0;0;;;;;NONE;;PASSENGER CAR;;;;;NO;22500;2020-11-22;6:53:28 AM;2020-11-22T11:53:28+00:00;35.823907441, -78.77352247;2020;No;No;11;;NONE;NONE;PASSENGER CAR;PASSENGER CAR;PASSENGER CAR;PASSENGER CAR
34931;70 FEET FROM US 1 EXIT 98 RAMP SB;OFF-RAMP ENTRY;STRAIGHT,HILLCREST;US ROUTE;ONE-WAY,NOT DIVIDED;SMOOTH ASPHALT;DRY;DAYLIGHT;CLEAR;STOP AND GO SIGNAL;35.739288506;-78.7894014;-78.7979;35.7396;P042;115;0;1;;;NONE;;NONE;;PASSENGER CAR;PASSENGER CAR;;;;NO;12302;2018-07-31;11:38 AM;2018-07-31T15:38:00+00:00;35.739288506, -78.7894014;2018;No;Yes;7;NONE;NONE,NONE;NONE,NONE;PASSENGER CAR,PASSENGER CAR;PASSENGER CAR,PASSENGER CAR;PASSENGER CAR,PASSENGER CAR;PASSENGER CAR,PASSENGER CAR
46130;.83 MILES FROM US 1;NO SPECIAL FEATURE;STRAIGHT,LEVEL;US ROUTE;TWO-WAY,DIVIDED,POSITIVE MEDIAN BARRIER;CONCRETE;DRY;DAYLIGHT;CLEAR;NO CONTROL PRESENT;;;-78.758862;35.755233;;;0;1;1;;NONE;;NONE;;PASSENGER CAR;VAN;;;;NO;22502;2020-11-20;4:25:48 PM;2020-11-20T21:25:48+00:00;;2020;No;Yes;11;NONE;NONE,NONE;NONE,NONE;PASSENGER CAR,VAN;PASSENGER CAR,VAN;PASSENGER CAR,VAN;PASSENGER CAR,VAN
34939;.35 MILES FROM SR #3073 (NW MAYNARD RD);NO SPECIAL FEATURE;STRAIGHT,LEVEL;STATE SECONDARY ROUTE;TWO-WAY,NOT DIVIDED;SMOOTH ASPHALT;DRY;DAYLIGHT;CLOUDY;STOP AND GO SIGNAL;35.795598175;-78.8011154;-78.796;35.7985;P063;114;0;0;;;NONE;;NONE;;PICKUP;PASSENGER CAR;;;;NO;12310;2018-08-01;9:26:58 AM;2018-08-01T13:26:58+00:00;35.795598175, -78.8011154;2018;No;No;8;NONE;NONE,NONE;NONE,NONE;PICKUP,PASSENGER CAR;PICKUP,PASSENGER CAR;PICKUP,PASSENGER CAR;PICKUP,PASSENGER CAR
46138;0 FEET FROM MEETING ST;RELATED TO INTERSECTION;STRAIGHT,LEVEL;LOCAL STREET;TWO-WAY,DIVIDED,POSITIVE MEDIAN BARRIER;SMOOTH ASPHALT;DRY;DAYLIGHT;CLEAR;STOP AND GO SIGNAL;35.759565079;-78.74137444;-78.741407;35.759611;P120;118;0;0;1;;NONE;;NONE;;PASSENGER CAR;PASSENGER CAR;;;;NO;22510;2020-11-23;7:17:27 PM;2020-11-24T00:17:27+00:00;35.759565079, -78.74137444;2020;No;No;11;NONE;NONE,NONE;NONE,NONE;PASSENGER CAR,PASSENGER CAR;PASSENGER CAR,PASSENGER CAR;PASSENGER CAR,PASSENGER CAR;PASSENGER CAR,PASSENGER CAR
34940;350 FEET FROM PVA (6464 TRYON RD);DRIVEWAY, PUBLIC;STRAIGHT,LEVEL;PUBLIC VEHICULAR AREA;TWO-WAY,NOT DIVIDED;SMOOTH ASPHALT;DRY;DAYLIGHT;CLEAR;NO CONTROL PRESENT;;;-78.762284;35.74537;;;0;1;;;NONE;;NONE;;PASSENGER CAR;;;;;NO;12311;2018-08-01;10:41 AM;2018-08-01T14:41:00+00:00;;2018;No;Yes;8;NONE;NONE,NONE;NONE,NONE;PASSENGER CAR;PASSENGER CAR;PASSENGER CAR;PASSENGER CAR
46139;0 FEET FROM SR 1652 (N HARRISON AV);RELATED TO INTERSECTION;STRAIGHT,LEVEL;STATE SECONDARY ROUTE;TWO-WAY,NOT DIVIDED;SMOOTH ASPHALT;DRY;DAYLIGHT;CLEAR;STOP AND GO SIGNAL;;;-78.762533;35.813259;;;0;2;;;;;NONE;;PASSENGER CAR;LIGHT TRUCK (MINI-VAN- PANEL);;;;NO;22511;2020-10-12;7:44:52 AM;2020-10-12T11:44:52+00:00;;2020;No;Yes;10;;NONE;NONE;PASSENGER CAR,LIGHT TRUCK (MINI-VAN- PANEL);PASSENGER CAR,LIGHT TRUCK (MINI-VAN- PANEL);PASSENGER CAR,LIGHT TRUCK (MINI-VAN- PANEL);PASSENGER CAR,LIGHT TRUCK (MINI-VAN- PANEL)
34948;CARY;RELATED TO INTERSECTION;STRAIGHT,LEVEL;LOCAL STREET;TWO-WAY,DIVIDED,UNPROTECTED MEDIAN;SMOOTH ASPHALT;DRY;DAYLIGHT;CLEAR;STOP SIGN;35.736014426;-78.78461828;-78.7848;35.706;P053;116;0;2;1;;;;NONE;;PASSENGER CAR;PASSENGER CAR;;;;NO;12319;2018-07-27;3:59:58 PM;2018-07-27T19:59:58+00:00;35.736014426, -78.78461828;2018;No;Yes;7;;NONE;NONE;PASSENGER CAR,PASSENGER CAR;PASSENGER CAR,PASSENGER CAR;PASSENGER CAR,PASSENGER CAR;PASSENGER CAR,PASSENGER CAR
46143;0 FEET FROM SR 1652 (N HARRISON AVE);FOUR-WAY INTERSECTION;STRAIGHT,LEVEL;STATE SECONDARY ROUTE;TWO-WAY,NOT DIVIDED;SMOOTH ASPHALT;DRY;DARK - LIGHTED ROADWAY;CLEAR;STOP AND GO SIGNAL;;;-78.78334;35.78722;;111;0;0;;;NONE;;NONE;;VAN;PASSENGER CAR;;;;NO;22515;2020-11-20;11:35 PM;2020-11-21T04:35:00+00:00;;2020;No;No;11;NONE;NONE,NONE;NONE,NONE;VAN,PASSENGER CAR;VAN,PASSENGER CAR;VAN,PASSENGER CAR;VAN,PASSENGER CAR
34953;CARY;;;;;;;;;;;;;;;;0;0;;;;;;;;;;;;;12324;2018-08-02;4:46:22 PM;2018-08-02T20:46:22+00:00;;2018;No;No;8;;;;;;;
46148;CARY;OFF-RAMP PROPER;STRAIGHT,LEVEL;US ROUTE;ONE-WAY,NOT DIVIDED;COARSE ASPHALT;DRY;DAYLIGHT;CLEAR;STOP AND GO SIGNAL;;;-78.7947;35.738;;;0;0;3;;NONE;;NONE;;PASSENGER CAR;PASSENGER CAR;;;;NO;22520;2020-11-24;1:30:43 PM;2020-11-24T18:30:43+00:00;;2020;No;No;11;NONE;NONE,NONE;NONE,NONE;PASSENGER CAR,PASSENGER CAR;PASSENGER CAR,PASSENGER CAR;PASSENGER CAR,PASSENGER CAR;PASSENGER CAR,PASSENGER CAR
34957;0 FEET FROM SR 3977 (CARY PKWY);FOUR-WAY INTERSECTION;STRAIGHT,HILLCREST;STATE SECONDARY ROUTE;TWO-WAY,DIVIDED,UNPROTECTED MEDIAN;SMOOTH ASPHALT;DRY;DAYLIGHT;CLEAR;STOP SIGN;;;-78.816215;35.757496;;;0;0;1;;NONE;;NONE;;SPORT UTILITY;PASSENGER CAR;;;;NO;12328;2018-07-27;6:25:05 PM;2018-07-27T22:25:05+00:00;;2018;No;No;7;NONE;NONE,NONE;NONE,NONE;SPORT UTILITY,PASSENGER CAR;SPORT UTILITY,PASSENGER CAR;SPORT UTILITY,PASSENGER CAR;SPORT UTILITY,PASSENGER CAR
46152;.1 MILES FROM PVA 237 CROSSROADS BLVD;NO SPECIAL FEATURE;STRAIGHT,LEVEL;PUBLIC VEHICULAR AREA;TWO-WAY,NOT DIVIDED;SMOOTH ASPHALT;DRY;DAYLIGHT;CLEAR;NO CONTROL PRESENT;;;-78.739615;35.7609578;;;0;0;;;NONE;;NONE;;PASSENGER CAR;SPORT UTILITY;;;;NO;22524;2020-11-25;1:00:31 PM;2020-11-25T18:00:31+00:00;;2020;No;No;11;NONE;NONE,NONE;NONE,NONE;PASSENGER CAR,SPORT UTILITY;PASSENGER CAR,SPORT UTILITY;PASSENGER CAR,SPORT UTILITY;PASSENGER CAR,SPORT UTILITY
34958;100 FEET FROM US 1;NO SPECIAL FEATURE;STRAIGHT,LEVEL;US ROUTE;TWO-WAY,DIVIDED,POSITIVE MEDIAN BARRIER;SMOOTH ASPHALT;WET;DAYLIGHT;RAIN;NO CONTROL PRESENT;;;-78.750713;35.759071;;;0;0;1;;NONE;;NONE;;PASSENGER CAR;SPORT UTILITY;PICKUP;SPORT UTILITY;;NO;12329;2018-08-02;6:42:17 PM;2018-08-02T22:42:17+00:00;;2018;No;No;8;NONE;NONE,NONE;NONE,NONE;PASSENGER CAR,SPORT UTILITY;PASSENGER CAR,SPORT UTILITY,PICKUP;PASSENGER CAR,SPORT UTILITY,PICKUP,SPORT UTILITY;PASSENGER CAR,SPORT UTILITY,PICKUP,SPORT UTILITY
46155;CARY;NO SPECIAL FEATURE;STRAIGHT,LEVEL;STATE SECONDARY ROUTE;TWO-WAY,DIVIDED,UNPROTECTED MEDIAN;SMOOTH ASPHALT;DRY;DAYLIGHT;CLOUDY;NO CONTROL PRESENT;;;-78.7639;35.788;;;0;1;;;;;NONE;;VAN;PASSENGER CAR;;;;NO;22527;2020-11-25;12:23 PM;2020-11-25T17:23:00+00:00;;2020;No;Yes;11;;NONE;NONE;VAN,PASSENGER CAR;VAN,PASSENGER CAR;VAN,PASSENGER CAR;VAN,PASSENGER CAR
34961;200 FEET FROM SR 1613 (DAVIS DR);NO SPECIAL FEATURE;STRAIGHT,LEVEL;STATE SECONDARY ROUTE;TWO-WAY,DIVIDED,POSITIVE MEDIAN BARRIER;SMOOTH ASPHALT;DRY;DAYLIGHT;CLEAR;NO CONTROL PRESENT;;;-78.8484;35.8111;;;0;0;;;NONE;;NONE;;SPORT UTILITY;;;;;NO;12332;2018-08-02;11:51 AM;2018-08-02T15:51:00+00:00;;2018;No;No;8;NONE;NONE,NONE;NONE,NONE;SPORT UTILITY;SPORT UTILITY;SPORT UTILITY;SPORT UTILITY
46162;50 FEET FROM PVA OF 1722 WALNUT ST;NO SPECIAL FEATURE;STRAIGHT,LEVEL;PUBLIC VEHICULAR AREA;TWO-WAY,NOT DIVIDED;SMOOTH ASPHALT;DRY;DAYLIGHT;CLEAR;NO CONTROL PRESENT;;;-78.74733;35.76187;;112;0;0;;;;;NONE;;PICKUP;PICKUP;;;;NO;22534;2020-11-26;6:15:52 PM;2020-11-26T23:15:52+00:00;;2020;No;No;11;;NONE;NONE;PICKUP,PICKUP;PICKUP,PICKUP;PICKUP,PICKUP;PICKUP,PICKUP
34965;CARY;FOUR-WAY INTERSECTION;STRAIGHT,LEVEL;STATE SECONDARY ROUTE;TWO-WAY,DIVIDED,UNPROTECTED MEDIAN;SMOOTH ASPHALT;WET;DAYLIGHT;RAIN;STOP AND GO SIGNAL;;;-78.78343;35.763204;;;0;0;;;NONE;;NONE;;PASSENGER CAR;PICKUP;;;;NO;12336;2018-08-03;12:09 PM;2018-08-03T16:09:00+00:00;;2018;No;No;8;NONE;NONE,NONE;NONE,NONE;PASSENGER CAR,PICKUP;PASSENGER CAR,PICKUP;PASSENGER CAR,PICKUP;PASSENGER CAR,PICKUP
46164;55 FEET FROM S.R. 1011 (W CHATHAM ST);NO SPECIAL FEATURE;STRAIGHT,GRADE;STATE SECONDARY ROUTE;TWO-WAY,NOT DIVIDED;SMOOTH ASPHALT;DRY;DAYLIGHT;CLEAR;STOP SIGN;;;-78.7922;35.7844;;;0;1;;;NONE;;NONE;;SPORT UTILITY;;;;;NO;22536;2020-11-27;2:41:14 PM;2020-11-27T19:41:14+00:00;;2020;No;Yes;11;NONE;NONE,NONE;NONE,NONE;SPORT UTILITY;SPORT UTILITY;SPORT UTILITY;SPORT UTILITY
34967;150 FEET FROM SR 1300 (KILDAIRE FARM RD);NO SPECIAL FEATURE;STRAIGHT,LEVEL;STATE SECONDARY ROUTE;TWO-WAY,NOT DIVIDED;SMOOTH ASPHALT;WET;DUSK;RAIN;NO CONTROL PRESENT;;;-78.7825;35.7671;;;0;0;;;NONE;;NONE;;PASSENGER CAR;PASSENGER CAR;;;;NO;12338;2018-08-03;9:51:43 AM;2018-08-03T13:51:43+00:00;;2018;No;No;8;NONE;NONE,NONE;NONE,NONE;PASSENGER CAR,PASSENGER CAR;PASSENGER CAR,PASSENGER CAR;PASSENGER CAR,PASSENGER CAR;PASSENGER CAR,PASSENGER CAR
46168;150 FEET FROM GREEN LEVEL CHURCH ROAD 1625;NO SPECIAL FEATURE;STRAIGHT,LEVEL;PUBLIC VEHICULAR AREA;TWO-WAY,NOT DIVIDED;;DRY;DARK - LIGHTED ROADWAY;CLEAR;NO CONTROL PRESENT;35.818846284;-78.90244761;-78.901293;35.819739;P015;122;0;0;1;;NONE;;NONE;;PASSENGER CAR;PASSENGER CAR;;;;NO;22540;2020-11-27;8:00:22 PM;2020-11-28T01:00:22+00:00;35.818846284, -78.90244761;2020;No;No;11;NONE;NONE,NONE;NONE,NONE;PASSENGER CAR,PASSENGER CAR;PASSENGER CAR,PASSENGER CAR;PASSENGER CAR,PASSENGER CAR;PASSENGER CAR,PASSENGER CAR
34969;.5 MILES FROM SR1635 LOUIS STEPHENS SR;FOUR-WAY INTERSECTION;STRAIGHT,LEVEL;STATE SECONDARY ROUTE;TWO-WAY,NOT DIVIDED;SMOOTH ASPHALT;DRY;DAYLIGHT;CLEAR;STOP AND GO SIGNAL;;;-78.863988;35.824872;;;0;0;1;;NONE;;NONE;;SPORT UTILITY;PASSENGER CAR;;;;NO;12340;2018-08-01;2:04:36 PM;2018-08-01T18:04:36+00:00;;2018;No;No;8;NONE;NONE,NONE;NONE,NONE;SPORT UTILITY,PASSENGER CAR;SPORT UTILITY,PASSENGER CAR;SPORT UTILITY,PASSENGER CAR;SPORT UTILITY,PASSENGER CAR
46171;.127 MILES FROM PVA (1207 KILDAIRE FARM RD);NO SPECIAL FEATURE;STRAIGHT,LEVEL;PUBLIC VEHICULAR AREA;TWO-WAY,NOT DIVIDED;SMOOTH ASPHALT;DRY;DAYLIGHT;CLEAR;STOP SIGN;35.973047186;-78.67448141;-78.7827;35.7642;P119;RALW;0;0;;;NONE;;NONE;;PASSENGER CAR;PASSENGER CAR;;;;NO;22543;2020-11-28;10:46 AM;2020-11-28T15:46:00+00:00;35.973047186, -78.67448141;2020;No;No;11;NONE;NONE,NONE;NONE,NONE;PASSENGER CAR,PASSENGER CAR;PASSENGER CAR,PASSENGER CAR;PASSENGER CAR,PASSENGER CAR;PASSENGER CAR,PASSENGER CAR
34973;400 FEET FROM NC 55 HWY NC 55;NO SPECIAL FEATURE;STRAIGHT,LEVEL;NC ROUTE;TWO-WAY,DIVIDED,POSITIVE MEDIAN BARRIER;SMOOTH ASPHALT;WET;DAYLIGHT;CLEAR;NO CONTROL PRESENT;;;-78.872;35.8081;;;0;0;1;;NONE;;NONE;;PASSENGER CAR;SPORT UTILITY;PASSENGER CAR;PASSENGER CAR;;NO;12344;2018-08-03;5:24:03 PM;2018-08-03T21:24:03+00:00;;2018;No;No;8;NONE;NONE,NONE;NONE,NONE;PASSENGER CAR,SPORT UTILITY;PASSENGER CAR,SPORT UTILITY,PASSENGER CAR;PASSENGER CAR,SPORT UTILITY,PASSENGER CAR,PASSENGER CAR;PASSENGER CAR,SPORT UTILITY,PASSENGER CAR,PASSENGER CAR
46173;150 FEET FROM P.V.A. 204 CROSSROADS BLVD;NO SPECIAL FEATURE;STRAIGHT,LEVEL;PUBLIC VEHICULAR AREA;TWO-WAY,NOT DIVIDED;COARSE ASPHALT;DRY;DAYLIGHT;CLEAR;NO CONTROL PRESENT;;;-78.741373;35.760627;;;0;0;;;;;NONE;;PASSENGER CAR;PASSENGER CAR;;;;NO;22545;2020-11-29;1:34:37 PM;2020-11-29T18:34:37+00:00;;2020;No;No;11;;NONE;NONE;PASSENGER CAR,PASSENGER CAR;PASSENGER CAR,PASSENGER CAR;PASSENGER CAR,PASSENGER CAR;PASSENGER CAR,PASSENGER CAR
34977;10 FEET FROM SR 1731 (O`KELLY CHAPEL RD);FOUR-WAY INTERSECTION;STRAIGHT,HILLCREST;STATE SECONDARY ROUTE;TWO-WAY,DIVIDED,UNPROTECTED MEDIAN;SMOOTH ASPHALT;WET;DAYLIGHT;RAIN;STOP AND GO SIGNAL;;;-78.8909;35.8456;;119;0;0;1;;NONE;;NONE;;PASSENGER CAR;PASSENGER CAR;;;;NO;12348;2018-08-03;7:53:16 PM;2018-08-03T23:53:16+00:00;;2018;No;No;8;NONE;NONE,NONE;NONE,NONE;PASSENGER CAR,PASSENGER CAR;PASSENGER CAR,PASSENGER CAR;PASSENGER CAR,PASSENGER CAR;PASSENGER CAR,PASSENGER CAR
46174;.107 MILES FROM SR 1300 (KILDAIRE FARM RD);RELATED TO INTERSECTION;STRAIGHT,LEVEL;STATE SECONDARY ROUTE;TWO-WAY,NOT DIVIDED;SMOOTH ASPHALT;DRY;DAYLIGHT;CLEAR;STOP AND GO SIGNAL;;;-78.7815;35.7751;;120;0;4;3;;NONE;;NONE;;PASSENGER CAR;PASSENGER CAR;;;;NO;22546;2020-11-29;12:34 PM;2020-11-29T17:34:00+00:00;;2020;No;Yes;11;NONE;NONE,NONE;NONE,NONE;PASSENGER CAR,PASSENGER CAR;PASSENGER CAR,PASSENGER CAR;PASSENGER CAR,PASSENGER CAR;PASSENGER CAR,PASSENGER CAR
34978;143 FEET FROM P.V.A.(266 AVIATION PKWY);DRIVEWAY, PUBLIC;CURVE,GRADE;PUBLIC VEHICULAR AREA;TWO-WAY,NOT DIVIDED;SMOOTH ASPHALT;WET;DAYLIGHT;RAIN;NO CONTROL PRESENT;;;-78.81915;35.827158;;;0;0;;;NONE;;NONE;;SPORT UTILITY;;;;;NO;12349;2018-08-03;5:19:43 PM;2018-08-03T21:19:43+00:00;;2018;No;No;8;NONE;NONE,NONE;NONE,NONE;SPORT UTILITY;SPORT UTILITY;SPORT UTILITY;SPORT UTILITY
46177;.1 MILES FROM S.R. 1152 (HOLLY SPRINGS RD);NO SPECIAL FEATURE;STRAIGHT,LEVEL;STATE SECONDARY ROUTE;TWO-WAY,NOT DIVIDED;SMOOTH ASPHALT;WET;DARK - ROADWAY NOT LIGHTED;RAIN;NO CONTROL PRESENT;;;-78.74258;35.74099;;;0;0;1;;NONE;;NONE;;PASSENGER CAR;PASSENGER CAR;;;;NO;22549;2020-11-30;1:20:55 AM;2020-11-30T06:20:55+00:00;;2020;No;No;11;NONE;NONE,NONE;NONE,NONE;PASSENGER CAR,PASSENGER CAR;PASSENGER CAR,PASSENGER CAR;PASSENGER CAR,PASSENGER CAR;PASSENGER CAR,PASSENGER CAR
34990;CARY;NO SPECIAL FEATURE;STRAIGHT,LEVEL;NC ROUTE;TWO-WAY,DIVIDED,POSITIVE MEDIAN BARRIER;SMOOTH ASPHALT;WET;DAYLIGHT;RAIN;FLASHING STOP AND GO SIGNAL;;;-78.872;35.8081;;;0;0;3;;NONE;;NONE;;VAN;SPORT UTILITY;;;;NO;12361;2018-08-02;5:07:53 PM;2018-08-02T21:07:53+00:00;;2018;No;No;8;NONE;NONE,NONE;NONE,NONE;VAN,SPORT UTILITY;VAN,SPORT UTILITY;VAN,SPORT UTILITY;VAN,SPORT UTILITY
46186;CARY;RELATED TO INTERSECTION;STRAIGHT,LEVEL;STATE SECONDARY ROUTE;TWO-WAY,NOT DIVIDED;SMOOTH ASPHALT;DRY;DAYLIGHT;CLEAR;STOP AND GO SIGNAL;;;-78.800384;35.816334;;111;0;0;;;;;NONE;;PICKUP;PICKUP;;;;NO;22558;2020-12-01;6:23:26 PM;2020-12-01T23:23:26+00:00;;2020;No;No;12;;NONE;NONE;PICKUP,PICKUP;PICKUP,PICKUP;PICKUP,PICKUP;PICKUP,PICKUP
34993;.1 MILES FROM P.V.A. 1800 WALNUT ST;NO SPECIAL FEATURE;STRAIGHT,LEVEL;PUBLIC VEHICULAR AREA;TWO-WAY,NOT DIVIDED;SMOOTH ASPHALT;DRY;DAYLIGHT;CLEAR;NO CONTROL PRESENT;;;-78.744281;35.7602;;;0;1;;;;;NONE;;SPORT UTILITY;;;;;NO;12364;2018-08-04;6:12:06 PM;2018-08-04T22:12:06+00:00;;2018;No;Yes;8;;NONE;NONE;SPORT UTILITY;SPORT UTILITY;SPORT UTILITY;SPORT UTILITY
46190;.54 MILES FROM US 1 HWY;NO SPECIAL FEATURE;STRAIGHT,LEVEL;US ROUTE;TWO-WAY,DIVIDED,POSITIVE MEDIAN BARRIER;GROOVED CONCRETE;DRY;DUSK;CLEAR;NO CONTROL PRESENT;;;-78.7534;35.7579;;112;0;0;;;NONE;;NONE;;PASSENGER CAR;;;;;CONSTRUCTION WORK AREA;22562;2020-11-27;8:25:37 AM;2020-11-27T13:25:37+00:00;;2020;No;No;11;NONE;NONE,NONE;NONE,NONE;PASSENGER CAR;PASSENGER CAR;PASSENGER CAR;PASSENGER CAR
34996;50 FEET FROM PVA (750 E CHATHAM ST);NO SPECIAL FEATURE;STRAIGHT,LEVEL;PUBLIC VEHICULAR AREA;TWO-WAY,NOT DIVIDED;SMOOTH ASPHALT;DRY;DAYLIGHT;CLEAR;NO CONTROL PRESENT;;;-78.7648;35.7916;;;0;0;;;NONE;;NONE;;UNKNOWN;PASSENGER CAR;;;;NO;12367;2018-08-05;6:56:40 PM;2018-08-05T22:56:40+00:00;;2018;No;No;8;NONE;NONE,NONE;NONE,NONE;UNKNOWN,PASSENGER CAR;UNKNOWN,PASSENGER CAR;UNKNOWN,PASSENGER CAR;UNKNOWN,PASSENGER CAR
46191;43 FEET FROM SR 1521 (LAKE PINE DR);RELATED TO INTERSECTION;STRAIGHT,GRADE;STATE SECONDARY ROUTE;TWO-WAY,NOT DIVIDED;SMOOTH ASPHALT;DRY;DAYLIGHT;CLEAR;STOP AND GO SIGNAL;;;-78.808522;35.755195;;;0;0;;;NONE;;NONE;;SPORT UTILITY;PICKUP;;;;NO;22563;2020-12-02;10:08 AM;2020-12-02T15:08:00+00:00;;2020;No;No;12;NONE;NONE,NONE;NONE,NONE;SPORT UTILITY,PICKUP;SPORT UTILITY,PICKUP;SPORT UTILITY,PICKUP;SPORT UTILITY,PICKUP
34997;150 FEET FROM PVA OF 225 DOGWOOD TREE LN;NO SPECIAL FEATURE;STRAIGHT,LEVEL;PUBLIC VEHICULAR AREA;TWO-WAY,NOT DIVIDED;SMOOTH ASPHALT;DRY;DAYLIGHT;CLEAR;NO CONTROL PRESENT;;;-78.9006;35.8234;;;0;0;;;NONE;;NONE;;PASSENGER CAR;SPORT UTILITY;;;;NO;12368;2018-08-05;6:02:31 PM;2018-08-05T22:02:31+00:00;;2018;No;No;8;NONE;NONE,NONE;NONE,NONE;PASSENGER CAR,SPORT UTILITY;PASSENGER CAR,SPORT UTILITY;PASSENGER CAR,SPORT UTILITY;PASSENGER CAR,SPORT UTILITY
46196;500 FEET FROM JONES FRANKLIN RD.;NO SPECIAL FEATURE;STRAIGHT,LEVEL;LOCAL STREET;TWO-WAY,NOT DIVIDED;SMOOTH ASPHALT;DRY;DARK - ROADWAY NOT LIGHTED;CLEAR;STOP AND GO SIGNAL;35.747938793;-78.73724946;-78.737858;35.745918;P093;WAKE;0;0;;;NONE;;NONE;;SPORT UTILITY;PASSENGER CAR;;;;NO;22568;2020-12-02;6:31:02 PM;2020-12-02T23:31:02+00:00;35.747938793, -78.73724946;2020;No;No;12;NONE;NONE,NONE;NONE,NONE;SPORT UTILITY,PASSENGER CAR;SPORT UTILITY,PASSENGER CAR;SPORT UTILITY,PASSENGER CAR;SPORT UTILITY,PASSENGER CAR
35001;.1 MILES FROM BUCK JONES RD;NO SPECIAL FEATURE;STRAIGHT,LEVEL;LOCAL STREET;TWO-WAY,NOT DIVIDED;SMOOTH ASPHALT;DRY;DAYLIGHT;CLEAR;NO CONTROL PRESENT;;;-78.7437;35.7646;;;0;0;1;;;;NONE;;SPORT UTILITY;PASSENGER CAR;;;;NO;12372;2018-08-04;2:51:17 PM;2018-08-04T18:51:17+00:00;;2018;No;No;8;;NONE;NONE;SPORT UTILITY,PASSENGER CAR;SPORT UTILITY,PASSENGER CAR;SPORT UTILITY,PASSENGER CAR;SPORT UTILITY,PASSENGER CAR
46202;30 FEET FROM SR3060 (MORRISVILLE PARKWAY);RELATED TO INTERSECTION;STRAIGHT,BOTTOM (SAG);STATE SECONDARY ROUTE;TWO-WAY,NOT DIVIDED;SMOOTH ASPHALT;DRY;DAYLIGHT;CLEAR;STOP AND GO SIGNAL;;;-78.871276;35.803137;;;0;0;;;NONE;;NONE;;PICKUP;SPORT UTILITY;;;;NO;22574;2020-12-02;12:40 PM;2020-12-02T17:40:00+00:00;;2020;No;No;12;NONE;NONE,NONE;NONE,NONE;PICKUP,SPORT UTILITY;PICKUP,SPORT UTILITY;PICKUP,SPORT UTILITY;PICKUP,SPORT UTILITY