tamainid;location_description;rdfeature;rdcharacter;rdclass;rdconfigur;rdsurface;rdcondition;lightcond;weather;trafcontrl;lat;lon;lon2;lat2;tract;zone;fatality;possblinj;numpassengers;numpedestrians;contrcir1_desc;contrcir2_desc;contrcir3_desc;contrcir4_desc;vehicle1;vehicle2;vehicle3;vehicle4;vehicle5;workarea;records;ta_date;ta_time;crash_date;geo_location;year;fatalities;injuries;month;contrfact1;contrfact2;contributing_factor;vehicleconcat1;vehicleconcat2;vehicleconcat3;vehicle_type
47023;50 FEET FROM SR 1300 (KILDAIRE FARM RD);;;;;;;;;;;;;;;112;0;0;;;;;;;PASSENGER CAR;PASSENGER CAR;;;;;23395;2021-03-01;8:56:42 AM;2021-03-01T13:56:42+00:00;;2021;No;No;3;;;;PASSENGER CAR,PASSENGER CAR;PASSENGER CAR,PASSENGER CAR;PASSENGER CAR,PASSENGER CAR;PASSENGER CAR,PASSENGER CAR
35933;70 FEET FROM SR 3977 (CARY PKWY);NO SPECIAL FEATURE;STRAIGHT,LEVEL;STATE SECONDARY ROUTE;TWO-WAY,DIVIDED,UNPROTECTED MEDIAN;SMOOTH ASPHALT;DRY;DAYLIGHT;CLOUDY;NO CONTROL PRESENT;;;-78.769;35.7464;;;0;0;;;NONE;;NONE;;PASSENGER CAR;PASSENGER CAR;;;;NO;13304;2018-10-10;9:27:07 AM;2018-10-10T13:27:07+00:00;;2018;No;No;10;NONE;NONE,NONE;NONE,NONE;PASSENGER CAR,PASSENGER CAR;PASSENGER CAR,PASSENGER CAR;PASSENGER CAR,PASSENGER CAR;PASSENGER CAR,PASSENGER CAR
47025;94 FEET FROM P.V.A. 100 CRESCENT COMMONS DR;NO SPECIAL FEATURE;STRAIGHT,LEVEL;PUBLIC VEHICULAR AREA;TWO-WAY,NOT DIVIDED;SMOOTH ASPHALT;DRY;DAYLIGHT;CLEAR;NO CONTROL PRESENT;;;-78.77926;35.73497;;;0;0;;;NONE;;NONE;;PASSENGER CAR;PASSENGER CAR;;;;NO;23397;2021-03-06;1:38:48 PM;2021-03-06T18:38:48+00:00;;2021;No;No;3;NONE;NONE,NONE;NONE,NONE;PASSENGER CAR,PASSENGER CAR;PASSENGER CAR,PASSENGER CAR;PASSENGER CAR,PASSENGER CAR;PASSENGER CAR,PASSENGER CAR
35938;50 FEET FROM P.V.A (1393 KILDARE FARM RD);NO SPECIAL FEATURE;STRAIGHT,LEVEL;PUBLIC VEHICULAR AREA;TWO-WAY,NOT DIVIDED;SMOOTH ASPHALT;DRY;DAYLIGHT;CLEAR;NO CONTROL PRESENT;;;-78.782049;35.758303;;;0;0;;;;;NONE;;PASSENGER CAR;SPORT UTILITY;;;;NO;13309;2018-10-09;6:01:58 PM;2018-10-09T22:01:58+00:00;;2018;No;No;10;;NONE;NONE;PASSENGER CAR,SPORT UTILITY;PASSENGER CAR,SPORT UTILITY;PASSENGER CAR,SPORT UTILITY;PASSENGER CAR,SPORT UTILITY
47028;300 FEET FROM S.R. 1633 (GOOD HOPE CHURCH RD;BRIDGE;STRAIGHT,LEVEL;STATE SECONDARY ROUTE;TWO-WAY,NOT DIVIDED;COARSE ASPHALT;DRY;DAYLIGHT;CLEAR;NO CONTROL PRESENT;;;-78.876649;35.828618;;;0;0;;;NONE;;NONE;;PASSENGER CAR;;;;;NO;23400;2021-03-07;11:22 AM;2021-03-07T16:22:00+00:00;;2021;No;No;3;NONE;NONE,NONE;NONE,NONE;PASSENGER CAR;PASSENGER CAR;PASSENGER CAR;PASSENGER CAR
35939;.2 MILES FROM TURQUOISE CREEK DR;NO SPECIAL FEATURE;CURVE,LEVEL;LOCAL STREET;TWO-WAY,NOT DIVIDED;SMOOTH ASPHALT;DRY;DAYLIGHT;CLOUDY;NO CONTROL PRESENT;35.801667342;-78.83766385;-78.8384;35.8004;P078;121;0;0;11;;NONE;;NONE;;LIGHT TRUCK (MINI-VAN- PANEL);;;;;NO;13310;2018-10-10;9:59:33 AM;2018-10-10T13:59:33+00:00;35.801667342, -78.83766385;2018;No;No;10;NONE;NONE,NONE;NONE,NONE;LIGHT TRUCK (MINI-VAN- PANEL);LIGHT TRUCK (MINI-VAN- PANEL);LIGHT TRUCK (MINI-VAN- PANEL);LIGHT TRUCK (MINI-VAN- PANEL)
47029;CARY;;;;;;;;;;;;-78.897955;35.822768;;;0;0;;;;;;;;;;;;;23401;2021-02-13;12:00 AM;2021-02-13T05:00:00+00:00;;2021;No;No;2;;;;;;;
35940;35 FEET FROM SR 1613 (DAVIS DR);RELATED TO INTERSECTION;STRAIGHT,LEVEL;STATE SECONDARY ROUTE;TWO-WAY,DIVIDED,UNPROTECTED MEDIAN;SMOOTH ASPHALT;DRY;DAYLIGHT;CLEAR;STOP AND GO SIGNAL;;;-78.847078;35.791347;;121;0;0;2;;NONE;;NONE;;PASSENGER CAR;VAN;;;;NO;13311;2018-10-10;1:09:53 PM;2018-10-10T17:09:53+00:00;;2018;No;No;10;NONE;NONE,NONE;NONE,NONE;PASSENGER CAR,VAN;PASSENGER CAR,VAN;PASSENGER CAR,VAN;PASSENGER CAR,VAN
47030;400 FEET FROM GATEHOUSE DR;NO SPECIAL FEATURE;CURVE,LEVEL;LOCAL STREET;TWO-WAY,NOT DIVIDED;SMOOTH ASPHALT;DRY;DARK - LIGHTED ROADWAY;CLEAR;NO CONTROL PRESENT;35.764737757;-78.8099862;;;P037;115;0;0;;;NONE;;NONE;;PASSENGER CAR;;;;;NO;23402;2021-03-06;11:54 PM;2021-03-07T04:54:00+00:00;35.764737757, -78.8099862;2021;No;No;3;NONE;NONE,NONE;NONE,NONE;PASSENGER CAR;PASSENGER CAR;PASSENGER CAR;PASSENGER CAR
35943;75 FEET FROM SR 1624 (CARPENTER FIRE STATIO;NO SPECIAL FEATURE;STRAIGHT,LEVEL;STATE SECONDARY ROUTE;TWO-WAY,NOT DIVIDED;SMOOTH ASPHALT;WET;DARK - ROADWAY NOT LIGHTED;RAIN;STOP AND GO SIGNAL;35.823230782;-78.87417634;-78.8748;35.8236;P091;WAKE;0;0;;;NONE;;NONE;;SPORT UTILITY;PASSENGER CAR;;;;NO;13314;2018-10-10;8:26:21 PM;2018-10-11T00:26:21+00:00;35.823230782, -78.87417634;2018;No;No;10;NONE;NONE,NONE;NONE,NONE;SPORT UTILITY,PASSENGER CAR;SPORT UTILITY,PASSENGER CAR;SPORT UTILITY,PASSENGER CAR;SPORT UTILITY,PASSENGER CAR
47039;.102 MILES FROM US 64;RELATED TO INTERSECTION;STRAIGHT,LEVEL;US ROUTE;TWO-WAY,DIVIDED,UNPROTECTED MEDIAN;SMOOTH ASPHALT;DRY;DAYLIGHT;CLEAR;STOP AND GO SIGNAL;;;-78.819325;35.743432;;;0;1;;;NONE;;NONE;;PASSENGER CAR;;;;;NO;23411;2021-03-08;12:10 PM;2021-03-08T17:10:00+00:00;;2021;No;Yes;3;NONE;NONE,NONE;NONE,NONE;PASSENGER CAR;PASSENGER CAR;PASSENGER CAR;PASSENGER CAR
35945;25 FEET FROM WALDO ROOD BLVD;NO SPECIAL FEATURE;STRAIGHT,LEVEL;LOCAL STREET;TWO-WAY,NOT DIVIDED;SMOOTH ASPHALT;WET;DAYLIGHT;RAIN;STOP AND GO SIGNAL;35.782303041;-78.84818662;-78.8504;35.7823;P018;117;0;0;;;NONE;;NONE;;PASSENGER CAR;VAN;;;;NO;13316;2018-10-09;4:33:18 PM;2018-10-09T20:33:18+00:00;35.782303041, -78.84818662;2018;No;No;10;NONE;NONE,NONE;NONE,NONE;PASSENGER CAR,VAN;PASSENGER CAR,VAN;PASSENGER CAR,VAN;PASSENGER CAR,VAN
47041;0 FEET FROM PARKSIDE MAIN ST;NO SPECIAL FEATURE;STRAIGHT,LEVEL;LOCAL STREET;TWO-WAY,NOT DIVIDED;SMOOTH ASPHALT;DRY;DAYLIGHT;CLEAR;STOP SIGN;;;-78.887158;35.846653;;119;0;0;;;NONE;;NONE;;SPORT UTILITY;PASSENGER CAR;;;;NO;23413;2021-03-08;3:24:23 PM;2021-03-08T20:24:23+00:00;;2021;No;No;3;NONE;NONE,NONE;NONE,NONE;SPORT UTILITY,PASSENGER CAR;SPORT UTILITY,PASSENGER CAR;SPORT UTILITY,PASSENGER CAR;SPORT UTILITY,PASSENGER CAR
35951;400 FEET FROM MORRISVILLE CARPENTER RD;NO SPECIAL FEATURE;STRAIGHT,LEVEL;LOCAL STREET;TWO-WAY,NOT DIVIDED;SMOOTH ASPHALT;WET;DARK - ROADWAY NOT LIGHTED;RAIN;NO CONTROL PRESENT;;;-78.871089;35.821274;;;0;0;1;;NONE;;NONE;;SPORT UTILITY;PASSENGER CAR;;;;NO;13322;2018-10-10;8:00:09 PM;2018-10-11T00:00:09+00:00;;2018;No;No;10;NONE;NONE,NONE;NONE,NONE;SPORT UTILITY,PASSENGER CAR;SPORT UTILITY,PASSENGER CAR;SPORT UTILITY,PASSENGER CAR;SPORT UTILITY,PASSENGER CAR
47047;.01 MILES FROM P.V.A. 2000 WALNUT ST;NO SPECIAL FEATURE;STRAIGHT,LEVEL;PUBLIC VEHICULAR AREA;TWO-WAY,NOT DIVIDED;SMOOTH ASPHALT;DRY;DAYLIGHT;CLEAR;NO CONTROL PRESENT;;;-78.74234;35.758759;;;0;0;;;NONE;;NONE;;PASSENGER CAR;SPORT UTILITY;;;;NO;23419;2021-03-08;1:43:10 PM;2021-03-08T18:43:10+00:00;;2021;No;No;3;NONE;NONE,NONE;NONE,NONE;PASSENGER CAR,SPORT UTILITY;PASSENGER CAR,SPORT UTILITY;PASSENGER CAR,SPORT UTILITY;PASSENGER CAR,SPORT UTILITY
35957;.10 MILES FROM SR 1300 (KILDAIRE FARM RD);NO SPECIAL FEATURE;STRAIGHT,LEVEL;STATE SECONDARY ROUTE;TWO-WAY,DIVIDED,UNPROTECTED MEDIAN;SMOOTH ASPHALT;WET;DAYLIGHT;RAIN;NO CONTROL PRESENT;;;-78.782863;35.754092;;;0;0;2;;;;DARTING;;SPORT UTILITY;;;;;NO;13328;2018-10-11;6:33:50 PM;2018-10-11T22:33:50+00:00;;2018;No;No;10;;DARTING;DARTING;SPORT UTILITY;SPORT UTILITY;SPORT UTILITY;SPORT UTILITY
47051;CARY;RELATED TO INTERSECTION;STRAIGHT,HILLCREST;LOCAL STREET;TWO-WAY,NOT DIVIDED;SMOOTH ASPHALT;DRY;DAYLIGHT;CLEAR;STOP SIGN;35.79175649;-78.81263716;-78.812635;35.791805;P065;114;0;0;2;;;;NONE;;PASSENGER CAR;PASSENGER CAR;;;;NO;23423;2021-03-06;5:28:37 PM;2021-03-06T22:28:37+00:00;35.79175649, -78.81263716;2021;No;No;3;;NONE;NONE;PASSENGER CAR,PASSENGER CAR;PASSENGER CAR,PASSENGER CAR;PASSENGER CAR,PASSENGER CAR;PASSENGER CAR,PASSENGER CAR
35968;264 FEET FROM P.V.A. (2021 WALNUT ST);DRIVEWAY, PUBLIC;STRAIGHT,LEVEL;PUBLIC VEHICULAR AREA;TWO-WAY,NOT DIVIDED;SMOOTH ASPHALT;DRY;DAYLIGHT;CLEAR;NO CONTROL PRESENT;;;-78.738605;35.758099;;;0;0;;;NONE;;NONE;;UNKNOWN;PASSENGER CAR;;;;NO;13339;2018-10-13;4:51:31 PM;2018-10-13T20:51:31+00:00;;2018;No;No;10;NONE;NONE,NONE;NONE,NONE;UNKNOWN,PASSENGER CAR;UNKNOWN,PASSENGER CAR;UNKNOWN,PASSENGER CAR;UNKNOWN,PASSENGER CAR
47058;0.2 MILES FROM S.R. 1315 (BUCK JONES RD);NO SPECIAL FEATURE;STRAIGHT,LEVEL;STATE SECONDARY ROUTE;TWO-WAY,NOT DIVIDED;SMOOTH ASPHALT;DRY;DAYLIGHT;CLEAR;NO CONTROL PRESENT;;;-78.74381;35.764522;;;0;0;1;;NONE;;NONE;;PASSENGER CAR;PASSENGER CAR;;;;NO;23430;2021-03-10;5:50:38 PM;2021-03-10T22:50:38+00:00;;2021;No;No;3;NONE;NONE,NONE;NONE,NONE;PASSENGER CAR,PASSENGER CAR;PASSENGER CAR,PASSENGER CAR;PASSENGER CAR,PASSENGER CAR;PASSENGER CAR,PASSENGER CAR
35970;.25 MILES FROM CROSSROADS BLVD;NO SPECIAL FEATURE;STRAIGHT,LEVEL;LOCAL STREET;TWO-WAY,NOT DIVIDED;SMOOTH ASPHALT;WET;DAYLIGHT;RAIN;NO CONTROL PRESENT;;;-78.732155;35.755983;;;0;0;;;NONE;;NONE;;SPORT UTILITY;PASSENGER CAR;;;;NO;13341;2018-10-11;2:25:27 AM;2018-10-11T06:25:27+00:00;;2018;No;No;10;NONE;NONE,NONE;NONE,NONE;SPORT UTILITY,PASSENGER CAR;SPORT UTILITY,PASSENGER CAR;SPORT UTILITY,PASSENGER CAR;SPORT UTILITY,PASSENGER CAR
47059;20 FEET FROM US 64 HWY W;NO SPECIAL FEATURE;STRAIGHT,LEVEL;US ROUTE;TWO-WAY,DIVIDED,POSITIVE MEDIAN BARRIER;CONCRETE;DRY;DARK - ROADWAY NOT LIGHTED;CLEAR;NO CONTROL PRESENT;35.741539558;-78.80970624;-78.809929;35.741671;P041;116;0;0;1;;NONE;;DARTING;DARTING;PASSENGER CAR;;;;;NO;23431;2021-03-09;6:33:30 PM;2021-03-09T23:33:30+00:00;35.741539558, -78.80970624;2021;No;No;3;NONE;NONE,DARTING;NONE,DARTING,DARTING;PASSENGER CAR;PASSENGER CAR;PASSENGER CAR;PASSENGER CAR
35971;.5 MILES FROM US 1;NO SPECIAL FEATURE;STRAIGHT,LEVEL;US ROUTE;TWO-WAY,DIVIDED,POSITIVE MEDIAN BARRIER;CONCRETE;DRY;DAYLIGHT;CLEAR;NO CONTROL PRESENT;;;-78.7816;35.7435;;;0;0;;;NONE;;NONE;;PASSENGER CAR;PASSENGER CAR;;;;NO;13342;2018-10-12;4:31:47 PM;2018-10-12T20:31:47+00:00;;2018;No;No;10;NONE;NONE,NONE;NONE,NONE;PASSENGER CAR,PASSENGER CAR;PASSENGER CAR,PASSENGER CAR;PASSENGER CAR,PASSENGER CAR;PASSENGER CAR,PASSENGER CAR
47063;400 FEET FROM NC 55 HWY;NO SPECIAL FEATURE;STRAIGHT,LEVEL;NC ROUTE;TWO-WAY,DIVIDED,UNPROTECTED MEDIAN;SMOOTH ASPHALT;DRY;DAYLIGHT;CLEAR;STOP AND GO SIGNAL;;;-78.8745;35.8244;;;0;0;;;NONE;;NONE;;PASSENGER CAR;PASSENGER CAR;;;;NO;23435;2021-03-11;1:52:57 PM;2021-03-11T18:52:57+00:00;;2021;No;No;3;NONE;NONE,NONE;NONE,NONE;PASSENGER CAR,PASSENGER CAR;PASSENGER CAR,PASSENGER CAR;PASSENGER CAR,PASSENGER CAR;PASSENGER CAR,PASSENGER CAR
35978;20 FEET FROM HIGH MEADOW DR;RELATED TO INTERSECTION;STRAIGHT,GRADE;LOCAL STREET;TWO-WAY,DIVIDED,UNPROTECTED MEDIAN;SMOOTH ASPHALT;DRY;DAYLIGHT;CLEAR;FLASHING STOP AND GO SIGNAL;;;-78.783638;35.761779;;;0;0;;;;;NONE;;PASSENGER CAR;PASSENGER CAR;;;;NO;13349;2018-10-12;4:00:54 PM;2018-10-12T20:00:54+00:00;;2018;No;No;10;;NONE;NONE;PASSENGER CAR,PASSENGER CAR;PASSENGER CAR,PASSENGER CAR;PASSENGER CAR,PASSENGER CAR;PASSENGER CAR,PASSENGER CAR
47064;203 FEET FROM P.V.A. (4248 NW CARY PKWY);NO SPECIAL FEATURE;STRAIGHT,LEVEL;PUBLIC VEHICULAR AREA;TWO-WAY,NOT DIVIDED;SMOOTH ASPHALT;DRY;DAYLIGHT;CLEAR;NO CONTROL PRESENT;;;-78.8274;35.7905;;;0;0;;;NONE;;NONE;;PASSENGER CAR;SPORT UTILITY;;;;NO;23436;2021-03-11;5:44:52 PM;2021-03-11T22:44:52+00:00;;2021;No;No;3;NONE;NONE,NONE;NONE,NONE;PASSENGER CAR,SPORT UTILITY;PASSENGER CAR,SPORT UTILITY;PASSENGER CAR,SPORT UTILITY;PASSENGER CAR,SPORT UTILITY
35985;CARY;FOUR-WAY INTERSECTION;STRAIGHT,LEVEL;STATE SECONDARY ROUTE;TWO-WAY,DIVIDED,POSITIVE MEDIAN BARRIER;SMOOTH ASPHALT;DRY;DAYLIGHT;CLEAR;STOP AND GO SIGNAL;;;-78.764041;35.772458;;;0;0;1;;NONE;;NONE;;PASSENGER CAR;PASSENGER CAR;;;;NO;13356;2018-10-12;4:02:40 PM;2018-10-12T20:02:40+00:00;;2018;No;No;10;NONE;NONE,NONE;NONE,NONE;PASSENGER CAR,PASSENGER CAR;PASSENGER CAR,PASSENGER CAR;PASSENGER CAR,PASSENGER CAR;PASSENGER CAR,PASSENGER CAR
47071;0 FEET FROM SR 1616 (OLD APEX RD);T-INTERSECTION;STRAIGHT,LEVEL;STATE SECONDARY ROUTE;TWO-WAY,NOT DIVIDED;SMOOTH ASPHALT;DRY;DAYLIGHT;CLEAR;NO CONTROL PRESENT;;;-78.7961;35.7862;;114;0;2;;;NONE;;NONE;;SPORT UTILITY;PICKUP;;;;NO;23443;2021-03-05;5:40:46 PM;2021-03-05T22:40:46+00:00;;2021;No;Yes;3;NONE;NONE,NONE;NONE,NONE;SPORT UTILITY,PICKUP;SPORT UTILITY,PICKUP;SPORT UTILITY,PICKUP;SPORT UTILITY,PICKUP
35992;400 FEET FROM SR 1497 (CARY TOWNE BLVD);NO SPECIAL FEATURE;STRAIGHT,LEVEL;STATE SECONDARY ROUTE;TWO-WAY,DIVIDED,UNPROTECTED MEDIAN;SMOOTH ASPHALT;DRY;DARK - LIGHTED ROADWAY;CLEAR;NO CONTROL PRESENT;;;-78.754188;35.77846;;;0;0;3;;NONE;;NONE;;PASSENGER CAR;;;;;NO;13363;2018-10-13;10:01 PM;2018-10-14T02:01:00+00:00;;2018;No;No;10;NONE;NONE,NONE;NONE,NONE;PASSENGER CAR;PASSENGER CAR;PASSENGER CAR;PASSENGER CAR
36000;.22 MILES FROM US 1 HWY;;STRAIGHT,LEVEL;US ROUTE;TWO-WAY,DIVIDED,POSITIVE MEDIAN BARRIER;GROOVED CONCRETE;DRY;DAYLIGHT;CLEAR;NO CONTROL PRESENT;;;-78.767983;35.750811;;;0;1;2;;;;NONE;;VAN;SPORT UTILITY;;;;NO;13371;2018-10-12;4:39:51 PM;2018-10-12T20:39:51+00:00;;2018;No;Yes;10;;NONE;NONE;VAN,SPORT UTILITY;VAN,SPORT UTILITY;VAN,SPORT UTILITY;VAN,SPORT UTILITY
36003;300 FEET FROM RISE DR (3100 BLOCK);NO SPECIAL FEATURE;STRAIGHT,LEVEL;LOCAL STREET;TWO-WAY,NOT DIVIDED;COARSE ASPHALT;DRY;DAYLIGHT;CLEAR;NO CONTROL PRESENT;;;-78.82112;35.815557;;;0;0;;;NONE;;NONE;;SPORT UTILITY;;;;;NO;13374;2018-10-15;8:59:41 AM;2018-10-15T12:59:41+00:00;;2018;No;No;10;NONE;NONE,NONE;NONE,NONE;SPORT UTILITY;SPORT UTILITY;SPORT UTILITY;SPORT UTILITY
36004;0.19 MILES FROM NC 55 HWY;NO SPECIAL FEATURE;STRAIGHT,LEVEL;NC ROUTE;TWO-WAY,DIVIDED,UNPROTECTED MEDIAN;SMOOTH ASPHALT;DRY;DAYLIGHT;CLEAR;NO CONTROL PRESENT;;;-78.8839;35.8377;;;0;0;;;NONE;;NONE;;PASSENGER CAR;PASSENGER CAR;;;;NO;13375;2018-10-15;8:58:40 AM;2018-10-15T12:58:40+00:00;;2018;No;No;10;NONE;NONE,NONE;NONE,NONE;PASSENGER CAR,PASSENGER CAR;PASSENGER CAR,PASSENGER CAR;PASSENGER CAR,PASSENGER CAR;PASSENGER CAR,PASSENGER CAR
36005;CARY;RELATED TO INTERSECTION;STRAIGHT,LEVEL;STATE SECONDARY ROUTE;TWO-WAY,DIVIDED,UNPROTECTED MEDIAN;SMOOTH ASPHALT;DRY;DAWN;CLEAR;STOP AND GO SIGNAL;;;-78.76407;35.772031;;;0;0;2;;NONE;;NONE;;SPORT UTILITY;PASSENGER CAR;;;;NO;13376;2018-10-15;6:44:51 AM;2018-10-15T10:44:51+00:00;;2018;No;No;10;NONE;NONE,NONE;NONE,NONE;SPORT UTILITY,PASSENGER CAR;SPORT UTILITY,PASSENGER CAR;SPORT UTILITY,PASSENGER CAR;SPORT UTILITY,PASSENGER CAR
36016;326 FEET FROM CAITBOO AVE;T-INTERSECTION;STRAIGHT,LEVEL;LOCAL STREET;TWO-WAY,NOT DIVIDED;COARSE ASPHALT;DRY;DAYLIGHT;CLEAR;STOP SIGN;35.759541366;-78.74137283;-78.7416;35.7606;P120;118;0;0;;;;;NONE;;PASSENGER CAR;PASSENGER CAR;;;;NO;13387;2018-10-15;5:22:29 PM;2018-10-15T21:22:29+00:00;35.759541366, -78.74137283;2018;No;No;10;;NONE;NONE;PASSENGER CAR,PASSENGER CAR;PASSENGER CAR,PASSENGER CAR;PASSENGER CAR,PASSENGER CAR;PASSENGER CAR,PASSENGER CAR
36022;0 FEET FROM SR 1300 (KILDAIRE FARM RD);FOUR-WAY INTERSECTION;STRAIGHT,LEVEL;STATE SECONDARY ROUTE;TWO-WAY,NOT DIVIDED;SMOOTH ASPHALT;WET;DARK - LIGHTED ROADWAY;CLOUDY;STOP AND GO SIGNAL;;;-78.7816;35.775;;;0;0;1;;NONE;;NONE;;LIGHT TRUCK (MINI-VAN- PANEL);PASSENGER CAR;;;;NO;13393;2018-10-11;7:40:14 PM;2018-10-11T23:40:14+00:00;;2018;No;No;10;NONE;NONE,NONE;NONE,NONE;LIGHT TRUCK (MINI-VAN- PANEL),PASSENGER CAR;LIGHT TRUCK (MINI-VAN- PANEL),PASSENGER CAR;LIGHT TRUCK (MINI-VAN- PANEL),PASSENGER CAR;LIGHT TRUCK (MINI-VAN- PANEL),PASSENGER CAR
36023;.9 MILES FROM US 1;NO SPECIAL FEATURE;STRAIGHT,LEVEL;US ROUTE;TWO-WAY,DIVIDED,POSITIVE MEDIAN BARRIER;SMOOTH ASPHALT;DRY;DAYLIGHT;CLEAR;NO CONTROL PRESENT;;;-78.7481;35.7603;;112;0;1;;;;;NONE;;PASSENGER CAR;PASSENGER CAR;;;;NO;13394;2018-10-16;8:00:35 AM;2018-10-16T12:00:35+00:00;;2018;No;Yes;10;;NONE;NONE;PASSENGER CAR,PASSENGER CAR;PASSENGER CAR,PASSENGER CAR;PASSENGER CAR,PASSENGER CAR;PASSENGER CAR,PASSENGER CAR
36026;.3 MILES FROM US 1;NO SPECIAL FEATURE;STRAIGHT,LEVEL;US ROUTE;TWO-WAY,DIVIDED,POSITIVE MEDIAN BARRIER;SMOOTH ASPHALT;WET;DAYLIGHT;RAIN;NO CONTROL PRESENT;;;-78.7522;35.7587;;116;0;1;1;;;;NONE;;PICKUP;PASSENGER CAR;PASSENGER CAR;VAN;;NO;13397;2018-10-05;4:50:51 PM;2018-10-05T20:50:51+00:00;;2018;No;Yes;10;;NONE;NONE;PICKUP,PASSENGER CAR;PICKUP,PASSENGER CAR,PASSENGER CAR;PICKUP,PASSENGER CAR,PASSENGER CAR,VAN;PICKUP,PASSENGER CAR,PASSENGER CAR,VAN
36030;CARY;RELATED TO INTERSECTION;STRAIGHT,LEVEL;STATE SECONDARY ROUTE;TWO-WAY,DIVIDED,UNPROTECTED MEDIAN;SMOOTH ASPHALT;WET;DARK - LIGHTED ROADWAY;RAIN;FLASHING STOP AND GO SIGNAL;;;-78.748618;35.76378;;;0;0;2;;;;NONE;;SPORT UTILITY;PASSENGER CAR;;;;NO;13401;2018-10-16;8:26:17 PM;2018-10-17T00:26:17+00:00;;2018;No;No;10;;NONE;NONE;SPORT UTILITY,PASSENGER CAR;SPORT UTILITY,PASSENGER CAR;SPORT UTILITY,PASSENGER CAR;SPORT UTILITY,PASSENGER CAR
36037;200 FEET FROM NORMANDY ST;DRIVEWAY, PRIVATE;STRAIGHT,HILLCREST;LOCAL STREET;TWO-WAY,NOT DIVIDED;COARSE ASPHALT;DRY;DAYLIGHT;CLEAR;NO CONTROL PRESENT;35.776109267;-78.7921328;-78.79357;35.7764266;P036;114;0;0;4;;NONE;;NONE;;VAN;PASSENGER CAR;;;;NO;13408;2018-10-12;12:22 PM;2018-10-12T16:22:00+00:00;35.776109267, -78.7921328;2018;No;No;10;NONE;NONE,NONE;NONE,NONE;VAN,PASSENGER CAR;VAN,PASSENGER CAR;VAN,PASSENGER CAR;VAN,PASSENGER CAR
36039;220 FEET FROM SR1625 (GREEN LEVEL CHURCH RD);NO SPECIAL FEATURE;STRAIGHT,GRADE;STATE SECONDARY ROUTE;TWO-WAY,DIVIDED,UNPROTECTED MEDIAN;SMOOTH ASPHALT;DRY;DARK - LIGHTED ROADWAY;CLEAR;NO CONTROL PRESENT;;;-78.9011;35.8279;;;0;0;;;NONE;;NONE;;PICKUP;;;;;NO;13410;2018-10-17;11:22 PM;2018-10-18T03:22:00+00:00;;2018;No;No;10;NONE;NONE,NONE;NONE,NONE;PICKUP;PICKUP;PICKUP;PICKUP
36042;20 FEET FROM WALDO ROOD BLVD;NO SPECIAL FEATURE;STRAIGHT,LEVEL;LOCAL STREET;TWO-WAY,NOT DIVIDED;SMOOTH ASPHALT;DRY;DAYLIGHT;CLEAR;STOP SIGN;35.783127757;-78.85196255;-78.854;35.7842;P014;117;0;0;;;NONE;;NONE;;SPORT UTILITY;PASSENGER CAR;;;;NO;13413;2018-10-17;5:37:30 PM;2018-10-17T21:37:30+00:00;35.783127757, -78.85196255;2018;No;No;10;NONE;NONE,NONE;NONE,NONE;SPORT UTILITY,PASSENGER CAR;SPORT UTILITY,PASSENGER CAR;SPORT UTILITY,PASSENGER CAR;SPORT UTILITY,PASSENGER CAR
36048;.05 MILES FROM SR 1010 (TEN TEN RD);NO SPECIAL FEATURE;CURVE,LEVEL;STATE SECONDARY ROUTE;TWO-WAY,NOT DIVIDED;SMOOTH ASPHALT;DRY;DARK - ROADWAY NOT LIGHTED;CLEAR;NO CONTROL PRESENT;;;-78.7604;35.6906;;;1;0;;;NONE;;NONE;;SPORT UTILITY;;;;;NO;13419;2018-10-08;10:29 AM;2018-10-08T14:29:00+00:00;;2018;Yes;No;10;NONE;NONE,NONE;NONE,NONE;SPORT UTILITY;SPORT UTILITY;SPORT UTILITY;SPORT UTILITY
36049;0 FEET FROM NC 55 HWY;T-INTERSECTION;STRAIGHT,LEVEL;NC ROUTE;TWO-WAY,DIVIDED,UNPROTECTED MEDIAN;SMOOTH ASPHALT;DRY;DAYLIGHT;CLEAR;NO CONTROL PRESENT;35.833012657;-78.880246;-78.8803;35.833;P091;WAKE;0;1;;;NONE;;NONE;;SPORT UTILITY;PASSENGER CAR;;;;NO;13420;2018-10-17;5:44:48 PM;2018-10-17T21:44:48+00:00;35.833012657, -78.880246;2018;No;Yes;10;NONE;NONE,NONE;NONE,NONE;SPORT UTILITY,PASSENGER CAR;SPORT UTILITY,PASSENGER CAR;SPORT UTILITY,PASSENGER CAR;SPORT UTILITY,PASSENGER CAR
36055;100 FEET FROM SR 4067 (REGENCY PKWY);NO SPECIAL FEATURE;STRAIGHT,LEVEL;STATE SECONDARY ROUTE;TWO-WAY,DIVIDED,UNPROTECTED MEDIAN;SMOOTH ASPHALT;DRY;DARK - ROADWAY NOT LIGHTED;CLEAR;NO CONTROL PRESENT;;;-78.792096;35.728425;;116;0;0;;;NONE;;NONE;;PASSENGER CAR;;;;;NO;13426;2018-10-18;3:46:00 AM;2018-10-18T07:46:00+00:00;;2018;No;No;10;NONE;NONE,NONE;NONE,NONE;PASSENGER CAR;PASSENGER CAR;PASSENGER CAR;PASSENGER CAR