tamainid;location_description;rdfeature;rdcharacter;rdclass;rdconfigur;rdsurface;rdcondition;lightcond;weather;trafcontrl;lat;lon;lon2;lat2;tract;zone;fatality;possblinj;numpassengers;numpedestrians;contrcir1_desc;contrcir2_desc;contrcir3_desc;contrcir4_desc;vehicle1;vehicle2;vehicle3;vehicle4;vehicle5;workarea;records;ta_date;ta_time;crash_date;geo_location;year;fatalities;injuries;month;contrfact1;contrfact2;contributing_factor;vehicleconcat1;vehicleconcat2;vehicleconcat3;vehicle_type
36290;185 FEET FROM 1803 N HARRISON AV (PVA);NO SPECIAL FEATURE;STRAIGHT,LEVEL;PUBLIC VEHICULAR AREA;TWO-WAY,NOT DIVIDED;SMOOTH ASPHALT;DRY;DAYLIGHT;CLOUDY;NO CONTROL PRESENT;;;-78.77;35.8292;;;0;1;;;;;NONE;;PASSENGER CAR;PICKUP;;;;NO;13661;2018-11-01;1:56:55 PM;2018-11-01T17:56:55+00:00;;2018;No;Yes;11;;NONE;NONE;PASSENGER CAR,PICKUP;PASSENGER CAR,PICKUP;PASSENGER CAR,PICKUP;PASSENGER CAR,PICKUP
36291;50 FEET FROM SR1652(N HARRISON AVE);NO SPECIAL FEATURE;STRAIGHT,LEVEL;STATE SECONDARY ROUTE;TWO-WAY,NOT DIVIDED;COARSE ASPHALT;DRY;DAYLIGHT;CLEAR;NO CONTROL PRESENT;;;-78.78;35.79;;;0;0;;;NONE;;NONE;;PASSENGER CAR;PASSENGER CAR;;;;NO;13662;2018-10-30;2:52:38 PM;2018-10-30T18:52:38+00:00;;2018;No;No;10;NONE;NONE,NONE;NONE,NONE;PASSENGER CAR,PASSENGER CAR;PASSENGER CAR,PASSENGER CAR;PASSENGER CAR,PASSENGER CAR;PASSENGER CAR,PASSENGER CAR
36309;CARY;FOUR-WAY INTERSECTION;STRAIGHT,LEVEL;STATE SECONDARY ROUTE;TWO-WAY,NOT DIVIDED;SMOOTH ASPHALT;WET;DAWN;CLEAR;STOP AND GO SIGNAL;;;-78.772235;35.69518;;;0;0;1;;NONE;;NONE;;PICKUP;PASSENGER CAR;;;;NO;13680;2018-11-02;12:10 PM;2018-11-02T16:10:00+00:00;;2018;No;No;11;NONE;NONE,NONE;NONE,NONE;PICKUP,PASSENGER CAR;PICKUP,PASSENGER CAR;PICKUP,PASSENGER CAR;PICKUP,PASSENGER CAR
37303;.1 MILES FROM US 1;;;;;;;;;;;;-78.749091;35.763563;;;0;0;;;;;;;;;;;;;13681;2018-10-26;1:04:10 PM;2018-10-26T17:04:10+00:00;;2018;No;No;10;;;;;;;
37304;.1 MILES FROM SR 1307 (W CHATHAM ST);NO SPECIAL FEATURE;STRAIGHT,LEVEL;STATE SECONDARY ROUTE;TWO-WAY,DIVIDED,UNPROTECTED MEDIAN;SMOOTH ASPHALT;WET;DARK - LIGHTED ROADWAY;CLEAR;NO CONTROL PRESENT;35.788168796;-78.8462128;-78.7844;35.7873;P018;117;0;0;1;;NONE;;NONE;;PASSENGER CAR;PASSENGER CAR;;;;NO;13682;2018-11-01;10:12 PM;2018-11-02T02:12:00+00:00;35.788168796, -78.8462128;2018;No;No;11;NONE;NONE,NONE;NONE,NONE;PASSENGER CAR,PASSENGER CAR;PASSENGER CAR,PASSENGER CAR;PASSENGER CAR,PASSENGER CAR;PASSENGER CAR,PASSENGER CAR
37320;100 FEET FROM S.R. 1653 (EVANS RD);NO SPECIAL FEATURE;STRAIGHT,LEVEL;STATE SECONDARY ROUTE;TWO-WAY,NOT DIVIDED;SMOOTH ASPHALT;DRY;DAYLIGHT;CLEAR;NO CONTROL PRESENT;;;-78.7966;35.8143;;;0;0;1;;;;NONE;;PASSENGER CAR;PASSENGER CAR;;;;NO;13698;2018-11-03;10:31 AM;2018-11-03T14:31:00+00:00;;2018;No;No;11;;NONE;NONE;PASSENGER CAR,PASSENGER CAR;PASSENGER CAR,PASSENGER CAR;PASSENGER CAR,PASSENGER CAR;PASSENGER CAR,PASSENGER CAR
37322;300 FEET FROM CROSSROADS BLVD;FOUR-WAY INTERSECTION;STRAIGHT,LEVEL;LOCAL STREET;TWO-WAY,NOT DIVIDED;COARSE ASPHALT;DRY;DAYLIGHT;CLEAR;FLASHING STOP AND GO SIGNAL;;;-78.736039;35.760301;;;0;2;;;NONE;;NONE;;PASSENGER CAR;PASSENGER CAR;;;;NO;13700;2018-11-04;4:10:08 PM;2018-11-04T21:10:08+00:00;;2018;No;Yes;11;NONE;NONE,NONE;NONE,NONE;PASSENGER CAR,PASSENGER CAR;PASSENGER CAR,PASSENGER CAR;PASSENGER CAR,PASSENGER CAR;PASSENGER CAR,PASSENGER CAR
37323;1 MILES FROM BUCK JONES RD;RELATED TO INTERSECTION;STRAIGHT,LEVEL;STATE SECONDARY ROUTE;TWO-WAY,DIVIDED,UNPROTECTED MEDIAN;SMOOTH ASPHALT;DRY;DARK - LIGHTED ROADWAY;CLEAR;STOP SIGN;35.767659125;-78.74094236;-78.740939;35.767699;P083;112;0;0;;;NONE;;NONE;;PASSENGER CAR;PASSENGER CAR;;;;NO;13701;2018-11-03;6:47:53 PM;2018-11-03T22:47:53+00:00;35.767659125, -78.74094236;2018;No;No;11;NONE;NONE,NONE;NONE,NONE;PASSENGER CAR,PASSENGER CAR;PASSENGER CAR,PASSENGER CAR;PASSENGER CAR,PASSENGER CAR;PASSENGER CAR,PASSENGER CAR
37325;300 FEET FROM S. HARRISON AVE;DRIVEWAY, PRIVATE;STRAIGHT,GRADE;LOCAL STREET;TWO-WAY,NOT DIVIDED;SMOOTH ASPHALT;DRY;DARK - LIGHTED ROADWAY;CLEAR;NO CONTROL PRESENT;;;-78.783268;35.782162;;;0;0;;;NONE;;NONE;;PASSENGER CAR;PASSENGER CAR;;;;NO;13703;2018-11-03;8:06:37 PM;2018-11-04T00:06:37+00:00;;2018;No;No;11;NONE;NONE,NONE;NONE,NONE;PASSENGER CAR,PASSENGER CAR;PASSENGER CAR,PASSENGER CAR;PASSENGER CAR,PASSENGER CAR;PASSENGER CAR,PASSENGER CAR
37326;10 FEET FROM P.V.A. 700 MAROUBRA LOOP;NO SPECIAL FEATURE;STRAIGHT,GRADE;PUBLIC VEHICULAR AREA;TWO-WAY,NOT DIVIDED;COARSE ASPHALT;DRY;DAYLIGHT;CLEAR;NO CONTROL PRESENT;;;-78.806508;35.772291;;117;0;0;;;;;NONE;;UNKNOWN;PASSENGER CAR;;;;NO;13704;2018-11-04;11:05 AM;2018-11-04T16:05:00+00:00;;2018;No;No;11;;NONE;NONE;UNKNOWN,PASSENGER CAR;UNKNOWN,PASSENGER CAR;UNKNOWN,PASSENGER CAR;UNKNOWN,PASSENGER CAR
37335;2 MILES FROM US HWY 1;NO SPECIAL FEATURE;STRAIGHT,LEVEL;US ROUTE;TWO-WAY,DIVIDED,POSITIVE MEDIAN BARRIER;GROOVED CONCRETE;DRY;DARK - LIGHTED ROADWAY;CLEAR;NO CONTROL PRESENT;;;-78.74;35.7646;;;0;0;1;;;;NONE;;SPORT UTILITY;;;;;NO;13713;2018-11-03;8:44:21 PM;2018-11-04T00:44:21+00:00;;2018;No;No;11;;NONE;NONE;SPORT UTILITY;SPORT UTILITY;SPORT UTILITY;SPORT UTILITY
37339;200 FEET FROM ( PVA ) 1111 SE MAYNARD RD;DRIVEWAY, PUBLIC;STRAIGHT,LEVEL;PUBLIC VEHICULAR AREA;ONE-WAY,NOT DIVIDED;SMOOTH ASPHALT;DRY;DAYLIGHT;CLOUDY;NO CONTROL PRESENT;;;-78.7642;35.780684;;;0;0;;;NONE;;NONE;;PASSENGER CAR;;;;;NO;13717;2018-11-02;10:21 AM;2018-11-02T14:21:00+00:00;;2018;No;No;11;NONE;NONE,NONE;NONE,NONE;PASSENGER CAR;PASSENGER CAR;PASSENGER CAR;PASSENGER CAR
37342;CARY;NO SPECIAL FEATURE;STRAIGHT,LEVEL;STATE SECONDARY ROUTE;TWO-WAY,DIVIDED,UNPROTECTED MEDIAN;SMOOTH ASPHALT;DRY;DARK - LIGHTED ROADWAY;CLEAR;FLASHING SIGNAL WITH STOP SIGN;;;-78.90232;35.818768;;;0;0;;;NONE;;NONE;;SPORT UTILITY;VAN;;;;NO;13720;2018-11-04;4:40:49 AM;2018-11-04T09:40:49+00:00;;2018;No;No;11;NONE;NONE,NONE;NONE,NONE;SPORT UTILITY,VAN;SPORT UTILITY,VAN;SPORT UTILITY,VAN;SPORT UTILITY,VAN
37345;.193 MILES FROM US 1;NO SPECIAL FEATURE;STRAIGHT,LEVEL;US ROUTE;TWO-WAY,DIVIDED,POSITIVE MEDIAN BARRIER;CONCRETE;WET;DAYLIGHT;RAIN;NO CONTROL PRESENT;;;-78.748173;35.760778;;;0;1;1;;NONE;;NONE;;PASSENGER CAR;PASSENGER CAR;;;;NO;13723;2018-11-05;6:39:11 AM;2018-11-05T11:39:11+00:00;;2018;No;Yes;11;NONE;NONE,NONE;NONE,NONE;PASSENGER CAR,PASSENGER CAR;PASSENGER CAR,PASSENGER CAR;PASSENGER CAR,PASSENGER CAR;PASSENGER CAR,PASSENGER CAR
37346;100 FEET FROM PVA 103 SPRINGSET DR;NO SPECIAL FEATURE;STRAIGHT,LEVEL;PUBLIC VEHICULAR AREA;TWO-WAY,NOT DIVIDED;SMOOTH ASPHALT;DRY;DAYLIGHT;CLEAR;NO CONTROL PRESENT;;;-78.7739;35.8025;;;0;0;;;;;NONE;;PASSENGER CAR;PASSENGER CAR;;;;NO;13724;2018-11-04;5:47:15 AM;2018-11-04T10:47:15+00:00;;2018;No;No;11;;NONE;NONE;PASSENGER CAR,PASSENGER CAR;PASSENGER CAR,PASSENGER CAR;PASSENGER CAR,PASSENGER CAR;PASSENGER CAR,PASSENGER CAR
37351;150 FEET FROM US 1 SB;NO SPECIAL FEATURE;STRAIGHT,GRADE;US ROUTE;TWO-WAY,DIVIDED,POSITIVE MEDIAN BARRIER;SMOOTH ASPHALT;WET;DAYLIGHT;RAIN;NO CONTROL PRESENT;;;-78.7454;35.7621;;;0;0;;;NONE;;NONE;;SPORT UTILITY;SINGLE UNIT TRUCK (2-AXLE- 6-TIRE);;;;NO;13729;2018-11-05;6:56:36 AM;2018-11-05T11:56:36+00:00;;2018;No;No;11;NONE;NONE,NONE;NONE,NONE;SPORT UTILITY,SINGLE UNIT TRUCK (2-AXLE- 6-TIRE);SPORT UTILITY,SINGLE UNIT TRUCK (2-AXLE- 6-TIRE);SPORT UTILITY,SINGLE UNIT TRUCK (2-AXLE- 6-TIRE);SPORT UTILITY,SINGLE UNIT TRUCK (2-AXLE- 6-TIRE)
37373;300 FEET FROM 6903 CARPENTER FIRE STATON RD;NO SPECIAL FEATURE;STRAIGHT,LEVEL;PUBLIC VEHICULAR AREA;TWO-WAY,NOT DIVIDED;SMOOTH ASPHALT;DRY;DAYLIGHT;CLEAR;NO CONTROL PRESENT;;;-78.8766;35.8233;;;0;0;;;NONE;;NONE;;PICKUP;PASSENGER CAR;;;;NO;13751;2018-11-07;7:10:04 AM;2018-11-07T12:10:04+00:00;;2018;No;No;11;NONE;NONE,NONE;NONE,NONE;PICKUP,PASSENGER CAR;PICKUP,PASSENGER CAR;PICKUP,PASSENGER CAR;PICKUP,PASSENGER CAR
37382;30 FEET FROM SR 3081 (CHAPEL HILL RD);NO SPECIAL FEATURE;CURVE,GRADE;STATE SECONDARY ROUTE;TWO-WAY,NOT DIVIDED;SMOOTH ASPHALT;WET;DARK - LIGHTED ROADWAY;CLOUDY;NO CONTROL PRESENT;35.792208478;-78.78676918;-78.7866;35.7922;P025;111;0;0;;;NONE;;NONE;;PASSENGER CAR;;;;;NO;13760;2018-11-07;2:16:31 AM;2018-11-07T07:16:31+00:00;35.792208478, -78.78676918;2018;No;No;11;NONE;NONE,NONE;NONE,NONE;PASSENGER CAR;PASSENGER CAR;PASSENGER CAR;PASSENGER CAR
37386;CARY;ALLEY INTERSECTION;CURVE,LEVEL;NC ROUTE;TWO-WAY,NOT DIVIDED;SMOOTH ASPHALT;DRY;DAYLIGHT;CLEAR;STOP SIGN;;;-78.805;35.8039;;111;0;1;;;NONE;;NONE;;PICKUP;PASSENGER CAR;;;;NO;13764;2018-11-07;9:29:00 PM;2018-11-08T02:29:00+00:00;;2018;No;Yes;11;NONE;NONE,NONE;NONE,NONE;PICKUP,PASSENGER CAR;PICKUP,PASSENGER CAR;PICKUP,PASSENGER CAR;PICKUP,PASSENGER CAR
37394;50 FEET FROM US 64;NO SPECIAL FEATURE;STRAIGHT,LEVEL;US ROUTE;TWO-WAY,DIVIDED,UNPROTECTED MEDIAN;SMOOTH ASPHALT;DRY;DAYLIGHT;CLEAR;NO CONTROL PRESENT;;;-78.810279;35.741551;;;0;0;;;NONE;;NONE;;SPORT UTILITY;SPORT UTILITY;;;;NO;13772;2018-11-07;12:42 PM;2018-11-07T17:42:00+00:00;;2018;No;No;11;NONE;NONE,NONE;NONE,NONE;SPORT UTILITY,SPORT UTILITY;SPORT UTILITY,SPORT UTILITY;SPORT UTILITY,SPORT UTILITY;SPORT UTILITY,SPORT UTILITY
37405;0 FEET FROM US 64 HWY;T-INTERSECTION;STRAIGHT,LEVEL;US ROUTE;TWO-WAY,DIVIDED,UNPROTECTED MEDIAN;SMOOTH ASPHALT;DRY;DAYLIGHT;CLEAR;NO CONTROL PRESENT;;;-78.8144;35.7424;;;0;0;1;;NONE;;NONE;;SPORT UTILITY;VAN;;;;NO;13783;2018-11-07;3:47:56 PM;2018-11-07T20:47:56+00:00;;2018;No;No;11;NONE;NONE,NONE;NONE,NONE;SPORT UTILITY,VAN;SPORT UTILITY,VAN;SPORT UTILITY,VAN;SPORT UTILITY,VAN
37409;50 FEET FROM SR 1009 (TRYON RD);FOUR-WAY INTERSECTION;STRAIGHT,LEVEL;STATE SECONDARY ROUTE;ONE-WAY,NOT DIVIDED;SMOOTH ASPHALT;WET;DAYLIGHT;CLOUDY;YIELD SIGN;;;-78.78799;35.736298;;;0;0;;;NONE;;NONE;;PASSENGER CAR;SPORT UTILITY;;;;NO;13787;2018-11-06;8:40:20 AM;2018-11-06T13:40:20+00:00;;2018;No;No;11;NONE;NONE,NONE;NONE,NONE;PASSENGER CAR,SPORT UTILITY;PASSENGER CAR,SPORT UTILITY;PASSENGER CAR,SPORT UTILITY;PASSENGER CAR,SPORT UTILITY
37410;.27 MILES FROM US 1 HWY;NO SPECIAL FEATURE;STRAIGHT,LEVEL;US ROUTE;TWO-WAY,DIVIDED,POSITIVE MEDIAN BARRIER;GROOVED CONCRETE;DRY;DAYLIGHT;CLEAR;HUMAN CONTROL;;;-78.740526;35.764427;;;0;0;1;;;;NONE;;VAN;LIGHT TRUCK (MINI-VAN- PANEL);;;;NO;13788;2018-11-08;8:35:34 AM;2018-11-08T13:35:34+00:00;;2018;No;No;11;;NONE;NONE;VAN,LIGHT TRUCK (MINI-VAN- PANEL);VAN,LIGHT TRUCK (MINI-VAN- PANEL);VAN,LIGHT TRUCK (MINI-VAN- PANEL);VAN,LIGHT TRUCK (MINI-VAN- PANEL)
37424;75 FEET FROM SR 2541 WESTON PKWY;NO SPECIAL FEATURE;STRAIGHT,LEVEL;STATE SECONDARY ROUTE;TWO-WAY,DIVIDED,UNPROTECTED MEDIAN;SMOOTH ASPHALT;DRY;DAYLIGHT;CLOUDY;NO CONTROL PRESENT;;;-78.8102;35.8187;;;0;0;;;NONE;;NONE;;PASSENGER CAR;;;;;NO;13802;2018-11-09;6:46:49 AM;2018-11-09T11:46:49+00:00;;2018;No;No;11;NONE;NONE,NONE;NONE,NONE;PASSENGER CAR;PASSENGER CAR;PASSENGER CAR;PASSENGER CAR
37426;185 FEET FROM 1803 N HARRISON AV (PVA);;;;;;;;;;;;;;;;0;0;;;;;;;PASSENGER CAR;PICKUP;;;;;13804;2018-11-01;4:47:57 PM;2018-11-01T20:47:57+00:00;;2018;No;No;11;;;;PASSENGER CAR,PICKUP;PASSENGER CAR,PICKUP;PASSENGER CAR,PICKUP;PASSENGER CAR,PICKUP
37427;.18 MILES FROM 301 CROSSROADS BLVD (PVA);NO SPECIAL FEATURE;STRAIGHT,LEVEL;PUBLIC VEHICULAR AREA;TWO-WAY,NOT DIVIDED;SMOOTH ASPHALT;WET;DUSK;CLOUDY;NO CONTROL PRESENT;;;-78.738494;35.760958;;;0;0;;;NONE;;NONE;;VAN;UNKNOWN;;;;NO;13805;2018-11-05;4:08:52 PM;2018-11-05T21:08:52+00:00;;2018;No;No;11;NONE;NONE,NONE;NONE,NONE;VAN,UNKNOWN;VAN,UNKNOWN;VAN,UNKNOWN;VAN,UNKNOWN
37431;.1 MILES FROM S.R. 1011 (E CHATHAM ST);NO SPECIAL FEATURE;STRAIGHT,LEVEL;STATE SECONDARY ROUTE;TWO-WAY,NOT DIVIDED;SMOOTH ASPHALT;WET;DARK - LIGHTED ROADWAY;RAIN;NO CONTROL PRESENT;;;-78.7618;35.7918;;;0;0;;;NONE;;COMING FROM BEHIND PARKED VEHICLE;;PASSENGER CAR;PICKUP;;;;NO;13809;2018-11-12;6:35:24 PM;2018-11-12T23:35:24+00:00;;2018;No;No;11;NONE;NONE,COMING FROM BEHIND PARKED VEHICLE;NONE,COMING FROM BEHIND PARKED VEHICLE;PASSENGER CAR,PICKUP;PASSENGER CAR,PICKUP;PASSENGER CAR,PICKUP;PASSENGER CAR,PICKUP
37434;CARY;FOUR-WAY INTERSECTION;STRAIGHT,LEVEL;STATE SECONDARY ROUTE;TWO-WAY,DIVIDED,UNPROTECTED MEDIAN;SMOOTH ASPHALT;WET;DUSK;RAIN;STOP AND GO SIGNAL;;;-78.76348;35.795262;;;0;0;;;NONE;;NONE;;PASSENGER CAR;PASSENGER CAR;;;;NO;13812;2018-11-12;5:02:04 PM;2018-11-12T22:02:04+00:00;;2018;No;No;11;NONE;NONE,NONE;NONE,NONE;PASSENGER CAR,PASSENGER CAR;PASSENGER CAR,PASSENGER CAR;PASSENGER CAR,PASSENGER CAR;PASSENGER CAR,PASSENGER CAR
37435;100 FEET FROM SPRINGLAND CT;NO SPECIAL FEATURE;STRAIGHT,GRADE;LOCAL STREET;TWO-WAY,NOT DIVIDED;COARSE ASPHALT;DRY;DAYLIGHT;CLEAR;NO CONTROL PRESENT;35.791476912;-78.87174314;-78.871389;35.791815;P077;122;0;0;;;;;NONE;;SPORT UTILITY;LIGHT TRUCK (MINI-VAN- PANEL);;;;NO;13813;2018-11-11;5:01:51 PM;2018-11-11T22:01:51+00:00;35.791476912, -78.87174314;2018;No;No;11;;NONE;NONE;SPORT UTILITY,LIGHT TRUCK (MINI-VAN- PANEL);SPORT UTILITY,LIGHT TRUCK (MINI-VAN- PANEL);SPORT UTILITY,LIGHT TRUCK (MINI-VAN- PANEL);SPORT UTILITY,LIGHT TRUCK (MINI-VAN- PANEL)
37441;25 FEET FROM S.R. 1625 (GREEN LEVEL CHURCH);NO SPECIAL FEATURE;STRAIGHT,LEVEL;STATE SECONDARY ROUTE;TWO-WAY,DIVIDED,UNPROTECTED MEDIAN;SMOOTH ASPHALT;DRY;DARK - LIGHTED ROADWAY;FOG, SMOG, SMOKE;STOP AND GO SIGNAL;;;-78.9033;35.8125;;122;0;0;1;;NONE;;NONE;;PASSENGER CAR;PASSENGER CAR;;;;NO;13819;2018-11-06;9:24:54 PM;2018-11-07T02:24:54+00:00;;2018;No;No;11;NONE;NONE,NONE;NONE,NONE;PASSENGER CAR,PASSENGER CAR;PASSENGER CAR,PASSENGER CAR;PASSENGER CAR,PASSENGER CAR;PASSENGER CAR,PASSENGER CAR
37456;50 FEET FROM PVA 2303 NW MAYNARD RD;NO SPECIAL FEATURE;STRAIGHT,LEVEL;PUBLIC VEHICULAR AREA;TWO-WAY,NOT DIVIDED;SMOOTH ASPHALT;DRY;DAYLIGHT;CLEAR;NO CONTROL PRESENT;;;-78.78432;35.802836;;111;0;0;1;;NONE;;NONE;;PASSENGER CAR;PASSENGER CAR;;;;NO;13834;2018-11-10;1:25:30 PM;2018-11-10T18:25:30+00:00;;2018;No;No;11;NONE;NONE,NONE;NONE,NONE;PASSENGER CAR,PASSENGER CAR;PASSENGER CAR,PASSENGER CAR;PASSENGER CAR,PASSENGER CAR;PASSENGER CAR,PASSENGER CAR
37458;200 FEET FROM SR 1300 (KILDAIRE FARM RD);NO SPECIAL FEATURE;STRAIGHT,LEVEL;STATE SECONDARY ROUTE;TWO-WAY,NOT DIVIDED;COARSE ASPHALT;WET;DAYLIGHT;CLOUDY;NO CONTROL PRESENT;;;-78.7828;35.7492;;115;0;0;2;;;;NONE;;PASSENGER CAR;PASSENGER CAR;;;;CONSTRUCTION WORK AREA;13836;2018-11-12;12:33 PM;2018-11-12T17:33:00+00:00;;2018;No;No;11;;NONE;NONE;PASSENGER CAR,PASSENGER CAR;PASSENGER CAR,PASSENGER CAR;PASSENGER CAR,PASSENGER CAR;PASSENGER CAR,PASSENGER CAR
37461;10 FEET FROM SEABROOK AV;RELATED TO INTERSECTION;STRAIGHT,LEVEL;LOCAL STREET;TWO-WAY,NOT DIVIDED;SMOOTH ASPHALT;WET;DAYLIGHT;RAIN;STOP AND GO SIGNAL;;;-78.773562;35.754479;;;0;0;;;;;NONE;;SPORT UTILITY;SPORT UTILITY;;;;NO;13839;2018-11-09;11:48 AM;2018-11-09T16:48:00+00:00;;2018;No;No;11;;NONE;NONE;SPORT UTILITY,SPORT UTILITY;SPORT UTILITY,SPORT UTILITY;SPORT UTILITY,SPORT UTILITY;SPORT UTILITY,SPORT UTILITY
37466;.1 MILES FROM CROSSROADS BLVD;FOUR-WAY INTERSECTION;STRAIGHT,LEVEL;PUBLIC VEHICULAR AREA;TWO-WAY,DIVIDED,POSITIVE MEDIAN BARRIER;COARSE ASPHALT;WET;DAYLIGHT;CLOUDY;NO CONTROL PRESENT;;;-78.7407;35.7611;;;0;0;3;;NONE;;NONE;;PASSENGER CAR;SPORT UTILITY;;;;NO;13844;2018-11-09;3:14:55 PM;2018-11-09T20:14:55+00:00;;2018;No;No;11;NONE;NONE,NONE;NONE,NONE;PASSENGER CAR,SPORT UTILITY;PASSENGER CAR,SPORT UTILITY;PASSENGER CAR,SPORT UTILITY;PASSENGER CAR,SPORT UTILITY
37468;CARY;FOUR-WAY INTERSECTION;STRAIGHT,LEVEL;STATE SECONDARY ROUTE;TWO-WAY,NOT DIVIDED;SMOOTH ASPHALT;WET;DARK - LIGHTED ROADWAY;CLOUDY;STOP AND GO SIGNAL;;;-78.7715;35.8192;;111;0;0;2;;NONE;;NONE;;PASSENGER CAR;PASSENGER CAR;SPORT UTILITY;;;NO;13846;2018-11-09;7:19:18 PM;2018-11-10T00:19:18+00:00;;2018;No;No;11;NONE;NONE,NONE;NONE,NONE;PASSENGER CAR,PASSENGER CAR;PASSENGER CAR,PASSENGER CAR,SPORT UTILITY;PASSENGER CAR,PASSENGER CAR,SPORT UTILITY;PASSENGER CAR,PASSENGER CAR,SPORT UTILITY
37470;.10 MILES FROM US 1 NORTH;NO SPECIAL FEATURE;STRAIGHT,LEVEL;US ROUTE;TWO-WAY,DIVIDED,POSITIVE MEDIAN BARRIER;SMOOTH ASPHALT;DRY;DUSK;CLEAR;NO CONTROL PRESENT;;;-78.772957;35.749204;;;0;1;1;;;;NONE;;SPORT UTILITY;SPORT UTILITY;;;;NO;13848;2018-11-09;8:34:05 PM;2018-11-10T01:34:05+00:00;;2018;No;Yes;11;;NONE;NONE;SPORT UTILITY,SPORT UTILITY;SPORT UTILITY,SPORT UTILITY;SPORT UTILITY,SPORT UTILITY;SPORT UTILITY,SPORT UTILITY
37474;10 FEET FROM SR 1300 (KILDIARE FARM RD);FOUR-WAY INTERSECTION;STRAIGHT,LEVEL;STATE SECONDARY ROUTE;TWO-WAY,DIVIDED,UNPROTECTED MEDIAN;COARSE ASPHALT;DRY;DAYLIGHT;CLEAR;STOP AND GO SIGNAL;;;-78.779176;35.736213;;;0;1;6;;NONE;;NONE;;PASSENGER CAR;PASSENGER CAR;SINGLE UNIT TRUCK (2-AXLE- 6-TIRE);;;NO;13852;2018-11-10;12:13 PM;2018-11-10T17:13:00+00:00;;2018;No;Yes;11;NONE;NONE,NONE;NONE,NONE;PASSENGER CAR,PASSENGER CAR;PASSENGER CAR,PASSENGER CAR,SINGLE UNIT TRUCK (2-AXLE- 6-TIRE);PASSENGER CAR,PASSENGER CAR,SINGLE UNIT TRUCK (2-AXLE- 6-TIRE);PASSENGER CAR,PASSENGER CAR,SINGLE UNIT TRUCK (2-AXLE- 6-TIRE)
37477;100 FEET FROM SR 1628 (OKELLY CHAPEL RD);NO SPECIAL FEATURE;STRAIGHT,LEVEL;STATE SECONDARY ROUTE;TWO-WAY,NOT DIVIDED;SMOOTH ASPHALT;WET;DARK - LIGHTED ROADWAY;CLOUDY;NO CONTROL PRESENT;;;-78.9011;35.8422;;;0;0;1;;NONE;;NONE;;PASSENGER CAR;;;;;NO;13855;2018-11-10;1:00:06 AM;2018-11-10T06:00:06+00:00;;2018;No;No;11;NONE;NONE,NONE;NONE,NONE;PASSENGER CAR;PASSENGER CAR;PASSENGER CAR;PASSENGER CAR
37483;CARY;FOUR-WAY INTERSECTION;STRAIGHT,LEVEL;STATE SECONDARY ROUTE;TWO-WAY,DIVIDED,UNPROTECTED MEDIAN;SMOOTH ASPHALT;WET;DAWN;RAIN;STOP AND GO SIGNAL;;;-78.7799;35.7396;;;0;0;;;;;NONE;;PASSENGER CAR;SPORT UTILITY;;;;NO;13861;2018-11-13;6:18:37 AM;2018-11-13T11:18:37+00:00;;2018;No;No;11;;NONE;NONE;PASSENGER CAR,SPORT UTILITY;PASSENGER CAR,SPORT UTILITY;PASSENGER CAR,SPORT UTILITY;PASSENGER CAR,SPORT UTILITY
37493;100 FEET FROM MEETING ST;FOUR-WAY INTERSECTION;STRAIGHT,LEVEL;LOCAL STREET;TWO-WAY,DIVIDED,POSITIVE MEDIAN BARRIER;SMOOTH ASPHALT;WET;DAYLIGHT;RAIN;STOP AND GO SIGNAL;35.759565079;-78.74137444;-78.7415;35.7595;P120;118;0;0;;;NONE;;NONE;;PASSENGER CAR;;;;;NO;13871;2018-11-13;1:19:54 PM;2018-11-13T18:19:54+00:00;35.759565079, -78.74137444;2018;No;No;11;NONE;NONE,NONE;NONE,NONE;PASSENGER CAR;PASSENGER CAR;PASSENGER CAR;PASSENGER CAR
37499;.1 MILES FROM PVA (6770 MCCRIMMON PKWY);NO SPECIAL FEATURE;STRAIGHT,LEVEL;PUBLIC VEHICULAR AREA;TWO-WAY,NOT DIVIDED;COARSE ASPHALT;DRY;DAYLIGHT;CLEAR;NO CONTROL PRESENT;;;-78.8908;35.8301;;;0;0;3;;NONE;;NONE;;PASSENGER CAR;LIGHT TRUCK (MINI-VAN- PANEL);;;;NO;13877;2018-11-09;12:00 AM;2018-11-09T05:00:00+00:00;;2018;No;No;11;NONE;NONE,NONE;NONE,NONE;PASSENGER CAR,LIGHT TRUCK (MINI-VAN- PANEL);PASSENGER CAR,LIGHT TRUCK (MINI-VAN- PANEL);PASSENGER CAR,LIGHT TRUCK (MINI-VAN- PANEL);PASSENGER CAR,LIGHT TRUCK (MINI-VAN- PANEL)
37513;CARY;FOUR-WAY INTERSECTION;STRAIGHT,LEVEL;LOCAL STREET;TWO-WAY,DIVIDED,POSITIVE MEDIAN BARRIER;SMOOTH ASPHALT;WET;DAYLIGHT;RAIN;STOP AND GO SIGNAL;;;-78.7422;35.7624;;;0;0;;;NONE;;NONE;;PASSENGER CAR;SPORT UTILITY;;;;NO;13891;2018-11-13;4:46:22 PM;2018-11-13T21:46:22+00:00;;2018;No;No;11;NONE;NONE,NONE;NONE,NONE;PASSENGER CAR,SPORT UTILITY;PASSENGER CAR,SPORT UTILITY;PASSENGER CAR,SPORT UTILITY;PASSENGER CAR,SPORT UTILITY