tamainid;location_description;rdfeature;rdcharacter;rdclass;rdconfigur;rdsurface;rdcondition;lightcond;weather;trafcontrl;lat;lon;lon2;lat2;tract;zone;fatality;possblinj;numpassengers;numpedestrians;contrcir1_desc;contrcir2_desc;contrcir3_desc;contrcir4_desc;vehicle1;vehicle2;vehicle3;vehicle4;vehicle5;workarea;records;ta_date;ta_time;crash_date;geo_location;year;fatalities;injuries;month;contrfact1;contrfact2;contributing_factor;vehicleconcat1;vehicleconcat2;vehicleconcat3;vehicle_type
37520;200 FEET FROM SR3081 (CHAPEL HILL RD);T-INTERSECTION;STRAIGHT,LEVEL;STATE SECONDARY ROUTE;TWO-WAY,DIVIDED,UNPROTECTED MEDIAN;SMOOTH ASPHALT;WET;DAYLIGHT;RAIN;NO CONTROL PRESENT;;;-78.7902;35.7939;;;0;0;1;;NONE;;NONE;;SPORT UTILITY;SPORT UTILITY;;;;NO;13898;2018-11-13;9:20:32 AM;2018-11-13T14:20:32+00:00;;2018;No;No;11;NONE;NONE,NONE;NONE,NONE;SPORT UTILITY,SPORT UTILITY;SPORT UTILITY,SPORT UTILITY;SPORT UTILITY,SPORT UTILITY;SPORT UTILITY,SPORT UTILITY
37527;.1 MILES FROM US 64 HWY;NO SPECIAL FEATURE;STRAIGHT,GRADE;US ROUTE;TWO-WAY,DIVIDED,POSITIVE MEDIAN BARRIER;COARSE ASPHALT;WET;DARK - ROADWAY NOT LIGHTED;CLOUDY;STOP AND GO SIGNAL;35.737208891;-78.7908604;-78.798276;35.7386961;P042;115;0;0;;;NONE;;NONE;;PASSENGER CAR;PASSENGER CAR;SPORT UTILITY;;;NO;13905;2018-11-15;8:58:13 PM;2018-11-16T01:58:13+00:00;35.737208891, -78.7908604;2018;No;No;11;NONE;NONE,NONE;NONE,NONE;PASSENGER CAR,PASSENGER CAR;PASSENGER CAR,PASSENGER CAR,SPORT UTILITY;PASSENGER CAR,PASSENGER CAR,SPORT UTILITY;PASSENGER CAR,PASSENGER CAR,SPORT UTILITY
37533;CARY;FOUR-WAY INTERSECTION;STRAIGHT,LEVEL;STATE SECONDARY ROUTE;TWO-WAY,NOT DIVIDED;SMOOTH ASPHALT;DRY;DAYLIGHT;CLEAR;STOP AND GO SIGNAL;;;-78.764138;35.772502;;;0;0;;;NONE;;NONE;;PASSENGER CAR;PASSENGER CAR;;;;NO;13911;2018-11-16;12:16 PM;2018-11-16T17:16:00+00:00;;2018;No;No;11;NONE;NONE,NONE;NONE,NONE;PASSENGER CAR,PASSENGER CAR;PASSENGER CAR,PASSENGER CAR;PASSENGER CAR,PASSENGER CAR;PASSENGER CAR,PASSENGER CAR
37543;0 FEET FROM MEETING ST;NO SPECIAL FEATURE;STRAIGHT,LEVEL;PUBLIC VEHICULAR AREA;TWO-WAY,DIVIDED,UNPROTECTED MEDIAN;SMOOTH ASPHALT;DRY;DAYLIGHT;CLEAR;STOP AND GO SIGNAL;35.759565079;-78.74137444;-78.741497;35.7596;P120;118;0;0;;;NONE;;NONE;;PASSENGER CAR;SPORT UTILITY;;;;NO;13921;2018-11-17;10:57 AM;2018-11-17T15:57:00+00:00;35.759565079, -78.74137444;2018;No;No;11;NONE;NONE,NONE;NONE,NONE;PASSENGER CAR,SPORT UTILITY;PASSENGER CAR,SPORT UTILITY;PASSENGER CAR,SPORT UTILITY;PASSENGER CAR,SPORT UTILITY
37546;100 FEET FROM SW CARY PKWY;NO SPECIAL FEATURE;CURVE,LEVEL;LOCAL STREET;TWO-WAY,DIVIDED,UNPROTECTED MEDIAN;SMOOTH ASPHALT;DRY;DAYLIGHT;CLEAR;NO CONTROL PRESENT;35.768127861;-78.83014346;-78.8301;35.7683;P009;117;0;1;;;NONE;;NONE;;PASSENGER CAR;PASSENGER CAR;;;;NO;13924;2018-11-16;1:00:18 PM;2018-11-16T18:00:18+00:00;35.768127861, -78.83014346;2018;No;Yes;11;NONE;NONE,NONE;NONE,NONE;PASSENGER CAR,PASSENGER CAR;PASSENGER CAR,PASSENGER CAR;PASSENGER CAR,PASSENGER CAR;PASSENGER CAR,PASSENGER CAR
37551;0 FEET FROM SW CARY PKWY;T-INTERSECTION;CURVE,LEVEL;LOCAL STREET;TWO-WAY,DIVIDED,UNPROTECTED MEDIAN;SMOOTH ASPHALT;DRY;DAYLIGHT;CLEAR;STOP SIGN;35.768127861;-78.83014346;-78.8302;35.7681;P009;117;0;0;;;NONE;;NONE;;PASSENGER CAR;SINGLE UNIT TRUCK (2-AXLE- 6-TIRE);;;;NO;13929;2018-11-16;12:40 PM;2018-11-16T17:40:00+00:00;35.768127861, -78.83014346;2018;No;No;11;NONE;NONE,NONE;NONE,NONE;PASSENGER CAR,SINGLE UNIT TRUCK (2-AXLE- 6-TIRE);PASSENGER CAR,SINGLE UNIT TRUCK (2-AXLE- 6-TIRE);PASSENGER CAR,SINGLE UNIT TRUCK (2-AXLE- 6-TIRE);PASSENGER CAR,SINGLE UNIT TRUCK (2-AXLE- 6-TIRE)
37552;75 FEET FROM NC 54 HWY (CHAPEL HILL RD);NO SPECIAL FEATURE;STRAIGHT,GRADE;NC ROUTE;TWO-WAY,DIVIDED,UNPROTECTED MEDIAN;SMOOTH ASPHALT;DRY;DAYLIGHT;CLEAR;NO CONTROL PRESENT;;;-78.7511;35.7947;;113;0;0;1;;NONE;;NONE;;PICKUP;SPORT UTILITY;;;;NO;13930;2018-11-16;7:08:53 AM;2018-11-16T12:08:53+00:00;;2018;No;No;11;NONE;NONE,NONE;NONE,NONE;PICKUP,SPORT UTILITY;PICKUP,SPORT UTILITY;PICKUP,SPORT UTILITY;PICKUP,SPORT UTILITY
37557;10 FEET FROM SR 1009 (TRYON RD);NO SPECIAL FEATURE;CURVE,GRADE;STATE SECONDARY ROUTE;TWO-WAY,DIVIDED,POSITIVE MEDIAN BARRIER;COARSE ASPHALT;DRY;DAYLIGHT;CLEAR;STOP AND GO SIGNAL;;;-78.7805;35.7373;;;0;0;;;NONE;;NONE;;SPORT UTILITY;PASSENGER CAR;;;;NO;13935;2018-11-17;10:33 AM;2018-11-17T15:33:00+00:00;;2018;No;No;11;NONE;NONE,NONE;NONE,NONE;SPORT UTILITY,PASSENGER CAR;SPORT UTILITY,PASSENGER CAR;SPORT UTILITY,PASSENGER CAR;SPORT UTILITY,PASSENGER CAR
37559;CARY;FOUR-WAY INTERSECTION;STRAIGHT,GRADE;LOCAL STREET;TWO-WAY,NOT DIVIDED;COARSE ASPHALT;DRY;DAYLIGHT;CLEAR;STOP SIGN;;;-78.836188;35.776211;;117;0;0;;;;;NONE;;PASSENGER CAR;SPORT UTILITY;;;;NO;13937;2018-11-18;4:57:32 PM;2018-11-18T21:57:32+00:00;;2018;No;No;11;;NONE;NONE;PASSENGER CAR,SPORT UTILITY;PASSENGER CAR,SPORT UTILITY;PASSENGER CAR,SPORT UTILITY;PASSENGER CAR,SPORT UTILITY
37563;CARY;FOUR-WAY INTERSECTION;STRAIGHT,LEVEL;STATE SECONDARY ROUTE;TWO-WAY,DIVIDED,UNPROTECTED MEDIAN;SMOOTH ASPHALT;DRY;DAYLIGHT;CLEAR;STOP SIGN;;;-78.794464;35.700637;;;0;1;;;NONE;;NONE;;PASSENGER CAR;SPORT UTILITY;;;;NO;13941;2018-11-18;7:20:19 AM;2018-11-18T12:20:19+00:00;;2018;No;Yes;11;NONE;NONE,NONE;NONE,NONE;PASSENGER CAR,SPORT UTILITY;PASSENGER CAR,SPORT UTILITY;PASSENGER CAR,SPORT UTILITY;PASSENGER CAR,SPORT UTILITY
37570;98 FEET FROM PVA MCDONALDS(1830 WALNUT ST);NO SPECIAL FEATURE;STRAIGHT,LEVEL;PUBLIC VEHICULAR AREA;ONE-WAY,NOT DIVIDED;SMOOTH ASPHALT;DRY;DAYLIGHT;CLEAR;NO CONTROL PRESENT;;;-78.743156;35.758928;;;0;0;;;NONE;;NONE;;PASSENGER CAR;SPORT UTILITY;;;;NO;13948;2018-11-19;12:41 PM;2018-11-19T17:41:00+00:00;;2018;No;No;11;NONE;NONE,NONE;NONE,NONE;PASSENGER CAR,SPORT UTILITY;PASSENGER CAR,SPORT UTILITY;PASSENGER CAR,SPORT UTILITY;PASSENGER CAR,SPORT UTILITY
37575;100 FEET FROM P.V.A (1298 BUCK JONES RD);NO SPECIAL FEATURE;STRAIGHT,LEVEL;PUBLIC VEHICULAR AREA;TWO-WAY,NOT DIVIDED;COARSE ASPHALT;DRY;DAYLIGHT;CLEAR;NO CONTROL PRESENT;;;-78.742823;35.765836;;;0;0;;;NONE;;NONE;;PASSENGER CAR;PASSENGER CAR;;;;NO;13953;2018-11-19;1:54:41 PM;2018-11-19T18:54:41+00:00;;2018;No;No;11;NONE;NONE,NONE;NONE,NONE;PASSENGER CAR,PASSENGER CAR;PASSENGER CAR,PASSENGER CAR;PASSENGER CAR,PASSENGER CAR;PASSENGER CAR,PASSENGER CAR
37583;CARY;NO SPECIAL FEATURE;STRAIGHT,GRADE;PUBLIC VEHICULAR AREA;TWO-WAY,NOT DIVIDED;COARSE ASPHALT;DRY;DAYLIGHT;CLEAR;NO CONTROL PRESENT;;;-78.846443;35.7900672;;117;0;0;;;;;NONE;;SPORT UTILITY;;;;;NO;13961;2018-11-18;4:44:01 PM;2018-11-18T21:44:01+00:00;;2018;No;No;11;;NONE;NONE;SPORT UTILITY;SPORT UTILITY;SPORT UTILITY;SPORT UTILITY
37586;CARY;NO SPECIAL FEATURE;STRAIGHT,LEVEL;STATE SECONDARY ROUTE;TWO-WAY,DIVIDED,UNPROTECTED MEDIAN;SMOOTH ASPHALT;DRY;DAYLIGHT;CLEAR;STOP AND GO SIGNAL;35.790025631;-78.85048905;-78.850526;35.790155;P017;121;0;0;2;;NONE;;NONE;;VAN;PICKUP;;;;NO;13964;2018-11-19;9:17:30 PM;2018-11-20T02:17:30+00:00;35.790025631, -78.85048905;2018;No;No;11;NONE;NONE,NONE;NONE,NONE;VAN,PICKUP;VAN,PICKUP;VAN,PICKUP;VAN,PICKUP
37591;.02 MILES FROM SR 1379 (PENNY RD);NO SPECIAL FEATURE;STRAIGHT,LEVEL;STATE SECONDARY ROUTE;TWO-WAY,NOT DIVIDED;SMOOTH ASPHALT;DRY;DAYLIGHT;CLEAR;STOP AND GO SIGNAL;;;-78.797056;35.7155318;;;0;0;;;;;NONE;;VAN;;;;;NO;13969;2018-11-20;7:11:18 AM;2018-11-20T12:11:18+00:00;;2018;No;No;11;;NONE;NONE;VAN;VAN;VAN;VAN
37595;1.0 MILES FROM US 1 HWY;NO SPECIAL FEATURE;STRAIGHT,LEVEL;US ROUTE;TWO-WAY,DIVIDED,POSITIVE MEDIAN BARRIER;SMOOTH ASPHALT;DRY;DARK - ROADWAY NOT LIGHTED;CLEAR;NO CONTROL PRESENT;;;-78.7983;35.7344;;;0;0;;;NONE;;NONE;;LIGHT TRUCK (MINI-VAN- PANEL);PASSENGER CAR;;;;NO;13973;2018-11-20;6:23:59 PM;2018-11-20T23:23:59+00:00;;2018;No;No;11;NONE;NONE,NONE;NONE,NONE;LIGHT TRUCK (MINI-VAN- PANEL),PASSENGER CAR;LIGHT TRUCK (MINI-VAN- PANEL),PASSENGER CAR;LIGHT TRUCK (MINI-VAN- PANEL),PASSENGER CAR;LIGHT TRUCK (MINI-VAN- PANEL),PASSENGER CAR
37596;422 FEET FROM SR 3090 (WESTON PKWY);NO SPECIAL FEATURE;STRAIGHT,LEVEL;STATE SECONDARY ROUTE;TWO-WAY,DIVIDED,UNPROTECTED MEDIAN;SMOOTH ASPHALT;DRY;DARK - LIGHTED ROADWAY;CLEAR;NO CONTROL PRESENT;;;-78.8094;35.8206;;111;0;0;;;NONE;;NONE;;SPORT UTILITY;PASSENGER CAR;;;;NO;13974;2018-11-20;6:27:49 PM;2018-11-20T23:27:49+00:00;;2018;No;No;11;NONE;NONE,NONE;NONE,NONE;SPORT UTILITY,PASSENGER CAR;SPORT UTILITY,PASSENGER CAR;SPORT UTILITY,PASSENGER CAR;SPORT UTILITY,PASSENGER CAR
37605;.1 MILES FROM US1;NO SPECIAL FEATURE;STRAIGHT,LEVEL;US ROUTE;TWO-WAY,DIVIDED,POSITIVE MEDIAN BARRIER;GROOVED CONCRETE;DRY;DARK - LIGHTED ROADWAY;CLEAR;NO CONTROL PRESENT;;;-78.750769;35.759393;;112;0;1;;;;;NONE;;PASSENGER CAR;PASSENGER CAR;;;;NO;13983;2018-11-20;5:16:50 PM;2018-11-20T22:16:50+00:00;;2018;No;Yes;11;;NONE;NONE;PASSENGER CAR,PASSENGER CAR;PASSENGER CAR,PASSENGER CAR;PASSENGER CAR,PASSENGER CAR;PASSENGER CAR,PASSENGER CAR
37607;150 FEET FROM P.V.A. (1803 N HARRISON AV);NO SPECIAL FEATURE;STRAIGHT,GRADE;PUBLIC VEHICULAR AREA;ONE-WAY,NOT DIVIDED;SMOOTH ASPHALT;DRY;DARK - LIGHTED ROADWAY;CLEAR;NO CONTROL PRESENT;;;-78.7694;35.8293;;;0;0;1;;NONE;;NONE;;PASSENGER CAR;PASSENGER CAR;;;;NO;13985;2018-11-20;8:35:01 PM;2018-11-21T01:35:01+00:00;;2018;No;No;11;NONE;NONE,NONE;NONE,NONE;PASSENGER CAR,PASSENGER CAR;PASSENGER CAR,PASSENGER CAR;PASSENGER CAR,PASSENGER CAR;PASSENGER CAR,PASSENGER CAR
37609;400 FEET FROM 1 HWY;NO SPECIAL FEATURE;STRAIGHT,LEVEL;US ROUTE;TWO-WAY,DIVIDED,POSITIVE MEDIAN BARRIER;GROOVED CONCRETE;DRY;DUSK;CLEAR;NO CONTROL PRESENT;;;-78.764192;35.752497;;112;0;0;;;NONE;;NONE;;SINGLE UNIT TRUCK (2-AXLE- 6-TIRE);PASSENGER CAR;;;;NO;13987;2018-11-20;4:58:25 PM;2018-11-20T21:58:25+00:00;;2018;No;No;11;NONE;NONE,NONE;NONE,NONE;SINGLE UNIT TRUCK (2-AXLE- 6-TIRE),PASSENGER CAR;SINGLE UNIT TRUCK (2-AXLE- 6-TIRE),PASSENGER CAR;SINGLE UNIT TRUCK (2-AXLE- 6-TIRE),PASSENGER CAR;SINGLE UNIT TRUCK (2-AXLE- 6-TIRE),PASSENGER CAR
37614;100 FEET FROM SW CARY PKWY;;;;;;;;;;35.771748456;-78.83273966;;;P064;117;0;0;;;;;;;;;;;;;13992;2018-11-20;2:29:02 PM;2018-11-20T19:29:02+00:00;35.771748456, -78.83273966;2018;No;No;11;;;;;;;
37616;.152 MILES FROM SR1615 (HIGH HOUSE RD);NO SPECIAL FEATURE;STRAIGHT,LEVEL;STATE SECONDARY ROUTE;TWO-WAY,DIVIDED,UNPROTECTED MEDIAN;SMOOTH ASPHALT;DRY;DAYLIGHT;CLEAR;NO CONTROL PRESENT;;;-78.807313;35.783384;;;0;0;;;NONE;;NONE;;PASSENGER CAR;PICKUP;;;;NO;13994;2018-11-20;10:14 AM;2018-11-20T15:14:00+00:00;;2018;No;No;11;NONE;NONE,NONE;NONE,NONE;PASSENGER CAR,PICKUP;PASSENGER CAR,PICKUP;PASSENGER CAR,PICKUP;PASSENGER CAR,PICKUP
37619;100 FEET FROM SR1313 (WALNUT ST);OFF-RAMP ENTRY;CURVE,GRADE;STATE SECONDARY ROUTE;ONE-WAY,NOT DIVIDED;SMOOTH ASPHALT;DRY;DAYLIGHT;CLEAR;NO CONTROL PRESENT;;;-78.7631;35.7716;;;0;0;;;DARTING;NONE;NONE;;PASSENGER CAR;PASSENGER CAR;;;;NO;13997;2018-11-21;2:15:13 PM;2018-11-21T19:15:13+00:00;;2018;No;No;11;DARTING,NONE;DARTING,NONE,NONE;DARTING,NONE,NONE;PASSENGER CAR,PASSENGER CAR;PASSENGER CAR,PASSENGER CAR;PASSENGER CAR,PASSENGER CAR;PASSENGER CAR,PASSENGER CAR
37629;100 FEET FROM SR 1300 (KILDAIRE FARM RD);RELATED TO INTERSECTION;STRAIGHT,LEVEL;STATE SECONDARY ROUTE;TWO-WAY,DIVIDED,UNPROTECTED MEDIAN;SMOOTH ASPHALT;DRY;DAYLIGHT;CLEAR;STOP AND GO SIGNAL;;;-78.783051;35.758038;;112;0;0;;;NONE;;NONE;;PICKUP;PASSENGER CAR;;;;NO;14007;2018-11-21;4:20:21 PM;2018-11-21T21:20:21+00:00;;2018;No;No;11;NONE;NONE,NONE;NONE,NONE;PICKUP,PASSENGER CAR;PICKUP,PASSENGER CAR;PICKUP,PASSENGER CAR;PICKUP,PASSENGER CAR
37633;.02 MILES FROM SR-3977 (SW CARY PKWY);RELATED TO INTERSECTION;STRAIGHT,GRADE;STATE SECONDARY ROUTE;TWO-WAY,DIVIDED,UNPROTECTED MEDIAN;SMOOTH ASPHALT;DRY;DAYLIGHT;CLEAR;STOP SIGN;;;-78.7818;35.758;;;0;0;;;NONE;;NONE;;SPORT UTILITY;SPORT UTILITY;;;;NO;14011;2018-11-21;2:00:41 PM;2018-11-21T19:00:41+00:00;;2018;No;No;11;NONE;NONE,NONE;NONE,NONE;SPORT UTILITY,SPORT UTILITY;SPORT UTILITY,SPORT UTILITY;SPORT UTILITY,SPORT UTILITY;SPORT UTILITY,SPORT UTILITY
37634;200 FEET FROM VALLONIA DRIVE;NO SPECIAL FEATURE;STRAIGHT,LEVEL;LOCAL STREET;TWO-WAY,NOT DIVIDED;SMOOTH ASPHALT;DRY;DAYLIGHT;CLEAR;NO CONTROL PRESENT;;;-78.896;35.841;;119;0;0;3;;NONE;;NONE;;PASSENGER CAR;;;;;NO;14012;2018-11-21;8:28:03 AM;2018-11-21T13:28:03+00:00;;2018;No;No;11;NONE;NONE,NONE;NONE,NONE;PASSENGER CAR;PASSENGER CAR;PASSENGER CAR;PASSENGER CAR
37635;86 FEET FROM SR 1415 (SE MAYNARD RD);RELATED TO INTERSECTION;STRAIGHT,LEVEL;STATE SECONDARY ROUTE;TWO-WAY,NOT DIVIDED;SMOOTH ASPHALT;DRY;DARK - LIGHTED ROADWAY;CLEAR;STOP AND GO SIGNAL;;;-78.7642;35.7728;;120;0;0;;;NONE;;NONE;;PASSENGER CAR;SPORT UTILITY;;;;NO;14013;2018-11-21;6:03:11 PM;2018-11-21T23:03:11+00:00;;2018;No;No;11;NONE;NONE,NONE;NONE,NONE;PASSENGER CAR,SPORT UTILITY;PASSENGER CAR,SPORT UTILITY;PASSENGER CAR,SPORT UTILITY;PASSENGER CAR,SPORT UTILITY
37637;35 FEET FROM SR-1010 TEN TEN RD;NO SPECIAL FEATURE;STRAIGHT,LEVEL;STATE SECONDARY ROUTE;TWO-WAY,NOT DIVIDED;SMOOTH ASPHALT;DRY;DARK - LIGHTED ROADWAY;CLEAR;NO CONTROL PRESENT;35.717493191;-78.91341667;-78.7812;35.6999;P115;APEX;0;1;2;;NONE;;NONE;;SPORT UTILITY;SPORT UTILITY;;;;NO;14015;2018-11-21;6:36:18 PM;2018-11-21T23:36:18+00:00;35.717493191, -78.91341667;2018;No;Yes;11;NONE;NONE,NONE;NONE,NONE;SPORT UTILITY,SPORT UTILITY;SPORT UTILITY,SPORT UTILITY;SPORT UTILITY,SPORT UTILITY;SPORT UTILITY,SPORT UTILITY
37641;100 FEET FROM CROSSROADS BLVD;NO SPECIAL FEATURE;STRAIGHT,LEVEL;LOCAL STREET;TWO-WAY,DIVIDED,POSITIVE MEDIAN BARRIER;SMOOTH ASPHALT;DRY;DAYLIGHT;CLEAR;NO CONTROL PRESENT;35.761266214;-78.7418746;-78.7416;35.7613;P120;118;0;0;1;;NONE;;NONE;;SPORT UTILITY;PASSENGER CAR;;;;NO;14019;2018-11-23;2:08:22 PM;2018-11-23T19:08:22+00:00;35.761266214, -78.7418746;2018;No;No;11;NONE;NONE,NONE;NONE,NONE;SPORT UTILITY,PASSENGER CAR;SPORT UTILITY,PASSENGER CAR;SPORT UTILITY,PASSENGER CAR;SPORT UTILITY,PASSENGER CAR
37646;200 FEET FROM US 1 HWY;OFF-RAMP TERMINAL ON CROSSROAD;CURVE,GRADE;US ROUTE;ONE-WAY,NOT DIVIDED;GROOVED CONCRETE;WET;DAYLIGHT;CLOUDY;NO CONTROL PRESENT;;;-78.7446;35.7627;;;0;0;1;;;;NONE;;SPORT UTILITY;;;;;NO;14024;2018-11-24;4:36:03 PM;2018-11-24T21:36:03+00:00;;2018;No;No;11;;NONE;NONE;SPORT UTILITY;SPORT UTILITY;SPORT UTILITY;SPORT UTILITY
37647;100 FEET FROM WESTON PKWY;NO SPECIAL FEATURE;STRAIGHT,HILLCREST;LOCAL STREET;TWO-WAY,DIVIDED,POSITIVE MEDIAN BARRIER;COARSE ASPHALT;WET;DAYLIGHT;CLEAR;STOP AND GO SIGNAL;35.826998619;-78.8049054;-78.8051;35.8269;P021;111;0;0;;;NONE;;NONE;;PASSENGER CAR;PASSENGER CAR;;;;NO;14025;2018-11-24;5:24:32 PM;2018-11-24T22:24:32+00:00;35.826998619, -78.8049054;2018;No;No;11;NONE;NONE,NONE;NONE,NONE;PASSENGER CAR,PASSENGER CAR;PASSENGER CAR,PASSENGER CAR;PASSENGER CAR,PASSENGER CAR;PASSENGER CAR,PASSENGER CAR
37650;250 FEET FROM SR 3120 (MORRISVILLE PKWY);NO SPECIAL FEATURE;STRAIGHT,LEVEL;STATE SECONDARY ROUTE;TWO-WAY,DIVIDED,UNPROTECTED MEDIAN;COARSE ASPHALT;DRY;DAYLIGHT;CLEAR;NO CONTROL PRESENT;35.802561617;-78.90952191;-78.908599;35.802908;P015;122;0;0;;;DARTING;;NONE;;SPORT UTILITY;;;;;NO;14028;2018-11-25;12:23 PM;2018-11-25T17:23:00+00:00;35.802561617, -78.90952191;2018;No;No;11;DARTING;DARTING,NONE;DARTING,NONE;SPORT UTILITY;SPORT UTILITY;SPORT UTILITY;SPORT UTILITY
37652;50 FEET FROM WILLOUGHBY LN;NO SPECIAL FEATURE;CURVE,GRADE;LOCAL STREET;TWO-WAY,NOT DIVIDED;SMOOTH ASPHALT;DRY;DARK - ROADWAY NOT LIGHTED;CLEAR;NO CONTROL PRESENT;35.798814973;-78.76975301;-78.770114;35.7986;P031;113;0;0;;;NONE;;NONE;;PASSENGER CAR;PASSENGER CAR;PASSENGER CAR;;;NO;14030;2018-11-21;11:57 PM;2018-11-22T04:57:00+00:00;35.798814973, -78.76975301;2018;No;No;11;NONE;NONE,NONE;NONE,NONE;PASSENGER CAR,PASSENGER CAR;PASSENGER CAR,PASSENGER CAR,PASSENGER CAR;PASSENGER CAR,PASSENGER CAR,PASSENGER CAR;PASSENGER CAR,PASSENGER CAR,PASSENGER CAR
37655;0 FEET FROM SR 1415 (NE MAYNARD RD);FOUR-WAY INTERSECTION;STRAIGHT,LEVEL;STATE SECONDARY ROUTE;TWO-WAY,DIVIDED,POSITIVE MEDIAN BARRIER;SMOOTH ASPHALT;DRY;DAYLIGHT;CLEAR;STOP AND GO SIGNAL;35.783559015;-78.68769546;-78.763356;35.795388;P119;RALW;0;0;;;NONE;;NONE;;PASSENGER CAR;VAN;;;;NO;14033;2018-11-21;8:16:51 AM;2018-11-21T13:16:51+00:00;35.783559015, -78.68769546;2018;No;No;11;NONE;NONE,NONE;NONE,NONE;PASSENGER CAR,VAN;PASSENGER CAR,VAN;PASSENGER CAR,VAN;PASSENGER CAR,VAN
37657;100 FEET FROM SR 1315 (BUCK JONES RD);RELATED TO INTERSECTION;STRAIGHT,LEVEL;STATE SECONDARY ROUTE;TWO-WAY,DIVIDED,UNPROTECTED MEDIAN;SMOOTH ASPHALT;DRY;DAYLIGHT;CLEAR;NO CONTROL PRESENT;;;-78.745289;35.763241;;112;0;0;1;;NONE;;NONE;;SPORT UTILITY;PASSENGER CAR;;;;NO;14035;2018-11-21;1:56:36 PM;2018-11-21T18:56:36+00:00;;2018;No;No;11;NONE;NONE,NONE;NONE,NONE;SPORT UTILITY,PASSENGER CAR;SPORT UTILITY,PASSENGER CAR;SPORT UTILITY,PASSENGER CAR;SPORT UTILITY,PASSENGER CAR
37665;CARY;ON-RAMP ENTRY;CURVE,HILLCREST;INTERSTATE;ONE-WAY,NOT DIVIDED;COARSE ASPHALT;DRY;DAYLIGHT;CLEAR;NO CONTROL PRESENT;;;-78.7645;35.831;;;0;0;3;;NONE;;NONE;;PASSENGER CAR;PASSENGER CAR;;;;NO;14043;2018-11-25;1:47:30 PM;2018-11-25T18:47:30+00:00;;2018;No;No;11;NONE;NONE,NONE;NONE,NONE;PASSENGER CAR,PASSENGER CAR;PASSENGER CAR,PASSENGER CAR;PASSENGER CAR,PASSENGER CAR;PASSENGER CAR,PASSENGER CAR
37670;100 FEET FROM E CHATHAM ST;RELATED TO INTERSECTION;STRAIGHT,LEVEL;LOCAL STREET;TWO-WAY,NOT DIVIDED;SMOOTH ASPHALT;WET;DAYLIGHT;RAIN;FLASHING STOP AND GO SIGNAL;;;-78.76317;35.792054;;;0;1;1;;NONE;;NONE;;VAN;PASSENGER CAR;;;;NO;14048;2018-11-26;10:19 AM;2018-11-26T15:19:00+00:00;;2018;No;Yes;11;NONE;NONE,NONE;NONE,NONE;VAN,PASSENGER CAR;VAN,PASSENGER CAR;VAN,PASSENGER CAR;VAN,PASSENGER CAR
37671;.1 MILES FROM PVA (407-E GALVESTON CT);NO SPECIAL FEATURE;STRAIGHT,LEVEL;PUBLIC VEHICULAR AREA;TWO-WAY,NOT DIVIDED;SMOOTH ASPHALT;DRY;DAYLIGHT;CLEAR;NO CONTROL PRESENT;35.79033855;-78.78626242;-78.7861;35.7908;P026;114;0;0;;;NONE;;NONE;;PASSENGER CAR;VAN;;;;NO;14049;2018-11-25;10:19 AM;2018-11-25T15:19:00+00:00;35.79033855, -78.78626242;2018;No;No;11;NONE;NONE,NONE;NONE,NONE;PASSENGER CAR,VAN;PASSENGER CAR,VAN;PASSENGER CAR,VAN;PASSENGER CAR,VAN
37676;163 FEET FROM P.V.A. (2994 KILDAIRE FARM RD);NO SPECIAL FEATURE;STRAIGHT,LEVEL;PUBLIC VEHICULAR AREA;TWO-WAY,NOT DIVIDED;COARSE ASPHALT;DRY;DAYLIGHT;CLEAR;NO CONTROL PRESENT;;;-78.7882;35.7168;;;0;0;;;;;NONE;;PASSENGER CAR;SPORT UTILITY;;;;NO;14054;2018-11-26;1:47:47 PM;2018-11-26T18:47:47+00:00;;2018;No;No;11;;NONE;NONE;PASSENGER CAR,SPORT UTILITY;PASSENGER CAR,SPORT UTILITY;PASSENGER CAR,SPORT UTILITY;PASSENGER CAR,SPORT UTILITY
37678;0 FEET FROM WESTON ESTATES WAY;RELATED TO INTERSECTION;STRAIGHT,LEVEL;LOCAL STREET;TWO-WAY,DIVIDED,POSITIVE MEDIAN BARRIER;SMOOTH ASPHALT;DRY;DARK - LIGHTED ROADWAY;CLEAR;STOP SIGN;35.816455227;-78.81195973;-78.812172;35.81654;P021;111;0;0;;;NONE;;NONE;;PASSENGER CAR;PASSENGER CAR;;;;NO;14056;2018-11-26;6:01:04 PM;2018-11-26T23:01:04+00:00;35.816455227, -78.81195973;2018;No;No;11;NONE;NONE,NONE;NONE,NONE;PASSENGER CAR,PASSENGER CAR;PASSENGER CAR,PASSENGER CAR;PASSENGER CAR,PASSENGER CAR;PASSENGER CAR,PASSENGER CAR
37680;20 FEET FROM CAITBOO AVE;T-INTERSECTION;STRAIGHT,LEVEL;LOCAL STREET;TWO-WAY,DIVIDED,UNPROTECTED MEDIAN;SMOOTH ASPHALT;DRY;DAYLIGHT;CLEAR;STOP AND GO SIGNAL;35.759541366;-78.74137283;-78.7389;35.7616;P120;118;0;0;;;;;NONE;;PASSENGER CAR;SPORT UTILITY;;;;NO;14058;2018-11-26;2:28:09 PM;2018-11-26T19:28:09+00:00;35.759541366, -78.74137283;2018;No;No;11;;NONE;NONE;PASSENGER CAR,SPORT UTILITY;PASSENGER CAR,SPORT UTILITY;PASSENGER CAR,SPORT UTILITY;PASSENGER CAR,SPORT UTILITY