tamainid;location_description;rdfeature;rdcharacter;rdclass;rdconfigur;rdsurface;rdcondition;lightcond;weather;trafcontrl;lat;lon;lon2;lat2;tract;zone;fatality;possblinj;numpassengers;numpedestrians;contrcir1_desc;contrcir2_desc;contrcir3_desc;contrcir4_desc;vehicle1;vehicle2;vehicle3;vehicle4;vehicle5;workarea;records;ta_date;ta_time;crash_date;geo_location;year;fatalities;injuries;month;contrfact1;contrfact2;contributing_factor;vehicleconcat1;vehicleconcat2;vehicleconcat3;vehicle_type
37834;30 FEET FROM NC 55 HWY;NO SPECIAL FEATURE;STRAIGHT,LEVEL;NC ROUTE;TWO-WAY,DIVIDED,UNPROTECTED MEDIAN;CONCRETE;DRY;DAYLIGHT;CLEAR;NO CONTROL PRESENT;35.789863053;-78.8706094;-78.870741;35.789761;P077;122;0;0;1;;NONE;;NONE;;PASSENGER CAR;PASSENGER CAR;;;;NO;14212;2018-12-05;10:04 AM;2018-12-05T15:04:00+00:00;35.789863053, -78.8706094;2018;No;No;12;NONE;NONE,NONE;NONE,NONE;PASSENGER CAR,PASSENGER CAR;PASSENGER CAR,PASSENGER CAR;PASSENGER CAR,PASSENGER CAR;PASSENGER CAR,PASSENGER CAR
37859;CARY;NO SPECIAL FEATURE;STRAIGHT,LEVEL;STATE SECONDARY ROUTE;TWO-WAY,DIVIDED,POSITIVE MEDIAN BARRIER;SMOOTH ASPHALT;SLUSH;DAYLIGHT;SLEET, HAIL, FREEZING RAIN/DRIZZLE;STOP SIGN;;;-78.7459;35.746;;;0;0;;;;;NONE;;SPORT UTILITY;PICKUP;;;;NO;14237;2018-12-09;12:27 PM;2018-12-09T17:27:00+00:00;;2018;No;No;12;;NONE;NONE;SPORT UTILITY,PICKUP;SPORT UTILITY,PICKUP;SPORT UTILITY,PICKUP;SPORT UTILITY,PICKUP
37864;CARY;NO SPECIAL FEATURE;STRAIGHT,LEVEL;LOCAL STREET;TWO-WAY,NOT DIVIDED;SMOOTH ASPHALT;DRY;DAYLIGHT;CLOUDY;NO CONTROL PRESENT;35.782488952;-78.77846024;-78.77845;35.782369;P125;120;0;0;;;NONE;;NONE;;SPORT UTILITY;SPORT UTILITY;;;;NO;14242;2018-12-08;2:14:46 PM;2018-12-08T19:14:46+00:00;35.782488952, -78.77846024;2018;No;No;12;NONE;NONE,NONE;NONE,NONE;SPORT UTILITY,SPORT UTILITY;SPORT UTILITY,SPORT UTILITY;SPORT UTILITY,SPORT UTILITY;SPORT UTILITY,SPORT UTILITY
37874;CARY;FOUR-WAY INTERSECTION;STRAIGHT,LEVEL;NC ROUTE;TWO-WAY,DIVIDED,UNPROTECTED MEDIAN;SMOOTH ASPHALT;DRY;DARK - LIGHTED ROADWAY;CLEAR;STOP AND GO SIGNAL;;;-78.8726;35.8134;;;0;0;;;NONE;;NONE;;VAN;SPORT UTILITY;;;;NO;14252;2018-12-05;6:19:03 PM;2018-12-05T23:19:03+00:00;;2018;No;No;12;NONE;NONE,NONE;NONE,NONE;VAN,SPORT UTILITY;VAN,SPORT UTILITY;VAN,SPORT UTILITY;VAN,SPORT UTILITY
37875;.1 MILES FROM SR 1313 (WALNUT ST);FOUR-WAY INTERSECTION;STRAIGHT,LEVEL;STATE SECONDARY ROUTE;TWO-WAY,DIVIDED,UNPROTECTED MEDIAN;SMOOTH ASPHALT;DRY;DAYLIGHT;CLEAR;STOP AND GO SIGNAL;;;-78.7411;35.7585;;;0;0;;;NONE;;NONE;;PASSENGER CAR;PASSENGER CAR;;;;NO;14253;2018-12-07;1:48:44 PM;2018-12-07T18:48:44+00:00;;2018;No;No;12;NONE;NONE,NONE;NONE,NONE;PASSENGER CAR,PASSENGER CAR;PASSENGER CAR,PASSENGER CAR;PASSENGER CAR,PASSENGER CAR;PASSENGER CAR,PASSENGER CAR
37883;CARY;FOUR-WAY INTERSECTION;STRAIGHT,HILLCREST;STATE SECONDARY ROUTE;TWO-WAY,DIVIDED,UNPROTECTED MEDIAN;SMOOTH ASPHALT;DRY;DARK - LIGHTED ROADWAY;CLEAR;STOP AND GO SIGNAL;;;-78.9021;35.8223;;119;0;0;1;;NONE;;NONE;;PASSENGER CAR;PASSENGER CAR;;;;NO;14261;2018-12-07;10:16 PM;2018-12-08T03:16:00+00:00;;2018;No;No;12;NONE;NONE,NONE;NONE,NONE;PASSENGER CAR,PASSENGER CAR;PASSENGER CAR,PASSENGER CAR;PASSENGER CAR,PASSENGER CAR;PASSENGER CAR,PASSENGER CAR
37892;.13 MILES FROM SR-1628 (OKELLY CHAPEL RD);NO SPECIAL FEATURE;STRAIGHT,LEVEL;STATE SECONDARY ROUTE;TWO-WAY,NOT DIVIDED;SMOOTH ASPHALT;SLUSH;DARK - ROADWAY NOT LIGHTED;CLEAR;NO CONTROL PRESENT;35.845346813;-78.91658602;-78.9199;35.8458;P094;CHAT;0;0;;;UNKNOWN;;NONE;;PASSENGER CAR;;;;;NO;14270;2018-12-09;9:33:36 PM;2018-12-10T02:33:36+00:00;35.845346813, -78.91658602;2018;No;No;12;UNKNOWN;UNKNOWN,NONE;UNKNOWN,NONE;PASSENGER CAR;PASSENGER CAR;PASSENGER CAR;PASSENGER CAR
37900;30 FEET FROM AVIATION PWKY;RELATED TO INTERSECTION;STRAIGHT,LEVEL;LOCAL STREET;TWO-WAY,DIVIDED,UNPROTECTED MEDIAN;GROOVED CONCRETE;SLUSH;DAYLIGHT;CLEAR;STOP AND GO SIGNAL;35.847288951;-78.80022309;-78.800214;35.847437;P088;WAKE;0;0;;;NONE;;COMING FROM BEHIND PARKED VEHICLE;;PICKUP;;;;;NO;14278;2018-12-11;8:04:11 AM;2018-12-11T13:04:11+00:00;35.847288951, -78.80022309;2018;No;No;12;NONE;NONE,COMING FROM BEHIND PARKED VEHICLE;NONE,COMING FROM BEHIND PARKED VEHICLE;PICKUP;PICKUP;PICKUP;PICKUP
37906;CARY;T-INTERSECTION;CURVE,GRADE;LOCAL STREET;TWO-WAY,NOT DIVIDED;COARSE ASPHALT;DRY;DAYLIGHT;CLEAR;NO CONTROL PRESENT;;;-78.800792;35.7374901;;;0;0;;;NONE;;NONE;;SPORT UTILITY;VAN;;;;NO;14284;2018-12-11;4:14:10 PM;2018-12-11T21:14:10+00:00;;2018;No;No;12;NONE;NONE,NONE;NONE,NONE;SPORT UTILITY,VAN;SPORT UTILITY,VAN;SPORT UTILITY,VAN;SPORT UTILITY,VAN
37912;50 FEET FROM SR# 1313 (WALNUT ST);NO SPECIAL FEATURE;STRAIGHT,LEVEL;STATE SECONDARY ROUTE;TWO-WAY,NOT DIVIDED;SMOOTH ASPHALT;WET;DAYLIGHT;CLEAR;NO CONTROL PRESENT;;;-78.7615;35.7708;;;0;0;;;NONE;;NONE;;PASSENGER CAR;SPORT UTILITY;;;;NO;14290;2018-12-11;3:49:42 PM;2018-12-11T20:49:42+00:00;;2018;No;No;12;NONE;NONE,NONE;NONE,NONE;PASSENGER CAR,SPORT UTILITY;PASSENGER CAR,SPORT UTILITY;PASSENGER CAR,SPORT UTILITY;PASSENGER CAR,SPORT UTILITY
37921;100 FEET FROM 2303 NW MAYNARD RD (PVA);NO SPECIAL FEATURE;STRAIGHT,LEVEL;PUBLIC VEHICULAR AREA;TWO-WAY,NOT DIVIDED;SMOOTH ASPHALT;WET;DAYLIGHT;CLOUDY;NO CONTROL PRESENT;;;-78.7852;35.8027;;;0;0;1;;;;NONE;;PASSENGER CAR;SPORT UTILITY;;;;NO;14299;2018-12-12;12:07 PM;2018-12-12T17:07:00+00:00;;2018;No;No;12;;NONE;NONE;PASSENGER CAR,SPORT UTILITY;PASSENGER CAR,SPORT UTILITY;PASSENGER CAR,SPORT UTILITY;PASSENGER CAR,SPORT UTILITY
37931;100 FEET FROM US 64 HWY;NO SPECIAL FEATURE;STRAIGHT,LEVEL;US ROUTE;TWO-WAY,DIVIDED,UNPROTECTED MEDIAN;SMOOTH ASPHALT;WET;DUSK;CLOUDY;NO CONTROL PRESENT;35.738696103;-78.79841368;-78.7975;35.738498;P041;116;0;1;2;;NONE;;NONE;;PASSENGER CAR;PASSENGER CAR;PASSENGER CAR;PASSENGER CAR;;NO;14309;2018-12-12;7:04:47 PM;2018-12-13T00:04:47+00:00;35.738696103, -78.79841368;2018;No;Yes;12;NONE;NONE,NONE;NONE,NONE;PASSENGER CAR,PASSENGER CAR;PASSENGER CAR,PASSENGER CAR,PASSENGER CAR;PASSENGER CAR,PASSENGER CAR,PASSENGER CAR,PASSENGER CAR;PASSENGER CAR,PASSENGER CAR,PASSENGER CAR,PASSENGER CAR
37934;.2 MILES FROM NC HWY 55;NO SPECIAL FEATURE;STRAIGHT,LEVEL;NC ROUTE;TWO-WAY,DIVIDED,UNPROTECTED MEDIAN;SMOOTH ASPHALT;DRY;DAYLIGHT;CLEAR;NO CONTROL PRESENT;;;-78.8712;35.785;;;0;1;;;NONE;;NONE;;PASSENGER CAR;PASSENGER CAR;;;;NO;14312;2018-12-12;10:47 AM;2018-12-12T15:47:00+00:00;;2018;No;Yes;12;NONE;NONE,NONE;NONE,NONE;PASSENGER CAR,PASSENGER CAR;PASSENGER CAR,PASSENGER CAR;PASSENGER CAR,PASSENGER CAR;PASSENGER CAR,PASSENGER CAR
37954;CARY;FOUR-WAY INTERSECTION;STRAIGHT,LEVEL;STATE SECONDARY ROUTE;TWO-WAY,DIVIDED,UNPROTECTED MEDIAN;SMOOTH ASPHALT;WET;DAYLIGHT;CLOUDY;STOP AND GO SIGNAL;;;-78.9021;35.8223;;;0;0;;;NONE;;COMING FROM BEHIND PARKED VEHICLE;COMING FROM BEHIND PARKED VEHICLE;SPORT UTILITY;SPORT UTILITY;;;;NO;14332;2018-12-12;10:06 AM;2018-12-12T15:06:00+00:00;;2018;No;No;12;NONE;NONE,COMING FROM BEHIND PARKED VEHICLE;NONE,COMING FROM BEHIND PARKED VEHICLE,COMING FROM BEHIND PARKED VEHICLE;SPORT UTILITY,SPORT UTILITY;SPORT UTILITY,SPORT UTILITY;SPORT UTILITY,SPORT UTILITY;SPORT UTILITY,SPORT UTILITY
37955;.1 MILES FROM GATEWAY CENTRE BLVD;NO SPECIAL FEATURE;STRAIGHT,LEVEL;LOCAL STREET;TWO-WAY,DIVIDED,UNPROTECTED MEDIAN;SMOOTH ASPHALT;DRY;DAYLIGHT;CLEAR;NO CONTROL PRESENT;35.851243692;-78.80451405;-78.8017;35.8482;P020;111;0;0;;;NONE;;NONE;;PICKUP;SPORT UTILITY;;;;NO;14333;2018-12-13;6:17:41 AM;2018-12-13T11:17:41+00:00;35.851243692, -78.80451405;2018;No;No;12;NONE;NONE,NONE;NONE,NONE;PICKUP,SPORT UTILITY;PICKUP,SPORT UTILITY;PICKUP,SPORT UTILITY;PICKUP,SPORT UTILITY
37965;50 FEET FROM NW CARY PKWY;NO SPECIAL FEATURE;STRAIGHT,LEVEL;LOCAL STREET;TWO-WAY,DIVIDED,UNPROTECTED MEDIAN;SMOOTH ASPHALT;DRY;DAYLIGHT;CLEAR;NO CONTROL PRESENT;35.791722411;-78.82316159;-78.823466;35.791677;P067;121;0;0;;;NONE;;NONE;;PASSENGER CAR;SPORT UTILITY;SPORT UTILITY;;;NO;14343;2018-08-17;12:15 PM;2018-08-17T16:15:00+00:00;35.791722411, -78.82316159;2018;No;No;8;NONE;NONE,NONE;NONE,NONE;PASSENGER CAR,SPORT UTILITY;PASSENGER CAR,SPORT UTILITY,SPORT UTILITY;PASSENGER CAR,SPORT UTILITY,SPORT UTILITY;PASSENGER CAR,SPORT UTILITY,SPORT UTILITY
37979;0 FEET FROM SR 1370 (TRYON RD);T-INTERSECTION;STRAIGHT,GRADE;STATE SECONDARY ROUTE;;SMOOTH ASPHALT;WET;DARK - LIGHTED ROADWAY;RAIN;STOP SIGN;;;-78.7826;35.7383;;;0;0;;;NONE;;NONE;;PASSENGER CAR;PASSENGER CAR;;;;NO;14357;2018-12-14;11:30 PM;2018-12-15T04:30:00+00:00;;2018;No;No;12;NONE;NONE,NONE;NONE,NONE;PASSENGER CAR,PASSENGER CAR;PASSENGER CAR,PASSENGER CAR;PASSENGER CAR,PASSENGER CAR;PASSENGER CAR,PASSENGER CAR
37996;CARY;T-INTERSECTION;STRAIGHT,LEVEL;LOCAL STREET;TWO-WAY,NOT DIVIDED;SMOOTH ASPHALT;WET;DARK - ROADWAY NOT LIGHTED;RAIN;STOP SIGN;35.739843695;-78.7417955;-78.741787;35.739908;P046;118;0;0;;;NONE;;NONE;;PASSENGER CAR;PASSENGER CAR;;;;NO;14374;2018-12-14;5:40:11 PM;2018-12-14T22:40:11+00:00;35.739843695, -78.7417955;2018;No;No;12;NONE;NONE,NONE;NONE,NONE;PASSENGER CAR,PASSENGER CAR;PASSENGER CAR,PASSENGER CAR;PASSENGER CAR,PASSENGER CAR;PASSENGER CAR,PASSENGER CAR
38003;.2 MILES FROM US 1 HWY;NO SPECIAL FEATURE;STRAIGHT,LEVEL;US ROUTE;TWO-WAY,DIVIDED,POSITIVE MEDIAN BARRIER;SMOOTH ASPHALT;WET;DAYLIGHT;RAIN;NO CONTROL PRESENT;;;-78.7423;35.7631;;;0;0;;;NONE;;NONE;;PASSENGER CAR;PASSENGER CAR;;;;NO;14381;2018-12-14;4:55:24 PM;2018-12-14T21:55:24+00:00;;2018;No;No;12;NONE;NONE,NONE;NONE,NONE;PASSENGER CAR,PASSENGER CAR;PASSENGER CAR,PASSENGER CAR;PASSENGER CAR,PASSENGER CAR;PASSENGER CAR,PASSENGER CAR
38012;400 FEET FROM SR 1300 (KILDAIRE FARM RD);NO SPECIAL FEATURE;STRAIGHT,LEVEL;STATE SECONDARY ROUTE;TWO-WAY,DIVIDED,POSITIVE MEDIAN BARRIER;SMOOTH ASPHALT;DRY;DAYLIGHT;CLEAR;NO CONTROL PRESENT;;;-78.7835;35.7638;;;0;0;;;;;NONE;;PASSENGER CAR;SPORT UTILITY;;;;NO;14390;2018-12-17;8:01:47 AM;2018-12-17T13:01:47+00:00;;2018;No;No;12;;NONE;NONE;PASSENGER CAR,SPORT UTILITY;PASSENGER CAR,SPORT UTILITY;PASSENGER CAR,SPORT UTILITY;PASSENGER CAR,SPORT UTILITY
38017;CARY;FOUR-WAY INTERSECTION;;STATE SECONDARY ROUTE;TWO-WAY,DIVIDED,UNPROTECTED MEDIAN;SMOOTH ASPHALT;DRY;DAYLIGHT;CLEAR;STOP AND GO SIGNAL;;;-78.8869;35.8459;;;0;0;2;;NONE;;NONE;;PASSENGER CAR;PASSENGER CAR;;;;NO;14395;2018-12-17;7:38:39 AM;2018-12-17T12:38:39+00:00;;2018;No;No;12;NONE;NONE,NONE;NONE,NONE;PASSENGER CAR,PASSENGER CAR;PASSENGER CAR,PASSENGER CAR;PASSENGER CAR,PASSENGER CAR;PASSENGER CAR,PASSENGER CAR
38022;10 FEET FROM CORNERSTONE DR;RELATED TO INTERSECTION;STRAIGHT,LEVEL;LOCAL STREET;TWO-WAY,NOT DIVIDED;COARSE ASPHALT;DRY;DARK - LIGHTED ROADWAY;CLEAR;STOP AND GO SIGNAL;;;-78.850454;35.78988;;;0;0;;;NONE;;NONE;;PASSENGER CAR;PICKUP;;;;NO;14400;2018-12-17;7:54:50 PM;2018-12-18T00:54:50+00:00;;2018;No;No;12;NONE;NONE,NONE;NONE,NONE;PASSENGER CAR,PICKUP;PASSENGER CAR,PICKUP;PASSENGER CAR,PICKUP;PASSENGER CAR,PICKUP
38030;50 FEET FROM US HWY 1;NO SPECIAL FEATURE;STRAIGHT,LEVEL;US ROUTE;TWO-WAY,DIVIDED,POSITIVE MEDIAN BARRIER;GROOVED CONCRETE;DRY;DAYLIGHT;CLEAR;NO CONTROL PRESENT;;;-78.7699;35.7498;;;0;0;;;;;NONE;;PASSENGER CAR;PASSENGER CAR;;;;NO;14408;2018-12-17;4:39:26 PM;2018-12-17T21:39:26+00:00;;2018;No;No;12;;NONE;NONE;PASSENGER CAR,PASSENGER CAR;PASSENGER CAR,PASSENGER CAR;PASSENGER CAR,PASSENGER CAR;PASSENGER CAR,PASSENGER CAR
38031;.1 MILES FROM US HWY 1;NO SPECIAL FEATURE;STRAIGHT,LEVEL;US ROUTE;TWO-WAY,DIVIDED,POSITIVE MEDIAN BARRIER;GROOVED CONCRETE;DRY;DAYLIGHT;CLEAR;NO CONTROL PRESENT;;;-78.7767;35.7461;;;0;0;1;;;;NONE;;PASSENGER CAR;PASSENGER CAR;SPORT UTILITY;;;NO;14409;2018-12-17;4:57:57 PM;2018-12-17T21:57:57+00:00;;2018;No;No;12;;NONE;NONE;PASSENGER CAR,PASSENGER CAR;PASSENGER CAR,PASSENGER CAR,SPORT UTILITY;PASSENGER CAR,PASSENGER CAR,SPORT UTILITY;PASSENGER CAR,PASSENGER CAR,SPORT UTILITY
38044;100 FEET FROM SR 1300 (KILDAIRE FARM RD);NO SPECIAL FEATURE;CURVE,LEVEL;STATE SECONDARY ROUTE;TWO-WAY,NOT DIVIDED;SMOOTH ASPHALT;DRY;DARK - LIGHTED ROADWAY;CLEAR;NO CONTROL PRESENT;;;-78.780529;35.783061;;;0;0;1;;NONE;;NONE;;PASSENGER CAR;;;;;NO;14422;2018-12-14;11:59 PM;2018-12-15T04:59:00+00:00;;2018;No;No;12;NONE;NONE,NONE;NONE,NONE;PASSENGER CAR;PASSENGER CAR;PASSENGER CAR;PASSENGER CAR
38048;200 FEET FROM SR 1009 (TRYON RD);NO SPECIAL FEATURE;STRAIGHT,GRADE;STATE SECONDARY ROUTE;TWO-WAY,DIVIDED,POSITIVE MEDIAN BARRIER;SMOOTH ASPHALT;DRY;DARK - ROADWAY NOT LIGHTED;CLEAR;NO CONTROL PRESENT;;;-78.7722;35.7416;;;0;0;3;;NONE;;NONE;;SPORT UTILITY;PASSENGER CAR;PASSENGER CAR;;;NO;14426;2018-12-18;5:38:27 PM;2018-12-18T22:38:27+00:00;;2018;No;No;12;NONE;NONE,NONE;NONE,NONE;SPORT UTILITY,PASSENGER CAR;SPORT UTILITY,PASSENGER CAR,PASSENGER CAR;SPORT UTILITY,PASSENGER CAR,PASSENGER CAR;SPORT UTILITY,PASSENGER CAR,PASSENGER CAR
38049;CARY;NO SPECIAL FEATURE;STRAIGHT,HILLCREST;STATE SECONDARY ROUTE;TWO-WAY,DIVIDED,UNPROTECTED MEDIAN;SMOOTH ASPHALT;DRY;DARK - LIGHTED ROADWAY;CLEAR;STOP AND GO SIGNAL;;;-78.796013;35.798818;;;0;0;;;NONE;;NONE;;PASSENGER CAR;PASSENGER CAR;;;;NO;14427;2018-12-18;6:39:48 PM;2018-12-18T23:39:48+00:00;;2018;No;No;12;NONE;NONE,NONE;NONE,NONE;PASSENGER CAR,PASSENGER CAR;PASSENGER CAR,PASSENGER CAR;PASSENGER CAR,PASSENGER CAR;PASSENGER CAR,PASSENGER CAR
38055;300 FEET FROM SR-1300 (KILDAIRE FARM RD);NO SPECIAL FEATURE;STRAIGHT,LEVEL;STATE SECONDARY ROUTE;TWO-WAY,DIVIDED,UNPROTECTED MEDIAN;SMOOTH ASPHALT;DRY;DAYLIGHT;CLOUDY;NO CONTROL PRESENT;;;-78.7797;35.7409;;;0;0;;;NONE;;NONE;;SPORT UTILITY;PASSENGER CAR;;;;NO;14433;2018-12-19;12:20 PM;2018-12-19T17:20:00+00:00;;2018;No;No;12;NONE;NONE,NONE;NONE,NONE;SPORT UTILITY,PASSENGER CAR;SPORT UTILITY,PASSENGER CAR;SPORT UTILITY,PASSENGER CAR;SPORT UTILITY,PASSENGER CAR
38057;30 FEET FROM P.V.A. (U-HAUL);NO SPECIAL FEATURE;STRAIGHT,LEVEL;PUBLIC VEHICULAR AREA;TWO-WAY,NOT DIVIDED;SMOOTH ASPHALT;DRY;DAYLIGHT;CLEAR;NO CONTROL PRESENT;;;-78.7725;35.7894;;;0;0;;;NONE;;NONE;;PASSENGER CAR;UNKNOWN;;;;NO;14435;2018-12-19;3:52:44 PM;2018-12-19T20:52:44+00:00;;2018;No;No;12;NONE;NONE,NONE;NONE,NONE;PASSENGER CAR,UNKNOWN;PASSENGER CAR,UNKNOWN;PASSENGER CAR,UNKNOWN;PASSENGER CAR,UNKNOWN
38061;CARY;RELATED TO INTERSECTION;CURVE,LEVEL;PUBLIC VEHICULAR AREA;TWO-WAY,NOT DIVIDED;SMOOTH ASPHALT;DRY;DARK - LIGHTED ROADWAY;CLEAR;NO CONTROL PRESENT;;;-78.7601;35.7709;;;0;0;1;;NONE;;NONE;;SPORT UTILITY;PASSENGER CAR;;;;NO;14439;2018-12-19;6:08:16 PM;2018-12-19T23:08:16+00:00;;2018;No;No;12;NONE;NONE,NONE;NONE,NONE;SPORT UTILITY,PASSENGER CAR;SPORT UTILITY,PASSENGER CAR;SPORT UTILITY,PASSENGER CAR;SPORT UTILITY,PASSENGER CAR
38076;.1 MILES FROM SR 1379 (PENNY RD);NO SPECIAL FEATURE;CURVE,GRADE;STATE SECONDARY ROUTE;TWO-WAY,NOT DIVIDED;COARSE ASPHALT;DRY;DAYLIGHT;CLEAR;NO CONTROL PRESENT;;;-78.796569;35.7156982;;;0;0;5;;NONE;;NONE;;PASSENGER CAR;;;;;NO;14454;2018-12-19;4:07:29 PM;2018-12-19T21:07:29+00:00;;2018;No;No;12;NONE;NONE,NONE;NONE,NONE;PASSENGER CAR;PASSENGER CAR;PASSENGER CAR;PASSENGER CAR
38083;CARY;NO SPECIAL FEATURE;STRAIGHT,LEVEL;STATE SECONDARY ROUTE;TWO-WAY,NOT DIVIDED;SMOOTH ASPHALT;WET;DUSK;RAIN;NO CONTROL PRESENT;;;-78.7842;35.7634;;;0;0;;;NONE;;NONE;;PASSENGER CAR;PASSENGER CAR;;;;NO;14461;2018-12-20;1:45:12 PM;2018-12-20T18:45:12+00:00;;2018;No;No;12;NONE;NONE,NONE;NONE,NONE;PASSENGER CAR,PASSENGER CAR;PASSENGER CAR,PASSENGER CAR;PASSENGER CAR,PASSENGER CAR;PASSENGER CAR,PASSENGER CAR
38088;.26 MILES FROM P.P. (N CARY TREATMNT PLANT);NO SPECIAL FEATURE;STRAIGHT,GRADE;PRIVATE ROAD,DRIVEWAY;TWO-WAY,NOT DIVIDED;SMOOTH ASPHALT;WET;DAYLIGHT;RAIN;NO CONTROL PRESENT;;;-78.77576;35.834329;;;0;0;;;NONE;;NONE;;PICKUP;PICKUP;;;;NO;14466;2018-12-20;4:06:14 PM;2018-12-20T21:06:14+00:00;;2018;No;No;12;NONE;NONE,NONE;NONE,NONE;PICKUP,PICKUP;PICKUP,PICKUP;PICKUP,PICKUP;PICKUP,PICKUP
38098;300 FEET FROM SR 1313 (WALNUT ST;RELATED TO INTERSECTION;STRAIGHT,GRADE;STATE SECONDARY ROUTE;TWO-WAY,DIVIDED,UNPROTECTED MEDIAN;SMOOTH ASPHALT;WATER (STANDING, MOVING);DARK - LIGHTED ROADWAY;RAIN;NO CONTROL PRESENT;;;-78.7623;35.7709;;;0;0;;;NONE;;COMING FROM BEHIND PARKED VEHICLE;;PASSENGER CAR;;;;;NO;14476;2018-12-20;6:09:17 PM;2018-12-20T23:09:17+00:00;;2018;No;No;12;NONE;NONE,COMING FROM BEHIND PARKED VEHICLE;NONE,COMING FROM BEHIND PARKED VEHICLE;PASSENGER CAR;PASSENGER CAR;PASSENGER CAR;PASSENGER CAR
38099;217 FEET FROM (S.R. 1300) KILDAIRE FARM RD;NO SPECIAL FEATURE;STRAIGHT,LEVEL;STATE SECONDARY ROUTE;TWO-WAY,DIVIDED,UNPROTECTED MEDIAN;SMOOTH ASPHALT;WET;DAYLIGHT;RAIN;NO CONTROL PRESENT;;;-78.777;35.7316;;118;0;0;1;;NONE;;NONE;;PASSENGER CAR;PASSENGER CAR;;;;NO;14477;2018-12-20;12:19 PM;2018-12-20T17:19:00+00:00;;2018;No;No;12;NONE;NONE,NONE;NONE,NONE;PASSENGER CAR,PASSENGER CAR;PASSENGER CAR,PASSENGER CAR;PASSENGER CAR,PASSENGER CAR;PASSENGER CAR,PASSENGER CAR
38100;430 FEET FROM S.R. 1621 (GREEN HOPE SCHOOL R;NO SPECIAL FEATURE;STRAIGHT,LEVEL;STATE SECONDARY ROUTE;TWO-WAY,NOT DIVIDED;SMOOTH ASPHALT;WET;DAYLIGHT;CLOUDY;NO CONTROL PRESENT;;;-78.8929;35.8013;;;0;0;;;NONE;;NONE;;SPORT UTILITY;;;;;NO;14478;2018-12-21;9:23:56 AM;2018-12-21T14:23:56+00:00;;2018;No;No;12;NONE;NONE,NONE;NONE,NONE;SPORT UTILITY;SPORT UTILITY;SPORT UTILITY;SPORT UTILITY
38104;CARY;T-INTERSECTION;STRAIGHT,GRADE;LOCAL STREET;TWO-WAY,NOT DIVIDED;SMOOTH ASPHALT;WET;DARK - LIGHTED ROADWAY;RAIN;NO CONTROL PRESENT;;;-78.9194;35.8215;;;0;0;;;UNKNOWN;;;;PICKUP;;;;;NO;14482;2018-12-21;11:20 AM;2018-12-21T16:20:00+00:00;;2018;No;No;12;UNKNOWN;UNKNOWN;UNKNOWN;PICKUP;PICKUP;PICKUP;PICKUP
38112;CARY;FOUR-WAY INTERSECTION;STRAIGHT,LEVEL;STATE SECONDARY ROUTE;TWO-WAY,NOT DIVIDED;SMOOTH ASPHALT;DRY;DAYLIGHT;CLEAR;STOP AND GO SIGNAL;;;-78.8059;35.8264;;111;0;3;1;;NONE;;NONE;;PASSENGER CAR;VAN;;;;NO;14490;2018-12-21;9:01:37 AM;2018-12-21T14:01:37+00:00;;2018;No;Yes;12;NONE;NONE,NONE;NONE,NONE;PASSENGER CAR,VAN;PASSENGER CAR,VAN;PASSENGER CAR,VAN;PASSENGER CAR,VAN
38115;400 FEET FROM SR 1300 (KILDAIRE FARM RD);NO SPECIAL FEATURE;STRAIGHT,LEVEL;STATE SECONDARY ROUTE;TWO-WAY,NOT DIVIDED;SMOOTH ASPHALT;DRY;DAYLIGHT;CLEAR;NO CONTROL PRESENT;;;-78.7827;35.7641;;;0;0;1;;NONE;;NONE;;PICKUP;SPORT UTILITY;PASSENGER CAR;;;NO;14493;2018-12-21;1:16:08 PM;2018-12-21T18:16:08+00:00;;2018;No;No;12;NONE;NONE,NONE;NONE,NONE;PICKUP,SPORT UTILITY;PICKUP,SPORT UTILITY,PASSENGER CAR;PICKUP,SPORT UTILITY,PASSENGER CAR;PICKUP,SPORT UTILITY,PASSENGER CAR
38116;0.1 MILES FROM PVA (3717 DAVIS DR);NO SPECIAL FEATURE;STRAIGHT,LEVEL;PUBLIC VEHICULAR AREA;TWO-WAY,NOT DIVIDED;SMOOTH ASPHALT;WET;DARK - LIGHTED ROADWAY;RAIN;STOP SIGN;;;-78.853;35.83;;;0;0;2;;NONE;;NONE;;SPORT UTILITY;PASSENGER CAR;;;;NO;14494;2018-12-20;7:56:03 PM;2018-12-21T00:56:03+00:00;;2018;No;No;12;NONE;NONE,NONE;NONE,NONE;SPORT UTILITY,PASSENGER CAR;SPORT UTILITY,PASSENGER CAR;SPORT UTILITY,PASSENGER CAR;SPORT UTILITY,PASSENGER CAR
38123;200 FEET FROM SR 1747 (NE MAYNARD RD);NO SPECIAL FEATURE;STRAIGHT,GRADE;STATE SECONDARY ROUTE;TWO-WAY,NOT DIVIDED;SMOOTH ASPHALT;WET;DARK - LIGHTED ROADWAY;RAIN;NO CONTROL PRESENT;;;-78.7799;35.8029;;;0;0;;;NONE;;NONE;;PASSENGER CAR;PASSENGER CAR;;;;NO;14501;2018-12-20;5:37:46 PM;2018-12-20T22:37:46+00:00;;2018;No;No;12;NONE;NONE,NONE;NONE,NONE;PASSENGER CAR,PASSENGER CAR;PASSENGER CAR,PASSENGER CAR;PASSENGER CAR,PASSENGER CAR;PASSENGER CAR,PASSENGER CAR