tamainid;location_description;rdfeature;rdcharacter;rdclass;rdconfigur;rdsurface;rdcondition;lightcond;weather;trafcontrl;lat;lon;lon2;lat2;tract;zone;fatality;possblinj;numpassengers;numpedestrians;contrcir1_desc;contrcir2_desc;contrcir3_desc;contrcir4_desc;vehicle1;vehicle2;vehicle3;vehicle4;vehicle5;workarea;records;ta_date;ta_time;crash_date;geo_location;year;fatalities;injuries;month;contrfact1;contrfact2;contributing_factor;vehicleconcat1;vehicleconcat2;vehicleconcat3;vehicle_type
38148;0 FEET FROM SR 4067 (REGENCY PKWY);DRIVEWAY, PUBLIC;CURVE,LEVEL;STATE SECONDARY ROUTE;TWO-WAY,DIVIDED,UNPROTECTED MEDIAN;SMOOTH ASPHALT;DRY;DAYLIGHT;CLEAR;STOP SIGN;;;;;;;0;0;2;;NONE;;NONE;;PASSENGER CAR;SPORT UTILITY;;;;NO;14526;2018-12-21;12:55 PM;2018-12-21T17:55:00+00:00;;2018;No;No;12;NONE;NONE,NONE;NONE,NONE;PASSENGER CAR,SPORT UTILITY;PASSENGER CAR,SPORT UTILITY;PASSENGER CAR,SPORT UTILITY;PASSENGER CAR,SPORT UTILITY
38162;CARY;FOUR-WAY INTERSECTION;STRAIGHT,LEVEL;NC ROUTE;TWO-WAY,NOT DIVIDED;SMOOTH ASPHALT;DRY;DARK - LIGHTED ROADWAY;CLEAR;STOP AND GO SIGNAL;35.778468292;-78.87242544;-78.8713;35.784;P013;117;0;0;3;;NONE;;NONE;;PASSENGER CAR;PASSENGER CAR;;;;NO;14540;2018-12-24;11:22 PM;2018-12-25T04:22:00+00:00;35.778468292, -78.87242544;2018;No;No;12;NONE;NONE,NONE;NONE,NONE;PASSENGER CAR,PASSENGER CAR;PASSENGER CAR,PASSENGER CAR;PASSENGER CAR,PASSENGER CAR;PASSENGER CAR,PASSENGER CAR
38164;5 FEET FROM NC 55 HWY;NO SPECIAL FEATURE;STRAIGHT,LEVEL;NC ROUTE;TWO-WAY,DIVIDED,UNPROTECTED MEDIAN;SMOOTH ASPHALT;DRY;DAYLIGHT;CLEAR;STOP AND GO SIGNAL;;;-78.882;35.8352;;;0;0;;;NONE;;NONE;;PASSENGER CAR;SPORT UTILITY;;;;NO;14542;2018-12-24;2:07:16 PM;2018-12-24T19:07:16+00:00;;2018;No;No;12;NONE;NONE,NONE;NONE,NONE;PASSENGER CAR,SPORT UTILITY;PASSENGER CAR,SPORT UTILITY;PASSENGER CAR,SPORT UTILITY;PASSENGER CAR,SPORT UTILITY
38166;0 FEET FROM W CORNWALL RD;FOUR-WAY INTERSECTION;STRAIGHT,LEVEL;LOCAL STREET;TWO-WAY,DIVIDED,UNPROTECTED MEDIAN;SMOOTH ASPHALT;DRY;DAYLIGHT;CLEAR;STOP SIGN;35.775048104;-78.78972338;-78.7898;35.7751;P036;114;0;0;2;;NONE;;NONE;;SPORT UTILITY;PASSENGER CAR;;;;NO;14544;2018-12-25;2:30:13 PM;2018-12-25T19:30:13+00:00;35.775048104, -78.78972338;2018;No;No;12;NONE;NONE,NONE;NONE,NONE;SPORT UTILITY,PASSENGER CAR;SPORT UTILITY,PASSENGER CAR;SPORT UTILITY,PASSENGER CAR;SPORT UTILITY,PASSENGER CAR
38175;.1 MILES FROM SR 1625(GREEN LEVEL CHURCH RD);OTHER *;STRAIGHT,GRADE;STATE SECONDARY ROUTE;TWO-WAY,DIVIDED,UNPROTECTED MEDIAN;SMOOTH ASPHALT;DRY;DAYLIGHT;CLEAR;NO CONTROL PRESENT;;;-78.9021;35.8252;;;0;1;2;;NONE;;NONE;;PASSENGER CAR;VAN;;;;CONSTRUCTION WORK AREA;14553;2018-12-26;7:34:02 AM;2018-12-26T12:34:02+00:00;;2018;No;Yes;12;NONE;NONE,NONE;NONE,NONE;PASSENGER CAR,VAN;PASSENGER CAR,VAN;PASSENGER CAR,VAN;PASSENGER CAR,VAN
38182;50 FEET FROM SR 1152 HOLLY SPRINGS RD;NO SPECIAL FEATURE;STRAIGHT,LEVEL;STATE SECONDARY ROUTE;TWO-WAY,DIVIDED,POSITIVE MEDIAN BARRIER;SMOOTH ASPHALT;DRY;DAYLIGHT;CLEAR;STOP AND GO SIGNAL;;;-78.740526;35.745288;;;0;0;;;NONE;;NONE;;SPORT UTILITY;PASSENGER CAR;;;;NO;14560;2018-12-27;5:57:36 PM;2018-12-27T22:57:36+00:00;;2018;No;No;12;NONE;NONE,NONE;NONE,NONE;SPORT UTILITY,PASSENGER CAR;SPORT UTILITY,PASSENGER CAR;SPORT UTILITY,PASSENGER CAR;SPORT UTILITY,PASSENGER CAR
38185;CARY;NO SPECIAL FEATURE;STRAIGHT,LEVEL;STATE SECONDARY ROUTE;TWO-WAY,NOT DIVIDED;SMOOTH ASPHALT;WET;DARK - LIGHTED ROADWAY;CLEAR;NO CONTROL PRESENT;;;-78.807;35.7796;;;0;1;;;NONE;;NONE;;PASSENGER CAR;PASSENGER CAR;;;;NO;14563;2018-12-27;10:04 PM;2018-12-28T03:04:00+00:00;;2018;No;Yes;12;NONE;NONE,NONE;NONE,NONE;PASSENGER CAR,PASSENGER CAR;PASSENGER CAR,PASSENGER CAR;PASSENGER CAR,PASSENGER CAR;PASSENGER CAR,PASSENGER CAR
38187;.5 MILES FROM 109 SIR JAMES CT;NO SPECIAL FEATURE;STRAIGHT,GRADE;LOCAL STREET;TWO-WAY,NOT DIVIDED;SMOOTH ASPHALT;DRY;DAYLIGHT;CLOUDY;NO CONTROL PRESENT;35.803885013;-78.84045811;-78.8409;35.8046;P078;121;0;0;;;NONE;;NONE;;PASSENGER CAR;;;;;NO;14565;2018-12-27;12:24 PM;2018-12-27T17:24:00+00:00;35.803885013, -78.84045811;2018;No;No;12;NONE;NONE,NONE;NONE,NONE;PASSENGER CAR;PASSENGER CAR;PASSENGER CAR;PASSENGER CAR
38188;100 FEET FROM 3480 SR 1300 (KILDARE FARM RD);NO SPECIAL FEATURE;STRAIGHT,LEVEL;PUBLIC VEHICULAR AREA;TWO-WAY,NOT DIVIDED;SMOOTH ASPHALT;WET;DAYLIGHT;RAIN;NO CONTROL PRESENT;;;-78.7964;35.7046;;;0;0;;;NONE;;NONE;;PICKUP;SPORT UTILITY;;;;NO;14566;2018-12-28;11:33 AM;2018-12-28T16:33:00+00:00;;2018;No;No;12;NONE;NONE,NONE;NONE,NONE;PICKUP,SPORT UTILITY;PICKUP,SPORT UTILITY;PICKUP,SPORT UTILITY;PICKUP,SPORT UTILITY
38195;15 FEET FROM S.R. 1628 (OKELLY CHAPEL RD);RELATED TO INTERSECTION;STRAIGHT,LEVEL;STATE SECONDARY ROUTE;TWO-WAY,DIVIDED,POSITIVE MEDIAN BARRIER;COARSE ASPHALT;DRY;DAYLIGHT;CLEAR;STOP AND GO SIGNAL;;;-78.89081;35.84591;;;0;0;1;;NONE;;NONE;;SPORT UTILITY;SPORT UTILITY;;;;NO;14573;2018-12-29;11:39 AM;2018-12-29T16:39:00+00:00;;2018;No;No;12;NONE;NONE,NONE;NONE,NONE;SPORT UTILITY,SPORT UTILITY;SPORT UTILITY,SPORT UTILITY;SPORT UTILITY,SPORT UTILITY;SPORT UTILITY,SPORT UTILITY
38199;200 FEET FROM SR 1010 (TEN TEN RD);NO SPECIAL FEATURE;CURVE,GRADE;STATE SECONDARY ROUTE;TWO-WAY,NOT DIVIDED;COARSE ASPHALT;WET;DAYLIGHT;RAIN;NO CONTROL PRESENT;;;-78.810915;35.7151131;;;0;0;;;NONE;;NONE;;SPORT UTILITY;PASSENGER CAR;;;;NO;14577;2018-12-28;1:12:22 PM;2018-12-28T18:12:22+00:00;;2018;No;No;12;NONE;NONE,NONE;NONE,NONE;SPORT UTILITY,PASSENGER CAR;SPORT UTILITY,PASSENGER CAR;SPORT UTILITY,PASSENGER CAR;SPORT UTILITY,PASSENGER CAR
38201;200 FEET FROM CROSSROADS BLVD;FOUR-WAY INTERSECTION;STRAIGHT,LEVEL;LOCAL STREET;TWO-WAY,DIVIDED,POSITIVE MEDIAN BARRIER;SMOOTH ASPHALT;WET;DAYLIGHT;RAIN;NO CONTROL PRESENT;;;-78.7407;35.761;;;0;0;1;;NONE;;NONE;;PASSENGER CAR;PASSENGER CAR;;;;NO;14579;2018-12-28;2:34:08 PM;2018-12-28T19:34:08+00:00;;2018;No;No;12;NONE;NONE,NONE;NONE,NONE;PASSENGER CAR,PASSENGER CAR;PASSENGER CAR,PASSENGER CAR;PASSENGER CAR,PASSENGER CAR;PASSENGER CAR,PASSENGER CAR
38211;50 FEET FROM P.V.A (3470 KILDAIRE FARM RD);RELATED TO INTERSECTION;STRAIGHT,HILLCREST;PUBLIC VEHICULAR AREA;TWO-WAY,NOT DIVIDED;SMOOTH ASPHALT;DRY;DAYLIGHT;CLEAR;STOP SIGN;;;-78.794876;35.704362;;;0;0;3;;NONE;;NONE;;SPORT UTILITY;PASSENGER CAR;;;;NO;14589;2018-12-30;3:31:40 PM;2018-12-30T20:31:40+00:00;;2018;No;No;12;NONE;NONE,NONE;NONE,NONE;SPORT UTILITY,PASSENGER CAR;SPORT UTILITY,PASSENGER CAR;SPORT UTILITY,PASSENGER CAR;SPORT UTILITY,PASSENGER CAR
38214;10 FEET FROM GREGORY DR;RELATED TO INTERSECTION;STRAIGHT,LEVEL;LOCAL STREET;TWO-WAY,DIVIDED,UNPROTECTED MEDIAN;SMOOTH ASPHALT;WET;DARK - LIGHTED ROADWAY;CLOUDY;STOP AND GO SIGNAL;;;-78.774715;35.803097;;;0;0;;;NONE;;NONE;;PICKUP;PASSENGER CAR;;;;NO;14592;2018-12-31;5:46:00 PM;2018-12-31T22:46:00+00:00;;2018;No;No;12;NONE;NONE,NONE;NONE,NONE;PICKUP,PASSENGER CAR;PICKUP,PASSENGER CAR;PICKUP,PASSENGER CAR;PICKUP,PASSENGER CAR
38224;100 FEET FROM 1961 HIGH HOUSE RD SR 1615;DRIVEWAY, PUBLIC;STRAIGHT,LEVEL;PUBLIC VEHICULAR AREA;TWO-WAY,NOT DIVIDED;SMOOTH ASPHALT;DRY;DAYLIGHT;CLEAR;NO CONTROL PRESENT;35.791399507;-78.84721909;-78.8476;35.7906;P078;121;0;0;;;NONE;;NONE;;PASSENGER CAR;VAN;;;;NO;14602;2019-01-02;1:31:32 PM;2019-01-02T18:31:32+00:00;35.791399507, -78.84721909;2019;No;No;1;NONE;NONE,NONE;NONE,NONE;PASSENGER CAR,VAN;PASSENGER CAR,VAN;PASSENGER CAR,VAN;PASSENGER CAR,VAN
38225;230 FEET FROM SR 1415 (SE MAYNARD RD);NO SPECIAL FEATURE;CURVE,GRADE;STATE SECONDARY ROUTE;TWO-WAY,NOT DIVIDED;SMOOTH ASPHALT;DRY;DAYLIGHT;CLEAR;NO CONTROL PRESENT;;;-78.768;35.7668;;120;0;1;;;OTHER *;;NONE;;PASSENGER CAR;PASSENGER CAR;;;;NO;14603;2019-01-02;12:29 PM;2019-01-02T17:29:00+00:00;;2019;No;Yes;1;OTHER *;OTHER *,NONE;OTHER *,NONE;PASSENGER CAR,PASSENGER CAR;PASSENGER CAR,PASSENGER CAR;PASSENGER CAR,PASSENGER CAR;PASSENGER CAR,PASSENGER CAR
38244;.05 MILES FROM SR 1625 (GREEN LEVEL CHURCH RD;RELATED TO INTERSECTION;STRAIGHT,HILLCREST;STATE SECONDARY ROUTE;TWO-WAY,DIVIDED,UNPROTECTED MEDIAN;SMOOTH ASPHALT;DRY;DAYLIGHT;CLEAR;STOP AND GO SIGNAL;;;-78.8997;35.8413;;119;0;0;3;;NONE;;NONE;;SPORT UTILITY;VAN;VAN;;;NO;14622;2019-01-02;9:14:14 AM;2019-01-02T14:14:14+00:00;;2019;No;No;1;NONE;NONE,NONE;NONE,NONE;SPORT UTILITY,VAN;SPORT UTILITY,VAN,VAN;SPORT UTILITY,VAN,VAN;SPORT UTILITY,VAN,VAN
38248;CARY;FOUR-WAY INTERSECTION;STRAIGHT,LEVEL;STATE SECONDARY ROUTE;TWO-WAY,DIVIDED,UNPROTECTED MEDIAN;SMOOTH ASPHALT;WET;DAYLIGHT;RAIN;STOP AND GO SIGNAL;;;-78.762883;35.743327;;118;0;0;;;NONE;;NONE;;PICKUP;PASSENGER CAR;;;;NO;14626;2019-01-04;12:08 PM;2019-01-04T17:08:00+00:00;;2019;No;No;1;NONE;NONE,NONE;NONE,NONE;PICKUP,PASSENGER CAR;PICKUP,PASSENGER CAR;PICKUP,PASSENGER CAR;PICKUP,PASSENGER CAR
38250;30 FEET FROM P.V.A. (WELLS FARGO BANK);NO SPECIAL FEATURE;STRAIGHT,LEVEL;PUBLIC VEHICULAR AREA;TWO-WAY,NOT DIVIDED;SMOOTH ASPHALT;WATER (STANDING, MOVING);DAYLIGHT;RAIN;NO CONTROL PRESENT;;;-78.7605;35.7698;;120;0;0;;;NONE;;NONE;;PASSENGER CAR;PICKUP;;;;NO;14628;2019-01-04;12:59 PM;2019-01-04T17:59:00+00:00;;2019;No;No;1;NONE;NONE,NONE;NONE,NONE;PASSENGER CAR,PICKUP;PASSENGER CAR,PICKUP;PASSENGER CAR,PICKUP;PASSENGER CAR,PICKUP
38252;CARY;FOUR-WAY INTERSECTION;CURVE,GRADE;STATE SECONDARY ROUTE;TWO-WAY,DIVIDED,POSITIVE MEDIAN BARRIER;COARSE ASPHALT;WET;DAYLIGHT;RAIN;STOP AND GO SIGNAL;;;-78.788114;35.7362161;;116;0;0;;;NONE;;NONE;;PASSENGER CAR;SPORT UTILITY;;;;NO;14630;2019-01-04;8:01:47 AM;2019-01-04T13:01:47+00:00;;2019;No;No;1;NONE;NONE,NONE;NONE,NONE;PASSENGER CAR,SPORT UTILITY;PASSENGER CAR,SPORT UTILITY;PASSENGER CAR,SPORT UTILITY;PASSENGER CAR,SPORT UTILITY
38254;169 FEET FROM P.V.A. (1500 N HARRISON AV);;;;;;;DARK - LIGHTED ROADWAY;;;;;-78.77079;35.819118;;;0;0;;;;;;;;;;;;;14632;2018-12-08;12:00 AM;2018-12-08T05:00:00+00:00;;2018;No;No;12;;;;;;;
38261;0 FEET FROM SR 3081 (CHAPEL HILL RD);FOUR-WAY INTERSECTION;STRAIGHT,LEVEL;STATE SECONDARY ROUTE;TWO-WAY,DIVIDED,UNPROTECTED MEDIAN;COARSE ASPHALT;DRY;DARK - LIGHTED ROADWAY;CLEAR;STOP AND GO SIGNAL;;;-78.783249;35.791956;;113;0;0;;;NONE;;NONE;;PASSENGER CAR;PASSENGER CAR;;;;NO;14639;2019-01-06;12:52 AM;2019-01-06T05:52:00+00:00;;2019;No;No;1;NONE;NONE,NONE;NONE,NONE;PASSENGER CAR,PASSENGER CAR;PASSENGER CAR,PASSENGER CAR;PASSENGER CAR,PASSENGER CAR;PASSENGER CAR,PASSENGER CAR
38267;75 FEET FROM P.V.A. (748-D E CHATHAM ST);DRIVEWAY, PUBLIC;STRAIGHT,LEVEL;PUBLIC VEHICULAR AREA;TWO-WAY,NOT DIVIDED;COARSE ASPHALT;WET;DAYLIGHT;RAIN;;35.601953675;-78.79930456;-78.766;35.7916;;120;0;2;3;;NONE;;NONE;;SPORT UTILITY;PASSENGER CAR;;;;NO;14645;2019-01-04;4:02:15 PM;2019-01-04T21:02:15+00:00;35.601953675, -78.79930456;2019;No;Yes;1;NONE;NONE,NONE;NONE,NONE;SPORT UTILITY,PASSENGER CAR;SPORT UTILITY,PASSENGER CAR;SPORT UTILITY,PASSENGER CAR;SPORT UTILITY,PASSENGER CAR
38271;0.081 MILES FROM 2861 JONES FRANKLIN RD;NO SPECIAL FEATURE;STRAIGHT,LEVEL;PUBLIC VEHICULAR AREA;TWO-WAY,NOT DIVIDED;SMOOTH ASPHALT;WET;DARK - LIGHTED ROADWAY;RAIN;NO CONTROL PRESENT;;;-78.73787;35.743735;;118;0;0;;;NONE;;NONE;;PASSENGER CAR;PASSENGER CAR;;;;NO;14649;2019-01-04;5:05:22 PM;2019-01-04T22:05:22+00:00;;2019;No;No;1;NONE;NONE,NONE;NONE,NONE;PASSENGER CAR,PASSENGER CAR;PASSENGER CAR,PASSENGER CAR;PASSENGER CAR,PASSENGER CAR;PASSENGER CAR,PASSENGER CAR
38274;60 FEET FROM SR 1618 (WALDO ROOD BLVD);FOUR-WAY INTERSECTION;STRAIGHT,LEVEL;STATE SECONDARY ROUTE;TWO-WAY,NOT DIVIDED;COARSE ASPHALT;DRY;DAYLIGHT;CLEAR;STOP AND GO SIGNAL;;;-78.838267;35.780642;;117;0;0;;;NONE;;NONE;;PASSENGER CAR;SPORT UTILITY;;;;NO;14652;2019-01-05;1:40:58 PM;2019-01-05T18:40:58+00:00;;2019;No;No;1;NONE;NONE,NONE;NONE,NONE;PASSENGER CAR,SPORT UTILITY;PASSENGER CAR,SPORT UTILITY;PASSENGER CAR,SPORT UTILITY;PASSENGER CAR,SPORT UTILITY
38277;110 FEET FROM P.V.A (302 COLONADES WAY);NO SPECIAL FEATURE;STRAIGHT,LEVEL;PUBLIC VEHICULAR AREA;TWO-WAY,DIVIDED,UNPROTECTED MEDIAN;SMOOTH ASPHALT;DRY;DAYLIGHT;CLEAR;NO CONTROL PRESENT;35.742101162;-78.88001951;-78.778586;35.738662;P115;APEX;0;0;2;;NONE;;NONE;;PICKUP;PASSENGER CAR;;;;NO;14655;2019-01-06;3:32:24 PM;2019-01-06T20:32:24+00:00;35.742101162, -78.88001951;2019;No;No;1;NONE;NONE,NONE;NONE,NONE;PICKUP,PASSENGER CAR;PICKUP,PASSENGER CAR;PICKUP,PASSENGER CAR;PICKUP,PASSENGER CAR
38303;208 FEET FROM P.V.A (110 MIDDLE CREEK PARK A;NO SPECIAL FEATURE;CURVE,LEVEL;PUBLIC VEHICULAR AREA;ONE-WAY,NOT DIVIDED;SMOOTH ASPHALT;DRY;DAYLIGHT;CLEAR;NO CONTROL PRESENT;35.911316473;-78.48064892;-78.760036;35.669855;P119;RALW;0;0;;;NONE;;NONE;;VAN;;;;;NO;14681;2019-01-07;3:08:55 PM;2019-01-07T20:08:55+00:00;35.911316473, -78.48064892;2019;No;No;1;NONE;NONE,NONE;NONE,NONE;VAN;VAN;VAN;VAN
38304;211 FEET FROM PVA (1510 N HARRISON AV);NO SPECIAL FEATURE;STRAIGHT,LEVEL;PUBLIC VEHICULAR AREA;TWO-WAY,NOT DIVIDED;SMOOTH ASPHALT;DRY;DAYLIGHT;CLEAR;NO CONTROL PRESENT;;;-78.7691;35.8188;;111;0;0;1;;NONE;;NONE;;PASSENGER CAR;PASSENGER CAR;;;;NO;14682;2019-01-07;2:52:10 PM;2019-01-07T19:52:10+00:00;;2019;No;No;1;NONE;NONE,NONE;NONE,NONE;PASSENGER CAR,PASSENGER CAR;PASSENGER CAR,PASSENGER CAR;PASSENGER CAR,PASSENGER CAR;PASSENGER CAR,PASSENGER CAR
38306;.25 MILES FROM PVA (270 NOTTINGHAM DR);NO SPECIAL FEATURE;STRAIGHT,LEVEL;PUBLIC VEHICULAR AREA;TWO-WAY,NOT DIVIDED;SMOOTH ASPHALT;DRY;DARK - LIGHTED ROADWAY;CLEAR;NO CONTROL PRESENT;;;-78.743148;35.768423;;112;0;0;;;NONE;;NONE;;PASSENGER CAR;PASSENGER CAR;;;;NO;14684;2019-01-08;6:54:29 PM;2019-01-08T23:54:29+00:00;;2019;No;No;1;NONE;NONE,NONE;NONE,NONE;PASSENGER CAR,PASSENGER CAR;PASSENGER CAR,PASSENGER CAR;PASSENGER CAR,PASSENGER CAR;PASSENGER CAR,PASSENGER CAR
38307;323 FEET FROM SR 1313 (WALNUT ST);NO SPECIAL FEATURE;STRAIGHT,LEVEL;STATE SECONDARY ROUTE;TWO-WAY,NOT DIVIDED;SMOOTH ASPHALT;WET;DAYLIGHT;CLOUDY;NO CONTROL PRESENT;;;-78.7724;35.7787;;120;0;0;;;NONE;;NONE;;PASSENGER CAR;;;;;NO;14685;2019-01-03;3:45:16 PM;2019-01-03T20:45:16+00:00;;2019;No;No;1;NONE;NONE,NONE;NONE,NONE;PASSENGER CAR;PASSENGER CAR;PASSENGER CAR;PASSENGER CAR
38311;.1 MILES FROM SR 1010 (TEN TEN RD);NO SPECIAL FEATURE;STRAIGHT,GRADE;STATE SECONDARY ROUTE;TWO-WAY,NOT DIVIDED;COARSE ASPHALT;DRY;DAYLIGHT;CLEAR;NO CONTROL PRESENT;;;-78.784515;35.7009952;;116;0;0;1;;NONE;;NONE;;PASSENGER CAR;PASSENGER CAR;;;;NO;14689;2019-01-09;8:18:27 AM;2019-01-09T13:18:27+00:00;;2019;No;No;1;NONE;NONE,NONE;NONE,NONE;PASSENGER CAR,PASSENGER CAR;PASSENGER CAR,PASSENGER CAR;PASSENGER CAR,PASSENGER CAR;PASSENGER CAR,PASSENGER CAR
38313;CARY;DRIVEWAY, PUBLIC;STRAIGHT,LEVEL;PUBLIC VEHICULAR AREA;TWO-WAY,NOT DIVIDED;SMOOTH ASPHALT;DRY;DAYLIGHT;CLEAR;NO CONTROL PRESENT;;;-78.786152;35.739533;;115;0;0;;;UNKNOWN;;NONE;;PASSENGER CAR;PASSENGER CAR;;;;NO;14691;2019-01-07;8:09:27 AM;2019-01-07T13:09:27+00:00;;2019;No;No;1;UNKNOWN;UNKNOWN,NONE;UNKNOWN,NONE;PASSENGER CAR,PASSENGER CAR;PASSENGER CAR,PASSENGER CAR;PASSENGER CAR,PASSENGER CAR;PASSENGER CAR,PASSENGER CAR
38314;0.587 MILES FROM US 1;NO SPECIAL FEATURE;STRAIGHT,LEVEL;US ROUTE;ONE-WAY,NOT DIVIDED;CONCRETE;DRY;DAYLIGHT;CLEAR;NO CONTROL PRESENT;;;-78.741235;35.764291;;112;0;0;;;NONE;;NONE;;PASSENGER CAR;PASSENGER CAR;;;;NO;14692;2019-01-08;3:16:52 PM;2019-01-08T20:16:52+00:00;;2019;No;No;1;NONE;NONE,NONE;NONE,NONE;PASSENGER CAR,PASSENGER CAR;PASSENGER CAR,PASSENGER CAR;PASSENGER CAR,PASSENGER CAR;PASSENGER CAR,PASSENGER CAR
38316;50 MILES FROM US 1;ON-RAMP ENTRY;CURVE,GRADE;US ROUTE;TWO-WAY,DIVIDED,POSITIVE MEDIAN BARRIER;COARSE ASPHALT;DRY;DAYLIGHT;CLEAR;YIELD SIGN;;;-78.7448;35.7607;;112;0;0;;;NONE;;NONE;;PASSENGER CAR;PASSENGER CAR;;;;NO;14694;2019-01-09;4:06:11 PM;2019-01-09T21:06:11+00:00;;2019;No;No;1;NONE;NONE,NONE;NONE,NONE;PASSENGER CAR,PASSENGER CAR;PASSENGER CAR,PASSENGER CAR;PASSENGER CAR,PASSENGER CAR;PASSENGER CAR,PASSENGER CAR
38320;200 FEET FROM 575-102 NEW WAVERLY PL;NO SPECIAL FEATURE;STRAIGHT,LEVEL;PUBLIC VEHICULAR AREA;TWO-WAY,NOT DIVIDED;SMOOTH ASPHALT;DRY;DAYLIGHT;CLEAR;NO CONTROL PRESENT;35.736717286;-78.77861754;-78.7777;35.7375;P053;116;0;0;;;NONE;;NONE;;PASSENGER CAR;SPORT UTILITY;;;;NO;14698;2019-01-10;1:24:12 PM;2019-01-10T18:24:12+00:00;35.736717286, -78.77861754;2019;No;No;1;NONE;NONE,NONE;NONE,NONE;PASSENGER CAR,SPORT UTILITY;PASSENGER CAR,SPORT UTILITY;PASSENGER CAR,SPORT UTILITY;PASSENGER CAR,SPORT UTILITY
38325;CARY;FOUR-WAY INTERSECTION;STRAIGHT,LEVEL;STATE SECONDARY ROUTE;TWO-WAY,DIVIDED,UNPROTECTED MEDIAN;SMOOTH ASPHALT;DRY;DARK - LIGHTED ROADWAY;CLEAR;STOP AND GO SIGNAL;;;-78.810036;35.7834;;114;0;2;1;;NONE;;NONE;;PASSENGER CAR;PASSENGER CAR;;;;NO;14703;2019-01-08;9:25:14 PM;2019-01-09T02:25:14+00:00;;2019;No;Yes;1;NONE;NONE,NONE;NONE,NONE;PASSENGER CAR,PASSENGER CAR;PASSENGER CAR,PASSENGER CAR;PASSENGER CAR,PASSENGER CAR;PASSENGER CAR,PASSENGER CAR
38332;0 FEET FROM S HARRISON AV;FOUR-WAY INTERSECTION;STRAIGHT,LEVEL;LOCAL STREET;TWO-WAY,DIVIDED,UNPROTECTED MEDIAN;SMOOTH ASPHALT;DRY;DARK - LIGHTED ROADWAY;CLEAR;NO CONTROL PRESENT;35.783075741;-78.78335968;-78.7832;35.7831;P035;114;0;0;;;NONE;;NONE;;PASSENGER CAR;PASSENGER CAR;;;;NO;14710;2019-01-10;10:28 PM;2019-01-11T03:28:00+00:00;35.783075741, -78.78335968;2019;No;No;1;NONE;NONE,NONE;NONE,NONE;PASSENGER CAR,PASSENGER CAR;PASSENGER CAR,PASSENGER CAR;PASSENGER CAR,PASSENGER CAR;PASSENGER CAR,PASSENGER CAR
38335;CARY;;;;;;;;;;;;;;;118;0;0;;;;;;;;;;;;;14713;2019-01-03;12:00 AM;2019-01-03T05:00:00+00:00;;2019;No;No;1;;;;;;;
38336;200 FEET FROM CREST RD;NO SPECIAL FEATURE;CURVE,GRADE;LOCAL STREET;TWO-WAY,NOT DIVIDED;SMOOTH ASPHALT;DRY;DAYLIGHT;CLEAR;NO CONTROL PRESENT;35.788015809;-78.7951162;-78.7953;35.7873;P026;114;0;1;;;;;NONE;;PASSENGER CAR;;;;;NO;14714;2019-01-08;5:01:44 PM;2019-01-08T22:01:44+00:00;35.788015809, -78.7951162;2019;No;Yes;1;;NONE;NONE;PASSENGER CAR;PASSENGER CAR;PASSENGER CAR;PASSENGER CAR
38337;60 FEET FROM SR3977 (SW CARY PKWY);NO SPECIAL FEATURE;CURVE,LEVEL;STATE SECONDARY ROUTE;TWO-WAY,DIVIDED,POSITIVE MEDIAN BARRIER;SMOOTH ASPHALT;DRY;DAYLIGHT;CLEAR;NO CONTROL PRESENT;;;-78.8308;35.7703;;117;0;0;2;;NONE;;NONE;;PASSENGER CAR;PASSENGER CAR;;;;NO;14715;2019-01-09;1:54:20 PM;2019-01-09T18:54:20+00:00;;2019;No;No;1;NONE;NONE,NONE;NONE,NONE;PASSENGER CAR,PASSENGER CAR;PASSENGER CAR,PASSENGER CAR;PASSENGER CAR,PASSENGER CAR;PASSENGER CAR,PASSENGER CAR
38339;250 FEET FROM P.V.A. (101 METLIFE WAY);NO SPECIAL FEATURE;STRAIGHT,LEVEL;PUBLIC VEHICULAR AREA;TWO-WAY,NOT DIVIDED;CONCRETE;DRY;DAYLIGHT;CLEAR;NO CONTROL PRESENT;;;-78.8016;35.8307;;111;0;0;;;NONE;;NONE;;PASSENGER CAR;PASSENGER CAR;;;;NO;14717;2019-01-10;11:32 AM;2019-01-10T16:32:00+00:00;;2019;No;No;1;NONE;NONE,NONE;NONE,NONE;PASSENGER CAR,PASSENGER CAR;PASSENGER CAR,PASSENGER CAR;PASSENGER CAR,PASSENGER CAR;PASSENGER CAR,PASSENGER CAR
38358;CARY;;;;;;;;;;;;;;;;0;0;;;;;;;;;;;;;14736;2018-12-15;12:00 AM;2018-12-15T05:00:00+00:00;;2018;No;No;12;;;;;;;
38366;488 FEET FROM PP 801 HIGH HOUSE ROAD;NO SPECIAL FEATURE;CURVE,LEVEL;PRIVATE ROAD,DRIVEWAY;ONE-WAY,NOT DIVIDED;SMOOTH ASPHALT;DRY;DAYLIGHT;CLEAR;NO CONTROL PRESENT;35.871073771;-78.64511625;-78.829819;35.783096;P119;117;0;0;;;NONE;;NONE;;PICKUP;;;;;NO;14744;2019-01-14;2:18:38 PM;2019-01-14T19:18:38+00:00;35.871073771, -78.64511625;2019;No;No;1;NONE;NONE,NONE;NONE,NONE;PICKUP;PICKUP;PICKUP;PICKUP