tamainid;location_description;rdfeature;rdcharacter;rdclass;rdconfigur;rdsurface;rdcondition;lightcond;weather;trafcontrl;lat;lon;lon2;lat2;tract;zone;fatality;possblinj;numpassengers;numpedestrians;contrcir1_desc;contrcir2_desc;contrcir3_desc;contrcir4_desc;vehicle1;vehicle2;vehicle3;vehicle4;vehicle5;workarea;records;ta_date;ta_time;crash_date;geo_location;year;fatalities;injuries;month;contrfact1;contrfact2;contributing_factor;vehicleconcat1;vehicleconcat2;vehicleconcat3;vehicle_type
38932;.1 MILES FROM SR 3977 (WALNUT ST);NO SPECIAL FEATURE;STRAIGHT,LEVEL;STATE SECONDARY ROUTE;TWO-WAY,DIVIDED,UNPROTECTED MEDIAN;SMOOTH ASPHALT;DRY;DAYLIGHT;CLEAR;NO CONTROL PRESENT;;;-78.7452;35.7624;;;0;0;;;NONE;;NONE;;PICKUP;SPORT UTILITY;;;;NO;15310;2019-02-28;11:48 AM;2019-02-28T16:48:00+00:00;;2019;No;No;2;NONE;NONE,NONE;NONE,NONE;PICKUP,SPORT UTILITY;PICKUP,SPORT UTILITY;PICKUP,SPORT UTILITY;PICKUP,SPORT UTILITY
38936;0 FEET FROM SR 1435 (GREGSON DR);FOUR-WAY INTERSECTION;STRAIGHT,LEVEL;STATE SECONDARY ROUTE;TWO-WAY,NOT DIVIDED;SMOOTH ASPHALT;DRY;DARK - ROADWAY NOT LIGHTED;CLEAR;STOP SIGN;;;-78.805012;35.739558;;116;0;0;;;NONE;;NONE;;PASSENGER CAR;PASSENGER CAR;;;;NO;15314;2019-02-28;6:54:30 PM;2019-02-28T23:54:30+00:00;;2019;No;No;2;NONE;NONE,NONE;NONE,NONE;PASSENGER CAR,PASSENGER CAR;PASSENGER CAR,PASSENGER CAR;PASSENGER CAR,PASSENGER CAR;PASSENGER CAR,PASSENGER CAR
38966;432 FEET FROM SR 1313 (WALNUT ST);RELATED TO INTERSECTION;STRAIGHT,LEVEL;STATE SECONDARY ROUTE;TWO-WAY,DIVIDED,UNPROTECTED MEDIAN;SMOOTH ASPHALT;DRY;DAYLIGHT;CLOUDY;STOP AND GO SIGNAL;;;-78.744346;35.761206;;;0;0;;;NONE;;NONE;;SPORT UTILITY;SPORT UTILITY;;;;NO;15344;2019-03-03;2:34:44 PM;2019-03-03T19:34:44+00:00;;2019;No;No;3;NONE;NONE,NONE;NONE,NONE;SPORT UTILITY,SPORT UTILITY;SPORT UTILITY,SPORT UTILITY;SPORT UTILITY,SPORT UTILITY;SPORT UTILITY,SPORT UTILITY
38969;24 FEET FROM SR 1300 (KILDAIRE FARM RD);RELATED TO INTERSECTION;STRAIGHT,LEVEL;STATE SECONDARY ROUTE;TWO-WAY,NOT DIVIDED;SMOOTH ASPHALT;WET;DAYLIGHT;RAIN;STOP AND GO SIGNAL;;;-78.7818;35.7708;;;0;2;1;;NONE;;NONE;;SPORT UTILITY;PASSENGER CAR;;;;NO;15347;2019-03-01;4:15:15 PM;2019-03-01T21:15:15+00:00;;2019;No;Yes;3;NONE;NONE,NONE;NONE,NONE;SPORT UTILITY,PASSENGER CAR;SPORT UTILITY,PASSENGER CAR;SPORT UTILITY,PASSENGER CAR;SPORT UTILITY,PASSENGER CAR
38972;50 FEET FROM US 1 HWY;NO SPECIAL FEATURE;STRAIGHT,LEVEL;US ROUTE;TWO-WAY,DIVIDED,UNPROTECTED MEDIAN;COARSE ASPHALT;DRY;DAYLIGHT;CLOUDY;NO CONTROL PRESENT;;;-78.7366;35.766;;112;0;0;;;;;NONE;;VAN;VAN;;;;NO;15350;2019-03-03;12:46 PM;2019-03-03T17:46:00+00:00;;2019;No;No;3;;NONE;NONE;VAN,VAN;VAN,VAN;VAN,VAN;VAN,VAN
38974;25 FEET FROM US 1 HWY;RELATED TO INTERSECTION;STRAIGHT,HILLCREST;US ROUTE;TWO-WAY,DIVIDED,UNPROTECTED MEDIAN;COARSE ASPHALT;DRY;DAYLIGHT;CLOUDY;STOP AND GO SIGNAL;;;-78.7488;35.7637;;112;0;0;2;;;;NONE;;SPORT UTILITY;SPORT UTILITY;;;;NO;15352;2019-03-02;9:30:21 AM;2019-03-02T14:30:21+00:00;;2019;No;No;3;;NONE;NONE;SPORT UTILITY,SPORT UTILITY;SPORT UTILITY,SPORT UTILITY;SPORT UTILITY,SPORT UTILITY;SPORT UTILITY,SPORT UTILITY
38985;10 FEET FROM S.R. 1415 (MAYNARD RD);RELATED TO INTERSECTION;STRAIGHT,LEVEL;STATE SECONDARY ROUTE;TWO-WAY,NOT DIVIDED;SMOOTH ASPHALT;DRY;DAYLIGHT;CLEAR;STOP AND GO SIGNAL;;;-78.7801;35.8048;;;0;0;;;;;NONE;;PASSENGER CAR;PASSENGER CAR;;;;NO;15363;2019-03-04;12:51 PM;2019-03-04T17:51:00+00:00;;2019;No;No;3;;NONE;NONE;PASSENGER CAR,PASSENGER CAR;PASSENGER CAR,PASSENGER CAR;PASSENGER CAR,PASSENGER CAR;PASSENGER CAR,PASSENGER CAR
39001;0 FEET FROM SR 1652 (N HARRISON AV);T-INTERSECTION;STRAIGHT,LEVEL;STATE SECONDARY ROUTE;TWO-WAY,NOT DIVIDED;COARSE ASPHALT;DRY;DAYLIGHT;CLEAR;STOP SIGN;;;-78.783321;35.788389;;;0;0;;;NONE;;NONE;;PICKUP;VAN;PASSENGER CAR;;;NO;15379;2019-03-05;3:18:27 PM;2019-03-05T20:18:27+00:00;;2019;No;No;3;NONE;NONE,NONE;NONE,NONE;PICKUP,VAN;PICKUP,VAN,PASSENGER CAR;PICKUP,VAN,PASSENGER CAR;PICKUP,VAN,PASSENGER CAR
39003;2 MILES FROM US 1 N;NO SPECIAL FEATURE;STRAIGHT,LEVEL;US ROUTE;TWO-WAY,DIVIDED,POSITIVE MEDIAN BARRIER;SMOOTH ASPHALT;DRY;DAYLIGHT;CLEAR;NO CONTROL PRESENT;;;-78.749705;35.759411;;;0;0;;;NONE;;NONE;;PASSENGER CAR;SPORT UTILITY;;;;NO;15381;2019-03-05;4:47:53 PM;2019-03-05T21:47:53+00:00;;2019;No;No;3;NONE;NONE,NONE;NONE,NONE;PASSENGER CAR,SPORT UTILITY;PASSENGER CAR,SPORT UTILITY;PASSENGER CAR,SPORT UTILITY;PASSENGER CAR,SPORT UTILITY
39009;100 FEET FROM 123 MIDDLE CREEK PARK AV;NO SPECIAL FEATURE;STRAIGHT,LEVEL;PUBLIC VEHICULAR AREA;TWO-WAY,NOT DIVIDED;SMOOTH ASPHALT;DRY;DAYLIGHT;CLEAR;NO CONTROL PRESENT;;;-78.761;35.699;;;0;0;;;NONE;;NONE;;PICKUP;PASSENGER CAR;;;;NO;15387;2019-03-06;7:04:39 AM;2019-03-06T12:04:39+00:00;;2019;No;No;3;NONE;NONE,NONE;NONE,NONE;PICKUP,PASSENGER CAR;PICKUP,PASSENGER CAR;PICKUP,PASSENGER CAR;PICKUP,PASSENGER CAR
39018;.1 MILES FROM NC 55 HWY;NO SPECIAL FEATURE;STRAIGHT,LEVEL;NC ROUTE;TWO-WAY,DIVIDED,POSITIVE MEDIAN BARRIER;SMOOTH ASPHALT;DRY;DAYLIGHT;CLEAR;NO CONTROL PRESENT;35.833012657;-78.880246;-78.882263;35.835261;P091;WAKE;0;1;3;;NONE;;NONE;;SPORT UTILITY;SPORT UTILITY;;;;CONSTRUCTION WORK AREA;15396;2019-03-06;10:39 AM;2019-03-06T15:39:00+00:00;35.833012657, -78.880246;2019;No;Yes;3;NONE;NONE,NONE;NONE,NONE;SPORT UTILITY,SPORT UTILITY;SPORT UTILITY,SPORT UTILITY;SPORT UTILITY,SPORT UTILITY;SPORT UTILITY,SPORT UTILITY
39029;0 FEET FROM HUNTER ST;FOUR-WAY INTERSECTION;STRAIGHT,GRADE;LOCAL STREET;TWO-WAY,NOT DIVIDED;SMOOTH ASPHALT;DRY;DAYLIGHT;CLEAR;STOP SIGN;35.786712286;-78.77537784;-78.7754;35.7866;P125;120;0;0;;;NONE;;NONE;;PASSENGER CAR;VAN;;;;NO;15407;2019-03-07;3:55:36 PM;2019-03-07T20:55:36+00:00;35.786712286, -78.77537784;2019;No;No;3;NONE;NONE,NONE;NONE,NONE;PASSENGER CAR,VAN;PASSENGER CAR,VAN;PASSENGER CAR,VAN;PASSENGER CAR,VAN
39034;CARY;NO SPECIAL FEATURE;STRAIGHT,HILLCREST;LOCAL STREET;TWO-WAY,DIVIDED,POSITIVE MEDIAN BARRIER;CONCRETE;DRY;DAYLIGHT;CLOUDY;STOP AND GO SIGNAL;35.818808338;-78.90247508;-78.902614;35.818785;P015;122;0;0;;;NONE;;NONE;;PASSENGER CAR;PASSENGER CAR;;;;NO;15412;2019-03-08;10:48 AM;2019-03-08T15:48:00+00:00;35.818808338, -78.90247508;2019;No;No;3;NONE;NONE,NONE;NONE,NONE;PASSENGER CAR,PASSENGER CAR;PASSENGER CAR,PASSENGER CAR;PASSENGER CAR,PASSENGER CAR;PASSENGER CAR,PASSENGER CAR
39043;250 FEET FROM P.V.A. 313 SE MAYNARD RD;NO SPECIAL FEATURE;STRAIGHT,GRADE;PUBLIC VEHICULAR AREA;TWO-WAY,NOT DIVIDED;SMOOTH ASPHALT;UNKNOWN;UNKNOWN;OTHER *;NO CONTROL PRESENT;;;-78.774119;35.767568;;;0;0;;;UNKNOWN;;;;UNKNOWN;SPORT UTILITY;;;;NO;15421;2019-03-10;5:45:04 PM;2019-03-10T21:45:04+00:00;;2019;No;No;3;UNKNOWN;UNKNOWN;UNKNOWN;UNKNOWN,SPORT UTILITY;UNKNOWN,SPORT UTILITY;UNKNOWN,SPORT UTILITY;UNKNOWN,SPORT UTILITY
39056;0 FEET FROM I 40 EXIT 287 RAMP EB;RELATED TO INTERSECTION;STRAIGHT,GRADE;INTERSTATE;ONE-WAY,NOT DIVIDED;SMOOTH ASPHALT;WET;DARK - LIGHTED ROADWAY;RAIN;STOP AND GO SIGNAL;35.620677862;-78.73056383;-78.765127;35.831278;P119;111;0;0;;;NONE;;NONE;;PASSENGER CAR;PASSENGER CAR;;;;NO;15434;2019-03-10;7:46:04 AM;2019-03-10T11:46:04+00:00;35.620677862, -78.73056383;2019;No;No;3;NONE;NONE,NONE;NONE,NONE;PASSENGER CAR,PASSENGER CAR;PASSENGER CAR,PASSENGER CAR;PASSENGER CAR,PASSENGER CAR;PASSENGER CAR,PASSENGER CAR
39065;.2 MILES FROM DRIVEWAY (2700 LOUIS STEPHENS;NO SPECIAL FEATURE;STRAIGHT,LEVEL;PUBLIC VEHICULAR AREA;TWO-WAY,NOT DIVIDED;GRAVEL;DRY;DAYLIGHT;CLEAR;NO CONTROL PRESENT;;;-78.85905;35.802722;;;0;0;;;NONE;;NONE;;PASSENGER CAR;;;;;NO;15443;2019-03-11;9:55:12 AM;2019-03-11T13:55:12+00:00;;2019;No;No;3;NONE;NONE,NONE;NONE,NONE;PASSENGER CAR;PASSENGER CAR;PASSENGER CAR;PASSENGER CAR
39066;CARY;FOUR-WAY INTERSECTION;STRAIGHT,LEVEL;STATE SECONDARY ROUTE;TWO-WAY,NOT DIVIDED;SMOOTH ASPHALT;DRY;DAYLIGHT;CLEAR;STOP AND GO SIGNAL;;;-78.837523;35.780486;;;0;0;2;;NONE;;NONE;;PASSENGER CAR;SPORT UTILITY;;;;NO;15444;2019-03-10;9:54:22 AM;2019-03-10T13:54:22+00:00;;2019;No;No;3;NONE;NONE,NONE;NONE,NONE;PASSENGER CAR,SPORT UTILITY;PASSENGER CAR,SPORT UTILITY;PASSENGER CAR,SPORT UTILITY;PASSENGER CAR,SPORT UTILITY
39068;CARY;T-INTERSECTION;STRAIGHT,LEVEL;LOCAL STREET;TWO-WAY,NOT DIVIDED;SMOOTH ASPHALT;DRY;DAYLIGHT;CLEAR;STOP SIGN;35.793771347;-78.87398781;-78.873975;35.79379;P077;122;0;1;;;NONE;;NONE;;SPORT UTILITY;SPORT UTILITY;;;;NO;15446;2019-03-11;3:19:25 PM;2019-03-11T19:19:25+00:00;35.793771347, -78.87398781;2019;No;Yes;3;NONE;NONE,NONE;NONE,NONE;SPORT UTILITY,SPORT UTILITY;SPORT UTILITY,SPORT UTILITY;SPORT UTILITY,SPORT UTILITY;SPORT UTILITY,SPORT UTILITY
39069;150 FEET FROM PVA HARVEST ROW CT;NO SPECIAL FEATURE;STRAIGHT,LEVEL;PUBLIC VEHICULAR AREA;TWO-WAY,NOT DIVIDED;SMOOTH ASPHALT;DRY;DAYLIGHT;CLEAR;NO CONTROL PRESENT;;;-78.82368;35.790897;;114;0;0;;;NONE;;NONE;;PASSENGER CAR;;;;;NO;15447;2019-03-11;5:38:50 PM;2019-03-11T21:38:50+00:00;;2019;No;No;3;NONE;NONE,NONE;NONE,NONE;PASSENGER CAR;PASSENGER CAR;PASSENGER CAR;PASSENGER CAR
39074;0 FEET FROM (SR 1147) EVANS RD;FOUR-WAY INTERSECTION;STRAIGHT,LEVEL;STATE SECONDARY ROUTE;TWO-WAY,DIVIDED,UNPROTECTED MEDIAN;SMOOTH ASPHALT;DRY;DAYLIGHT;CLOUDY;STOP AND GO SIGNAL;;;-78.806178;35.826428;;111;0;0;;;NONE;;NONE;;PASSENGER CAR;PASSENGER CAR;;;;NO;15452;2019-03-11;6:05:37 PM;2019-03-11T22:05:37+00:00;;2019;No;No;3;NONE;NONE,NONE;NONE,NONE;PASSENGER CAR,PASSENGER CAR;PASSENGER CAR,PASSENGER CAR;PASSENGER CAR,PASSENGER CAR;PASSENGER CAR,PASSENGER CAR
39096;CARY;OFF-RAMP TERMINAL ON CROSSROAD;CURVE,LEVEL;INTERSTATE;ONE-WAY,NOT DIVIDED;SMOOTH ASPHALT;DRY;DAYLIGHT;CLEAR;STOP AND GO SIGNAL;;;-78.765;35.8313;;;0;2;2;;NONE;;NONE;;PICKUP;PASSENGER CAR;;;;NO;15474;2019-03-12;1:17:20 PM;2019-03-12T17:17:20+00:00;;2019;No;Yes;3;NONE;NONE,NONE;NONE,NONE;PICKUP,PASSENGER CAR;PICKUP,PASSENGER CAR;PICKUP,PASSENGER CAR;PICKUP,PASSENGER CAR
39097;5 FEET FROM HIGH HOUSE RD;FOUR-WAY INTERSECTION;STRAIGHT,LEVEL;LOCAL STREET;TWO-WAY,DIVIDED,UNPROTECTED MEDIAN;SMOOTH ASPHALT;DRY;DAYLIGHT;CLEAR;STOP AND GO SIGNAL;35.789054218;-78.82890126;-78.8287;35.7889;P067;121;0;0;;;NONE;;NONE;;PASSENGER CAR;SINGLE UNIT TRUCK (2-AXLE- 6-TIRE);;;;UTILITY WORK AREA;15475;2019-03-13;10:15 AM;2019-03-13T14:15:00+00:00;35.789054218, -78.82890126;2019;No;No;3;NONE;NONE,NONE;NONE,NONE;PASSENGER CAR,SINGLE UNIT TRUCK (2-AXLE- 6-TIRE);PASSENGER CAR,SINGLE UNIT TRUCK (2-AXLE- 6-TIRE);PASSENGER CAR,SINGLE UNIT TRUCK (2-AXLE- 6-TIRE);PASSENGER CAR,SINGLE UNIT TRUCK (2-AXLE- 6-TIRE)
39099;0 FEET FROM SR 1313 (WALNUT ST);FOUR-WAY INTERSECTION;CURVE,GRADE;STATE SECONDARY ROUTE;TWO-WAY,DIVIDED,UNPROTECTED MEDIAN;SMOOTH ASPHALT;DRY;DAYLIGHT;CLEAR;STOP AND GO SIGNAL;;;-78.7636;35.7716;;;0;0;1;;NONE;;NONE;;SPORT UTILITY;SPORT UTILITY;;;;NO;15477;2019-03-12;4:28:06 PM;2019-03-12T20:28:06+00:00;;2019;No;No;3;NONE;NONE,NONE;NONE,NONE;SPORT UTILITY,SPORT UTILITY;SPORT UTILITY,SPORT UTILITY;SPORT UTILITY,SPORT UTILITY;SPORT UTILITY,SPORT UTILITY
39102;160 FEET FROM GREEN LEVEL CHURCH RD 1625;DRIVEWAY, PUBLIC;STRAIGHT,LEVEL;LOCAL STREET;TWO-WAY,NOT DIVIDED;CONCRETE;DRY;DAYLIGHT;CLEAR;NO CONTROL PRESENT;35.818846284;-78.90244761;-78.90144;35.819273;P015;122;0;0;;;NONE;;NONE;;PASSENGER CAR;PASSENGER CAR;;;;NO;15480;2019-03-13;8:46:49 AM;2019-03-13T12:46:49+00:00;35.818846284, -78.90244761;2019;No;No;3;NONE;NONE,NONE;NONE,NONE;PASSENGER CAR,PASSENGER CAR;PASSENGER CAR,PASSENGER CAR;PASSENGER CAR,PASSENGER CAR;PASSENGER CAR,PASSENGER CAR
39105;0 FEET FROM SR 1313 (WALNUT ST);RELATED TO INTERSECTION;STRAIGHT,LEVEL;STATE SECONDARY ROUTE;TWO-WAY,NOT DIVIDED;COARSE ASPHALT;DRY;DAYLIGHT;CLEAR;STOP AND GO SIGNAL;;;-78.76175;35.770443;;120;0;0;4;;NONE;;NONE;;PASSENGER CAR;VAN;;;;NO;15483;2019-03-12;6:15:31 PM;2019-03-12T22:15:31+00:00;;2019;No;No;3;NONE;NONE,NONE;NONE,NONE;PASSENGER CAR,VAN;PASSENGER CAR,VAN;PASSENGER CAR,VAN;PASSENGER CAR,VAN
39106;.25 MILES FROM US1;NO SPECIAL FEATURE;STRAIGHT,GRADE;US ROUTE;TWO-WAY,DIVIDED,POSITIVE MEDIAN BARRIER;COARSE ASPHALT;DRY;DAYLIGHT;CLEAR;NO CONTROL PRESENT;;;-78.822473;35.7247714;;;0;1;;;NONE;;NONE;;PASSENGER CAR;SPORT UTILITY;;;;NO;15484;2019-03-12;5:17:52 PM;2019-03-12T21:17:52+00:00;;2019;No;Yes;3;NONE;NONE,NONE;NONE,NONE;PASSENGER CAR,SPORT UTILITY;PASSENGER CAR,SPORT UTILITY;PASSENGER CAR,SPORT UTILITY;PASSENGER CAR,SPORT UTILITY
39115;10 FEET FROM CRESCENT GREEN;RELATED TO INTERSECTION;STRAIGHT,LEVEL;LOCAL STREET;TWO-WAY,DIVIDED,UNPROTECTED MEDIAN;SMOOTH ASPHALT;DRY;DAYLIGHT;CLEAR;STOP AND GO SIGNAL;;;-78.784794;35.737244;;112;0;0;;;NONE;;NONE;;SPORT UTILITY;PASSENGER CAR;;;;NO;15493;2019-03-12;11:27 AM;2019-03-12T15:27:00+00:00;;2019;No;No;3;NONE;NONE,NONE;NONE,NONE;SPORT UTILITY,PASSENGER CAR;SPORT UTILITY,PASSENGER CAR;SPORT UTILITY,PASSENGER CAR;SPORT UTILITY,PASSENGER CAR
39117;CARY;FOUR-WAY INTERSECTION;STRAIGHT,LEVEL;US ROUTE;TWO-WAY,DIVIDED,UNPROTECTED MEDIAN;SMOOTH ASPHALT;DRY;DAYLIGHT;CLEAR;STOP AND GO SIGNAL;35.741495106;-78.8097236;-78.8096;35.7419;P041;116;0;1;;;NONE;;NONE;;SPORT UTILITY;PASSENGER CAR;;;;NO;15495;2019-03-13;3:28:07 PM;2019-03-13T19:28:07+00:00;35.741495106, -78.8097236;2019;No;Yes;3;NONE;NONE,NONE;NONE,NONE;SPORT UTILITY,PASSENGER CAR;SPORT UTILITY,PASSENGER CAR;SPORT UTILITY,PASSENGER CAR;SPORT UTILITY,PASSENGER CAR
39133;100 FEET FROM P.V.A. 2151 DAVIS DR.;NO SPECIAL FEATURE;STRAIGHT,LEVEL;PUBLIC VEHICULAR AREA;TWO-WAY,NOT DIVIDED;SMOOTH ASPHALT;DRY;DAYLIGHT;CLEAR;NO CONTROL PRESENT;;;-78.8493;35.7797;;;0;0;2;;NONE;;NONE;;PASSENGER CAR;SPORT UTILITY;;;;NO;15511;2019-03-14;4:07:35 PM;2019-03-14T20:07:35+00:00;;2019;No;No;3;NONE;NONE,NONE;NONE,NONE;PASSENGER CAR,SPORT UTILITY;PASSENGER CAR,SPORT UTILITY;PASSENGER CAR,SPORT UTILITY;PASSENGER CAR,SPORT UTILITY
39136;15 FEET FROM SR 3092 (S HARRISON AV);RELATED TO INTERSECTION;STRAIGHT,LEVEL;STATE SECONDARY ROUTE;TWO-WAY,NOT DIVIDED;COARSE ASPHALT;DRY;DAYLIGHT;CLEAR;STOP AND GO SIGNAL;;;-78.783328;35.78316;;114;0;0;;;NONE;;NONE;;SPORT UTILITY;;;;;NO;15514;2019-03-14;4:45:50 PM;2019-03-14T20:45:50+00:00;;2019;No;No;3;NONE;NONE,NONE;NONE,NONE;SPORT UTILITY;SPORT UTILITY;SPORT UTILITY;SPORT UTILITY
39141;400 FEET FROM SR 1313 (WALNUT ST);NO SPECIAL FEATURE;STRAIGHT,LEVEL;STATE SECONDARY ROUTE;TWO-WAY,DIVIDED,UNPROTECTED MEDIAN;SMOOTH ASPHALT;DRY;DAYLIGHT;CLEAR;NO CONTROL PRESENT;;;-78.7427;35.7593;;;0;0;;;NONE;;NONE;;PASSENGER CAR;PASSENGER CAR;;;;NO;15519;2019-03-17;1:43:02 PM;2019-03-17T17:43:02+00:00;;2019;No;No;3;NONE;NONE,NONE;NONE,NONE;PASSENGER CAR,PASSENGER CAR;PASSENGER CAR,PASSENGER CAR;PASSENGER CAR,PASSENGER CAR;PASSENGER CAR,PASSENGER CAR
39142;.26 MILES FROM SR 1315 (BUCK JONES RD);NO SPECIAL FEATURE;STRAIGHT,GRADE;STATE SECONDARY ROUTE;TWO-WAY,NOT DIVIDED;SMOOTH ASPHALT;DRY;DUSK;CLEAR;NO CONTROL PRESENT;;;-78.742;35.766;;;0;0;;;NONE;;NONE;;PASSENGER CAR;SPORT UTILITY;;;;NO;15520;2019-03-16;9:08:25 PM;2019-03-17T01:08:25+00:00;;2019;No;No;3;NONE;NONE,NONE;NONE,NONE;PASSENGER CAR,SPORT UTILITY;PASSENGER CAR,SPORT UTILITY;PASSENGER CAR,SPORT UTILITY;PASSENGER CAR,SPORT UTILITY
39144;40 FEET FROM CONVENTION DR;RELATED TO INTERSECTION;STRAIGHT,BOTTOM (SAG);LOCAL STREET;TWO-WAY,DIVIDED,UNPROTECTED MEDIAN;SMOOTH ASPHALT;DRY;DARK - LIGHTED ROADWAY;CLEAR;STOP AND GO SIGNAL;;;-78.7602;35.776;;120;0;0;2;;NONE;;NONE;;PASSENGER CAR;PASSENGER CAR;;;;NO;15522;2019-03-14;9:12:09 PM;2019-03-15T01:12:09+00:00;;2019;No;No;3;NONE;NONE,NONE;NONE,NONE;PASSENGER CAR,PASSENGER CAR;PASSENGER CAR,PASSENGER CAR;PASSENGER CAR,PASSENGER CAR;PASSENGER CAR,PASSENGER CAR
39145;100 FEET FROM P.V.A. 802 SE MAYNARD RD;NO SPECIAL FEATURE;STRAIGHT,LEVEL;PUBLIC VEHICULAR AREA;TWO-WAY,NOT DIVIDED;SMOOTH ASPHALT;DRY;DAYLIGHT;CLEAR;NO CONTROL PRESENT;;;-78.763751;35.77253;;;0;0;;;NONE;;NONE;;PASSENGER CAR;PASSENGER CAR;;;;NO;15523;2019-03-16;9:08:58 AM;2019-03-16T13:08:58+00:00;;2019;No;No;3;NONE;NONE,NONE;NONE,NONE;PASSENGER CAR,PASSENGER CAR;PASSENGER CAR,PASSENGER CAR;PASSENGER CAR,PASSENGER CAR;PASSENGER CAR,PASSENGER CAR
39149;CARY;FOUR-WAY INTERSECTION;STRAIGHT,LEVEL;STATE SECONDARY ROUTE;TWO-WAY,NOT DIVIDED;SMOOTH ASPHALT;DRY;DARK - LIGHTED ROADWAY;CLEAR;STOP SIGN;;;-78.794309;35.705527;;;0;0;;;NONE;;NONE;;PICKUP;PASSENGER CAR;;;;NO;15527;2019-03-16;8:50:17 PM;2019-03-17T00:50:17+00:00;;2019;No;No;3;NONE;NONE,NONE;NONE,NONE;PICKUP,PASSENGER CAR;PICKUP,PASSENGER CAR;PICKUP,PASSENGER CAR;PICKUP,PASSENGER CAR
39150;10 FEET FROM SR 1615 (HIGH HOUSE RD);T-INTERSECTION;STRAIGHT,GRADE;STATE SECONDARY ROUTE;TWO-WAY,DIVIDED,UNPROTECTED MEDIAN;SMOOTH ASPHALT;DRY;DAYLIGHT;CLOUDY;STOP SIGN;;;-78.7937;35.7827;;;0;0;;;NONE;;NONE;;PICKUP;PICKUP;;;;NO;15528;2019-03-15;3:24:52 PM;2019-03-15T19:24:52+00:00;;2019;No;No;3;NONE;NONE,NONE;NONE,NONE;PICKUP,PICKUP;PICKUP,PICKUP;PICKUP,PICKUP;PICKUP,PICKUP
39151;15 FEET FROM P.V.A. (PATEL BROTHERS);DRIVEWAY, PUBLIC;STRAIGHT,GRADE;PUBLIC VEHICULAR AREA;TWO-WAY,NOT DIVIDED;CONCRETE;WATER (STANDING, MOVING);DAYLIGHT;CLOUDY;STOP SIGN;;;-78.7626;35.7907;;;0;0;1;;NONE;;NONE;;PICKUP;PASSENGER CAR;;;;NO;15529;2019-03-15;5:05:39 PM;2019-03-15T21:05:39+00:00;;2019;No;No;3;NONE;NONE,NONE;NONE,NONE;PICKUP,PASSENGER CAR;PICKUP,PASSENGER CAR;PICKUP,PASSENGER CAR;PICKUP,PASSENGER CAR
39159;CARY;T-INTERSECTION;STRAIGHT,LEVEL;STATE SECONDARY ROUTE;TWO-WAY,DIVIDED,UNPROTECTED MEDIAN;SMOOTH ASPHALT;DRY;DAYLIGHT;CLEAR;STOP SIGN;;;-78.8487;35.7993;;;0;1;2;;NONE;;NONE;;SPORT UTILITY;PASSENGER CAR;;;;NO;15537;2019-03-18;9:19:45 AM;2019-03-18T13:19:45+00:00;;2019;No;Yes;3;NONE;NONE,NONE;NONE,NONE;SPORT UTILITY,PASSENGER CAR;SPORT UTILITY,PASSENGER CAR;SPORT UTILITY,PASSENGER CAR;SPORT UTILITY,PASSENGER CAR
39165;157 FEET FROM P.V.A. (5016 COMMONS HILL DR);NO SPECIAL FEATURE;STRAIGHT,LEVEL;PUBLIC VEHICULAR AREA;TWO-WAY,NOT DIVIDED;SMOOTH ASPHALT;DRY;DAYLIGHT;CLEAR;NO CONTROL PRESENT;;;-78.8723;35.8026;;;0;0;;;NONE;;NONE;;PASSENGER CAR;PASSENGER CAR;;;;NO;15543;2019-03-18;1:00:24 PM;2019-03-18T17:00:24+00:00;;2019;No;No;3;NONE;NONE,NONE;NONE,NONE;PASSENGER CAR,PASSENGER CAR;PASSENGER CAR,PASSENGER CAR;PASSENGER CAR,PASSENGER CAR;PASSENGER CAR,PASSENGER CAR
39170;8 FEET FROM SR 1616 (OLD APEX RD);RELATED TO INTERSECTION;STRAIGHT,LEVEL;STATE SECONDARY ROUTE;TWO-WAY,NOT DIVIDED;SMOOTH ASPHALT;DRY;DARK - LIGHTED ROADWAY;CLEAR;STOP AND GO SIGNAL;;;-78.804675;35.777068;;114;0;1;;;NONE;;NONE;;PASSENGER CAR;SPORT UTILITY;;;;NO;15548;2019-03-18;8:22:24 PM;2019-03-19T00:22:24+00:00;;2019;No;Yes;3;NONE;NONE,NONE;NONE,NONE;PASSENGER CAR,SPORT UTILITY;PASSENGER CAR,SPORT UTILITY;PASSENGER CAR,SPORT UTILITY;PASSENGER CAR,SPORT UTILITY
39171;50 FEET FROM ON P.V.A. (PARKSIDE TOWN COMMO;NO SPECIAL FEATURE;STRAIGHT,LEVEL;PUBLIC VEHICULAR AREA;TWO-WAY,NOT DIVIDED;SMOOTH ASPHALT;DRY;DARK - LIGHTED ROADWAY;CLEAR;STOP AND GO SIGNAL;35.851161044;-78.89248437;-78.886969;35.846075;P074;119;0;0;2;;NONE;;NONE;;SPORT UTILITY;PASSENGER CAR;;;;NO;15549;2019-03-16;10:00 PM;2019-03-17T02:00:00+00:00;35.851161044, -78.89248437;2019;No;No;3;NONE;NONE,NONE;NONE,NONE;SPORT UTILITY,PASSENGER CAR;SPORT UTILITY,PASSENGER CAR;SPORT UTILITY,PASSENGER CAR;SPORT UTILITY,PASSENGER CAR
39173;0 FEET FROM SR 1747 (NW MAYNARD RD);RELATED TO INTERSECTION;STRAIGHT,LEVEL;STATE SECONDARY ROUTE;TWO-WAY,DIVIDED,UNPROTECTED MEDIAN;SMOOTH ASPHALT;DRY;DAYLIGHT;CLEAR;STOP AND GO SIGNAL;;;-78.794928;35.799713;;111;0;0;2;;NONE;;NONE;;PASSENGER CAR;VAN;;;;NO;15551;2019-03-18;6:06:00 PM;2019-03-18T22:06:00+00:00;;2019;No;No;3;NONE;NONE,NONE;NONE,NONE;PASSENGER CAR,VAN;PASSENGER CAR,VAN;PASSENGER CAR,VAN;PASSENGER CAR,VAN