tamainid;location_description;rdfeature;rdcharacter;rdclass;rdconfigur;rdsurface;rdcondition;lightcond;weather;trafcontrl;lat;lon;lon2;lat2;tract;zone;fatality;possblinj;numpassengers;numpedestrians;contrcir1_desc;contrcir2_desc;contrcir3_desc;contrcir4_desc;vehicle1;vehicle2;vehicle3;vehicle4;vehicle5;workarea;records;ta_date;ta_time;crash_date;geo_location;year;fatalities;injuries;month;contrfact1;contrfact2;contributing_factor;vehicleconcat1;vehicleconcat2;vehicleconcat3;vehicle_type
39544;100 FEET FROM PVA (101 MAYNARD CROSSING CT);NO SPECIAL FEATURE;STRAIGHT,LEVEL;PUBLIC VEHICULAR AREA;TWO-WAY,NOT DIVIDED;SMOOTH ASPHALT;WET;DUSK;RAIN;STOP SIGN;;;-78.810309;35.786193;;;0;0;;;NONE;;NONE;;SPORT UTILITY;PASSENGER CAR;;;;NO;15922;2019-04-12;7:16:35 PM;2019-04-12T23:16:35+00:00;;2019;No;No;4;NONE;NONE,NONE;NONE,NONE;SPORT UTILITY,PASSENGER CAR;SPORT UTILITY,PASSENGER CAR;SPORT UTILITY,PASSENGER CAR;SPORT UTILITY,PASSENGER CAR
39555;200 FEET FROM SR 3081 (CHAPEL HILL RD);NO SPECIAL FEATURE;STRAIGHT,LEVEL;STATE SECONDARY ROUTE;TWO-WAY,NOT DIVIDED;COARSE ASPHALT;DRY;DAYLIGHT;CLEAR;NO CONTROL PRESENT;;;-78.8028;35.8003;;;0;0;1;;NONE;;NONE;;PASSENGER CAR;PASSENGER CAR;;;;NO;15933;2019-04-14;6:02:53 PM;2019-04-14T22:02:53+00:00;;2019;No;No;4;NONE;NONE,NONE;NONE,NONE;PASSENGER CAR,PASSENGER CAR;PASSENGER CAR,PASSENGER CAR;PASSENGER CAR,PASSENGER CAR;PASSENGER CAR,PASSENGER CAR
39563;50 FEET FROM SR 3399 (DAVIS DR);NO SPECIAL FEATURE;STRAIGHT,LEVEL;STATE SECONDARY ROUTE;TWO-WAY,DIVIDED,POSITIVE MEDIAN BARRIER;SMOOTH ASPHALT;WET;DAYLIGHT;RAIN;FLASHING STOP AND GO SIGNAL;;;-78.84756;35.815342;;;0;0;;;NONE;;NONE;;PASSENGER CAR;SPORT UTILITY;;;;NO;15941;2019-04-12;5:03:47 PM;2019-04-12T21:03:47+00:00;;2019;No;No;4;NONE;NONE,NONE;NONE,NONE;PASSENGER CAR,SPORT UTILITY;PASSENGER CAR,SPORT UTILITY;PASSENGER CAR,SPORT UTILITY;PASSENGER CAR,SPORT UTILITY
39565;100 FEET FROM SR 3081 (CHAPEL HILL RD);NO SPECIAL FEATURE;STRAIGHT,LEVEL;STATE SECONDARY ROUTE;TWO-WAY,DIVIDED,UNPROTECTED MEDIAN;SMOOTH ASPHALT;WET;DAYLIGHT;CLOUDY;NO CONTROL PRESENT;;;-78.786426;35.792129;;;0;0;;;NONE;;NONE;;PICKUP;PASSENGER CAR;;;;NO;15943;2019-04-13;11:35 AM;2019-04-13T15:35:00+00:00;;2019;No;No;4;NONE;NONE,NONE;NONE,NONE;PICKUP,PASSENGER CAR;PICKUP,PASSENGER CAR;PICKUP,PASSENGER CAR;PICKUP,PASSENGER CAR
39566;50 FEET FROM RESIDENT CIR;NO SPECIAL FEATURE;STRAIGHT,LEVEL;LOCAL STREET;TWO-WAY,NOT DIVIDED;SMOOTH ASPHALT;DRY;DAYLIGHT;CLEAR;NO CONTROL PRESENT;35.822038795;-78.89847516;-78.899789;35.821918;P015;122;0;0;;;NONE;;NONE;;PASSENGER CAR;SPORT UTILITY;;;;NO;15944;2019-04-13;4:43:52 PM;2019-04-13T20:43:52+00:00;35.822038795, -78.89847516;2019;No;No;4;NONE;NONE,NONE;NONE,NONE;PASSENGER CAR,SPORT UTILITY;PASSENGER CAR,SPORT UTILITY;PASSENGER CAR,SPORT UTILITY;PASSENGER CAR,SPORT UTILITY
39580;102 FEET FROM SR 1747 (NW MAYNARD RD);RELATED TO INTERSECTION;STRAIGHT,LEVEL;STATE SECONDARY ROUTE;TWO-WAY,NOT DIVIDED;SMOOTH ASPHALT;DRY;DAYLIGHT;CLEAR;STOP AND GO SIGNAL;;;-78.7951;35.7993;;111;0;0;;;NONE;;NONE;;SPORT UTILITY;SPORT UTILITY;;;;NO;15958;2019-04-16;2:06:14 PM;2019-04-16T18:06:14+00:00;;2019;No;No;4;NONE;NONE,NONE;NONE,NONE;SPORT UTILITY,SPORT UTILITY;SPORT UTILITY,SPORT UTILITY;SPORT UTILITY,SPORT UTILITY;SPORT UTILITY,SPORT UTILITY
39589;.2 MILES FROM P.V.A. 2500 CARPENTER UPCHURCH;NO SPECIAL FEATURE;STRAIGHT,LEVEL;PUBLIC VEHICULAR AREA;ONE-WAY,NOT DIVIDED;SMOOTH ASPHALT;DRY;DUSK;CLEAR;NO CONTROL PRESENT;;;-78.867;35.804;;;0;0;1;;NONE;;NONE;;PASSENGER CAR;;;;;NO;15967;2019-04-17;7:18:34 PM;2019-04-17T23:18:34+00:00;;2019;No;No;4;NONE;NONE,NONE;NONE,NONE;PASSENGER CAR;PASSENGER CAR;PASSENGER CAR;PASSENGER CAR
39590;CARY;NO SPECIAL FEATURE;STRAIGHT,GRADE;STATE SECONDARY ROUTE;TWO-WAY,DIVIDED,UNPROTECTED MEDIAN;COARSE ASPHALT;DRY;DARK - LIGHTED ROADWAY;CLEAR;STOP AND GO SIGNAL;;;-78.746271;35.7630622;;;0;0;1;;NONE;;NONE;;PASSENGER CAR;SPORT UTILITY;;;;NO;15968;2019-04-17;9:02:49 PM;2019-04-18T01:02:49+00:00;;2019;No;No;4;NONE;NONE,NONE;NONE,NONE;PASSENGER CAR,SPORT UTILITY;PASSENGER CAR,SPORT UTILITY;PASSENGER CAR,SPORT UTILITY;PASSENGER CAR,SPORT UTILITY
39591;87 FEET FROM WILLOUGHBY LN;NO SPECIAL FEATURE;STRAIGHT,LEVEL;LOCAL STREET;TWO-WAY,NOT DIVIDED;SMOOTH ASPHALT;DRY;DAYLIGHT;CLEAR;NO CONTROL PRESENT;35.798851415;-78.76707111;-78.7675;35.7988;P031;113;0;0;;;NONE;;NONE;;PASSENGER CAR;;;;;NO;15969;2019-04-17;7:11:22 PM;2019-04-17T23:11:22+00:00;35.798851415, -78.76707111;2019;No;No;4;NONE;NONE,NONE;NONE,NONE;PASSENGER CAR;PASSENGER CAR;PASSENGER CAR;PASSENGER CAR
39593;CARY;NO SPECIAL FEATURE;STRAIGHT,GRADE;STATE SECONDARY ROUTE;TWO-WAY,DIVIDED,UNPROTECTED MEDIAN;OTHER *;DRY;DAYLIGHT;CLEAR;STOP AND GO SIGNAL;;;-78.747482;35.7630057;;;0;0;7;;NONE;;NONE;;SPORT UTILITY;SPORT UTILITY;;;;NO;15971;2019-04-16;10:07 PM;2019-04-17T02:07:00+00:00;;2019;No;No;4;NONE;NONE,NONE;NONE,NONE;SPORT UTILITY,SPORT UTILITY;SPORT UTILITY,SPORT UTILITY;SPORT UTILITY,SPORT UTILITY;SPORT UTILITY,SPORT UTILITY
39595;.01 MILES FROM US 64 HWY;NO SPECIAL FEATURE;STRAIGHT,LEVEL;US ROUTE;TWO-WAY,DIVIDED,UNPROTECTED MEDIAN;SMOOTH ASPHALT;DRY;DAYLIGHT;CLEAR;NO CONTROL PRESENT;;;-78.8013;35.7395;;;0;0;;;;;NONE;;PASSENGER CAR;;;;;NO;15973;2019-04-17;12:13 PM;2019-04-17T16:13:00+00:00;;2019;No;No;4;;NONE;NONE;PASSENGER CAR;PASSENGER CAR;PASSENGER CAR;PASSENGER CAR
39601;200 FEET FROM PVA 2861 JONES FRANKLIN RD;NO SPECIAL FEATURE;STRAIGHT,LEVEL;PUBLIC VEHICULAR AREA;ONE-WAY,NOT DIVIDED;SMOOTH ASPHALT;DRY;DAYLIGHT;CLEAR;NO CONTROL PRESENT;;;-78.738552;35.743545;;;0;0;;;NONE;;NONE;;SPORT UTILITY;SPORT UTILITY;;;;NO;15979;2019-04-18;1:36:40 PM;2019-04-18T17:36:40+00:00;;2019;No;No;4;NONE;NONE,NONE;NONE,NONE;SPORT UTILITY,SPORT UTILITY;SPORT UTILITY,SPORT UTILITY;SPORT UTILITY,SPORT UTILITY;SPORT UTILITY,SPORT UTILITY
39614;100 FEET FROM 149 E. CHATHAM ST (PVA);DRIVEWAY, PUBLIC;STRAIGHT,LEVEL;PUBLIC VEHICULAR AREA;TWO-WAY,NOT DIVIDED;SMOOTH ASPHALT;DRY;DAYLIGHT;CLEAR;NO CONTROL PRESENT;;;-78.7797;35.7876;;;0;0;;;NONE;;NONE;;PASSENGER CAR;PICKUP;;;;NO;15992;2019-04-17;3:04:25 PM;2019-04-17T19:04:25+00:00;;2019;No;No;4;NONE;NONE,NONE;NONE,NONE;PASSENGER CAR,PICKUP;PASSENGER CAR,PICKUP;PASSENGER CAR,PICKUP;PASSENGER CAR,PICKUP
39617;CARY;ON-RAMP ENTRY;STRAIGHT,LEVEL;STATE SECONDARY ROUTE;TWO-WAY,DIVIDED,POSITIVE MEDIAN BARRIER;SMOOTH ASPHALT;DRY;DARK - LIGHTED ROADWAY;CLEAR;STOP AND GO SIGNAL;;;-78.791604;35.737098;;;0;0;;;NONE;;NONE;;SPORT UTILITY;PICKUP;;;;NO;15995;2019-04-20;9:38:43 PM;2019-04-21T01:38:43+00:00;;2019;No;No;4;NONE;NONE,NONE;NONE,NONE;SPORT UTILITY,PICKUP;SPORT UTILITY,PICKUP;SPORT UTILITY,PICKUP;SPORT UTILITY,PICKUP
39636;.25 MILES FROM SR 1615 (HIGH HOUSE RD);NO SPECIAL FEATURE;CURVE,LEVEL;STATE SECONDARY ROUTE;TWO-WAY,DIVIDED,UNPROTECTED MEDIAN;SMOOTH ASPHALT;DRY;DAYLIGHT;CLEAR;YIELD SIGN;;;-78.84711;35.791635;;121;0;0;2;;NONE;;NONE;;PICKUP;SPORT UTILITY;;;;NO;16014;2019-04-21;1:54:22 PM;2019-04-21T17:54:22+00:00;;2019;No;No;4;NONE;NONE,NONE;NONE,NONE;PICKUP,SPORT UTILITY;PICKUP,SPORT UTILITY;PICKUP,SPORT UTILITY;PICKUP,SPORT UTILITY
39639;120 FEET FROM (SR 1002) AVIATION PKWY;NO SPECIAL FEATURE;CURVE,GRADE;STATE SECONDARY ROUTE;TWO-WAY,DIVIDED,UNPROTECTED MEDIAN;SMOOTH ASPHALT;WET;DAYLIGHT;CLOUDY;DOUBLE YELLOW LINE, NO PASSING ZONE;;;-78.801412;35.845209;;111;0;0;;;WRONG SIDE OF ROAD;;LYING AND/OR ILLEGALLY IN ROADWAY;;PASSENGER CAR;;;;;NO;16017;2019-04-21;4:41:48 PM;2019-04-21T20:41:48+00:00;;2019;No;No;4;WRONG SIDE OF ROAD;WRONG SIDE OF ROAD,LYING AND/OR ILLEGALLY IN ROADWAY;WRONG SIDE OF ROAD,LYING AND/OR ILLEGALLY IN ROADWAY;PASSENGER CAR;PASSENGER CAR;PASSENGER CAR;PASSENGER CAR
39646;.79 MILES FROM US 1 HWY;NO SPECIAL FEATURE;STRAIGHT,LEVEL;US ROUTE;TWO-WAY,DIVIDED,POSITIVE MEDIAN BARRIER;GROOVED CONCRETE;DRY;DAYLIGHT;CLEAR;NO CONTROL PRESENT;;;-78.757;35.757;;;0;0;1;;NONE;;NONE;;PASSENGER CAR;PASSENGER CAR;PASSENGER CAR;PASSENGER CAR;;NO;16024;2019-04-22;9:57:53 PM;2019-04-23T01:57:53+00:00;;2019;No;No;4;NONE;NONE,NONE;NONE,NONE;PASSENGER CAR,PASSENGER CAR;PASSENGER CAR,PASSENGER CAR,PASSENGER CAR;PASSENGER CAR,PASSENGER CAR,PASSENGER CAR,PASSENGER CAR;PASSENGER CAR,PASSENGER CAR,PASSENGER CAR,PASSENGER CAR
39660;CARY;NO SPECIAL FEATURE;STRAIGHT,LEVEL;PUBLIC VEHICULAR AREA;TWO-WAY,NOT DIVIDED;SMOOTH ASPHALT;DRY;DAYLIGHT;CLEAR;NO CONTROL PRESENT;;;-78.7814;35.7362;;;0;0;;;NONE;;NONE;;PICKUP;SPORT UTILITY;;;;NO;16038;2019-04-23;6:55:26 PM;2019-04-23T22:55:26+00:00;;2019;No;No;4;NONE;NONE,NONE;NONE,NONE;PICKUP,SPORT UTILITY;PICKUP,SPORT UTILITY;PICKUP,SPORT UTILITY;PICKUP,SPORT UTILITY
39670;300 FEET FROM P.V.A. (1700 REGENCY PKWY);NO SPECIAL FEATURE;STRAIGHT,LEVEL;PUBLIC VEHICULAR AREA;TWO-WAY,NOT DIVIDED;COARSE ASPHALT;DRY;DAYLIGHT;CLEAR;NO CONTROL PRESENT;;;-78.7868;35.7325;;;0;0;;;NONE;;NONE;;UNKNOWN;PASSENGER CAR;;;;NO;16048;2019-04-23;10:08 AM;2019-04-23T14:08:00+00:00;;2019;No;No;4;NONE;NONE,NONE;NONE,NONE;UNKNOWN,PASSENGER CAR;UNKNOWN,PASSENGER CAR;UNKNOWN,PASSENGER CAR;UNKNOWN,PASSENGER CAR
39674;10 FEET FROM P.V.A. (CHATHAM SQUARE);NO SPECIAL FEATURE;STRAIGHT,LEVEL;PUBLIC VEHICULAR AREA;TWO-WAY,NOT DIVIDED;SMOOTH ASPHALT;DRY;DAYLIGHT;CLEAR;NO CONTROL PRESENT;;;-78.7638;35.7901;;;0;0;;;NONE;;NONE;;SINGLE UNIT TRUCK (2-AXLE- 6-TIRE);;;;;NO;16052;2019-03-23;3:11:38 PM;2019-03-23T19:11:38+00:00;;2019;No;No;3;NONE;NONE,NONE;NONE,NONE;SINGLE UNIT TRUCK (2-AXLE- 6-TIRE);SINGLE UNIT TRUCK (2-AXLE- 6-TIRE);SINGLE UNIT TRUCK (2-AXLE- 6-TIRE);SINGLE UNIT TRUCK (2-AXLE- 6-TIRE)
39677;200 FEET FROM P.V.A. (CARY TOWNE CENTER);NO SPECIAL FEATURE;STRAIGHT,LEVEL;PUBLIC VEHICULAR AREA;TWO-WAY,NOT DIVIDED;SMOOTH ASPHALT;DRY;DARK - LIGHTED ROADWAY;CLEAR;NO CONTROL PRESENT;;;-78.7597;35.7747;;;0;0;;;NONE;;NONE;;PASSENGER CAR;SPORT UTILITY;;;;NO;16055;2019-04-24;8:28:43 PM;2019-04-25T00:28:43+00:00;;2019;No;No;4;NONE;NONE,NONE;NONE,NONE;PASSENGER CAR,SPORT UTILITY;PASSENGER CAR,SPORT UTILITY;PASSENGER CAR,SPORT UTILITY;PASSENGER CAR,SPORT UTILITY
39687;10 FEET FROM P.V.A. (1409 KILDAIRE FARM RD);NO SPECIAL FEATURE;STRAIGHT,LEVEL;PUBLIC VEHICULAR AREA;TWO-WAY,NOT DIVIDED;SMOOTH ASPHALT;DRY;DAYLIGHT;CLEAR;NO CONTROL PRESENT;;;-78.7827;35.7571;;;0;0;;;NONE;;NONE;;PASSENGER CAR;;;;;NO;16065;2019-04-25;8:43:15 AM;2019-04-25T12:43:15+00:00;;2019;No;No;4;NONE;NONE,NONE;NONE,NONE;PASSENGER CAR;PASSENGER CAR;PASSENGER CAR;PASSENGER CAR
39701;.1 MILES FROM SR 1315 (BUCK JONES RD);NO SPECIAL FEATURE;STRAIGHT,HILLCREST;STATE SECONDARY ROUTE;TWO-WAY,NOT DIVIDED;COARSE ASPHALT;DRY;DAYLIGHT;CLEAR;STOP SIGN;;;-78.7432;35.7646;;112;0;0;1;;;;NONE;;;SPORT UTILITY;;;;NO;16079;2019-04-27;1:31:48 PM;2019-04-27T17:31:48+00:00;;2019;No;No;4;;NONE;NONE;SPORT UTILITY;SPORT UTILITY;SPORT UTILITY;SPORT UTILITY
39707;CARY;T-INTERSECTION;STRAIGHT,GRADE;LOCAL STREET;TWO-WAY,NOT DIVIDED;SMOOTH ASPHALT;DRY;DUSK;CLEAR;STOP SIGN;35.789872222;-78.7503336;-78.7502;35.7898;P002;120;0;0;;;NONE;;NONE;;PASSENGER CAR;PASSENGER CAR;;;;NO;16085;2019-04-27;8:05:53 PM;2019-04-28T00:05:53+00:00;35.789872222, -78.7503336;2019;No;No;4;NONE;NONE,NONE;NONE,NONE;PASSENGER CAR,PASSENGER CAR;PASSENGER CAR,PASSENGER CAR;PASSENGER CAR,PASSENGER CAR;PASSENGER CAR,PASSENGER CAR
39710;.139 MILES FROM SR#1615 (HIGH HOUSE RD);NO SPECIAL FEATURE;STRAIGHT,LEVEL;STATE SECONDARY ROUTE;TWO-WAY,DIVIDED,UNPROTECTED MEDIAN;SMOOTH ASPHALT;DRY;DARK - LIGHTED ROADWAY;CLEAR;NO CONTROL PRESENT;;;-78.80201;35.783506;;;0;0;;;NONE;;NONE;;PASSENGER CAR;;;;;NO;16088;2019-04-27;4:26:44 AM;2019-04-27T08:26:44+00:00;;2019;No;No;4;NONE;NONE,NONE;NONE,NONE;PASSENGER CAR;PASSENGER CAR;PASSENGER CAR;PASSENGER CAR
39711;20 FEET FROM PVA 100 NORTHWOODS VILLAGE DR;NO SPECIAL FEATURE;STRAIGHT,LEVEL;PUBLIC VEHICULAR AREA;TWO-WAY,NOT DIVIDED;SMOOTH ASPHALT;DRY;DAYLIGHT;CLEAR;NO CONTROL PRESENT;;;-78.7744;35.8037;;;0;0;;;;;NONE;;PASSENGER CAR;PASSENGER CAR;;;;NO;16089;2019-04-27;11:24 AM;2019-04-27T15:24:00+00:00;;2019;No;No;4;;NONE;NONE;PASSENGER CAR,PASSENGER CAR;PASSENGER CAR,PASSENGER CAR;PASSENGER CAR,PASSENGER CAR;PASSENGER CAR,PASSENGER CAR
39713;20 FEET FROM SR 1313 (WALNUT ST);NO SPECIAL FEATURE;STRAIGHT,LEVEL;LOCAL STREET;TWO-WAY,DIVIDED,POSITIVE MEDIAN BARRIER;COARSE ASPHALT;DRY;DAYLIGHT;CLEAR;NO CONTROL PRESENT;;;-78.7452;35.7624;;;0;0;1;;NONE;;NONE;;PASSENGER CAR;PICKUP;;;;NO;16091;2019-04-27;7:47:57 AM;2019-04-27T11:47:57+00:00;;2019;No;No;4;NONE;NONE,NONE;NONE,NONE;PASSENGER CAR,PICKUP;PASSENGER CAR,PICKUP;PASSENGER CAR,PICKUP;PASSENGER CAR,PICKUP
39714;CARY;FOUR-WAY INTERSECTION;STRAIGHT,LEVEL;LOCAL STREET;TWO-WAY,DIVIDED,POSITIVE MEDIAN BARRIER;COARSE ASPHALT;DRY;DAYLIGHT;CLEAR;STOP AND GO SIGNAL;35.761266214;-78.7418746;-78.741;35.7609;P120;118;0;1;1;;NONE;;NONE;;SPORT UTILITY;SPORT UTILITY;;;;NO;16092;2019-04-27;3:29:42 PM;2019-04-27T19:29:42+00:00;35.761266214, -78.7418746;2019;No;Yes;4;NONE;NONE,NONE;NONE,NONE;SPORT UTILITY,SPORT UTILITY;SPORT UTILITY,SPORT UTILITY;SPORT UTILITY,SPORT UTILITY;SPORT UTILITY,SPORT UTILITY
39717;CARY;T-INTERSECTION;STRAIGHT,LEVEL;STATE SECONDARY ROUTE;TWO-WAY,DIVIDED,POSITIVE MEDIAN BARRIER;SMOOTH ASPHALT;DRY;DAYLIGHT;CLEAR;STOP AND GO SIGNAL;;;-78.785188;35.771274;;;0;0;;;NONE;;NONE;;PASSENGER CAR;SPORT UTILITY;;;;NO;16095;2019-04-27;6:59:44 AM;2019-04-27T10:59:44+00:00;;2019;No;No;4;NONE;NONE,NONE;NONE,NONE;PASSENGER CAR,SPORT UTILITY;PASSENGER CAR,SPORT UTILITY;PASSENGER CAR,SPORT UTILITY;PASSENGER CAR,SPORT UTILITY
39718;CARY;FOUR-WAY INTERSECTION;STRAIGHT,LEVEL;LOCAL STREET;TWO-WAY,DIVIDED,UNPROTECTED MEDIAN;SMOOTH ASPHALT;DRY;DARK - LIGHTED ROADWAY;CLEAR;STOP AND GO SIGNAL;;;-78.7418;35.7611;;;0;0;1;;NONE;;NONE;;PASSENGER CAR;SPORT UTILITY;;;;NO;16096;2019-04-25;8:32:49 PM;2019-04-26T00:32:49+00:00;;2019;No;No;4;NONE;NONE,NONE;NONE,NONE;PASSENGER CAR,SPORT UTILITY;PASSENGER CAR,SPORT UTILITY;PASSENGER CAR,SPORT UTILITY;PASSENGER CAR,SPORT UTILITY
39720;50 FEET FROM SR 3977 (CARY PKWY);NO SPECIAL FEATURE;STRAIGHT,GRADE;LOCAL STREET;TWO-WAY,DIVIDED,POSITIVE MEDIAN BARRIER;COARSE ASPHALT;DRY;DAYLIGHT;CLEAR;NO CONTROL PRESENT;;;-78.7842;35.7578;;;0;0;2;;NONE;;NONE;;PASSENGER CAR;SPORT UTILITY;;;;NO;16098;2019-04-27;11:06 AM;2019-04-27T15:06:00+00:00;;2019;No;No;4;NONE;NONE,NONE;NONE,NONE;PASSENGER CAR,SPORT UTILITY;PASSENGER CAR,SPORT UTILITY;PASSENGER CAR,SPORT UTILITY;PASSENGER CAR,SPORT UTILITY
39728;1.6 MILES FROM US1;NO SPECIAL FEATURE;STRAIGHT,GRADE;US ROUTE;TWO-WAY,DIVIDED,POSITIVE MEDIAN BARRIER;COARSE ASPHALT;DRY;DAYLIGHT;CLEAR;NO CONTROL PRESENT;;;-78.815569;35.7310155;;;0;1;2;;NONE;;NONE;;SPORT UTILITY;LIGHT TRUCK (MINI-VAN- PANEL);PASSENGER CAR;;;NO;16106;2019-04-23;5:15:14 PM;2019-04-23T21:15:14+00:00;;2019;No;Yes;4;NONE;NONE,NONE;NONE,NONE;SPORT UTILITY,LIGHT TRUCK (MINI-VAN- PANEL);SPORT UTILITY,LIGHT TRUCK (MINI-VAN- PANEL),PASSENGER CAR;SPORT UTILITY,LIGHT TRUCK (MINI-VAN- PANEL),PASSENGER CAR;SPORT UTILITY,LIGHT TRUCK (MINI-VAN- PANEL),PASSENGER CAR
39733;CARY;FOUR-WAY INTERSECTION;STRAIGHT,HILLCREST;STATE SECONDARY ROUTE;TWO-WAY,NOT DIVIDED;SMOOTH ASPHALT;DRY;DAYLIGHT;CLEAR;STOP AND GO SIGNAL;;;-78.804834;35.776956;;;0;1;4;;NONE;;NONE;;SPORT UTILITY;SPORT UTILITY;;;;NO;16111;2019-04-28;8:02:43 AM;2019-04-28T12:02:43+00:00;;2019;No;Yes;4;NONE;NONE,NONE;NONE,NONE;SPORT UTILITY,SPORT UTILITY;SPORT UTILITY,SPORT UTILITY;SPORT UTILITY,SPORT UTILITY;SPORT UTILITY,SPORT UTILITY
39734;CARY;T-INTERSECTION;STRAIGHT,LEVEL;LOCAL STREET;TWO-WAY,NOT DIVIDED;SMOOTH ASPHALT;DRY;DAYLIGHT;CLEAR;STOP SIGN;35.777666388;-78.81361001;-78.8135;35.7776;P068;117;0;0;;;NONE;;NONE;;PASSENGER CAR;PASSENGER CAR;;;;NO;16112;2019-04-27;1:38:18 AM;2019-04-27T05:38:18+00:00;35.777666388, -78.81361001;2019;No;No;4;NONE;NONE,NONE;NONE,NONE;PASSENGER CAR,PASSENGER CAR;PASSENGER CAR,PASSENGER CAR;PASSENGER CAR,PASSENGER CAR;PASSENGER CAR,PASSENGER CAR
39736;10 FEET FROM SR 1652 (N HARRISON AVE);FOUR-WAY INTERSECTION;STRAIGHT,LEVEL;STATE SECONDARY ROUTE;TWO-WAY,DIVIDED,UNPROTECTED MEDIAN;SMOOTH ASPHALT;WET;DAYLIGHT;RAIN;STOP AND GO SIGNAL;;;-78.7664;35.8303;;;0;0;;;NONE;;NONE;;SPORT UTILITY;SPORT UTILITY;;;;NO;16114;2019-04-19;3:49:48 PM;2019-04-19T19:49:48+00:00;;2019;No;No;4;NONE;NONE,NONE;NONE,NONE;SPORT UTILITY,SPORT UTILITY;SPORT UTILITY,SPORT UTILITY;SPORT UTILITY,SPORT UTILITY;SPORT UTILITY,SPORT UTILITY
39738;50 FEET FROM CLAY ST;NO SPECIAL FEATURE;STRAIGHT,LEVEL;LOCAL STREET;TWO-WAY,NOT DIVIDED;SMOOTH ASPHALT;DRY;DARK - LIGHTED ROADWAY;CLEAR;STOP SIGN;35.78735488;-78.77044017;-78.77;35.788;P059;120;0;0;;;NONE;;NONE;;SPORT UTILITY;PASSENGER CAR;;;;NO;16116;2019-04-29;3:06:47 AM;2019-04-29T07:06:47+00:00;35.78735488, -78.77044017;2019;No;No;4;NONE;NONE,NONE;NONE,NONE;SPORT UTILITY,PASSENGER CAR;SPORT UTILITY,PASSENGER CAR;SPORT UTILITY,PASSENGER CAR;SPORT UTILITY,PASSENGER CAR
39740;198 FEET FROM P.V.A. BOND PARK (801 SR 1615);NO SPECIAL FEATURE;STRAIGHT,LEVEL;PUBLIC VEHICULAR AREA;TWO-WAY,NOT DIVIDED;SOIL;DRY;DAYLIGHT;CLEAR;NO CONTROL PRESENT;;;-78.8275;35.7835;;117;0;0;1;;NONE;;NONE;;PASSENGER CAR;SPORT UTILITY;;;;NO;16118;2019-04-27;5:56:47 AM;2019-04-27T09:56:47+00:00;;2019;No;No;4;NONE;NONE,NONE;NONE,NONE;PASSENGER CAR,SPORT UTILITY;PASSENGER CAR,SPORT UTILITY;PASSENGER CAR,SPORT UTILITY;PASSENGER CAR,SPORT UTILITY
39745;20 FEET FROM SR 1613 (DAVIS DR);RELATED TO INTERSECTION;STRAIGHT,LEVEL;STATE SECONDARY ROUTE;TWO-WAY,DIVIDED,UNPROTECTED MEDIAN;SMOOTH ASPHALT;DRY;DAYLIGHT;CLEAR;STOP AND GO SIGNAL;;;-78.8481;35.7822;;117;0;0;5;;NONE;;NONE;;SPORT UTILITY;SPORT UTILITY;;;;NO;16123;2019-04-22;4:41:58 PM;2019-04-22T20:41:58+00:00;;2019;No;No;4;NONE;NONE,NONE;NONE,NONE;SPORT UTILITY,SPORT UTILITY;SPORT UTILITY,SPORT UTILITY;SPORT UTILITY,SPORT UTILITY;SPORT UTILITY,SPORT UTILITY
39747;50 FEET FROM PRECEPT WAY;RELATED TO INTERSECTION;STRAIGHT,LEVEL;LOCAL STREET;;SMOOTH ASPHALT;DRY;DAYLIGHT;CLEAR;STOP SIGN;;;-78.899;35.8478;;122;0;0;3;;NONE;;NONE;;PASSENGER CAR;PASSENGER CAR;;;;NO;16125;2019-04-26;7:56:23 PM;2019-04-26T23:56:23+00:00;;2019;No;No;4;NONE;NONE,NONE;NONE,NONE;PASSENGER CAR,PASSENGER CAR;PASSENGER CAR,PASSENGER CAR;PASSENGER CAR,PASSENGER CAR;PASSENGER CAR,PASSENGER CAR
39749;20 FEET FROM HWY US 1;NO SPECIAL FEATURE;STRAIGHT,LEVEL;US ROUTE;TWO-WAY,DIVIDED,POSITIVE MEDIAN BARRIER;COARSE ASPHALT;DRY;DAYLIGHT;CLEAR;NO CONTROL PRESENT;;;-78.7413;35.7635;;;0;0;;;NONE;;NONE;;SPORT UTILITY;PICKUP;;;;NO;16127;2019-04-30;8:11:42 AM;2019-04-30T12:11:42+00:00;;2019;No;No;4;NONE;NONE,NONE;NONE,NONE;SPORT UTILITY,PICKUP;SPORT UTILITY,PICKUP;SPORT UTILITY,PICKUP;SPORT UTILITY,PICKUP
39754;50 FEET FROM SR-5808 E CHATHAM ST;NO SPECIAL FEATURE;STRAIGHT,LEVEL;STATE SECONDARY ROUTE;TWO-WAY,NOT DIVIDED;SMOOTH ASPHALT;DRY;DAYLIGHT;CLEAR;NO CONTROL PRESENT;;;-78.768225;35.791102;;120;0;1;1;;OTHER *;;NONE;;SPORT UTILITY;;;;;NO;16132;2019-04-30;6:21:53 PM;2019-04-30T22:21:53+00:00;;2019;No;Yes;4;OTHER *;OTHER *,NONE;OTHER *,NONE;SPORT UTILITY;SPORT UTILITY;SPORT UTILITY;SPORT UTILITY
39758;.1 MILES FROM P.V.A. (404 PARKTON CT);NO SPECIAL FEATURE;STRAIGHT,LEVEL;PUBLIC VEHICULAR AREA;TWO-WAY,NOT DIVIDED;SMOOTH ASPHALT;DRY;DARK - UNKNOWN LIGHTING;CLEAR;NO CONTROL PRESENT;;;-78.787;35.7629;;;0;0;;;NONE;;NONE;;PASSENGER CAR;PASSENGER CAR;;;;NO;16136;2019-04-30;7:23:07 AM;2019-04-30T11:23:07+00:00;;2019;No;No;4;NONE;NONE,NONE;NONE,NONE;PASSENGER CAR,PASSENGER CAR;PASSENGER CAR,PASSENGER CAR;PASSENGER CAR,PASSENGER CAR;PASSENGER CAR,PASSENGER CAR