tamainid;location_description;rdfeature;rdcharacter;rdclass;rdconfigur;rdsurface;rdcondition;lightcond;weather;trafcontrl;lat;lon;lon2;lat2;tract;zone;fatality;possblinj;numpassengers;numpedestrians;contrcir1_desc;contrcir2_desc;contrcir3_desc;contrcir4_desc;vehicle1;vehicle2;vehicle3;vehicle4;vehicle5;workarea;records;ta_date;ta_time;crash_date;geo_location;year;fatalities;injuries;month;contrfact1;contrfact2;contributing_factor;vehicleconcat1;vehicleconcat2;vehicleconcat3;vehicle_type
40140;250 FEET FROM SR 1300 (KILDARE FARM RD);NO SPECIAL FEATURE;STRAIGHT,LEVEL;PUBLIC VEHICULAR AREA;TWO-WAY,NOT DIVIDED;SMOOTH ASPHALT;DRY;DAYLIGHT;CLEAR;NO CONTROL PRESENT;;;-78.7813;35.7377;;;0;0;;;UNKNOWN;;NONE;;PASSENGER CAR;PASSENGER CAR;;;;NO;16518;2019-05-28;5:53:44 PM;2019-05-28T21:53:44+00:00;;2019;No;No;5;UNKNOWN;UNKNOWN,NONE;UNKNOWN,NONE;PASSENGER CAR,PASSENGER CAR;PASSENGER CAR,PASSENGER CAR;PASSENGER CAR,PASSENGER CAR;PASSENGER CAR,PASSENGER CAR
40163;100 FEET FROM US1 SOUTH;NO SPECIAL FEATURE;STRAIGHT,GRADE;US ROUTE;TWO-WAY,DIVIDED,POSITIVE MEDIAN BARRIER;CONCRETE;DRY;DAYLIGHT;CLEAR;NO CONTROL PRESENT;;;-78.7483;35.7607;;;0;0;;;NONE;;NONE;;PASSENGER CAR;PASSENGER CAR;;;;NO;16541;2019-05-29;6:50:55 PM;2019-05-29T22:50:55+00:00;;2019;No;No;5;NONE;NONE,NONE;NONE,NONE;PASSENGER CAR,PASSENGER CAR;PASSENGER CAR,PASSENGER CAR;PASSENGER CAR,PASSENGER CAR;PASSENGER CAR,PASSENGER CAR
40164;.1 MILES FROM PVA (4248 NW CARY PKWY);NO SPECIAL FEATURE;STRAIGHT,LEVEL;PUBLIC VEHICULAR AREA;TWO-WAY,NOT DIVIDED;COARSE ASPHALT;DRY;DAYLIGHT;CLEAR;NO CONTROL PRESENT;;;-78.827;35.79;;;0;0;;;NONE;;NONE;;PASSENGER CAR;PASSENGER CAR;;;;NO;16542;2019-05-29;7:56:00 PM;2019-05-29T23:56:00+00:00;;2019;No;No;5;NONE;NONE,NONE;NONE,NONE;PASSENGER CAR,PASSENGER CAR;PASSENGER CAR,PASSENGER CAR;PASSENGER CAR,PASSENGER CAR;PASSENGER CAR,PASSENGER CAR
40184;15 FEET FROM SR-1010 TEN TEN RD;NO SPECIAL FEATURE;STRAIGHT,LEVEL;STATE SECONDARY ROUTE;TWO-WAY,DIVIDED,UNPROTECTED MEDIAN;SMOOTH ASPHALT;DRY;DAYLIGHT;CLEAR;STOP AND GO SIGNAL;;;-78.7948;35.7017;;;0;0;1;;NONE;;NONE;;PASSENGER CAR;PASSENGER CAR;;;;NO;16562;2019-05-31;7:45:16 AM;2019-05-31T11:45:16+00:00;;2019;No;No;5;NONE;NONE,NONE;NONE,NONE;PASSENGER CAR,PASSENGER CAR;PASSENGER CAR,PASSENGER CAR;PASSENGER CAR,PASSENGER CAR;PASSENGER CAR,PASSENGER CAR
40186;300 FEET FROM SR 1652 (N HARRISON AVE);RELATED TO INTERSECTION;STRAIGHT,LEVEL;STATE SECONDARY ROUTE;TWO-WAY,DIVIDED,UNPROTECTED MEDIAN;SMOOTH ASPHALT;DRY;DAYLIGHT;CLEAR;FLASHING SIGNAL WITH STOP SIGN;35.669104881;-78.94941506;-78.7683;35.8298;;111;0;0;2;;;;NONE;;PASSENGER CAR;SPORT UTILITY;;;;NO;16564;2019-05-31;9:05:13 AM;2019-05-31T13:05:13+00:00;35.669104881, -78.94941506;2019;No;No;5;;NONE;NONE;PASSENGER CAR,SPORT UTILITY;PASSENGER CAR,SPORT UTILITY;PASSENGER CAR,SPORT UTILITY;PASSENGER CAR,SPORT UTILITY
40191;150 FEET FROM SR 3977 (CARY PKWY);NO SPECIAL FEATURE;STRAIGHT,LEVEL;STATE SECONDARY ROUTE;TWO-WAY,DIVIDED,UNPROTECTED MEDIAN;SMOOTH ASPHALT;DRY;DAYLIGHT;CLEAR;NO CONTROL PRESENT;;;-78.792974;35.757083;;;0;0;;;NONE;;NONE;;PICKUP;;;;;NO;16569;2019-05-31;3:13:58 PM;2019-05-31T19:13:58+00:00;;2019;No;No;5;NONE;NONE,NONE;NONE,NONE;PICKUP;PICKUP;PICKUP;PICKUP
40200;50 FEET FROM P.V.A. 869 SE MAYNARD RD;NO SPECIAL FEATURE;STRAIGHT,LEVEL;PUBLIC VEHICULAR AREA;ONE-WAY,NOT DIVIDED;SMOOTH ASPHALT;DRY;DAYLIGHT;CLEAR;NO CONTROL PRESENT;;;-78.7645;35.7763;;;0;0;4;;NONE;;NONE;;PASSENGER CAR;PASSENGER CAR;;;;NO;16578;2019-05-31;2:52:25 PM;2019-05-31T18:52:25+00:00;;2019;No;No;5;NONE;NONE,NONE;NONE,NONE;PASSENGER CAR,PASSENGER CAR;PASSENGER CAR,PASSENGER CAR;PASSENGER CAR,PASSENGER CAR;PASSENGER CAR,PASSENGER CAR
40202;0 FEET FROM NC 55 HWY;FOUR-WAY INTERSECTION;STRAIGHT,LEVEL;NC ROUTE;TWO-WAY,DIVIDED,UNPROTECTED MEDIAN;SMOOTH ASPHALT;DRY;DAYLIGHT;CLEAR;STOP AND GO SIGNAL;;;-78.891025;35.845804;;119;0;0;;;NONE;;NONE;;SPORT UTILITY;PASSENGER CAR;;;;NO;16580;2019-05-31;4:02:25 PM;2019-05-31T20:02:25+00:00;;2019;No;No;5;NONE;NONE,NONE;NONE,NONE;SPORT UTILITY,PASSENGER CAR;SPORT UTILITY,PASSENGER CAR;SPORT UTILITY,PASSENGER CAR;SPORT UTILITY,PASSENGER CAR
40218;270 FEET FROM PVA COOKOUT(1607 WALNUT ST);NO SPECIAL FEATURE;STRAIGHT,LEVEL;PUBLIC VEHICULAR AREA;ONE-WAY,NOT DIVIDED;SMOOTH ASPHALT;DRY;DARK - LIGHTED ROADWAY;CLEAR;NO CONTROL PRESENT;;;-78.74781;35.763953;;;0;0;3;;NONE;;NONE;;SPORT UTILITY;SPORT UTILITY;;;;NO;16596;2019-06-01;9:13:06 PM;2019-06-02T01:13:06+00:00;;2019;No;No;6;NONE;NONE,NONE;NONE,NONE;SPORT UTILITY,SPORT UTILITY;SPORT UTILITY,SPORT UTILITY;SPORT UTILITY,SPORT UTILITY;SPORT UTILITY,SPORT UTILITY
40219;.12 MILES FROM HWY US 1;OFF-RAMP PROPER;STRAIGHT,GRADE;US ROUTE;ONE-WAY,NOT DIVIDED;SMOOTH ASPHALT;DRY;DAYLIGHT;CLEAR;STOP AND GO SIGNAL;;;-78.7949;35.738;;;0;0;;;NONE;;NONE;;PASSENGER CAR;PASSENGER CAR;;;;NO;16597;2019-06-01;10:31 AM;2019-06-01T14:31:00+00:00;;2019;No;No;6;NONE;NONE,NONE;NONE,NONE;PASSENGER CAR,PASSENGER CAR;PASSENGER CAR,PASSENGER CAR;PASSENGER CAR,PASSENGER CAR;PASSENGER CAR,PASSENGER CAR
40221;CARY;FOUR-WAY INTERSECTION;STRAIGHT,LEVEL;LOCAL STREET;UNKNOWN;COARSE ASPHALT;DRY;DAYLIGHT;CLEAR;STOP AND GO SIGNAL;;;-78.7312;35.7531;;;0;0;;;NONE;;NONE;;PASSENGER CAR;PASSENGER CAR;;;;NO;16599;2019-06-01;3:25:27 PM;2019-06-01T19:25:27+00:00;;2019;No;No;6;NONE;NONE,NONE;NONE,NONE;PASSENGER CAR,PASSENGER CAR;PASSENGER CAR,PASSENGER CAR;PASSENGER CAR,PASSENGER CAR;PASSENGER CAR,PASSENGER CAR
40223;CARY;;;;;;;;;;;;;;;;0;2;;;;;;;;;;;;;16601;2019-05-25;9:25:16 PM;2019-05-26T01:25:16+00:00;;2019;No;Yes;5;;;;;;;
40231;25 FEET FROM CORNERSTONE DR;OTHER *;STRAIGHT,LEVEL;LOCAL STREET;TWO-WAY,NOT DIVIDED;SMOOTH ASPHALT;DRY;DAYLIGHT;CLEAR;NO CONTROL PRESENT;;;-78.8551;35.7915;;;0;0;2;;NONE;;NONE;;SPORT UTILITY;PASSENGER CAR;;;;NO;16609;2019-06-03;10:42 AM;2019-06-03T14:42:00+00:00;;2019;No;No;6;NONE;NONE,NONE;NONE,NONE;SPORT UTILITY,PASSENGER CAR;SPORT UTILITY,PASSENGER CAR;SPORT UTILITY,PASSENGER CAR;SPORT UTILITY,PASSENGER CAR
40232;380 FEET FROM P.V.A. 204 CROSSROADS BLVD;DRIVEWAY, PUBLIC;STRAIGHT,LEVEL;PUBLIC VEHICULAR AREA;TWO-WAY,NOT DIVIDED;SMOOTH ASPHALT;DRY;DAYLIGHT;CLEAR;NO CONTROL PRESENT;;;-78.7408;35.7604;;;0;0;2;;NONE;;NONE;;SPORT UTILITY;SPORT UTILITY;;;;NO;16610;2019-06-03;1:19:28 PM;2019-06-03T17:19:28+00:00;;2019;No;No;6;NONE;NONE,NONE;NONE,NONE;SPORT UTILITY,SPORT UTILITY;SPORT UTILITY,SPORT UTILITY;SPORT UTILITY,SPORT UTILITY;SPORT UTILITY,SPORT UTILITY
40238;200 FEET FROM E DURHAM RD;NO SPECIAL FEATURE;STRAIGHT,LEVEL;LOCAL STREET;TWO-WAY,NOT DIVIDED;SMOOTH ASPHALT;DRY;DAYLIGHT;CLEAR;NO CONTROL PRESENT;35.790638213;-78.77651761;-78.7755;35.7903;P060;113;0;0;;;NONE;;NONE;;PASSENGER CAR;PASSENGER CAR;;;;NO;16616;2019-06-01;12:15 PM;2019-06-01T16:15:00+00:00;35.790638213, -78.77651761;2019;No;No;6;NONE;NONE,NONE;NONE,NONE;PASSENGER CAR,PASSENGER CAR;PASSENGER CAR,PASSENGER CAR;PASSENGER CAR,PASSENGER CAR;PASSENGER CAR,PASSENGER CAR
40240;CARY;T-INTERSECTION;CURVE,LEVEL;STATE SECONDARY ROUTE;TWO-WAY,DIVIDED,UNPROTECTED MEDIAN;SMOOTH ASPHALT;DRY;DAYLIGHT;CLEAR;STOP SIGN;;;-78.7643;35.7686;;;0;1;;;NONE;;NONE;;PASSENGER CAR;PASSENGER CAR;;;;NO;16618;2019-06-04;7:49:18 PM;2019-06-04T23:49:18+00:00;;2019;No;Yes;6;NONE;NONE,NONE;NONE,NONE;PASSENGER CAR,PASSENGER CAR;PASSENGER CAR,PASSENGER CAR;PASSENGER CAR,PASSENGER CAR;PASSENGER CAR,PASSENGER CAR
40242;0 FEET FROM SR 3977 (CARY PKWY);FOUR-WAY INTERSECTION;STRAIGHT,LEVEL;STATE SECONDARY ROUTE;TWO-WAY,DIVIDED,UNPROTECTED MEDIAN;SMOOTH ASPHALT;DRY;DAYLIGHT;CLEAR;STOP SIGN;;;-78.799178;35.755549;;;0;0;1;;NONE;;NONE;;PASSENGER CAR;PASSENGER CAR;;;;NO;16620;2019-06-04;10:58 AM;2019-06-04T14:58:00+00:00;;2019;No;No;6;NONE;NONE,NONE;NONE,NONE;PASSENGER CAR,PASSENGER CAR;PASSENGER CAR,PASSENGER CAR;PASSENGER CAR,PASSENGER CAR;PASSENGER CAR,PASSENGER CAR
40253;.5 MILES FROM SR 3073 (NW MAYNARD RD);NO SPECIAL FEATURE;STRAIGHT,GRADE;STATE SECONDARY ROUTE;TWO-WAY,DIVIDED,UNPROTECTED MEDIAN;COARSE ASPHALT;DRY;DAYLIGHT;CLOUDY;NO CONTROL PRESENT;;;-78.785;35.802;;;0;1;;;NONE;;NONE;;PASSENGER CAR;PASSENGER CAR;;;;NO;16631;2019-06-05;3:07:47 PM;2019-06-05T19:07:47+00:00;;2019;No;Yes;6;NONE;NONE,NONE;NONE,NONE;PASSENGER CAR,PASSENGER CAR;PASSENGER CAR,PASSENGER CAR;PASSENGER CAR,PASSENGER CAR;PASSENGER CAR,PASSENGER CAR
40257;CARY;NO SPECIAL FEATURE;STRAIGHT,LEVEL;STATE SECONDARY ROUTE;TWO-WAY,NOT DIVIDED;SMOOTH ASPHALT;DRY;DAYLIGHT;CLEAR;STOP AND GO SIGNAL;;;-78.8074;35.7712;;;0;1;;;NONE;;NONE;;PASSENGER CAR;PASSENGER CAR;;;;NO;16635;2019-06-05;1:28:14 PM;2019-06-05T17:28:14+00:00;;2019;No;Yes;6;NONE;NONE,NONE;NONE,NONE;PASSENGER CAR,PASSENGER CAR;PASSENGER CAR,PASSENGER CAR;PASSENGER CAR,PASSENGER CAR;PASSENGER CAR,PASSENGER CAR
40260;50 FEET FROM US 64 HWY;RELATED TO INTERSECTION;STRAIGHT,LEVEL;US ROUTE;TWO-WAY,DIVIDED,UNPROTECTED MEDIAN;SMOOTH ASPHALT;DRY;DAYLIGHT;CLEAR;STOP AND GO SIGNAL;35.738948319;-78.79830394;-78.7987;35.7388;P041;116;0;0;1;;NONE;;NONE;;SPORT UTILITY;SPORT UTILITY;;;;NO;16638;2019-06-06;10:55 AM;2019-06-06T14:55:00+00:00;35.738948319, -78.79830394;2019;No;No;6;NONE;NONE,NONE;NONE,NONE;SPORT UTILITY,SPORT UTILITY;SPORT UTILITY,SPORT UTILITY;SPORT UTILITY,SPORT UTILITY;SPORT UTILITY,SPORT UTILITY
40261;50 FEET FROM SR# 1313 (WALNUT ST);NO SPECIAL FEATURE;STRAIGHT,GRADE;STATE SECONDARY ROUTE;TWO-WAY,NOT DIVIDED;SMOOTH ASPHALT;DRY;DAYLIGHT;CLEAR;NO CONTROL PRESENT;;;-78.7621;35.7703;;;0;0;;;NONE;;NONE;;PASSENGER CAR;PASSENGER CAR;;;;NO;16639;2019-06-06;5:35:54 PM;2019-06-06T21:35:54+00:00;;2019;No;No;6;NONE;NONE,NONE;NONE,NONE;PASSENGER CAR,PASSENGER CAR;PASSENGER CAR,PASSENGER CAR;PASSENGER CAR,PASSENGER CAR;PASSENGER CAR,PASSENGER CAR
40265;.15 MILES FROM NC 55 HWY;NO SPECIAL FEATURE;STRAIGHT,LEVEL;NC ROUTE;TWO-WAY,NOT DIVIDED;SMOOTH ASPHALT;DRY;DAYLIGHT;CLEAR;NO CONTROL PRESENT;35.792950117;-78.87057115;-78.8705;35.7948;P077;122;0;0;1;;NONE;;NONE;;PASSENGER CAR;PASSENGER CAR;;;;NO;16643;2019-06-06;6:47:26 PM;2019-06-06T22:47:26+00:00;35.792950117, -78.87057115;2019;No;No;6;NONE;NONE,NONE;NONE,NONE;PASSENGER CAR,PASSENGER CAR;PASSENGER CAR,PASSENGER CAR;PASSENGER CAR,PASSENGER CAR;PASSENGER CAR,PASSENGER CAR
40280;CARY;FOUR-WAY INTERSECTION;STRAIGHT,LEVEL;STATE SECONDARY ROUTE;TWO-WAY,NOT DIVIDED;SMOOTH ASPHALT;WET;DAYLIGHT;CLOUDY;FLASHING STOP AND GO SIGNAL;;;-78.7812;35.7581;;112;0;0;;;NONE;;NONE;;SPORT UTILITY;PASSENGER CAR;;;;NO;16658;2019-06-07;12:58 PM;2019-06-07T16:58:00+00:00;;2019;No;No;6;NONE;NONE,NONE;NONE,NONE;SPORT UTILITY,PASSENGER CAR;SPORT UTILITY,PASSENGER CAR;SPORT UTILITY,PASSENGER CAR;SPORT UTILITY,PASSENGER CAR
40284;CARY;FOUR-WAY INTERSECTION;STRAIGHT,GRADE;STATE SECONDARY ROUTE;TWO-WAY,DIVIDED,UNPROTECTED MEDIAN;SMOOTH ASPHALT;WET;DAYLIGHT;CLOUDY;STOP SIGN;;;-78.8966;35.8433;;;0;1;1;;NONE;;NONE;;SPORT UTILITY;SPORT UTILITY;;;;NO;16662;2019-06-07;8:32:42 PM;2019-06-08T00:32:42+00:00;;2019;No;Yes;6;NONE;NONE,NONE;NONE,NONE;SPORT UTILITY,SPORT UTILITY;SPORT UTILITY,SPORT UTILITY;SPORT UTILITY,SPORT UTILITY;SPORT UTILITY,SPORT UTILITY
40294;NEAR .01 MILES W OF W NC 54 HWY;NO SPECIAL FEATURE;CURVE,GRADE;NC ROUTE;TWO-WAY,NOT DIVIDED;SMOOTH ASPHALT;WET;DAYLIGHT;RAIN;STOP AND GO SIGNAL;35.818065847;-78.82251578;-78.8224;35.8165;P112;RALW;0;0;;;NONE;;NONE;;VAN;PASSENGER CAR;;;;NO;16672;2019-06-07;3:18:48 PM;2019-06-07T19:18:48+00:00;35.818065847, -78.82251578;2019;No;No;6;NONE;NONE,NONE;NONE,NONE;VAN,PASSENGER CAR;VAN,PASSENGER CAR;VAN,PASSENGER CAR;VAN,PASSENGER CAR
40305;100 FEET FROM NC 55 HWY;RELATED TO INTERSECTION;STRAIGHT,LEVEL;NC ROUTE;TWO-WAY,DIVIDED,UNPROTECTED MEDIAN;SMOOTH ASPHALT;DRY;DAYLIGHT;CLEAR;STOP AND GO SIGNAL;;;-78.8738;35.8213;;;0;0;;;NONE;;NONE;;PICKUP;SPORT UTILITY;PICKUP;;;NO;16683;2019-06-06;9:27:55 PM;2019-06-07T01:27:55+00:00;;2019;No;No;6;NONE;NONE,NONE;NONE,NONE;PICKUP,SPORT UTILITY;PICKUP,SPORT UTILITY,PICKUP;PICKUP,SPORT UTILITY,PICKUP;PICKUP,SPORT UTILITY,PICKUP
40311;.10 MILES FROM US 1 HWY;OFF-RAMP PROPER;STRAIGHT,GRADE;US ROUTE;ONE-WAY,NOT DIVIDED;SMOOTH ASPHALT;WET;DAYLIGHT;RAIN;NO CONTROL PRESENT;;;-78.792;35.739;;;0;1;;;NONE;;NONE;;SPORT UTILITY;SPORT UTILITY;PASSENGER CAR;;;NO;16689;2019-06-10;5:05:55 PM;2019-06-10T21:05:55+00:00;;2019;No;Yes;6;NONE;NONE,NONE;NONE,NONE;SPORT UTILITY,SPORT UTILITY;SPORT UTILITY,SPORT UTILITY,PASSENGER CAR;SPORT UTILITY,SPORT UTILITY,PASSENGER CAR;SPORT UTILITY,SPORT UTILITY,PASSENGER CAR
40312;0 FEET FROM SR 5808 (E CHATHAM ST);RELATED TO INTERSECTION;STRAIGHT,LEVEL;STATE SECONDARY ROUTE;TWO-WAY,DIVIDED,UNPROTECTED MEDIAN;SMOOTH ASPHALT;DRY;DAYLIGHT;CLEAR;STOP SIGN;;;-78.773989;35.788375;;;0;0;;;NONE;;NONE;;PASSENGER CAR;PASSENGER CAR;;;;NO;16690;2019-06-10;4:26:21 PM;2019-06-10T20:26:21+00:00;;2019;No;No;6;NONE;NONE,NONE;NONE,NONE;PASSENGER CAR,PASSENGER CAR;PASSENGER CAR,PASSENGER CAR;PASSENGER CAR,PASSENGER CAR;PASSENGER CAR,PASSENGER CAR
40313;CARY;FOUR-WAY INTERSECTION;STRAIGHT,LEVEL;STATE SECONDARY ROUTE;TWO-WAY,DIVIDED,POSITIVE MEDIAN BARRIER;SMOOTH ASPHALT;DRY;DAYLIGHT;CLEAR;STOP AND GO SIGNAL;;;-78.810057;35.783475;;;0;0;1;;NONE;;NONE;;PASSENGER CAR;PASSENGER CAR;;;;NO;16691;2019-06-09;11:22 AM;2019-06-09T15:22:00+00:00;;2019;No;No;6;NONE;NONE,NONE;NONE,NONE;PASSENGER CAR,PASSENGER CAR;PASSENGER CAR,PASSENGER CAR;PASSENGER CAR,PASSENGER CAR;PASSENGER CAR,PASSENGER CAR
40329;75 FEET FROM SR# 1313 WALNUT ST);NO SPECIAL FEATURE;STRAIGHT,LEVEL;STATE SECONDARY ROUTE;TWO-WAY,NOT DIVIDED;SMOOTH ASPHALT;DRY;DAYLIGHT;CLEAR;NO CONTROL PRESENT;;;-78.7494;35.7641;;;0;0;;;NONE;;NONE;;PICKUP;SPORT UTILITY;;;;NO;16707;2019-06-11;3:07:45 PM;2019-06-11T19:07:45+00:00;;2019;No;No;6;NONE;NONE,NONE;NONE,NONE;PICKUP,SPORT UTILITY;PICKUP,SPORT UTILITY;PICKUP,SPORT UTILITY;PICKUP,SPORT UTILITY
40330;0 MILES FROM SR 1379 (PENNY RD);T-INTERSECTION;CURVE,GRADE;STATE SECONDARY ROUTE;ONE-WAY,NOT DIVIDED;COARSE ASPHALT;DRY;DAYLIGHT;CLEAR;STOP SIGN;;;-78.810918;35.71;;;0;0;;;NONE;;NONE;;PASSENGER CAR;PICKUP;;;;NO;16708;2019-06-11;9:17:38 AM;2019-06-11T13:17:38+00:00;;2019;No;No;6;NONE;NONE,NONE;NONE,NONE;PASSENGER CAR,PICKUP;PASSENGER CAR,PICKUP;PASSENGER CAR,PICKUP;PASSENGER CAR,PICKUP
40343;CARY;NO SPECIAL FEATURE;STRAIGHT,LEVEL;LOCAL STREET;TWO-WAY,NOT DIVIDED;SMOOTH ASPHALT;DRY;DAYLIGHT;CLEAR;STOP SIGN;35.764879434;-78.78344969;-78.784525;35.764894;P027;112;0;0;;;NONE;;NONE;;PASSENGER CAR;PASSENGER CAR;;;;NO;16721;2019-06-11;3:01:57 PM;2019-06-11T19:01:57+00:00;35.764879434, -78.78344969;2019;No;No;6;NONE;NONE,NONE;NONE,NONE;PASSENGER CAR,PASSENGER CAR;PASSENGER CAR,PASSENGER CAR;PASSENGER CAR,PASSENGER CAR;PASSENGER CAR,PASSENGER CAR
40345;100 FEET FROM P.V.A. (220 W CHATHAM ST);NO SPECIAL FEATURE;STRAIGHT,LEVEL;PUBLIC VEHICULAR AREA;TWO-WAY,NOT DIVIDED;COARSE ASPHALT;DRY;DAYLIGHT;CLEAR;NO CONTROL PRESENT;;;-78.784;35.7875;;;0;0;;;NONE;;NONE;;PASSENGER CAR;PASSENGER CAR;;;;NO;16723;2019-06-12;9:47:24 AM;2019-06-12T13:47:24+00:00;;2019;No;No;6;NONE;NONE,NONE;NONE,NONE;PASSENGER CAR,PASSENGER CAR;PASSENGER CAR,PASSENGER CAR;PASSENGER CAR,PASSENGER CAR;PASSENGER CAR,PASSENGER CAR
40352;192 FEET FROM SR3081 (CHAPEL HILL RD);RELATED TO INTERSECTION;STRAIGHT,LEVEL;STATE SECONDARY ROUTE;TWO-WAY,DIVIDED,UNPROTECTED MEDIAN;SMOOTH ASPHALT;DRY;DAYLIGHT;CLEAR;STOP AND GO SIGNAL;;;-78.796491;35.798901;;;0;1;2;;NONE;;NONE;;PASSENGER CAR;PASSENGER CAR;;;;NO;16730;2019-06-13;4:06:03 PM;2019-06-13T20:06:03+00:00;;2019;No;Yes;6;NONE;NONE,NONE;NONE,NONE;PASSENGER CAR,PASSENGER CAR;PASSENGER CAR,PASSENGER CAR;PASSENGER CAR,PASSENGER CAR;PASSENGER CAR,PASSENGER CAR
40355;60 FEET FROM SR 3081 (CHAPEL HILL RD);NO SPECIAL FEATURE;STRAIGHT,LEVEL;STATE SECONDARY ROUTE;TWO-WAY,NOT DIVIDED;SMOOTH ASPHALT;DRY;DAYLIGHT;CLEAR;NO CONTROL PRESENT;;;-78.782694;35.791634;;113;0;0;;;NONE;;NONE;;PASSENGER CAR;SPORT UTILITY;;;;NO;16733;2019-06-13;4:19:43 PM;2019-06-13T20:19:43+00:00;;2019;No;No;6;NONE;NONE,NONE;NONE,NONE;PASSENGER CAR,SPORT UTILITY;PASSENGER CAR,SPORT UTILITY;PASSENGER CAR,SPORT UTILITY;PASSENGER CAR,SPORT UTILITY
40356;100 FEET FROM DRYSTACK WAY;NO SPECIAL FEATURE;STRAIGHT,LEVEL;PUBLIC VEHICULAR AREA;TWO-WAY,NOT DIVIDED;SMOOTH ASPHALT;WET;DAYLIGHT;RAIN;NO CONTROL PRESENT;;;-78.856;35.789;;;0;0;;;NONE;;NONE;;SPORT UTILITY;PASSENGER CAR;;;;NO;16734;2019-06-12;5:54:26 PM;2019-06-12T21:54:26+00:00;;2019;No;No;6;NONE;NONE,NONE;NONE,NONE;SPORT UTILITY,PASSENGER CAR;SPORT UTILITY,PASSENGER CAR;SPORT UTILITY,PASSENGER CAR;SPORT UTILITY,PASSENGER CAR
40358;100 FEET FROM PVA 2350 WALNUT ST;NO SPECIAL FEATURE;STRAIGHT,LEVEL;PUBLIC VEHICULAR AREA;ONE-WAY,NOT DIVIDED;SMOOTH ASPHALT;WET;DAYLIGHT;CLOUDY;STOP SIGN;;;-78.744158;35.754889;;;0;0;;;NONE;;NONE;;PASSENGER CAR;SPORT UTILITY;;;;NO;16736;2019-06-13;10:45 PM;2019-06-14T02:45:00+00:00;;2019;No;No;6;NONE;NONE,NONE;NONE,NONE;PASSENGER CAR,SPORT UTILITY;PASSENGER CAR,SPORT UTILITY;PASSENGER CAR,SPORT UTILITY;PASSENGER CAR,SPORT UTILITY
40363;300 FEET FROM PVA OF 3494 SR 1300 (KILDAIRE;DRIVEWAY, PUBLIC;STRAIGHT,GRADE;PUBLIC VEHICULAR AREA;TWO-WAY,NOT DIVIDED;COARSE ASPHALT;DRY;DAYLIGHT;CLEAR;NO CONTROL PRESENT;;;-78.796251;35.7051311;;;0;0;2;;NONE;;NONE;;SPORT UTILITY;PASSENGER CAR;;;;NO;16741;2019-06-13;12:19 PM;2019-06-13T16:19:00+00:00;;2019;No;No;6;NONE;NONE,NONE;NONE,NONE;SPORT UTILITY,PASSENGER CAR;SPORT UTILITY,PASSENGER CAR;SPORT UTILITY,PASSENGER CAR;SPORT UTILITY,PASSENGER CAR
40364;0 FEET FROM SR 1615 (HIGH HOUSE RD);T-INTERSECTION;STRAIGHT,HILLCREST;STATE SECONDARY ROUTE;TWO-WAY,DIVIDED,UNPROTECTED MEDIAN;SMOOTH ASPHALT;DRY;DAYLIGHT;CLEAR;STOP SIGN;;;-78.825;35.7864;;;0;0;;;NONE;;NONE;;VAN;SPORT UTILITY;;;;NO;16742;2019-06-14;7:00:59 AM;2019-06-14T11:00:59+00:00;;2019;No;No;6;NONE;NONE,NONE;NONE,NONE;VAN,SPORT UTILITY;VAN,SPORT UTILITY;VAN,SPORT UTILITY;VAN,SPORT UTILITY
40366;5 FEET FROM LAUREL GARDEN WAY;T-INTERSECTION;STRAIGHT,GRADE;LOCAL STREET;TWO-WAY,NOT DIVIDED;SMOOTH ASPHALT;DRY;DAYLIGHT;CLEAR;STOP SIGN;35.811297218;-78.79728915;-78.797;35.8113;P023;111;0;1;;;NONE;;NONE;;PASSENGER CAR;PASSENGER CAR;;;;NO;16744;2019-06-14;9:08:27 AM;2019-06-14T13:08:27+00:00;35.811297218, -78.79728915;2019;No;Yes;6;NONE;NONE,NONE;NONE,NONE;PASSENGER CAR,PASSENGER CAR;PASSENGER CAR,PASSENGER CAR;PASSENGER CAR,PASSENGER CAR;PASSENGER CAR,PASSENGER CAR
40367;CARY;;;;;;;;;;;;;;;;0;0;;;;;;;;;;;;;16745;2019-06-14;1:04:07 PM;2019-06-14T17:04:07+00:00;;2019;No;No;6;;;;;;;
40373;CARY;T-INTERSECTION;STRAIGHT,LEVEL;LOCAL STREET;ONE-WAY,NOT DIVIDED;SMOOTH ASPHALT;DRY;DAYLIGHT;CLEAR;STOP SIGN;35.788117054;-78.84793334;-78.84806;35.788139;P018;117;0;0;1;;NONE;;NONE;;VAN;PASSENGER CAR;;;;NO;16751;2019-06-15;7:58:49 AM;2019-06-15T11:58:49+00:00;35.788117054, -78.84793334;2019;No;No;6;NONE;NONE,NONE;NONE,NONE;VAN,PASSENGER CAR;VAN,PASSENGER CAR;VAN,PASSENGER CAR;VAN,PASSENGER CAR
40377;.2 MILES FROM 1103 PARKSIDE MAIN ST;NO SPECIAL FEATURE;CURVE,LEVEL;LOCAL STREET;ONE-WAY,NOT DIVIDED;SMOOTH ASPHALT;DRY;DARK - LIGHTED ROADWAY;CLEAR;NO CONTROL PRESENT;35.849427765;-78.8915929;-78.8894;35.8474;P124;119;0;0;;;NONE;;NONE;;PASSENGER CAR;;;;;NO;16755;2019-06-16;10:52 PM;2019-06-17T02:52:00+00:00;35.849427765, -78.8915929;2019;No;No;6;NONE;NONE,NONE;NONE,NONE;PASSENGER CAR;PASSENGER CAR;PASSENGER CAR;PASSENGER CAR