tamainid;location_description;rdfeature;rdcharacter;rdclass;rdconfigur;rdsurface;rdcondition;lightcond;weather;trafcontrl;lat;lon;lon2;lat2;tract;zone;fatality;possblinj;numpassengers;numpedestrians;contrcir1_desc;contrcir2_desc;contrcir3_desc;contrcir4_desc;vehicle1;vehicle2;vehicle3;vehicle4;vehicle5;workarea;records;ta_date;ta_time;crash_date;geo_location;year;fatalities;injuries;month;contrfact1;contrfact2;contributing_factor;vehicleconcat1;vehicleconcat2;vehicleconcat3;vehicle_type
42038;300 FEET FROM P.V.A. (601 CASCADE POINTE LN);NO SPECIAL FEATURE;STRAIGHT,LEVEL;PUBLIC VEHICULAR AREA;TWO-WAY,NOT DIVIDED;COARSE ASPHALT;DRY;DAYLIGHT;CLEAR;NO CONTROL PRESENT;;;-78.812239;35.820467;;;0;0;3;;;;NONE;;SPORT UTILITY;SPORT UTILITY;;;;NO;18416;2019-10-12;5:31:29 PM;2019-10-12T21:31:29+00:00;;2019;No;No;10;;NONE;NONE;SPORT UTILITY,SPORT UTILITY;SPORT UTILITY,SPORT UTILITY;SPORT UTILITY,SPORT UTILITY;SPORT UTILITY,SPORT UTILITY
42045;100 FEET FROM SR-1415 NW MAYNARD RD;RELATED TO INTERSECTION;STRAIGHT,LEVEL;STATE SECONDARY ROUTE;TWO-WAY,DIVIDED,UNPROTECTED MEDIAN;SMOOTH ASPHALT;DRY;DAYLIGHT;CLEAR;STOP AND GO SIGNAL;;;-78.783131;35.802559;;120;0;0;1;;;;NONE;;VAN;VAN;;;;NO;18423;2019-10-11;6:14:27 PM;2019-10-11T22:14:27+00:00;;2019;No;No;10;;NONE;NONE;VAN,VAN;VAN,VAN;VAN,VAN;VAN,VAN
42059;CARY;NO SPECIAL FEATURE;STRAIGHT,LEVEL;PUBLIC VEHICULAR AREA;TWO-WAY,NOT DIVIDED;SMOOTH ASPHALT;DRY;DAYLIGHT;CLEAR;NO CONTROL PRESENT;35.790517086;-78.82342386;-78.823632;35.790134;P065;114;0;0;;;NONE;;NONE;;VAN;PICKUP;;;;NO;18437;2019-10-12;5:06:14 AM;2019-10-12T09:06:14+00:00;35.790517086, -78.82342386;2019;No;No;10;NONE;NONE,NONE;NONE,NONE;VAN,PICKUP;VAN,PICKUP;VAN,PICKUP;VAN,PICKUP
42060;CARY;FOUR-WAY INTERSECTION;STRAIGHT,HILLCREST;STATE SECONDARY ROUTE;TWO-WAY,DIVIDED,POSITIVE MEDIAN BARRIER;SMOOTH ASPHALT;WET;DARK - LIGHTED ROADWAY;RAIN;STOP AND GO SIGNAL;;;-78.9023;35.8222;;;0;1;;;NONE;;NONE;;PASSENGER CAR;SPORT UTILITY;;;;NO;18438;2019-10-13;10:04 PM;2019-10-14T02:04:00+00:00;;2019;No;Yes;10;NONE;NONE,NONE;NONE,NONE;PASSENGER CAR,SPORT UTILITY;PASSENGER CAR,SPORT UTILITY;PASSENGER CAR,SPORT UTILITY;PASSENGER CAR,SPORT UTILITY
42064;65 FEET FROM US 1 OFF-RAMP;OFF-RAMP PROPER;CURVE,LEVEL;US ROUTE;TWO-WAY,DIVIDED,UNPROTECTED MEDIAN;SMOOTH ASPHALT;DRY;DAYLIGHT;CLEAR;STOP AND GO SIGNAL;;;-78.7946;35.7379;;;0;0;;;;;NONE;;PASSENGER CAR;VAN;;;;NO;18442;2019-10-12;6:12:51 PM;2019-10-12T22:12:51+00:00;;2019;No;No;10;;NONE;NONE;PASSENGER CAR,VAN;PASSENGER CAR,VAN;PASSENGER CAR,VAN;PASSENGER CAR,VAN
42071;CARY;FOUR-WAY INTERSECTION;STRAIGHT,LEVEL;STATE SECONDARY ROUTE;TWO-WAY,DIVIDED,UNPROTECTED MEDIAN;SMOOTH ASPHALT;DRY;DAYLIGHT;CLEAR;STOP AND GO SIGNAL;;;-78.899951;35.842039;;;0;0;;;NONE;;NONE;;PASSENGER CAR;PASSENGER CAR;;;;NO;18449;2019-10-14;4:45:53 PM;2019-10-14T20:45:53+00:00;;2019;No;No;10;NONE;NONE,NONE;NONE,NONE;PASSENGER CAR,PASSENGER CAR;PASSENGER CAR,PASSENGER CAR;PASSENGER CAR,PASSENGER CAR;PASSENGER CAR,PASSENGER CAR
42074;.15 MILES FROM P.V.A. (2861 JONES FRANKLIN R);DRIVEWAY, PUBLIC;STRAIGHT,LEVEL;PUBLIC VEHICULAR AREA;TWO-WAY,NOT DIVIDED;SMOOTH ASPHALT;DRY;DAYLIGHT;CLEAR;NO CONTROL PRESENT;;;-78.737;35.744;;;0;0;;;NONE;;NONE;;PICKUP;PASSENGER CAR;;;;NO;18452;2019-10-15;10:59 AM;2019-10-15T14:59:00+00:00;;2019;No;No;10;NONE;NONE,NONE;NONE,NONE;PICKUP,PASSENGER CAR;PICKUP,PASSENGER CAR;PICKUP,PASSENGER CAR;PICKUP,PASSENGER CAR
42077;100 FEET FROM NC 55 HWY;NO SPECIAL FEATURE;STRAIGHT,LEVEL;NC ROUTE;TWO-WAY,DIVIDED,UNPROTECTED MEDIAN;SMOOTH ASPHALT;DRY;DAYLIGHT;CLEAR;STOP AND GO SIGNAL;35.716068345;-78.84120053;-78.87702;35.81336;P114;APEX;0;0;;;NONE;;NONE;;PASSENGER CAR;SPORT UTILITY;;;;NO;18455;2019-10-15;6:47:18 PM;2019-10-15T22:47:18+00:00;35.716068345, -78.84120053;2019;No;No;10;NONE;NONE,NONE;NONE,NONE;PASSENGER CAR,SPORT UTILITY;PASSENGER CAR,SPORT UTILITY;PASSENGER CAR,SPORT UTILITY;PASSENGER CAR,SPORT UTILITY
42080;CARY;FOUR-WAY INTERSECTION;STRAIGHT,LEVEL;STATE SECONDARY ROUTE;TWO-WAY,DIVIDED,UNPROTECTED MEDIAN;SMOOTH ASPHALT;DRY;DAYLIGHT;CLEAR;STOP SIGN;;;-78.78016;35.831402;;;0;1;;;NONE;;NONE;;SPORT UTILITY;SPORT UTILITY;;;;NO;18458;2019-10-11;12:56 PM;2019-10-11T16:56:00+00:00;;2019;No;Yes;10;NONE;NONE,NONE;NONE,NONE;SPORT UTILITY,SPORT UTILITY;SPORT UTILITY,SPORT UTILITY;SPORT UTILITY,SPORT UTILITY;SPORT UTILITY,SPORT UTILITY
42084;350 FEET FROM SR 3977 (SW CARY PKWY);RELATED TO INTERSECTION;STRAIGHT,LEVEL;STATE SECONDARY ROUTE;TWO-WAY,NOT DIVIDED;COARSE ASPHALT;WET;DAYLIGHT;RAIN;STOP AND GO SIGNAL;;;-78.822;35.7622;;;0;0;;;;;NONE;;PASSENGER CAR;PASSENGER CAR;;;;NO;18462;2019-10-16;10:17 AM;2019-10-16T14:17:00+00:00;;2019;No;No;10;;NONE;NONE;PASSENGER CAR,PASSENGER CAR;PASSENGER CAR,PASSENGER CAR;PASSENGER CAR,PASSENGER CAR;PASSENGER CAR,PASSENGER CAR
42087;50 FEET FROM WESTON PKWY;NO SPECIAL FEATURE;CURVE,LEVEL;LOCAL STREET;TWO-WAY,DIVIDED,UNPROTECTED MEDIAN;SMOOTH ASPHALT;WET;DAYLIGHT;CLOUDY;NO CONTROL PRESENT;;;-78.7979;35.8289;;;0;1;;;NONE;;NONE;;PASSENGER CAR;PASSENGER CAR;;;;NO;18465;2019-10-16;5:54:32 PM;2019-10-16T21:54:32+00:00;;2019;No;Yes;10;NONE;NONE,NONE;NONE,NONE;PASSENGER CAR,PASSENGER CAR;PASSENGER CAR,PASSENGER CAR;PASSENGER CAR,PASSENGER CAR;PASSENGER CAR,PASSENGER CAR
42090;418 FEET FROM SR1652 (N HARRISON AVE);NO SPECIAL FEATURE;STRAIGHT,LEVEL;LOCAL STREET;TWO-WAY,DIVIDED,UNPROTECTED MEDIAN;SMOOTH ASPHALT;WET;DAYLIGHT;RAIN;FLASHING STOP AND GO SIGNAL;35.669104881;-78.94941506;-78.76855;35.829466;P090;WAKE;0;0;;;NONE;;NONE;;SPORT UTILITY;PASSENGER CAR;;;;NO;18468;2019-10-16;11:43 AM;2019-10-16T15:43:00+00:00;35.669104881, -78.94941506;2019;No;No;10;NONE;NONE,NONE;NONE,NONE;SPORT UTILITY,PASSENGER CAR;SPORT UTILITY,PASSENGER CAR;SPORT UTILITY,PASSENGER CAR;SPORT UTILITY,PASSENGER CAR
42095;50 FEET FROM PVA OF 303 E DURHAM RD;NO SPECIAL FEATURE;STRAIGHT,LEVEL;PUBLIC VEHICULAR AREA;TWO-WAY,NOT DIVIDED;SMOOTH ASPHALT;UNKNOWN;UNKNOWN;OTHER *;NO CONTROL PRESENT;;;-78.77595;35.790784;;120;0;0;;;;;NONE;;PASSENGER CAR;PASSENGER CAR;;;;NO;18473;2019-10-15;9:44:38 PM;2019-10-16T01:44:38+00:00;;2019;No;No;10;;NONE;NONE;PASSENGER CAR,PASSENGER CAR;PASSENGER CAR,PASSENGER CAR;PASSENGER CAR,PASSENGER CAR;PASSENGER CAR,PASSENGER CAR
42102;100 FEET FROM CENTREGREEN WAY;NO SPECIAL FEATURE;STRAIGHT,LEVEL;LOCAL STREET;TWO-WAY,NOT DIVIDED;SMOOTH ASPHALT;DRY;DAYLIGHT;CLEAR;NO CONTROL PRESENT;35.827261304;-78.79969953;-78.7987;35.8265;P021;111;0;0;;;NONE;;NONE;;PASSENGER CAR;PASSENGER CAR;;;;NO;18480;2019-10-17;3:37:11 PM;2019-10-17T19:37:11+00:00;35.827261304, -78.79969953;2019;No;No;10;NONE;NONE,NONE;NONE,NONE;PASSENGER CAR,PASSENGER CAR;PASSENGER CAR,PASSENGER CAR;PASSENGER CAR,PASSENGER CAR;PASSENGER CAR,PASSENGER CAR
42108;100 FEET FROM SR-5808 E CHATHAM ST;NO SPECIAL FEATURE;STRAIGHT,LEVEL;STATE SECONDARY ROUTE;TWO-WAY,NOT DIVIDED;SMOOTH ASPHALT;DRY;DAYLIGHT;CLEAR;NO CONTROL PRESENT;;;-78.750903;35.790038;;120;0;0;;;;;NONE;;PASSENGER CAR;PASSENGER CAR;;;;NO;18486;2019-10-17;7:37:04 PM;2019-10-17T23:37:04+00:00;;2019;No;No;10;;NONE;NONE;PASSENGER CAR,PASSENGER CAR;PASSENGER CAR,PASSENGER CAR;PASSENGER CAR,PASSENGER CAR;PASSENGER CAR,PASSENGER CAR
42109;.18 MILES FROM NC 55 HWY;;;;;;;;;;35.840824249;-78.88648434;-78.8884;35.8431;P091;WAKE;0;0;;;;;;;;;;;;;18487;2019-10-16;9:20:59 AM;2019-10-16T13:20:59+00:00;35.840824249, -78.88648434;2019;No;No;10;;;;;;;
42110;146 FEET FROM PEREGRINE PL;NO SPECIAL FEATURE;STRAIGHT,LEVEL;LOCAL STREET;TWO-WAY,DIVIDED,POSITIVE MEDIAN BARRIER;SMOOTH ASPHALT;DRY;DAYLIGHT;CLEAR;NO CONTROL PRESENT;35.725850996;-78.79075036;-78.791201;35.725692;P054;116;0;0;1;;NONE;;NONE;;PASSENGER CAR;;;;;NO;18488;2019-10-09;8:31:42 AM;2019-10-09T12:31:42+00:00;35.725850996, -78.79075036;2019;No;No;10;NONE;NONE,NONE;NONE,NONE;PASSENGER CAR;PASSENGER CAR;PASSENGER CAR;PASSENGER CAR
42114;0 FEET FROM SR 3090 (WESTON PKY);FOUR-WAY INTERSECTION;STRAIGHT,LEVEL;STATE SECONDARY ROUTE;TWO-WAY,DIVIDED,UNPROTECTED MEDIAN;SMOOTH ASPHALT;WET;DAYLIGHT;RAIN;STOP AND GO SIGNAL;;;-78.790655;35.828956;;;0;1;;1;NOT VISIBLE (DARK CLOTHING, ETC.);DARTING;NONE;;SPORT UTILITY;;;;;NO;18492;2019-10-16;7:44:29 AM;2019-10-16T11:44:29+00:00;;2019;No;Yes;10;NOT VISIBLE (DARK CLOTHING, ETC.),DARTING;NOT VISIBLE (DARK CLOTHING, ETC.),DARTING,NONE;NOT VISIBLE (DARK CLOTHING,ETC.),DARTING,NONE;SPORT UTILITY;SPORT UTILITY;SPORT UTILITY;SPORT UTILITY
42116;250 FEET FROM P.V.A. 10120 GREEN LEVEL CHURC;DRIVEWAY, PUBLIC;STRAIGHT,LEVEL;PUBLIC VEHICULAR AREA;TWO-WAY,NOT DIVIDED;SMOOTH ASPHALT;DRY;DAYLIGHT;CLEAR;NO CONTROL PRESENT;;;-78.901;35.8206;;122;0;0;;;NONE;;NONE;;PASSENGER CAR;SPORT UTILITY;;;;NO;18494;2019-10-15;3:45:58 PM;2019-10-15T19:45:58+00:00;;2019;No;No;10;NONE;NONE,NONE;NONE,NONE;PASSENGER CAR,SPORT UTILITY;PASSENGER CAR,SPORT UTILITY;PASSENGER CAR,SPORT UTILITY;PASSENGER CAR,SPORT UTILITY
42119;29 FEET FROM P.P. (TRYON PLACE);NO SPECIAL FEATURE;STRAIGHT,LEVEL;PRIVATE ROAD,DRIVEWAY;TWO-WAY,NOT DIVIDED;SMOOTH ASPHALT;WET;DAYLIGHT;CLOUDY;NO CONTROL PRESENT;;;-78.761;35.724;;;0;0;;;NONE;;NONE;;SPORT UTILITY;;;;;NO;18497;2019-10-19;6:22:35 AM;2019-10-19T10:22:35+00:00;;2019;No;No;10;NONE;NONE,NONE;NONE,NONE;SPORT UTILITY;SPORT UTILITY;SPORT UTILITY;SPORT UTILITY
42125;.12 MILES FROM P.V.A (LOWES);;;;;;;;;;;;;;;;0;0;2;;;;;;PICKUP;PASSENGER CAR;;;;;18503;2019-10-12;3:28:59 PM;2019-10-12T19:28:59+00:00;;2019;No;No;10;;;;PICKUP,PASSENGER CAR;PICKUP,PASSENGER CAR;PICKUP,PASSENGER CAR;PICKUP,PASSENGER CAR
42127;CARY;T-INTERSECTION;STRAIGHT,LEVEL;LOCAL STREET;TWO-WAY,DIVIDED,UNPROTECTED MEDIAN;SMOOTH ASPHALT;DRY;DAYLIGHT;CLEAR;STOP AND GO SIGNAL;35.757999613;-78.78038067;-78.7804;35.758;P027;112;0;0;;;NONE;;NONE;;PASSENGER CAR;LIGHT TRUCK (MINI-VAN- PANEL);;;;NO;18505;2019-10-17;3:06:52 PM;2019-10-17T19:06:52+00:00;35.757999613, -78.78038067;2019;No;No;10;NONE;NONE,NONE;NONE,NONE;PASSENGER CAR,LIGHT TRUCK (MINI-VAN- PANEL);PASSENGER CAR,LIGHT TRUCK (MINI-VAN- PANEL);PASSENGER CAR,LIGHT TRUCK (MINI-VAN- PANEL);PASSENGER CAR,LIGHT TRUCK (MINI-VAN- PANEL)
42133;.1 MILES FROM SR-3112 NW CARY PKWY;NO SPECIAL FEATURE;STRAIGHT,LEVEL;STATE SECONDARY ROUTE;TWO-WAY,NOT DIVIDED;SMOOTH ASPHALT;DRY;DAYLIGHT;CLEAR;NO CONTROL PRESENT;;;-78.777819;35.820661;;111;0;0;;;;;NONE;;PASSENGER CAR;;;;;NO;18511;2019-10-18;8:15:40 PM;2019-10-19T00:15:40+00:00;;2019;No;No;10;;NONE;NONE;PASSENGER CAR;PASSENGER CAR;PASSENGER CAR;PASSENGER CAR
42140;0 FEET FROM SR1313 (KILDAIRE FARM RD);FOUR-WAY INTERSECTION;STRAIGHT,LEVEL;STATE SECONDARY ROUTE;TWO-WAY,NOT DIVIDED;COARSE ASPHALT;DRY;DAYLIGHT;CLOUDY;STOP AND GO SIGNAL;;;-78.7824;35.7675;;112;0;0;1;;;;NONE;;SPORT UTILITY;PASSENGER CAR;;;;NO;18518;2019-10-20;12:27 PM;2019-10-20T16:27:00+00:00;;2019;No;No;10;;NONE;NONE;SPORT UTILITY,PASSENGER CAR;SPORT UTILITY,PASSENGER CAR;SPORT UTILITY,PASSENGER CAR;SPORT UTILITY,PASSENGER CAR
42149;200 FEET FROM US 64 HWY;NO SPECIAL FEATURE;STRAIGHT,LEVEL;US ROUTE;TWO-WAY,DIVIDED,UNPROTECTED MEDIAN;COARSE ASPHALT;DRY;DAWN;CLEAR;NO CONTROL PRESENT;;;-78.8111;35.7417;;115;0;0;;;;;NONE;;PASSENGER CAR;PASSENGER CAR;;;;NO;18527;2019-10-15;7:00:34 AM;2019-10-15T11:00:34+00:00;;2019;No;No;10;;NONE;NONE;PASSENGER CAR,PASSENGER CAR;PASSENGER CAR,PASSENGER CAR;PASSENGER CAR,PASSENGER CAR;PASSENGER CAR,PASSENGER CAR
42152;20 FEET FROM US 64 HWY;RELATED TO INTERSECTION;STRAIGHT,LEVEL;US ROUTE;TWO-WAY,DIVIDED,UNPROTECTED MEDIAN;SMOOTH ASPHALT;DRY;DAYLIGHT;CLEAR;STOP AND GO SIGNAL;;;-78.799;35.739;;;0;0;3;;NONE;;NONE;;SPORT UTILITY;PASSENGER CAR;;;;NO;18530;2019-10-19;1:14:39 PM;2019-10-19T17:14:39+00:00;;2019;No;No;10;NONE;NONE,NONE;NONE,NONE;SPORT UTILITY,PASSENGER CAR;SPORT UTILITY,PASSENGER CAR;SPORT UTILITY,PASSENGER CAR;SPORT UTILITY,PASSENGER CAR
42165;10 FEET FROM US 1 EXIT RAMP;RELATED TO INTERSECTION;STRAIGHT,LEVEL;US ROUTE;ONE-WAY,NOT DIVIDED;SMOOTH ASPHALT;DRY;DAYLIGHT;CLEAR;STOP AND GO SIGNAL;;;-78.794321;35.737949;;;0;1;1;;NONE;;NONE;;SPORT UTILITY;PASSENGER CAR;;;;NO;18543;2019-10-21;3:32:13 PM;2019-10-21T19:32:13+00:00;;2019;No;Yes;10;NONE;NONE,NONE;NONE,NONE;SPORT UTILITY,PASSENGER CAR;SPORT UTILITY,PASSENGER CAR;SPORT UTILITY,PASSENGER CAR;SPORT UTILITY,PASSENGER CAR
42166;.32 MILES FROM US 1 EXIT 98 RAMP NB;OFF-RAMP ENTRY;STRAIGHT,GRADE;US ROUTE;ONE-WAY,NOT DIVIDED;COARSE ASPHALT;WET;DARK - UNKNOWN LIGHTING;RAIN;NO CONTROL PRESENT;;;-78.792946;35.737117;;;0;1;;;NONE;;COMING FROM BEHIND PARKED VEHICLE;;PASSENGER CAR;;;;;NO;18544;2019-10-13;1:03:28 AM;2019-10-13T05:03:28+00:00;;2019;No;Yes;10;NONE;NONE,COMING FROM BEHIND PARKED VEHICLE;NONE,COMING FROM BEHIND PARKED VEHICLE;PASSENGER CAR;PASSENGER CAR;PASSENGER CAR;PASSENGER CAR
42167;200 FEET FROM P.V.A. OF 16000 WISDOM DR;NO SPECIAL FEATURE;STRAIGHT,LEVEL;PUBLIC VEHICULAR AREA;TWO-WAY,NOT DIVIDED;SMOOTH ASPHALT;DRY;UNKNOWN;CLEAR;NO CONTROL PRESENT;;;-78.89748;35.845491;;;0;0;;;NONE;;NONE;;UNKNOWN;PASSENGER CAR;;;;NO;18545;2019-10-19;5:13:12 PM;2019-10-19T21:13:12+00:00;;2019;No;No;10;NONE;NONE,NONE;NONE,NONE;UNKNOWN,PASSENGER CAR;UNKNOWN,PASSENGER CAR;UNKNOWN,PASSENGER CAR;UNKNOWN,PASSENGER CAR
42170;50 FEET FROM PVA (875 SE MAYNARD RD);NO SPECIAL FEATURE;STRAIGHT,LEVEL;PUBLIC VEHICULAR AREA;ONE-WAY,NOT DIVIDED;SMOOTH ASPHALT;DRY;DAYLIGHT;CLOUDY;NO CONTROL PRESENT;;;-78.764711;35.77707;;;0;0;;;NONE;;NONE;;FIRETRUCK;VAN;;;;NO;18548;2019-10-22;11:22 AM;2019-10-22T15:22:00+00:00;;2019;No;No;10;NONE;NONE,NONE;NONE,NONE;FIRETRUCK,VAN;FIRETRUCK,VAN;FIRETRUCK,VAN;FIRETRUCK,VAN
42174;NEAR .5 MILES E OF E SR.1615 (GREEN LEVEL WEST RD);NO SPECIAL FEATURE;STRAIGHT,LEVEL;STATE SECONDARY ROUTE;TWO-WAY,DIVIDED,UNPROTECTED MEDIAN;SMOOTH ASPHALT;DRY;DARK - ROADWAY NOT LIGHTED;CLOUDY;NO CONTROL PRESENT;;;-78.88339;35.78427;;;0;0;;;;;NONE;;PICKUP;;;;;NO;18552;2019-10-22;7:06:28 PM;2019-10-22T23:06:28+00:00;;2019;No;No;10;;NONE;NONE;PICKUP;PICKUP;PICKUP;PICKUP
42189;10 FEET FROM US 1;OFF-RAMP TERMINAL ON CROSSROAD;STRAIGHT,BOTTOM (SAG);US ROUTE;TWO-WAY,DIVIDED,POSITIVE MEDIAN BARRIER;COARSE ASPHALT;DRY;DAYLIGHT;CLOUDY;STOP AND GO SIGNAL;;;-78.7947;35.738;;;0;0;;;NONE;;NONE;;PASSENGER CAR;PASSENGER CAR;;;;NO;18567;2019-10-22;11:59 AM;2019-10-22T15:59:00+00:00;;2019;No;No;10;NONE;NONE,NONE;NONE,NONE;PASSENGER CAR,PASSENGER CAR;PASSENGER CAR,PASSENGER CAR;PASSENGER CAR,PASSENGER CAR;PASSENGER CAR,PASSENGER CAR
42190;200 FEET FROM SR 1497 (CARY TOWNE BLVD);NO SPECIAL FEATURE;STRAIGHT,LEVEL;STATE SECONDARY ROUTE;TWO-WAY,DIVIDED,UNPROTECTED MEDIAN;SMOOTH ASPHALT;DRY;DAYLIGHT;CLEAR;NO CONTROL PRESENT;;;-78.765045;35.775864;;;0;0;1;;NONE;;NONE;;PICKUP;PASSENGER CAR;;;;NO;18568;2019-10-23;8:23:48 AM;2019-10-23T12:23:48+00:00;;2019;No;No;10;NONE;NONE,NONE;NONE,NONE;PICKUP,PASSENGER CAR;PICKUP,PASSENGER CAR;PICKUP,PASSENGER CAR;PICKUP,PASSENGER CAR
42195;.1 MILES FROM S.R. 3014 (MORRISVILLE CARPEN;T-INTERSECTION;STRAIGHT,LEVEL;STATE SECONDARY ROUTE;TWO-WAY,DIVIDED,UNPROTECTED MEDIAN;SMOOTH ASPHALT;DRY;DARK - LIGHTED ROADWAY;CLEAR;STOP SIGN;;;-78.8677;35.8244;;;0;0;1;;NONE;;NONE;;LIGHT TRUCK (MINI-VAN- PANEL);SPORT UTILITY;;;;CONSTRUCTION WORK AREA;18573;2019-10-23;8:24:47 PM;2019-10-24T00:24:47+00:00;;2019;No;No;10;NONE;NONE,NONE;NONE,NONE;LIGHT TRUCK (MINI-VAN- PANEL),SPORT UTILITY;LIGHT TRUCK (MINI-VAN- PANEL),SPORT UTILITY;LIGHT TRUCK (MINI-VAN- PANEL),SPORT UTILITY;LIGHT TRUCK (MINI-VAN- PANEL),SPORT UTILITY
42197;392 FEET FROM P.V.A. (FOOD LION) 2861 SR 131;NO SPECIAL FEATURE;STRAIGHT,LEVEL;PUBLIC VEHICULAR AREA;TWO-WAY,NOT DIVIDED;SMOOTH ASPHALT;DRY;DAYLIGHT;CLEAR;NO CONTROL PRESENT;;;-78.7377;35.7438;;;0;0;;;NONE;;NONE;;SPORT UTILITY;PASSENGER CAR;;;;NO;18575;2019-10-18;2:42:42 PM;2019-10-18T18:42:42+00:00;;2019;No;No;10;NONE;NONE,NONE;NONE,NONE;SPORT UTILITY,PASSENGER CAR;SPORT UTILITY,PASSENGER CAR;SPORT UTILITY,PASSENGER CAR;SPORT UTILITY,PASSENGER CAR
42198;12 FEET FROM GRACE HODGE DR;T-INTERSECTION;STRAIGHT,LEVEL;LOCAL STREET;TWO-WAY,NOT DIVIDED;SMOOTH ASPHALT;DRY;DAYLIGHT;CLEAR;NO CONTROL PRESENT;35.814261101;-78.86894543;-78.8689;35.8143;P069;121;0;0;;;NONE;;NONE;;SPORT UTILITY;;;;;NO;18576;2019-10-15;9:56:38 AM;2019-10-15T13:56:38+00:00;35.814261101, -78.86894543;2019;No;No;10;NONE;NONE,NONE;NONE,NONE;SPORT UTILITY;SPORT UTILITY;SPORT UTILITY;SPORT UTILITY
42201;CARY;NO SPECIAL FEATURE;STRAIGHT,LEVEL;STATE SECONDARY ROUTE;TWO-WAY,DIVIDED,UNPROTECTED MEDIAN;SMOOTH ASPHALT;DRY;DAYLIGHT;CLEAR;NO CONTROL PRESENT;;;-78.7774;35.7268;;;0;0;1;;NONE;;NONE;;SPORT UTILITY;PASSENGER CAR;;;;NO;18579;2019-10-23;4:52:50 PM;2019-10-23T20:52:50+00:00;;2019;No;No;10;NONE;NONE,NONE;NONE,NONE;SPORT UTILITY,PASSENGER CAR;SPORT UTILITY,PASSENGER CAR;SPORT UTILITY,PASSENGER CAR;SPORT UTILITY,PASSENGER CAR
42206;.80 MILES FROM US 1 HWY;NO SPECIAL FEATURE;STRAIGHT,LEVEL;US ROUTE;TWO-WAY,DIVIDED,POSITIVE MEDIAN BARRIER;GROOVED CONCRETE;DRY;DAYLIGHT;CLEAR;NO CONTROL PRESENT;;;-78.7599;35.7549;;112;0;2;2;;NONE;;NONE;;PASSENGER CAR;SPORT UTILITY;;;;NO;18584;2019-10-18;5:07:14 PM;2019-10-18T21:07:14+00:00;;2019;No;Yes;10;NONE;NONE,NONE;NONE,NONE;PASSENGER CAR,SPORT UTILITY;PASSENGER CAR,SPORT UTILITY;PASSENGER CAR,SPORT UTILITY;PASSENGER CAR,SPORT UTILITY
42209;200 FEET FROM MADISON AV;NO SPECIAL FEATURE;STRAIGHT,LEVEL;LOCAL STREET;TWO-WAY,NOT DIVIDED;SMOOTH ASPHALT;DRY;DAYLIGHT;CLEAR;NO CONTROL PRESENT;35.794068916;-78.79827102;-78.797441;35.794463;P026;114;0;0;;;NONE;;NONE;;SPORT UTILITY;PASSENGER CAR;;;;NO;18585;2019-10-21;1:13:44 AM;2019-10-21T05:13:44+00:00;35.794068916, -78.79827102;2019;No;No;10;NONE;NONE,NONE;NONE,NONE;SPORT UTILITY,PASSENGER CAR;SPORT UTILITY,PASSENGER CAR;SPORT UTILITY,PASSENGER CAR;SPORT UTILITY,PASSENGER CAR
42213;.01 MILES FROM US 64 HWY;NO SPECIAL FEATURE;STRAIGHT,LEVEL;US ROUTE;TWO-WAY,DIVIDED,UNPROTECTED MEDIAN;SMOOTH ASPHALT;DRY;DAYLIGHT;CLEAR;STOP AND GO SIGNAL;35.742326983;-78.81424996;-78.80973;35.7416;P041;116;0;0;;;NONE;;NONE;;SPORT UTILITY;PASSENGER CAR;;;;NO;18589;2019-10-24;10:20 AM;2019-10-24T14:20:00+00:00;35.742326983, -78.81424996;2019;No;No;10;NONE;NONE,NONE;NONE,NONE;SPORT UTILITY,PASSENGER CAR;SPORT UTILITY,PASSENGER CAR;SPORT UTILITY,PASSENGER CAR;SPORT UTILITY,PASSENGER CAR
42222;.03 MILES FROM NC 55 HWY;NO SPECIAL FEATURE;STRAIGHT,LEVEL;NC ROUTE;TWO-WAY,DIVIDED,UNPROTECTED MEDIAN;SMOOTH ASPHALT;DRY;DAYLIGHT;CLEAR;STOP AND GO SIGNAL;;;-78.87293;35.81451;;;0;0;;;;;NONE;;PASSENGER CAR;PASSENGER CAR;;;;NO;18597;2019-10-24;4:23:53 PM;2019-10-24T20:23:53+00:00;;2019;No;No;10;;NONE;NONE;PASSENGER CAR,PASSENGER CAR;PASSENGER CAR,PASSENGER CAR;PASSENGER CAR,PASSENGER CAR;PASSENGER CAR,PASSENGER CAR
42237;.02 MILES FROM US 1 HWY;NO SPECIAL FEATURE;STRAIGHT,LEVEL;US ROUTE;TWO-WAY,DIVIDED,POSITIVE MEDIAN BARRIER;GROOVED CONCRETE;DRY;DAYLIGHT;CLEAR;NO CONTROL PRESENT;;;-78.75665;35.75669;;;0;0;;;NONE;;NONE;;PASSENGER CAR;;;;;NO;18612;2019-10-25;9:35:18 AM;2019-10-25T13:35:18+00:00;;2019;No;No;10;NONE;NONE,NONE;NONE,NONE;PASSENGER CAR;PASSENGER CAR;PASSENGER CAR;PASSENGER CAR
42247;10 FEET FROM S.R. 3977 (SW CARY PKWY);RELATED TO INTERSECTION;STRAIGHT,LEVEL;STATE SECONDARY ROUTE;TWO-WAY,DIVIDED,UNPROTECTED MEDIAN;SMOOTH ASPHALT;DRY;DAYLIGHT;CLEAR;STOP AND GO SIGNAL;;;-78.8345;35.7733;;;0;1;;;;;NONE;;PASSENGER CAR;PASSENGER CAR;;;;NO;18622;2019-10-21;10:02 AM;2019-10-21T14:02:00+00:00;;2019;No;Yes;10;;NONE;NONE;PASSENGER CAR,PASSENGER CAR;PASSENGER CAR,PASSENGER CAR;PASSENGER CAR,PASSENGER CAR;PASSENGER CAR,PASSENGER CAR