tamainid;location_description;rdfeature;rdcharacter;rdclass;rdconfigur;rdsurface;rdcondition;lightcond;weather;trafcontrl;lat;lon;lon2;lat2;tract;zone;fatality;possblinj;numpassengers;numpedestrians;contrcir1_desc;contrcir2_desc;contrcir3_desc;contrcir4_desc;vehicle1;vehicle2;vehicle3;vehicle4;vehicle5;workarea;records;ta_date;ta_time;crash_date;geo_location;year;fatalities;injuries;month;contrfact1;contrfact2;contributing_factor;vehicleconcat1;vehicleconcat2;vehicleconcat3;vehicle_type
43944;0 FEET FROM SR 3977 (SW CARY PKWY);FOUR-WAY INTERSECTION;STRAIGHT,GRADE;STATE SECONDARY ROUTE;TWO-WAY,DIVIDED,UNPROTECTED MEDIAN;SMOOTH ASPHALT;DRY;DUSK;CLEAR;NO CONTROL PRESENT;;;-78.8;35.75704;;115;0;0;1;;NONE;;NONE;;PASSENGER CAR;PASSENGER CAR;;;;NO;20318;2020-02-21;8:42:04 PM;2020-02-22T01:42:04+00:00;;2020;No;No;2;NONE;NONE,NONE;NONE,NONE;PASSENGER CAR,PASSENGER CAR;PASSENGER CAR,PASSENGER CAR;PASSENGER CAR,PASSENGER CAR;PASSENGER CAR,PASSENGER CAR
43947;CARY;BRIDGE;STRAIGHT,LEVEL;US ROUTE;TWO-WAY,DIVIDED,POSITIVE MEDIAN BARRIER;CONCRETE;ICE;DARK - LIGHTED ROADWAY;CLOUDY;NO CONTROL PRESENT;;;-78.7923;35.7374;;115;0;0;;;NONE;;COMING FROM BEHIND PARKED VEHICLE;;PASSENGER CAR;PASSENGER CAR;;;;NO;20321;2020-02-21;9:30:24 PM;2020-02-22T02:30:24+00:00;;2020;No;No;2;NONE;NONE,COMING FROM BEHIND PARKED VEHICLE;NONE,COMING FROM BEHIND PARKED VEHICLE;PASSENGER CAR,PASSENGER CAR;PASSENGER CAR,PASSENGER CAR;PASSENGER CAR,PASSENGER CAR;PASSENGER CAR,PASSENGER CAR
43948;100 FEET FROM SR 1300 (KILDAIRE FARM RD);NO SPECIAL FEATURE;STRAIGHT,LEVEL;STATE SECONDARY ROUTE;TWO-WAY,DIVIDED,UNPROTECTED MEDIAN;SMOOTH ASPHALT;WET;DAYLIGHT;CLEAR;STOP AND GO SIGNAL;;;-78.782;35.772;;;0;0;;;NONE;;NONE;;PASSENGER CAR;PASSENGER CAR;;;;NO;20322;2020-02-22;7:51:53 AM;2020-02-22T12:51:53+00:00;;2020;No;No;2;NONE;NONE,NONE;NONE,NONE;PASSENGER CAR,PASSENGER CAR;PASSENGER CAR,PASSENGER CAR;PASSENGER CAR,PASSENGER CAR;PASSENGER CAR,PASSENGER CAR
43957;.28 MILES FROM P.V.A (405 CROSSROADS BLVD);NO SPECIAL FEATURE;STRAIGHT,GRADE;PUBLIC VEHICULAR AREA;TWO-WAY,NOT DIVIDED;SMOOTH ASPHALT;DRY;DAYLIGHT;CLEAR;NO CONTROL PRESENT;;;-78.736;35.762;;;0;0;1;;NONE;;NONE;;SPORT UTILITY;SPORT UTILITY;;;;NO;20331;2020-02-22;1:20:28 PM;2020-02-22T18:20:28+00:00;;2020;No;No;2;NONE;NONE,NONE;NONE,NONE;SPORT UTILITY,SPORT UTILITY;SPORT UTILITY,SPORT UTILITY;SPORT UTILITY,SPORT UTILITY;SPORT UTILITY,SPORT UTILITY
43958;140 FEET FROM P.V.A. 8204 TRYON WOODS RD;DRIVEWAY, PUBLIC;STRAIGHT,LEVEL;PUBLIC VEHICULAR AREA;TWO-WAY,NOT DIVIDED;SMOOTH ASPHALT;DRY;DAYLIGHT;CLEAR;NO CONTROL PRESENT;;;-78.7413;35.7459;;;0;0;;;NONE;;NONE;;PASSENGER CAR;PASSENGER CAR;;;;NO;20332;2020-02-22;2:21:56 PM;2020-02-22T19:21:56+00:00;;2020;No;No;2;NONE;NONE,NONE;NONE,NONE;PASSENGER CAR,PASSENGER CAR;PASSENGER CAR,PASSENGER CAR;PASSENGER CAR,PASSENGER CAR;PASSENGER CAR,PASSENGER CAR
43970;20 FEET FROM SR 3081 (CHAPEL HILL RD);RELATED TO INTERSECTION;STRAIGHT,LEVEL;STATE SECONDARY ROUTE;TWO-WAY,NOT DIVIDED;SMOOTH ASPHALT;DRY;DAYLIGHT;CLEAR;STOP AND GO SIGNAL;;;-78.7957;35.7986;;;0;0;;;;;NONE;;PASSENGER CAR;PASSENGER CAR;;;;NO;20344;2020-02-22;3:19:58 PM;2020-02-22T20:19:58+00:00;;2020;No;No;2;;NONE;NONE;PASSENGER CAR,PASSENGER CAR;PASSENGER CAR,PASSENGER CAR;PASSENGER CAR,PASSENGER CAR;PASSENGER CAR,PASSENGER CAR
43982;.01 MILES FROM SR 3060 (MORRISVILLE PKWY);NO SPECIAL FEATURE;STRAIGHT,LEVEL;STATE SECONDARY ROUTE;TWO-WAY,DIVIDED,UNPROTECTED MEDIAN;SMOOTH ASPHALT;DRY;DARK - LIGHTED ROADWAY;CLOUDY;NO CONTROL PRESENT;;;-78.91697;35.79835;;;0;0;;;NONE;;NONE;;PASSENGER CAR;;;;;NO;20356;2020-02-25;7:47:36 PM;2020-02-26T00:47:36+00:00;;2020;No;No;2;NONE;NONE,NONE;NONE,NONE;PASSENGER CAR;PASSENGER CAR;PASSENGER CAR;PASSENGER CAR
43987;25 FEET FROM E CHATHAM ST;RELATED TO INTERSECTION;STRAIGHT,LEVEL;STATE SECONDARY ROUTE;TWO-WAY,NOT DIVIDED;SMOOTH ASPHALT;WET;DAYLIGHT;CLOUDY;NO CONTROL PRESENT;35.789872195;-78.7503336;-78.75;35.7899;P002;120;0;0;;;NONE;;NONE;;PASSENGER CAR;PASSENGER CAR;;;;NO;20361;2020-02-26;8:43:40 AM;2020-02-26T13:43:40+00:00;35.789872195, -78.7503336;2020;No;No;2;NONE;NONE,NONE;NONE,NONE;PASSENGER CAR,PASSENGER CAR;PASSENGER CAR,PASSENGER CAR;PASSENGER CAR,PASSENGER CAR;PASSENGER CAR,PASSENGER CAR
43991;.75 MILES FROM US 1;NO SPECIAL FEATURE;STRAIGHT,LEVEL;US ROUTE;TWO-WAY,DIVIDED,POSITIVE MEDIAN BARRIER;CONCRETE;DRY;DAYLIGHT;CLEAR;NO CONTROL PRESENT;;;-78.7798;35.7446;;;0;0;;;NONE;;NONE;;PASSENGER CAR;PASSENGER CAR;;;;NO;20365;2020-02-26;6:02:06 PM;2020-02-26T23:02:06+00:00;;2020;No;No;2;NONE;NONE,NONE;NONE,NONE;PASSENGER CAR,PASSENGER CAR;PASSENGER CAR,PASSENGER CAR;PASSENGER CAR,PASSENGER CAR;PASSENGER CAR,PASSENGER CAR
43992;100 FEET FROM SR 1313 (WALNUT ST);NO SPECIAL FEATURE;STRAIGHT,LEVEL;STATE SECONDARY ROUTE;TWO-WAY,DIVIDED,UNPROTECTED MEDIAN;SMOOTH ASPHALT;DRY;DARK - LIGHTED ROADWAY;CLOUDY;NO CONTROL PRESENT;;;-78.743919;35.760609;;;0;0;;;NONE;;NONE;;PASSENGER CAR;PASSENGER CAR;;;;NO;20366;2020-02-25;8:12:39 PM;2020-02-26T01:12:39+00:00;;2020;No;No;2;NONE;NONE,NONE;NONE,NONE;PASSENGER CAR,PASSENGER CAR;PASSENGER CAR,PASSENGER CAR;PASSENGER CAR,PASSENGER CAR;PASSENGER CAR,PASSENGER CAR
44000;CARY;;;;;;;;;;;;;;;;0;0;;;;;;;;;;;;;20374;2020-02-21;12:00 AM;2020-02-21T05:00:00+00:00;;2020;No;No;2;;;;;;;
44001;1.16 MILES FROM US 1;NO SPECIAL FEATURE;STRAIGHT,LEVEL;US ROUTE;TWO-WAY,DIVIDED,POSITIVE MEDIAN BARRIER;CONCRETE;DRY;DAYLIGHT;CLEAR;NO CONTROL PRESENT;;;-78.76013;35.7545;;;0;1;2;;NONE;;NONE;;PICKUP;PASSENGER CAR;;;;NO;20375;2020-02-26;5:40:27 PM;2020-02-26T22:40:27+00:00;;2020;No;Yes;2;NONE;NONE,NONE;NONE,NONE;PICKUP,PASSENGER CAR;PICKUP,PASSENGER CAR;PICKUP,PASSENGER CAR;PICKUP,PASSENGER CAR
44007;15 FEET FROM SR 1009 (TRYON RD);FOUR-WAY INTERSECTION;STRAIGHT,LEVEL;STATE SECONDARY ROUTE;TWO-WAY,DIVIDED,UNPROTECTED MEDIAN;SMOOTH ASPHALT;DRY;DAYLIGHT;CLOUDY;STOP AND GO SIGNAL;;;-78.7761;35.7141;;;0;0;;;NONE;;NONE;;PICKUP;SPORT UTILITY;;;;NO;20381;2020-02-26;12:45 PM;2020-02-26T17:45:00+00:00;;2020;No;No;2;NONE;NONE,NONE;NONE,NONE;PICKUP,SPORT UTILITY;PICKUP,SPORT UTILITY;PICKUP,SPORT UTILITY;PICKUP,SPORT UTILITY
44014;300 FEET FROM 1510 BURWICK RD;NO SPECIAL FEATURE;CURVE,LEVEL;LOCAL STREET;TWO-WAY,NOT DIVIDED;SMOOTH ASPHALT;DRY;DAYLIGHT;CLEAR;NO CONTROL PRESENT;35.757115197;-78.82007735;-78.8189;35.7569;P040;115;0;0;;;NONE;;NONE;;PASSENGER CAR;PICKUP;;;;NO;20388;2020-02-27;9:56:21 AM;2020-02-27T14:56:21+00:00;35.757115197, -78.82007735;2020;No;No;2;NONE;NONE,NONE;NONE,NONE;PASSENGER CAR,PICKUP;PASSENGER CAR,PICKUP;PASSENGER CAR,PICKUP;PASSENGER CAR,PICKUP
44015;1.05 MILES FROM US 1;NO SPECIAL FEATURE;STRAIGHT,LEVEL;US ROUTE;TWO-WAY,DIVIDED,POSITIVE MEDIAN BARRIER;SMOOTH ASPHALT;DRY;DAYLIGHT;CLEAR;NO CONTROL PRESENT;;;-78.80535;35.73031;;;0;1;;;NONE;;NONE;;PASSENGER CAR;PASSENGER CAR;;;;NO;20389;2020-02-27;3:06:38 PM;2020-02-27T20:06:38+00:00;;2020;No;Yes;2;NONE;NONE,NONE;NONE,NONE;PASSENGER CAR,PASSENGER CAR;PASSENGER CAR,PASSENGER CAR;PASSENGER CAR,PASSENGER CAR;PASSENGER CAR,PASSENGER CAR
44017;150 FEET FROM P.V.A. (1393 KILDAIRE FARM RD);DRIVEWAY, PUBLIC;STRAIGHT,LEVEL;PUBLIC VEHICULAR AREA;TWO-WAY,NOT DIVIDED;SMOOTH ASPHALT;DRY;DAYLIGHT;CLEAR;NO CONTROL PRESENT;;;-78.782166;35.759276;;112;0;0;;;NONE;;NONE;;SPORT UTILITY;VAN;;;;NO;20391;2020-02-26;11:26 AM;2020-02-26T16:26:00+00:00;;2020;No;No;2;NONE;NONE,NONE;NONE,NONE;SPORT UTILITY,VAN;SPORT UTILITY,VAN;SPORT UTILITY,VAN;SPORT UTILITY,VAN
44019;50 FEET FROM NC 54 (NW MAYNARD RD);FOUR-WAY INTERSECTION;STRAIGHT,LEVEL;NC ROUTE;TWO-WAY,DIVIDED,POSITIVE MEDIAN BARRIER;SMOOTH ASPHALT;DRY;DUSK;CLEAR;STOP AND GO SIGNAL;;;-78.783438;35.802533;;113;0;0;;;NONE;;NONE;;PASSENGER CAR;SPORT UTILITY;;;;NO;20393;2020-02-27;7:16:51 PM;2020-02-28T00:16:51+00:00;;2020;No;No;2;NONE;NONE,NONE;NONE,NONE;PASSENGER CAR,SPORT UTILITY;PASSENGER CAR,SPORT UTILITY;PASSENGER CAR,SPORT UTILITY;PASSENGER CAR,SPORT UTILITY
44020;0 FEET FROM SR 1652 (N HARRISON AVE);T-INTERSECTION;STRAIGHT,GRADE;STATE SECONDARY ROUTE;TWO-WAY,DIVIDED,UNPROTECTED MEDIAN;COARSE ASPHALT;WET;DAYLIGHT;CLOUDY;STOP AND GO SIGNAL;;;-78.771187;35.8226792;;;0;0;;;NONE;;NONE;;PASSENGER CAR;SPORT UTILITY;;;;NO;20394;2020-02-26;7:35:58 AM;2020-02-26T12:35:58+00:00;;2020;No;No;2;NONE;NONE,NONE;NONE,NONE;PASSENGER CAR,SPORT UTILITY;PASSENGER CAR,SPORT UTILITY;PASSENGER CAR,SPORT UTILITY;PASSENGER CAR,SPORT UTILITY
44022;.13 MILES FROM P.V.A. (204 HAMPTON LEE CT);DRIVEWAY, PUBLIC;STRAIGHT,GRADE;PUBLIC VEHICULAR AREA;TWO-WAY,NOT DIVIDED;COARSE ASPHALT;DRY;UNKNOWN;CLEAR;NO CONTROL PRESENT;;;-78.783037;35.8225934;;;0;0;;;NONE;;NONE;;PASSENGER CAR;;;;;NO;20396;2020-02-26;7:45:33 AM;2020-02-26T12:45:33+00:00;;2020;No;No;2;NONE;NONE,NONE;NONE,NONE;PASSENGER CAR;PASSENGER CAR;PASSENGER CAR;PASSENGER CAR
44023;0 FEET FROM SR 3081 (CHAPEL HILL RD);FOUR-WAY INTERSECTION;STRAIGHT,LEVEL;STATE SECONDARY ROUTE;TWO-WAY,DIVIDED,UNPROTECTED MEDIAN;SMOOTH ASPHALT;DRY;DAYLIGHT;CLEAR;STOP AND GO SIGNAL;;;-78.78263;35.79146;;;0;0;;;NONE;;NONE;;PASSENGER CAR;PICKUP;;;;NO;20397;2020-02-28;7:53:22 AM;2020-02-28T12:53:22+00:00;;2020;No;No;2;NONE;NONE,NONE;NONE,NONE;PASSENGER CAR,PICKUP;PASSENGER CAR,PICKUP;PASSENGER CAR,PICKUP;PASSENGER CAR,PICKUP
44027;40 FEET FROM PVA 2418 SW CARY PKWY;NO SPECIAL FEATURE;STRAIGHT,LEVEL;PUBLIC VEHICULAR AREA;TWO-WAY,NOT DIVIDED;SMOOTH ASPHALT;DRY;DAYLIGHT;CLEAR;NO CONTROL PRESENT;;;-78.8206;35.7633;;;0;0;;;NONE;;NONE;;;;;;;NO;20401;2020-02-28;10:06 AM;2020-02-28T15:06:00+00:00;;2020;No;No;2;NONE;NONE,NONE;NONE,NONE;;;;
44030;10 FEET FROM WELDON RIDGE BLVD;T-INTERSECTION;STRAIGHT,LEVEL;LOCAL STREET;TWO-WAY,DIVIDED,POSITIVE MEDIAN BARRIER;SMOOTH ASPHALT;DRY;DAYLIGHT;CLEAR;STOP SIGN;35.802356583;-78.91352687;-78.913416;35.801698;P081;122;0;0;1;;NONE;;NONE;;SPORT UTILITY;PASSENGER CAR;;;;NO;20404;2020-02-28;2:51:33 PM;2020-02-28T19:51:33+00:00;35.802356583, -78.91352687;2020;No;No;2;NONE;NONE,NONE;NONE,NONE;SPORT UTILITY,PASSENGER CAR;SPORT UTILITY,PASSENGER CAR;SPORT UTILITY,PASSENGER CAR;SPORT UTILITY,PASSENGER CAR
44035;60 FEET FROM PVA 748 E CHATHAM ST;DRIVEWAY, PUBLIC;STRAIGHT,LEVEL;PUBLIC VEHICULAR AREA;TWO-WAY,NOT DIVIDED;SMOOTH ASPHALT;DRY;DARK - LIGHTED ROADWAY;CLEAR;NO CONTROL PRESENT;;;-78.7652;35.7917;;;0;0;;;;;NONE;;PASSENGER CAR;;;;;NO;20409;2020-02-29;12:36 AM;2020-02-29T05:36:00+00:00;;2020;No;No;2;;NONE;NONE;PASSENGER CAR;PASSENGER CAR;PASSENGER CAR;PASSENGER CAR
44037;CARY;NO SPECIAL FEATURE;STRAIGHT,LEVEL;STATE SECONDARY ROUTE;TWO-WAY,DIVIDED,UNPROTECTED MEDIAN;SMOOTH ASPHALT;DRY;DAYLIGHT;CLEAR;STOP SIGN;35.783730189;-78.81462141;-78.814704;35.783668;P065;114;0;0;1;;NONE;;NONE;;PASSENGER CAR;SPORT UTILITY;;;;NO;20411;2020-03-01;12:11 PM;2020-03-01T17:11:00+00:00;35.783730189, -78.81462141;2020;No;No;3;NONE;NONE,NONE;NONE,NONE;PASSENGER CAR,SPORT UTILITY;PASSENGER CAR,SPORT UTILITY;PASSENGER CAR,SPORT UTILITY;PASSENGER CAR,SPORT UTILITY
44040;0 FEET FROM SR 1313 (WALNUT ST);FOUR-WAY INTERSECTION;STRAIGHT,LEVEL;STATE SECONDARY ROUTE;TWO-WAY,NOT DIVIDED;SMOOTH ASPHALT;DRY;DARK - LIGHTED ROADWAY;CLEAR;STOP AND GO SIGNAL;;;-78.7624;35.7701;;;0;1;;;NONE;;NONE;;VAN;SPORT UTILITY;;;;NO;20414;2020-02-28;7:22:26 PM;2020-02-29T00:22:26+00:00;;2020;No;Yes;2;NONE;NONE,NONE;NONE,NONE;VAN,SPORT UTILITY;VAN,SPORT UTILITY;VAN,SPORT UTILITY;VAN,SPORT UTILITY
44045;200 FEET FROM HALCYON MEADOW DR;NO SPECIAL FEATURE;STRAIGHT,LEVEL;LOCAL STREET;TWO-WAY,NOT DIVIDED;SMOOTH ASPHALT;DRY;DAYLIGHT;CLEAR;NO CONTROL PRESENT;35.799200416;-78.84980984;-78.849644;35.799403;P070;121;0;0;;;NONE;;NONE;;VAN;SPORT UTILITY;;;;NO;20419;2020-02-28;3:58:18 PM;2020-02-28T20:58:18+00:00;35.799200416, -78.84980984;2020;No;No;2;NONE;NONE,NONE;NONE,NONE;VAN,SPORT UTILITY;VAN,SPORT UTILITY;VAN,SPORT UTILITY;VAN,SPORT UTILITY
44048;0.09 MILES FROM US 64 HWY;NO SPECIAL FEATURE;STRAIGHT,LEVEL;US ROUTE;TWO-WAY,DIVIDED,POSITIVE MEDIAN BARRIER;SMOOTH ASPHALT;DRY;DAYLIGHT;CLEAR;NO CONTROL PRESENT;;;-78.800176;35.739185;;;0;0;;;NONE;;NONE;;PICKUP;;;;;NO;20422;2020-02-28;3:10:25 PM;2020-02-28T20:10:25+00:00;;2020;No;No;2;NONE;NONE,NONE;NONE,NONE;PICKUP;PICKUP;PICKUP;PICKUP
44058;.11 MILES FROM P.V.A. (200 REGENCY WOODS PL);NO SPECIAL FEATURE;STRAIGHT,GRADE;PUBLIC VEHICULAR AREA;TWO-WAY,NOT DIVIDED;COARSE ASPHALT;DRY;DAYLIGHT;CLEAR;NO CONTROL PRESENT;;;-78.7931;35.7256;;;0;0;;;NONE;;NONE;;SPORT UTILITY;PASSENGER CAR;;;;NO;20432;2020-03-02;7:55:16 AM;2020-03-02T12:55:16+00:00;;2020;No;No;3;NONE;NONE,NONE;NONE,NONE;SPORT UTILITY,PASSENGER CAR;SPORT UTILITY,PASSENGER CAR;SPORT UTILITY,PASSENGER CAR;SPORT UTILITY,PASSENGER CAR
44059;0 FEET FROM SR 1652 (N HARRISON AVE);FOUR-WAY INTERSECTION;STRAIGHT,LEVEL;STATE SECONDARY ROUTE;TWO-WAY,NOT DIVIDED;SMOOTH ASPHALT;DRY;DARK - LIGHTED ROADWAY;CLEAR;STOP AND GO SIGNAL;;;-78.782956;35.802546;;113;0;2;;;NONE;;NONE;;PASSENGER CAR;PASSENGER CAR;;;;NO;20433;2020-02-29;6:26:49 PM;2020-02-29T23:26:49+00:00;;2020;No;Yes;2;NONE;NONE,NONE;NONE,NONE;PASSENGER CAR,PASSENGER CAR;PASSENGER CAR,PASSENGER CAR;PASSENGER CAR,PASSENGER CAR;PASSENGER CAR,PASSENGER CAR
44061;.1 MILES FROM PVA 2750 NC 55 HWY;NO SPECIAL FEATURE;STRAIGHT,LEVEL;PUBLIC VEHICULAR AREA;TWO-WAY,NOT DIVIDED;SMOOTH ASPHALT;DRY;DAYLIGHT;CLEAR;STOP SIGN;;;-78.8699;35.7863;;;0;1;1;;NONE;;NONE;;PICKUP;;;;;NO;20435;2020-03-02;3:38:12 PM;2020-03-02T20:38:12+00:00;;2020;No;Yes;3;NONE;NONE,NONE;NONE,NONE;PICKUP;PICKUP;PICKUP;PICKUP
44066;.445 MILES FROM US 1;NO SPECIAL FEATURE;STRAIGHT,LEVEL;US ROUTE;TWO-WAY,DIVIDED,POSITIVE MEDIAN BARRIER;CONCRETE;DRY;DARK - LIGHTED ROADWAY;CLEAR;NO CONTROL PRESENT;;;-78.815803;35.725513;;;0;0;;;NONE;;NONE;;PASSENGER CAR;;;;;NO;20440;2020-03-02;6:53:13 PM;2020-03-02T23:53:13+00:00;;2020;No;No;3;NONE;NONE,NONE;NONE,NONE;PASSENGER CAR;PASSENGER CAR;PASSENGER CAR;PASSENGER CAR
44067;186 FEET FROM SR 1319 (JONES FRANKLIN RD);NO SPECIAL FEATURE;STRAIGHT,LEVEL;STATE SECONDARY ROUTE;TWO-WAY,NOT DIVIDED;SMOOTH ASPHALT;DRY;DARK - LIGHTED ROADWAY;CLEAR;NO CONTROL PRESENT;;;-78.73675;35.748265;;;0;0;;;DARTING;;NONE;;PASSENGER CAR;SPORT UTILITY;VAN;PASSENGER CAR;VAN;NO;20441;2020-03-01;2:54:30 AM;2020-03-01T07:54:30+00:00;;2020;No;No;3;DARTING;DARTING,NONE;DARTING,NONE;PASSENGER CAR,SPORT UTILITY;PASSENGER CAR,SPORT UTILITY,VAN;PASSENGER CAR,SPORT UTILITY,VAN,PASSENGER CAR;PASSENGER CAR,SPORT UTILITY,VAN,PASSENGER CAR,VAN
44072;0 FEET FROM SR 1415 (SE MAYNARD RD);T-INTERSECTION;CURVE,LEVEL;STATE SECONDARY ROUTE;TWO-WAY,NOT DIVIDED;SMOOTH ASPHALT;DRY;DAYLIGHT;CLEAR;STOP SIGN;;;-78.7639;35.7707;;;0;1;1;;NONE;;NONE;;PASSENGER CAR;PASSENGER CAR;;;;NO;20446;2020-02-27;2:24:36 PM;2020-02-27T19:24:36+00:00;;2020;No;Yes;2;NONE;NONE,NONE;NONE,NONE;PASSENGER CAR,PASSENGER CAR;PASSENGER CAR,PASSENGER CAR;PASSENGER CAR,PASSENGER CAR;PASSENGER CAR,PASSENGER CAR
44079;450 FEET FROM S.R.1747 (NE MAYNARD ROAD);NO SPECIAL FEATURE;STRAIGHT,LEVEL;STATE SECONDARY ROUTE;TWO-WAY,NOT DIVIDED;SMOOTH ASPHALT;DRY;DARK - LIGHTED ROADWAY;CLEAR;NO CONTROL PRESENT;35.803049041;-78.77470728;-78.772;35.8031;P030;113;0;0;1;;;;NONE;;PASSENGER CAR;;;;;NO;20453;2020-03-03;11:26 PM;2020-03-04T04:26:00+00:00;35.803049041, -78.77470728;2020;No;No;3;;NONE;NONE;PASSENGER CAR;PASSENGER CAR;PASSENGER CAR;PASSENGER CAR
44087;CARY;RELATED TO INTERSECTION;STRAIGHT,LEVEL;NC ROUTE;TWO-WAY,DIVIDED,UNPROTECTED MEDIAN;SMOOTH ASPHALT;DRY;DARK - LIGHTED ROADWAY;CLEAR;STOP AND GO SIGNAL;;;-78.87816;35.83043;;;0;0;1;;NONE;;NONE;;SPORT UTILITY;PASSENGER CAR;;;;NO;20461;2020-03-03;8:44:42 PM;2020-03-04T01:44:42+00:00;;2020;No;No;3;NONE;NONE,NONE;NONE,NONE;SPORT UTILITY,PASSENGER CAR;SPORT UTILITY,PASSENGER CAR;SPORT UTILITY,PASSENGER CAR;SPORT UTILITY,PASSENGER CAR
44095;.02 MILES FROM PVA OF 8921 HOLLY SPRINGS RD;NO SPECIAL FEATURE;STRAIGHT,LEVEL;PUBLIC VEHICULAR AREA;TWO-WAY,NOT DIVIDED;SMOOTH ASPHALT;DRY;DARK - LIGHTED ROADWAY;CLOUDY;NO CONTROL PRESENT;;;-78.7767;35.6906;;;0;0;;;NONE;;NONE;;PASSENGER CAR;LIGHT TRUCK (MINI-VAN- PANEL);;;;NO;20468;2020-03-04;9:27:23 PM;2020-03-05T02:27:23+00:00;;2020;No;No;3;NONE;NONE,NONE;NONE,NONE;PASSENGER CAR,LIGHT TRUCK (MINI-VAN- PANEL);PASSENGER CAR,LIGHT TRUCK (MINI-VAN- PANEL);PASSENGER CAR,LIGHT TRUCK (MINI-VAN- PANEL);PASSENGER CAR,LIGHT TRUCK (MINI-VAN- PANEL)
44101;300 FEET FROM SR 1011 (OLD APEX RD);NO SPECIAL FEATURE;STRAIGHT,LEVEL;STATE SECONDARY ROUTE;TWO-WAY,NOT DIVIDED;SMOOTH ASPHALT;DRY;DAYLIGHT;CLOUDY;NO CONTROL PRESENT;;;-78.82318;35.76201;;;0;0;3;;NONE;;NONE;;PASSENGER CAR;SPORT UTILITY;;;;NO;20474;2020-03-04;2:36:55 PM;2020-03-04T19:36:55+00:00;;2020;No;No;3;NONE;NONE,NONE;NONE,NONE;PASSENGER CAR,SPORT UTILITY;PASSENGER CAR,SPORT UTILITY;PASSENGER CAR,SPORT UTILITY;PASSENGER CAR,SPORT UTILITY
44105;CARY;FOUR-WAY INTERSECTION;STRAIGHT,LEVEL;STATE SECONDARY ROUTE;TWO-WAY,DIVIDED,UNPROTECTED MEDIAN;SMOOTH ASPHALT;DRY;DAYLIGHT;CLOUDY;STOP AND GO SIGNAL;;;-78.7496;35.7559;;;0;0;;;NONE;;NONE;;PASSENGER CAR;PASSENGER CAR;;;;NO;20478;2020-03-05;8:29:14 AM;2020-03-05T13:29:14+00:00;;2020;No;No;3;NONE;NONE,NONE;NONE,NONE;PASSENGER CAR,PASSENGER CAR;PASSENGER CAR,PASSENGER CAR;PASSENGER CAR,PASSENGER CAR;PASSENGER CAR,PASSENGER CAR
44109;100 FEET FROM SR 1600 (GREEN LEVEL CHURCH RD;NO SPECIAL FEATURE;STRAIGHT,LEVEL;STATE SECONDARY ROUTE;TWO-WAY,NOT DIVIDED;SMOOTH ASPHALT;DRY;DAYLIGHT;CLEAR;NO CONTROL PRESENT;;;-78.903666;35.782397;;122;0;0;2;;NONE;;NONE;;PASSENGER CAR;PASSENGER CAR;;;;NO;20482;2020-03-04;8:47:51 AM;2020-03-04T13:47:51+00:00;;2020;No;No;3;NONE;NONE,NONE;NONE,NONE;PASSENGER CAR,PASSENGER CAR;PASSENGER CAR,PASSENGER CAR;PASSENGER CAR,PASSENGER CAR;PASSENGER CAR,PASSENGER CAR
44110;.1 MILES FROM US 64 HWY;NO SPECIAL FEATURE;STRAIGHT,LEVEL;US ROUTE;TWO-WAY,DIVIDED,UNPROTECTED MEDIAN;SMOOTH ASPHALT;DRY;DAYLIGHT;CLOUDY;NO CONTROL PRESENT;;;-78.8011;35.7395;;;0;0;;;NONE;;NONE;;SPORT UTILITY;SPORT UTILITY;;;;NO;20483;2020-03-05;1:29:38 PM;2020-03-05T18:29:38+00:00;;2020;No;No;3;NONE;NONE,NONE;NONE,NONE;SPORT UTILITY,SPORT UTILITY;SPORT UTILITY,SPORT UTILITY;SPORT UTILITY,SPORT UTILITY;SPORT UTILITY,SPORT UTILITY
44112;.2 MILES FROM SR 3060 (MORRISVILLE PKWY);RELATED TO INTERSECTION;STRAIGHT,LEVEL;STATE SECONDARY ROUTE;TWO-WAY,NOT DIVIDED;SMOOTH ASPHALT;DRY;DUSK;CLEAR;STOP SIGN;35.669104881;-78.94941509;-78.8683;35.8135;P090;WAKE;0;0;;;NONE;;NONE;;SPORT UTILITY;PASSENGER CAR;;;;NO;20485;2020-03-05;4:21:15 PM;2020-03-05T21:21:15+00:00;35.669104881, -78.94941509;2020;No;No;3;NONE;NONE,NONE;NONE,NONE;SPORT UTILITY,PASSENGER CAR;SPORT UTILITY,PASSENGER CAR;SPORT UTILITY,PASSENGER CAR;SPORT UTILITY,PASSENGER CAR
44116;100 FEET FROM E. PARK ST;NO SPECIAL FEATURE;STRAIGHT,LEVEL;LOCAL STREET;TWO-WAY,NOT DIVIDED;SMOOTH ASPHALT;WET;DARK - LIGHTED ROADWAY;RAIN;NO CONTROL PRESENT;;;-78.776185;35.785553;;;0;0;;;NONE;;NONE;;PASSENGER CAR;PASSENGER CAR;;;;NO;20489;2020-03-05;9:37:13 PM;2020-03-06T02:37:13+00:00;;2020;No;No;3;NONE;NONE,NONE;NONE,NONE;PASSENGER CAR,PASSENGER CAR;PASSENGER CAR,PASSENGER CAR;PASSENGER CAR,PASSENGER CAR;PASSENGER CAR,PASSENGER CAR