tamainid;location_description;rdfeature;rdcharacter;rdclass;rdconfigur;rdsurface;rdcondition;lightcond;weather;trafcontrl;lat;lon;lon2;lat2;tract;zone;fatality;possblinj;numpassengers;numpedestrians;contrcir1_desc;contrcir2_desc;contrcir3_desc;contrcir4_desc;vehicle1;vehicle2;vehicle3;vehicle4;vehicle5;workarea;records;ta_date;ta_time;crash_date;geo_location;year;fatalities;injuries;month;contrfact1;contrfact2;contributing_factor;vehicleconcat1;vehicleconcat2;vehicleconcat3;vehicle_type
44355;00 FEET FROM SR 1300 (KILDAIRE FARM RD);FOUR-WAY INTERSECTION;STRAIGHT,LEVEL;STATE SECONDARY ROUTE;TWO-WAY,DIVIDED,POSITIVE MEDIAN BARRIER;SMOOTH ASPHALT;DRY;DAYLIGHT;CLEAR;STOP AND GO SIGNAL;;;-78.783013;35.757877;;;0;0;2;;NONE;;NONE;;VAN;PASSENGER CAR;PASSENGER CAR;;;NO;20728;2020-04-05;9:00:39 PM;2020-04-06T01:00:39+00:00;;2020;No;No;4;NONE;NONE,NONE;NONE,NONE;VAN,PASSENGER CAR;VAN,PASSENGER CAR,PASSENGER CAR;VAN,PASSENGER CAR,PASSENGER CAR;VAN,PASSENGER CAR,PASSENGER CAR
44360;CARY;NO SPECIAL FEATURE;STRAIGHT,LEVEL;LOCAL STREET;TWO-WAY,NOT DIVIDED;COARSE ASPHALT;DRY;DAYLIGHT;CLEAR;STOP AND GO SIGNAL;;;-78.776323;35.741402;;;0;0;;;NONE;;NONE;;PASSENGER CAR;PASSENGER CAR;;;;NO;20733;2020-04-09;1:17:47 PM;2020-04-09T17:17:47+00:00;;2020;No;No;4;NONE;NONE,NONE;NONE,NONE;PASSENGER CAR,PASSENGER CAR;PASSENGER CAR,PASSENGER CAR;PASSENGER CAR,PASSENGER CAR;PASSENGER CAR,PASSENGER CAR
44369;40 FEET FROM WENDY CT;NO SPECIAL FEATURE;STRAIGHT,LEVEL;LOCAL STREET;TWO-WAY,NOT DIVIDED;SMOOTH ASPHALT;DRY;DAYLIGHT;CLEAR;NO CONTROL PRESENT;35.768248516;-78.79163431;-78.791595;35.768123;P039;115;0;0;;;NONE;;NONE;;PASSENGER CAR;;;;;NO;20742;2020-04-06;1:07:05 PM;2020-04-06T17:07:05+00:00;35.768248516, -78.79163431;2020;No;No;4;NONE;NONE,NONE;NONE,NONE;PASSENGER CAR;PASSENGER CAR;PASSENGER CAR;PASSENGER CAR
44374;.1 MILES FROM HIGHSTONE RD;NO SPECIAL FEATURE;STRAIGHT,LEVEL;PUBLIC VEHICULAR AREA;TWO-WAY,NOT DIVIDED;SMOOTH ASPHALT;DRY;DAYLIGHT;CLEAR;NO CONTROL PRESENT;35.788279458;-78.85380084;-78.85254;35.78858;P018;117;0;0;;;NONE;;NONE;;PICKUP;PASSENGER CAR;;;;NO;20747;2020-04-10;9:34:41 AM;2020-04-10T13:34:41+00:00;35.788279458, -78.85380084;2020;No;No;4;NONE;NONE,NONE;NONE,NONE;PICKUP,PASSENGER CAR;PICKUP,PASSENGER CAR;PICKUP,PASSENGER CAR;PICKUP,PASSENGER CAR
44381;20 FEET FROM LONGCHAMP LN;RELATED TO INTERSECTION;STRAIGHT,LEVEL;LOCAL STREET;TWO-WAY,NOT DIVIDED;SMOOTH ASPHALT;DRY;DAYLIGHT;CLEAR;NO CONTROL PRESENT;35.825506465;-78.91303449;-78.912918;35.825489;P076;119;0;0;;;NONE;;NONE;;PASSENGER CAR;PASSENGER CAR;;;;NO;20754;2020-04-11;8:09:45 PM;2020-04-12T00:09:45+00:00;35.825506465, -78.91303449;2020;No;No;4;NONE;NONE,NONE;NONE,NONE;PASSENGER CAR,PASSENGER CAR;PASSENGER CAR,PASSENGER CAR;PASSENGER CAR,PASSENGER CAR;PASSENGER CAR,PASSENGER CAR
44394;75 FEET FROM P.V.A. (100 WALSHINGHAM LN);NO SPECIAL FEATURE;STRAIGHT,LEVEL;PUBLIC VEHICULAR AREA;TWO-WAY,NOT DIVIDED;SMOOTH ASPHALT;DRY;DAYLIGHT;CLEAR;NO CONTROL PRESENT;;;-78.816424;35.772804;;117;0;0;;;NONE;;NONE;;SPORT UTILITY;PASSENGER CAR;;;;NO;20767;2020-04-14;1:25:12 PM;2020-04-14T17:25:12+00:00;;2020;No;No;4;NONE;NONE,NONE;NONE,NONE;SPORT UTILITY,PASSENGER CAR;SPORT UTILITY,PASSENGER CAR;SPORT UTILITY,PASSENGER CAR;SPORT UTILITY,PASSENGER CAR
44398;.1 MILES FROM OLD REEDY CREEK RD;NO SPECIAL FEATURE;STRAIGHT,LEVEL;LOCAL STREET;TWO-WAY,NOT DIVIDED;SMOOTH ASPHALT;DRY;DAWN;CLEAR;NO CONTROL PRESENT;35.834347149;-78.78072064;-78.7811;35.8381;P021;111;0;0;;;NONE;;NONE;;PASSENGER CAR;;;;;NO;20771;2020-04-17;7:00:14 AM;2020-04-17T11:00:14+00:00;35.834347149, -78.78072064;2020;No;No;4;NONE;NONE,NONE;NONE,NONE;PASSENGER CAR;PASSENGER CAR;PASSENGER CAR;PASSENGER CAR
44406;00 FEET FROM SR 1613 (DAVIS DR);FOUR-WAY INTERSECTION;STRAIGHT,GRADE;LOCAL STREET;TWO-WAY,DIVIDED,POSITIVE MEDIAN BARRIER;SMOOTH ASPHALT;DRY;DAYLIGHT;CLEAR;STOP AND GO SIGNAL;35.793893002;-78.84745841;-78.847434;35.793783;P078;121;0;0;;;NONE;;NONE;;PASSENGER CAR;PASSENGER CAR;;;;NO;20779;2020-04-17;4:03:29 PM;2020-04-17T20:03:29+00:00;35.793893002, -78.84745841;2020;No;No;4;NONE;NONE,NONE;NONE,NONE;PASSENGER CAR,PASSENGER CAR;PASSENGER CAR,PASSENGER CAR;PASSENGER CAR,PASSENGER CAR;PASSENGER CAR,PASSENGER CAR
44408;400 FEET FROM SR1313 (WALNUT ST);NO SPECIAL FEATURE;STRAIGHT,LEVEL;STATE SECONDARY ROUTE;TWO-WAY,DIVIDED,POSITIVE MEDIAN BARRIER;SMOOTH ASPHALT;DRY;DAYLIGHT;CLEAR;NO CONTROL PRESENT;;;-78.7412;35.7525;;;0;0;;;NONE;;NONE;;MOTOR HOME/RECREATIONAL VEHICLE;PASSENGER CAR;;;;NO;20781;2020-04-17;1:38:17 PM;2020-04-17T17:38:17+00:00;;2020;No;No;4;NONE;NONE,NONE;NONE,NONE;MOTOR HOME/RECREATIONAL VEHICLE,PASSENGER CAR;MOTOR HOME/RECREATIONAL VEHICLE,PASSENGER CAR;MOTOR HOME/RECREATIONAL VEHICLE,PASSENGER CAR;MOTOR HOME/RECREATIONAL VEHICLE,PASSENGER CAR
44417;60 FEET FROM TELMEW CT;DRIVEWAY, PRIVATE;STRAIGHT,LEVEL;LOCAL STREET;TWO-WAY,NOT DIVIDED;SMOOTH ASPHALT;DRY;DAYLIGHT;CLEAR;NO CONTROL PRESENT;35.723558099;-78.80726839;-78.80671;35.7232;P043;116;0;0;;;NONE;;NONE;;UNKNOWN;;;;;NO;20790;2020-04-19;4:59:20 PM;2020-04-19T20:59:20+00:00;35.723558099, -78.80726839;2020;No;No;4;NONE;NONE,NONE;NONE,NONE;UNKNOWN;UNKNOWN;UNKNOWN;UNKNOWN
44425;CARY;NO SPECIAL FEATURE;STRAIGHT,LEVEL;PUBLIC VEHICULAR AREA;TWO-WAY,NOT DIVIDED;SMOOTH ASPHALT;DRY;DAYLIGHT;CLEAR;NO CONTROL PRESENT;;;-78.7817;35.7582;;112;0;0;;;NONE;;NONE;;PASSENGER CAR;PASSENGER CAR;;;;NO;20798;2020-04-21;11:11 AM;2020-04-21T15:11:00+00:00;;2020;No;No;4;NONE;NONE,NONE;NONE,NONE;PASSENGER CAR,PASSENGER CAR;PASSENGER CAR,PASSENGER CAR;PASSENGER CAR,PASSENGER CAR;PASSENGER CAR,PASSENGER CAR
44429;5 FEET FROM SR 1600 (GREEN LEVEL CHURCH RD;RELATED TO INTERSECTION;STRAIGHT,LEVEL;STATE SECONDARY ROUTE;TWO-WAY,NOT DIVIDED;SMOOTH ASPHALT;DRY;DARK - ROADWAY NOT LIGHTED;CLEAR;STOP AND GO SIGNAL;;;-78.9026;35.7787;;;0;0;1;;NONE;;NONE;;PASSENGER CAR;VAN;;;;NO;20802;2020-04-21;6:08:35 PM;2020-04-21T22:08:35+00:00;;2020;No;No;4;NONE;NONE,NONE;NONE,NONE;PASSENGER CAR,VAN;PASSENGER CAR,VAN;PASSENGER CAR,VAN;PASSENGER CAR,VAN
44436;50 FEET FROM PVA (1979 HIGH HOUSE ROAD);NO SPECIAL FEATURE;STRAIGHT,LEVEL;PUBLIC VEHICULAR AREA;TWO-WAY,NOT DIVIDED;SMOOTH ASPHALT;DRY;DAYLIGHT;CLOUDY;NO CONTROL PRESENT;;;-78.848161;35.7882636;;;0;0;;;NONE;;NONE;;SPORT UTILITY;;;;;NO;20809;2020-04-23;2:23:21 PM;2020-04-23T18:23:21+00:00;;2020;No;No;4;NONE;NONE,NONE;NONE,NONE;SPORT UTILITY;SPORT UTILITY;SPORT UTILITY;SPORT UTILITY
44438;0 FEET FROM W CHATHAM ST;FOUR-WAY INTERSECTION;STRAIGHT,LEVEL;LOCAL STREET;TWO-WAY,DIVIDED,UNPROTECTED MEDIAN;SMOOTH ASPHALT;DRY;DAYLIGHT;CLEAR;STOP SIGN;;;-78.8221;35.7709;;;0;0;;;NONE;;NONE;;PASSENGER CAR;PASSENGER CAR;;;;NO;20811;2020-04-24;12:28 PM;2020-04-24T16:28:00+00:00;;2020;No;No;4;NONE;NONE,NONE;NONE,NONE;PASSENGER CAR,PASSENGER CAR;PASSENGER CAR,PASSENGER CAR;PASSENGER CAR,PASSENGER CAR;PASSENGER CAR,PASSENGER CAR
44444;60 FEET FROM PICKETT BRANCH RD;NO SPECIAL FEATURE;CURVE,LEVEL;LOCAL STREET;TWO-WAY,NOT DIVIDED;SMOOTH ASPHALT;DRY;DAYLIGHT;CLEAR;NO CONTROL PRESENT;35.8556622;-78.89727036;-78.8973;35.8556;P074;119;0;0;;;NONE;;NONE;;VAN;SPORT UTILITY;;;;NO;20817;2020-04-22;7:52:08 PM;2020-04-22T23:52:08+00:00;35.8556622, -78.89727036;2020;No;No;4;NONE;NONE,NONE;NONE,NONE;VAN,SPORT UTILITY;VAN,SPORT UTILITY;VAN,SPORT UTILITY;VAN,SPORT UTILITY
44448;.1 MILES FROM SR 1605 (GREEN LEVEL WEST RD);NO SPECIAL FEATURE;STRAIGHT,GRADE;STATE SECONDARY ROUTE;TWO-WAY,DIVIDED,UNPROTECTED MEDIAN;SMOOTH ASPHALT;DRY;DARK - ROADWAY NOT LIGHTED;CLEAR;NO CONTROL PRESENT;;;-78.897146;35.781188;;117;0;0;;;NONE;;NONE;;SPORT UTILITY;;;;;NO;20821;2020-04-27;2:18:25 AM;2020-04-27T06:18:25+00:00;;2020;No;No;4;NONE;NONE,NONE;NONE,NONE;SPORT UTILITY;SPORT UTILITY;SPORT UTILITY;SPORT UTILITY
44453;30 FEET FROM SR 1652 (N HARRISON AV);RELATED TO INTERSECTION;STRAIGHT,GRADE;STATE SECONDARY ROUTE;TWO-WAY,DIVIDED,UNPROTECTED MEDIAN;SMOOTH ASPHALT;DRY;DAYLIGHT;CLEAR;STOP AND GO SIGNAL;;;-78.781;35.81;;;0;0;;;;;NONE;;PASSENGER CAR;SPORT UTILITY;;;;NO;20826;2020-04-26;4:32:19 PM;2020-04-26T20:32:19+00:00;;2020;No;No;4;;NONE;NONE;PASSENGER CAR,SPORT UTILITY;PASSENGER CAR,SPORT UTILITY;PASSENGER CAR,SPORT UTILITY;PASSENGER CAR,SPORT UTILITY
44460;5 FEET FROM BRICKFIELD DR;RELATED TO INTERSECTION;STRAIGHT,LEVEL;LOCAL STREET;TWO-WAY,NOT DIVIDED;SMOOTH ASPHALT;DRY;DAYLIGHT;CLEAR;STOP SIGN;35.837233149;-78.88131219;-78.8811;35.8372;P124;119;0;0;;;NONE;;NONE;;;;;;;NO;20833;2020-04-29;8:42:43 AM;2020-04-29T12:42:43+00:00;35.837233149, -78.88131219;2020;No;No;4;NONE;NONE,NONE;NONE,NONE;;;;
44463;133 FEET FROM KETTLEBRIDGE DR;NO SPECIAL FEATURE;STRAIGHT,LEVEL;LOCAL STREET;TWO-WAY,NOT DIVIDED;SMOOTH ASPHALT;DRY;DARK - LIGHTED ROADWAY;CLEAR;NO CONTROL PRESENT;35.753751796;-78.81664239;-78.817147;35.753718;P040;115;0;0;;;NONE;;NONE;;;;;;;NO;20836;2020-04-29;11:48 PM;2020-04-30T03:48:00+00:00;35.753751796, -78.81664239;2020;No;No;4;NONE;NONE,NONE;NONE,NONE;;;;
44470;.39 MILES FROM US 1 HWY;NO SPECIAL FEATURE;STRAIGHT,LEVEL;US ROUTE;ONE-WAY,NOT DIVIDED;SMOOTH ASPHALT;WET;DAYLIGHT;RAIN;NO CONTROL PRESENT;;;-78.7781;35.7454;;;0;0;;;NONE;;NONE;;PICKUP;PASSENGER CAR;;;;NO;20843;2020-04-30;10:42 AM;2020-04-30T14:42:00+00:00;;2020;No;No;4;NONE;NONE,NONE;NONE,NONE;PICKUP,PASSENGER CAR;PICKUP,PASSENGER CAR;PICKUP,PASSENGER CAR;PICKUP,PASSENGER CAR
44477;CARY;RELATED TO INTERSECTION;STRAIGHT,LEVEL;STATE SECONDARY ROUTE;TWO-WAY,DIVIDED,UNPROTECTED MEDIAN;SMOOTH ASPHALT;DRY;DAYLIGHT;CLEAR;STOP SIGN;;;-78.7543;35.7905;;;0;0;;;NONE;;NONE;;PASSENGER CAR;PASSENGER CAR;;;;NO;20850;2020-05-02;9:40:50 AM;2020-05-02T13:40:50+00:00;;2020;No;No;5;NONE;NONE,NONE;NONE,NONE;PASSENGER CAR,PASSENGER CAR;PASSENGER CAR,PASSENGER CAR;PASSENGER CAR,PASSENGER CAR;PASSENGER CAR,PASSENGER CAR
44480;.05 MILES FROM SR 1312 (N ACADEMY ST);NO SPECIAL FEATURE;STRAIGHT,LEVEL;STATE SECONDARY ROUTE;TWO-WAY,NOT DIVIDED;COARSE ASPHALT;DRY;DARK - LIGHTED ROADWAY;CLEAR;NO CONTROL PRESENT;;;-78.78123;35.79109;;113;0;0;;;NONE;;NONE;;POLICE;;;;;NO;20853;2020-05-03;2:19:02 AM;2020-05-03T06:19:02+00:00;;2020;No;No;5;NONE;NONE,NONE;NONE,NONE;POLICE;POLICE;POLICE;POLICE
44488;150 FEET FROM P.V.A. (10140 GREEN LEVEL CHUR;NO SPECIAL FEATURE;STRAIGHT,LEVEL;PUBLIC VEHICULAR AREA;TWO-WAY,NOT DIVIDED;SMOOTH ASPHALT;DRY;DAYLIGHT;CLEAR;NO CONTROL PRESENT;;;-78.9015;35.8213;;;0;0;;;NONE;;NONE;;PASSENGER CAR;UNKNOWN;;;;NO;20861;2020-04-30;3:31:03 PM;2020-04-30T19:31:03+00:00;;2020;No;No;4;NONE;NONE,NONE;NONE,NONE;PASSENGER CAR,UNKNOWN;PASSENGER CAR,UNKNOWN;PASSENGER CAR,UNKNOWN;PASSENGER CAR,UNKNOWN
44498;CARY;NO SPECIAL FEATURE;STRAIGHT,LEVEL;STATE SECONDARY ROUTE;TWO-WAY,DIVIDED,POSITIVE MEDIAN BARRIER;SMOOTH ASPHALT;WET;DARK - LIGHTED ROADWAY;RAIN;STOP AND GO SIGNAL;;;-78.74566;35.762799;;;0;0;1;;NONE;;NONE;;PASSENGER CAR;PASSENGER CAR;;;;NO;20871;2020-05-05;12:20 AM;2020-05-05T04:20:00+00:00;;2020;No;No;5;NONE;NONE,NONE;NONE,NONE;PASSENGER CAR,PASSENGER CAR;PASSENGER CAR,PASSENGER CAR;PASSENGER CAR,PASSENGER CAR;PASSENGER CAR,PASSENGER CAR
44519;100 FEET FROM S.R. 1652 (N HARRISON AV);NO SPECIAL FEATURE;STRAIGHT,LEVEL;STATE SECONDARY ROUTE;TWO-WAY,DIVIDED,UNPROTECTED MEDIAN;COARSE ASPHALT;DRY;DAYLIGHT;CLEAR;NO CONTROL PRESENT;;;-78.7831;35.7979;;;0;0;;;;;NONE;;PASSENGER CAR;;;;;NO;20892;2020-05-10;8:28:52 AM;2020-05-10T12:28:52+00:00;;2020;No;No;5;;NONE;NONE;PASSENGER CAR;PASSENGER CAR;PASSENGER CAR;PASSENGER CAR
44522;0 MILES FROM SR 1415 (SE MAYNARD RD);FOUR-WAY INTERSECTION;STRAIGHT,LEVEL;STATE SECONDARY ROUTE;TWO-WAY,DIVIDED,POSITIVE MEDIAN BARRIER;SMOOTH ASPHALT;DRY;DAYLIGHT;CLEAR;STOP AND GO SIGNAL;;;-78.7642;35.7759;;;0;1;1;;;;NONE;;SPORT UTILITY;SPORT UTILITY;;;;NO;20895;2020-05-10;3:25:23 PM;2020-05-10T19:25:23+00:00;;2020;No;Yes;5;;NONE;NONE;SPORT UTILITY,SPORT UTILITY;SPORT UTILITY,SPORT UTILITY;SPORT UTILITY,SPORT UTILITY;SPORT UTILITY,SPORT UTILITY
44525;0.5 MILES FROM US 1 HWY;NO SPECIAL FEATURE;STRAIGHT,LEVEL;US ROUTE;TWO-WAY,DIVIDED,POSITIVE MEDIAN BARRIER;GROOVED CONCRETE;DRY;DAYLIGHT;CLOUDY;NO CONTROL PRESENT;;;-78.7648;35.7523;;112;0;0;1;;NONE;;NONE;;PICKUP;PASSENGER CAR;PASSENGER CAR;SPORT UTILITY;;NO;20898;2020-05-08;5:21:40 PM;2020-05-08T21:21:40+00:00;;2020;No;No;5;NONE;NONE,NONE;NONE,NONE;PICKUP,PASSENGER CAR;PICKUP,PASSENGER CAR,PASSENGER CAR;PICKUP,PASSENGER CAR,PASSENGER CAR,SPORT UTILITY;PICKUP,PASSENGER CAR,PASSENGER CAR,SPORT UTILITY
44528;200 FEET FROM P.V.A. (440 CROSSROADS BLVD);DRIVEWAY, PUBLIC;STRAIGHT,LEVEL;PUBLIC VEHICULAR AREA;ONE-WAY,NOT DIVIDED;SMOOTH ASPHALT;DRY;DAYLIGHT;CLEAR;NO CONTROL PRESENT;;;-78.736612;35.759684;;;0;0;;;NONE;;NONE;;SPORT UTILITY;PICKUP;;;;NO;20901;2020-05-11;4:50:37 PM;2020-05-11T20:50:37+00:00;;2020;No;No;5;NONE;NONE,NONE;NONE,NONE;SPORT UTILITY,PICKUP;SPORT UTILITY,PICKUP;SPORT UTILITY,PICKUP;SPORT UTILITY,PICKUP
44531;499 FEET FROM SR 1319 (JONES FRANKLIN RD);NO SPECIAL FEATURE;STRAIGHT,LEVEL;STATE SECONDARY ROUTE;TWO-WAY,NOT DIVIDED;SMOOTH ASPHALT;DRY;DAYLIGHT;CLEAR;STOP AND GO SIGNAL;;;-78.7312;35.7534;;;0;0;1;;NONE;;NONE;;PASSENGER CAR;PICKUP;;;;NO;20904;2020-05-11;7:08:26 PM;2020-05-11T23:08:26+00:00;;2020;No;No;5;NONE;NONE,NONE;NONE,NONE;PASSENGER CAR,PICKUP;PASSENGER CAR,PICKUP;PASSENGER CAR,PICKUP;PASSENGER CAR,PICKUP
44535;0 FEET FROM SR 1652 (N HARRISON AV);FOUR-WAY INTERSECTION;STRAIGHT,LEVEL;STATE SECONDARY ROUTE;TWO-WAY,DIVIDED,UNPROTECTED MEDIAN;SMOOTH ASPHALT;DRY;DAYLIGHT;CLEAR;STOP AND GO SIGNAL;;;-78.782874;35.802555;;113;0;0;2;;NONE;;NONE;;PASSENGER CAR;SPORT UTILITY;PICKUP;;;NO;20908;2020-05-12;3:58:02 PM;2020-05-12T19:58:02+00:00;;2020;No;No;5;NONE;NONE,NONE;NONE,NONE;PASSENGER CAR,SPORT UTILITY;PASSENGER CAR,SPORT UTILITY,PICKUP;PASSENGER CAR,SPORT UTILITY,PICKUP;PASSENGER CAR,SPORT UTILITY,PICKUP
44542;300 FEET FROM SLOAN DR;NO SPECIAL FEATURE;STRAIGHT,LEVEL;LOCAL STREET;TWO-WAY,NOT DIVIDED;SMOOTH ASPHALT;DRY;UNKNOWN;CLEAR;YIELD SIGN;35.784964453;-78.76543581;-78.766;35.7857;P058;120;0;0;;;UNKNOWN;;NONE;;UNKNOWN;PICKUP;;;;NO;20915;2020-05-14;7:04:49 AM;2020-05-14T11:04:49+00:00;35.784964453, -78.76543581;2020;No;No;5;UNKNOWN;UNKNOWN,NONE;UNKNOWN,NONE;UNKNOWN,PICKUP;UNKNOWN,PICKUP;UNKNOWN,PICKUP;UNKNOWN,PICKUP
44564;50 FEET FROM CAITBOO AV;RELATED TO INTERSECTION;STRAIGHT,LEVEL;LOCAL STREET;TWO-WAY,NOT DIVIDED;SMOOTH ASPHALT;DRY;DAYLIGHT;CLEAR;STOP AND GO SIGNAL;35.759541366;-78.74137283;-78.74156;35.759809;P120;118;0;0;2;;NONE;;NONE;;PASSENGER CAR;SPORT UTILITY;;;;NO;20937;2020-05-16;7:14:30 PM;2020-05-16T23:14:30+00:00;35.759541366, -78.74137283;2020;No;No;5;NONE;NONE,NONE;NONE,NONE;PASSENGER CAR,SPORT UTILITY;PASSENGER CAR,SPORT UTILITY;PASSENGER CAR,SPORT UTILITY;PASSENGER CAR,SPORT UTILITY
44565;0 MILES FROM GLENDALE DR;T-INTERSECTION;STRAIGHT,LEVEL;STATE SECONDARY ROUTE;TWO-WAY,NOT DIVIDED;SMOOTH ASPHALT;DRY;DAYLIGHT;CLEAR;STOP SIGN;35.780678273;-78.79439053;-78.7949;35.781;P036;114;0;0;;;;;NONE;;PASSENGER CAR;PASSENGER CAR;;;;NO;20938;2020-05-17;3:22:10 PM;2020-05-17T19:22:10+00:00;35.780678273, -78.79439053;2020;No;No;5;;NONE;NONE;PASSENGER CAR,PASSENGER CAR;PASSENGER CAR,PASSENGER CAR;PASSENGER CAR,PASSENGER CAR;PASSENGER CAR,PASSENGER CAR
44566;.1 MILES FROM US 1;NO SPECIAL FEATURE;STRAIGHT,LEVEL;US ROUTE;TWO-WAY,DIVIDED,POSITIVE MEDIAN BARRIER;CONCRETE;DRY;DAYLIGHT;CLEAR;NO CONTROL PRESENT;;;-78.7563;35.7564;;;0;1;;;;;NONE;;;;;;;NO;20939;2020-05-18;11:51 AM;2020-05-18T15:51:00+00:00;;2020;No;Yes;5;;NONE;NONE;;;;
44574;200 FEET FROM SR1370(TRYON RD);;;;;;;;;;;;;;;;0;0;;;;;;;;;;;;;20947;2020-05-13;2:32:07 PM;2020-05-13T18:32:07+00:00;;2020;No;No;5;;;;;;;
44578;50 FEET FROM P.V.A. (3494 KILDAIRE FARM RD);NO SPECIAL FEATURE;STRAIGHT,GRADE;PUBLIC VEHICULAR AREA;TWO-WAY,NOT DIVIDED;SMOOTH ASPHALT;WET;DAYLIGHT;RAIN;NO CONTROL PRESENT;;;-78.795868;35.704246;;;0;0;;;NONE;;NONE;;PICKUP;PICKUP;;;;NO;20951;2020-05-20;4:25:16 PM;2020-05-20T20:25:16+00:00;;2020;No;No;5;NONE;NONE,NONE;NONE,NONE;PICKUP,PICKUP;PICKUP,PICKUP;PICKUP,PICKUP;PICKUP,PICKUP
44579;.23 MILES FROM CROSSROADS BLVD;FOUR-WAY INTERSECTION;STRAIGHT,LEVEL;PRIVATE ROAD,DRIVEWAY;TWO-WAY,DIVIDED,UNPROTECTED MEDIAN;SMOOTH ASPHALT;WET;DAYLIGHT;RAIN;STOP SIGN;;;-78.7376;35.7605;;120;0;0;6;;NONE;;NONE;;PASSENGER CAR;LIGHT TRUCK (MINI-VAN- PANEL);;;;NO;20952;2020-05-20;12:35 PM;2020-05-20T16:35:00+00:00;;2020;No;No;5;NONE;NONE,NONE;NONE,NONE;PASSENGER CAR,LIGHT TRUCK (MINI-VAN- PANEL);PASSENGER CAR,LIGHT TRUCK (MINI-VAN- PANEL);PASSENGER CAR,LIGHT TRUCK (MINI-VAN- PANEL);PASSENGER CAR,LIGHT TRUCK (MINI-VAN- PANEL)
44592;100 FEET FROM BROADGAIT BRAE RD;DRIVEWAY, PRIVATE;STRAIGHT,LEVEL;PRIVATE ROAD,DRIVEWAY;TWO-WAY,NOT DIVIDED;SMOOTH ASPHALT;WET;DAYLIGHT;RAIN;NO CONTROL PRESENT;35.817612115;-78.90444172;-78.903789;35.817488;P081;122;0;0;;;NONE;;NONE;;LIGHT TRUCK (MINI-VAN- PANEL);PASSENGER CAR;;;;NO;20965;2020-05-21;1:04:34 PM;2020-05-21T17:04:34+00:00;35.817612115, -78.90444172;2020;No;No;5;NONE;NONE,NONE;NONE,NONE;LIGHT TRUCK (MINI-VAN- PANEL),PASSENGER CAR;LIGHT TRUCK (MINI-VAN- PANEL),PASSENGER CAR;LIGHT TRUCK (MINI-VAN- PANEL),PASSENGER CAR;LIGHT TRUCK (MINI-VAN- PANEL),PASSENGER CAR
44607;0.10 MILES FROM S.R.1300 (KILDAIRE FARM RD);NO SPECIAL FEATURE;STRAIGHT,LEVEL;STATE SECONDARY ROUTE;TWO-WAY,DIVIDED,UNPROTECTED MEDIAN;SMOOTH ASPHALT;DRY;DAYLIGHT;CLEAR;NO CONTROL PRESENT;;;-78.7791;35.7362;;;0;1;;;NONE;;NONE;;PASSENGER CAR;PASSENGER CAR;;;;NO;20980;2020-05-23;6:07:41 PM;2020-05-23T22:07:41+00:00;;2020;No;Yes;5;NONE;NONE,NONE;NONE,NONE;PASSENGER CAR,PASSENGER CAR;PASSENGER CAR,PASSENGER CAR;PASSENGER CAR,PASSENGER CAR;PASSENGER CAR,PASSENGER CAR
44620;150 FEET FROM P.V.A. 2021 WALNUT ST;NO SPECIAL FEATURE;STRAIGHT,LEVEL;PUBLIC VEHICULAR AREA;TWO-WAY,NOT DIVIDED;SMOOTH ASPHALT;DRY;DAYLIGHT;CLOUDY;NO CONTROL PRESENT;;;-78.7387;35.7579;;;0;0;;;NONE;;NONE;;PASSENGER CAR;SPORT UTILITY;;;;NO;20993;2020-05-27;11:54 AM;2020-05-27T15:54:00+00:00;;2020;No;No;5;NONE;NONE,NONE;NONE,NONE;PASSENGER CAR,SPORT UTILITY;PASSENGER CAR,SPORT UTILITY;PASSENGER CAR,SPORT UTILITY;PASSENGER CAR,SPORT UTILITY
44621;.1 MILES FROM SR 1300 (KILDAIRE FARM RD);NO SPECIAL FEATURE;CURVE,LEVEL;STATE SECONDARY ROUTE;TWO-WAY,DIVIDED,UNPROTECTED MEDIAN;COARSE ASPHALT;DRY;DAYLIGHT;CLOUDY;STOP AND GO SIGNAL;;;-78.794218;35.702925;;;0;0;1;;NONE;;NONE;;SPORT UTILITY;PICKUP;;;;NO;20994;2020-05-27;10:25 AM;2020-05-27T14:25:00+00:00;;2020;No;No;5;NONE;NONE,NONE;NONE,NONE;SPORT UTILITY,PICKUP;SPORT UTILITY,PICKUP;SPORT UTILITY,PICKUP;SPORT UTILITY,PICKUP
44625;347 FEET FROM PVA 980 KILDAIRE FARM RD;NO SPECIAL FEATURE;STRAIGHT,LEVEL;PUBLIC VEHICULAR AREA;TWO-WAY,NOT DIVIDED;SMOOTH ASPHALT;WET;DAYLIGHT;RAIN;NO CONTROL PRESENT;;;-78.783;35.7722;;;0;0;;;NONE;;NONE;;SPORT UTILITY;PASSENGER CAR;;;;NO;20998;2020-05-27;3:43:16 PM;2020-05-27T19:43:16+00:00;;2020;No;No;5;NONE;NONE,NONE;NONE,NONE;SPORT UTILITY,PASSENGER CAR;SPORT UTILITY,PASSENGER CAR;SPORT UTILITY,PASSENGER CAR;SPORT UTILITY,PASSENGER CAR
44627;00 FEET FROM KING GEORGE LOOP;T-INTERSECTION;STRAIGHT,LEVEL;LOCAL STREET;TWO-WAY,NOT DIVIDED;SMOOTH ASPHALT;DRY;DAYLIGHT;CLOUDY;NO CONTROL PRESENT;35.754915926;-78.7989749;-78.79891;35.754973;P040;115;0;0;1;;NONE;;NONE;;PASSENGER CAR;;;;;NO;21000;2020-05-23;2:01:11 PM;2020-05-23T18:01:11+00:00;35.754915926, -78.7989749;2020;No;No;5;NONE;NONE,NONE;NONE,NONE;PASSENGER CAR;PASSENGER CAR;PASSENGER CAR;PASSENGER CAR