tamainid;location_description;rdfeature;rdcharacter;rdclass;rdconfigur;rdsurface;rdcondition;lightcond;weather;trafcontrl;lat;lon;lon2;lat2;tract;zone;fatality;possblinj;numpassengers;numpedestrians;contrcir1_desc;contrcir2_desc;contrcir3_desc;contrcir4_desc;vehicle1;vehicle2;vehicle3;vehicle4;vehicle5;workarea;records;ta_date;ta_time;crash_date;geo_location;year;fatalities;injuries;month;contrfact1;contrfact2;contributing_factor;vehicleconcat1;vehicleconcat2;vehicleconcat3;vehicle_type
44628;40 FEET FROM NC 55 HWY;RELATED TO INTERSECTION;STRAIGHT,LEVEL;NC ROUTE;TWO-WAY,DIVIDED,UNPROTECTED MEDIAN;SMOOTH ASPHALT;WET;DAYLIGHT;RAIN;STOP AND GO SIGNAL;35.820373969;-78.87368409;-78.8736;35.8202;P091;WAKE;0;0;;;NONE;;NONE;;PICKUP;PASSENGER CAR;;;;NO;21001;2020-05-27;3:18:59 PM;2020-05-27T19:18:59+00:00;35.820373969, -78.87368409;2020;No;No;5;NONE;NONE,NONE;NONE,NONE;PICKUP,PASSENGER CAR;PICKUP,PASSENGER CAR;PICKUP,PASSENGER CAR;PICKUP,PASSENGER CAR
44630;100 FEET FROM SR 1152 (HOLLY SPRINGS RD);NO SPECIAL FEATURE;CURVE,GRADE;STATE SECONDARY ROUTE;TWO-WAY,NOT DIVIDED;COARSE ASPHALT;WET;DAYLIGHT;RAIN;NO CONTROL PRESENT;;;-78.755394;35.714775;;;0;2;;;NONE;;NONE;;PASSENGER CAR;PASSENGER CAR;;;;NO;21003;2020-05-28;6:30:02 AM;2020-05-28T10:30:02+00:00;;2020;No;Yes;5;NONE;NONE,NONE;NONE,NONE;PASSENGER CAR,PASSENGER CAR;PASSENGER CAR,PASSENGER CAR;PASSENGER CAR,PASSENGER CAR;PASSENGER CAR,PASSENGER CAR
44634;206 FEET FROM 4010 CONVENIENCE LN;NO SPECIAL FEATURE;STRAIGHT,LEVEL;PUBLIC VEHICULAR AREA;TWO-WAY,NOT DIVIDED;CONCRETE;DRY;DARK - LIGHTED ROADWAY;CLOUDY;NO CONTROL PRESENT;35.860972036;-78.89538675;-78.8949;35.8603;P074;119;0;0;;;NONE;;NONE;;PASSENGER CAR;PASSENGER CAR;;;;NO;21007;2020-05-28;10:08 PM;2020-05-29T02:08:00+00:00;35.860972036, -78.89538675;2020;No;No;5;NONE;NONE,NONE;NONE,NONE;PASSENGER CAR,PASSENGER CAR;PASSENGER CAR,PASSENGER CAR;PASSENGER CAR,PASSENGER CAR;PASSENGER CAR,PASSENGER CAR
44638;100 FEET FROM P.V.A. (540 NEW WAVERLY PL);NO SPECIAL FEATURE;STRAIGHT,LEVEL;PUBLIC VEHICULAR AREA;TWO-WAY,NOT DIVIDED;SMOOTH ASPHALT;WET;DAYLIGHT;RAIN;NO CONTROL PRESENT;;;-78.7761;35.7374;;;0;0;;;NONE;;NONE;;SPORT UTILITY;PICKUP;;;;NO;21011;2020-05-27;4:04:28 PM;2020-05-27T20:04:28+00:00;;2020;No;No;5;NONE;NONE,NONE;NONE,NONE;SPORT UTILITY,PICKUP;SPORT UTILITY,PICKUP;SPORT UTILITY,PICKUP;SPORT UTILITY,PICKUP
44639;1 MILES FROM US 1 HWY;NO SPECIAL FEATURE;STRAIGHT,LEVEL;US ROUTE;TWO-WAY,DIVIDED,POSITIVE MEDIAN BARRIER;SMOOTH ASPHALT;WET;DAWN;RAIN;NO CONTROL PRESENT;;;-78.7989;35.7338;;;0;0;;;NONE;;NONE;;PASSENGER CAR;;;;;NO;21012;2020-05-28;6:02:42 AM;2020-05-28T10:02:42+00:00;;2020;No;No;5;NONE;NONE,NONE;NONE,NONE;PASSENGER CAR;PASSENGER CAR;PASSENGER CAR;PASSENGER CAR
44640;200 FEET FROM BECKINGHAM LOOP;NO SPECIAL FEATURE;STRAIGHT,LEVEL;LOCAL STREET;TWO-WAY,NOT DIVIDED;SMOOTH ASPHALT;WET;DAYLIGHT;RAIN;NO CONTROL PRESENT;35.830869174;-78.91507312;-78.915958;35.830757;P076;119;0;0;;;NONE;;NONE;;VAN;;;;;NO;21013;2020-05-27;4:31:45 PM;2020-05-27T20:31:45+00:00;35.830869174, -78.91507312;2020;No;No;5;NONE;NONE,NONE;NONE,NONE;VAN;VAN;VAN;VAN
44641;0 FEET FROM SR 1652 (N HARRISON AV);T-INTERSECTION;STRAIGHT,LEVEL;STATE SECONDARY ROUTE;TWO-WAY,NOT DIVIDED;SMOOTH ASPHALT;WET;DAYLIGHT;CLOUDY;STOP AND GO SIGNAL;;;-78.7709;35.8223;;111;0;0;;;NONE;;NONE;;SPORT UTILITY;PASSENGER CAR;;;;NO;21014;2020-05-28;5:12:13 PM;2020-05-28T21:12:13+00:00;;2020;No;No;5;NONE;NONE,NONE;NONE,NONE;SPORT UTILITY,PASSENGER CAR;SPORT UTILITY,PASSENGER CAR;SPORT UTILITY,PASSENGER CAR;SPORT UTILITY,PASSENGER CAR
44646;51 FEET FROM SR3977(SE CARY PKWY);NO SPECIAL FEATURE;STRAIGHT,LEVEL;STATE SECONDARY ROUTE;TWO-WAY,DIVIDED,UNPROTECTED MEDIAN;SMOOTH ASPHALT;DRY;DAYLIGHT;CLEAR;STOP AND GO SIGNAL;;;-78.77322;35.749624;;;0;0;1;;NONE;;NONE;;PASSENGER CAR;PASSENGER CAR;;;;NO;21019;2020-05-28;5:33:27 PM;2020-05-28T21:33:27+00:00;;2020;No;No;5;NONE;NONE,NONE;NONE,NONE;PASSENGER CAR,PASSENGER CAR;PASSENGER CAR,PASSENGER CAR;PASSENGER CAR,PASSENGER CAR;PASSENGER CAR,PASSENGER CAR
44652;100 FEET FROM PVA 1297 BUCK JONES RD;NO SPECIAL FEATURE;STRAIGHT,LEVEL;PUBLIC VEHICULAR AREA;ONE-WAY,NOT DIVIDED;SMOOTH ASPHALT;WET;DAYLIGHT;RAIN;NO CONTROL PRESENT;;;-78.741069;35.764877;;;0;0;;;NONE;;NONE;;PASSENGER CAR;PICKUP;;;;NO;21025;2020-05-29;5:36:57 PM;2020-05-29T21:36:57+00:00;;2020;No;No;5;NONE;NONE,NONE;NONE,NONE;PASSENGER CAR,PICKUP;PASSENGER CAR,PICKUP;PASSENGER CAR,PICKUP;PASSENGER CAR,PICKUP
44661;495 FEET FROM WAKEHURST DR;NO SPECIAL FEATURE;STRAIGHT,LEVEL;LOCAL STREET;TWO-WAY,NOT DIVIDED;SMOOTH ASPHALT;DRY;DAYLIGHT;CLEAR;NO CONTROL PRESENT;35.768089403;-78.86301779;-78.8647;35.7678;P071;117;0;0;;;NONE;;NONE;;SPORT UTILITY;PASSENGER CAR;;;;NO;21034;2020-05-31;3:40:39 PM;2020-05-31T19:40:39+00:00;35.768089403, -78.86301779;2020;No;No;5;NONE;NONE,NONE;NONE,NONE;SPORT UTILITY,PASSENGER CAR;SPORT UTILITY,PASSENGER CAR;SPORT UTILITY,PASSENGER CAR;SPORT UTILITY,PASSENGER CAR
44663;.58 MILES FROM US1;NO SPECIAL FEATURE;STRAIGHT,LEVEL;INTERSTATE;TWO-WAY,DIVIDED,POSITIVE MEDIAN BARRIER;SMOOTH ASPHALT;DRY;DARK - LIGHTED ROADWAY;CLEAR;NO CONTROL PRESENT;;;-78.7799;35.7444;;;0;3;1;;NONE;;NONE;;PASSENGER CAR;PASSENGER CAR;;;;NO;21036;2020-05-31;12:20 AM;2020-05-31T04:20:00+00:00;;2020;No;Yes;5;NONE;NONE,NONE;NONE,NONE;PASSENGER CAR,PASSENGER CAR;PASSENGER CAR,PASSENGER CAR;PASSENGER CAR,PASSENGER CAR;PASSENGER CAR,PASSENGER CAR
44665;20 FEET FROM SR-1313 WALNUT ST;RELATED TO INTERSECTION;STRAIGHT,LEVEL;STATE SECONDARY ROUTE;TWO-WAY,DIVIDED,UNPROTECTED MEDIAN;SMOOTH ASPHALT;DRY;DARK - LIGHTED ROADWAY;CLEAR;STOP AND GO SIGNAL;;;-78.7383;35.7455;;;0;0;4;;NONE;;NONE;;SPORT UTILITY;PASSENGER CAR;;;;NO;21038;2020-05-30;9:13:08 PM;2020-05-31T01:13:08+00:00;;2020;No;No;5;NONE;NONE,NONE;NONE,NONE;SPORT UTILITY,PASSENGER CAR;SPORT UTILITY,PASSENGER CAR;SPORT UTILITY,PASSENGER CAR;SPORT UTILITY,PASSENGER CAR
44666;20 FEET FROM SR 1300 (KILDAIRE FARM RD);RELATED TO INTERSECTION;STRAIGHT,LEVEL;STATE SECONDARY ROUTE;TWO-WAY,DIVIDED,UNPROTECTED MEDIAN;SMOOTH ASPHALT;DRY;DAYLIGHT;CLEAR;NO CONTROL PRESENT;;;-78.794472;35.703621;;;0;0;2;;NONE;;NONE;;PASSENGER CAR;PASSENGER CAR;;;;NO;21039;2020-05-30;5:49:08 PM;2020-05-30T21:49:08+00:00;;2020;No;No;5;NONE;NONE,NONE;NONE,NONE;PASSENGER CAR,PASSENGER CAR;PASSENGER CAR,PASSENGER CAR;PASSENGER CAR,PASSENGER CAR;PASSENGER CAR,PASSENGER CAR
44673;440 FEET FROM SR1387 (WEST LAKE RD);NO SPECIAL FEATURE;STRAIGHT,LEVEL;STATE SECONDARY ROUTE;TWO-WAY,NOT DIVIDED;SMOOTH ASPHALT;DRY;DAYLIGHT;CLEAR;NO CONTROL PRESENT;;;-78.756;35.677;;;0;0;3;;NONE;;UNKNOWN;;SPORT UTILITY;;;;;NO;21046;2020-06-01;1:34:48 PM;2020-06-01T17:34:48+00:00;;2020;No;No;6;NONE;NONE,UNKNOWN;NONE,UNKNOWN;SPORT UTILITY;SPORT UTILITY;SPORT UTILITY;SPORT UTILITY
44680;.01 MILES FROM PVA 5055 ARCO ST;NO SPECIAL FEATURE;STRAIGHT,LEVEL;PUBLIC VEHICULAR AREA;TWO-WAY,NOT DIVIDED;SMOOTH ASPHALT;DRY;DAYLIGHT;CLEAR;NO CONTROL PRESENT;;;-78.88299;35.83411;;;0;0;;;NONE;;NONE;;VAN;PASSENGER CAR;;;;NO;21053;2020-06-02;5:29:47 PM;2020-06-02T21:29:47+00:00;;2020;No;No;6;NONE;NONE,NONE;NONE,NONE;VAN,PASSENGER CAR;VAN,PASSENGER CAR;VAN,PASSENGER CAR;VAN,PASSENGER CAR
44681;163 FEET FROM SR 3977 (SE CARY PKWY);NO SPECIAL FEATURE;STRAIGHT,LEVEL;STATE SECONDARY ROUTE;TWO-WAY,DIVIDED,POSITIVE MEDIAN BARRIER;SMOOTH ASPHALT;DRY;DARK - LIGHTED ROADWAY;CLEAR;NO CONTROL PRESENT;;;-78.7798;35.7579;;112;0;0;1;;NONE;;NONE;;PASSENGER CAR;SPORT UTILITY;;;;NO;21054;2020-06-02;8:52:14 PM;2020-06-03T00:52:14+00:00;;2020;No;No;6;NONE;NONE,NONE;NONE,NONE;PASSENGER CAR,SPORT UTILITY;PASSENGER CAR,SPORT UTILITY;PASSENGER CAR,SPORT UTILITY;PASSENGER CAR,SPORT UTILITY
44687;100 FEET FROM PVA 2861 JONES FRANKLIN RD;NO SPECIAL FEATURE;STRAIGHT,LEVEL;PUBLIC VEHICULAR AREA;ONE-WAY,NOT DIVIDED;SMOOTH ASPHALT;DRY;DAYLIGHT;CLEAR;NO CONTROL PRESENT;;;-78.73723;35.743764;;;0;0;1;;NONE;;NONE;;PICKUP;SPORT UTILITY;;;;NO;21060;2020-06-03;3:00:26 PM;2020-06-03T19:00:26+00:00;;2020;No;No;6;NONE;NONE,NONE;NONE,NONE;PICKUP,SPORT UTILITY;PICKUP,SPORT UTILITY;PICKUP,SPORT UTILITY;PICKUP,SPORT UTILITY
44689;5 FEET FROM REED ST;NO SPECIAL FEATURE;STRAIGHT,LEVEL;LOCAL STREET;TWO-WAY,NOT DIVIDED;SMOOTH ASPHALT;DRY;DARK - LIGHTED ROADWAY;CLEAR;NO CONTROL PRESENT;35.789275093;-78.761074;-78.7611;35.7892;P056;120;0;0;3;;;;NONE;;SPORT UTILITY;;;;;NO;21062;2020-06-03;1:21:46 AM;2020-06-03T05:21:46+00:00;35.789275093, -78.761074;2020;No;No;6;;NONE;NONE;SPORT UTILITY;SPORT UTILITY;SPORT UTILITY;SPORT UTILITY
44702;322 FEET FROM SR1009 (TRYON RD);NO SPECIAL FEATURE;STRAIGHT,LEVEL;STATE SECONDARY ROUTE;TWO-WAY,DIVIDED,POSITIVE MEDIAN BARRIER;SMOOTH ASPHALT;DRY;DAYLIGHT;CLEAR;STOP AND GO SIGNAL;;;-78.7607;35.7441;;;0;0;;;NONE;;NONE;;PASSENGER CAR;PASSENGER CAR;;;;NO;21075;2020-06-04;2:21:28 PM;2020-06-04T18:21:28+00:00;;2020;No;No;6;NONE;NONE,NONE;NONE,NONE;PASSENGER CAR,PASSENGER CAR;PASSENGER CAR,PASSENGER CAR;PASSENGER CAR,PASSENGER CAR;PASSENGER CAR,PASSENGER CAR
44704;CARY;OFF-RAMP TERMINAL ON CROSSROAD;CURVE,GRADE;US ROUTE;ONE-WAY,NOT DIVIDED;COARSE ASPHALT;DRY;DAYLIGHT;CLOUDY;STOP AND GO SIGNAL;;;-78.79438;35.737986;;;0;0;1;;NONE;;NONE;;PASSENGER CAR;PASSENGER CAR;;;;NO;21077;2020-06-05;8:15:37 AM;2020-06-05T12:15:37+00:00;;2020;No;No;6;NONE;NONE,NONE;NONE,NONE;PASSENGER CAR,PASSENGER CAR;PASSENGER CAR,PASSENGER CAR;PASSENGER CAR,PASSENGER CAR;PASSENGER CAR,PASSENGER CAR
44710;172 FEET FROM SR1349 (DILLARD DR);;;;;;;;;;;;;;;;0;0;;;;;;;;;;;;;21083;2020-05-29;3:02:57 PM;2020-05-29T19:02:57+00:00;;2020;No;No;5;;;;;;;
44711;370 FEET FROM P.V.A. 201 CROSSROADS BLVD;NO SPECIAL FEATURE;STRAIGHT,LEVEL;PUBLIC VEHICULAR AREA;TWO-WAY,NOT DIVIDED;COARSE ASPHALT;DRY;DAYLIGHT;CLEAR;NO CONTROL PRESENT;;;-78.7412;35.762;;;0;0;;;;;NONE;;PICKUP;UNKNOWN;;;;NO;21084;2020-06-04;7:50:11 PM;2020-06-04T23:50:11+00:00;;2020;No;No;6;;NONE;NONE;PICKUP,UNKNOWN;PICKUP,UNKNOWN;PICKUP,UNKNOWN;PICKUP,UNKNOWN
44724;160 FEET FROM P.V.A (GALVESTON CT);NO SPECIAL FEATURE;STRAIGHT,GRADE;PUBLIC VEHICULAR AREA;TWO-WAY,NOT DIVIDED;SMOOTH ASPHALT;DRY;DAYLIGHT;CLEAR;NO CONTROL PRESENT;;;-78.786;35.791;;;0;0;;;NONE;;NONE;;PASSENGER CAR;PICKUP;PASSENGER CAR;PASSENGER CAR;;NO;21097;2020-06-08;11:17 AM;2020-06-08T15:17:00+00:00;;2020;No;No;6;NONE;NONE,NONE;NONE,NONE;PASSENGER CAR,PICKUP;PASSENGER CAR,PICKUP,PASSENGER CAR;PASSENGER CAR,PICKUP,PASSENGER CAR,PASSENGER CAR;PASSENGER CAR,PICKUP,PASSENGER CAR,PASSENGER CAR
44729;.43 MILES FROM US 1 SB;NO SPECIAL FEATURE;STRAIGHT,LEVEL;US ROUTE;TWO-WAY,DIVIDED,POSITIVE MEDIAN BARRIER;SMOOTH ASPHALT;DRY;DAYLIGHT;CLEAR;NO CONTROL PRESENT;;;-78.7575;35.7654;;;0;0;1;;NONE;;NONE;;PASSENGER CAR;SINGLE UNIT TRUCK (2-AXLE- 6-TIRE);;;;NO;21102;2020-06-08;1:12:24 PM;2020-06-08T17:12:24+00:00;;2020;No;No;6;NONE;NONE,NONE;NONE,NONE;PASSENGER CAR,SINGLE UNIT TRUCK (2-AXLE- 6-TIRE);PASSENGER CAR,SINGLE UNIT TRUCK (2-AXLE- 6-TIRE);PASSENGER CAR,SINGLE UNIT TRUCK (2-AXLE- 6-TIRE);PASSENGER CAR,SINGLE UNIT TRUCK (2-AXLE- 6-TIRE)
44735;400 FEET FROM NC 54 HWY - CHAPEL HILL RD;NO SPECIAL FEATURE;STRAIGHT,GRADE;NC ROUTE;TWO-WAY,NOT DIVIDED;COARSE ASPHALT;DRY;DAYLIGHT;CLEAR;STOP AND GO SIGNAL;;;-78.81;35.8;;;0;0;;;NONE;;NONE;;SPORT UTILITY;PASSENGER CAR;;;;NO;21108;2020-06-09;2:18:29 PM;2020-06-09T18:18:29+00:00;;2020;No;No;6;NONE;NONE,NONE;NONE,NONE;SPORT UTILITY,PASSENGER CAR;SPORT UTILITY,PASSENGER CAR;SPORT UTILITY,PASSENGER CAR;SPORT UTILITY,PASSENGER CAR
44737;20 FEET FROM SR 1415 (SW MAYNARD RD);FOUR-WAY INTERSECTION;STRAIGHT,LEVEL;STATE SECONDARY ROUTE;TWO-WAY,DIVIDED,UNPROTECTED MEDIAN;SMOOTH ASPHALT;DRY;DARK - LIGHTED ROADWAY;CLEAR;STOP AND GO SIGNAL;;;-78.8047;35.7768;;;0;0;1;;NONE;;NONE;;PICKUP;PASSENGER CAR;;;;NO;21110;2020-06-04;10:38 PM;2020-06-05T02:38:00+00:00;;2020;No;No;6;NONE;NONE,NONE;NONE,NONE;PICKUP,PASSENGER CAR;PICKUP,PASSENGER CAR;PICKUP,PASSENGER CAR;PICKUP,PASSENGER CAR
44741;35 FEET FROM S HARRISON AV;RELATED TO INTERSECTION;STRAIGHT,GRADE;LOCAL STREET;TWO-WAY,NOT DIVIDED;COARSE ASPHALT;DRY;DAYLIGHT;CLEAR;STOP AND GO SIGNAL;35.784991989;-78.78336213;-78.783326;35.787076;P035;114;0;0;;;NONE;;NONE;;PASSENGER CAR;SPORT UTILITY;;;;NO;21114;2020-06-10;11:50 AM;2020-06-10T15:50:00+00:00;35.784991989, -78.78336213;2020;No;No;6;NONE;NONE,NONE;NONE,NONE;PASSENGER CAR,SPORT UTILITY;PASSENGER CAR,SPORT UTILITY;PASSENGER CAR,SPORT UTILITY;PASSENGER CAR,SPORT UTILITY
44744;CARY;OFF-RAMP PROPER;STRAIGHT,GRADE;US ROUTE;ONE-WAY,NOT DIVIDED;SMOOTH ASPHALT;DRY;DAYLIGHT;CLEAR;STOP AND GO SIGNAL;;;-78.7943;35.738;;;0;0;;;NONE;;NONE;;PICKUP;SPORT UTILITY;;;;NO;21117;2020-06-10;3:23:13 PM;2020-06-10T19:23:13+00:00;;2020;No;No;6;NONE;NONE,NONE;NONE,NONE;PICKUP,SPORT UTILITY;PICKUP,SPORT UTILITY;PICKUP,SPORT UTILITY;PICKUP,SPORT UTILITY
44745;426 FEET FROM MADISON AV;NO SPECIAL FEATURE;CURVE,LEVEL;LOCAL STREET;TWO-WAY,NOT DIVIDED;SMOOTH ASPHALT;DRY;DAYLIGHT;CLEAR;NO CONTROL PRESENT;35.790196314;-78.79789715;-78.7995;35.7912;P026;114;0;0;;;NONE;;NONE;;PASSENGER CAR;PASSENGER CAR;;;;NO;21118;2020-06-10;5:52:27 PM;2020-06-10T21:52:27+00:00;35.790196314, -78.79789715;2020;No;No;6;NONE;NONE,NONE;NONE,NONE;PASSENGER CAR,PASSENGER CAR;PASSENGER CAR,PASSENGER CAR;PASSENGER CAR,PASSENGER CAR;PASSENGER CAR,PASSENGER CAR
44752;15 FEET FROM SR 1009 (TRYON RD);FOUR-WAY INTERSECTION;STRAIGHT,HILLCREST;STATE SECONDARY ROUTE;TWO-WAY,DIVIDED,UNPROTECTED MEDIAN;SMOOTH ASPHALT;DRY;DAYLIGHT;CLEAR;STOP AND GO SIGNAL;;;-78.7793;35.74;;;0;0;1;;NONE;;NONE;;SPORT UTILITY;PASSENGER CAR;;;;NO;21125;2020-06-11;3:06:20 PM;2020-06-11T19:06:20+00:00;;2020;No;No;6;NONE;NONE,NONE;NONE,NONE;SPORT UTILITY,PASSENGER CAR;SPORT UTILITY,PASSENGER CAR;SPORT UTILITY,PASSENGER CAR;SPORT UTILITY,PASSENGER CAR
44753;100 FEET FROM P.V.A. 540 NEW WAVERLY PL;NO SPECIAL FEATURE;STRAIGHT,LEVEL;PUBLIC VEHICULAR AREA;TWO-WAY,NOT DIVIDED;SMOOTH ASPHALT;DRY;DAYLIGHT;CLEAR;NO CONTROL PRESENT;;;-78.7764;35.7371;;;0;0;;;NONE;;NONE;;SPORT UTILITY;PASSENGER CAR;;;;NO;21126;2020-06-11;4:28:15 PM;2020-06-11T20:28:15+00:00;;2020;No;No;6;NONE;NONE,NONE;NONE,NONE;SPORT UTILITY,PASSENGER CAR;SPORT UTILITY,PASSENGER CAR;SPORT UTILITY,PASSENGER CAR;SPORT UTILITY,PASSENGER CAR
44755;10 FEET FROM SR 3977 (SE CARY PARKWAY);FOUR-WAY INTERSECTION;STRAIGHT,LEVEL;STATE SECONDARY ROUTE;TWO-WAY,DIVIDED,UNPROTECTED MEDIAN;SMOOTH ASPHALT;WET;DARK - LIGHTED ROADWAY;RAIN;STOP AND GO SIGNAL;;;-78.7829;35.7579;;;0;0;;;NONE;;NONE;;SPORT UTILITY;PASSENGER CAR;;;;NO;21128;2020-06-11;10:01 PM;2020-06-12T02:01:00+00:00;;2020;No;No;6;NONE;NONE,NONE;NONE,NONE;SPORT UTILITY,PASSENGER CAR;SPORT UTILITY,PASSENGER CAR;SPORT UTILITY,PASSENGER CAR;SPORT UTILITY,PASSENGER CAR
44760;30 FEET FROM US 64;NO SPECIAL FEATURE;STRAIGHT,LEVEL;US ROUTE;TWO-WAY,DIVIDED,POSITIVE MEDIAN BARRIER;SMOOTH ASPHALT;DRY;DAYLIGHT;CLOUDY;NO CONTROL PRESENT;;;-78.7982;35.7389;;;0;0;;;NONE;;NONE;;PICKUP;PICKUP;;;;NO;21133;2020-06-11;10:27 AM;2020-06-11T14:27:00+00:00;;2020;No;No;6;NONE;NONE,NONE;NONE,NONE;PICKUP,PICKUP;PICKUP,PICKUP;PICKUP,PICKUP;PICKUP,PICKUP
44761;.1 MILES FROM US 64;NO SPECIAL FEATURE;STRAIGHT,LEVEL;US ROUTE;TWO-WAY,DIVIDED,POSITIVE MEDIAN BARRIER;SMOOTH ASPHALT;DRY;DAYLIGHT;CLEAR;NO CONTROL PRESENT;;;-78.7964;35.7383;;;0;0;1;;NONE;;NONE;;SPORT UTILITY;PASSENGER CAR;;;;NO;21134;2020-06-12;12:54 PM;2020-06-12T16:54:00+00:00;;2020;No;No;6;NONE;NONE,NONE;NONE,NONE;SPORT UTILITY,PASSENGER CAR;SPORT UTILITY,PASSENGER CAR;SPORT UTILITY,PASSENGER CAR;SPORT UTILITY,PASSENGER CAR
44782;0 FEET FROM SR 1415 (SE MAYNARD RD);T-INTERSECTION;STRAIGHT,LEVEL;STATE SECONDARY ROUTE;TWO-WAY,NOT DIVIDED;SMOOTH ASPHALT;DRY;DAYLIGHT;CLEAR;STOP SIGN;;;-78.7639;35.7881;;;0;0;1;;NONE;;NONE;;PASSENGER CAR;PASSENGER CAR;;;;NO;21155;2020-06-12;2:03:13 PM;2020-06-12T18:03:13+00:00;;2020;No;No;6;NONE;NONE,NONE;NONE,NONE;PASSENGER CAR,PASSENGER CAR;PASSENGER CAR,PASSENGER CAR;PASSENGER CAR,PASSENGER CAR;PASSENGER CAR,PASSENGER CAR
44785;1.55 MILES FROM US1 SB CARY;NO SPECIAL FEATURE;STRAIGHT,LEVEL;INTERSTATE;TWO-WAY,DIVIDED,POSITIVE MEDIAN BARRIER;SMOOTH ASPHALT;WET;DAYLIGHT;CLOUDY;NO CONTROL PRESENT;35.750307863;-78.76892208;-78.75;35.7596;P027;112;0;0;;;NONE;;NONE;;PASSENGER CAR;;;;;NO;21158;2020-06-15;9:08:21 AM;2020-06-15T13:08:21+00:00;35.750307863, -78.76892208;2020;No;No;6;NONE;NONE,NONE;NONE,NONE;PASSENGER CAR;PASSENGER CAR;PASSENGER CAR;PASSENGER CAR
44788;5 FEET FROM SR 1349 (DILLARD DR);RELATED TO INTERSECTION;STRAIGHT,LEVEL;STATE SECONDARY ROUTE;TWO-WAY,DIVIDED,UNPROTECTED MEDIAN;SMOOTH ASPHALT;WET;DAYLIGHT;RAIN;STOP AND GO SIGNAL;;;-78.7411;35.7557;;118;0;1;1;;;;NONE;;SPORT UTILITY;PASSENGER CAR;;;;NO;21161;2020-06-15;1:09:37 PM;2020-06-15T17:09:37+00:00;;2020;No;Yes;6;;NONE;NONE;SPORT UTILITY,PASSENGER CAR;SPORT UTILITY,PASSENGER CAR;SPORT UTILITY,PASSENGER CAR;SPORT UTILITY,PASSENGER CAR
44800;5 FEET FROM SR 1010 (TEN TEN RD);RELATED TO INTERSECTION;STRAIGHT,LEVEL;STATE SECONDARY ROUTE;TWO-WAY,NOT DIVIDED;SMOOTH ASPHALT;WET;DAYLIGHT;RAIN;STOP AND GO SIGNAL;;;-78.7723;35.6953;;;0;2;;;NONE;;NONE;;SPORT UTILITY;SPORT UTILITY;TRUCK/TRAILER;;;NO;21173;2020-06-16;9:01:42 AM;2020-06-16T13:01:42+00:00;;2020;No;Yes;6;NONE;NONE,NONE;NONE,NONE;SPORT UTILITY,SPORT UTILITY;SPORT UTILITY,SPORT UTILITY,TRUCK/TRAILER;SPORT UTILITY,SPORT UTILITY,TRUCK/TRAILER;SPORT UTILITY,SPORT UTILITY,TRUCK/TRAILER
44805;154 FEET FROM P.V.A. (WEE LOCH DR);NO SPECIAL FEATURE;STRAIGHT,LEVEL;PUBLIC VEHICULAR AREA;TWO-WAY,NOT DIVIDED;SMOOTH ASPHALT;WET;DAYLIGHT;CLOUDY;NO CONTROL PRESENT;;;-78.7822;35.7756;;;0;0;;;NONE;;NONE;;PASSENGER CAR;;;;;NO;21178;2020-06-16;7:23:59 PM;2020-06-16T23:23:59+00:00;;2020;No;No;6;NONE;NONE,NONE;NONE,NONE;PASSENGER CAR;PASSENGER CAR;PASSENGER CAR;PASSENGER CAR
44807;.1 MILES FROM US1 HWY;NO SPECIAL FEATURE;STRAIGHT,LEVEL;US ROUTE;TWO-WAY,DIVIDED,POSITIVE MEDIAN BARRIER;SMOOTH ASPHALT;DRY;DAYLIGHT;CLEAR;NO CONTROL PRESENT;;;-78.7359;35.7665;;112;0;0;;;NONE;;NONE;;PICKUP;PASSENGER CAR;;;;NO;21180;2020-06-10;10:49 AM;2020-06-10T14:49:00+00:00;;2020;No;No;6;NONE;NONE,NONE;NONE,NONE;PICKUP,PASSENGER CAR;PICKUP,PASSENGER CAR;PICKUP,PASSENGER CAR;PICKUP,PASSENGER CAR
44815;0 FEET FROM SR1313 (WALNUT ST);FOUR-WAY INTERSECTION;STRAIGHT,LEVEL;STATE SECONDARY ROUTE;TWO-WAY,DIVIDED,UNPROTECTED MEDIAN;SMOOTH ASPHALT;WET;DAYLIGHT;RAIN;STOP AND GO SIGNAL;;;-78.7619;35.7704;;;0;0;;;NONE;;NONE;;PICKUP;PASSENGER CAR;;;;NO;21188;2020-06-15;1:51:56 PM;2020-06-15T17:51:56+00:00;;2020;No;No;6;NONE;NONE,NONE;NONE,NONE;PICKUP,PASSENGER CAR;PICKUP,PASSENGER CAR;PICKUP,PASSENGER CAR;PICKUP,PASSENGER CAR
44817;100 FEET FROM ASHVILLE AVE;NO SPECIAL FEATURE;STRAIGHT,LEVEL;LOCAL STREET;TWO-WAY,NOT DIVIDED;SMOOTH ASPHALT;WET;DAYLIGHT;CLOUDY;NO CONTROL PRESENT;35.739210373;-78.78323407;-78.785038;35.73953;P044;115;0;0;;;NONE;;NONE;;PICKUP;LIGHT TRUCK (MINI-VAN- PANEL);;;;NO;21190;2020-06-17;11:46 AM;2020-06-17T15:46:00+00:00;35.739210373, -78.78323407;2020;No;No;6;NONE;NONE,NONE;NONE,NONE;PICKUP,LIGHT TRUCK (MINI-VAN- PANEL);PICKUP,LIGHT TRUCK (MINI-VAN- PANEL);PICKUP,LIGHT TRUCK (MINI-VAN- PANEL);PICKUP,LIGHT TRUCK (MINI-VAN- PANEL)