tamainid;location_description;rdfeature;rdcharacter;rdclass;rdconfigur;rdsurface;rdcondition;lightcond;weather;trafcontrl;lat;lon;lon2;lat2;tract;zone;fatality;possblinj;numpassengers;numpedestrians;contrcir1_desc;contrcir2_desc;contrcir3_desc;contrcir4_desc;vehicle1;vehicle2;vehicle3;vehicle4;vehicle5;workarea;records;ta_date;ta_time;crash_date;geo_location;year;fatalities;injuries;month;contrfact1;contrfact2;contributing_factor;vehicleconcat1;vehicleconcat2;vehicleconcat3;vehicle_type
44823;CARY;NO SPECIAL FEATURE;STRAIGHT,LEVEL;STATE SECONDARY ROUTE;TWO-WAY,DIVIDED,UNPROTECTED MEDIAN;SMOOTH ASPHALT;DRY;DAYLIGHT;CLEAR;STOP SIGN;;;-78.75123;35.753366;;;0;0;;;NONE;;NONE;;PICKUP;PASSENGER CAR;;;;NO;21196;2020-06-19;12:59 PM;2020-06-19T16:59:00+00:00;;2020;No;No;6;NONE;NONE,NONE;NONE,NONE;PICKUP,PASSENGER CAR;PICKUP,PASSENGER CAR;PICKUP,PASSENGER CAR;PICKUP,PASSENGER CAR
44824;499 FEET FROM P.V.A. 237 CROSSROADS BLVD;NO SPECIAL FEATURE;STRAIGHT,LEVEL;PUBLIC VEHICULAR AREA;TWO-WAY,NOT DIVIDED;COARSE ASPHALT;DRY;DAYLIGHT;CLEAR;NO CONTROL PRESENT;35.595749024;-78.78834502;-78.7389;35.7614;P119;RALW;0;0;;;NONE;;NONE;;PASSENGER CAR;SPORT UTILITY;;;;NO;21197;2020-06-18;12:01 PM;2020-06-18T16:01:00+00:00;35.595749024, -78.78834502;2020;No;No;6;NONE;NONE,NONE;NONE,NONE;PASSENGER CAR,SPORT UTILITY;PASSENGER CAR,SPORT UTILITY;PASSENGER CAR,SPORT UTILITY;PASSENGER CAR,SPORT UTILITY
44825;.22 MILES FROM SR1370(TRYON RD);NO SPECIAL FEATURE;STRAIGHT,LEVEL;STATE SECONDARY ROUTE;TWO-WAY,DIVIDED,UNPROTECTED MEDIAN;SMOOTH ASPHALT;DRY;DAYLIGHT;CLEAR;STOP AND GO SIGNAL;;;-78.794472;35.737904;;;0;0;1;;NONE;;NONE;;PASSENGER CAR;SPORT UTILITY;SPORT UTILITY;;;NO;21198;2020-06-18;1:51:07 PM;2020-06-18T17:51:07+00:00;;2020;No;No;6;NONE;NONE,NONE;NONE,NONE;PASSENGER CAR,SPORT UTILITY;PASSENGER CAR,SPORT UTILITY,SPORT UTILITY;PASSENGER CAR,SPORT UTILITY,SPORT UTILITY;PASSENGER CAR,SPORT UTILITY,SPORT UTILITY
44833;0.1 MILES FROM HOLLY SPRINGS RD (1152);NO SPECIAL FEATURE;STRAIGHT,LEVEL;STATE SECONDARY ROUTE;TWO-WAY,NOT DIVIDED;SMOOTH ASPHALT;DRY;DAYLIGHT;CLOUDY;NO CONTROL PRESENT;35.737211217;-78.74407383;-78.74;35.73;P046;118;0;1;;;NONE;;NONE;;PASSENGER CAR;PASSENGER CAR;;;;NO;21206;2020-06-19;6:23:55 PM;2020-06-19T22:23:55+00:00;35.737211217, -78.74407383;2020;No;Yes;6;NONE;NONE,NONE;NONE,NONE;PASSENGER CAR,PASSENGER CAR;PASSENGER CAR,PASSENGER CAR;PASSENGER CAR,PASSENGER CAR;PASSENGER CAR,PASSENGER CAR
44853;300 FEET FROM 837 DAVIDSON POINT RD;DRIVEWAY, PUBLIC;STRAIGHT,LEVEL;LOCAL STREET;TWO-WAY,NOT DIVIDED;SMOOTH ASPHALT;DRY;DAYLIGHT;CLEAR;NO CONTROL PRESENT;35.760447151;-78.6302219;-78.7661;35.7983;P119;RALW;0;0;;;NONE;;NONE;;SPORT UTILITY;SPORT UTILITY;;;;NO;21226;2020-06-21;1:12:30 PM;2020-06-21T17:12:30+00:00;35.760447151, -78.6302219;2020;No;No;6;NONE;NONE,NONE;NONE,NONE;SPORT UTILITY,SPORT UTILITY;SPORT UTILITY,SPORT UTILITY;SPORT UTILITY,SPORT UTILITY;SPORT UTILITY,SPORT UTILITY
44857;175 FEET FROM P.V.A. 1701 N HARRISON AV;NO SPECIAL FEATURE;STRAIGHT,LEVEL;PUBLIC VEHICULAR AREA;TWO-WAY,NOT DIVIDED;SMOOTH ASPHALT;DRY;DAYLIGHT;CLEAR;NO CONTROL PRESENT;;;-78.7709;35.829;;;0;0;2;;;;NONE;;SPORT UTILITY;PASSENGER CAR;;;;NO;21230;2020-06-23;2:18:55 PM;2020-06-23T18:18:55+00:00;;2020;No;No;6;;NONE;NONE;SPORT UTILITY,PASSENGER CAR;SPORT UTILITY,PASSENGER CAR;SPORT UTILITY,PASSENGER CAR;SPORT UTILITY,PASSENGER CAR
44866;.1 MILES FROM P.V.A. 151 MIDDLE CREEK PARK A;NO SPECIAL FEATURE;STRAIGHT,LEVEL;PUBLIC VEHICULAR AREA;TWO-WAY,NOT DIVIDED;SMOOTH ASPHALT;DRY;DAYLIGHT;CLEAR;NO CONTROL PRESENT;;;-78.7639;35.6664;;;0;0;;;NONE;;NONE;;PASSENGER CAR;PASSENGER CAR;;;;NO;21239;2020-06-23;7:38:59 PM;2020-06-23T23:38:59+00:00;;2020;No;No;6;NONE;NONE,NONE;NONE,NONE;PASSENGER CAR,PASSENGER CAR;PASSENGER CAR,PASSENGER CAR;PASSENGER CAR,PASSENGER CAR;PASSENGER CAR,PASSENGER CAR
44872;.23 MILES FROM US 1 HWY N;NO SPECIAL FEATURE;STRAIGHT,LEVEL;US ROUTE;TWO-WAY,DIVIDED,POSITIVE MEDIAN BARRIER;SMOOTH ASPHALT;DRY;DARK - LIGHTED ROADWAY;CLEAR;NO CONTROL PRESENT;;;-78.768169;35.750449;;;0;0;2;;NONE;;NONE;;PASSENGER CAR;UNKNOWN;;;;NO;21245;2020-06-23;9:16:14 AM;2020-06-23T13:16:14+00:00;;2020;No;No;6;NONE;NONE,NONE;NONE,NONE;PASSENGER CAR,UNKNOWN;PASSENGER CAR,UNKNOWN;PASSENGER CAR,UNKNOWN;PASSENGER CAR,UNKNOWN
44873;195 FEET FROM AVERY CIR;NO SPECIAL FEATURE;STRAIGHT,LEVEL;LOCAL STREET;TWO-WAY,NOT DIVIDED;SMOOTH ASPHALT;DRY;DAYLIGHT;CLEAR;NO CONTROL PRESENT;35.778275985;-78.78351878;-78.784015;35.777939;P036;114;0;0;2;;NONE;;NONE;;PASSENGER CAR;PICKUP;;;;NO;21246;2020-06-24;10:37 AM;2020-06-24T14:37:00+00:00;35.778275985, -78.78351878;2020;No;No;6;NONE;NONE,NONE;NONE,NONE;PASSENGER CAR,PICKUP;PASSENGER CAR,PICKUP;PASSENGER CAR,PICKUP;PASSENGER CAR,PICKUP
44874;10 FEET FROM S.R.1628(OKELLY CHAPEL RD);NO SPECIAL FEATURE;STRAIGHT,LEVEL;STATE SECONDARY ROUTE;TWO-WAY,NOT DIVIDED;SMOOTH ASPHALT;DRY;DAYLIGHT;CLEAR;STOP AND GO SIGNAL;35.90051895;-78.95746534;-78.9;35.8422;;119;0;0;;;NONE;;NONE;;PASSENGER CAR;SPORT UTILITY;;;;NO;21247;2020-06-25;5:42:29 PM;2020-06-25T21:42:29+00:00;35.90051895, -78.95746534;2020;No;No;6;NONE;NONE,NONE;NONE,NONE;PASSENGER CAR,SPORT UTILITY;PASSENGER CAR,SPORT UTILITY;PASSENGER CAR,SPORT UTILITY;PASSENGER CAR,SPORT UTILITY
44898;10 FEET FROM SR 1011 (W CHATHAM ST);FOUR-WAY INTERSECTION;STRAIGHT,LEVEL;STATE SECONDARY ROUTE;TWO-WAY,NOT DIVIDED;SMOOTH ASPHALT;DRY;DAYLIGHT;CLEAR;STOP AND GO SIGNAL;;;-78.8013;35.776;;;0;0;1;;;;NONE;;PICKUP;SPORT UTILITY;;;;NO;21271;2020-06-26;4:23:28 PM;2020-06-26T20:23:28+00:00;;2020;No;No;6;;NONE;NONE;PICKUP,SPORT UTILITY;PICKUP,SPORT UTILITY;PICKUP,SPORT UTILITY;PICKUP,SPORT UTILITY
44902;50 FEET FROM NC 55 HWY;NO SPECIAL FEATURE;STRAIGHT,LEVEL;NC ROUTE;TWO-WAY,DIVIDED,UNPROTECTED MEDIAN;SMOOTH ASPHALT;DRY;DAYLIGHT;CLEAR;STOP AND GO SIGNAL;35.787741693;-78.8708349;-78.8707;35.787;P118;117;0;1;1;;;;NONE;;PASSENGER CAR;PASSENGER CAR;SPORT UTILITY;PASSENGER CAR;PASSENGER CAR;NO;21275;2020-06-27;4:46:30 PM;2020-06-27T20:46:30+00:00;35.787741693, -78.8708349;2020;No;Yes;6;;NONE;NONE;PASSENGER CAR,PASSENGER CAR;PASSENGER CAR,PASSENGER CAR,SPORT UTILITY;PASSENGER CAR,PASSENGER CAR,SPORT UTILITY,PASSENGER CAR;PASSENGER CAR,PASSENGER CAR,SPORT UTILITY,PASSENGER CAR,PASSENGER CAR
44903;0 FEET FROM S.R. 1313 (WALNUT ST);FOUR-WAY INTERSECTION;STRAIGHT,LEVEL;STATE SECONDARY ROUTE;TWO-WAY,DIVIDED,POSITIVE MEDIAN BARRIER;SMOOTH ASPHALT;DRY;DAYLIGHT;CLEAR;STOP AND GO SIGNAL;;;-78.7412;35.7558;;;0;0;;;NONE;;NONE;;PASSENGER CAR;PASSENGER CAR;;;;NO;21276;2020-06-29;7:55:49 AM;2020-06-29T11:55:49+00:00;;2020;No;No;6;NONE;NONE,NONE;NONE,NONE;PASSENGER CAR,PASSENGER CAR;PASSENGER CAR,PASSENGER CAR;PASSENGER CAR,PASSENGER CAR;PASSENGER CAR,PASSENGER CAR
44910;.138 MILES FROM SR 1313 (WALNUT ST);NO SPECIAL FEATURE;STRAIGHT,LEVEL;STATE SECONDARY ROUTE;TWO-WAY,NOT DIVIDED;SMOOTH ASPHALT;DRY;DAYLIGHT;CLEAR;FLASHING STOP AND GO SIGNAL;;;-78.7482;35.7629;;;0;0;;;NONE;;NONE;;PASSENGER CAR;PASSENGER CAR;;;;NO;21283;2020-06-29;3:41:50 PM;2020-06-29T19:41:50+00:00;;2020;No;No;6;NONE;NONE,NONE;NONE,NONE;PASSENGER CAR,PASSENGER CAR;PASSENGER CAR,PASSENGER CAR;PASSENGER CAR,PASSENGER CAR;PASSENGER CAR,PASSENGER CAR
44920;10 FEET FROM SR 1415 (SW MAYNARD RD);NO SPECIAL FEATURE;STRAIGHT,LEVEL;STATE SECONDARY ROUTE;TWO-WAY,DIVIDED,POSITIVE MEDIAN BARRIER;SMOOTH ASPHALT;DRY;DAYLIGHT;CLEAR;STOP AND GO SIGNAL;;;-78.782027;35.771176;;;0;0;;;NONE;;NONE;;PASSENGER CAR;SPORT UTILITY;;;;NO;21293;2020-07-01;10:22 AM;2020-07-01T14:22:00+00:00;;2020;No;No;7;NONE;NONE,NONE;NONE,NONE;PASSENGER CAR,SPORT UTILITY;PASSENGER CAR,SPORT UTILITY;PASSENGER CAR,SPORT UTILITY;PASSENGER CAR,SPORT UTILITY
44921;.5 MILES FROM US 1;NO SPECIAL FEATURE;STRAIGHT,LEVEL;US ROUTE;TWO-WAY,DIVIDED,POSITIVE MEDIAN BARRIER;SMOOTH ASPHALT;DRY;DAYLIGHT;CLEAR;NO CONTROL PRESENT;;;-78.754;35.7579;;;0;0;;;NONE;;NONE;;PASSENGER CAR;PASSENGER CAR;;;;NO;21294;2020-07-01;3:58:22 PM;2020-07-01T19:58:22+00:00;;2020;No;No;7;NONE;NONE,NONE;NONE,NONE;PASSENGER CAR,PASSENGER CAR;PASSENGER CAR,PASSENGER CAR;PASSENGER CAR,PASSENGER CAR;PASSENGER CAR,PASSENGER CAR
44922;1.29 MILES FROM US 1 HWY;NO SPECIAL FEATURE;STRAIGHT,LEVEL;US ROUTE;ONE-WAY,NOT DIVIDED;SMOOTH ASPHALT;DRY;DAYLIGHT;CLOUDY;NO CONTROL PRESENT;;;-78.764833;35.752416;;112;0;0;;;NONE;;NONE;;SPORT UTILITY;PASSENGER CAR;;;;NO;21295;2020-07-01;2:03:10 PM;2020-07-01T18:03:10+00:00;;2020;No;No;7;NONE;NONE,NONE;NONE,NONE;SPORT UTILITY,PASSENGER CAR;SPORT UTILITY,PASSENGER CAR;SPORT UTILITY,PASSENGER CAR;SPORT UTILITY,PASSENGER CAR
44929;0 FEET FROM P.V.A. (COLONADES WAY);NO SPECIAL FEATURE;STRAIGHT,GRADE;PUBLIC VEHICULAR AREA;TWO-WAY,DIVIDED,POSITIVE MEDIAN BARRIER;COARSE ASPHALT;DRY;DAYLIGHT;CLEAR;STOP SIGN;;;-78.779234;35.738324;;;0;0;1;;NONE;;NONE;;PASSENGER CAR;PASSENGER CAR;;;;NO;21302;2020-07-01;12:26 PM;2020-07-01T16:26:00+00:00;;2020;No;No;7;NONE;NONE,NONE;NONE,NONE;PASSENGER CAR,PASSENGER CAR;PASSENGER CAR,PASSENGER CAR;PASSENGER CAR,PASSENGER CAR;PASSENGER CAR,PASSENGER CAR
44934;CARY;FOUR-WAY INTERSECTION;STRAIGHT,LEVEL;STATE SECONDARY ROUTE;TWO-WAY,DIVIDED,UNPROTECTED MEDIAN;SMOOTH ASPHALT;DRY;DAYLIGHT;CLEAR;STOP AND GO SIGNAL;;;-78.764156;35.775847;;120;0;2;;;;;NONE;;SPORT UTILITY;SPORT UTILITY;;;;NO;21307;2020-07-02;5:11:29 PM;2020-07-02T21:11:29+00:00;;2020;No;Yes;7;;NONE;NONE;SPORT UTILITY,SPORT UTILITY;SPORT UTILITY,SPORT UTILITY;SPORT UTILITY,SPORT UTILITY;SPORT UTILITY,SPORT UTILITY
44935;20 FEET FROM SR1621 GREEN HOPE SCHOOL RD;NO SPECIAL FEATURE;STRAIGHT,LEVEL;STATE SECONDARY ROUTE;TWO-WAY,NOT DIVIDED;SMOOTH ASPHALT;DRY;DAYLIGHT;CLEAR;NO CONTROL PRESENT;;;-78.89267;35.801677;;;0;0;;;NONE;;NONE;;SPORT UTILITY;;;;;NO;21308;2020-07-01;5:56:57 AM;2020-07-01T09:56:57+00:00;;2020;No;No;7;NONE;NONE,NONE;NONE,NONE;SPORT UTILITY;SPORT UTILITY;SPORT UTILITY;SPORT UTILITY
44954;70 FEET FROM P.V.A. (1751 WALNUT ST);NO SPECIAL FEATURE;STRAIGHT,HILLCREST;PUBLIC VEHICULAR AREA;TWO-WAY,NOT DIVIDED;COARSE ASPHALT;DRY;DAYLIGHT;CLOUDY;STOP SIGN;;;-78.745771;35.762908;;112;0;0;1;;;;NONE;;PICKUP;SPORT UTILITY;;;;NO;21327;2020-07-05;4:49:50 PM;2020-07-05T20:49:50+00:00;;2020;No;No;7;;NONE;NONE;PICKUP,SPORT UTILITY;PICKUP,SPORT UTILITY;PICKUP,SPORT UTILITY;PICKUP,SPORT UTILITY
44955;.16 MILES FROM SR 3081 (CHAPEL HILL RD);;;;;;;;;;;;;;;;0;0;;;;;;;;;;;;;21328;2020-06-26;9:05:49 PM;2020-06-27T01:05:49+00:00;;2020;No;No;6;;;;;;;
44956;.25 MILES FROM 275 CONVENTION DR;NO SPECIAL FEATURE;STRAIGHT,LEVEL;PUBLIC VEHICULAR AREA;TWO-WAY,NOT DIVIDED;SMOOTH ASPHALT;DRY;DAYLIGHT;CLEAR;STOP SIGN;35.775390952;-78.75701973;-78.756243;35.775394;P121;120;0;0;;;NONE;;NONE;;PASSENGER CAR;PASSENGER CAR;;;;NO;21329;2020-07-06;6:59:26 AM;2020-07-06T10:59:26+00:00;35.775390952, -78.75701973;2020;No;No;7;NONE;NONE,NONE;NONE,NONE;PASSENGER CAR,PASSENGER CAR;PASSENGER CAR,PASSENGER CAR;PASSENGER CAR,PASSENGER CAR;PASSENGER CAR,PASSENGER CAR
44957;400 FEET FROM 1900 OLD REEDY CREEK RD;NO SPECIAL FEATURE;STRAIGHT,LEVEL;LOCAL STREET;TWO-WAY,NOT DIVIDED;SMOOTH ASPHALT;DRY;DAYLIGHT;CLEAR;NO CONTROL PRESENT;35.834347122;-78.78072067;-78.78;35.836;P021;111;0;0;;;UNKNOWN;;NONE;;PICKUP;;;;;NO;21330;2020-07-02;10:36 AM;2020-07-02T14:36:00+00:00;35.834347122, -78.78072067;2020;No;No;7;UNKNOWN;UNKNOWN,NONE;UNKNOWN,NONE;PICKUP;PICKUP;PICKUP;PICKUP
44962;150 FEET FROM MEETING ST;FOUR-WAY INTERSECTION;STRAIGHT,LEVEL;LOCAL STREET;TWO-WAY,NOT DIVIDED;SMOOTH ASPHALT;DRY;DARK - LIGHTED ROADWAY;CLEAR;STOP AND GO SIGNAL;;;-78.741477;35.759452;;118;0;0;4;;NONE;;NONE;;PASSENGER CAR;PASSENGER CAR;;;;NO;21335;2020-07-05;11:34 PM;2020-07-06T03:34:00+00:00;;2020;No;No;7;NONE;NONE,NONE;NONE,NONE;PASSENGER CAR,PASSENGER CAR;PASSENGER CAR,PASSENGER CAR;PASSENGER CAR,PASSENGER CAR;PASSENGER CAR,PASSENGER CAR
44976;700 FEET FROM SR 1011 (W CHATHAM ST);RELATED TO INTERSECTION;STRAIGHT,GRADE;STATE SECONDARY ROUTE;TWO-WAY,NOT DIVIDED;SMOOTH ASPHALT;DRY;DAYLIGHT;CLOUDY;STOP AND GO SIGNAL;;;-78.7873;35.7854;;;0;0;;;NONE;;NONE;;PASSENGER CAR;SPORT UTILITY;;;;NO;21349;2020-07-08;6:00:26 PM;2020-07-08T22:00:26+00:00;;2020;No;No;7;NONE;NONE,NONE;NONE,NONE;PASSENGER CAR,SPORT UTILITY;PASSENGER CAR,SPORT UTILITY;PASSENGER CAR,SPORT UTILITY;PASSENGER CAR,SPORT UTILITY
44981;317 FEET FROM SR 1415 (SE MAYNARD RD);RELATED TO INTERSECTION;STRAIGHT,LEVEL;STATE SECONDARY ROUTE;TWO-WAY,NOT DIVIDED;SMOOTH ASPHALT;WET;DAYLIGHT;RAIN;STOP AND GO SIGNAL;;;-78.7641;35.7768;;120;0;0;;;NONE;;NONE;;PASSENGER CAR;;;;;NO;21354;2020-07-08;5:13:06 PM;2020-07-08T21:13:06+00:00;;2020;No;No;7;NONE;NONE,NONE;NONE,NONE;PASSENGER CAR;PASSENGER CAR;PASSENGER CAR;PASSENGER CAR
44982;0 FEET FROM SR 1011 (E CHATHAM ST);T-INTERSECTION;STRAIGHT,GRADE;STATE SECONDARY ROUTE;TWO-WAY,DIVIDED,UNPROTECTED MEDIAN;SMOOTH ASPHALT;DRY;DAYLIGHT;CLEAR;NO CONTROL PRESENT;;;-78.750356;35.789947;;120;0;0;;;;;NONE;;PASSENGER CAR;PASSENGER CAR;;;;NO;21355;2020-07-08;11:10 AM;2020-07-08T15:10:00+00:00;;2020;No;No;7;;NONE;NONE;PASSENGER CAR,PASSENGER CAR;PASSENGER CAR,PASSENGER CAR;PASSENGER CAR,PASSENGER CAR;PASSENGER CAR,PASSENGER CAR
44983;0 MILES FROM SR 1300 (KILDAIRE FARM RD);NO SPECIAL FEATURE;STRAIGHT,GRADE;STATE SECONDARY ROUTE;TWO-WAY,DIVIDED,UNPROTECTED MEDIAN;COARSE ASPHALT;DRY;DAYLIGHT;CLEAR;NO CONTROL PRESENT;;;-78.794561;35.704224;;;0;0;;;NONE;;NONE;;PASSENGER CAR;PASSENGER CAR;;;;NO;21356;2020-07-09;4:58:47 PM;2020-07-09T20:58:47+00:00;;2020;No;No;7;NONE;NONE,NONE;NONE,NONE;PASSENGER CAR,PASSENGER CAR;PASSENGER CAR,PASSENGER CAR;PASSENGER CAR,PASSENGER CAR;PASSENGER CAR,PASSENGER CAR
44984;CARY;NO SPECIAL FEATURE;STRAIGHT,GRADE;LOCAL STREET;TWO-WAY,NOT DIVIDED;SMOOTH ASPHALT;DRY;DARK - LIGHTED ROADWAY;CLEAR;STOP SIGN;;;-78.76368;35.78812;;;0;0;;;NONE;;NONE;;PASSENGER CAR;;;;;NO;21357;2020-07-10;2:15:50 AM;2020-07-10T06:15:50+00:00;;2020;No;No;7;NONE;NONE,NONE;NONE,NONE;PASSENGER CAR;PASSENGER CAR;PASSENGER CAR;PASSENGER CAR
44986;CARY;FOUR-WAY INTERSECTION;STRAIGHT,LEVEL;LOCAL STREET;TWO-WAY,NOT DIVIDED;SMOOTH ASPHALT;DRY;DAYLIGHT;CLEAR;STOP SIGN;35.775048104;-78.78972338;-78.7897;35.775;P036;114;0;0;;;NONE;;NONE;;PASSENGER CAR;PASSENGER CAR;;;;NO;21359;2020-07-09;4:17:20 PM;2020-07-09T20:17:20+00:00;35.775048104, -78.78972338;2020;No;No;7;NONE;NONE,NONE;NONE,NONE;PASSENGER CAR,PASSENGER CAR;PASSENGER CAR,PASSENGER CAR;PASSENGER CAR,PASSENGER CAR;PASSENGER CAR,PASSENGER CAR
44989;0 FEET FROM US 1 OFF RAMP;OFF-RAMP TERMINAL ON CROSSROAD;CURVE,GRADE;US ROUTE;TWO-WAY,DIVIDED,UNPROTECTED MEDIAN;SMOOTH ASPHALT;DRY;DAYLIGHT;CLEAR;STOP AND GO SIGNAL;;;-78.7946;35.7379;;;0;0;;;;;NONE;;PASSENGER CAR;PASSENGER CAR;;;;NO;21362;2020-07-09;1:16:42 PM;2020-07-09T17:16:42+00:00;;2020;No;No;7;;NONE;NONE;PASSENGER CAR,PASSENGER CAR;PASSENGER CAR,PASSENGER CAR;PASSENGER CAR,PASSENGER CAR;PASSENGER CAR,PASSENGER CAR
44990;170 FEET FROM P.V.A. (A1 SALON);NO SPECIAL FEATURE;STRAIGHT,LEVEL;PUBLIC VEHICULAR AREA;TWO-WAY,NOT DIVIDED;SMOOTH ASPHALT;DRY;DAYLIGHT;CLEAR;NO CONTROL PRESENT;;;-76.8283;;;117;0;0;;;;;NONE;;PASSENGER CAR;SPORT UTILITY;;;;NO;21363;2020-07-09;2:28:51 PM;2020-07-09T18:28:51+00:00;;2020;No;No;7;;NONE;NONE;PASSENGER CAR,SPORT UTILITY;PASSENGER CAR,SPORT UTILITY;PASSENGER CAR,SPORT UTILITY;PASSENGER CAR,SPORT UTILITY
44994;60 FEET FROM WAKEHURST DR;NO SPECIAL FEATURE;CURVE,LEVEL;LOCAL STREET;TWO-WAY,NOT DIVIDED;SMOOTH ASPHALT;DRY;DAYLIGHT;CLEAR;NO CONTROL PRESENT;35.769145713;-78.8596829;;;P071;117;0;0;;;NONE;;NONE;;PICKUP;;;;;NO;21367;2020-07-10;8:17:43 PM;2020-07-11T00:17:43+00:00;35.769145713, -78.8596829;2020;No;No;7;NONE;NONE,NONE;NONE,NONE;PICKUP;PICKUP;PICKUP;PICKUP
44996;41 FEET FROM PVA (1299 KILDAIRE FARM RD);NO SPECIAL FEATURE;STRAIGHT,LEVEL;PUBLIC VEHICULAR AREA;UNKNOWN;SMOOTH ASPHALT;DRY;DAYLIGHT;CLEAR;NO CONTROL PRESENT;;;-78.7832;35.7623;;;0;0;;;NONE;;NONE;;PASSENGER CAR;SPORT UTILITY;;;;NO;21369;2020-07-09;2:47:26 PM;2020-07-09T18:47:26+00:00;;2020;No;No;7;NONE;NONE,NONE;NONE,NONE;PASSENGER CAR,SPORT UTILITY;PASSENGER CAR,SPORT UTILITY;PASSENGER CAR,SPORT UTILITY;PASSENGER CAR,SPORT UTILITY
45001;35 FEET FROM P.V.A. (1307 BUCK JONES RD);NO SPECIAL FEATURE;STRAIGHT,HILLCREST;PUBLIC VEHICULAR AREA;TWO-WAY,NOT DIVIDED;COARSE ASPHALT;DRY;DAYLIGHT;CLEAR;NO CONTROL PRESENT;;;-78.7429;35.7648;;112;0;0;;;;;NONE;;PICKUP;PASSENGER CAR;;;;NO;21374;2020-07-11;11:07 AM;2020-07-11T15:07:00+00:00;;2020;No;No;7;;NONE;NONE;PICKUP,PASSENGER CAR;PICKUP,PASSENGER CAR;PICKUP,PASSENGER CAR;PICKUP,PASSENGER CAR
45002;CARY;FOUR-WAY INTERSECTION;STRAIGHT,LEVEL;NC ROUTE;TWO-WAY,NOT DIVIDED;SMOOTH ASPHALT;DRY;DAYLIGHT;CLEAR;STOP AND GO SIGNAL;;;-78.7961;35.7987;;;0;1;1;;;;NONE;;SPORT UTILITY;SPORT UTILITY;;;;NO;21375;2020-07-04;12:01 PM;2020-07-04T16:01:00+00:00;;2020;No;Yes;7;;NONE;NONE;SPORT UTILITY,SPORT UTILITY;SPORT UTILITY,SPORT UTILITY;SPORT UTILITY,SPORT UTILITY;SPORT UTILITY,SPORT UTILITY
45009;200 FEET FROM SR 3977 (SE CARY PKWY);RELATED TO INTERSECTION;STRAIGHT,LEVEL;STATE SECONDARY ROUTE;TWO-WAY,DIVIDED,UNPROTECTED MEDIAN;SMOOTH ASPHALT;DRY;DAYLIGHT;CLEAR;STOP AND GO SIGNAL;;;-78.782912;35.757959;;112;0;0;1;;NONE;;NONE;;PASSENGER CAR;PASSENGER CAR;;;;NO;21381;2020-07-12;3:13:26 AM;2020-07-12T07:13:26+00:00;;2020;No;No;7;NONE;NONE,NONE;NONE,NONE;PASSENGER CAR,PASSENGER CAR;PASSENGER CAR,PASSENGER CAR;PASSENGER CAR,PASSENGER CAR;PASSENGER CAR,PASSENGER CAR
45011;250 FEET FROM SR-1009 TRYON RD;NO SPECIAL FEATURE;STRAIGHT,GRADE;STATE SECONDARY ROUTE;TWO-WAY,DIVIDED,UNPROTECTED MEDIAN;SMOOTH ASPHALT;DRY;DAYLIGHT;CLEAR;NO CONTROL PRESENT;;;-78.7842;35.7379;;;0;0;1;;NONE;;NONE;;PASSENGER CAR;SPORT UTILITY;;;;NO;21383;2020-07-12;8:54:39 PM;2020-07-13T00:54:39+00:00;;2020;No;No;7;NONE;NONE,NONE;NONE,NONE;PASSENGER CAR,SPORT UTILITY;PASSENGER CAR,SPORT UTILITY;PASSENGER CAR,SPORT UTILITY;PASSENGER CAR,SPORT UTILITY
45018;50 FEET FROM HENDERSON RD;NO SPECIAL FEATURE;STRAIGHT,LEVEL;LOCAL STREET;TWO-WAY,NOT DIVIDED;SMOOTH ASPHALT;DRY;DARK - LIGHTED ROADWAY;CLEAR;NO CONTROL PRESENT;35.664491892;-78.75160461;-78.751665;35.664319;P051;116;0;0;;;;;NONE;;PASSENGER CAR;;;;;NO;21390;2020-07-08;6:35:21 AM;2020-07-08T10:35:21+00:00;35.664491892, -78.75160461;2020;No;No;7;;NONE;NONE;PASSENGER CAR;PASSENGER CAR;PASSENGER CAR;PASSENGER CAR
45030;100 FEET FROM CHAPEL HILL RD;NO SPECIAL FEATURE;STRAIGHT,LEVEL;STATE SECONDARY ROUTE;TWO-WAY,DIVIDED,UNPROTECTED MEDIAN;SMOOTH ASPHALT;DRY;DARK - ROADWAY NOT LIGHTED;CLEAR;NO CONTROL PRESENT;35.793740329;-78.76900834;-78.773373;35.792557;P033;113;0;0;;;NONE;;NONE;;PASSENGER CAR;;;;;NO;21402;2020-07-15;2:26:10 AM;2020-07-15T06:26:10+00:00;35.793740329, -78.76900834;2020;No;No;7;NONE;NONE,NONE;NONE,NONE;PASSENGER CAR;PASSENGER CAR;PASSENGER CAR;PASSENGER CAR
45031;200 FEET FROM 200 WELLESLEY TRADE LN;NO SPECIAL FEATURE;STRAIGHT,LEVEL;PUBLIC VEHICULAR AREA;ONE-WAY,NOT DIVIDED;CONCRETE;DRY;DAYLIGHT;CLEAR;NO CONTROL PRESENT;35.789896057;-78.87064432;-78.871253;35.789614;P077;122;0;0;;;NONE;;NONE;;UNKNOWN;PASSENGER CAR;;;;NO;21403;2020-07-15;11:22 AM;2020-07-15T15:22:00+00:00;35.789896057, -78.87064432;2020;No;No;7;NONE;NONE,NONE;NONE,NONE;UNKNOWN,PASSENGER CAR;UNKNOWN,PASSENGER CAR;UNKNOWN,PASSENGER CAR;UNKNOWN,PASSENGER CAR