tamainid;location_description;rdfeature;rdcharacter;rdclass;rdconfigur;rdsurface;rdcondition;lightcond;weather;trafcontrl;lat;lon;lon2;lat2;tract;zone;fatality;possblinj;numpassengers;numpedestrians;contrcir1_desc;contrcir2_desc;contrcir3_desc;contrcir4_desc;vehicle1;vehicle2;vehicle3;vehicle4;vehicle5;workarea;records;ta_date;ta_time;crash_date;geo_location;year;fatalities;injuries;month;contrfact1;contrfact2;contributing_factor;vehicleconcat1;vehicleconcat2;vehicleconcat3;vehicle_type
45853;CARY;NO SPECIAL FEATURE;STRAIGHT,LEVEL;US ROUTE;TWO-WAY,DIVIDED,UNPROTECTED MEDIAN;SMOOTH ASPHALT;DRY;DAYLIGHT;CLEAR;NO CONTROL PRESENT;35.740944051;-78.78580861;-78.7978;35.7346;P042;115;0;0;;;NONE;;NONE;;SINGLE UNIT TRUCK (2-AXLE- 6-TIRE);SPORT UTILITY;;;;NO;22225;2020-10-15;5:18:35 PM;2020-10-15T21:18:35+00:00;35.740944051, -78.78580861;2020;No;No;10;NONE;NONE,NONE;NONE,NONE;SINGLE UNIT TRUCK (2-AXLE- 6-TIRE),SPORT UTILITY;SINGLE UNIT TRUCK (2-AXLE- 6-TIRE),SPORT UTILITY;SINGLE UNIT TRUCK (2-AXLE- 6-TIRE),SPORT UTILITY;SINGLE UNIT TRUCK (2-AXLE- 6-TIRE),SPORT UTILITY
45855;20 FEET FROM YMCA DR;NO SPECIAL FEATURE;STRAIGHT,LEVEL;STATE SECONDARY ROUTE;TWO-WAY,NOT DIVIDED;SMOOTH ASPHALT;DRY;DAYLIGHT;CLEAR;STOP SIGN;;;-78.8349;35.7761;;;0;0;;;NONE;;NONE;;VAN;;;;;NO;22227;2020-10-23;1:18:47 PM;2020-10-23T17:18:47+00:00;;2020;No;No;10;NONE;NONE,NONE;NONE,NONE;VAN;VAN;VAN;VAN
45859;300 FEET FROM P.V.A. 624 KEY WEST MEWS;NO SPECIAL FEATURE;STRAIGHT,GRADE;PUBLIC VEHICULAR AREA;TWO-WAY,NOT DIVIDED;SMOOTH ASPHALT;DRY;DAYLIGHT;CLEAR;NO CONTROL PRESENT;;;-78.773957;35.801309;;;0;0;;;NONE;;NONE;;SPORT UTILITY;SPORT UTILITY;PICKUP;;;NO;22231;2020-10-23;4:58:50 PM;2020-10-23T20:58:50+00:00;;2020;No;No;10;NONE;NONE,NONE;NONE,NONE;SPORT UTILITY,SPORT UTILITY;SPORT UTILITY,SPORT UTILITY,PICKUP;SPORT UTILITY,SPORT UTILITY,PICKUP;SPORT UTILITY,SPORT UTILITY,PICKUP
45870;20 FEET FROM P.V.A (THRIFT 2 GIFT);NO SPECIAL FEATURE;STRAIGHT,GRADE;PUBLIC VEHICULAR AREA;TWO-WAY,NOT DIVIDED;SMOOTH ASPHALT;DRY;DAYLIGHT;CLEAR;NO CONTROL PRESENT;35.601953675;-78.79930456;-78.756;35.79;P119;RALW;0;0;1;;NONE;;NONE;;PICKUP;PASSENGER CAR;;;;NO;22242;2020-10-26;9:44:09 PM;2020-10-27T01:44:09+00:00;35.601953675, -78.79930456;2020;No;No;10;NONE;NONE,NONE;NONE,NONE;PICKUP,PASSENGER CAR;PICKUP,PASSENGER CAR;PICKUP,PASSENGER CAR;PICKUP,PASSENGER CAR
45874;125 FEET FROM NC-54 (CHAPEL HILL RD);NO SPECIAL FEATURE;STRAIGHT,LEVEL;NC ROUTE;TWO-WAY,NOT DIVIDED;SMOOTH ASPHALT;DRY;DAYLIGHT;CLEAR;NO CONTROL PRESENT;;;-78.807311;35.805136;;;0;0;1;;NONE;;NONE;;PASSENGER CAR;PASSENGER CAR;;;;NO;22246;2020-10-26;5:30:42 PM;2020-10-26T21:30:42+00:00;;2020;No;No;10;NONE;NONE,NONE;NONE,NONE;PASSENGER CAR,PASSENGER CAR;PASSENGER CAR,PASSENGER CAR;PASSENGER CAR,PASSENGER CAR;PASSENGER CAR,PASSENGER CAR
45880;100 FEET FROM PVA OF 1611 WALNUT ST;NO SPECIAL FEATURE;STRAIGHT,LEVEL;PUBLIC VEHICULAR AREA;TWO-WAY,NOT DIVIDED;SMOOTH ASPHALT;DRY;DARK - LIGHTED ROADWAY;CLEAR;NO CONTROL PRESENT;;;-78.74707;35.76382;;112;0;0;;;NONE;;NONE;;PASSENGER CAR;PASSENGER CAR;;;;NO;22252;2020-10-27;10:19 PM;2020-10-28T02:19:00+00:00;;2020;No;No;10;NONE;NONE,NONE;NONE,NONE;PASSENGER CAR,PASSENGER CAR;PASSENGER CAR,PASSENGER CAR;PASSENGER CAR,PASSENGER CAR;PASSENGER CAR,PASSENGER CAR
45883;.41 MILES FROM US 1 ON RAMP;ON-RAMP TERMINAL ON CROSSROAD;CURVE,LEVEL;US ROUTE;TWO-WAY,DIVIDED,POSITIVE MEDIAN BARRIER;SMOOTH ASPHALT;DRY;DAYLIGHT;CLEAR;NO CONTROL PRESENT;;;-78.7518;35.759;;;0;0;;;NONE;;LYING AND/OR ILLEGALLY IN ROADWAY;;PASSENGER CAR;;;;;NO;22255;2020-10-24;1:22:20 PM;2020-10-24T17:22:20+00:00;;2020;No;No;10;NONE;NONE,LYING AND/OR ILLEGALLY IN ROADWAY;NONE,LYING AND/OR ILLEGALLY IN ROADWAY;PASSENGER CAR;PASSENGER CAR;PASSENGER CAR;PASSENGER CAR
45915;CARY;T-INTERSECTION;STRAIGHT,LEVEL;LOCAL STREET;TWO-WAY,NOT DIVIDED;SMOOTH ASPHALT;DRY;DARK - LIGHTED ROADWAY;CLEAR;STOP SIGN;;;-78.786378;35.7886;;;0;1;1;;NONE;;NONE;;PICKUP;PICKUP;;;;NO;22287;2020-10-30;1:44:12 AM;2020-10-30T05:44:12+00:00;;2020;No;Yes;10;NONE;NONE,NONE;NONE,NONE;PICKUP,PICKUP;PICKUP,PICKUP;PICKUP,PICKUP;PICKUP,PICKUP
45916;.05 MILES FROM PVA (2734 NC-55);NO SPECIAL FEATURE;STRAIGHT,LEVEL;PUBLIC VEHICULAR AREA;TWO-WAY,NOT DIVIDED;COARSE ASPHALT;DRY;DARK - LIGHTED ROADWAY;CLEAR;NO CONTROL PRESENT;;;-78.8702;35.7853;;;0;0;;;NONE;;NONE;;PASSENGER CAR;PASSENGER CAR;;;;NO;22288;2020-10-31;7:58:23 PM;2020-10-31T23:58:23+00:00;;2020;No;No;10;NONE;NONE,NONE;NONE,NONE;PASSENGER CAR,PASSENGER CAR;PASSENGER CAR,PASSENGER CAR;PASSENGER CAR,PASSENGER CAR;PASSENGER CAR,PASSENGER CAR
45922;448 FEET FROM P.V.A. (1500 REGENCY PKWY);NO SPECIAL FEATURE;STRAIGHT,LEVEL;PUBLIC VEHICULAR AREA;TWO-WAY,NOT DIVIDED;SMOOTH ASPHALT;DRY;DAYLIGHT;CLEAR;NO CONTROL PRESENT;;;-78.786914;35.734752;;;0;0;;;NONE;;NONE;;PICKUP;PICKUP;;;;NO;22294;2020-10-31;12:43 PM;2020-10-31T16:43:00+00:00;;2020;No;No;10;NONE;NONE,NONE;NONE,NONE;PICKUP,PICKUP;PICKUP,PICKUP;PICKUP,PICKUP;PICKUP,PICKUP
45923;.25 MILES FROM SR 1613 (DAVIS DR);NO SPECIAL FEATURE;STRAIGHT,LEVEL;STATE SECONDARY ROUTE;TWO-WAY,DIVIDED,UNPROTECTED MEDIAN;COARSE ASPHALT;DRY;DARK - LIGHTED ROADWAY;CLEAR;NO CONTROL PRESENT;;;-78.84742;35.815985;;;0;0;;;;;NONE;;PASSENGER CAR;;;;;NO;22295;2020-10-31;5:47:58 AM;2020-10-31T09:47:58+00:00;;2020;No;No;10;;NONE;NONE;PASSENGER CAR;PASSENGER CAR;PASSENGER CAR;PASSENGER CAR
45929;175 FEET FROM FARM BROOK DR;NO SPECIAL FEATURE;STRAIGHT,LEVEL;PUBLIC VEHICULAR AREA;TWO-WAY,NOT DIVIDED;SMOOTH ASPHALT;DRY;DARK - LIGHTED ROADWAY;CLEAR;NO CONTROL PRESENT;35.701040119;-78.79667978;-78.797246;35.700871;P048;116;0;0;;;NONE;;NONE;;PICKUP;SPORT UTILITY;;;;NO;22301;2020-10-30;10:08 PM;2020-10-31T02:08:00+00:00;35.701040119, -78.79667978;2020;No;No;10;NONE;NONE,NONE;NONE,NONE;PICKUP,SPORT UTILITY;PICKUP,SPORT UTILITY;PICKUP,SPORT UTILITY;PICKUP,SPORT UTILITY
45930;100 FEET FROM LAUGHRIDGE DR;NO SPECIAL FEATURE;STRAIGHT,LEVEL;LOCAL STREET;TWO-WAY,NOT DIVIDED;SMOOTH ASPHALT;DRY;DARK - LIGHTED ROADWAY;CLEAR;NO CONTROL PRESENT;35.756034426;-78.80466948;-78.804963;35.755887;P038;115;0;0;1;;NONE;;NONE;;PASSENGER CAR;PASSENGER CAR;;;;NO;22302;2020-11-01;10:46 PM;2020-11-02T03:46:00+00:00;35.756034426, -78.80466948;2020;No;No;11;NONE;NONE,NONE;NONE,NONE;PASSENGER CAR,PASSENGER CAR;PASSENGER CAR,PASSENGER CAR;PASSENGER CAR,PASSENGER CAR;PASSENGER CAR,PASSENGER CAR
45941;220 FEET FROM SR 3120 (MORRISVILLE PKWY);NO SPECIAL FEATURE;STRAIGHT,HILLCREST;STATE SECONDARY ROUTE;TWO-WAY,DIVIDED,UNPROTECTED MEDIAN;SMOOTH ASPHALT;DRY;DAYLIGHT;CLEAR;NO CONTROL PRESENT;;;-78.858056;35.814048;;121;0;0;1;;NONE;;NONE;;SPORT UTILITY;SPORT UTILITY;;;;NO;22313;2020-11-02;4:41:07 PM;2020-11-02T21:41:07+00:00;;2020;No;No;11;NONE;NONE,NONE;NONE,NONE;SPORT UTILITY,SPORT UTILITY;SPORT UTILITY,SPORT UTILITY;SPORT UTILITY,SPORT UTILITY;SPORT UTILITY,SPORT UTILITY
45942;0 MILES FROM SR 1613;FOUR-WAY INTERSECTION;STRAIGHT,LEVEL;STATE SECONDARY ROUTE;TWO-WAY,DIVIDED,POSITIVE MEDIAN BARRIER;SMOOTH ASPHALT;DRY;DAYLIGHT;CLEAR;STOP AND GO SIGNAL;;;-78.849245;35.825324;;;0;0;1;;NONE;;NONE;;PASSENGER CAR;PASSENGER CAR;;;;NO;22314;2020-11-02;7:56:46 PM;2020-11-03T00:56:46+00:00;;2020;No;No;11;NONE;NONE,NONE;NONE,NONE;PASSENGER CAR,PASSENGER CAR;PASSENGER CAR,PASSENGER CAR;PASSENGER CAR,PASSENGER CAR;PASSENGER CAR,PASSENGER CAR
45948;150 FEET FROM US 1 HWY RAMP;ON-RAMP ENTRY;STRAIGHT,LEVEL;STATE SECONDARY ROUTE;TWO-WAY,DIVIDED,POSITIVE MEDIAN BARRIER;SMOOTH ASPHALT;DRY;DAYLIGHT;CLEAR;YIELD SIGN;;;-78.744753;35.760861;;;0;0;1;;NONE;;NONE;;SPORT UTILITY;SPORT UTILITY;;;;NO;22320;2020-11-02;8:52:09 AM;2020-11-02T13:52:09+00:00;;2020;No;No;11;NONE;NONE,NONE;NONE,NONE;SPORT UTILITY,SPORT UTILITY;SPORT UTILITY,SPORT UTILITY;SPORT UTILITY,SPORT UTILITY;SPORT UTILITY,SPORT UTILITY
45949;400 FEET FROM US 64 HWY;RELATED TO INTERSECTION;STRAIGHT,LEVEL;US ROUTE;TWO-WAY,DIVIDED,UNPROTECTED MEDIAN;SMOOTH ASPHALT;DRY;DAYLIGHT;CLEAR;STOP AND GO SIGNAL;;;-78.79993;35.73922;;;0;0;;;NONE;;NONE;;PASSENGER CAR;SPORT UTILITY;;;;NO;22321;2020-11-03;9:01:59 AM;2020-11-03T14:01:59+00:00;;2020;No;No;11;NONE;NONE,NONE;NONE,NONE;PASSENGER CAR,SPORT UTILITY;PASSENGER CAR,SPORT UTILITY;PASSENGER CAR,SPORT UTILITY;PASSENGER CAR,SPORT UTILITY
45950;1 MILES FROM SR 1616 (OLD APEX RD);NO SPECIAL FEATURE;STRAIGHT,LEVEL;STATE SECONDARY ROUTE;TWO-WAY,NOT DIVIDED;SMOOTH ASPHALT;DRY;DUSK;CLEAR;NO CONTROL PRESENT;;;-78.819553;35.7625968;;;0;0;;;NONE;;NONE;;PASSENGER CAR;;;;;NO;22322;2020-11-03;5:52:32 PM;2020-11-03T22:52:32+00:00;;2020;No;No;11;NONE;NONE,NONE;NONE,NONE;PASSENGER CAR;PASSENGER CAR;PASSENGER CAR;PASSENGER CAR
45954;.1 MILES FROM SR 4067 (REGENCY PKWY);NO SPECIAL FEATURE;CURVE,GRADE;STATE SECONDARY ROUTE;TWO-WAY,DIVIDED,UNPROTECTED MEDIAN;COARSE ASPHALT;DRY;DAYLIGHT;CLEAR;NO CONTROL PRESENT;;;-78.789951;35.732651;;;0;0;;;NONE;;NONE;;SPORT UTILITY;PASSENGER CAR;;;;NO;22326;2020-11-04;9:11:10 AM;2020-11-04T14:11:10+00:00;;2020;No;No;11;NONE;NONE,NONE;NONE,NONE;SPORT UTILITY,PASSENGER CAR;SPORT UTILITY,PASSENGER CAR;SPORT UTILITY,PASSENGER CAR;SPORT UTILITY,PASSENGER CAR
45957;.10 MILES FROM US 1 HWY;NO SPECIAL FEATURE;STRAIGHT,LEVEL;US ROUTE;TWO-WAY,DIVIDED,POSITIVE MEDIAN BARRIER;SMOOTH ASPHALT;DRY;DAYLIGHT;CLEAR;NO CONTROL PRESENT;;;-78.773389;35.747685;;;0;0;;;NONE;;NONE;;PASSENGER CAR;;;;;NO;22329;2020-11-03;5:06:56 PM;2020-11-03T22:06:56+00:00;;2020;No;No;11;NONE;NONE,NONE;NONE,NONE;PASSENGER CAR;PASSENGER CAR;PASSENGER CAR;PASSENGER CAR
45961;.01 MILES FROM PVA (801 BASS PRO LN);NO SPECIAL FEATURE;STRAIGHT,LEVEL;PUBLIC VEHICULAR AREA;TWO-WAY,NOT DIVIDED;COARSE ASPHALT;DRY;DAYLIGHT;CLEAR;NO CONTROL PRESENT;;;-78.768621;35.829578;;;0;0;3;;NONE;;NONE;;PASSENGER CAR;PICKUP;;;;NO;22333;2020-11-03;9:35:31 AM;2020-11-03T14:35:31+00:00;;2020;No;No;11;NONE;NONE,NONE;NONE,NONE;PASSENGER CAR,PICKUP;PASSENGER CAR,PICKUP;PASSENGER CAR,PICKUP;PASSENGER CAR,PICKUP
45964;CARY;DRIVEWAY, PUBLIC;STRAIGHT,LEVEL;PUBLIC VEHICULAR AREA;TWO-WAY,NOT DIVIDED;SMOOTH ASPHALT;DRY;DARK - LIGHTED ROADWAY;CLEAR;STOP SIGN;35.595749024;-78.78834502;-78.78174;35.803574;P119;113;0;0;2;;NONE;;NONE;;SPORT UTILITY;PASSENGER CAR;;;;NO;22336;2020-11-05;6:26:20 PM;2020-11-05T23:26:20+00:00;35.595749024, -78.78834502;2020;No;No;11;NONE;NONE,NONE;NONE,NONE;SPORT UTILITY,PASSENGER CAR;SPORT UTILITY,PASSENGER CAR;SPORT UTILITY,PASSENGER CAR;SPORT UTILITY,PASSENGER CAR
45968;CARY;FOUR-WAY INTERSECTION;STRAIGHT,LEVEL;STATE SECONDARY ROUTE;TWO-WAY,NOT DIVIDED;SMOOTH ASPHALT;DRY;DAYLIGHT;CLEAR;STOP AND GO SIGNAL;;;-78.781136;35.791463;;113;0;0;;;NONE;;NONE;;SPORT UTILITY;SPORT UTILITY;;;;NO;22340;2020-11-05;2:11:20 PM;2020-11-05T19:11:20+00:00;;2020;No;No;11;NONE;NONE,NONE;NONE,NONE;SPORT UTILITY,SPORT UTILITY;SPORT UTILITY,SPORT UTILITY;SPORT UTILITY,SPORT UTILITY;SPORT UTILITY,SPORT UTILITY
45969;311 FEET FROM SR 1009 (TRYON RD);RELATED TO INTERSECTION;STRAIGHT,LEVEL;STATE SECONDARY ROUTE;TWO-WAY,DIVIDED,UNPROTECTED MEDIAN;SMOOTH ASPHALT;DRY;DAYLIGHT;CLEAR;FLASHING STOP AND GO SIGNAL;;;-78.788907;35.736248;;;0;0;1;;NONE;;NONE;;PICKUP;SPORT UTILITY;;;;NO;22341;2020-11-05;1:53:24 PM;2020-11-05T18:53:24+00:00;;2020;No;No;11;NONE;NONE,NONE;NONE,NONE;PICKUP,SPORT UTILITY;PICKUP,SPORT UTILITY;PICKUP,SPORT UTILITY;PICKUP,SPORT UTILITY
45972;0 MILES FROM SR 1300 (KILDAIRE FARM RD);T-INTERSECTION;CURVE,GRADE;STATE SECONDARY ROUTE;TWO-WAY,DIVIDED,UNPROTECTED MEDIAN;COARSE ASPHALT;DRY;DAYLIGHT;CLEAR;STOP AND GO SIGNAL;;;-78.780155;35.722824;;;0;0;1;;NONE;;NONE;;PICKUP;PICKUP;;;;NO;22344;2020-11-05;8:41:34 AM;2020-11-05T13:41:34+00:00;;2020;No;No;11;NONE;NONE,NONE;NONE,NONE;PICKUP,PICKUP;PICKUP,PICKUP;PICKUP,PICKUP;PICKUP,PICKUP
45974;.02 MILES FROM KETTERING LN;NO SPECIAL FEATURE;STRAIGHT,GRADE;LOCAL STREET;TWO-WAY,NOT DIVIDED;SMOOTH ASPHALT;DRY;DAYLIGHT;CLEAR;NO CONTROL PRESENT;35.752965651;-78.78210691;-78.781753;35.752584;P005;115;0;0;;;NONE;;NONE;;LIGHT TRUCK (MINI-VAN- PANEL);LIGHT TRUCK (MINI-VAN- PANEL);;;;NO;22346;2020-11-06;8:49:02 AM;2020-11-06T13:49:02+00:00;35.752965651, -78.78210691;2020;No;No;11;NONE;NONE,NONE;NONE,NONE;LIGHT TRUCK (MINI-VAN- PANEL),LIGHT TRUCK (MINI-VAN- PANEL);LIGHT TRUCK (MINI-VAN- PANEL),LIGHT TRUCK (MINI-VAN- PANEL);LIGHT TRUCK (MINI-VAN- PANEL),LIGHT TRUCK (MINI-VAN- PANEL);LIGHT TRUCK (MINI-VAN- PANEL),LIGHT TRUCK (MINI-VAN- PANEL)
45979;33 FEET FROM SR 3112 (NW CARY PKWY);FOUR-WAY INTERSECTION;STRAIGHT,GRADE;STATE SECONDARY ROUTE;TWO-WAY,DIVIDED,UNPROTECTED MEDIAN;SMOOTH ASPHALT;DRY;DAYLIGHT;CLEAR;STOP AND GO SIGNAL;;;-78.8179;35.7952;;;0;0;;;NONE;;NONE;;PICKUP;PASSENGER CAR;;;;NO;22351;2020-11-06;12:51 PM;2020-11-06T17:51:00+00:00;;2020;No;No;11;NONE;NONE,NONE;NONE,NONE;PICKUP,PASSENGER CAR;PICKUP,PASSENGER CAR;PICKUP,PASSENGER CAR;PICKUP,PASSENGER CAR
45984;.03 MILES FROM S.R. 1152 (HOLLY SPRINGS RD);NO SPECIAL FEATURE;STRAIGHT,LEVEL;STATE SECONDARY ROUTE;TWO-WAY,DIVIDED,POSITIVE MEDIAN BARRIER;SMOOTH ASPHALT;DRY;DAYLIGHT;CLEAR;STOP AND GO SIGNAL;;;-78.74415;35.73716;;;0;0;;;NONE;;NONE;;SPORT UTILITY;;;;;NO;22356;2020-11-07;2:44:01 PM;2020-11-07T19:44:01+00:00;;2020;No;No;11;NONE;NONE,NONE;NONE,NONE;SPORT UTILITY;SPORT UTILITY;SPORT UTILITY;SPORT UTILITY
45993;CARY;NO SPECIAL FEATURE;STRAIGHT,LEVEL;STATE SECONDARY ROUTE;TWO-WAY,NOT DIVIDED;SMOOTH ASPHALT;DRY;DAYLIGHT;CLEAR;STOP AND GO SIGNAL;;;-78.7388;35.7459;;118;0;0;;;NONE;;NONE;;PASSENGER CAR;PASSENGER CAR;;;;NO;22365;2020-11-08;5:58:22 PM;2020-11-08T22:58:22+00:00;;2020;No;No;11;NONE;NONE,NONE;NONE,NONE;PASSENGER CAR,PASSENGER CAR;PASSENGER CAR,PASSENGER CAR;PASSENGER CAR,PASSENGER CAR;PASSENGER CAR,PASSENGER CAR
46000;300 FEET FROM PVA 109 COLLIER PL;NO SPECIAL FEATURE;STRAIGHT,LEVEL;PUBLIC VEHICULAR AREA;TWO-WAY,NOT DIVIDED;SMOOTH ASPHALT;DRY;DAYLIGHT;CLEAR;NO CONTROL PRESENT;;;-78.787512;35.810029;;;0;0;;;NONE;;OTHER *;NONE;PASSENGER CAR;SPORT UTILITY;;;;NO;22372;2020-11-10;10:09 AM;2020-11-10T15:09:00+00:00;;2020;No;No;11;NONE;NONE,OTHER *;NONE,OTHER *,NONE;PASSENGER CAR,SPORT UTILITY;PASSENGER CAR,SPORT UTILITY;PASSENGER CAR,SPORT UTILITY;PASSENGER CAR,SPORT UTILITY
46002;100 FEET FROM PVA 1150 NW MAYNARD RD;NO SPECIAL FEATURE;STRAIGHT,LEVEL;PUBLIC VEHICULAR AREA;TWO-WAY,NOT DIVIDED;SMOOTH ASPHALT;DRY;DAYLIGHT;CLEAR;NO CONTROL PRESENT;;;-78.809322;35.78229;;;0;0;;;NONE;;NONE;;UNKNOWN;PASSENGER CAR;;;;NO;22374;2020-11-10;1:14:06 PM;2020-11-10T18:14:06+00:00;;2020;No;No;11;NONE;NONE,NONE;NONE,NONE;UNKNOWN,PASSENGER CAR;UNKNOWN,PASSENGER CAR;UNKNOWN,PASSENGER CAR;UNKNOWN,PASSENGER CAR
46013;39 FEET FROM SR 1300 (KILDAIRE FARM RD);NO SPECIAL FEATURE;STRAIGHT,LEVEL;STATE SECONDARY ROUTE;TWO-WAY,NOT DIVIDED;SMOOTH ASPHALT;WET;DAYLIGHT;RAIN;NO CONTROL PRESENT;;;-78.78091;35.7429;;;0;1;;;NONE;;NONE;;PASSENGER CAR;PICKUP;;;;NO;22385;2020-11-11;2:42:00 PM;2020-11-11T19:42:00+00:00;;2020;No;Yes;11;NONE;NONE,NONE;NONE,NONE;PASSENGER CAR,PICKUP;PASSENGER CAR,PICKUP;PASSENGER CAR,PICKUP;PASSENGER CAR,PICKUP
46016;200 FEET FROM SR 1009 (TRYON RD.);NO SPECIAL FEATURE;STRAIGHT,HILLCREST;STATE SECONDARY ROUTE;TWO-WAY,DIVIDED,UNPROTECTED MEDIAN;SMOOTH ASPHALT;WET;DARK - LIGHTED ROADWAY;CLOUDY;NO CONTROL PRESENT;;;-78789369.0;35.736208;;116;0;0;;;NONE;;NONE;;PASSENGER CAR;;;;;NO;22388;2020-11-12;12:44 AM;2020-11-12T05:44:00+00:00;;2020;No;No;11;NONE;NONE,NONE;NONE,NONE;PASSENGER CAR;PASSENGER CAR;PASSENGER CAR;PASSENGER CAR
46019;75 FEET FROM S HARRISON AVE;NO SPECIAL FEATURE;STRAIGHT,GRADE;STATE SECONDARY ROUTE;TWO-WAY,NOT DIVIDED;SMOOTH ASPHALT;WET;DARK - LIGHTED ROADWAY;RAIN;NO CONTROL PRESENT;35.783075741;-78.78335968;-78.783357;35.783248;P035;114;0;2;3;;NONE;;NONE;;SPORT UTILITY;PASSENGER CAR;;;;NO;22391;2020-11-11;5:41:31 PM;2020-11-11T22:41:31+00:00;35.783075741, -78.78335968;2020;No;Yes;11;NONE;NONE,NONE;NONE,NONE;SPORT UTILITY,PASSENGER CAR;SPORT UTILITY,PASSENGER CAR;SPORT UTILITY,PASSENGER CAR;SPORT UTILITY,PASSENGER CAR
46022;150 FEET FROM SR-1009 TRYON RD;NO SPECIAL FEATURE;STRAIGHT,GRADE;STATE SECONDARY ROUTE;TWO-WAY,DIVIDED,UNPROTECTED MEDIAN;SMOOTH ASPHALT;WATER (STANDING, MOVING);DAYLIGHT;RAIN;NO CONTROL PRESENT;;;-78.79138;35.73718;;;0;0;;;NONE;;NONE;;SPORT UTILITY;;;;;NO;22394;2020-11-12;12:03 PM;2020-11-12T17:03:00+00:00;;2020;No;No;11;NONE;NONE,NONE;NONE,NONE;SPORT UTILITY;SPORT UTILITY;SPORT UTILITY;SPORT UTILITY
46029;.2 MILES FROM NC.S.R. 3081 (CHAPEL HILL RD);NO SPECIAL FEATURE;STRAIGHT,LEVEL;STATE SECONDARY ROUTE;TWO-WAY,DIVIDED,POSITIVE MEDIAN BARRIER;COARSE ASPHALT;DRY;DAYLIGHT;CLEAR;STOP AND GO SIGNAL;;;-78.7637;35.795;;;0;0;;;NONE;;NONE;;VAN;SPORT UTILITY;;;;NO;22401;2020-11-13;10:25 AM;2020-11-13T15:25:00+00:00;;2020;No;No;11;NONE;NONE,NONE;NONE,NONE;VAN,SPORT UTILITY;VAN,SPORT UTILITY;VAN,SPORT UTILITY;VAN,SPORT UTILITY
46030;.1 MILES FROM P.V.A. (251 CROSSROADS BLVD);NO SPECIAL FEATURE;STRAIGHT,GRADE;PUBLIC VEHICULAR AREA;TWO-WAY,NOT DIVIDED;SMOOTH ASPHALT;WATER (STANDING, MOVING);DAYLIGHT;RAIN;NO CONTROL PRESENT;;;-78.739303;35.762915;;;0;0;;;NONE;;NONE;;SPORT UTILITY;;;;;NO;22402;2020-11-12;2:35:40 PM;2020-11-12T19:35:40+00:00;;2020;No;No;11;NONE;NONE,NONE;NONE,NONE;SPORT UTILITY;SPORT UTILITY;SPORT UTILITY;SPORT UTILITY
46036;0 FEET FROM SR 1010 (TEN TEN RD);T-INTERSECTION;STRAIGHT,LEVEL;STATE SECONDARY ROUTE;ONE-WAY,NOT DIVIDED;SMOOTH ASPHALT;WET;DAYLIGHT;RAIN;STOP AND GO SIGNAL;;;-78.755404;35.685962;;;0;0;1;;NONE;;NONE;;PASSENGER CAR;SINGLE UNIT TRUCK (2-AXLE- 6-TIRE);;;;NO;22408;2020-11-11;4:25:08 PM;2020-11-11T21:25:08+00:00;;2020;No;No;11;NONE;NONE,NONE;NONE,NONE;PASSENGER CAR,SINGLE UNIT TRUCK (2-AXLE- 6-TIRE);PASSENGER CAR,SINGLE UNIT TRUCK (2-AXLE- 6-TIRE);PASSENGER CAR,SINGLE UNIT TRUCK (2-AXLE- 6-TIRE);PASSENGER CAR,SINGLE UNIT TRUCK (2-AXLE- 6-TIRE)
46040;332 FEET FROM 214 HILLSBORO ST;NO SPECIAL FEATURE;STRAIGHT,LEVEL;LOCAL STREET;TWO-WAY,NOT DIVIDED;SMOOTH ASPHALT;DRY;DAYLIGHT;CLEAR;NO CONTROL PRESENT;;;-78.78445;35.788485;;;0;0;;;NONE;;NONE;;VAN;PASSENGER CAR;;;;NO;22412;2020-11-14;9:40:15 AM;2020-11-14T14:40:15+00:00;;2020;No;No;11;NONE;NONE,NONE;NONE,NONE;VAN,PASSENGER CAR;VAN,PASSENGER CAR;VAN,PASSENGER CAR;VAN,PASSENGER CAR
46047;10 FEET FROM US 1;OFF-RAMP PROPER;STRAIGHT,BOTTOM (SAG);US ROUTE;TWO-WAY,DIVIDED,POSITIVE MEDIAN BARRIER;CONCRETE;DRY;DAYLIGHT;CLOUDY;STOP AND GO SIGNAL;;;-78.794384;35.737955;;;0;1;3;;NONE;;NONE;;PASSENGER CAR;PASSENGER CAR;;;;NO;22419;2020-11-15;3:04:39 PM;2020-11-15T20:04:39+00:00;;2020;No;Yes;11;NONE;NONE,NONE;NONE,NONE;PASSENGER CAR,PASSENGER CAR;PASSENGER CAR,PASSENGER CAR;PASSENGER CAR,PASSENGER CAR;PASSENGER CAR,PASSENGER CAR
46054;400 FEET FROM US HWY 1 ON RAMP SB;ON-RAMP PROPER;STRAIGHT,LEVEL;US ROUTE;ONE-WAY,NOT DIVIDED;SMOOTH ASPHALT;DRY;DARK - ROADWAY NOT LIGHTED;CLEAR;NO CONTROL PRESENT;;;-78.795688;35.73694;;116;0;0;;;NONE;;NONE;;PASSENGER CAR;PASSENGER CAR;;;;NO;22426;2020-11-14;3:05:10 AM;2020-11-14T08:05:10+00:00;;2020;No;No;11;NONE;NONE,NONE;NONE,NONE;PASSENGER CAR,PASSENGER CAR;PASSENGER CAR,PASSENGER CAR;PASSENGER CAR,PASSENGER CAR;PASSENGER CAR,PASSENGER CAR