tamainid;location_description;rdfeature;rdcharacter;rdclass;rdconfigur;rdsurface;rdcondition;lightcond;weather;trafcontrl;lat;lon;lon2;lat2;tract;zone;fatality;possblinj;numpassengers;numpedestrians;contrcir1_desc;contrcir2_desc;contrcir3_desc;contrcir4_desc;vehicle1;vehicle2;vehicle3;vehicle4;vehicle5;workarea;records;ta_date;ta_time;crash_date;geo_location;year;fatalities;injuries;month;contrfact1;contrfact2;contributing_factor;vehicleconcat1;vehicleconcat2;vehicleconcat3;vehicle_type
32829;120 FEET FROM SR 1300 (KILDAIRE FARM RD);RELATED TO INTERSECTION;STRAIGHT,LEVEL;STATE SECONDARY ROUTE;TWO-WAY,DIVIDED,UNPROTECTED MEDIAN;SMOOTH ASPHALT;DRY;DAYLIGHT;CLEAR;STOP AND GO SIGNAL;;;-78.7963;35.7041;;;0;0;1;;;;NONE;;SPORT UTILITY;SPORT UTILITY;;;;NO;10200;2018-02-21;11:52 AM;2018-02-21T16:52:00+00:00;;2018;No;No;2;;NONE;NONE;SPORT UTILITY,SPORT UTILITY;SPORT UTILITY,SPORT UTILITY;SPORT UTILITY,SPORT UTILITY;SPORT UTILITY,SPORT UTILITY
32836;50 FEET FROM SR 1011 W CHATHAM ST;NO SPECIAL FEATURE;STRAIGHT,LEVEL;STATE SECONDARY ROUTE;TWO-WAY,NOT DIVIDED;SMOOTH ASPHALT;DRY;DAYLIGHT;CLOUDY;NO CONTROL PRESENT;;;-78.7942;35.7817;;;0;0;;;NONE;;NONE;;PASSENGER CAR;PICKUP;;;;NO;10207;2018-02-21;12:24 PM;2018-02-21T17:24:00+00:00;;2018;No;No;2;NONE;NONE,NONE;NONE,NONE;PASSENGER CAR,PICKUP;PASSENGER CAR,PICKUP;PASSENGER CAR,PICKUP;PASSENGER CAR,PICKUP
32838;CARY;FOUR-WAY INTERSECTION;STRAIGHT,LEVEL;NC ROUTE;TWO-WAY,DIVIDED,UNPROTECTED MEDIAN;SMOOTH ASPHALT;DRY;DAYLIGHT;CLEAR;STOP AND GO SIGNAL;;;-78.8908;35.845826;;;0;1;1;;NONE;;NONE;;SPORT UTILITY;PASSENGER CAR;;;;NO;10209;2018-02-20;10:24 AM;2018-02-20T15:24:00+00:00;;2018;No;Yes;2;NONE;NONE,NONE;NONE,NONE;SPORT UTILITY,PASSENGER CAR;SPORT UTILITY,PASSENGER CAR;SPORT UTILITY,PASSENGER CAR;SPORT UTILITY,PASSENGER CAR
32841;100 FEET FROM 1014 HIGH HOUSE RD;T-INTERSECTION;CURVE,LEVEL;PUBLIC VEHICULAR AREA;TWO-WAY,NOT DIVIDED;SMOOTH ASPHALT;DRY;DAYLIGHT;CLEAR;STOP SIGN;35.790343238;-78.83026794;-78.8293;35.7895;P067;121;0;0;;;NONE;;NONE;;SPORT UTILITY;PASSENGER CAR;;;;NO;10212;2018-02-21;9:09:08 AM;2018-02-21T14:09:08+00:00;35.790343238, -78.83026794;2018;No;No;2;NONE;NONE,NONE;NONE,NONE;SPORT UTILITY,PASSENGER CAR;SPORT UTILITY,PASSENGER CAR;SPORT UTILITY,PASSENGER CAR;SPORT UTILITY,PASSENGER CAR
32854;20 FEET FROM SR 3112 (NW CARY PKWY);NO SPECIAL FEATURE;STRAIGHT,GRADE;STATE SECONDARY ROUTE;TWO-WAY,DIVIDED,UNPROTECTED MEDIAN;SMOOTH ASPHALT;DRY;DAYLIGHT;CLEAR;STOP AND GO SIGNAL;;;-78.828721;35.789284;;121;0;0;;;NONE;;NONE;;PICKUP;PICKUP;;;;NO;10225;2018-02-22;3:22:06 PM;2018-02-22T20:22:06+00:00;;2018;No;No;2;NONE;NONE,NONE;NONE,NONE;PICKUP,PICKUP;PICKUP,PICKUP;PICKUP,PICKUP;PICKUP,PICKUP
32860;200 FEET FROM PVA (1200 SE MAYNARD RD);DRIVEWAY, PUBLIC;STRAIGHT,LEVEL;PUBLIC VEHICULAR AREA;TWO-WAY,NOT DIVIDED;SMOOTH ASPHALT;DRY;DAYLIGHT;CLOUDY;NO CONTROL PRESENT;;;-78.763439;35.784815;;120;0;0;2;;NONE;;NONE;;SPORT UTILITY;PASSENGER CAR;;;;NO;10231;2018-02-23;10:15 AM;2018-02-23T15:15:00+00:00;;2018;No;No;2;NONE;NONE,NONE;NONE,NONE;SPORT UTILITY,PASSENGER CAR;SPORT UTILITY,PASSENGER CAR;SPORT UTILITY,PASSENGER CAR;SPORT UTILITY,PASSENGER CAR
32861;67 FEET FROM PVA (101 DUDEN CT);DRIVEWAY, PUBLIC;STRAIGHT,LEVEL;PUBLIC VEHICULAR AREA;TWO-WAY,NOT DIVIDED;SMOOTH ASPHALT;DRY;DARK - ROADWAY NOT LIGHTED;CLEAR;NO CONTROL PRESENT;;;-78.781555;35.81149;;;0;0;;;NONE;;NONE;;PASSENGER CAR;PASSENGER CAR;;;;NO;10232;2018-02-20;11:44 AM;2018-02-20T16:44:00+00:00;;2018;No;No;2;NONE;NONE,NONE;NONE,NONE;PASSENGER CAR,PASSENGER CAR;PASSENGER CAR,PASSENGER CAR;PASSENGER CAR,PASSENGER CAR;PASSENGER CAR,PASSENGER CAR
32865;350 FEET FROM 980 KILDAIRE FARM RD (PVA);NO SPECIAL FEATURE;STRAIGHT,LEVEL;PUBLIC VEHICULAR AREA;TWO-WAY,NOT DIVIDED;SMOOTH ASPHALT;DRY;DAYLIGHT;CLEAR;NO CONTROL PRESENT;;;-78.783;35.772;;;0;0;;;;;NONE;;PASSENGER CAR;PASSENGER CAR;;;;NO;10236;2018-02-23;3:17:52 PM;2018-02-23T20:17:52+00:00;;2018;No;No;2;;NONE;NONE;PASSENGER CAR,PASSENGER CAR;PASSENGER CAR,PASSENGER CAR;PASSENGER CAR,PASSENGER CAR;PASSENGER CAR,PASSENGER CAR
32869;130 FEET FROM 3609 TEN TEN RD (PVA);NO SPECIAL FEATURE;STRAIGHT,LEVEL;PUBLIC VEHICULAR AREA;ONE-WAY,NOT DIVIDED;CONCRETE;DRY;DUSK;CLEAR;NO CONTROL PRESENT;;;-78.7882;35.7026;;116;0;0;1;;;;NONE;;EMS VEHICLE- AMBULANCE- RESCUE SQUAD;;;;;NO;10240;2018-02-24;6:48:03 PM;2018-02-24T23:48:03+00:00;;2018;No;No;2;;NONE;NONE;EMS VEHICLE- AMBULANCE- RESCUE SQUAD;EMS VEHICLE- AMBULANCE- RESCUE SQUAD;EMS VEHICLE- AMBULANCE- RESCUE SQUAD;EMS VEHICLE- AMBULANCE- RESCUE SQUAD
32872;430 FEET FROM PVA (980 KILDAIRE FARM ROAD);DRIVEWAY, PUBLIC;STRAIGHT,LEVEL;PUBLIC VEHICULAR AREA;TWO-WAY,NOT DIVIDED;SMOOTH ASPHALT;DRY;DAYLIGHT;CLEAR;NO CONTROL PRESENT;;;-78.782893;35.772583;;;0;0;;;NONE;;NONE;;UNKNOWN;PASSENGER CAR;;;;NO;10243;2018-02-23;12:01 PM;2018-02-23T17:01:00+00:00;;2018;No;No;2;NONE;NONE,NONE;NONE,NONE;UNKNOWN,PASSENGER CAR;UNKNOWN,PASSENGER CAR;UNKNOWN,PASSENGER CAR;UNKNOWN,PASSENGER CAR
32877;380 FEET FROM GREEN LEVEL CHURCH RD 1625;NO SPECIAL FEATURE;STRAIGHT,LEVEL;STATE SECONDARY ROUTE;TWO-WAY,NOT DIVIDED;CONCRETE;DRY;DARK - ROADWAY NOT LIGHTED;CLEAR;NO CONTROL PRESENT;35.838123322;-78.89977415;-78.89978;35.836982;P076;119;0;0;;;NONE;;NONE;;PASSENGER CAR;PASSENGER CAR;;;;NO;10248;2018-02-23;6:52:14 PM;2018-02-23T23:52:14+00:00;35.838123322, -78.89977415;2018;No;No;2;NONE;NONE,NONE;NONE,NONE;PASSENGER CAR,PASSENGER CAR;PASSENGER CAR,PASSENGER CAR;PASSENGER CAR,PASSENGER CAR;PASSENGER CAR,PASSENGER CAR
32878;200 FEET FROM PVA (120 SAGE COMMONS WAY);NO SPECIAL FEATURE;STRAIGHT,LEVEL;PUBLIC VEHICULAR AREA;TWO-WAY,NOT DIVIDED;SMOOTH ASPHALT;DRY;DARK - LIGHTED ROADWAY;CLEAR;NO CONTROL PRESENT;;;-78.805874;35.828164;;111;0;0;;;NONE;;NONE;;PASSENGER CAR;;;;;NO;10249;2018-02-19;7:56:03 PM;2018-02-20T00:56:03+00:00;;2018;No;No;2;NONE;NONE,NONE;NONE,NONE;PASSENGER CAR;PASSENGER CAR;PASSENGER CAR;PASSENGER CAR
32898;CARY;FOUR-WAY INTERSECTION;STRAIGHT,LEVEL;LOCAL STREET;TWO-WAY,DIVIDED,UNPROTECTED MEDIAN;SMOOTH ASPHALT;DRY;DAYLIGHT;CLEAR;STOP AND GO SIGNAL;;;-78.777154;35.7293117;;;0;0;;;;;NONE;;SPORT UTILITY;SPORT UTILITY;;;;NO;10269;2018-02-25;7:12:57 PM;2018-02-26T00:12:57+00:00;;2018;No;No;2;;NONE;NONE;SPORT UTILITY,SPORT UTILITY;SPORT UTILITY,SPORT UTILITY;SPORT UTILITY,SPORT UTILITY;SPORT UTILITY,SPORT UTILITY
32900;CARY;FOUR-WAY INTERSECTION;STRAIGHT,LEVEL;LOCAL STREET;TWO-WAY,DIVIDED,UNPROTECTED MEDIAN;SMOOTH ASPHALT;WET;DAYLIGHT;RAIN;NO CONTROL PRESENT;;;-78.7844;35.7358;;;0;0;;;;;NONE;;SPORT UTILITY;PASSENGER CAR;;;;NO;10271;2018-02-26;2:54:41 PM;2018-02-26T19:54:41+00:00;;2018;No;No;2;;NONE;NONE;SPORT UTILITY,PASSENGER CAR;SPORT UTILITY,PASSENGER CAR;SPORT UTILITY,PASSENGER CAR;SPORT UTILITY,PASSENGER CAR
32901;15 FEET FROM SR 1635 (MCCRIMMON PKWY);FOUR-WAY INTERSECTION;STRAIGHT,HILLCREST;STATE SECONDARY ROUTE;TWO-WAY,DIVIDED,UNPROTECTED MEDIAN;SMOOTH ASPHALT;DRY;DAYLIGHT;CLEAR;STOP AND GO SIGNAL;;;-78.900263;35.829559;;;0;0;3;;NONE;;NONE;;PASSENGER CAR;PICKUP;;;;NO;10272;2018-02-25;5:44:11 PM;2018-02-25T22:44:11+00:00;;2018;No;No;2;NONE;NONE,NONE;NONE,NONE;PASSENGER CAR,PICKUP;PASSENGER CAR,PICKUP;PASSENGER CAR,PICKUP;PASSENGER CAR,PICKUP
32902;499 FEET FROM SR3977 (SE CARY PKWY);T-INTERSECTION;STRAIGHT,LEVEL;STATE SECONDARY ROUTE;TWO-WAY,DIVIDED,UNPROTECTED MEDIAN;SMOOTH ASPHALT;WET;DAYLIGHT;RAIN;OTHER *;;;-78.80669;35.75492;;;0;0;;;NONE;;NONE;;PASSENGER CAR;PASSENGER CAR;;;;NO;10273;2018-02-26;7:19:18 PM;2018-02-27T00:19:18+00:00;;2018;No;No;2;NONE;NONE,NONE;NONE,NONE;PASSENGER CAR,PASSENGER CAR;PASSENGER CAR,PASSENGER CAR;PASSENGER CAR,PASSENGER CAR;PASSENGER CAR,PASSENGER CAR
32904;150 FEET FROM 3434 KILDAIRE FARM RD (PVA);NO SPECIAL FEATURE;STRAIGHT,LEVEL;PUBLIC VEHICULAR AREA;TWO-WAY,NOT DIVIDED;COARSE ASPHALT;WET;DAYLIGHT;CLOUDY;NO CONTROL PRESENT;;;-78.7957;35.7058;;116;0;0;;;;;NONE;;PASSENGER CAR;SPORT UTILITY;;;;NO;10275;2018-02-26;5:43:10 PM;2018-02-26T22:43:10+00:00;;2018;No;No;2;;NONE;NONE;PASSENGER CAR,SPORT UTILITY;PASSENGER CAR,SPORT UTILITY;PASSENGER CAR,SPORT UTILITY;PASSENGER CAR,SPORT UTILITY
32910;CARY;FOUR-WAY INTERSECTION;STRAIGHT,LEVEL;LOCAL STREET;TWO-WAY,DIVIDED,UNPROTECTED MEDIAN;SMOOTH ASPHALT;DRY;DAYLIGHT;CLEAR;NO CONTROL PRESENT;;;-78.8171;35.859;;;0;0;;;NONE;;NONE;;PICKUP;SPORT UTILITY;;;;NO;10281;2018-02-27;6:58:42 AM;2018-02-27T11:58:42+00:00;;2018;No;No;2;NONE;NONE,NONE;NONE,NONE;PICKUP,SPORT UTILITY;PICKUP,SPORT UTILITY;PICKUP,SPORT UTILITY;PICKUP,SPORT UTILITY
32914;50 FEET FROM SR 3977 (SE CARY PKWY);NO SPECIAL FEATURE;STRAIGHT,LEVEL;STATE SECONDARY ROUTE;TWO-WAY,DIVIDED,POSITIVE MEDIAN BARRIER;SMOOTH ASPHALT;DRY;DAYLIGHT;CLEAR;NO CONTROL PRESENT;35.944639471;-78.56202346;-78.7735;35.7544;P119;RALW;0;0;;;NONE;;NONE;;PASSENGER CAR;PASSENGER CAR;;;;NO;10285;2018-02-27;10:42 AM;2018-02-27T15:42:00+00:00;35.944639471, -78.56202346;2018;No;No;2;NONE;NONE,NONE;NONE,NONE;PASSENGER CAR,PASSENGER CAR;PASSENGER CAR,PASSENGER CAR;PASSENGER CAR,PASSENGER CAR;PASSENGER CAR,PASSENGER CAR
32919;250 FEET FROM S HARRISON AV;NO SPECIAL FEATURE;STRAIGHT,GRADE;LOCAL STREET;TWO-WAY,NOT DIVIDED;SMOOTH ASPHALT;DRY;DAYLIGHT;CLEAR;NO CONTROL PRESENT;35.787188107;-78.7833664;-78.7833;35.7864;P035;114;0;0;2;;;;NONE;;SPORT UTILITY;PASSENGER CAR;;;;NO;10290;2018-02-27;1:45:42 PM;2018-02-27T18:45:42+00:00;35.787188107, -78.7833664;2018;No;No;2;;NONE;NONE;SPORT UTILITY,PASSENGER CAR;SPORT UTILITY,PASSENGER CAR;SPORT UTILITY,PASSENGER CAR;SPORT UTILITY,PASSENGER CAR
32924;30 FEET FROM SR 1300 (KILDAIRE FARM RD);NO SPECIAL FEATURE;STRAIGHT,LEVEL;STATE SECONDARY ROUTE;TWO-WAY,DIVIDED,UNPROTECTED MEDIAN;SMOOTH ASPHALT;DRY;DAYLIGHT;CLOUDY;STOP AND GO SIGNAL;;;-78.7761;35.7289;;;0;0;;;;;NONE;;PASSENGER CAR;PASSENGER CAR;;;;NO;10295;2018-02-28;12:51 PM;2018-02-28T17:51:00+00:00;;2018;No;No;2;;NONE;NONE;PASSENGER CAR,PASSENGER CAR;PASSENGER CAR,PASSENGER CAR;PASSENGER CAR,PASSENGER CAR;PASSENGER CAR,PASSENGER CAR
32926;CARY;;;;;;;;;;;;;;;;0;0;;;;;;;;;;;;;10297;2018-02-28;1:18:42 PM;2018-02-28T18:18:42+00:00;;2018;No;No;2;;;;;;;
32943;CARY;;;;;;;;;;;;;;;;0;0;;;;;;;;;;;;;10314;2018-02-14;4:25:14 AM;2018-02-14T09:25:14+00:00;;2018;No;No;2;;;;;;;
32952;.1 MILES FROM E CEDAR ST;NO SPECIAL FEATURE;STRAIGHT,LEVEL;LOCAL STREET;TWO-WAY,NOT DIVIDED;COARSE ASPHALT;DRY;DARK - ROADWAY NOT LIGHTED;CLEAR;NO CONTROL PRESENT;35.788197428;-78.77860814;-78.7762;35.789;P125;120;0;0;;;;;NONE;;PASSENGER CAR;PASSENGER CAR;;;;NO;10323;2018-03-03;10:57 AM;2018-03-03T15:57:00+00:00;35.788197428, -78.77860814;2018;No;No;3;;NONE;NONE;PASSENGER CAR,PASSENGER CAR;PASSENGER CAR,PASSENGER CAR;PASSENGER CAR,PASSENGER CAR;PASSENGER CAR,PASSENGER CAR
32958;248 FEET FROM P.V.A. (101 INNOVATION AVE);NO SPECIAL FEATURE;STRAIGHT,LEVEL;PUBLIC VEHICULAR AREA;TWO-WAY,NOT DIVIDED;SMOOTH ASPHALT;DRY;DAYLIGHT;CLEAR;NO CONTROL PRESENT;35.872524926;-78.8161113;-78.8181;35.8716;P088;WAKE;0;0;;;NONE;;NONE;;PASSENGER CAR;PASSENGER CAR;;;;NO;10329;2018-03-02;9:20:22 PM;2018-03-03T02:20:22+00:00;35.872524926, -78.8161113;2018;No;No;3;NONE;NONE,NONE;NONE,NONE;PASSENGER CAR,PASSENGER CAR;PASSENGER CAR,PASSENGER CAR;PASSENGER CAR,PASSENGER CAR;PASSENGER CAR,PASSENGER CAR
32965;100 FEET FROM RAPPORT DR;NO SPECIAL FEATURE;STRAIGHT,LEVEL;LOCAL STREET;TWO-WAY,NOT DIVIDED;SMOOTH ASPHALT;DRY;DAYLIGHT;CLEAR;NO CONTROL PRESENT;35.774684065;-78.87424261;-78.874;35.7745;P118;117;0;0;;;NONE;;NONE;;PASSENGER CAR;;;;;NO;10336;2018-03-02;7:00:10 PM;2018-03-03T00:00:10+00:00;35.774684065, -78.87424261;2018;No;No;3;NONE;NONE,NONE;NONE,NONE;PASSENGER CAR;PASSENGER CAR;PASSENGER CAR;PASSENGER CAR
32966;CARY;T-INTERSECTION;STRAIGHT,GRADE;STATE SECONDARY ROUTE;TWO-WAY,NOT DIVIDED;SMOOTH ASPHALT;DRY;DAYLIGHT;CLEAR;NO CONTROL PRESENT;;;-78.741133;35.766986;;112;0;1;2;;;;NONE;;SPORT UTILITY;SPORT UTILITY;;;;NO;10337;2018-03-02;3:24:09 PM;2018-03-02T20:24:09+00:00;;2018;No;Yes;3;;NONE;NONE;SPORT UTILITY,SPORT UTILITY;SPORT UTILITY,SPORT UTILITY;SPORT UTILITY,SPORT UTILITY;SPORT UTILITY,SPORT UTILITY
32971;.25 MILES FROM HIGH MEADOW DR;FOUR-WAY INTERSECTION;STRAIGHT,LEVEL;LOCAL STREET;TWO-WAY,DIVIDED,UNPROTECTED MEDIAN;SMOOTH ASPHALT;DRY;DARK - LIGHTED ROADWAY;CLEAR;STOP AND GO SIGNAL;;;-78.7833;35.7618;;;0;0;2;;NONE;;NONE;;PASSENGER CAR;SPORT UTILITY;;;;NO;10342;2018-03-02;11:28 PM;2018-03-03T04:28:00+00:00;;2018;No;No;3;NONE;NONE,NONE;NONE,NONE;PASSENGER CAR,SPORT UTILITY;PASSENGER CAR,SPORT UTILITY;PASSENGER CAR,SPORT UTILITY;PASSENGER CAR,SPORT UTILITY
32977;148 FEET FROM SR 3112 (NW CARY PKWY);NO SPECIAL FEATURE;STRAIGHT,GRADE;STATE SECONDARY ROUTE;TWO-WAY,DIVIDED,UNPROTECTED MEDIAN;SMOOTH ASPHALT;DRY;DAYLIGHT;CLEAR;STOP AND GO SIGNAL;;;-78.82843;35.78941;;121;0;0;;;NONE;;NONE;;PASSENGER CAR;PICKUP;;;;NO;10348;2018-03-02;4:52:42 PM;2018-03-02T21:52:42+00:00;;2018;No;No;3;NONE;NONE,NONE;NONE,NONE;PASSENGER CAR,PICKUP;PASSENGER CAR,PICKUP;PASSENGER CAR,PICKUP;PASSENGER CAR,PICKUP
32983;150 FEET FROM P.V.A 2700 LOUIS STEPHENS DR;;STRAIGHT,LEVEL;PUBLIC VEHICULAR AREA;TWO-WAY,NOT DIVIDED;SOIL;DRY;DAYLIGHT;CLEAR;NO CONTROL PRESENT;;;-78.8591;35.8025;;121;0;0;;;NONE;;NONE;;PASSENGER CAR;PASSENGER CAR;;;;NO;10354;2018-03-04;3:39:23 PM;2018-03-04T20:39:23+00:00;;2018;No;No;3;NONE;NONE,NONE;NONE,NONE;PASSENGER CAR,PASSENGER CAR;PASSENGER CAR,PASSENGER CAR;PASSENGER CAR,PASSENGER CAR;PASSENGER CAR,PASSENGER CAR
32984;400 FEET FROM P.V.A. 1421 OLD APEX RD;NO SPECIAL FEATURE;STRAIGHT,LEVEL;PUBLIC VEHICULAR AREA;TWO-WAY,NOT DIVIDED;SMOOTH ASPHALT;DRY;DAYLIGHT;CLEAR;NO CONTROL PRESENT;35.804303281;-78.68880037;-78.8092;35.7666;P119;117;0;0;3;;NONE;;NONE;;PASSENGER CAR;PASSENGER CAR;;;;NO;10355;2018-03-04;8:08:10 AM;2018-03-04T13:08:10+00:00;35.804303281, -78.68880037;2018;No;No;3;NONE;NONE,NONE;NONE,NONE;PASSENGER CAR,PASSENGER CAR;PASSENGER CAR,PASSENGER CAR;PASSENGER CAR,PASSENGER CAR;PASSENGER CAR,PASSENGER CAR
32988;.1 MILES FROM P.V.A. (1809 WALNUT ST);NO SPECIAL FEATURE;STRAIGHT,LEVEL;PUBLIC VEHICULAR AREA;TWO-WAY,NOT DIVIDED;SMOOTH ASPHALT;DRY;DAYLIGHT;CLEAR;NO CONTROL PRESENT;;;-78.7426;35.7609;;;0;0;1;;;;NONE;;PASSENGER CAR;PICKUP;;;;NO;10359;2018-03-04;5:29:10 PM;2018-03-04T22:29:10+00:00;;2018;No;No;3;;NONE;NONE;PASSENGER CAR,PICKUP;PASSENGER CAR,PICKUP;PASSENGER CAR,PICKUP;PASSENGER CAR,PICKUP
32990;.18 MILES FROM ROBERTS ROAD;T-INTERSECTION;STRAIGHT,LEVEL;LOCAL STREET;TWO-WAY,NOT DIVIDED;SMOOTH ASPHALT;DRY;DAYLIGHT;CLEAR;NO CONTROL PRESENT;35.770079557;-78.8923161;-78.895522;35.770166;P091;WAKE;0;0;1;;NONE;;NONE;;PASSENGER CAR;PASSENGER CAR;;;;NO;10361;2018-03-05;7:08:40 AM;2018-03-05T12:08:40+00:00;35.770079557, -78.8923161;2018;No;No;3;NONE;NONE,NONE;NONE,NONE;PASSENGER CAR,PASSENGER CAR;PASSENGER CAR,PASSENGER CAR;PASSENGER CAR,PASSENGER CAR;PASSENGER CAR,PASSENGER CAR
32991;192 FEET FROM STAGS LEAP CT;;STRAIGHT,LEVEL;LOCAL STREET;TWO-WAY,NOT DIVIDED;SMOOTH ASPHALT;DRY;DAYLIGHT;CLEAR;NO CONTROL PRESENT;35.794960595;-78.87516326;-78.874536;35.794829;P077;122;0;0;2;;NONE;;NONE;;PASSENGER CAR;;;;;NO;10362;2018-03-05;10:16 AM;2018-03-05T15:16:00+00:00;35.794960595, -78.87516326;2018;No;No;3;NONE;NONE,NONE;NONE,NONE;PASSENGER CAR;PASSENGER CAR;PASSENGER CAR;PASSENGER CAR
32993;CARY;NO SPECIAL FEATURE;STRAIGHT,LEVEL;STATE SECONDARY ROUTE;TWO-WAY,DIVIDED,UNPROTECTED MEDIAN;SMOOTH ASPHALT;DRY;DAYLIGHT;CLEAR;NO CONTROL PRESENT;;;-78.906094;35.803887;;122;0;0;1;;NONE;;NONE;;PASSENGER CAR;PASSENGER CAR;;;;NO;10364;2018-03-05;5:46:22 PM;2018-03-05T22:46:22+00:00;;2018;No;No;3;NONE;NONE,NONE;NONE,NONE;PASSENGER CAR,PASSENGER CAR;PASSENGER CAR,PASSENGER CAR;PASSENGER CAR,PASSENGER CAR;PASSENGER CAR,PASSENGER CAR
33005;60 FEET FROM SW CARY PKWY;NO SPECIAL FEATURE;STRAIGHT,LEVEL;LOCAL STREET;TWO-WAY,DIVIDED,UNPROTECTED MEDIAN;SMOOTH ASPHALT;WET;DAYLIGHT;CLOUDY;NO CONTROL PRESENT;;;-78.829373;35.788772;;;0;0;;;NONE;;NONE;;SPORT UTILITY;PASSENGER CAR;PASSENGER CAR;;;NO;10376;2018-02-28;2:31:59 PM;2018-02-28T19:31:59+00:00;;2018;No;No;2;NONE;NONE,NONE;NONE,NONE;SPORT UTILITY,PASSENGER CAR;SPORT UTILITY,PASSENGER CAR,PASSENGER CAR;SPORT UTILITY,PASSENGER CAR,PASSENGER CAR;SPORT UTILITY,PASSENGER CAR,PASSENGER CAR
33006;50 FEET FROM SW CARY PKWY;NO SPECIAL FEATURE;STRAIGHT,LEVEL;LOCAL STREET;TWO-WAY,DIVIDED,UNPROTECTED MEDIAN;SMOOTH ASPHALT;WET;DAYLIGHT;CLOUDY;NO CONTROL PRESENT;;;-78.829373;35.788772;;;0;0;;;NONE;;NONE;;PASSENGER CAR;PASSENGER CAR;;;;NO;10377;2018-02-28;2:58:18 PM;2018-02-28T19:58:18+00:00;;2018;No;No;2;NONE;NONE,NONE;NONE,NONE;PASSENGER CAR,PASSENGER CAR;PASSENGER CAR,PASSENGER CAR;PASSENGER CAR,PASSENGER CAR;PASSENGER CAR,PASSENGER CAR
33015;.1 MILES FROM SR-1313 WALNUT ST;RELATED TO INTERSECTION;STRAIGHT,LEVEL;STATE SECONDARY ROUTE;TWO-WAY,DIVIDED,UNPROTECTED MEDIAN;SMOOTH ASPHALT;WET;DARK - LIGHTED ROADWAY;RAIN;NO CONTROL PRESENT;;;-78.7447;35.7591;;;0;0;;;NONE;;NONE;;SPORT UTILITY;SPORT UTILITY;;;;NO;10386;2018-03-06;8:01:49 PM;2018-03-07T01:01:49+00:00;;2018;No;No;3;NONE;NONE,NONE;NONE,NONE;SPORT UTILITY,SPORT UTILITY;SPORT UTILITY,SPORT UTILITY;SPORT UTILITY,SPORT UTILITY;SPORT UTILITY,SPORT UTILITY
33020;200 FEET FROM SR 3977 (SE CARY PARKWAY);NO SPECIAL FEATURE;STRAIGHT,LEVEL;STATE SECONDARY ROUTE;TWO-WAY,DIVIDED,UNPROTECTED MEDIAN;SMOOTH ASPHALT;WET;DAYLIGHT;RAIN;NO CONTROL PRESENT;;;-78.781496;35.758007;;112;0;0;;;;;NONE;;PASSENGER CAR;PASSENGER CAR;;;;NO;10391;2018-03-06;12:00 AM;2018-03-06T05:00:00+00:00;;2018;No;No;3;;NONE;NONE;PASSENGER CAR,PASSENGER CAR;PASSENGER CAR,PASSENGER CAR;PASSENGER CAR,PASSENGER CAR;PASSENGER CAR,PASSENGER CAR
33024;.2 MILES FROM SR 3977 (SE CARY PARKWAY);NO SPECIAL FEATURE;STRAIGHT,LEVEL;STATE SECONDARY ROUTE;TWO-WAY,DIVIDED,UNPROTECTED MEDIAN;SMOOTH ASPHALT;WET;DARK - LIGHTED ROADWAY;RAIN;NO CONTROL PRESENT;;;-78.78365;35.757708;;112;0;0;1;;;;NONE;;PASSENGER CAR;SPORT UTILITY;;;;NO;10395;2018-03-06;12:00 AM;2018-03-06T05:00:00+00:00;;2018;No;No;3;;NONE;NONE;PASSENGER CAR,SPORT UTILITY;PASSENGER CAR,SPORT UTILITY;PASSENGER CAR,SPORT UTILITY;PASSENGER CAR,SPORT UTILITY
33025;300 FEET FROM SR-1300 KILDAIRE FARM RD;NO SPECIAL FEATURE;STRAIGHT,LEVEL;STATE SECONDARY ROUTE;TWO-WAY,NOT DIVIDED;SMOOTH ASPHALT;DRY;DAYLIGHT;CLEAR;NO CONTROL PRESENT;;;-78.777;35.728;;;0;0;1;;NONE;;NONE;;PASSENGER CAR;PASSENGER CAR;;;;NO;10396;2018-03-07;3:42:09 PM;2018-03-07T20:42:09+00:00;;2018;No;No;3;NONE;NONE,NONE;NONE,NONE;PASSENGER CAR,PASSENGER CAR;PASSENGER CAR,PASSENGER CAR;PASSENGER CAR,PASSENGER CAR;PASSENGER CAR,PASSENGER CAR
33031;20 FEET FROM AUTO MALL DR;NO SPECIAL FEATURE;STRAIGHT,LEVEL;LOCAL STREET;TWO-WAY,NOT DIVIDED;SMOOTH ASPHALT;DRY;DAYLIGHT;CLEAR;NO CONTROL PRESENT;35.74033755;-78.80990492;-78.809967;35.740595;P041;116;0;0;1;;;;NONE;;VAN;PASSENGER CAR;;;;NO;10402;2018-03-07;1:34:55 PM;2018-03-07T18:34:55+00:00;35.74033755, -78.80990492;2018;No;No;3;;NONE;NONE;VAN,PASSENGER CAR;VAN,PASSENGER CAR;VAN,PASSENGER CAR;VAN,PASSENGER CAR