tamainid;location_description;rdfeature;rdcharacter;rdclass;rdconfigur;rdsurface;rdcondition;lightcond;weather;trafcontrl;lat;lon;lon2;lat2;tract;zone;fatality;possblinj;numpassengers;numpedestrians;contrcir1_desc;contrcir2_desc;contrcir3_desc;contrcir4_desc;vehicle1;vehicle2;vehicle3;vehicle4;vehicle5;workarea;records;ta_date;ta_time;crash_date;geo_location;year;fatalities;injuries;month;contrfact1;contrfact2;contributing_factor;vehicleconcat1;vehicleconcat2;vehicleconcat3;vehicle_type
35132;130 FEET FROM NW MAYNARD RD (SR3073);NO SPECIAL FEATURE;STRAIGHT,LEVEL;STATE SECONDARY ROUTE;TWO-WAY,NOT DIVIDED;SMOOTH ASPHALT;DRY;DAYLIGHT;CLEAR;STOP AND GO SIGNAL;35.776937358;-78.80476735;-78.8052;35.7772;P008;114;0;0;;;;;NONE;;PASSENGER CAR;PASSENGER CAR;;;;NO;12503;2018-08-15;4:52:43 PM;2018-08-15T20:52:43+00:00;35.776937358, -78.80476735;2018;No;No;8;;NONE;NONE;PASSENGER CAR,PASSENGER CAR;PASSENGER CAR,PASSENGER CAR;PASSENGER CAR,PASSENGER CAR;PASSENGER CAR,PASSENGER CAR
35135;400 FEET FROM P.V.A. (150 PARKWAY OFFICE CT);TRAFFIC CIRCLE/ROUNDABOUT;CURVE,LEVEL;PUBLIC VEHICULAR AREA;ONE-WAY,NOT DIVIDED;SMOOTH ASPHALT;DRY;DAYLIGHT;CLEAR;YIELD SIGN;;;-78.767;35.7452;;;0;0;1;;NONE;;NONE;;PASSENGER CAR;PASSENGER CAR;;;;NO;12506;2018-08-15;11:45 AM;2018-08-15T15:45:00+00:00;;2018;No;No;8;NONE;NONE,NONE;NONE,NONE;PASSENGER CAR,PASSENGER CAR;PASSENGER CAR,PASSENGER CAR;PASSENGER CAR,PASSENGER CAR;PASSENGER CAR,PASSENGER CAR
35138;100 FEET FROM PVA 2205 WALNUT ST;NO SPECIAL FEATURE;STRAIGHT,LEVEL;PUBLIC VEHICULAR AREA;ONE-WAY,NOT DIVIDED;SMOOTH ASPHALT;DRY;DAYLIGHT;CLEAR;NO CONTROL PRESENT;;;-78.73962;35.754955;;;0;0;;;NONE;;NONE;;PASSENGER CAR;;;;;NO;12509;2018-08-16;8:55:25 AM;2018-08-16T12:55:25+00:00;;2018;No;No;8;NONE;NONE,NONE;NONE,NONE;PASSENGER CAR;PASSENGER CAR;PASSENGER CAR;PASSENGER CAR
35143;50 FEET FROM US 1 RAMP;NO SPECIAL FEATURE;STRAIGHT,LEVEL;US ROUTE;ONE-WAY,NOT DIVIDED;SMOOTH ASPHALT;DRY;DAYLIGHT;CLEAR;STOP AND GO SIGNAL;35.736942923;-78.79379316;-78.79406;35.738015;P043;116;0;0;;;NONE;;NONE;;PASSENGER CAR;PASSENGER CAR;;;;NO;12514;2018-08-16;7:46:23 PM;2018-08-16T23:46:23+00:00;35.736942923, -78.79379316;2018;No;No;8;NONE;NONE,NONE;NONE,NONE;PASSENGER CAR,PASSENGER CAR;PASSENGER CAR,PASSENGER CAR;PASSENGER CAR,PASSENGER CAR;PASSENGER CAR,PASSENGER CAR
35145;.5 MILES FROM US1;NO SPECIAL FEATURE;STRAIGHT,LEVEL;US ROUTE;TWO-WAY,DIVIDED,POSITIVE MEDIAN BARRIER;GROOVED CONCRETE;DRY;DAYLIGHT;CLEAR;NO CONTROL PRESENT;;;-78.7546;35.7571;;;0;0;;;NONE;;NONE;;SPORT UTILITY;PASSENGER CAR;;;;NO;12516;2018-08-16;5:59:12 PM;2018-08-16T21:59:12+00:00;;2018;No;No;8;NONE;NONE,NONE;NONE,NONE;SPORT UTILITY,PASSENGER CAR;SPORT UTILITY,PASSENGER CAR;SPORT UTILITY,PASSENGER CAR;SPORT UTILITY,PASSENGER CAR
35146;CARY;FOUR-WAY INTERSECTION;STRAIGHT,LEVEL;STATE SECONDARY ROUTE;TWO-WAY,DIVIDED,UNPROTECTED MEDIAN;SMOOTH ASPHALT;DRY;DAYLIGHT;CLEAR;STOP AND GO SIGNAL;;;-78.7495;35.7642;;112;0;0;2;;;;NONE;;PASSENGER CAR;PASSENGER CAR;;;;NO;12517;2018-08-16;7:14:15 PM;2018-08-16T23:14:15+00:00;;2018;No;No;8;;NONE;NONE;PASSENGER CAR,PASSENGER CAR;PASSENGER CAR,PASSENGER CAR;PASSENGER CAR,PASSENGER CAR;PASSENGER CAR,PASSENGER CAR
35150;250 FEET FROM PVA (1253 BUCK JONES RD);NO SPECIAL FEATURE;STRAIGHT,LEVEL;PUBLIC VEHICULAR AREA;TWO-WAY,NOT DIVIDED;SMOOTH ASPHALT;DRY;DARK - LIGHTED ROADWAY;CLEAR;NO CONTROL PRESENT;;;-78.7401;35.7652;;;0;0;;;NONE;;NONE;;PASSENGER CAR;PASSENGER CAR;;;;NO;12521;2018-08-15;8:40:38 PM;2018-08-16T00:40:38+00:00;;2018;No;No;8;NONE;NONE,NONE;NONE,NONE;PASSENGER CAR,PASSENGER CAR;PASSENGER CAR,PASSENGER CAR;PASSENGER CAR,PASSENGER CAR;PASSENGER CAR,PASSENGER CAR
35161;.1 MILES FROM P.V.A. (200 BROOKS PARK LN);NO SPECIAL FEATURE;STRAIGHT,LEVEL;PUBLIC VEHICULAR AREA;TWO-WAY,NOT DIVIDED;SMOOTH ASPHALT;DRY;DAYLIGHT;CLEAR;NO CONTROL PRESENT;;;-78.8917;35.7996;;;0;0;;;NONE;;NONE;;PICKUP;PASSENGER CAR;;;;NO;12532;2018-08-18;1:30:46 PM;2018-08-18T17:30:46+00:00;;2018;No;No;8;NONE;NONE,NONE;NONE,NONE;PICKUP,PASSENGER CAR;PICKUP,PASSENGER CAR;PICKUP,PASSENGER CAR;PICKUP,PASSENGER CAR
35175;200 FEET FROM SR 1313 (WALNUT ST);RELATED TO INTERSECTION;STRAIGHT,BOTTOM (SAG);STATE SECONDARY ROUTE;TWO-WAY,NOT DIVIDED;SMOOTH ASPHALT;DRY;DARK - LIGHTED ROADWAY;CLEAR;NO CONTROL PRESENT;;;-78.7607;35.7697;;;0;0;;;NONE;;NONE;;PASSENGER CAR;PASSENGER CAR;;;;NO;12546;2018-08-17;8:57:52 PM;2018-08-18T00:57:52+00:00;;2018;No;No;8;NONE;NONE,NONE;NONE,NONE;PASSENGER CAR,PASSENGER CAR;PASSENGER CAR,PASSENGER CAR;PASSENGER CAR,PASSENGER CAR;PASSENGER CAR,PASSENGER CAR
35183;50 FEET FROM P.P. (1406 BLOOMINGDALE DR);NO SPECIAL FEATURE;STRAIGHT,HILLCREST;PRIVATE ROAD,DRIVEWAY;;CONCRETE;WET;DARK - ROADWAY NOT LIGHTED;CLOUDY;NO CONTROL PRESENT;;;-78.7611;35.7568;;112;0;0;;;;;NONE;;PASSENGER CAR;PASSENGER CAR;;;;NO;12554;2018-08-18;10:32 PM;2018-08-19T02:32:00+00:00;;2018;No;No;8;;NONE;NONE;PASSENGER CAR,PASSENGER CAR;PASSENGER CAR,PASSENGER CAR;PASSENGER CAR,PASSENGER CAR;PASSENGER CAR,PASSENGER CAR
35185;0 FEET FROM SR 3081 (CHAPEL HILL RD);FOUR-WAY INTERSECTION;STRAIGHT,LEVEL;STATE SECONDARY ROUTE;TWO-WAY,DIVIDED,UNPROTECTED MEDIAN;COARSE ASPHALT;DRY;DAYLIGHT;CLEAR;STOP AND GO SIGNAL;;;-78.7811;35.7918;;;0;0;3;;NONE;;NONE;;PASSENGER CAR;SPORT UTILITY;;;;NO;12556;2018-08-18;10:21 AM;2018-08-18T14:21:00+00:00;;2018;No;No;8;NONE;NONE,NONE;NONE,NONE;PASSENGER CAR,SPORT UTILITY;PASSENGER CAR,SPORT UTILITY;PASSENGER CAR,SPORT UTILITY;PASSENGER CAR,SPORT UTILITY
35192;50 FEET FROM SUMMERWINDS DR;NO SPECIAL FEATURE;CURVE,GRADE;LOCAL STREET;TWO-WAY,NOT DIVIDED;SMOOTH ASPHALT;UNKNOWN;DARK - ROADWAY NOT LIGHTED;RAIN;NO CONTROL PRESENT;35.733698339;-78.77067787;-78.7704;35.7338;P047;118;0;0;;;;;NONE;;PASSENGER CAR;;;;;NO;12563;2018-08-19;5:03:51 PM;2018-08-19T21:03:51+00:00;35.733698339, -78.77067787;2018;No;No;8;;NONE;NONE;PASSENGER CAR;PASSENGER CAR;PASSENGER CAR;PASSENGER CAR
35193;CARY;T-INTERSECTION;STRAIGHT,LEVEL;STATE SECONDARY ROUTE;TWO-WAY,NOT DIVIDED;SMOOTH ASPHALT;DRY;DARK - LIGHTED ROADWAY;CLOUDY;NO CONTROL PRESENT;;;-78.8965;35.7999;;122;0;0;;;NONE;;NONE;;SPORT UTILITY;;;;;NO;12564;2018-08-19;10:18 PM;2018-08-20T02:18:00+00:00;;2018;No;No;8;NONE;NONE,NONE;NONE,NONE;SPORT UTILITY;SPORT UTILITY;SPORT UTILITY;SPORT UTILITY
35194;100 FEET FROM  YELLOWFIELD WAY;NO SPECIAL FEATURE;STRAIGHT,LEVEL;LOCAL STREET;TWO-WAY,DIVIDED,UNPROTECTED MEDIAN;SMOOTH ASPHALT;DRY;DAYLIGHT;CLEAR;NO CONTROL PRESENT;35.748446926;-78.74143946;-78.74151;35.748944;P046;118;0;0;;;;;NONE;;PASSENGER CAR;SPORT UTILITY;;;;NO;12565;2018-08-20;5:59:33 PM;2018-08-20T21:59:33+00:00;35.748446926, -78.74143946;2018;No;No;8;;NONE;NONE;PASSENGER CAR,SPORT UTILITY;PASSENGER CAR,SPORT UTILITY;PASSENGER CAR,SPORT UTILITY;PASSENGER CAR,SPORT UTILITY
35196;355 FEET FROM SR 1011 (E CHATHAM ST);NO SPECIAL FEATURE;STRAIGHT,LEVEL;STATE SECONDARY ROUTE;TWO-WAY,DIVIDED,UNPROTECTED MEDIAN;SMOOTH ASPHALT;DRY;DAYLIGHT;CLEAR;NO CONTROL PRESENT;;;-78.752349;35.790209;;;0;0;1;;NONE;;NONE;;PASSENGER CAR;PASSENGER CAR;PASSENGER CAR;;;NO;12567;2018-08-10;4:41:57 PM;2018-08-10T20:41:57+00:00;;2018;No;No;8;NONE;NONE,NONE;NONE,NONE;PASSENGER CAR,PASSENGER CAR;PASSENGER CAR,PASSENGER CAR,PASSENGER CAR;PASSENGER CAR,PASSENGER CAR,PASSENGER CAR;PASSENGER CAR,PASSENGER CAR,PASSENGER CAR
35202;0 FEET FROM ALLIANCE CIR;T-INTERSECTION;STRAIGHT,LEVEL;LOCAL STREET;;SMOOTH ASPHALT;DRY;DAYLIGHT;CLEAR;STOP SIGN;35.775889059;-78.87690363;-78.877024;35.775897;P118;117;0;1;3;;NONE;;NONE;;SPORT UTILITY;PASSENGER CAR;;;;NO;12573;2018-08-20;7:16:11 PM;2018-08-20T23:16:11+00:00;35.775889059, -78.87690363;2018;No;Yes;8;NONE;NONE,NONE;NONE,NONE;SPORT UTILITY,PASSENGER CAR;SPORT UTILITY,PASSENGER CAR;SPORT UTILITY,PASSENGER CAR;SPORT UTILITY,PASSENGER CAR
35212;20 FEET FROM SR 3081 (CHAPEL HILL RD);RELATED TO INTERSECTION;STRAIGHT,LEVEL;STATE SECONDARY ROUTE;TWO-WAY,DIVIDED,UNPROTECTED MEDIAN;COARSE ASPHALT;DRY;DAYLIGHT;CLOUDY;NO CONTROL PRESENT;;;-78.7822;35.7916;;;0;0;;;NONE;;NONE;;PICKUP;VAN;;;;NO;12583;2018-08-20;4:56:16 AM;2018-08-20T08:56:16+00:00;;2018;No;No;8;NONE;NONE,NONE;NONE,NONE;PICKUP,VAN;PICKUP,VAN;PICKUP,VAN;PICKUP,VAN
35223;20 FEET FROM W CHATHAM ST;;;;;;;;;;35.780999828;-78.79486931;;;P036;114;0;0;;;;;;;;;;;;;12594;2018-08-14;3:54:25 PM;2018-08-14T19:54:25+00:00;35.780999828, -78.79486931;2018;No;No;8;;;;;;;
35227;300 FEET FROM 275 CONVENTION DR (PVA);DRIVEWAY, PUBLIC;STRAIGHT,LEVEL;PUBLIC VEHICULAR AREA;ONE-WAY,NOT DIVIDED;SMOOTH ASPHALT;DRY;DAYLIGHT;CLEAR;NO CONTROL PRESENT;35.775233241;-78.75561145;-78.7624;35.7701;P121;120;0;0;1;;NONE;;NONE;;VAN;VAN;;;;NO;12598;2018-08-21;3:57:59 PM;2018-08-21T19:57:59+00:00;35.775233241, -78.75561145;2018;No;No;8;NONE;NONE,NONE;NONE,NONE;VAN,VAN;VAN,VAN;VAN,VAN;VAN,VAN
35243;310 FEET FROM 7145 O`KELLY CHAPEL RD (PVA);NO SPECIAL FEATURE;STRAIGHT,LEVEL;PUBLIC VEHICULAR AREA;TWO-WAY,NOT DIVIDED;SMOOTH ASPHALT;DRY;DAYLIGHT;CLEAR;NO CONTROL PRESENT;35.865215292;-78.94423441;-78.8881;35.8443;P094;CHAT;0;0;;;;;NONE;;LIGHT TRUCK (MINI-VAN- PANEL);SPORT UTILITY;;;;NO;12614;2018-08-23;2:15:02 PM;2018-08-23T18:15:02+00:00;35.865215292, -78.94423441;2018;No;No;8;;NONE;NONE;LIGHT TRUCK (MINI-VAN- PANEL),SPORT UTILITY;LIGHT TRUCK (MINI-VAN- PANEL),SPORT UTILITY;LIGHT TRUCK (MINI-VAN- PANEL),SPORT UTILITY;LIGHT TRUCK (MINI-VAN- PANEL),SPORT UTILITY
35255;CARY;FOUR-WAY INTERSECTION;STRAIGHT,LEVEL;STATE SECONDARY ROUTE;TWO-WAY,DIVIDED,UNPROTECTED MEDIAN;SMOOTH ASPHALT;DRY;DAYLIGHT;CLEAR;NO CONTROL PRESENT;35.79112227;-78.82541367;-78.825411;35.791172;P067;121;0;0;;;NONE;;NONE;;PASSENGER CAR;PASSENGER CAR;;;;NO;12626;2018-08-23;8:13:00 AM;2018-08-23T12:13:00+00:00;35.79112227, -78.82541367;2018;No;No;8;NONE;NONE,NONE;NONE,NONE;PASSENGER CAR,PASSENGER CAR;PASSENGER CAR,PASSENGER CAR;PASSENGER CAR,PASSENGER CAR;PASSENGER CAR,PASSENGER CAR
35259;0 FEET FROM SR 1009 (TRYON RD);;STRAIGHT,LEVEL;STATE SECONDARY ROUTE;TWO-WAY,DIVIDED,POSITIVE MEDIAN BARRIER;SMOOTH ASPHALT;DRY;DARK - LIGHTED ROADWAY;CLEAR;STOP AND GO SIGNAL;;;-78.737591;35.745621;;;0;0;;;NONE;;NONE;;PICKUP;PASSENGER CAR;;;;NO;12630;2018-08-25;10:55 PM;2018-08-26T02:55:00+00:00;;2018;No;No;8;NONE;NONE,NONE;NONE,NONE;PICKUP,PASSENGER CAR;PICKUP,PASSENGER CAR;PICKUP,PASSENGER CAR;PICKUP,PASSENGER CAR
35263;.2 MILES FROM US 1 HWY;NO SPECIAL FEATURE;STRAIGHT,LEVEL;US ROUTE;TWO-WAY,DIVIDED,POSITIVE MEDIAN BARRIER;SMOOTH ASPHALT;DRY;DARK - LIGHTED ROADWAY;CLEAR;NO CONTROL PRESENT;;;-78.7607;35.7545;;;0;0;;;NONE;;NONE;;PASSENGER CAR;PASSENGER CAR;;;;NO;12634;2018-08-25;3:19:31 AM;2018-08-25T07:19:31+00:00;;2018;No;No;8;NONE;NONE,NONE;NONE,NONE;PASSENGER CAR,PASSENGER CAR;PASSENGER CAR,PASSENGER CAR;PASSENGER CAR,PASSENGER CAR;PASSENGER CAR,PASSENGER CAR
35264;CARY;;;;;;;;;;;;;;;;0;0;1;;;;;;;;;;;;12635;2018-08-11;6:14:41 PM;2018-08-11T22:14:41+00:00;;2018;No;No;8;;;;;;;
35267;.2 MILES FROM SR 1315 (BUCK JONES RD);NO SPECIAL FEATURE;STRAIGHT,LEVEL;STATE SECONDARY ROUTE;TWO-WAY,DIVIDED,UNPROTECTED MEDIAN;SMOOTH ASPHALT;DRY;DAYLIGHT;CLEAR;NO CONTROL PRESENT;;;-78.7422;35.7652;;;0;1;4;;NONE;;NONE;;VAN;PASSENGER CAR;;;;NO;12638;2018-08-26;12:51 PM;2018-08-26T16:51:00+00:00;;2018;No;Yes;8;NONE;NONE,NONE;NONE,NONE;VAN,PASSENGER CAR;VAN,PASSENGER CAR;VAN,PASSENGER CAR;VAN,PASSENGER CAR
35269;50 FEET FROM SR 1011 (W CHATHAM ST);NO SPECIAL FEATURE;STRAIGHT,LEVEL;STATE SECONDARY ROUTE;TWO-WAY,NOT DIVIDED;COARSE ASPHALT;DRY;DAYLIGHT;CLEAR;NO CONTROL PRESENT;;;-78.783466;35.787174;;;0;0;;;;;NONE;;PASSENGER CAR;PICKUP;;;;NO;12640;2018-08-25;11:08 AM;2018-08-25T15:08:00+00:00;;2018;No;No;8;;NONE;NONE;PASSENGER CAR,PICKUP;PASSENGER CAR,PICKUP;PASSENGER CAR,PICKUP;PASSENGER CAR,PICKUP
35273;75 FEET FROM SR 1313 (WALNUT ST);NO SPECIAL FEATURE;STRAIGHT,LEVEL;STATE SECONDARY ROUTE;TWO-WAY,DIVIDED,UNPROTECTED MEDIAN;SMOOTH ASPHALT;DRY;DARK - LIGHTED ROADWAY;CLEAR;NO CONTROL PRESENT;;;-78.7421;35.7583;;;0;0;1;;NONE;;NONE;;PASSENGER CAR;PASSENGER CAR;;;;NO;12644;2018-08-22;10:09 PM;2018-08-23T02:09:00+00:00;;2018;No;No;8;NONE;NONE,NONE;NONE,NONE;PASSENGER CAR,PASSENGER CAR;PASSENGER CAR,PASSENGER CAR;PASSENGER CAR,PASSENGER CAR;PASSENGER CAR,PASSENGER CAR
35281;150 FEET FROM US 1;NO SPECIAL FEATURE;STRAIGHT,LEVEL;US ROUTE;TWO-WAY,DIVIDED,UNPROTECTED MEDIAN;COARSE ASPHALT;DRY;DARK - LIGHTED ROADWAY;CLEAR;NO CONTROL PRESENT;;;-78.737;35.7662;;112;0;0;1;;;;NONE;;PASSENGER CAR;PASSENGER CAR;;;;NO;12652;2018-08-25;8:56:10 PM;2018-08-26T00:56:10+00:00;;2018;No;No;8;;NONE;NONE;PASSENGER CAR,PASSENGER CAR;PASSENGER CAR,PASSENGER CAR;PASSENGER CAR,PASSENGER CAR;PASSENGER CAR,PASSENGER CAR
35288;.5 MILES FROM US1 S;NO SPECIAL FEATURE;STRAIGHT,LEVEL;US ROUTE;TWO-WAY,DIVIDED,POSITIVE MEDIAN BARRIER;CONCRETE;DRY;DARK - LIGHTED ROADWAY;CLEAR;NO CONTROL PRESENT;;;-78.7608;35.7544;;;0;0;;;NONE;;NONE;;PASSENGER CAR;PASSENGER CAR;;;;NO;12659;2018-08-25;2:51:13 AM;2018-08-25T06:51:13+00:00;;2018;No;No;8;NONE;NONE,NONE;NONE,NONE;PASSENGER CAR,PASSENGER CAR;PASSENGER CAR,PASSENGER CAR;PASSENGER CAR,PASSENGER CAR;PASSENGER CAR,PASSENGER CAR
35292;66 FEET FROM PVA 4212 SR 3112 (NW CARY PKWY;NO SPECIAL FEATURE;STRAIGHT,LEVEL;PUBLIC VEHICULAR AREA;TWO-WAY,NOT DIVIDED;SMOOTH ASPHALT;DRY;DAYLIGHT;CLEAR;NO CONTROL PRESENT;;;-78.82693;35.790578;;121;0;0;;;NONE;;NONE;;PASSENGER CAR;PASSENGER CAR;;;;NO;12663;2018-08-24;2:47:27 PM;2018-08-24T18:47:27+00:00;;2018;No;No;8;NONE;NONE,NONE;NONE,NONE;PASSENGER CAR,PASSENGER CAR;PASSENGER CAR,PASSENGER CAR;PASSENGER CAR,PASSENGER CAR;PASSENGER CAR,PASSENGER CAR
35294;.21 MILES FROM SR 1613 ( DAVIS DR);NO SPECIAL FEATURE;STRAIGHT,LEVEL;STATE SECONDARY ROUTE;TWO-WAY,DIVIDED,POSITIVE MEDIAN BARRIER;SMOOTH ASPHALT;DRY;DUSK;CLEAR;STOP AND GO SIGNAL;;;-78.847034;35.788301;;;0;0;1;;NONE;;NONE;;LIGHT TRUCK (MINI-VAN- PANEL);LIGHT TRUCK (MINI-VAN- PANEL);;;;NO;12665;2018-08-24;7:34:55 PM;2018-08-24T23:34:55+00:00;;2018;No;No;8;NONE;NONE,NONE;NONE,NONE;LIGHT TRUCK (MINI-VAN- PANEL),LIGHT TRUCK (MINI-VAN- PANEL);LIGHT TRUCK (MINI-VAN- PANEL),LIGHT TRUCK (MINI-VAN- PANEL);LIGHT TRUCK (MINI-VAN- PANEL),LIGHT TRUCK (MINI-VAN- PANEL);LIGHT TRUCK (MINI-VAN- PANEL),LIGHT TRUCK (MINI-VAN- PANEL)
35295;.25 MILES FROM S.R. 1613 DAVIS DR;NO SPECIAL FEATURE;STRAIGHT,LEVEL;STATE SECONDARY ROUTE;TWO-WAY,DIVIDED,UNPROTECTED MEDIAN;SMOOTH ASPHALT;DRY;DAYLIGHT;CLEAR;NO CONTROL PRESENT;;;-78.849896;35.826169;;;0;2;1;;NONE;;NONE;;PASSENGER CAR;PASSENGER CAR;;;;NO;12666;2018-08-21;6:31:23 PM;2018-08-21T22:31:23+00:00;;2018;No;Yes;8;NONE;NONE,NONE;NONE,NONE;PASSENGER CAR,PASSENGER CAR;PASSENGER CAR,PASSENGER CAR;PASSENGER CAR,PASSENGER CAR;PASSENGER CAR,PASSENGER CAR
35296;100 FEET FROM RIVER BOTTOM RD;NO SPECIAL FEATURE;STRAIGHT,LEVEL;PRIVATE ROAD,DRIVEWAY;TWO-WAY,NOT DIVIDED;SMOOTH ASPHALT;DRY;DAYLIGHT;CLEAR;NO CONTROL PRESENT;35.85568696;-78.89731207;-78.8971;35.8554;P074;119;0;0;;;NONE;;NONE;;PASSENGER CAR;SPORT UTILITY;;;;NO;12667;2018-08-25;11:20 AM;2018-08-25T15:20:00+00:00;35.85568696, -78.89731207;2018;No;No;8;NONE;NONE,NONE;NONE,NONE;PASSENGER CAR,SPORT UTILITY;PASSENGER CAR,SPORT UTILITY;PASSENGER CAR,SPORT UTILITY;PASSENGER CAR,SPORT UTILITY
35303;417 FEET FROM P.V.A. (2010 KILDAIRE FARM RD);NO SPECIAL FEATURE;STRAIGHT,GRADE;PUBLIC VEHICULAR AREA;ONE-WAY,NOT DIVIDED;COARSE ASPHALT;DRY;DAYLIGHT;CLEAR;NO CONTROL PRESENT;;;-78.7812;35.7369;;;0;0;;;;;NONE;;PASSENGER CAR;PASSENGER CAR;;;;NO;12674;2018-08-26;3:32:24 PM;2018-08-26T19:32:24+00:00;;2018;No;No;8;;NONE;NONE;PASSENGER CAR,PASSENGER CAR;PASSENGER CAR,PASSENGER CAR;PASSENGER CAR,PASSENGER CAR;PASSENGER CAR,PASSENGER CAR
35305;400 FEET FROM SR 1300 (KILDAIRE FARM RD);NO SPECIAL FEATURE;STRAIGHT,LEVEL;STATE SECONDARY ROUTE;TWO-WAY,NOT DIVIDED;SMOOTH ASPHALT;DRY;DAYLIGHT;CLEAR;STOP AND GO SIGNAL;;;-78.7799;35.7399;;;0;0;;;;;NONE;;SPORT UTILITY;VAN;;;;NO;12676;2018-08-27;1:16:13 PM;2018-08-27T17:16:13+00:00;;2018;No;No;8;;NONE;NONE;SPORT UTILITY,VAN;SPORT UTILITY,VAN;SPORT UTILITY,VAN;SPORT UTILITY,VAN
35308;50 FEET FROM SR 1300 (KILDAIRE FARM RD);DRIVEWAY, PUBLIC;STRAIGHT,LEVEL;STATE SECONDARY ROUTE;TWO-WAY,NOT DIVIDED;SMOOTH ASPHALT;DRY;DAYLIGHT;CLEAR;NO CONTROL PRESENT;;;-78.7801;35.7419;;;0;0;;;NONE;;NONE;;PICKUP;PICKUP;;;;CONSTRUCTION WORK AREA;12679;2018-08-27;4:18:28 PM;2018-08-27T20:18:28+00:00;;2018;No;No;8;NONE;NONE,NONE;NONE,NONE;PICKUP,PICKUP;PICKUP,PICKUP;PICKUP,PICKUP;PICKUP,PICKUP
35310;25 FEET FROM P.V.A. (5731 DILLARD DR);NO SPECIAL FEATURE;STRAIGHT,GRADE;PUBLIC VEHICULAR AREA;TWO-WAY,DIVIDED,POSITIVE MEDIAN BARRIER;SMOOTH ASPHALT;DRY;DAYLIGHT;CLEAR;STOP SIGN;;;-78.7461;35.756;;;0;0;;;;;NONE;;SPORT UTILITY;PASSENGER CAR;;;;NO;12681;2018-08-27;10:30 AM;2018-08-27T14:30:00+00:00;;2018;No;No;8;;NONE;NONE;SPORT UTILITY,PASSENGER CAR;SPORT UTILITY,PASSENGER CAR;SPORT UTILITY,PASSENGER CAR;SPORT UTILITY,PASSENGER CAR
35311;185 FEET FROM PVA (411 GREGORY DR);NO SPECIAL FEATURE;STRAIGHT,GRADE;PUBLIC VEHICULAR AREA;TWO-WAY,NOT DIVIDED;SMOOTH ASPHALT;DRY;DARK - LIGHTED ROADWAY;CLEAR;NO CONTROL PRESENT;;;-78.7753;35.8011;;;0;0;;;NONE;;NONE;;PASSENGER CAR;;;;;NO;12682;2018-08-26;7:25:50 PM;2018-08-26T23:25:50+00:00;;2018;No;No;8;NONE;NONE,NONE;NONE,NONE;PASSENGER CAR;PASSENGER CAR;PASSENGER CAR;PASSENGER CAR
35314;5 FEET FROM SR 1313 (WALNUT ST);RELATED TO INTERSECTION;STRAIGHT,LEVEL;STATE SECONDARY ROUTE;TWO-WAY,DIVIDED,UNPROTECTED MEDIAN;SMOOTH ASPHALT;DRY;DARK - ROADWAY NOT LIGHTED;CLEAR;STOP AND GO SIGNAL;;;-78.740576;35.7458773;;;0;2;2;;NONE;;NONE;;SPORT UTILITY;PASSENGER CAR;;;;NO;12685;2018-08-25;12:52 AM;2018-08-25T04:52:00+00:00;;2018;No;Yes;8;NONE;NONE,NONE;NONE,NONE;SPORT UTILITY,PASSENGER CAR;SPORT UTILITY,PASSENGER CAR;SPORT UTILITY,PASSENGER CAR;SPORT UTILITY,PASSENGER CAR
35320;0 MILES FROM SR 1315 (BUCK JONES RD);DRIVEWAY, PUBLIC;STRAIGHT,LEVEL;STATE SECONDARY ROUTE;TWO-WAY,DIVIDED,UNPROTECTED MEDIAN;SMOOTH ASPHALT;DRY;DAYLIGHT;CLEAR;NO CONTROL PRESENT;;;-78.744961;35.7635004;;;0;2;1;;NONE;;NONE;;PASSENGER CAR;PASSENGER CAR;;;;NO;12691;2018-08-25;7:30:16 PM;2018-08-25T23:30:16+00:00;;2018;No;Yes;8;NONE;NONE,NONE;NONE,NONE;PASSENGER CAR,PASSENGER CAR;PASSENGER CAR,PASSENGER CAR;PASSENGER CAR,PASSENGER CAR;PASSENGER CAR,PASSENGER CAR
35323;250 FEET FROM US 1 HWY;;;;;;WATER (STANDING, MOVING);;;;35.7371541;-78.79085468;;;P042;115;0;0;;;;;;;;;;;;;12694;2018-08-08;10:25 AM;2018-08-08T14:25:00+00:00;35.7371541, -78.79085468;2018;No;No;8;;;;;;;
35324;.3 MILES FROM 1 HWY;NO SPECIAL FEATURE;STRAIGHT,LEVEL;US ROUTE;TWO-WAY,DIVIDED,POSITIVE MEDIAN BARRIER;GROOVED CONCRETE;DRY;DAYLIGHT;CLEAR;NO CONTROL PRESENT;;;-78.801888;35.732531;;116;0;1;;;NONE;;NONE;;SPORT UTILITY;SPORT UTILITY;;;;NO;12695;2018-08-24;12:19 PM;2018-08-24T16:19:00+00:00;;2018;No;Yes;8;NONE;NONE,NONE;NONE,NONE;SPORT UTILITY,SPORT UTILITY;SPORT UTILITY,SPORT UTILITY;SPORT UTILITY,SPORT UTILITY;SPORT UTILITY,SPORT UTILITY
35331;20 FEET FROM SR 1009 (TRYON RD);RELATED TO INTERSECTION;STRAIGHT,LEVEL;STATE SECONDARY ROUTE;TWO-WAY,NOT DIVIDED;SMOOTH ASPHALT;DRY;DAYLIGHT;CLEAR;STOP AND GO SIGNAL;;;-78.7802;35.7391;;115;0;1;1;;NONE;;NONE;;PICKUP;SPORT UTILITY;;;;NO;12702;2018-08-24;10:48 AM;2018-08-24T14:48:00+00:00;;2018;No;Yes;8;NONE;NONE,NONE;NONE,NONE;PICKUP,SPORT UTILITY;PICKUP,SPORT UTILITY;PICKUP,SPORT UTILITY;PICKUP,SPORT UTILITY