tamainid;location_description;rdfeature;rdcharacter;rdclass;rdconfigur;rdsurface;rdcondition;lightcond;weather;trafcontrl;lat;lon;lon2;lat2;tract;zone;fatality;possblinj;numpassengers;numpedestrians;contrcir1_desc;contrcir2_desc;contrcir3_desc;contrcir4_desc;vehicle1;vehicle2;vehicle3;vehicle4;vehicle5;workarea;records;ta_date;ta_time;crash_date;geo_location;year;fatalities;injuries;month;contrfact1;contrfact2;contributing_factor;vehicleconcat1;vehicleconcat2;vehicleconcat3;vehicle_type
35342;200 FEET FROM PVA 580 NEW WAVERLY PL;NO SPECIAL FEATURE;STRAIGHT,LEVEL;PUBLIC VEHICULAR AREA;TWO-WAY,NOT DIVIDED;SMOOTH ASPHALT;DRY;DAYLIGHT;CLEAR;NO CONTROL PRESENT;;;-78.7755;35.7393;;;0;0;;;;;NONE;;PASSENGER CAR;PASSENGER CAR;;;;NO;12713;2018-08-29;12:24 PM;2018-08-29T16:24:00+00:00;;2018;No;No;8;;NONE;NONE;PASSENGER CAR,PASSENGER CAR;PASSENGER CAR,PASSENGER CAR;PASSENGER CAR,PASSENGER CAR;PASSENGER CAR,PASSENGER CAR
35344;10 FEET FROM US 1;OFF-RAMP TERMINAL ON CROSSROAD;CURVE,BOTTOM (SAG);US ROUTE;TWO-WAY,DIVIDED,POSITIVE MEDIAN BARRIER;SMOOTH ASPHALT;DRY;DAYLIGHT;CLEAR;STOP AND GO SIGNAL;;;-78.794;35.7379;;;0;0;;;NONE;;NONE;;PASSENGER CAR;PASSENGER CAR;;;;NO;12715;2018-08-29;7:14:28 AM;2018-08-29T11:14:28+00:00;;2018;No;No;8;NONE;NONE,NONE;NONE,NONE;PASSENGER CAR,PASSENGER CAR;PASSENGER CAR,PASSENGER CAR;PASSENGER CAR,PASSENGER CAR;PASSENGER CAR,PASSENGER CAR
35348;.5 MILES FROM NC 55 HWY;RELATED TO INTERSECTION;STRAIGHT,LEVEL;NC ROUTE;TWO-WAY,DIVIDED,UNPROTECTED MEDIAN;SMOOTH ASPHALT;DRY;DAYLIGHT;CLEAR;STOP AND GO SIGNAL;35.82037224;-78.87368537;-78.87294;35.81482;P091;WAKE;0;0;2;;NONE;;NONE;;PASSENGER CAR;PASSENGER CAR;;;;NO;12719;2018-08-17;8:00:30 PM;2018-08-18T00:00:30+00:00;35.82037224, -78.87368537;2018;No;No;8;NONE;NONE,NONE;NONE,NONE;PASSENGER CAR,PASSENGER CAR;PASSENGER CAR,PASSENGER CAR;PASSENGER CAR,PASSENGER CAR;PASSENGER CAR,PASSENGER CAR
35351;CARY;FOUR-WAY INTERSECTION;STRAIGHT,LEVEL;STATE SECONDARY ROUTE;TWO-WAY,DIVIDED,POSITIVE MEDIAN BARRIER;CONCRETE;DRY;DAYLIGHT;CLEAR;STOP SIGN;35.831928472;-78.84815374;-78.84812;35.832033;P073;121;0;0;;;NONE;;NONE;;PASSENGER CAR;PASSENGER CAR;;;;NO;12722;2018-08-28;1:37:19 PM;2018-08-28T17:37:19+00:00;35.831928472, -78.84815374;2018;No;No;8;NONE;NONE,NONE;NONE,NONE;PASSENGER CAR,PASSENGER CAR;PASSENGER CAR,PASSENGER CAR;PASSENGER CAR,PASSENGER CAR;PASSENGER CAR,PASSENGER CAR
35355;CARY;NO SPECIAL FEATURE;STRAIGHT,LEVEL;PUBLIC VEHICULAR AREA;TWO-WAY,NOT DIVIDED;SMOOTH ASPHALT;DRY;DARK - LIGHTED ROADWAY;CLEAR;NO CONTROL PRESENT;35.742228879;-78.78065811;-78.7964;35.7054;P044;115;0;0;;;NONE;;NONE;;VAN;PASSENGER CAR;;;;NO;12726;2018-08-29;10:08 PM;2018-08-30T02:08:00+00:00;35.742228879, -78.78065811;2018;No;No;8;NONE;NONE,NONE;NONE,NONE;VAN,PASSENGER CAR;VAN,PASSENGER CAR;VAN,PASSENGER CAR;VAN,PASSENGER CAR
35358;.5 MILES FROM P.V.A. (2021 WALNUT ST);NO SPECIAL FEATURE;STRAIGHT,LEVEL;PUBLIC VEHICULAR AREA;TWO-WAY,NOT DIVIDED;SMOOTH ASPHALT;DRY;DAYLIGHT;CLEAR;NO CONTROL PRESENT;;;-78.739;35.7584;;;0;0;;;;;NONE;;PASSENGER CAR;PASSENGER CAR;;;;NO;12729;2018-08-30;3:45:43 PM;2018-08-30T19:45:43+00:00;;2018;No;No;8;;NONE;NONE;PASSENGER CAR,PASSENGER CAR;PASSENGER CAR,PASSENGER CAR;PASSENGER CAR,PASSENGER CAR;PASSENGER CAR,PASSENGER CAR
35364;5 FEET FROM SR1628 (O`KELLY CHAPEL RD);FOUR-WAY INTERSECTION;STRAIGHT,GRADE;STATE SECONDARY ROUTE;TWO-WAY,DIVIDED,UNPROTECTED MEDIAN;SMOOTH ASPHALT;DRY;DAYLIGHT;CLEAR;STOP AND GO SIGNAL;;;-78.8908;35.8456;;;0;0;1;;;;NONE;;PASSENGER CAR;SPORT UTILITY;;;;NO;12735;2018-08-29;7:18:18 PM;2018-08-29T23:18:18+00:00;;2018;No;No;8;;NONE;NONE;PASSENGER CAR,SPORT UTILITY;PASSENGER CAR,SPORT UTILITY;PASSENGER CAR,SPORT UTILITY;PASSENGER CAR,SPORT UTILITY
35367;100 FEET FROM (P.V.A.) HIGH HOUSE RD;DRIVEWAY, PUBLIC;STRAIGHT,LEVEL;PUBLIC VEHICULAR AREA;UNKNOWN;SMOOTH ASPHALT;DRY;DAYLIGHT;CLEAR;NO CONTROL PRESENT;;;-78.829885;35.789441;;;0;0;;;NONE;;NONE;;PASSENGER CAR;SPORT UTILITY;;;;NO;12738;2018-08-29;1:51:07 PM;2018-08-29T17:51:07+00:00;;2018;No;No;8;NONE;NONE,NONE;NONE,NONE;PASSENGER CAR,SPORT UTILITY;PASSENGER CAR,SPORT UTILITY;PASSENGER CAR,SPORT UTILITY;PASSENGER CAR,SPORT UTILITY
35371;50 FEET FROM SR 1009 TRYON RD;NO SPECIAL FEATURE;STRAIGHT,LEVEL;STATE SECONDARY ROUTE;TWO-WAY,DIVIDED,POSITIVE MEDIAN BARRIER;SMOOTH ASPHALT;DRY;DAYLIGHT;CLEAR;STOP AND GO SIGNAL;;;-78.788157;35.736264;;;0;1;;;NONE;;NONE;;PASSENGER CAR;PASSENGER CAR;;;;NO;12742;2018-08-30;2:59:19 PM;2018-08-30T18:59:19+00:00;;2018;No;Yes;8;NONE;NONE,NONE;NONE,NONE;PASSENGER CAR,PASSENGER CAR;PASSENGER CAR,PASSENGER CAR;PASSENGER CAR,PASSENGER CAR;PASSENGER CAR,PASSENGER CAR
35376;400 FEET FROM P.V.A. OF 311 ASHVILLE AVE;NO SPECIAL FEATURE;STRAIGHT,GRADE;PUBLIC VEHICULAR AREA;TWO-WAY,NOT DIVIDED;SMOOTH ASPHALT;DRY;DAYLIGHT;CLEAR;NO CONTROL PRESENT;35.911269512;-78.76312045;-78.7852;35.7381;P111;RALW;0;0;;;NONE;;NONE;;PICKUP;PASSENGER CAR;;;;NO;12747;2018-08-31;2:20:13 PM;2018-08-31T18:20:13+00:00;35.911269512, -78.76312045;2018;No;No;8;NONE;NONE,NONE;NONE,NONE;PICKUP,PASSENGER CAR;PICKUP,PASSENGER CAR;PICKUP,PASSENGER CAR;PICKUP,PASSENGER CAR
35383;200 FEET FROM PVA 801 BASS PRO LN;NO SPECIAL FEATURE;STRAIGHT,LEVEL;PUBLIC VEHICULAR AREA;TWO-WAY,NOT DIVIDED;SMOOTH ASPHALT;DRY;DAYLIGHT;CLEAR;NO CONTROL PRESENT;;;-78.770246;35.830415;;111;0;0;;;NONE;;NONE;;PASSENGER CAR;PASSENGER CAR;;;;NO;12754;2018-09-01;3:03:29 PM;2018-09-01T19:03:29+00:00;;2018;No;No;9;NONE;NONE,NONE;NONE,NONE;PASSENGER CAR,PASSENGER CAR;PASSENGER CAR,PASSENGER CAR;PASSENGER CAR,PASSENGER CAR;PASSENGER CAR,PASSENGER CAR
35393;.1 MILES FROM SR 3097 (AVIATION PKY);BRIDGE;STRAIGHT,LEVEL;STATE SECONDARY ROUTE;TWO-WAY,NOT DIVIDED;SMOOTH ASPHALT;DRY;DAYLIGHT;CLEAR;NO CONTROL PRESENT;;;-78.8042;35.8428;;;0;0;1;;NONE;;NONE;;PASSENGER CAR;PASSENGER CAR;;;;NO;12764;2018-08-31;4:31:26 PM;2018-08-31T20:31:26+00:00;;2018;No;No;8;NONE;NONE,NONE;NONE,NONE;PASSENGER CAR,PASSENGER CAR;PASSENGER CAR,PASSENGER CAR;PASSENGER CAR,PASSENGER CAR;PASSENGER CAR,PASSENGER CAR
35396;5 FEET FROM PORTRAIT DR;NO SPECIAL FEATURE;STRAIGHT,LEVEL;LOCAL STREET;TWO-WAY,DIVIDED,UNPROTECTED MEDIAN;SMOOTH ASPHALT;DRY;DAYLIGHT;CLEAR;STOP SIGN;;;-78.7969;35.7991;;;0;0;;;NONE;;NONE;;PASSENGER CAR;PASSENGER CAR;;;;NO;12767;2018-08-31;10:27 PM;2018-09-01T02:27:00+00:00;;2018;No;No;8;NONE;NONE,NONE;NONE,NONE;PASSENGER CAR,PASSENGER CAR;PASSENGER CAR,PASSENGER CAR;PASSENGER CAR,PASSENGER CAR;PASSENGER CAR,PASSENGER CAR
35397;15 FEET FROM  SR 1313 (WALNUT ST);FOUR-WAY INTERSECTION;STRAIGHT,LEVEL;STATE SECONDARY ROUTE;TWO-WAY,DIVIDED,UNPROTECTED MEDIAN;COARSE ASPHALT;DRY;DAYLIGHT;CLEAR;STOP AND GO SIGNAL;;;-78.749;35.7639;;112;0;0;1;;;;NONE;;SPORT UTILITY;PASSENGER CAR;;;;NO;12768;2018-09-01;10:58 AM;2018-09-01T14:58:00+00:00;;2018;No;No;9;;NONE;NONE;SPORT UTILITY,PASSENGER CAR;SPORT UTILITY,PASSENGER CAR;SPORT UTILITY,PASSENGER CAR;SPORT UTILITY,PASSENGER CAR
35408;CARY;NO SPECIAL FEATURE;STRAIGHT,LEVEL;PUBLIC VEHICULAR AREA;TWO-WAY,NOT DIVIDED;SMOOTH ASPHALT;DRY;DAYLIGHT;CLEAR;NO CONTROL PRESENT;;;-78.7615;35.6688;;;0;0;;;NONE;;NONE;;PASSENGER CAR;SPORT UTILITY;;;;NO;12779;2018-08-31;5:09:45 PM;2018-08-31T21:09:45+00:00;;2018;No;No;8;NONE;NONE,NONE;NONE,NONE;PASSENGER CAR,SPORT UTILITY;PASSENGER CAR,SPORT UTILITY;PASSENGER CAR,SPORT UTILITY;PASSENGER CAR,SPORT UTILITY
35409;.5 MILES FROM NC 55 HWY;NO SPECIAL FEATURE;STRAIGHT,LEVEL;NC ROUTE;TWO-WAY,DIVIDED,POSITIVE MEDIAN BARRIER;CONCRETE;DRY;DAYLIGHT;CLEAR;NO CONTROL PRESENT;35.803068933;-78.87128172;-78.87216;;P091;WAKE;0;0;;;NONE;;NONE;;PASSENGER CAR;PASSENGER CAR;;;;NO;12780;2018-08-31;5:49:54 PM;2018-08-31T21:49:54+00:00;35.803068933, -78.87128172;2018;No;No;8;NONE;NONE,NONE;NONE,NONE;PASSENGER CAR,PASSENGER CAR;PASSENGER CAR,PASSENGER CAR;PASSENGER CAR,PASSENGER CAR;PASSENGER CAR,PASSENGER CAR
35411;.1 MILES FROM P.V.A. (2021 WALNUT ST);NO SPECIAL FEATURE;STRAIGHT,LEVEL;PUBLIC VEHICULAR AREA;TWO-WAY,NOT DIVIDED;SMOOTH ASPHALT;DRY;DARK - LIGHTED ROADWAY;CLEAR;NO CONTROL PRESENT;;;-78.7585;35.7585;;;0;0;;;;;NONE;;SPORT UTILITY;SPORT UTILITY;;;;NO;12782;2018-09-03;7:48:25 PM;2018-09-03T23:48:25+00:00;;2018;No;No;9;;NONE;NONE;SPORT UTILITY,SPORT UTILITY;SPORT UTILITY,SPORT UTILITY;SPORT UTILITY,SPORT UTILITY;SPORT UTILITY,SPORT UTILITY
35416;60 FEET FROM PVA (869 SE MAYNARD RD);NO SPECIAL FEATURE;STRAIGHT,LEVEL;PUBLIC VEHICULAR AREA;ONE-WAY,NOT DIVIDED;SMOOTH ASPHALT;DRY;DAYLIGHT;CLEAR;NO CONTROL PRESENT;;;-78.764555;35.776634;;;0;0;2;;NONE;;NONE;;PASSENGER CAR;PASSENGER CAR;;;;NO;12787;2018-09-03;12:49 PM;2018-09-03T16:49:00+00:00;;2018;No;No;9;NONE;NONE,NONE;NONE,NONE;PASSENGER CAR,PASSENGER CAR;PASSENGER CAR,PASSENGER CAR;PASSENGER CAR,PASSENGER CAR;PASSENGER CAR,PASSENGER CAR
35423;62 FEET FROM SR 3081 (CHAPEL HILL RD);RELATED TO INTERSECTION;STRAIGHT,LEVEL;STATE SECONDARY ROUTE;TWO-WAY,NOT DIVIDED;SMOOTH ASPHALT;DRY;DAYLIGHT;CLEAR;STOP AND GO SIGNAL;;;-78.7956;35.7985;;111;0;0;1;;NONE;;NONE;;PICKUP;VAN;PASSENGER CAR;;;NO;12794;2018-09-04;10:10 AM;2018-09-04T14:10:00+00:00;;2018;No;No;9;NONE;NONE,NONE;NONE,NONE;PICKUP,VAN;PICKUP,VAN,PASSENGER CAR;PICKUP,VAN,PASSENGER CAR;PICKUP,VAN,PASSENGER CAR
35426;.01 MILES FROM SR 1615 (HIGH HOUSE RD);NO SPECIAL FEATURE;STRAIGHT,LEVEL;STATE SECONDARY ROUTE;TWO-WAY,DIVIDED,UNPROTECTED MEDIAN;SMOOTH ASPHALT;DRY;DAYLIGHT;CLEAR;NO CONTROL PRESENT;;;-78.832;35.79;;;0;1;;;NONE;;NONE;;PICKUP;PASSENGER CAR;;;;CONSTRUCTION WORK AREA;12797;2018-09-04;4:01:28 PM;2018-09-04T20:01:28+00:00;;2018;No;Yes;9;NONE;NONE,NONE;NONE,NONE;PICKUP,PASSENGER CAR;PICKUP,PASSENGER CAR;PICKUP,PASSENGER CAR;PICKUP,PASSENGER CAR
35456;.25 MILES FROM 7600 ROBERTS RD;NO SPECIAL FEATURE;STRAIGHT,LEVEL;PUBLIC VEHICULAR AREA;TWO-WAY,NOT DIVIDED;SMOOTH ASPHALT;DRY;DAYLIGHT;CLEAR;NO CONTROL PRESENT;;;-78.8958;35.7721;;;0;0;2;;NONE;;NONE;;PICKUP;SPORT UTILITY;;;;NO;12827;2018-09-06;2:19:02 PM;2018-09-06T18:19:02+00:00;;2018;No;No;9;NONE;NONE,NONE;NONE,NONE;PICKUP,SPORT UTILITY;PICKUP,SPORT UTILITY;PICKUP,SPORT UTILITY;PICKUP,SPORT UTILITY
35460;20 FEET FROM MEETING ST;NO SPECIAL FEATURE;STRAIGHT,LEVEL;LOCAL STREET;TWO-WAY,NOT DIVIDED;SMOOTH ASPHALT;DRY;DAYLIGHT;CLEAR;STOP AND GO SIGNAL;;;-78.742466;35.759276;;;0;0;1;;;;NONE;;PASSENGER CAR;PASSENGER CAR;;;;NO;12831;2018-09-05;12:14 PM;2018-09-05T16:14:00+00:00;;2018;No;No;9;;NONE;NONE;PASSENGER CAR,PASSENGER CAR;PASSENGER CAR,PASSENGER CAR;PASSENGER CAR,PASSENGER CAR;PASSENGER CAR,PASSENGER CAR
35469;CARY;FOUR-WAY INTERSECTION;STRAIGHT,LEVEL;LOCAL STREET;TWO-WAY,NOT DIVIDED;SMOOTH ASPHALT;DRY;DAYLIGHT;CLEAR;STOP AND GO SIGNAL;35.759541366;-78.74137283;-78.7413;35.7596;P120;118;0;0;;;NONE;;NONE;;PASSENGER CAR;SPORT UTILITY;;;;NO;12840;2018-09-06;2:09:15 PM;2018-09-06T18:09:15+00:00;35.759541366, -78.74137283;2018;No;No;9;NONE;NONE,NONE;NONE,NONE;PASSENGER CAR,SPORT UTILITY;PASSENGER CAR,SPORT UTILITY;PASSENGER CAR,SPORT UTILITY;PASSENGER CAR,SPORT UTILITY
35478;0.2 MILES FROM P.P. 101 SAS CAMPUS DR;NO SPECIAL FEATURE;CURVE,GRADE;PRIVATE ROAD,DRIVEWAY;TWO-WAY,NOT DIVIDED;SMOOTH ASPHALT;DRY;DAYLIGHT;CLEAR;NO CONTROL PRESENT;;;-78.763988;35.827931;;;0;0;1;;NONE;;NONE;;SPORT UTILITY;PASSENGER CAR;;;;NO;12849;2018-09-06;9:20:34 PM;2018-09-07T01:20:34+00:00;;2018;No;No;9;NONE;NONE,NONE;NONE,NONE;SPORT UTILITY,PASSENGER CAR;SPORT UTILITY,PASSENGER CAR;SPORT UTILITY,PASSENGER CAR;SPORT UTILITY,PASSENGER CAR
35480;2 MILES FROM US 1;NO SPECIAL FEATURE;STRAIGHT,LEVEL;US ROUTE;TWO-WAY,DIVIDED,POSITIVE MEDIAN BARRIER;SMOOTH ASPHALT;DRY;DAYLIGHT;CLEAR;NO CONTROL PRESENT;;;-78.775873;35.746324;;;0;1;1;;NONE;;NONE;;PASSENGER CAR;SPORT UTILITY;;;;NO;12851;2018-09-07;5:09:14 PM;2018-09-07T21:09:14+00:00;;2018;No;Yes;9;NONE;NONE,NONE;NONE,NONE;PASSENGER CAR,SPORT UTILITY;PASSENGER CAR,SPORT UTILITY;PASSENGER CAR,SPORT UTILITY;PASSENGER CAR,SPORT UTILITY
35484;10 FEET FROM PVA 411 COLONADES WAY;NO SPECIAL FEATURE;STRAIGHT,LEVEL;PUBLIC VEHICULAR AREA;TWO-WAY,NOT DIVIDED;SMOOTH ASPHALT;WET;DUSK;CLOUDY;NO CONTROL PRESENT;;;-78.7769;35.7407;;;0;0;;;NONE;;NONE;;PASSENGER CAR;PASSENGER CAR;;;;NO;12855;2018-09-07;7:35:33 PM;2018-09-07T23:35:33+00:00;;2018;No;No;9;NONE;NONE,NONE;NONE,NONE;PASSENGER CAR,PASSENGER CAR;PASSENGER CAR,PASSENGER CAR;PASSENGER CAR,PASSENGER CAR;PASSENGER CAR,PASSENGER CAR
35486;.1 MILES FROM SR 1652 (N HARRISON AVE);FOUR-WAY INTERSECTION;STRAIGHT,LEVEL;STATE SECONDARY ROUTE;TWO-WAY,DIVIDED,UNPROTECTED MEDIAN;COARSE ASPHALT;DRY;DARK - LIGHTED ROADWAY;CLEAR;STOP AND GO SIGNAL;;;-78.7829;35.8021;;113;0;0;;;NONE;;NONE;;SPORT UTILITY;PICKUP;;;;NO;12857;2018-09-07;11:09 PM;2018-09-08T03:09:00+00:00;;2018;No;No;9;NONE;NONE,NONE;NONE,NONE;SPORT UTILITY,PICKUP;SPORT UTILITY,PICKUP;SPORT UTILITY,PICKUP;SPORT UTILITY,PICKUP
35488;.1 MILES FROM SR 3081 (CHAPEL HILL RD);NO SPECIAL FEATURE;STRAIGHT,LEVEL;STATE SECONDARY ROUTE;TWO-WAY,DIVIDED,UNPROTECTED MEDIAN;SMOOTH ASPHALT;DRY;DAYLIGHT;CLEAR;NO CONTROL PRESENT;;;-78.7634;35.7954;;;0;0;1;;NONE;;NONE;;PASSENGER CAR;PASSENGER CAR;;;;NO;12859;2018-09-08;2:20:45 AM;2018-09-08T06:20:45+00:00;;2018;No;No;9;NONE;NONE,NONE;NONE,NONE;PASSENGER CAR,PASSENGER CAR;PASSENGER CAR,PASSENGER CAR;PASSENGER CAR,PASSENGER CAR;PASSENGER CAR,PASSENGER CAR
35493;0 FEET FROM WALNUT ST;NO SPECIAL FEATURE;STRAIGHT,LEVEL;STATE SECONDARY ROUTE;TWO-WAY,DIVIDED,UNPROTECTED MEDIAN;SMOOTH ASPHALT;DRY;DAYLIGHT;CLEAR;FLASHING STOP AND GO SIGNAL;;;-78.741016;;;;0;3;3;;NONE;;NONE;;PICKUP;PASSENGER CAR;;;;NO;12864;2018-09-08;3:06:36 PM;2018-09-08T19:06:36+00:00;;2018;No;Yes;9;NONE;NONE,NONE;NONE,NONE;PICKUP,PASSENGER CAR;PICKUP,PASSENGER CAR;PICKUP,PASSENGER CAR;PICKUP,PASSENGER CAR
35494;.1 MILES FROM TEACHING DR;NO SPECIAL FEATURE;STRAIGHT,LEVEL;PRIVATE ROAD,DRIVEWAY;TWO-WAY,NOT DIVIDED;SMOOTH ASPHALT;DRY;DAYLIGHT;CLEAR;NO CONTROL PRESENT;35.848560755;-78.89745778;-78.8977;35.8483;P074;119;0;0;;;;;NONE;;PASSENGER CAR;;;;;NO;12865;2018-09-08;11:24 PM;2018-09-09T03:24:00+00:00;35.848560755, -78.89745778;2018;No;No;9;;NONE;NONE;PASSENGER CAR;PASSENGER CAR;PASSENGER CAR;PASSENGER CAR
35496;.15 MILES FROM SR-1615 (HIGH HOUSE RD);NO SPECIAL FEATURE;STRAIGHT,LEVEL;STATE SECONDARY ROUTE;TWO-WAY,NOT DIVIDED;SMOOTH ASPHALT;DRY;DAYLIGHT;CLEAR;NO CONTROL PRESENT;;;-78.822;35.7858;;;0;0;;;NONE;;NONE;;PASSENGER CAR;PASSENGER CAR;;;;NO;12867;2018-09-08;11:55 AM;2018-09-08T15:55:00+00:00;;2018;No;No;9;NONE;NONE,NONE;NONE,NONE;PASSENGER CAR,PASSENGER CAR;PASSENGER CAR,PASSENGER CAR;PASSENGER CAR,PASSENGER CAR;PASSENGER CAR,PASSENGER CAR
35497;143 FEET FROM 1151 TRYON VILLAGE DR;NO SPECIAL FEATURE;STRAIGHT,LEVEL;PUBLIC VEHICULAR AREA;TWO-WAY,NOT DIVIDED;SMOOTH ASPHALT;DRY;DAYLIGHT;CLEAR;NO CONTROL PRESENT;;;-78.743659;35.746263;;;0;0;;;NONE;;NONE;;UNKNOWN;PASSENGER CAR;;;;NO;12868;2018-09-03;3:30:14 PM;2018-09-03T19:30:14+00:00;;2018;No;No;9;NONE;NONE,NONE;NONE,NONE;UNKNOWN,PASSENGER CAR;UNKNOWN,PASSENGER CAR;UNKNOWN,PASSENGER CAR;UNKNOWN,PASSENGER CAR
35498;.2 MILES FROM US 1;NO SPECIAL FEATURE;STRAIGHT,LEVEL;US ROUTE;TWO-WAY,DIVIDED,POSITIVE MEDIAN BARRIER;COARSE ASPHALT;DRY;DAYLIGHT;CLOUDY;NO CONTROL PRESENT;;;-78.7766;35.7458;;115;0;0;;;;;NONE;;SINGLE UNIT TRUCK (3 OR MORE AXLES);PASSENGER CAR;;;;NO;12869;2018-09-10;7:41:31 AM;2018-09-10T11:41:31+00:00;;2018;No;No;9;;NONE;NONE;SINGLE UNIT TRUCK (3 OR MORE AXLES),PASSENGER CAR;SINGLE UNIT TRUCK (3 OR MORE AXLES),PASSENGER CAR;SINGLE UNIT TRUCK (3 OR MORE AXLES),PASSENGER CAR;SINGLE UNIT TRUCK (3 OR MORE AXLES),PASSENGER CAR
35506;0 FEET FROM S.R. 1415 (NW MAYNARD RD);NO SPECIAL FEATURE;STRAIGHT,LEVEL;STATE SECONDARY ROUTE;TWO-WAY,DIVIDED,POSITIVE MEDIAN BARRIER;COARSE ASPHALT;DRY;DAYLIGHT;CLEAR;STOP AND GO SIGNAL;35.955023547;-78.55357244;-78.7949;35.7996;P119;RALW;0;1;3;;NONE;;NONE;;VAN;PASSENGER CAR;;;;NO;12877;2018-09-09;12:30 PM;2018-09-09T16:30:00+00:00;35.955023547, -78.55357244;2018;No;Yes;9;NONE;NONE,NONE;NONE,NONE;VAN,PASSENGER CAR;VAN,PASSENGER CAR;VAN,PASSENGER CAR;VAN,PASSENGER CAR
35515;300 FEET FROM SR 1615 (HIGH HOUSE RD);NON-INTERSECTION MEDIAN CROSSING;STRAIGHT,LEVEL;STATE SECONDARY ROUTE;TWO-WAY,DIVIDED,UNPROTECTED MEDIAN;COARSE ASPHALT;DRY;DAYLIGHT;CLEAR;NO CONTROL PRESENT;;;-78.828271;35.788282;;;0;0;;;NONE;;NONE;;PASSENGER CAR;PASSENGER CAR;;;;MAINTENANCE WORK AREA;12886;2018-09-10;3:18:07 PM;2018-09-10T19:18:07+00:00;;2018;No;No;9;NONE;NONE,NONE;NONE,NONE;PASSENGER CAR,PASSENGER CAR;PASSENGER CAR,PASSENGER CAR;PASSENGER CAR,PASSENGER CAR;PASSENGER CAR,PASSENGER CAR
35520;350 FEET FROM US 64;RELATED TO INTERSECTION;STRAIGHT,LEVEL;US ROUTE;TWO-WAY,DIVIDED,UNPROTECTED MEDIAN;SMOOTH ASPHALT;DRY;DAYLIGHT;CLEAR;STOP AND GO SIGNAL;;;-78.7955;35.7379;;;0;0;5;;;;NONE;;PASSENGER CAR;PICKUP;VAN;;;NO;12891;2018-09-06;10:17 AM;2018-09-06T14:17:00+00:00;;2018;No;No;9;;NONE;NONE;PASSENGER CAR,PICKUP;PASSENGER CAR,PICKUP,VAN;PASSENGER CAR,PICKUP,VAN;PASSENGER CAR,PICKUP,VAN
35525;480 FEET FROM 980 KIDLAIRE FARM RD (PVA);NO SPECIAL FEATURE;STRAIGHT,LEVEL;PUBLIC VEHICULAR AREA;TWO-WAY,NOT DIVIDED;SMOOTH ASPHALT;DRY;DAYLIGHT;CLEAR;NO CONTROL PRESENT;;;-78.7825;35.7722;;;0;0;;;;;NONE;;UNKNOWN;PASSENGER CAR;;;;NO;12896;2018-09-11;1:36:41 PM;2018-09-11T17:36:41+00:00;;2018;No;No;9;;NONE;NONE;UNKNOWN,PASSENGER CAR;UNKNOWN,PASSENGER CAR;UNKNOWN,PASSENGER CAR;UNKNOWN,PASSENGER CAR
35528;250 FEET FROM P.V.A. (2303 NW MAYNARD RD);NO SPECIAL FEATURE;STRAIGHT,LEVEL;PUBLIC VEHICULAR AREA;TWO-WAY,NOT DIVIDED;SMOOTH ASPHALT;DRY;DAYLIGHT;CLEAR;NO CONTROL PRESENT;;;-78.786215;35.802774;;;0;0;1;;NONE;;NONE;;PASSENGER CAR;PASSENGER CAR;;;;NO;12899;2018-09-11;3:44:48 PM;2018-09-11T19:44:48+00:00;;2018;No;No;9;NONE;NONE,NONE;NONE,NONE;PASSENGER CAR,PASSENGER CAR;PASSENGER CAR,PASSENGER CAR;PASSENGER CAR,PASSENGER CAR;PASSENGER CAR,PASSENGER CAR
35530;100 FEET FROM P.V.A. 2323 NW MAYNARD RD;NO SPECIAL FEATURE;STRAIGHT,LEVEL;PUBLIC VEHICULAR AREA;TWO-WAY,NOT DIVIDED;SMOOTH ASPHALT;DRY;DAYLIGHT;CLOUDY;NO CONTROL PRESENT;;;-78.7843;35.8028;;;0;0;;;NONE;;NONE;;PASSENGER CAR;PASSENGER CAR;;;;NO;12901;2018-09-11;5:01:21 PM;2018-09-11T21:01:21+00:00;;2018;No;No;9;NONE;NONE,NONE;NONE,NONE;PASSENGER CAR,PASSENGER CAR;PASSENGER CAR,PASSENGER CAR;PASSENGER CAR,PASSENGER CAR;PASSENGER CAR,PASSENGER CAR
35540;10 FEET FROM NC 54 HWY (CHAPEL HILL RD);NO SPECIAL FEATURE;STRAIGHT,LEVEL;NC ROUTE;ONE-WAY,NOT DIVIDED;SMOOTH ASPHALT;DRY;DAYLIGHT;CLEAR;NO CONTROL PRESENT;;;-78.786671;35.792175;;;0;0;2;;NONE;;NONE;;SPORT UTILITY;PICKUP;;;;NO;12911;2018-09-11;10:42 AM;2018-09-11T14:42:00+00:00;;2018;No;No;9;NONE;NONE,NONE;NONE,NONE;SPORT UTILITY,PICKUP;SPORT UTILITY,PICKUP;SPORT UTILITY,PICKUP;SPORT UTILITY,PICKUP
35542;CARY;FOUR-WAY INTERSECTION;STRAIGHT,GRADE;LOCAL STREET;TWO-WAY,NOT DIVIDED;COARSE ASPHALT;WET;DAYLIGHT;RAIN;STOP SIGN;35.732159603;-78.80708658;-78.807373;35.7317037;P041;116;0;4;2;;NONE;;NONE;;PASSENGER CAR;PASSENGER CAR;;;;NO;12913;2018-09-11;5:35:19 PM;2018-09-11T21:35:19+00:00;35.732159603, -78.80708658;2018;No;Yes;9;NONE;NONE,NONE;NONE,NONE;PASSENGER CAR,PASSENGER CAR;PASSENGER CAR,PASSENGER CAR;PASSENGER CAR,PASSENGER CAR;PASSENGER CAR,PASSENGER CAR