tamainid;location_description;rdfeature;rdcharacter;rdclass;rdconfigur;rdsurface;rdcondition;lightcond;weather;trafcontrl;lat;lon;lon2;lat2;tract;zone;fatality;possblinj;numpassengers;numpedestrians;contrcir1_desc;contrcir2_desc;contrcir3_desc;contrcir4_desc;vehicle1;vehicle2;vehicle3;vehicle4;vehicle5;workarea;records;ta_date;ta_time;crash_date;geo_location;year;fatalities;injuries;month;contrfact1;contrfact2;contributing_factor;vehicleconcat1;vehicleconcat2;vehicleconcat3;vehicle_type
35798;309 FEET FROM P.V.A. (1931 HIGH HOUSE ROAD);NO SPECIAL FEATURE;STRAIGHT,LEVEL;PUBLIC VEHICULAR AREA;TWO-WAY,NOT DIVIDED;SMOOTH ASPHALT;DRY;DAYLIGHT;CLEAR;NO CONTROL PRESENT;;;-78.8498;35.79;;;0;0;1;;NONE;;NONE;;PASSENGER CAR;PASSENGER CAR;;;;NO;13169;2018-10-01;12:25 PM;2018-10-01T16:25:00+00:00;;2018;No;No;10;NONE;NONE,NONE;NONE,NONE;PASSENGER CAR,PASSENGER CAR;PASSENGER CAR,PASSENGER CAR;PASSENGER CAR,PASSENGER CAR;PASSENGER CAR,PASSENGER CAR
35804;1 MILES FROM U.S. 1  HWY;NO SPECIAL FEATURE;STRAIGHT,LEVEL;US ROUTE;TWO-WAY,DIVIDED,POSITIVE MEDIAN BARRIER;SMOOTH ASPHALT;DRY;DAYLIGHT;CLEAR;NO CONTROL PRESENT;;;-78.7606;35.7542;;;0;0;1;;NONE;;NONE;;VAN;PASSENGER CAR;;;;NO;13175;2018-10-01;6:34:35 PM;2018-10-01T22:34:35+00:00;;2018;No;No;10;NONE;NONE,NONE;NONE,NONE;VAN,PASSENGER CAR;VAN,PASSENGER CAR;VAN,PASSENGER CAR;VAN,PASSENGER CAR
35806;40 FEET FROM P.V.A. (RIBBON LN);NO SPECIAL FEATURE;STRAIGHT,LEVEL;PUBLIC VEHICULAR AREA;TWO-WAY,NOT DIVIDED;SMOOTH ASPHALT;DRY;DAYLIGHT;CLEAR;NO CONTROL PRESENT;;;-78.755658;35.740657;;;0;0;;;NONE;;NONE;;PASSENGER CAR;PASSENGER CAR;;;;NO;13177;2018-09-30;2:02:10 PM;2018-09-30T18:02:10+00:00;;2018;No;No;9;NONE;NONE,NONE;NONE,NONE;PASSENGER CAR,PASSENGER CAR;PASSENGER CAR,PASSENGER CAR;PASSENGER CAR,PASSENGER CAR;PASSENGER CAR,PASSENGER CAR
35808;CARY;T-INTERSECTION;STRAIGHT,LEVEL;LOCAL STREET;TWO-WAY,NOT DIVIDED;SMOOTH ASPHALT;DRY;DAYLIGHT;CLEAR;NO CONTROL PRESENT;35.770645149;-78.78712857;-78.7876;35.7704;P039;115;0;0;;;NONE;;NONE;;PASSENGER CAR;SPORT UTILITY;;;;NO;13179;2018-10-02;8:09:36 AM;2018-10-02T12:09:36+00:00;35.770645149, -78.78712857;2018;No;No;10;NONE;NONE,NONE;NONE,NONE;PASSENGER CAR,SPORT UTILITY;PASSENGER CAR,SPORT UTILITY;PASSENGER CAR,SPORT UTILITY;PASSENGER CAR,SPORT UTILITY
35812;CARY;NO SPECIAL FEATURE;STRAIGHT,LEVEL;PUBLIC VEHICULAR AREA;TWO-WAY,NOT DIVIDED;COARSE ASPHALT;DRY;DAYLIGHT;CLEAR;NO CONTROL PRESENT;35.77625371;-78.76027425;-78.7611;35.7754;P061;120;0;0;1;;NONE;;NONE;;PASSENGER CAR;;;;;NO;13183;2018-10-01;4:51:23 PM;2018-10-01T20:51:23+00:00;35.77625371, -78.76027425;2018;No;No;10;NONE;NONE,NONE;NONE,NONE;PASSENGER CAR;PASSENGER CAR;PASSENGER CAR;PASSENGER CAR
35817;10 FEET FROM P.V.A. (1001 N HARRISON AV);DRIVEWAY, PUBLIC;STRAIGHT,GRADE;PUBLIC VEHICULAR AREA;TWO-WAY,NOT DIVIDED;CONCRETE;DRY;DAYLIGHT;CLEAR;STOP SIGN;;;-78.7832;35.8028;;111;0;0;;;NONE;;NONE;;PICKUP;SPORT UTILITY;;;;NO;13188;2018-10-02;5:39:36 PM;2018-10-02T21:39:36+00:00;;2018;No;No;10;NONE;NONE,NONE;NONE,NONE;PICKUP,SPORT UTILITY;PICKUP,SPORT UTILITY;PICKUP,SPORT UTILITY;PICKUP,SPORT UTILITY
35820;.5 MILES FROM CROSSROADS BLVD;FOUR-WAY INTERSECTION;STRAIGHT,LEVEL;LOCAL STREET;TWO-WAY,DIVIDED,UNPROTECTED MEDIAN;SMOOTH ASPHALT;DRY;DAYLIGHT;CLEAR;STOP AND GO SIGNAL;;;-78.7414;35.7622;;;0;0;;;NONE;;NONE;;PASSENGER CAR;PASSENGER CAR;;;;NO;13191;2018-09-26;3:48:21 PM;2018-09-26T19:48:21+00:00;;2018;No;No;9;NONE;NONE,NONE;NONE,NONE;PASSENGER CAR,PASSENGER CAR;PASSENGER CAR,PASSENGER CAR;PASSENGER CAR,PASSENGER CAR;PASSENGER CAR,PASSENGER CAR
35821;.2 MILES FROM U.S. 1 HIGHWAY;NO SPECIAL FEATURE;STRAIGHT,LEVEL;US ROUTE;TWO-WAY,DIVIDED,POSITIVE MEDIAN BARRIER;SMOOTH ASPHALT;DRY;DAYLIGHT;CLEAR;NO CONTROL PRESENT;;;-78.792915;35.7350831;;;0;0;;;NONE;;NONE;;PASSENGER CAR;SPORT UTILITY;;;;NO;13192;2018-10-03;6:51:42 AM;2018-10-03T10:51:42+00:00;;2018;No;No;10;NONE;NONE,NONE;NONE,NONE;PASSENGER CAR,SPORT UTILITY;PASSENGER CAR,SPORT UTILITY;PASSENGER CAR,SPORT UTILITY;PASSENGER CAR,SPORT UTILITY
35831;100 FEET FROM PVA (115 ALLFORTH PLACE);DRIVEWAY, PUBLIC;STRAIGHT,LEVEL;PUBLIC VEHICULAR AREA;TWO-WAY,NOT DIVIDED;SMOOTH ASPHALT;DRY;DAYLIGHT;CLEAR;NO CONTROL PRESENT;;;-78.9139;35.8311;;119;0;0;;;NONE;;NONE;;PASSENGER CAR;PASSENGER CAR;;;;NO;13202;2018-10-02;6:44:31 PM;2018-10-02T22:44:31+00:00;;2018;No;No;10;NONE;NONE,NONE;NONE,NONE;PASSENGER CAR,PASSENGER CAR;PASSENGER CAR,PASSENGER CAR;PASSENGER CAR,PASSENGER CAR;PASSENGER CAR,PASSENGER CAR
35843;.068 MILES FROM 1214 NOTTINGHAM DR;NO SPECIAL FEATURE;STRAIGHT,GRADE;LOCAL STREET;TWO-WAY,NOT DIVIDED;SMOOTH ASPHALT;DRY;DAYLIGHT;CLEAR;NO CONTROL PRESENT;;;-78.750431;35.767353;;;0;0;;;;;NONE;;;;;;;NO;13214;2018-10-02;2:48:27 PM;2018-10-02T18:48:27+00:00;;2018;No;No;10;;NONE;NONE;;;;
35844;.4 MILES FROM NC 55 HWY;FOUR-WAY INTERSECTION;STRAIGHT,LEVEL;NC ROUTE;TWO-WAY,DIVIDED,UNPROTECTED MEDIAN;SMOOTH ASPHALT;DRY;DAYLIGHT;CLEAR;STOP AND GO SIGNAL;;;-78.8816;35.835;;;0;0;4;;NONE;;NONE;;PASSENGER CAR;PASSENGER CAR;;;;NO;13215;2018-10-03;10:36 AM;2018-10-03T14:36:00+00:00;;2018;No;No;10;NONE;NONE,NONE;NONE,NONE;PASSENGER CAR,PASSENGER CAR;PASSENGER CAR,PASSENGER CAR;PASSENGER CAR,PASSENGER CAR;PASSENGER CAR,PASSENGER CAR
35856;40 FEET FROM P.V.A. (CIRCLE K);NO SPECIAL FEATURE;STRAIGHT,GRADE;PUBLIC VEHICULAR AREA;TWO-WAY,NOT DIVIDED;CONCRETE;DRY;DAYLIGHT;CLEAR;NO CONTROL PRESENT;;;-78.7634;35.7721;;;0;0;1;;NONE;;NONE;;SPORT UTILITY;PASSENGER CAR;;;;NO;13227;2018-10-05;11:03 AM;2018-10-05T15:03:00+00:00;;2018;No;No;10;NONE;NONE,NONE;NONE,NONE;SPORT UTILITY,PASSENGER CAR;SPORT UTILITY,PASSENGER CAR;SPORT UTILITY,PASSENGER CAR;SPORT UTILITY,PASSENGER CAR
35859;CARY;NO SPECIAL FEATURE;STRAIGHT,LEVEL;NC ROUTE;TWO-WAY,DIVIDED,UNPROTECTED MEDIAN;SMOOTH ASPHALT;DRY;DAYLIGHT;CLEAR;NO CONTROL PRESENT;35.835344539;-78.88200703;-78.8821;35.8356;P124;119;0;0;1;;NONE;;NONE;;PASSENGER CAR;SPORT UTILITY;;;;NO;13230;2018-10-05;8:18:13 AM;2018-10-05T12:18:13+00:00;35.835344539, -78.88200703;2018;No;No;10;NONE;NONE,NONE;NONE,NONE;PASSENGER CAR,SPORT UTILITY;PASSENGER CAR,SPORT UTILITY;PASSENGER CAR,SPORT UTILITY;PASSENGER CAR,SPORT UTILITY
35860;CARY;DRIVEWAY, PUBLIC;STRAIGHT,LEVEL;PUBLIC VEHICULAR AREA;TWO-WAY,NOT DIVIDED;SMOOTH ASPHALT;DRY;DAYLIGHT;CLEAR;NO CONTROL PRESENT;35.742228879;-78.78065811;-78.781452;35.736516;P044;115;0;0;;;NONE;;NONE;;PASSENGER CAR;PICKUP;;;;NO;13231;2018-10-05;10:37 AM;2018-10-05T14:37:00+00:00;35.742228879, -78.78065811;2018;No;No;10;NONE;NONE,NONE;NONE,NONE;PASSENGER CAR,PICKUP;PASSENGER CAR,PICKUP;PASSENGER CAR,PICKUP;PASSENGER CAR,PICKUP
35864;.18 MILES FROM PVA (1105 WALNUT ST);NO SPECIAL FEATURE;STRAIGHT,LEVEL;PUBLIC VEHICULAR AREA;TWO-WAY,NOT DIVIDED;COARSE ASPHALT;DRY;DAYLIGHT;CLEAR;NO CONTROL PRESENT;;;-78.7596;35.773;;;0;0;;;NONE;;NONE;;LIGHT TRUCK (MINI-VAN- PANEL);;;;;NO;13235;2018-10-05;12:45 PM;2018-10-05T16:45:00+00:00;;2018;No;No;10;NONE;NONE,NONE;NONE,NONE;LIGHT TRUCK (MINI-VAN- PANEL);LIGHT TRUCK (MINI-VAN- PANEL);LIGHT TRUCK (MINI-VAN- PANEL);LIGHT TRUCK (MINI-VAN- PANEL)
35867;100 FEET FROM SR 1613 (DAVIS DR);NO SPECIAL FEATURE;STRAIGHT,LEVEL;STATE SECONDARY ROUTE;TWO-WAY,DIVIDED,POSITIVE MEDIAN BARRIER;SMOOTH ASPHALT;DRY;DAYLIGHT;CLEAR;NO CONTROL PRESENT;;;-78.8476;35.7838;;;0;0;;;NONE;;NONE;;PICKUP;PASSENGER CAR;;;;NO;13238;2018-10-05;5:02:24 PM;2018-10-05T21:02:24+00:00;;2018;No;No;10;NONE;NONE,NONE;NONE,NONE;PICKUP,PASSENGER CAR;PICKUP,PASSENGER CAR;PICKUP,PASSENGER CAR;PICKUP,PASSENGER CAR
35868;.02 MILES FROM US 1 HIGHWAY;NO SPECIAL FEATURE;STRAIGHT,LEVEL;US ROUTE;TWO-WAY,DIVIDED,POSITIVE MEDIAN BARRIER;SMOOTH ASPHALT;DRY;DUSK;CLEAR;NO CONTROL PRESENT;;;-78.7967;35.7354;;;0;0;;;;;NONE;;PASSENGER CAR;SPORT UTILITY;;;;NO;13239;2018-10-05;6:05:39 PM;2018-10-05T22:05:39+00:00;;2018;No;No;10;;NONE;NONE;PASSENGER CAR,SPORT UTILITY;PASSENGER CAR,SPORT UTILITY;PASSENGER CAR,SPORT UTILITY;PASSENGER CAR,SPORT UTILITY
35883;200 FEET FROM PVA (202 E CEDAR ST);NO SPECIAL FEATURE;STRAIGHT,LEVEL;PUBLIC VEHICULAR AREA;ONE-WAY,NOT DIVIDED;SMOOTH ASPHALT;UNKNOWN;DARK - LIGHTED ROADWAY;CLOUDY;NO CONTROL PRESENT;;;-78.777618;35.788089;;;0;0;;;NONE;;NONE;;UNKNOWN;PICKUP;;;;NO;13254;2018-10-06;9:28:17 PM;2018-10-07T01:28:17+00:00;;2018;No;No;10;NONE;NONE,NONE;NONE,NONE;UNKNOWN,PICKUP;UNKNOWN,PICKUP;UNKNOWN,PICKUP;UNKNOWN,PICKUP
35894;.17 MILES FROM US 64 HWY;FOUR-WAY INTERSECTION;STRAIGHT,LEVEL;US ROUTE;TWO-WAY,DIVIDED,UNPROTECTED MEDIAN;SMOOTH ASPHALT;DRY;DAYLIGHT;CLEAR;STOP AND GO SIGNAL;;;-78.7947;35.7377;;;0;0;;;NONE;;NONE;;PASSENGER CAR;SPORT UTILITY;;;;NO;13265;2018-10-07;4:01:22 PM;2018-10-07T20:01:22+00:00;;2018;No;No;10;NONE;NONE,NONE;NONE,NONE;PASSENGER CAR,SPORT UTILITY;PASSENGER CAR,SPORT UTILITY;PASSENGER CAR,SPORT UTILITY;PASSENGER CAR,SPORT UTILITY
35899;CARY;FOUR-WAY INTERSECTION;STRAIGHT,LEVEL;STATE SECONDARY ROUTE;TWO-WAY,DIVIDED,UNPROTECTED MEDIAN;SMOOTH ASPHALT;DRY;DAYLIGHT;CLEAR;STOP AND GO SIGNAL;;;-78.8504;35.79;;117;0;0;;;NONE;;NONE;;PASSENGER CAR;VAN;;;;NO;13270;2018-10-08;1:23:53 PM;2018-10-08T17:23:53+00:00;;2018;No;No;10;NONE;NONE,NONE;NONE,NONE;PASSENGER CAR,VAN;PASSENGER CAR,VAN;PASSENGER CAR,VAN;PASSENGER CAR,VAN
35901;0 FEET FROM SR 3977 (SE CARY PKWY);OFF-RAMP TERMINAL ON CROSSROAD;STRAIGHT,LEVEL;STATE SECONDARY ROUTE;TWO-WAY,NOT DIVIDED;COARSE ASPHALT;DRY;DAYLIGHT;CLEAR;STOP AND GO SIGNAL;;;-78.7723;35.7488;;112;0;0;1;;;;NONE;;PASSENGER CAR;PICKUP;;;;NO;13272;2018-10-08;5:56:50 PM;2018-10-08T21:56:50+00:00;;2018;No;No;10;;NONE;NONE;PASSENGER CAR,PICKUP;PASSENGER CAR,PICKUP;PASSENGER CAR,PICKUP;PASSENGER CAR,PICKUP
35903;CARY;NO SPECIAL FEATURE;STRAIGHT,LEVEL;LOCAL STREET;TWO-WAY,DIVIDED,UNPROTECTED MEDIAN;SMOOTH ASPHALT;DRY;DUSK;CLEAR;STOP AND GO SIGNAL;;;-78.7719;35.8277;;;0;0;1;;NONE;;NONE;;PASSENGER CAR;PASSENGER CAR;;;;NO;13274;2018-10-08;7:11:25 PM;2018-10-08T23:11:25+00:00;;2018;No;No;10;NONE;NONE,NONE;NONE,NONE;PASSENGER CAR,PASSENGER CAR;PASSENGER CAR,PASSENGER CAR;PASSENGER CAR,PASSENGER CAR;PASSENGER CAR,PASSENGER CAR
35914;.2 MILES FROM NC 55 HWY;NO SPECIAL FEATURE;STRAIGHT,LEVEL;NC ROUTE;TWO-WAY,DIVIDED,UNPROTECTED MEDIAN;SMOOTH ASPHALT;DRY;DAYLIGHT;CLEAR;NO CONTROL PRESENT;;;-78.8749;35.8262;;;0;0;;;NONE;;NONE;;PASSENGER CAR;;;;;NO;13285;2018-10-10;10:21 AM;2018-10-10T14:21:00+00:00;;2018;No;No;10;NONE;NONE,NONE;NONE,NONE;PASSENGER CAR;PASSENGER CAR;PASSENGER CAR;PASSENGER CAR
35917;105 FEET FROM TANGLEWOOD DR;T-INTERSECTION;STRAIGHT,LEVEL;LOCAL STREET;TWO-WAY,NOT DIVIDED;SMOOTH ASPHALT;DRY;DAYLIGHT;CLOUDY;STOP SIGN;35.775783321;-78.76858848;-78.76857;35.775592;P061;120;0;1;;;NONE;;NONE;;;PASSENGER CAR;;;;NO;13288;2018-10-09;3:45:25 PM;2018-10-09T19:45:25+00:00;35.775783321, -78.76858848;2018;No;Yes;10;NONE;NONE,NONE;NONE,NONE;PASSENGER CAR;PASSENGER CAR;PASSENGER CAR;PASSENGER CAR
35926;0 FEET FROM SR 1497 (CARY TOWNE BLVD);FOUR-WAY INTERSECTION;STRAIGHT,LEVEL;STATE SECONDARY ROUTE;TWO-WAY,DIVIDED,UNPROTECTED MEDIAN;SMOOTH ASPHALT;DRY;DARK - LIGHTED ROADWAY;CLEAR;STOP AND GO SIGNAL;35.775926549;-78.76420998;-78.76405;35.775943;P061;120;0;0;1;;NONE;;NONE;;PASSENGER CAR;SPORT UTILITY;;;;NO;13297;2018-10-09;8:04:07 PM;2018-10-10T00:04:07+00:00;35.775926549, -78.76420998;2018;No;No;10;NONE;NONE,NONE;NONE,NONE;PASSENGER CAR,SPORT UTILITY;PASSENGER CAR,SPORT UTILITY;PASSENGER CAR,SPORT UTILITY;PASSENGER CAR,SPORT UTILITY
35929;0 FEET FROM SR 1652 (N HARRISON AV);FOUR-WAY INTERSECTION;STRAIGHT,GRADE;STATE SECONDARY ROUTE;TWO-WAY,DIVIDED,UNPROTECTED MEDIAN;SMOOTH ASPHALT;DRY;DAYLIGHT;CLEAR;STOP AND GO SIGNAL;;;-78.78113;35.80994;;;0;0;;;NONE;;NONE;;PASSENGER CAR;SPORT UTILITY;;;;NO;13300;2018-10-10;5:06:34 PM;2018-10-10T21:06:34+00:00;;2018;No;No;10;NONE;NONE,NONE;NONE,NONE;PASSENGER CAR,SPORT UTILITY;PASSENGER CAR,SPORT UTILITY;PASSENGER CAR,SPORT UTILITY;PASSENGER CAR,SPORT UTILITY
35947;CARY;NON-INTERSECTION MEDIAN CROSSING;STRAIGHT,LEVEL;NC ROUTE;TWO-WAY,DIVIDED,UNPROTECTED MEDIAN;SMOOTH ASPHALT;DRY;DAYLIGHT;CLEAR;NO CONTROL PRESENT;35.833012657;-78.880246;-78.8802;35.8329;P091;WAKE;0;0;;;NONE;;NONE;;PASSENGER CAR;PASSENGER CAR;PASSENGER CAR;;;NO;13318;2018-10-10;8:28:19 PM;2018-10-11T00:28:19+00:00;35.833012657, -78.880246;2018;No;No;10;NONE;NONE,NONE;NONE,NONE;PASSENGER CAR,PASSENGER CAR;PASSENGER CAR,PASSENGER CAR,PASSENGER CAR;PASSENGER CAR,PASSENGER CAR,PASSENGER CAR;PASSENGER CAR,PASSENGER CAR,PASSENGER CAR
35948;.1 MILES FROM SR 1300 (KILDAIRE FARM RD);NO SPECIAL FEATURE;STRAIGHT,LEVEL;STATE SECONDARY ROUTE;TWO-WAY,DIVIDED,POSITIVE MEDIAN BARRIER;COARSE ASPHALT;DRY;DAYLIGHT;CLOUDY;NO CONTROL PRESENT;;;-78.796411;35.7016343;;;0;0;;;NONE;;NONE;;PICKUP;PASSENGER CAR;PICKUP;;;NO;13319;2018-10-11;8:24:57 AM;2018-10-11T12:24:57+00:00;;2018;No;No;10;NONE;NONE,NONE;NONE,NONE;PICKUP,PASSENGER CAR;PICKUP,PASSENGER CAR,PICKUP;PICKUP,PASSENGER CAR,PICKUP;PICKUP,PASSENGER CAR,PICKUP
35955;.04 MILES FROM US I HIGHWAY;NO SPECIAL FEATURE;STRAIGHT,LEVEL;US ROUTE;TWO-WAY,DIVIDED,POSITIVE MEDIAN BARRIER;SMOOTH ASPHALT;WET;DAYLIGHT;RAIN;NO CONTROL PRESENT;;;-78.7955;35.7357;;;0;0;;;;;NONE;;SPORT UTILITY;;;;;NO;13326;2018-10-11;4:10:52 PM;2018-10-11T20:10:52+00:00;;2018;No;No;10;;NONE;NONE;SPORT UTILITY;SPORT UTILITY;SPORT UTILITY;SPORT UTILITY
35956;CARY;T-INTERSECTION;STRAIGHT,LEVEL;STATE SECONDARY ROUTE;TWO-WAY,DIVIDED,UNPROTECTED MEDIAN;SMOOTH ASPHALT;WET;DAYLIGHT;RAIN;STOP SIGN;;;-78.808303;35.811907;;111;0;0;;;NONE;;NONE;;PASSENGER CAR;SPORT UTILITY;;;;NO;13327;2018-10-11;4:20:58 PM;2018-10-11T20:20:58+00:00;;2018;No;No;10;NONE;NONE,NONE;NONE,NONE;PASSENGER CAR,SPORT UTILITY;PASSENGER CAR,SPORT UTILITY;PASSENGER CAR,SPORT UTILITY;PASSENGER CAR,SPORT UTILITY
35965;300 FEET FROM US 1 HIGHWAY;NO SPECIAL FEATURE;STRAIGHT,LEVEL;US ROUTE;TWO-WAY,DIVIDED,POSITIVE MEDIAN BARRIER;CONCRETE;DRY;DAYLIGHT;CLEAR;NO CONTROL PRESENT;;;-78.742115;35.7630765;;;0;0;;;NONE;;NONE;;PASSENGER CAR;;;;;NO;13336;2018-10-12;8:32:50 AM;2018-10-12T12:32:50+00:00;;2018;No;No;10;NONE;NONE,NONE;NONE,NONE;PASSENGER CAR;PASSENGER CAR;PASSENGER CAR;PASSENGER CAR
35969;400 FEET FROM PVA (7615 OKELLY CHAPEL RD);NO SPECIAL FEATURE;STRAIGHT,LEVEL;PUBLIC VEHICULAR AREA;TWO-WAY,NOT DIVIDED;SMOOTH ASPHALT;DRY;DAYLIGHT;CLEAR;NO CONTROL PRESENT;;;-78.9062;35.8412;;;0;0;;;UNKNOWN;;;;SPORT UTILITY;SPORT UTILITY;;;;NO;13340;2018-10-02;12:00 AM;2018-10-02T04:00:00+00:00;;2018;No;No;10;UNKNOWN;UNKNOWN;UNKNOWN;SPORT UTILITY,SPORT UTILITY;SPORT UTILITY,SPORT UTILITY;SPORT UTILITY,SPORT UTILITY;SPORT UTILITY,SPORT UTILITY
35973;100 FEET FROM SR 1616 (OLD APEX RD);RELATED TO INTERSECTION;STRAIGHT,HILLCREST;STATE SECONDARY ROUTE;TWO-WAY,NOT DIVIDED;;DRY;DAYLIGHT;CLEAR;STOP AND GO SIGNAL;;;-78.805;35.7767;;;0;0;1;;NONE;;NONE;;PICKUP;PASSENGER CAR;;;;NO;13344;2018-10-12;1:01:43 PM;2018-10-12T17:01:43+00:00;;2018;No;No;10;NONE;NONE,NONE;NONE,NONE;PICKUP,PASSENGER CAR;PICKUP,PASSENGER CAR;PICKUP,PASSENGER CAR;PICKUP,PASSENGER CAR
35983;120 FEET FROM CHAPEL HILL RD;NO SPECIAL FEATURE;STRAIGHT,LEVEL;LOCAL STREET;TWO-WAY,NOT DIVIDED;SMOOTH ASPHALT;WET;DAYLIGHT;CLOUDY;NO CONTROL PRESENT;35.796229558;-78.7932917;-78.7929;35.796;P025;111;0;0;1;;NONE;;NONE;;PASSENGER CAR;PASSENGER CAR;;;;NO;13354;2018-10-14;12:09 PM;2018-10-14T16:09:00+00:00;35.796229558, -78.7932917;2018;No;No;10;NONE;NONE,NONE;NONE,NONE;PASSENGER CAR,PASSENGER CAR;PASSENGER CAR,PASSENGER CAR;PASSENGER CAR,PASSENGER CAR;PASSENGER CAR,PASSENGER CAR
35994;339 FEET FROM SR1315 (BUCK JONES RD);T-INTERSECTION;STRAIGHT,LEVEL;STATE SECONDARY ROUTE;TWO-WAY,NOT DIVIDED;SMOOTH ASPHALT;DRY;DAYLIGHT;CLOUDY;NO CONTROL PRESENT;;;-78.744863;35.763546;;;0;0;1;;NONE;;NONE;;SPORT UTILITY;SPORT UTILITY;;;;NO;13365;2018-10-14;1:54:34 PM;2018-10-14T17:54:34+00:00;;2018;No;No;10;NONE;NONE,NONE;NONE,NONE;SPORT UTILITY,SPORT UTILITY;SPORT UTILITY,SPORT UTILITY;SPORT UTILITY,SPORT UTILITY;SPORT UTILITY,SPORT UTILITY
35999;.03 MILES FROM US 1 HIGHWAY;NO SPECIAL FEATURE;STRAIGHT,LEVEL;US ROUTE;TWO-WAY,DIVIDED,POSITIVE MEDIAN BARRIER;SMOOTH ASPHALT;DRY;DAYLIGHT;CLEAR;NO CONTROL PRESENT;;;-78.7816;35.7433;;;0;0;2;;;;NONE;;PASSENGER CAR;PASSENGER CAR;PICKUP;;;NO;13370;2018-10-12;4:53:17 PM;2018-10-12T20:53:17+00:00;;2018;No;No;10;;NONE;NONE;PASSENGER CAR,PASSENGER CAR;PASSENGER CAR,PASSENGER CAR,PICKUP;PASSENGER CAR,PASSENGER CAR,PICKUP;PASSENGER CAR,PASSENGER CAR,PICKUP
36009;300 FEET FROM PVA OF 7129 OKELLY CHAPEL RD;NO SPECIAL FEATURE;STRAIGHT,LEVEL;PUBLIC VEHICULAR AREA;TWO-WAY,NOT DIVIDED;SMOOTH ASPHALT;DRY;DAYLIGHT;CLEAR;NO CONTROL PRESENT;;;-78.8853;35.8445;;;0;0;;;NONE;;NONE;;PASSENGER CAR;PASSENGER CAR;;;;NO;13380;2018-10-13;4:31:32 AM;2018-10-13T08:31:32+00:00;;2018;No;No;10;NONE;NONE,NONE;NONE,NONE;PASSENGER CAR,PASSENGER CAR;PASSENGER CAR,PASSENGER CAR;PASSENGER CAR,PASSENGER CAR;PASSENGER CAR,PASSENGER CAR
36012;200 FEET FROM E CHATHAM ST;RELATED TO INTERSECTION;STRAIGHT,LEVEL;LOCAL STREET;TWO-WAY,NOT DIVIDED;SMOOTH ASPHALT;DRY;DAYLIGHT;CLEAR;STOP AND GO SIGNAL;;;-78.764521;35.791944;;;0;0;;;NONE;;NONE;;VAN;PASSENGER CAR;;;;NO;13383;2018-10-15;1:53:51 PM;2018-10-15T17:53:51+00:00;;2018;No;No;10;NONE;NONE,NONE;NONE,NONE;VAN,PASSENGER CAR;VAN,PASSENGER CAR;VAN,PASSENGER CAR;VAN,PASSENGER CAR
36018;.85 MILES FROM US 1 HWY;NO SPECIAL FEATURE;STRAIGHT,LEVEL;US ROUTE;TWO-WAY,DIVIDED,POSITIVE MEDIAN BARRIER;SMOOTH ASPHALT;WET;DAYLIGHT;CLOUDY;NO CONTROL PRESENT;;;-78.8088;35.7285;;116;0;0;;;NONE;;NONE;;PASSENGER CAR;;;;;NO;13389;2018-10-11;9:29:29 AM;2018-10-11T13:29:29+00:00;;2018;No;No;10;NONE;NONE,NONE;NONE,NONE;PASSENGER CAR;PASSENGER CAR;PASSENGER CAR;PASSENGER CAR
36019;50 FEET FROM HOLLY SPRINGS RD;T-INTERSECTION;STRAIGHT,LEVEL;STATE SECONDARY ROUTE;;SMOOTH ASPHALT;DRY;DAYLIGHT;CLEAR;STOP AND GO SIGNAL;35.737211217;-78.7440738;-78.7438;35.7372;P046;118;0;0;;;NONE;;NONE;;VAN;PASSENGER CAR;PASSENGER CAR;;;NO;13390;2018-10-15;5:02:54 PM;2018-10-15T21:02:54+00:00;35.737211217, -78.7440738;2018;No;No;10;NONE;NONE,NONE;NONE,NONE;VAN,PASSENGER CAR;VAN,PASSENGER CAR,PASSENGER CAR;VAN,PASSENGER CAR,PASSENGER CAR;VAN,PASSENGER CAR,PASSENGER CAR
36025;CARY;T-INTERSECTION;STRAIGHT,LEVEL;STATE SECONDARY ROUTE;TWO-WAY,DIVIDED,UNPROTECTED MEDIAN;COARSE ASPHALT;DRY;DAYLIGHT;CLEAR;STOP SIGN;;;-78.858191;35.789251;;;0;2;2;;;;NONE;;VAN;SPORT UTILITY;;;;NO;13396;2018-10-15;11:42 AM;2018-10-15T15:42:00+00:00;;2018;No;Yes;10;;NONE;NONE;VAN,SPORT UTILITY;VAN,SPORT UTILITY;VAN,SPORT UTILITY;VAN,SPORT UTILITY
36031;.01 MILES FROM SR 4067 (EDERLEE DR);NO SPECIAL FEATURE;STRAIGHT,LEVEL;STATE SECONDARY ROUTE;TWO-WAY,DIVIDED,UNPROTECTED MEDIAN;SMOOTH ASPHALT;DRY;DAYLIGHT;CLEAR;STOP AND GO SIGNAL;;;-78.7881;35.717;;;0;0;;;;;NONE;;SPORT UTILITY;SPORT UTILITY;;;;NO;13402;2018-10-16;4:56:30 PM;2018-10-16T20:56:30+00:00;;2018;No;No;10;;NONE;NONE;SPORT UTILITY,SPORT UTILITY;SPORT UTILITY,SPORT UTILITY;SPORT UTILITY,SPORT UTILITY;SPORT UTILITY,SPORT UTILITY