tamainid;location_description;rdfeature;rdcharacter;rdclass;rdconfigur;rdsurface;rdcondition;lightcond;weather;trafcontrl;lat;lon;lon2;lat2;tract;zone;fatality;possblinj;numpassengers;numpedestrians;contrcir1_desc;contrcir2_desc;contrcir3_desc;contrcir4_desc;vehicle1;vehicle2;vehicle3;vehicle4;vehicle5;workarea;records;ta_date;ta_time;crash_date;geo_location;year;fatalities;injuries;month;contrfact1;contrfact2;contributing_factor;vehicleconcat1;vehicleconcat2;vehicleconcat3;vehicle_type
37966;CARY;ALLEY INTERSECTION;STRAIGHT,LEVEL;LOCAL STREET;TWO-WAY,NOT DIVIDED;SMOOTH ASPHALT;WET;DAYLIGHT;RAIN;STOP SIGN;35.790638213;-78.77651761;-78.7765;35.7906;P060;113;0;3;2;;NONE;;NONE;;PICKUP;PASSENGER CAR;;;;NO;14344;2018-12-14;11:21 AM;2018-12-14T16:21:00+00:00;35.790638213, -78.77651761;2018;No;Yes;12;NONE;NONE,NONE;NONE,NONE;PICKUP,PASSENGER CAR;PICKUP,PASSENGER CAR;PICKUP,PASSENGER CAR;PICKUP,PASSENGER CAR
37971;15 FEET FROM PVA 2041 WALNUT ST;NO SPECIAL FEATURE;STRAIGHT,LEVEL;PUBLIC VEHICULAR AREA;TWO-WAY,NOT DIVIDED;SMOOTH ASPHALT;DRY;DARK - LIGHTED ROADWAY;CLEAR;NO CONTROL PRESENT;;;-78.7605;35.7461;;;0;0;;;NONE;;NONE;;PASSENGER CAR;PASSENGER CAR;;;;NO;14349;2018-12-13;5:59:23 PM;2018-12-13T22:59:23+00:00;;2018;No;No;12;NONE;NONE,NONE;NONE,NONE;PASSENGER CAR,PASSENGER CAR;PASSENGER CAR,PASSENGER CAR;PASSENGER CAR,PASSENGER CAR;PASSENGER CAR,PASSENGER CAR
37972;30 FEET FROM SR 3092 (S HARRISON AV);NO SPECIAL FEATURE;CURVE,HILLCREST;STATE SECONDARY ROUTE;TWO-WAY,NOT DIVIDED;SMOOTH ASPHALT;WET;DARK - LIGHTED ROADWAY;RAIN;NO CONTROL PRESENT;;;-78.787365;35.7807819;;114;0;0;;;NONE;;COMING FROM BEHIND PARKED VEHICLE;;SPORT UTILITY;;;;;NO;14350;2018-12-14;5:53:44 PM;2018-12-14T22:53:44+00:00;;2018;No;No;12;NONE;NONE,COMING FROM BEHIND PARKED VEHICLE;NONE,COMING FROM BEHIND PARKED VEHICLE;SPORT UTILITY;SPORT UTILITY;SPORT UTILITY;SPORT UTILITY
37977;.3 MILES FROM US HWY 1 OFF RAMP;OFF-RAMP PROPER;CURVE,GRADE;US ROUTE;ONE-WAY,NOT DIVIDED;COARSE ASPHALT;WET;DARK - ROADWAY NOT LIGHTED;RAIN;STOP AND GO SIGNAL;;;-78.795358;35.7379572;;;0;0;;;NONE;;NONE;;PASSENGER CAR;PASSENGER CAR;;;;NO;14355;2018-12-14;7:59:40 PM;2018-12-15T00:59:40+00:00;;2018;No;No;12;NONE;NONE,NONE;NONE,NONE;PASSENGER CAR,PASSENGER CAR;PASSENGER CAR,PASSENGER CAR;PASSENGER CAR,PASSENGER CAR;PASSENGER CAR,PASSENGER CAR
37985;20 FEET FROM CROSSROADS BLVD;NO SPECIAL FEATURE;STRAIGHT,LEVEL;LOCAL STREET;TWO-WAY,DIVIDED,UNPROTECTED MEDIAN;SMOOTH ASPHALT;WET;DAYLIGHT;CLOUDY;STOP AND GO SIGNAL;;;-78.7414;35.7622;;;0;0;3;;NONE;;NONE;;SPORT UTILITY;PASSENGER CAR;;;;NO;14363;2018-12-15;10:43 AM;2018-12-15T15:43:00+00:00;;2018;No;No;12;NONE;NONE,NONE;NONE,NONE;SPORT UTILITY,PASSENGER CAR;SPORT UTILITY,PASSENGER CAR;SPORT UTILITY,PASSENGER CAR;SPORT UTILITY,PASSENGER CAR
37988;60 FEET FROM SR 1313 (WALNUT ST);RELATED TO INTERSECTION;STRAIGHT,LEVEL;STATE SECONDARY ROUTE;TWO-WAY,DIVIDED,UNPROTECTED MEDIAN;SMOOTH ASPHALT;WET;DARK - LIGHTED ROADWAY;CLEAR;STOP AND GO SIGNAL;;;-78.740745;35.745925;;;0;0;;;NONE;;COMING FROM BEHIND PARKED VEHICLE;;SPORT UTILITY;SPORT UTILITY;;;;NO;14366;2018-12-15;7:31:15 PM;2018-12-16T00:31:15+00:00;;2018;No;No;12;NONE;NONE,COMING FROM BEHIND PARKED VEHICLE;NONE,COMING FROM BEHIND PARKED VEHICLE;SPORT UTILITY,SPORT UTILITY;SPORT UTILITY,SPORT UTILITY;SPORT UTILITY,SPORT UTILITY;SPORT UTILITY,SPORT UTILITY
37992;126 FEET FROM LINSLEY AV;NO SPECIAL FEATURE;STRAIGHT,GRADE;PUBLIC VEHICULAR AREA;TWO-WAY,NOT DIVIDED;SMOOTH ASPHALT;WET;DARK - LIGHTED ROADWAY;RAIN;WARNING SIGN;;;-78.904039;35.780996;;;0;0;;;NONE;;NONE;;PASSENGER CAR;;;;;NO;14370;2018-12-14;1:31:08 PM;2018-12-14T18:31:08+00:00;;2018;No;No;12;NONE;NONE,NONE;NONE,NONE;PASSENGER CAR;PASSENGER CAR;PASSENGER CAR;PASSENGER CAR
38004;.56 MILES FROM US 1 HWY;NO SPECIAL FEATURE;STRAIGHT,LEVEL;US ROUTE;TWO-WAY,DIVIDED,POSITIVE MEDIAN BARRIER;GROOVED CONCRETE;WET;DAYLIGHT;RAIN;NO CONTROL PRESENT;;;-78.780755;35.743922;;;0;0;2;;NONE;;NONE;;PICKUP;VAN;SPORT UTILITY;;;NO;14382;2018-12-14;2:33:07 PM;2018-12-14T19:33:07+00:00;;2018;No;No;12;NONE;NONE,NONE;NONE,NONE;PICKUP,VAN;PICKUP,VAN,SPORT UTILITY;PICKUP,VAN,SPORT UTILITY;PICKUP,VAN,SPORT UTILITY
38010;20 FEET FROM BISSETT DR;NO SPECIAL FEATURE;STRAIGHT,LEVEL;LOCAL STREET;TWO-WAY,NOT DIVIDED;SMOOTH ASPHALT;DRY;DAYLIGHT;CLEAR;STOP SIGN;35.761578048;-78.78175001;-78.7816;35.7617;P027;112;0;0;;;NONE;;NONE;;PASSENGER CAR;PASSENGER CAR;;;;NO;14388;2018-12-17;9:21:18 AM;2018-12-17T14:21:18+00:00;35.761578048, -78.78175001;2018;No;No;12;NONE;NONE,NONE;NONE,NONE;PASSENGER CAR,PASSENGER CAR;PASSENGER CAR,PASSENGER CAR;PASSENGER CAR,PASSENGER CAR;PASSENGER CAR,PASSENGER CAR
38018;0 FEET FROM SR 1652 (N HARRISON AV);FOUR-WAY INTERSECTION;STRAIGHT,LEVEL;STATE SECONDARY ROUTE;TWO-WAY,DIVIDED,POSITIVE MEDIAN BARRIER;SMOOTH ASPHALT;DRY;DAYLIGHT;CLEAR;STOP AND GO SIGNAL;;;-78.7826;35.8027;;;0;0;;;NONE;;NONE;;PASSENGER CAR;SPORT UTILITY;;;;NO;14396;2018-12-17;2:37:16 PM;2018-12-17T19:37:16+00:00;;2018;No;No;12;NONE;NONE,NONE;NONE,NONE;PASSENGER CAR,SPORT UTILITY;PASSENGER CAR,SPORT UTILITY;PASSENGER CAR,SPORT UTILITY;PASSENGER CAR,SPORT UTILITY
38019;5 FEET FROM SR 1628 (OKELLY CHAPEL RD);FOUR-WAY INTERSECTION;STRAIGHT,LEVEL;STATE SECONDARY ROUTE;TWO-WAY,DIVIDED,UNPROTECTED MEDIAN;SMOOTH ASPHALT;DRY;DUSK;CLEAR;STOP AND GO SIGNAL;;;-78.8908;35.8456;;;0;0;;;NONE;;NONE;;PASSENGER CAR;PASSENGER CAR;;;;NO;14397;2018-12-17;5:04:25 PM;2018-12-17T22:04:25+00:00;;2018;No;No;12;NONE;NONE,NONE;NONE,NONE;PASSENGER CAR,PASSENGER CAR;PASSENGER CAR,PASSENGER CAR;PASSENGER CAR,PASSENGER CAR;PASSENGER CAR,PASSENGER CAR
38028;473 FEET FROM P.V.A. (2000 WALNUT ST);NO SPECIAL FEATURE;STRAIGHT,LEVEL;PUBLIC VEHICULAR AREA;TWO-WAY,NOT DIVIDED;SMOOTH ASPHALT;DRY;DAYLIGHT;CLEAR;NO CONTROL PRESENT;;;-78.74343;35.757491;;;0;0;;;NONE;;NONE;;SPORT UTILITY;PASSENGER CAR;;;;NO;14406;2018-12-17;1:58:47 PM;2018-12-17T18:58:47+00:00;;2018;No;No;12;NONE;NONE,NONE;NONE,NONE;SPORT UTILITY,PASSENGER CAR;SPORT UTILITY,PASSENGER CAR;SPORT UTILITY,PASSENGER CAR;SPORT UTILITY,PASSENGER CAR
38036;1 MILES FROM SR 1387 (WEST LAKE RD);FOUR-WAY INTERSECTION;STRAIGHT,LEVEL;STATE SECONDARY ROUTE;TWO-WAY,DIVIDED,UNPROTECTED MEDIAN;SMOOTH ASPHALT;DRY;DAYLIGHT;CLEAR;STOP AND GO SIGNAL;;;-78.757;35.6687;;;0;0;;;NONE;;NONE;;PASSENGER CAR;PASSENGER CAR;SPORT UTILITY;;;NO;14414;2018-12-17;7:03:06 AM;2018-12-17T12:03:06+00:00;;2018;No;No;12;NONE;NONE,NONE;NONE,NONE;PASSENGER CAR,PASSENGER CAR;PASSENGER CAR,PASSENGER CAR,SPORT UTILITY;PASSENGER CAR,PASSENGER CAR,SPORT UTILITY;PASSENGER CAR,PASSENGER CAR,SPORT UTILITY
38039;CARY;;;;;;;;;;;;;;;;0;1;;;;;;;;;;;;;14417;2018-12-18;7:59:17 PM;2018-12-19T00:59:17+00:00;;2018;No;Yes;12;;;;;;;
38046;75 FEET FROM PVA 1151 TRYON VILLAGE DR;NO SPECIAL FEATURE;STRAIGHT,LEVEL;PUBLIC VEHICULAR AREA;TWO-WAY,NOT DIVIDED;SMOOTH ASPHALT;DRY;DARK - LIGHTED ROADWAY;CLEAR;STOP SIGN;;;-78.743323;35.74645;;;0;0;;;NONE;;NONE;;PASSENGER CAR;PASSENGER CAR;;;;NO;14424;2018-12-14;8:08:26 PM;2018-12-15T01:08:26+00:00;;2018;No;No;12;NONE;NONE,NONE;NONE,NONE;PASSENGER CAR,PASSENGER CAR;PASSENGER CAR,PASSENGER CAR;PASSENGER CAR,PASSENGER CAR;PASSENGER CAR,PASSENGER CAR
38050;269 FEET FROM BALSAM FIR DR;NO SPECIAL FEATURE;STRAIGHT,LEVEL;LOCAL STREET;TWO-WAY,NOT DIVIDED;SMOOTH ASPHALT;DRY;DAYLIGHT;CLEAR;NO CONTROL PRESENT;35.830456955;-78.90943293;-78.9096;35.8311;P076;119;0;0;;;NONE;;NONE;;PASSENGER CAR;VAN;;;;NO;14428;2018-12-18;1:07:32 PM;2018-12-18T18:07:32+00:00;35.830456955, -78.90943293;2018;No;No;12;NONE;NONE,NONE;NONE,NONE;PASSENGER CAR,VAN;PASSENGER CAR,VAN;PASSENGER CAR,VAN;PASSENGER CAR,VAN
38052;152 FEET FROM P.V.A. (1000 EVANS RD);NO SPECIAL FEATURE;STRAIGHT,LEVEL;PUBLIC VEHICULAR AREA;TWO-WAY,NOT DIVIDED;SMOOTH ASPHALT;DRY;DAYLIGHT;CLEAR;NO CONTROL PRESENT;;;-78.7936;35.801;;111;0;0;;;NONE;;NONE;;PICKUP;;;;;NO;14430;2018-12-19;9:06:56 AM;2018-12-19T14:06:56+00:00;;2018;No;No;12;NONE;NONE,NONE;NONE,NONE;PICKUP;PICKUP;PICKUP;PICKUP
38056;1 MILES FROM US1;NO SPECIAL FEATURE;STRAIGHT,LEVEL;US ROUTE;TWO-WAY,DIVIDED,POSITIVE MEDIAN BARRIER;GROOVED CONCRETE;DRY;DAYLIGHT;CLEAR;NO CONTROL PRESENT;;;-78.7692;35.7502;;112;0;0;;;;;NONE;;SPORT UTILITY;PASSENGER CAR;;;;NO;14434;2018-12-19;8:01:36 AM;2018-12-19T13:01:36+00:00;;2018;No;No;12;;NONE;NONE;SPORT UTILITY,PASSENGER CAR;SPORT UTILITY,PASSENGER CAR;SPORT UTILITY,PASSENGER CAR;SPORT UTILITY,PASSENGER CAR
38062;60 FEET FROM SR 1613 (DAVIS DR);NO SPECIAL FEATURE;STRAIGHT,LEVEL;STATE SECONDARY ROUTE;TWO-WAY,DIVIDED,UNPROTECTED MEDIAN;SMOOTH ASPHALT;DRY;DAYLIGHT;CLEAR;STOP AND GO SIGNAL;;;-78.8486;35.8031;;;0;0;;;NONE;;DARTING;DARTING;PASSENGER CAR;PICKUP;;;;NO;14440;2018-12-19;3:13:40 PM;2018-12-19T20:13:40+00:00;;2018;No;No;12;NONE;NONE,DARTING;NONE,DARTING,DARTING;PASSENGER CAR,PICKUP;PASSENGER CAR,PICKUP;PASSENGER CAR,PICKUP;PASSENGER CAR,PICKUP
38067;CARY;RELATED TO INTERSECTION;STRAIGHT,LEVEL;STATE SECONDARY ROUTE;TWO-WAY,NOT DIVIDED;SMOOTH ASPHALT;DRY;DAYLIGHT;CLEAR;STOP AND GO SIGNAL;;;-78.7832;35.8028;;;0;0;;;NONE;;NONE;;LIGHT TRUCK (MINI-VAN- PANEL);PASSENGER CAR;;;;NO;14445;2018-12-18;1:43:50 PM;2018-12-18T18:43:50+00:00;;2018;No;No;12;NONE;NONE,NONE;NONE,NONE;LIGHT TRUCK (MINI-VAN- PANEL),PASSENGER CAR;LIGHT TRUCK (MINI-VAN- PANEL),PASSENGER CAR;LIGHT TRUCK (MINI-VAN- PANEL),PASSENGER CAR;LIGHT TRUCK (MINI-VAN- PANEL),PASSENGER CAR
38068;CARY;RELATED TO INTERSECTION;STRAIGHT,LEVEL;STATE SECONDARY ROUTE;TWO-WAY,NOT DIVIDED;SMOOTH ASPHALT;DRY;DUSK;CLEAR;NO CONTROL PRESENT;;;-78.7667;35.8002;;;0;1;;;NONE;;NONE;;PICKUP;PASSENGER CAR;;;;NO;14446;2018-12-18;8:38:53 PM;2018-12-19T01:38:53+00:00;;2018;No;Yes;12;NONE;NONE,NONE;NONE,NONE;PICKUP,PASSENGER CAR;PICKUP,PASSENGER CAR;PICKUP,PASSENGER CAR;PICKUP,PASSENGER CAR
38069;CARY;NO SPECIAL FEATURE;STRAIGHT,LEVEL;NC ROUTE;TWO-WAY,DIVIDED,POSITIVE MEDIAN BARRIER;SMOOTH ASPHALT;WET;DARK - LIGHTED ROADWAY;RAIN;NO CONTROL PRESENT;;;-78.756336;35.796466;;;0;0;2;;NONE;;NONE;;SPORT UTILITY;PICKUP;PASSENGER CAR;;;NO;14447;2018-12-14;7:20:59 PM;2018-12-15T00:20:59+00:00;;2018;No;No;12;NONE;NONE,NONE;NONE,NONE;SPORT UTILITY,PICKUP;SPORT UTILITY,PICKUP,PASSENGER CAR;SPORT UTILITY,PICKUP,PASSENGER CAR;SPORT UTILITY,PICKUP,PASSENGER CAR
38074;1 MILES FROM PVA 340 CROSSROADS BLVD;NO SPECIAL FEATURE;STRAIGHT,LEVEL;PUBLIC VEHICULAR AREA;TWO-WAY,NOT DIVIDED;SMOOTH ASPHALT;DRY;DAYLIGHT;CLEAR;NO CONTROL PRESENT;;;-78.7605;35.7461;;;0;0;;;NONE;;NONE;;PASSENGER CAR;PASSENGER CAR;;;;NO;14452;2018-12-19;3:35:50 PM;2018-12-19T20:35:50+00:00;;2018;No;No;12;NONE;NONE,NONE;NONE,NONE;PASSENGER CAR,PASSENGER CAR;PASSENGER CAR,PASSENGER CAR;PASSENGER CAR,PASSENGER CAR;PASSENGER CAR,PASSENGER CAR
38081;.2 MILES FROM P.V.A. 2370 WALNUT ST;NO SPECIAL FEATURE;STRAIGHT,LEVEL;PUBLIC VEHICULAR AREA;TWO-WAY,NOT DIVIDED;SMOOTH ASPHALT;WET;DAYLIGHT;RAIN;NO CONTROL PRESENT;;;-78.7439;35.7536;;;0;0;;;NONE;;NONE;;VAN;VAN;;;;NO;14459;2018-12-20;11:18 AM;2018-12-20T16:18:00+00:00;;2018;No;No;12;NONE;NONE,NONE;NONE,NONE;VAN,VAN;VAN,VAN;VAN,VAN;VAN,VAN
38097;CARY;RELATED TO INTERSECTION;STRAIGHT,LEVEL;STATE SECONDARY ROUTE;TWO-WAY,NOT DIVIDED;SMOOTH ASPHALT;WATER (STANDING, MOVING);DAYLIGHT;RAIN;NO CONTROL PRESENT;;;-78.7738;35.7924;;;0;0;;;NONE;;COMING FROM BEHIND PARKED VEHICLE;;PICKUP;PASSENGER CAR;PASSENGER CAR;;;NO;14475;2018-12-20;2:56:49 PM;2018-12-20T19:56:49+00:00;;2018;No;No;12;NONE;NONE,COMING FROM BEHIND PARKED VEHICLE;NONE,COMING FROM BEHIND PARKED VEHICLE;PICKUP,PASSENGER CAR;PICKUP,PASSENGER CAR,PASSENGER CAR;PICKUP,PASSENGER CAR,PASSENGER CAR;PICKUP,PASSENGER CAR,PASSENGER CAR
38101;50 FEET FROM US 1 HWY;OFF-RAMP PROPER;CURVE,GRADE;US ROUTE;ONE-WAY,NOT DIVIDED;SMOOTH ASPHALT;DRY;DAYLIGHT;CLEAR;STOP AND GO SIGNAL;35.734844757;-78.79776199;-78.7949;35.738;P043;116;0;1;1;;NONE;;NONE;;PASSENGER CAR;LIGHT TRUCK (MINI-VAN- PANEL);;;;NO;14479;2018-12-21;10:20 AM;2018-12-21T15:20:00+00:00;35.734844757, -78.79776199;2018;No;Yes;12;NONE;NONE,NONE;NONE,NONE;PASSENGER CAR,LIGHT TRUCK (MINI-VAN- PANEL);PASSENGER CAR,LIGHT TRUCK (MINI-VAN- PANEL);PASSENGER CAR,LIGHT TRUCK (MINI-VAN- PANEL);PASSENGER CAR,LIGHT TRUCK (MINI-VAN- PANEL)
38105;132 FEET FROM P.V.A. (127 WESTON PKWY);NO SPECIAL FEATURE;STRAIGHT,LEVEL;PUBLIC VEHICULAR AREA;TWO-WAY,NOT DIVIDED;SMOOTH ASPHALT;DRY;DAYLIGHT;CLEAR;NO CONTROL PRESENT;35.601953675;-78.79930456;-78.7709;35.8272;P119;111;0;0;3;;NONE;;NONE;;LIGHT TRUCK (MINI-VAN- PANEL);PASSENGER CAR;;;;NO;14483;2018-12-21;12:05 PM;2018-12-21T17:05:00+00:00;35.601953675, -78.79930456;2018;No;No;12;NONE;NONE,NONE;NONE,NONE;LIGHT TRUCK (MINI-VAN- PANEL),PASSENGER CAR;LIGHT TRUCK (MINI-VAN- PANEL),PASSENGER CAR;LIGHT TRUCK (MINI-VAN- PANEL),PASSENGER CAR;LIGHT TRUCK (MINI-VAN- PANEL),PASSENGER CAR
38106;5 FEET FROM P.V.A. 411 COLONADES WAY;NO SPECIAL FEATURE;STRAIGHT,LEVEL;PUBLIC VEHICULAR AREA;TWO-WAY,NOT DIVIDED;SMOOTH ASPHALT;DRY;DAYLIGHT;CLEAR;NO CONTROL PRESENT;35.742101162;-78.88001954;-78.887826;35.843311;P115;APEX;0;0;;;;;NONE;;PASSENGER CAR;PASSENGER CAR;;;;NO;14484;2018-12-21;1:41:27 PM;2018-12-21T18:41:27+00:00;35.742101162, -78.88001954;2018;No;No;12;;NONE;NONE;PASSENGER CAR,PASSENGER CAR;PASSENGER CAR,PASSENGER CAR;PASSENGER CAR,PASSENGER CAR;PASSENGER CAR,PASSENGER CAR
38111;CARY;FOUR-WAY INTERSECTION;STRAIGHT,LEVEL;LOCAL STREET;TWO-WAY,NOT DIVIDED;SMOOTH ASPHALT;WET;DAYLIGHT;CLEAR;NO CONTROL PRESENT;35.783075741;-78.78335971;-78.7833;35.7831;P035;114;0;0;1;;NONE;;NONE;;PASSENGER CAR;PICKUP;;;;NO;14489;2018-12-21;8:04:21 AM;2018-12-21T13:04:21+00:00;35.783075741, -78.78335971;2018;No;No;12;NONE;NONE,NONE;NONE,NONE;PASSENGER CAR,PICKUP;PASSENGER CAR,PICKUP;PASSENGER CAR,PICKUP;PASSENGER CAR,PICKUP
38113;200 FEET FROM CROSSROADS BLVD;NO SPECIAL FEATURE;STRAIGHT,LEVEL;LOCAL STREET;TWO-WAY,NOT DIVIDED;SMOOTH ASPHALT;DRY;DARK - LIGHTED ROADWAY;CLEAR;NO CONTROL PRESENT;35.761266214;-78.7418746;-78.741904;35.761295;P120;118;0;1;3;;NONE;;NONE;;PASSENGER CAR;SPORT UTILITY;;;;NO;14491;2018-12-15;7:00:52 AM;2018-12-15T12:00:52+00:00;35.761266214, -78.7418746;2018;No;Yes;12;NONE;NONE,NONE;NONE,NONE;PASSENGER CAR,SPORT UTILITY;PASSENGER CAR,SPORT UTILITY;PASSENGER CAR,SPORT UTILITY;PASSENGER CAR,SPORT UTILITY
38118;10 FEET FROM S.R. 1624 (CARPENTER FIRE STA);RELATED TO INTERSECTION;STRAIGHT,LEVEL;STATE SECONDARY ROUTE;TWO-WAY,NOT DIVIDED;COARSE ASPHALT;DRY;DAYLIGHT;CLEAR;STOP AND GO SIGNAL;;;-78.87424;35.82329;;;0;0;;;NONE;;NONE;;SPORT UTILITY;PASSENGER CAR;;;;NO;14496;2018-12-22;8:13:52 AM;2018-12-22T13:13:52+00:00;;2018;No;No;12;NONE;NONE,NONE;NONE,NONE;SPORT UTILITY,PASSENGER CAR;SPORT UTILITY,PASSENGER CAR;SPORT UTILITY,PASSENGER CAR;SPORT UTILITY,PASSENGER CAR
38120;CARY;FOUR-WAY INTERSECTION;CURVE,GRADE;STATE SECONDARY ROUTE;TWO-WAY,DIVIDED,POSITIVE MEDIAN BARRIER;SMOOTH ASPHALT;DRY;DAYLIGHT;CLEAR;STOP AND GO SIGNAL;35.802614562;-78.7830055;-78.7822;35.8027;P032;113;0;0;;;NONE;;NONE;;PASSENGER CAR;PASSENGER CAR;;;;NO;14498;2018-12-23;3:14:05 PM;2018-12-23T20:14:05+00:00;35.802614562, -78.7830055;2018;No;No;12;NONE;NONE,NONE;NONE,NONE;PASSENGER CAR,PASSENGER CAR;PASSENGER CAR,PASSENGER CAR;PASSENGER CAR,PASSENGER CAR;PASSENGER CAR,PASSENGER CAR
38126;CARY;FOUR-WAY INTERSECTION;STRAIGHT,LEVEL;STATE SECONDARY ROUTE;TWO-WAY,DIVIDED,POSITIVE MEDIAN BARRIER;SMOOTH ASPHALT;DRY;DARK - LIGHTED ROADWAY;CLEAR;STOP SIGN;;;-78.767759;35.830359;;;0;0;3;;NONE;;NONE;;PASSENGER CAR;PASSENGER CAR;;;;NO;14504;2018-12-22;1:18:04 AM;2018-12-22T06:18:04+00:00;;2018;No;No;12;NONE;NONE,NONE;NONE,NONE;PASSENGER CAR,PASSENGER CAR;PASSENGER CAR,PASSENGER CAR;PASSENGER CAR,PASSENGER CAR;PASSENGER CAR,PASSENGER CAR
38141;.1 MILES FROM PVA (98 CORNERSTONE DR);DRIVEWAY, PUBLIC;STRAIGHT,LEVEL;PUBLIC VEHICULAR AREA;TWO-WAY,NOT DIVIDED;SMOOTH ASPHALT;DRY;DAYLIGHT;CLEAR;NO CONTROL PRESENT;;;-78.8511;35.7906;;;0;0;;;NONE;;NONE;;PASSENGER CAR;PASSENGER CAR;;;;NO;14519;2018-12-21;4:55:21 PM;2018-12-21T21:55:21+00:00;;2018;No;No;12;NONE;NONE,NONE;NONE,NONE;PASSENGER CAR,PASSENGER CAR;PASSENGER CAR,PASSENGER CAR;PASSENGER CAR,PASSENGER CAR;PASSENGER CAR,PASSENGER CAR
38142;30 FEET FROM CROSSROADS BLVD;FOUR-WAY INTERSECTION;STRAIGHT,LEVEL;LOCAL STREET;TWO-WAY,DIVIDED,POSITIVE MEDIAN BARRIER;SMOOTH ASPHALT;WET;DARK - LIGHTED ROADWAY;RAIN;STOP AND GO SIGNAL;;;-78.7413;35.7612;;;0;0;;;NONE;;NONE;;PASSENGER CAR;SPORT UTILITY;;;;NO;14520;2018-12-21;8:36:18 PM;2018-12-22T01:36:18+00:00;;2018;No;No;12;NONE;NONE,NONE;NONE,NONE;PASSENGER CAR,SPORT UTILITY;PASSENGER CAR,SPORT UTILITY;PASSENGER CAR,SPORT UTILITY;PASSENGER CAR,SPORT UTILITY
38146;.25 MILES FROM S.R. 1635 (MCCRIMMON PKWY);DRIVEWAY, PUBLIC;CURVE,LEVEL;STATE SECONDARY ROUTE;TWO-WAY,DIVIDED,POSITIVE MEDIAN BARRIER;SMOOTH ASPHALT;DRY;DAYLIGHT;CLEAR;STOP SIGN;;;-78.8912;35.8281;;;0;1;1;;NONE;;NONE;;SPORT UTILITY;PASSENGER CAR;;;;NO;14524;2018-12-17;6:41:51 PM;2018-12-17T23:41:51+00:00;;2018;No;Yes;12;NONE;NONE,NONE;NONE,NONE;SPORT UTILITY,PASSENGER CAR;SPORT UTILITY,PASSENGER CAR;SPORT UTILITY,PASSENGER CAR;SPORT UTILITY,PASSENGER CAR
38149;26 FEET FROM SR 1652 (N HARRISON AVE);RELATED TO INTERSECTION;STRAIGHT,LEVEL;STATE SECONDARY ROUTE;TWO-WAY,NOT DIVIDED;SMOOTH ASPHALT;DRY;DARK - LIGHTED ROADWAY;CLEAR;STOP AND GO SIGNAL;;;-78.7832;35.7919;;113;0;0;;;NONE;;NONE;;PASSENGER CAR;PASSENGER CAR;;;;NO;14527;2018-12-26;10:30 PM;2018-12-27T03:30:00+00:00;;2018;No;No;12;NONE;NONE,NONE;NONE,NONE;PASSENGER CAR,PASSENGER CAR;PASSENGER CAR,PASSENGER CAR;PASSENGER CAR,PASSENGER CAR;PASSENGER CAR,PASSENGER CAR
38152;75 FEET FROM SR-3977 (SE CARY PKWY);NO SPECIAL FEATURE;STRAIGHT,LEVEL;STATE SECONDARY ROUTE;TWO-WAY,DIVIDED,UNPROTECTED MEDIAN;SMOOTH ASPHALT;DRY;DAYLIGHT;CLEAR;STOP AND GO SIGNAL;;;-78.7803;35.7578;;;0;1;;;NONE;;NONE;;PASSENGER CAR;;;;;NO;14530;2018-12-23;9:51:38 AM;2018-12-23T14:51:38+00:00;;2018;No;Yes;12;NONE;NONE,NONE;NONE,NONE;PASSENGER CAR;PASSENGER CAR;PASSENGER CAR;PASSENGER CAR
38153;.1 MILES FROM P.V.A. (1298 BUCK JONES RD);NO SPECIAL FEATURE;STRAIGHT,LEVEL;PUBLIC VEHICULAR AREA;ONE-WAY,NOT DIVIDED;COARSE ASPHALT;DRY;DUSK;CLEAR;NO CONTROL PRESENT;;;-78.7424;35.7657;;112;0;0;;;NONE;;NONE;;VAN;;;;;NO;14531;2018-12-23;5:13:25 PM;2018-12-23T22:13:25+00:00;;2018;No;No;12;NONE;NONE,NONE;NONE,NONE;VAN;VAN;VAN;VAN
38157;300 FEET FROM PVA 2370 WALNUT ST;NO SPECIAL FEATURE;STRAIGHT,LEVEL;PUBLIC VEHICULAR AREA;TWO-WAY,NOT DIVIDED;SMOOTH ASPHALT;DRY;DAYLIGHT;CLEAR;STOP SIGN;;;-78.742838;35.753142;;;0;0;1;;NONE;;NONE;;PASSENGER CAR;PASSENGER CAR;;;;NO;14535;2018-12-26;3:41:07 PM;2018-12-26T20:41:07+00:00;;2018;No;No;12;NONE;NONE,NONE;NONE,NONE;PASSENGER CAR,PASSENGER CAR;PASSENGER CAR,PASSENGER CAR;PASSENGER CAR,PASSENGER CAR;PASSENGER CAR,PASSENGER CAR
38167;0 FEET FROM SR 3073 (NW MAYNARD RD);FOUR-WAY INTERSECTION;STRAIGHT,LEVEL;STATE SECONDARY ROUTE;TWO-WAY,NOT DIVIDED;SMOOTH ASPHALT;WET;DARK - LIGHTED ROADWAY;CLOUDY;STOP AND GO SIGNAL;;;-78.812251;35.7834406;;114;0;1;2;;NONE;;COMING FROM BEHIND PARKED VEHICLE;;PASSENGER CAR;SPORT UTILITY;;;;NO;14545;2018-12-21;8:28:08 PM;2018-12-22T01:28:08+00:00;;2018;No;Yes;12;NONE;NONE,COMING FROM BEHIND PARKED VEHICLE;NONE,COMING FROM BEHIND PARKED VEHICLE;PASSENGER CAR,SPORT UTILITY;PASSENGER CAR,SPORT UTILITY;PASSENGER CAR,SPORT UTILITY;PASSENGER CAR,SPORT UTILITY