tamainid;location_description;rdfeature;rdcharacter;rdclass;rdconfigur;rdsurface;rdcondition;lightcond;weather;trafcontrl;lat;lon;lon2;lat2;tract;zone;fatality;possblinj;numpassengers;numpedestrians;contrcir1_desc;contrcir2_desc;contrcir3_desc;contrcir4_desc;vehicle1;vehicle2;vehicle3;vehicle4;vehicle5;workarea;records;ta_date;ta_time;crash_date;geo_location;year;fatalities;injuries;month;contrfact1;contrfact2;contributing_factor;vehicleconcat1;vehicleconcat2;vehicleconcat3;vehicle_type
38362;CARY;NO SPECIAL FEATURE;STRAIGHT,GRADE;LOCAL STREET;TWO-WAY,NOT DIVIDED;SMOOTH ASPHALT;WET;DARK - LIGHTED ROADWAY;RAIN;NO CONTROL PRESENT;35.787261663;-78.77254864;-78.772683;35.787267;P059;120;0;0;;;NONE;;NONE;;VAN;;;;;NO;14740;2019-01-12;10:52 PM;2019-01-13T03:52:00+00:00;35.787261663, -78.77254864;2019;No;No;1;NONE;NONE,NONE;NONE,NONE;VAN;VAN;VAN;VAN
38378;.08 MILES FROM SR 1613 (DAVIS DR);NO SPECIAL FEATURE;STRAIGHT,LEVEL;STATE SECONDARY ROUTE;TWO-WAY,DIVIDED,UNPROTECTED MEDIAN;SMOOTH ASPHALT;DRY;DARK - ROADWAY NOT LIGHTED;CLEAR;NO CONTROL PRESENT;;;-78.851573;35.82762;;121;0;0;;;;;NONE;;SPORT UTILITY;VAN;;;;NO;14756;2019-01-14;10:37 PM;2019-01-15T03:37:00+00:00;;2019;No;No;1;;NONE;NONE;SPORT UTILITY,VAN;SPORT UTILITY,VAN;SPORT UTILITY,VAN;SPORT UTILITY,VAN
38386;CARY;FOUR-WAY INTERSECTION;STRAIGHT,LEVEL;STATE SECONDARY ROUTE;TWO-WAY,NOT DIVIDED;SMOOTH ASPHALT;DRY;DAYLIGHT;CLEAR;STOP AND GO SIGNAL;;;-78.783149;35.791916;;114;0;0;;;NONE;;NONE;;SPORT UTILITY;SPORT UTILITY;;;;NO;14764;2019-01-15;6:41:10 PM;2019-01-15T23:41:10+00:00;;2019;No;No;1;NONE;NONE,NONE;NONE,NONE;SPORT UTILITY,SPORT UTILITY;SPORT UTILITY,SPORT UTILITY;SPORT UTILITY,SPORT UTILITY;SPORT UTILITY,SPORT UTILITY
38391;80 FEET FROM SR 1300 (KILDAIRE FARM RD);NO SPECIAL FEATURE;STRAIGHT,GRADE;STATE SECONDARY ROUTE;TWO-WAY,NOT DIVIDED;COARSE ASPHALT;DRY;DAYLIGHT;CLEAR;NO CONTROL PRESENT;;;-78.795066;35.7040051;;116;0;0;1;;NONE;;NONE;;PASSENGER CAR;SPORT UTILITY;;;;NO;14769;2019-01-16;9:35:21 AM;2019-01-16T14:35:21+00:00;;2019;No;No;1;NONE;NONE,NONE;NONE,NONE;PASSENGER CAR,SPORT UTILITY;PASSENGER CAR,SPORT UTILITY;PASSENGER CAR,SPORT UTILITY;PASSENGER CAR,SPORT UTILITY
38400;.25 MILES FROM 1225 SR 1300 (KILDARE FARM RD);NO SPECIAL FEATURE;STRAIGHT,GRADE;PUBLIC VEHICULAR AREA;TWO-WAY,NOT DIVIDED;SMOOTH ASPHALT;DRY;DAYLIGHT;CLOUDY;NO CONTROL PRESENT;;;-78.7831;35.7627;;112;0;0;;;NONE;;NONE;;PICKUP;PASSENGER CAR;;;;NO;14778;2019-01-17;10:37 AM;2019-01-17T15:37:00+00:00;;2019;No;No;1;NONE;NONE,NONE;NONE,NONE;PICKUP,PASSENGER CAR;PICKUP,PASSENGER CAR;PICKUP,PASSENGER CAR;PICKUP,PASSENGER CAR
38401;150 FEET FROM NC 55 HWY;RELATED TO INTERSECTION;STRAIGHT,LEVEL;NC ROUTE;TWO-WAY,DIVIDED,UNPROTECTED MEDIAN;SMOOTH ASPHALT;DRY;DARK - LIGHTED ROADWAY;CLEAR;STOP AND GO SIGNAL;;;-78.8738;35.8201;;;0;0;;;NONE;;NONE;;PASSENGER CAR;;;;;NO;14779;2019-01-16;6:15:00 AM;2019-01-16T11:15:00+00:00;;2019;No;No;1;NONE;NONE,NONE;NONE,NONE;PASSENGER CAR;PASSENGER CAR;PASSENGER CAR;PASSENGER CAR
38403;.1 MILES FROM US HWY 1;NO SPECIAL FEATURE;STRAIGHT,GRADE;US ROUTE;TWO-WAY,DIVIDED,POSITIVE MEDIAN BARRIER;GROOVED CONCRETE;DRY;DAYLIGHT;CLEAR;NO CONTROL PRESENT;;;-78.791886;35.7389053;;115;0;2;;;NONE;;NONE;;PASSENGER CAR;PICKUP;;;;NO;14781;2019-01-17;11:49 AM;2019-01-17T16:49:00+00:00;;2019;No;Yes;1;NONE;NONE,NONE;NONE,NONE;PASSENGER CAR,PICKUP;PASSENGER CAR,PICKUP;PASSENGER CAR,PICKUP;PASSENGER CAR,PICKUP
38405;498 FEET FROM SR 1415 (NW MAYNARD RD);NO SPECIAL FEATURE;STRAIGHT,LEVEL;STATE SECONDARY ROUTE;TWO-WAY,DIVIDED,UNPROTECTED MEDIAN;SMOOTH ASPHALT;DRY;DAYLIGHT;CLEAR;STOP SIGN;;;-78.809695;35.791055;;114;0;1;;;NONE;;NONE;;PASSENGER CAR;VAN;;;;NO;14783;2019-01-17;1:50:48 PM;2019-01-17T18:50:48+00:00;;2019;No;Yes;1;NONE;NONE,NONE;NONE,NONE;PASSENGER CAR,VAN;PASSENGER CAR,VAN;PASSENGER CAR,VAN;PASSENGER CAR,VAN
38409;45 FEET FROM PVA (100 PARKTHROUGH ST);DRIVEWAY, PUBLIC;STRAIGHT,GRADE;PUBLIC VEHICULAR AREA;TWO-WAY,NOT DIVIDED;COARSE ASPHALT;DRY;DAYLIGHT;CLEAR;NO CONTROL PRESENT;35.790112627;-78.87281082;-78.784306;35.786908;P077;122;0;0;;;NONE;;NONE;;PASSENGER CAR;PASSENGER CAR;;;;NO;14787;2019-01-17;11:08 AM;2019-01-17T16:08:00+00:00;35.790112627, -78.87281082;2019;No;No;1;NONE;NONE,NONE;NONE,NONE;PASSENGER CAR,PASSENGER CAR;PASSENGER CAR,PASSENGER CAR;PASSENGER CAR,PASSENGER CAR;PASSENGER CAR,PASSENGER CAR
38416;.25 MILES FROM US 1 HWY;ON-RAMP ENTRY;STRAIGHT,LEVEL;US ROUTE;TWO-WAY,DIVIDED,POSITIVE MEDIAN BARRIER;GROOVED CONCRETE;DRY;DAYLIGHT;CLEAR;NO CONTROL PRESENT;;;-78.7971;35.7351;;115;0;0;2;;NONE;;NONE;;PASSENGER CAR;;PASSENGER CAR;;;NO;14794;2019-01-16;7:36:55 PM;2019-01-17T00:36:55+00:00;;2019;No;No;1;NONE;NONE,NONE;NONE,NONE;PASSENGER CAR;PASSENGER CAR,PASSENGER CAR;PASSENGER CAR,PASSENGER CAR;PASSENGER CAR,PASSENGER CAR
38419;25 FEET FROM SR 1313 (WALNUT ST);;;;;;;;;;;;;;;118;0;0;;;;;;;;;;;;;14797;2019-01-03;10:35 AM;2019-01-03T15:35:00+00:00;;2019;No;No;1;;;;;;;
38427;0 FEET FROM SW CARY PKWY;FOUR-WAY INTERSECTION;STRAIGHT,BOTTOM (SAG);LOCAL STREET;TWO-WAY,DIVIDED,UNPROTECTED MEDIAN;SMOOTH ASPHALT;DRY;DARK - LIGHTED ROADWAY;CLEAR;STOP AND GO SIGNAL;35.754988085;-78.80849664;-78.8085;35.7548;P040;115;0;1;;;NONE;;NONE;;VAN;SPORT UTILITY;;;;NO;14805;2019-01-17;12:55 AM;2019-01-17T05:55:00+00:00;35.754988085, -78.80849664;2019;No;Yes;1;NONE;NONE,NONE;NONE,NONE;VAN,SPORT UTILITY;VAN,SPORT UTILITY;VAN,SPORT UTILITY;VAN,SPORT UTILITY
38429;100 FEET FROM 2021 WALNUT ST;NO SPECIAL FEATURE;STRAIGHT,LEVEL;PUBLIC VEHICULAR AREA;TWO-WAY,NOT DIVIDED;SMOOTH ASPHALT;DRY;DAYLIGHT;CLEAR;NO CONTROL PRESENT;;;-78.7388;35.7581;;118;0;0;;;NONE;;NONE;;VAN;SPORT UTILITY;;;;NO;14807;2019-01-21;1:49:55 PM;2019-01-21T18:49:55+00:00;;2019;No;No;1;NONE;NONE,NONE;NONE,NONE;VAN,SPORT UTILITY;VAN,SPORT UTILITY;VAN,SPORT UTILITY;VAN,SPORT UTILITY
38430;CARY;RELATED TO INTERSECTION;STRAIGHT,LEVEL;STATE SECONDARY ROUTE;TWO-WAY,NOT DIVIDED;COARSE ASPHALT;DRY;DAYLIGHT;CLEAR;STOP AND GO SIGNAL;;;-78.7828;35.8026;;113;0;0;;;NONE;;NONE;;SINGLE UNIT TRUCK (2-AXLE- 6-TIRE);PASSENGER CAR;;;;NO;14808;2019-01-21;3:00:41 PM;2019-01-21T20:00:41+00:00;;2019;No;No;1;NONE;NONE,NONE;NONE,NONE;SINGLE UNIT TRUCK (2-AXLE- 6-TIRE),PASSENGER CAR;SINGLE UNIT TRUCK (2-AXLE- 6-TIRE),PASSENGER CAR;SINGLE UNIT TRUCK (2-AXLE- 6-TIRE),PASSENGER CAR;SINGLE UNIT TRUCK (2-AXLE- 6-TIRE),PASSENGER CAR
38434;100 FEET FROM BUCK JONES RD;NO SPECIAL FEATURE;STRAIGHT,LEVEL;STATE SECONDARY ROUTE;TWO-WAY,NOT DIVIDED;SMOOTH ASPHALT;DRY;DAYLIGHT;CLEAR;FLASHING STOP AND GO SIGNAL;;;-78.7453;35.763223;;112;0;0;1;;NONE;;NONE;;SPORT UTILITY;PICKUP;;;;NO;14812;2019-01-20;2:47:36 PM;2019-01-20T19:47:36+00:00;;2019;No;No;1;NONE;NONE,NONE;NONE,NONE;SPORT UTILITY,PICKUP;SPORT UTILITY,PICKUP;SPORT UTILITY,PICKUP;SPORT UTILITY,PICKUP
38443;20 FEET FROM SR1611 JENKS RD;FOUR-WAY INTERSECTION;STRAIGHT,LEVEL;STATE SECONDARY ROUTE;TWO-WAY,NOT DIVIDED;SMOOTH ASPHALT;DRY;DARK - LIGHTED ROADWAY;CLEAR;STOP AND GO SIGNAL;;;-78.875738;35.761035;;;0;0;2;;NONE;;NONE;;PASSENGER CAR;SPORT UTILITY;;;;NO;14821;2019-01-18;7:03:59 PM;2019-01-19T00:03:59+00:00;;2019;No;No;1;NONE;NONE,NONE;NONE,NONE;PASSENGER CAR,SPORT UTILITY;PASSENGER CAR,SPORT UTILITY;PASSENGER CAR,SPORT UTILITY;PASSENGER CAR,SPORT UTILITY
38448;.1 MILES FROM SR 3112 NW CARY PKWY;NO SPECIAL FEATURE;STRAIGHT,LEVEL;STATE SECONDARY ROUTE;TWO-WAY,DIVIDED,UNPROTECTED MEDIAN;SMOOTH ASPHALT;DRY;DAWN;CLEAR;NO CONTROL PRESENT;;;-78.8044;35.8139;;111;0;0;;;NONE;;NONE;;SPORT UTILITY;;;;;NO;14826;2019-01-22;6:59:35 AM;2019-01-22T11:59:35+00:00;;2019;No;No;1;NONE;NONE,NONE;NONE,NONE;SPORT UTILITY;SPORT UTILITY;SPORT UTILITY;SPORT UTILITY
38449;50 FEET FROM NC 55 HWY;NO SPECIAL FEATURE;STRAIGHT,LEVEL;NC ROUTE;TWO-WAY,DIVIDED,UNPROTECTED MEDIAN;SMOOTH ASPHALT;DRY;DAYLIGHT;CLEAR;NO CONTROL PRESENT;;;-78.8736;35.8207;;;0;0;;;NONE;;NONE;;VAN;PASSENGER CAR;;;;NO;14827;2019-01-22;7:11:47 AM;2019-01-22T12:11:47+00:00;;2019;No;No;1;NONE;NONE,NONE;NONE,NONE;VAN,PASSENGER CAR;VAN,PASSENGER CAR;VAN,PASSENGER CAR;VAN,PASSENGER CAR
38452;50 FEET FROM PVA (100 W CHATHAM ST);NO SPECIAL FEATURE;STRAIGHT,LEVEL;PUBLIC VEHICULAR AREA;ONE-WAY,NOT DIVIDED;SMOOTH ASPHALT;DRY;DARK - LIGHTED ROADWAY;CLEAR;NO CONTROL PRESENT;;;-78.781531;35.787762;;120;0;0;;;NONE;;NONE;;PASSENGER CAR;;;;;NO;14830;2019-01-20;11:46 AM;2019-01-20T16:46:00+00:00;;2019;No;No;1;NONE;NONE,NONE;NONE,NONE;PASSENGER CAR;PASSENGER CAR;PASSENGER CAR;PASSENGER CAR
38453;0.151 MILES FROM 540 NEW WAVERLY PL PVA;NO SPECIAL FEATURE;STRAIGHT,LEVEL;PUBLIC VEHICULAR AREA;TWO-WAY,NOT DIVIDED;SMOOTH ASPHALT;DRY;DAYLIGHT;CLEAR;NO CONTROL PRESENT;35.736717286;-78.77861754;-78.776;35.737689;P053;116;0;0;;;NONE;;NONE;;PASSENGER CAR;PASSENGER CAR;;;;NO;14831;2019-01-22;1:18:10 PM;2019-01-22T18:18:10+00:00;35.736717286, -78.77861754;2019;No;No;1;NONE;NONE,NONE;NONE,NONE;PASSENGER CAR,PASSENGER CAR;PASSENGER CAR,PASSENGER CAR;PASSENGER CAR,PASSENGER CAR;PASSENGER CAR,PASSENGER CAR
38456;.05 MILES FROM P.V.A. (1123 KILDAIRE FARM RD);NO SPECIAL FEATURE;STRAIGHT,LEVEL;PUBLIC VEHICULAR AREA;TWO-WAY,NOT DIVIDED;SMOOTH ASPHALT;DRY;DAYLIGHT;CLEAR;NO CONTROL PRESENT;;;-78.781238;35.768976;;112;0;0;;;;;NONE;;PASSENGER CAR;PASSENGER CAR;;;;NO;14834;2019-01-22;4:45:11 PM;2019-01-22T21:45:11+00:00;;2019;No;No;1;;NONE;NONE;PASSENGER CAR,PASSENGER CAR;PASSENGER CAR,PASSENGER CAR;PASSENGER CAR,PASSENGER CAR;PASSENGER CAR,PASSENGER CAR
38462;2 MILES FROM US 1 HWY;NO SPECIAL FEATURE;STRAIGHT,LEVEL;US ROUTE;TWO-WAY,DIVIDED,POSITIVE MEDIAN BARRIER;SMOOTH ASPHALT;WET;DUSK;RAIN;NO CONTROL PRESENT;;;-78.791477;35.737885;;115;0;0;;;NONE;;NONE;;PASSENGER CAR;;;;;NO;14840;2019-01-24;4:42:53 AM;2019-01-24T09:42:53+00:00;;2019;No;No;1;NONE;NONE,NONE;NONE,NONE;PASSENGER CAR;PASSENGER CAR;PASSENGER CAR;PASSENGER CAR
38464;CARY;T-INTERSECTION;STRAIGHT,LEVEL;STATE SECONDARY ROUTE;;SMOOTH ASPHALT;DRY;DAYLIGHT;CLEAR;STOP SIGN;;;-78.870184;35.804842;;121;0;0;;;NONE;;NONE;;PASSENGER CAR;PASSENGER CAR;;;;NO;14842;2019-01-18;4:11:13 PM;2019-01-18T21:11:13+00:00;;2019;No;No;1;NONE;NONE,NONE;NONE,NONE;PASSENGER CAR,PASSENGER CAR;PASSENGER CAR,PASSENGER CAR;PASSENGER CAR,PASSENGER CAR;PASSENGER CAR,PASSENGER CAR
38466;CARY;FOUR-WAY INTERSECTION;STRAIGHT,LEVEL;STATE SECONDARY ROUTE;TWO-WAY,NOT DIVIDED;SMOOTH ASPHALT;WET;DAYLIGHT;RAIN;STOP AND GO SIGNAL;;;-78.8014;35.775915;;114;0;0;2;;NONE;;NONE;;PASSENGER CAR;PASSENGER CAR;;;;NO;14844;2019-01-24;10:06 AM;2019-01-24T15:06:00+00:00;;2019;No;No;1;NONE;NONE,NONE;NONE,NONE;PASSENGER CAR,PASSENGER CAR;PASSENGER CAR,PASSENGER CAR;PASSENGER CAR,PASSENGER CAR;PASSENGER CAR,PASSENGER CAR
38481;340 FEET FROM SR 1652 N HARRISON AV;RELATED TO INTERSECTION;STRAIGHT,LEVEL;STATE SECONDARY ROUTE;TWO-WAY,NOT DIVIDED;SMOOTH ASPHALT;DRY;DAYLIGHT;CLEAR;NO CONTROL PRESENT;;;-78.7697;35.8283;;111;0;0;;;NONE;;NONE;;PASSENGER CAR;SPORT UTILITY;;;;NO;14859;2019-01-25;8:35:52 AM;2019-01-25T13:35:52+00:00;;2019;No;No;1;NONE;NONE,NONE;NONE,NONE;PASSENGER CAR,SPORT UTILITY;PASSENGER CAR,SPORT UTILITY;PASSENGER CAR,SPORT UTILITY;PASSENGER CAR,SPORT UTILITY
38484;10 FEET FROM US 1;OFF-RAMP PROPER;CURVE,LEVEL;US ROUTE;ONE-WAY,NOT DIVIDED;SMOOTH ASPHALT;DRY;DAYLIGHT;CLEAR;STOP SIGN;35.724909078;-78.81795644;-78.745026;35.763112;P090;WAKE;0;0;;;NONE;;NONE;;SPORT UTILITY;SPORT UTILITY;;;;NO;14862;2019-01-25;2:22:16 PM;2019-01-25T19:22:16+00:00;35.724909078, -78.81795644;2019;No;No;1;NONE;NONE,NONE;NONE,NONE;SPORT UTILITY,SPORT UTILITY;SPORT UTILITY,SPORT UTILITY;SPORT UTILITY,SPORT UTILITY;SPORT UTILITY,SPORT UTILITY
38487;.1 MILES FROM P.V.A. 8010 TRYON WOODS DR;NO SPECIAL FEATURE;STRAIGHT,LEVEL;PUBLIC VEHICULAR AREA;TWO-WAY,NOT DIVIDED;SMOOTH ASPHALT;DRY;DAYLIGHT;CLEAR;NO CONTROL PRESENT;;;-78.7417;35.746;;118;0;0;;;NONE;;NONE;;PASSENGER CAR;PASSENGER CAR;;;;NO;14865;2019-01-24;5:40:53 PM;2019-01-24T22:40:53+00:00;;2019;No;No;1;NONE;NONE,NONE;NONE,NONE;PASSENGER CAR,PASSENGER CAR;PASSENGER CAR,PASSENGER CAR;PASSENGER CAR,PASSENGER CAR;PASSENGER CAR,PASSENGER CAR
38499;155 FEET FROM P.V.A. (1803 N HARRISON AVE);NO SPECIAL FEATURE;STRAIGHT,LEVEL;PUBLIC VEHICULAR AREA;TWO-WAY,NOT DIVIDED;SMOOTH ASPHALT;DRY;DAYLIGHT;CLEAR;NO CONTROL PRESENT;;;-78.7698;35.8291;;111;0;0;;;NONE;;NONE;;SPORT UTILITY;SPORT UTILITY;;;;NO;14877;2019-01-25;3:22:20 PM;2019-01-25T20:22:20+00:00;;2019;No;No;1;NONE;NONE,NONE;NONE,NONE;SPORT UTILITY,SPORT UTILITY;SPORT UTILITY,SPORT UTILITY;SPORT UTILITY,SPORT UTILITY;SPORT UTILITY,SPORT UTILITY
38500;50 FEET FROM NC 54 (NE MAYNARD RD);RELATED TO INTERSECTION;STRAIGHT,LEVEL;NC ROUTE;TWO-WAY,DIVIDED,POSITIVE MEDIAN BARRIER;SMOOTH ASPHALT;WET;DUSK;SLEET, HAIL, FREEZING RAIN/DRIZZLE;STOP AND GO SIGNAL;;;-78.7655;35.7952;;113;0;0;;;NONE;;NONE;;VAN;PICKUP;;;;NO;14878;2019-01-14;2:38:06 AM;2019-01-14T07:38:06+00:00;;2019;No;No;1;NONE;NONE,NONE;NONE,NONE;VAN,PICKUP;VAN,PICKUP;VAN,PICKUP;VAN,PICKUP
38503;20 FEET FROM SR1300 (KILDAIRE FARM RD);RELATED TO INTERSECTION;STRAIGHT,LEVEL;STATE SECONDARY ROUTE;TWO-WAY,NOT DIVIDED;SMOOTH ASPHALT;DRY;DAYLIGHT;CLEAR;STOP AND GO SIGNAL;;;-78.781776;35.770927;;120;0;0;3;;NONE;;NONE;;SPORT UTILITY;SPORT UTILITY;;;;NO;14881;2019-01-26;1:02:30 PM;2019-01-26T18:02:30+00:00;;2019;No;No;1;NONE;NONE,NONE;NONE,NONE;SPORT UTILITY,SPORT UTILITY;SPORT UTILITY,SPORT UTILITY;SPORT UTILITY,SPORT UTILITY;SPORT UTILITY,SPORT UTILITY
38504;50 FEET FROM SR#1625 (GREEN LEVEL CHURCH RD;NO SPECIAL FEATURE;STRAIGHT,LEVEL;STATE SECONDARY ROUTE;TWO-WAY,DIVIDED,UNPROTECTED MEDIAN;SMOOTH ASPHALT;DRY;DAYLIGHT;CLEAR;NO CONTROL PRESENT;35.822336169;-78.90225156;-78.902519;35.8248;P076;119;0;0;1;;NONE;;NONE;;LIGHT TRUCK (MINI-VAN- PANEL);VAN;;;;NO;14882;2019-01-26;2:08:03 PM;2019-01-26T19:08:03+00:00;35.822336169, -78.90225156;2019;No;No;1;NONE;NONE,NONE;NONE,NONE;LIGHT TRUCK (MINI-VAN- PANEL),VAN;LIGHT TRUCK (MINI-VAN- PANEL),VAN;LIGHT TRUCK (MINI-VAN- PANEL),VAN;LIGHT TRUCK (MINI-VAN- PANEL),VAN
38506;.1 MILES FROM SR 1313 (WALNUT ST);FOUR-WAY INTERSECTION;STRAIGHT,LEVEL;STATE SECONDARY ROUTE;ONE-WAY,NOT DIVIDED;COARSE ASPHALT;DRY;DAWN;CLEAR;STOP AND GO SIGNAL;;;-78.7413;35.7531;;118;0;0;;;;;NONE;;PASSENGER CAR;PASSENGER CAR;;;;NO;14884;2019-01-26;5:41:04 PM;2019-01-26T22:41:04+00:00;;2019;No;No;1;;NONE;NONE;PASSENGER CAR,PASSENGER CAR;PASSENGER CAR,PASSENGER CAR;PASSENGER CAR,PASSENGER CAR;PASSENGER CAR,PASSENGER CAR
38507;CARY;FOUR-WAY INTERSECTION;STRAIGHT,LEVEL;STATE SECONDARY ROUTE;TWO-WAY,NOT DIVIDED;SMOOTH ASPHALT;DRY;DARK - LIGHTED ROADWAY;CLEAR;STOP SIGN;;;-78.796131;35.694427;;116;0;1;;;NONE;;NONE;;PASSENGER CAR;SPORT UTILITY;;;;NO;14885;2019-01-26;11:10 PM;2019-01-27T04:10:00+00:00;;2019;No;Yes;1;NONE;NONE,NONE;NONE,NONE;PASSENGER CAR,SPORT UTILITY;PASSENGER CAR,SPORT UTILITY;PASSENGER CAR,SPORT UTILITY;PASSENGER CAR,SPORT UTILITY
38512;CARY;FOUR-WAY INTERSECTION;STRAIGHT,LEVEL;STATE SECONDARY ROUTE;TWO-WAY,DIVIDED,UNPROTECTED MEDIAN;SMOOTH ASPHALT;DRY;DAYLIGHT;CLEAR;STOP AND GO SIGNAL;;;-78.8375;35.780451;;117;0;0;1;;NONE;;NONE;;PASSENGER CAR;PASSENGER CAR;;;;NO;14890;2019-01-27;10:18 AM;2019-01-27T15:18:00+00:00;;2019;No;No;1;NONE;NONE,NONE;NONE,NONE;PASSENGER CAR,PASSENGER CAR;PASSENGER CAR,PASSENGER CAR;PASSENGER CAR,PASSENGER CAR;PASSENGER CAR,PASSENGER CAR
38519;0 FEET FROM SR 3977 (SE CARY PKWY);Y-INTERSECTION;CURVE,LEVEL;STATE SECONDARY ROUTE;TWO-WAY,DIVIDED,UNPROTECTED MEDIAN;SMOOTH ASPHALT;DRY;DAYLIGHT;CLEAR;STOP AND GO SIGNAL;;;-78.7803;35.7579;;112;0;0;;;NONE;;NONE;;PASSENGER CAR;PASSENGER CAR;;;;NO;14897;2019-01-22;12:01 PM;2019-01-22T17:01:00+00:00;;2019;No;No;1;NONE;NONE,NONE;NONE,NONE;PASSENGER CAR,PASSENGER CAR;PASSENGER CAR,PASSENGER CAR;PASSENGER CAR,PASSENGER CAR;PASSENGER CAR,PASSENGER CAR
38521;CARY;FOUR-WAY INTERSECTION;STRAIGHT,LEVEL;STATE SECONDARY ROUTE;TWO-WAY,DIVIDED,UNPROTECTED MEDIAN;SMOOTH ASPHALT;DRY;DAYLIGHT;CLOUDY;STOP AND GO SIGNAL;;;-78.742091;35.75907;;118;0;0;;;NONE;;NONE;;PASSENGER CAR;PASSENGER CAR;;;;NO;14899;2019-01-28;11:12 AM;2019-01-28T16:12:00+00:00;;2019;No;No;1;NONE;NONE,NONE;NONE,NONE;PASSENGER CAR,PASSENGER CAR;PASSENGER CAR,PASSENGER CAR;PASSENGER CAR,PASSENGER CAR;PASSENGER CAR,PASSENGER CAR
38523;CARY;FOUR-WAY INTERSECTION;STRAIGHT,LEVEL;STATE SECONDARY ROUTE;TWO-WAY,DIVIDED,UNPROTECTED MEDIAN;COARSE ASPHALT;DRY;DAYLIGHT;CLEAR;STOP AND GO SIGNAL;35.829396586;-78.77266668;-78.8058;35.8263;P029;111;0;0;3;;NONE;;NONE;;PASSENGER CAR;PASSENGER CAR;;;;NO;14901;2019-01-26;4:12:54 PM;2019-01-26T21:12:54+00:00;35.829396586, -78.77266668;2019;No;No;1;NONE;NONE,NONE;NONE,NONE;PASSENGER CAR,PASSENGER CAR;PASSENGER CAR,PASSENGER CAR;PASSENGER CAR,PASSENGER CAR;PASSENGER CAR,PASSENGER CAR
38530;100 FEET FROM NC 54;NO SPECIAL FEATURE;STRAIGHT,LEVEL;NC ROUTE;TWO-WAY,DIVIDED,POSITIVE MEDIAN BARRIER;SMOOTH ASPHALT;DRY;DUSK;CLEAR;STOP AND GO SIGNAL;;;-78.7517;35.795;;113;0;2;2;;;;NONE;;PASSENGER CAR;LIGHT TRUCK (MINI-VAN- PANEL);;;;NO;14908;2019-01-28;5:27:59 PM;2019-01-28T22:27:59+00:00;;2019;No;Yes;1;;NONE;NONE;PASSENGER CAR,LIGHT TRUCK (MINI-VAN- PANEL);PASSENGER CAR,LIGHT TRUCK (MINI-VAN- PANEL);PASSENGER CAR,LIGHT TRUCK (MINI-VAN- PANEL);PASSENGER CAR,LIGHT TRUCK (MINI-VAN- PANEL)
38540;CARY;NO SPECIAL FEATURE;STRAIGHT,LEVEL;STATE SECONDARY ROUTE;TWO-WAY,DIVIDED,UNPROTECTED MEDIAN;SMOOTH ASPHALT;WET;DARK - LIGHTED ROADWAY;CLEAR;NO CONTROL PRESENT;;;-78.7453;35.7625;;112;0;0;;;NONE;;NONE;;PASSENGER CAR;PASSENGER CAR;;;;NO;14918;2019-01-29;10:53 PM;2019-01-30T03:53:00+00:00;;2019;No;No;1;NONE;NONE,NONE;NONE,NONE;PASSENGER CAR,PASSENGER CAR;PASSENGER CAR,PASSENGER CAR;PASSENGER CAR,PASSENGER CAR;PASSENGER CAR,PASSENGER CAR
38558;CARY;DRIVEWAY, PUBLIC;STRAIGHT,LEVEL;PRIVATE ROAD,DRIVEWAY;TWO-WAY,DIVIDED,UNPROTECTED MEDIAN;SMOOTH ASPHALT;DRY;DAYLIGHT;CLOUDY;STOP AND GO SIGNAL;;;-78.738925;35.760832;;;0;0;;;NONE;;NONE;;VAN;PASSENGER CAR;;;;NO;14936;2019-01-29;12:58 PM;2019-01-29T17:58:00+00:00;;2019;No;No;1;NONE;NONE,NONE;NONE,NONE;VAN,PASSENGER CAR;VAN,PASSENGER CAR;VAN,PASSENGER CAR;VAN,PASSENGER CAR
38559;.64 MILES FROM US 1 HWY;NO SPECIAL FEATURE;STRAIGHT,LEVEL;US ROUTE;TWO-WAY,DIVIDED,POSITIVE MEDIAN BARRIER;GROOVED CONCRETE;DRY;DAYLIGHT;CLEAR;NO CONTROL PRESENT;;;-78.755166;35.757029;;;0;0;;;NONE;;NONE;;PASSENGER CAR;SPORT UTILITY;;;;NO;14937;2019-01-30;7:39:13 AM;2019-01-30T12:39:13+00:00;;2019;No;No;1;NONE;NONE,NONE;NONE,NONE;PASSENGER CAR,SPORT UTILITY;PASSENGER CAR,SPORT UTILITY;PASSENGER CAR,SPORT UTILITY;PASSENGER CAR,SPORT UTILITY
38563;250 FEET FROM SR 1009 (TRYON RD);NO SPECIAL FEATURE;STRAIGHT,LEVEL;STATE SECONDARY ROUTE;TWO-WAY,DIVIDED,UNPROTECTED MEDIAN;SMOOTH ASPHALT;WET;DARK - LIGHTED ROADWAY;RAIN;NO CONTROL PRESENT;;;-78.7465;35.7459;;;0;0;;;NONE;;NONE;;PICKUP;PASSENGER CAR;;;;NO;14941;2019-01-29;5:49:02 PM;2019-01-29T22:49:02+00:00;;2019;No;No;1;NONE;NONE,NONE;NONE,NONE;PICKUP,PASSENGER CAR;PICKUP,PASSENGER CAR;PICKUP,PASSENGER CAR;PICKUP,PASSENGER CAR
38567;40 FEET FROM US 1 HWY;OFF-RAMP PROPER;CURVE,GRADE;US ROUTE;ONE-WAY,NOT DIVIDED;SMOOTH ASPHALT;DRY;DAYLIGHT;CLEAR;STOP AND GO SIGNAL;;;-78.7949;35.738;;;0;0;;;NONE;;NONE;;PASSENGER CAR;;;;;NO;14945;2019-01-30;4:13:15 PM;2019-01-30T21:13:15+00:00;;2019;No;No;1;NONE;NONE,NONE;NONE,NONE;PASSENGER CAR;PASSENGER CAR;PASSENGER CAR;PASSENGER CAR