tamainid;location_description;rdfeature;rdcharacter;rdclass;rdconfigur;rdsurface;rdcondition;lightcond;weather;trafcontrl;lat;lon;lon2;lat2;tract;zone;fatality;possblinj;numpassengers;numpedestrians;contrcir1_desc;contrcir2_desc;contrcir3_desc;contrcir4_desc;vehicle1;vehicle2;vehicle3;vehicle4;vehicle5;workarea;records;ta_date;ta_time;crash_date;geo_location;year;fatalities;injuries;month;contrfact1;contrfact2;contributing_factor;vehicleconcat1;vehicleconcat2;vehicleconcat3;vehicle_type
40435;15 FEET FROM SR 1415 (SE MAYNARD RD);RELATED TO INTERSECTION;STRAIGHT,BOTTOM (SAG);STATE SECONDARY ROUTE;TWO-WAY,DIVIDED,UNPROTECTED MEDIAN;SMOOTH ASPHALT;DRY;DAYLIGHT;CLEAR;STOP AND GO SIGNAL;;;-78.7642;35.776;;;0;0;1;;NONE;;NONE;;PICKUP;PASSENGER CAR;;;;NO;16813;2019-06-19;1:02:29 PM;2019-06-19T17:02:29+00:00;;2019;No;No;6;NONE;NONE,NONE;NONE,NONE;PICKUP,PASSENGER CAR;PICKUP,PASSENGER CAR;PICKUP,PASSENGER CAR;PICKUP,PASSENGER CAR
40441;.1 MILES FROM SR1740 MORRISVILLE PKWY;FOUR-WAY INTERSECTION;STRAIGHT,LEVEL;STATE SECONDARY ROUTE;TWO-WAY,DIVIDED,UNPROTECTED MEDIAN;SMOOTH ASPHALT;DRY;DAYLIGHT;CLEAR;STOP AND GO SIGNAL;;;-78.902085;35.804471;;;0;0;3;;NONE;;NONE;;SINGLE UNIT TRUCK (2-AXLE- 6-TIRE);VAN;;;;NO;16819;2019-06-19;6:46:22 PM;2019-06-19T22:46:22+00:00;;2019;No;No;6;NONE;NONE,NONE;NONE,NONE;SINGLE UNIT TRUCK (2-AXLE- 6-TIRE),VAN;SINGLE UNIT TRUCK (2-AXLE- 6-TIRE),VAN;SINGLE UNIT TRUCK (2-AXLE- 6-TIRE),VAN;SINGLE UNIT TRUCK (2-AXLE- 6-TIRE),VAN
40442;200 FEET FROM US 64;NO SPECIAL FEATURE;STRAIGHT,LEVEL;US ROUTE;TWO-WAY,DIVIDED,POSITIVE MEDIAN BARRIER;SMOOTH ASPHALT;DRY;DAYLIGHT;CLEAR;NO CONTROL PRESENT;;;-78.746709;35.761578;;;0;0;;;NONE;;NONE;;PASSENGER CAR;;;;;NO;16820;2019-06-19;10:56 PM;2019-06-20T02:56:00+00:00;;2019;No;No;6;NONE;NONE,NONE;NONE,NONE;PASSENGER CAR;PASSENGER CAR;PASSENGER CAR;PASSENGER CAR
40443;.01 MILES FROM US 64 HWY;NO SPECIAL FEATURE;STRAIGHT,LEVEL;US ROUTE;TWO-WAY,DIVIDED,UNPROTECTED MEDIAN;SMOOTH ASPHALT;DRY;DAYLIGHT;CLEAR;STOP AND GO SIGNAL;;;-78.8067;35.7409;;;0;0;;;;;NONE;;PASSENGER CAR;PASSENGER CAR;SPORT UTILITY;;;NO;16821;2019-06-19;6:07:21 PM;2019-06-19T22:07:21+00:00;;2019;No;No;6;;NONE;NONE;PASSENGER CAR,PASSENGER CAR;PASSENGER CAR,PASSENGER CAR,SPORT UTILITY;PASSENGER CAR,PASSENGER CAR,SPORT UTILITY;PASSENGER CAR,PASSENGER CAR,SPORT UTILITY
40450;1 MILES FROM US 1;NO SPECIAL FEATURE;STRAIGHT,LEVEL;US ROUTE;TWO-WAY,DIVIDED,POSITIVE MEDIAN BARRIER;SMOOTH ASPHALT;WET;DAYLIGHT;RAIN;NO CONTROL PRESENT;;;-78.8146;35.7257;;;0;0;;;NONE;;NONE;;PASSENGER CAR;PASSENGER CAR;;;;NO;16828;2019-06-20;5:15:45 PM;2019-06-20T21:15:45+00:00;;2019;No;No;6;NONE;NONE,NONE;NONE,NONE;PASSENGER CAR,PASSENGER CAR;PASSENGER CAR,PASSENGER CAR;PASSENGER CAR,PASSENGER CAR;PASSENGER CAR,PASSENGER CAR
40453;.17 MILES FROM RENAISSANCE PARK PL;T-INTERSECTION;STRAIGHT,LEVEL;PUBLIC VEHICULAR AREA;TWO-WAY,NOT DIVIDED;SMOOTH ASPHALT;DRY;DAYLIGHT;CLOUDY;STOP SIGN;35.829384301;-78.77270804;-78.7726;35.8277;P029;111;0;0;;;NONE;;NONE;;PASSENGER CAR;PASSENGER CAR;;;;NO;16831;2019-06-20;1:24:55 PM;2019-06-20T17:24:55+00:00;35.829384301, -78.77270804;2019;No;No;6;NONE;NONE,NONE;NONE,NONE;PASSENGER CAR,PASSENGER CAR;PASSENGER CAR,PASSENGER CAR;PASSENGER CAR,PASSENGER CAR;PASSENGER CAR,PASSENGER CAR
40457;15 FEET FROM SR 1613 (DAVIS DR);RELATED TO INTERSECTION;STRAIGHT,LEVEL;STATE SECONDARY ROUTE;TWO-WAY,DIVIDED,UNPROTECTED MEDIAN;SMOOTH ASPHALT;DRY;DAYLIGHT;CLEAR;STOP AND GO SIGNAL;;;-78.8475;35.793755;;121;0;0;;;NONE;;NONE;;PASSENGER CAR;SPORT UTILITY;;;;NO;16835;2019-06-21;7:45:33 AM;2019-06-21T11:45:33+00:00;;2019;No;No;6;NONE;NONE,NONE;NONE,NONE;PASSENGER CAR,SPORT UTILITY;PASSENGER CAR,SPORT UTILITY;PASSENGER CAR,SPORT UTILITY;PASSENGER CAR,SPORT UTILITY
40460;125 FEET FROM P.V.A. (1020 BRADFORD PLAZA WA;;;;;;;;;;35.782506548;-78.6188852;;;P119;121;0;0;5;;;;;;;;;;;;16838;2019-06-12;1:01:41 PM;2019-06-12T17:01:41+00:00;35.782506548, -78.6188852;2019;No;No;6;;;;;;;
40464;0 FEET FROM S HARRISON AV;FOUR-WAY INTERSECTION;STRAIGHT,GRADE;LOCAL STREET;TWO-WAY,DIVIDED,UNPROTECTED MEDIAN;SMOOTH ASPHALT;DRY;DAYLIGHT;CLEAR;STOP AND GO SIGNAL;;;-78.7833;35.7831;;;0;0;2;;NONE;;NONE;;VAN;SPORT UTILITY;;;;NO;16842;2019-06-21;10:53 AM;2019-06-21T14:53:00+00:00;;2019;No;No;6;NONE;NONE,NONE;NONE,NONE;VAN,SPORT UTILITY;VAN,SPORT UTILITY;VAN,SPORT UTILITY;VAN,SPORT UTILITY
40468;300 FEET FROM SR 3014 MORRISVILLE CARPTER RD;NO SPECIAL FEATURE;CURVE,LEVEL;STATE SECONDARY ROUTE;TWO-WAY,NOT DIVIDED;SMOOTH ASPHALT;DRY;DAYLIGHT;CLEAR;NO CONTROL PRESENT;;;-78.869697;35.822269;;121;0;0;;;NONE;;NONE;;PICKUP;PASSENGER CAR;;;;NO;16846;2019-06-22;10:58 AM;2019-06-22T14:58:00+00:00;;2019;No;No;6;NONE;NONE,NONE;NONE,NONE;PICKUP,PASSENGER CAR;PICKUP,PASSENGER CAR;PICKUP,PASSENGER CAR;PICKUP,PASSENGER CAR
40471;2 FEET FROM (P.V.A.) 102 TATE ST;DRIVEWAY, PRIVATE;STRAIGHT,LEVEL;PRIVATE ROAD,DRIVEWAY;TWO-WAY,NOT DIVIDED;SMOOTH ASPHALT;DRY;DARK - LIGHTED ROADWAY;CLEAR;NO CONTROL PRESENT;;;-78.76274;35.786846;;;0;0;;;NONE;;NONE;;PASSENGER CAR;PICKUP;;;;NO;16849;2019-06-22;1:39:44 AM;2019-06-22T05:39:44+00:00;;2019;No;No;6;NONE;NONE,NONE;NONE,NONE;PASSENGER CAR,PICKUP;PASSENGER CAR,PICKUP;PASSENGER CAR,PICKUP;PASSENGER CAR,PICKUP
40476;15 FEET FROM CAITBOO AVE;RELATED TO INTERSECTION;STRAIGHT,LEVEL;PUBLIC VEHICULAR AREA;TWO-WAY,DIVIDED,UNPROTECTED MEDIAN;SMOOTH ASPHALT;DRY;DAYLIGHT;CLEAR;STOP AND GO SIGNAL;;;-78.7419;35.76111;;;0;0;1;;NONE;;NONE;;SPORT UTILITY;PASSENGER CAR;;;;NO;16854;2019-06-23;4:51:56 PM;2019-06-23T20:51:56+00:00;;2019;No;No;6;NONE;NONE,NONE;NONE,NONE;SPORT UTILITY,PASSENGER CAR;SPORT UTILITY,PASSENGER CAR;SPORT UTILITY,PASSENGER CAR;SPORT UTILITY,PASSENGER CAR
40478;.1 MILES FROM P.V.A. (2350 WALNUT ST);FOUR-WAY INTERSECTION;STRAIGHT,LEVEL;PUBLIC VEHICULAR AREA;TWO-WAY,NOT DIVIDED;SMOOTH ASPHALT;DRY;DAYLIGHT;CLEAR;STOP SIGN;;;-78.7441;35.754;;;0;0;6;;NONE;;NONE;;PASSENGER CAR;PASSENGER CAR;;;;NO;16856;2019-06-21;4:04:29 PM;2019-06-21T20:04:29+00:00;;2019;No;No;6;NONE;NONE,NONE;NONE,NONE;PASSENGER CAR,PASSENGER CAR;PASSENGER CAR,PASSENGER CAR;PASSENGER CAR,PASSENGER CAR;PASSENGER CAR,PASSENGER CAR
40483;0 FEET FROM SR 1313 (WALNUT ST);FOUR-WAY INTERSECTION;STRAIGHT,LEVEL;STATE SECONDARY ROUTE;TWO-WAY,DIVIDED,POSITIVE MEDIAN BARRIER;SMOOTH ASPHALT;DRY;DAYLIGHT;CLEAR;STOP AND GO SIGNAL;;;-78.7441;35.761;;;0;0;3;;NONE;;NONE;;PASSENGER CAR;PASSENGER CAR;;;;NO;16861;2019-06-21;8:00:06 PM;2019-06-22T00:00:06+00:00;;2019;No;No;6;NONE;NONE,NONE;NONE,NONE;PASSENGER CAR,PASSENGER CAR;PASSENGER CAR,PASSENGER CAR;PASSENGER CAR,PASSENGER CAR;PASSENGER CAR,PASSENGER CAR
40489;200 FEET FROM TECUMSEH CT;NO SPECIAL FEATURE;STRAIGHT,LEVEL;LOCAL STREET;TWO-WAY,NOT DIVIDED;SMOOTH ASPHALT;DRY;DAYLIGHT;CLEAR;NO CONTROL PRESENT;35.798939529;-78.75861994;-78.7574;35.7986;P034;113;0;0;;;NONE;;NONE;;VAN;SPORT UTILITY;;;;NO;16867;2019-06-23;3:01:16 PM;2019-06-23T19:01:16+00:00;35.798939529, -78.75861994;2019;No;No;6;NONE;NONE,NONE;NONE,NONE;VAN,SPORT UTILITY;VAN,SPORT UTILITY;VAN,SPORT UTILITY;VAN,SPORT UTILITY
40491;90 FEET FROM SR1010 (TEN TEN RD);NO SPECIAL FEATURE;STRAIGHT,LEVEL;STATE SECONDARY ROUTE;TWO-WAY,NOT DIVIDED;SMOOTH ASPHALT;DRY;DAYLIGHT;CLEAR;NO CONTROL PRESENT;;;-78.770519;35.69408;;;0;0;;;NONE;;NONE;;PASSENGER CAR;;;;;NO;16869;2019-06-24;10:25 AM;2019-06-24T14:25:00+00:00;;2019;No;No;6;NONE;NONE,NONE;NONE,NONE;PASSENGER CAR;PASSENGER CAR;PASSENGER CAR;PASSENGER CAR
40494;50 FEET FROM P.V.A. (5055 ARCO ST);NO SPECIAL FEATURE;STRAIGHT,LEVEL;PUBLIC VEHICULAR AREA;TWO-WAY,NOT DIVIDED;SMOOTH ASPHALT;DRY;DAYLIGHT;CLEAR;NO CONTROL PRESENT;;;-78.8821;35.8341;;;0;0;;;NONE;;NONE;;PASSENGER CAR;PASSENGER CAR;;;;NO;16872;2019-06-24;12:59 AM;2019-06-24T04:59:00+00:00;;2019;No;No;6;NONE;NONE,NONE;NONE,NONE;PASSENGER CAR,PASSENGER CAR;PASSENGER CAR,PASSENGER CAR;PASSENGER CAR,PASSENGER CAR;PASSENGER CAR,PASSENGER CAR
40499;20 FEET FROM SR 1619 (WALDO ROOD BLVD);FOUR-WAY INTERSECTION;STRAIGHT,GRADE;STATE SECONDARY ROUTE;TWO-WAY,NOT DIVIDED;SMOOTH ASPHALT;DRY;DAYLIGHT;CLEAR;STOP AND GO SIGNAL;;;-78.8479;35.7823;;117;0;0;2;;NONE;;NONE;;SPORT UTILITY;PASSENGER CAR;PASSENGER CAR;PASSENGER CAR;;NO;16877;2019-06-19;2:07:03 PM;2019-06-19T18:07:03+00:00;;2019;No;No;6;NONE;NONE,NONE;NONE,NONE;SPORT UTILITY,PASSENGER CAR;SPORT UTILITY,PASSENGER CAR,PASSENGER CAR;SPORT UTILITY,PASSENGER CAR,PASSENGER CAR,PASSENGER CAR;SPORT UTILITY,PASSENGER CAR,PASSENGER CAR,PASSENGER CAR
40502;20 FEET FROM PVA (1500 EDENHURST AV);NO SPECIAL FEATURE;STRAIGHT,LEVEL;PUBLIC VEHICULAR AREA;TWO-WAY,NOT DIVIDED;SMOOTH ASPHALT;DRY;UNKNOWN;CLEAR;NO CONTROL PRESENT;;;-78.8143;35.7974;;;0;0;;;NONE;;NONE;;PASSENGER CAR;PASSENGER CAR;;;;NO;16880;2019-06-24;9:30:31 AM;2019-06-24T13:30:31+00:00;;2019;No;No;6;NONE;NONE,NONE;NONE,NONE;PASSENGER CAR,PASSENGER CAR;PASSENGER CAR,PASSENGER CAR;PASSENGER CAR,PASSENGER CAR;PASSENGER CAR,PASSENGER CAR
40506;.100 MILES FROM P.V.A (3630 OLD RALEIGH RD);RELATED TO INTERSECTION;CURVE,LEVEL;PUBLIC VEHICULAR AREA;TWO-WAY,NOT DIVIDED;SMOOTH ASPHALT;DRY;DAYLIGHT;CLEAR;NO CONTROL PRESENT;;;-78.810373;35.737246;;;0;0;;;NONE;;NONE;;PICKUP;SPORT UTILITY;;;;NO;16884;2019-06-24;12:06 PM;2019-06-24T16:06:00+00:00;;2019;No;No;6;NONE;NONE,NONE;NONE,NONE;PICKUP,SPORT UTILITY;PICKUP,SPORT UTILITY;PICKUP,SPORT UTILITY;PICKUP,SPORT UTILITY
40510;0 FEET FROM 1421 OLD APEX ROAD;DRIVEWAY, PUBLIC;STRAIGHT,LEVEL;PUBLIC VEHICULAR AREA;TWO-WAY,NOT DIVIDED;SMOOTH ASPHALT;DRY;DAYLIGHT;CLEAR;NO CONTROL PRESENT;36.065931099;-78.68515872;-78.809977;35.766254;P119;RALW;0;0;;;NONE;;NONE;;PASSENGER CAR;PASSENGER CAR;;;;NO;16888;2019-06-25;9:48:14 AM;2019-06-25T13:48:14+00:00;36.065931099, -78.68515872;2019;No;No;6;NONE;NONE,NONE;NONE,NONE;PASSENGER CAR,PASSENGER CAR;PASSENGER CAR,PASSENGER CAR;PASSENGER CAR,PASSENGER CAR;PASSENGER CAR,PASSENGER CAR
40514;CARY;NO SPECIAL FEATURE;CURVE,LEVEL;STATE SECONDARY ROUTE;TWO-WAY,DIVIDED,UNPROTECTED MEDIAN;COARSE ASPHALT;DRY;DUSK;CLEAR;NO CONTROL PRESENT;;;-78.8298;35.7884;;;0;0;;;NONE;;NONE;;PASSENGER CAR;PASSENGER CAR;;;;NO;16892;2019-06-21;10:05 PM;2019-06-22T02:05:00+00:00;;2019;No;No;6;NONE;NONE,NONE;NONE,NONE;PASSENGER CAR,PASSENGER CAR;PASSENGER CAR,PASSENGER CAR;PASSENGER CAR,PASSENGER CAR;PASSENGER CAR,PASSENGER CAR
40516;0 FEET FROM SR 1613 (DAVIS DR);FOUR-WAY INTERSECTION;STRAIGHT,LEVEL;STATE SECONDARY ROUTE;TWO-WAY,DIVIDED,UNPROTECTED MEDIAN;SMOOTH ASPHALT;DRY;DAYLIGHT;CLEAR;STOP AND GO SIGNAL;;;-78.8481;35.7823;;;0;1;1;;NONE;;NONE;;PASSENGER CAR;PASSENGER CAR;;;;NO;16894;2019-06-19;7:46:51 AM;2019-06-19T11:46:51+00:00;;2019;No;Yes;6;NONE;NONE,NONE;NONE,NONE;PASSENGER CAR,PASSENGER CAR;PASSENGER CAR,PASSENGER CAR;PASSENGER CAR,PASSENGER CAR;PASSENGER CAR,PASSENGER CAR
40520;.15 MILES FROM NC HWY 55;NO SPECIAL FEATURE;STRAIGHT,LEVEL;NC ROUTE;TWO-WAY,DIVIDED,UNPROTECTED MEDIAN;COARSE ASPHALT;DRY;DAYLIGHT;CLEAR;NO CONTROL PRESENT;;;-78.894061;35.859416;;;0;0;2;;DARTING;;NONE;;PASSENGER CAR;;;;;NO;16898;2019-06-26;12:40 PM;2019-06-26T16:40:00+00:00;;2019;No;No;6;DARTING;DARTING,NONE;DARTING,NONE;PASSENGER CAR;PASSENGER CAR;PASSENGER CAR;PASSENGER CAR
40525;0 FEET FROM SR 1315 (BUCK JONES RD);FOUR-WAY INTERSECTION;STRAIGHT,LEVEL;STATE SECONDARY ROUTE;TWO-WAY,NOT DIVIDED;SMOOTH ASPHALT;DRY;DAYLIGHT;CLEAR;STOP AND GO SIGNAL;;;-78.741;35.7676;;;0;0;;;NONE;;NONE;;PASSENGER CAR;SPORT UTILITY;;;;NO;16903;2019-06-24;5:47:25 PM;2019-06-24T21:47:25+00:00;;2019;No;No;6;NONE;NONE,NONE;NONE,NONE;PASSENGER CAR,SPORT UTILITY;PASSENGER CAR,SPORT UTILITY;PASSENGER CAR,SPORT UTILITY;PASSENGER CAR,SPORT UTILITY
40527;.02 MILES FROM US 1 HWY;NO SPECIAL FEATURE;STRAIGHT,LEVEL;US ROUTE;TWO-WAY,DIVIDED,POSITIVE MEDIAN BARRIER;GROOVED CONCRETE;DRY;DAYLIGHT;CLEAR;NO CONTROL PRESENT;;;-78.7505;35.759;;;0;0;;;;;NONE;;PASSENGER CAR;PASSENGER CAR;;;;NO;16905;2019-06-25;5:03:09 PM;2019-06-25T21:03:09+00:00;;2019;No;No;6;;NONE;NONE;PASSENGER CAR,PASSENGER CAR;PASSENGER CAR,PASSENGER CAR;PASSENGER CAR,PASSENGER CAR;PASSENGER CAR,PASSENGER CAR
40535;100 FEET FROM PVA 1401 SE MAYNARD RD;NO SPECIAL FEATURE;STRAIGHT,LEVEL;PUBLIC VEHICULAR AREA;TWO-WAY,NOT DIVIDED;SMOOTH ASPHALT;DRY;DAYLIGHT;CLEAR;NO CONTROL PRESENT;35.789706916;-78.76124301;-78.76414;35.790301;P056;120;0;0;;;NONE;;NONE;;PASSENGER CAR;PASSENGER CAR;;;;NO;16913;2019-06-27;5:46:55 PM;2019-06-27T21:46:55+00:00;35.789706916, -78.76124301;2019;No;No;6;NONE;NONE,NONE;NONE,NONE;PASSENGER CAR,PASSENGER CAR;PASSENGER CAR,PASSENGER CAR;PASSENGER CAR,PASSENGER CAR;PASSENGER CAR,PASSENGER CAR
40539;256 FEET FROM P.V.A. 6430 SR 1370 (TRYON RD);NO SPECIAL FEATURE;STRAIGHT,GRADE;PUBLIC VEHICULAR AREA;TWO-WAY,NOT DIVIDED;SMOOTH ASPHALT;DRY;DAYLIGHT;CLEAR;NO CONTROL PRESENT;;;-78.7624;35.745;;;0;0;2;;NONE;;NONE;;PASSENGER CAR;;;;;NO;16917;2019-06-26;5:49:26 PM;2019-06-26T21:49:26+00:00;;2019;No;No;6;NONE;NONE,NONE;NONE,NONE;PASSENGER CAR;PASSENGER CAR;PASSENGER CAR;PASSENGER CAR
40548;300 FEET FROM PVA OF 1140 PARKSIDE MAIN ST;NO SPECIAL FEATURE;STRAIGHT,LEVEL;PUBLIC VEHICULAR AREA;TWO-WAY,NOT DIVIDED;SMOOTH ASPHALT;DRY;DAYLIGHT;CLEAR;NO CONTROL PRESENT;;;-78.8888;35.8477;;;0;0;;;NONE;;NONE;;SPORT UTILITY;VAN;;;;NO;16926;2019-06-29;2:11:25 PM;2019-06-29T18:11:25+00:00;;2019;No;No;6;NONE;NONE,NONE;NONE,NONE;SPORT UTILITY,VAN;SPORT UTILITY,VAN;SPORT UTILITY,VAN;SPORT UTILITY,VAN
40559;35 FEET FROM SR 1313 (WALNUT ST);RELATED TO INTERSECTION;STRAIGHT,LEVEL;STATE SECONDARY ROUTE;TWO-WAY,DIVIDED,UNPROTECTED MEDIAN;COARSE ASPHALT;DRY;DAYLIGHT;CLEAR;STOP AND GO SIGNAL;;;-78.7459;35.7628;;112;0;0;;;;;NONE;;PASSENGER CAR;PASSENGER CAR;PASSENGER CAR;;;NO;16937;2019-06-30;12:35 PM;2019-06-30T16:35:00+00:00;;2019;No;No;6;;NONE;NONE;PASSENGER CAR,PASSENGER CAR;PASSENGER CAR,PASSENGER CAR,PASSENGER CAR;PASSENGER CAR,PASSENGER CAR,PASSENGER CAR;PASSENGER CAR,PASSENGER CAR,PASSENGER CAR
40560;200 FEET FROM P.P. (300 SAS CAMPUS DR);NO SPECIAL FEATURE;STRAIGHT,GRADE;LOCAL STREET;TWO-WAY,NOT DIVIDED;SMOOTH ASPHALT;DRY;DAYLIGHT;CLEAR;NO CONTROL PRESENT;;;-78.7619;35.82579;;;0;0;;;NONE;;NONE;;PASSENGER CAR;;;;;NO;16938;2019-06-25;8:10:01 AM;2019-06-25T12:10:01+00:00;;2019;No;No;6;NONE;NONE,NONE;NONE,NONE;PASSENGER CAR;PASSENGER CAR;PASSENGER CAR;PASSENGER CAR
40561;28 FEET FROM NC 54 (CHAPEL HILL RD);RELATED TO INTERSECTION;STRAIGHT,LEVEL;NC ROUTE;TWO-WAY,DIVIDED,UNPROTECTED MEDIAN;COARSE ASPHALT;DRY;DAYLIGHT;CLEAR;STOP AND GO SIGNAL;;;-78.763843;35.78807;;111;0;0;;;NONE;;NONE;;PASSENGER CAR;SPORT UTILITY;;;;NO;16939;2019-06-30;12:14 PM;2019-06-30T16:14:00+00:00;;2019;No;No;6;NONE;NONE,NONE;NONE,NONE;PASSENGER CAR,SPORT UTILITY;PASSENGER CAR,SPORT UTILITY;PASSENGER CAR,SPORT UTILITY;PASSENGER CAR,SPORT UTILITY
40580;CARY;T-INTERSECTION;STRAIGHT,LEVEL;STATE SECONDARY ROUTE;TWO-WAY,NOT DIVIDED;SMOOTH ASPHALT;DRY;DAYLIGHT;CLEAR;NO CONTROL PRESENT;35.782024085;-78.90371883;-78.90369;35.782036;P091;WAKE;0;0;;;NONE;;NONE;;PASSENGER CAR;;;;;NO;16958;2019-06-29;9:34:30 AM;2019-06-29T13:34:30+00:00;35.782024085, -78.90371883;2019;No;No;6;NONE;NONE,NONE;NONE,NONE;PASSENGER CAR;PASSENGER CAR;PASSENGER CAR;PASSENGER CAR
40583;5 FEET FROM SR 1615 (HIGH HOUSE RD);RELATED TO INTERSECTION;CURVE,GRADE;STATE SECONDARY ROUTE;TWO-WAY,DIVIDED,UNPROTECTED MEDIAN;SMOOTH ASPHALT;DRY;DAYLIGHT;CLEAR;YIELD SIGN;;;-78.847;35.7918;;121;0;0;;;NONE;;NONE;;PASSENGER CAR;SPORT UTILITY;;;;NO;16961;2019-06-29;1:28:26 PM;2019-06-29T17:28:26+00:00;;2019;No;No;6;NONE;NONE,NONE;NONE,NONE;PASSENGER CAR,SPORT UTILITY;PASSENGER CAR,SPORT UTILITY;PASSENGER CAR,SPORT UTILITY;PASSENGER CAR,SPORT UTILITY
40586;30 FEET FROM S.R. 1613 (DAVIS DR);NO SPECIAL FEATURE;STRAIGHT,LEVEL;STATE SECONDARY ROUTE;TWO-WAY,NOT DIVIDED;SMOOTH ASPHALT;DRY;DAYLIGHT;CLEAR;STOP AND GO SIGNAL;;;-78.8479;35.8138;;;0;0;;;NONE;;NONE;;PASSENGER CAR;VAN;;;;NO;16964;2019-07-01;9:37:26 PM;2019-07-02T01:37:26+00:00;;2019;No;No;7;NONE;NONE,NONE;NONE,NONE;PASSENGER CAR,VAN;PASSENGER CAR,VAN;PASSENGER CAR,VAN;PASSENGER CAR,VAN
40592;.2 MILES FROM SR 1009 (TRYON RD);NO SPECIAL FEATURE;STRAIGHT,LEVEL;STATE SECONDARY ROUTE;TWO-WAY,NOT DIVIDED;COARSE ASPHALT;DRY;DAYLIGHT;CLEAR;STOP AND GO SIGNAL;;;-78.743032;35.7450179;;;0;0;;;NONE;;NONE;;SPORT UTILITY;SPORT UTILITY;;;;NO;16970;2019-06-28;2:10:13 PM;2019-06-28T18:10:13+00:00;;2019;No;No;6;NONE;NONE,NONE;NONE,NONE;SPORT UTILITY,SPORT UTILITY;SPORT UTILITY,SPORT UTILITY;SPORT UTILITY,SPORT UTILITY;SPORT UTILITY,SPORT UTILITY
40593;.22 MILES FROM COLONADES WAY;FOUR-WAY INTERSECTION;STRAIGHT,GRADE;LOCAL STREET;TWO-WAY,DIVIDED,UNPROTECTED MEDIAN;COARSE ASPHALT;DRY;DAYLIGHT;CLEAR;STOP SIGN;35.740455929;-78.77600537;-78.7795;35.738;P053;116;0;0;1;;NONE;;NONE;;PASSENGER CAR;PASSENGER CAR;;;;NO;16971;2019-07-01;6:54:06 PM;2019-07-01T22:54:06+00:00;35.740455929, -78.77600537;2019;No;No;7;NONE;NONE,NONE;NONE,NONE;PASSENGER CAR,PASSENGER CAR;PASSENGER CAR,PASSENGER CAR;PASSENGER CAR,PASSENGER CAR;PASSENGER CAR,PASSENGER CAR
40595;CARY;T-INTERSECTION;STRAIGHT,LEVEL;NC ROUTE;TWO-WAY,DIVIDED,UNPROTECTED MEDIAN;SMOOTH ASPHALT;DRY;DAYLIGHT;CLEAR;NO CONTROL PRESENT;35.794647722;-78.8705187;-78.87053;35.794618;P091;WAKE;0;0;4;;NONE;;NONE;;VAN;PASSENGER CAR;;;;NO;16973;2019-07-01;1:53:53 PM;2019-07-01T17:53:53+00:00;35.794647722, -78.8705187;2019;No;No;7;NONE;NONE,NONE;NONE,NONE;VAN,PASSENGER CAR;VAN,PASSENGER CAR;VAN,PASSENGER CAR;VAN,PASSENGER CAR
40601;.06 MILES FROM SR 1009 (TRYON RD);;;;;;;;;;;;;;;;0;0;;;;;;;;;;;;;16979;2019-06-25;5:50:52 PM;2019-06-25T21:50:52+00:00;;2019;No;No;6;;;;;;;
40607;300 FEET FROM US 64 HWY;NO SPECIAL FEATURE;STRAIGHT,LEVEL;US ROUTE;TWO-WAY,DIVIDED,UNPROTECTED MEDIAN;SMOOTH ASPHALT;DRY;DARK - LIGHTED ROADWAY;CLEAR;NO CONTROL PRESENT;;;-78.8114;35.7417;;;0;0;1;;NONE;;NONE;;PICKUP;;;;;NO;16985;2019-07-02;9:17:01 PM;2019-07-03T01:17:01+00:00;;2019;No;No;7;NONE;NONE,NONE;NONE,NONE;PICKUP;PICKUP;PICKUP;PICKUP
40611;10 FEET FROM SR 1009 TRYON RD;NO SPECIAL FEATURE;STRAIGHT,LEVEL;STATE SECONDARY ROUTE;TWO-WAY,DIVIDED,UNPROTECTED MEDIAN;SMOOTH ASPHALT;DRY;DAYLIGHT;CLEAR;NO CONTROL PRESENT;;;-78.75497;35.745613;;;0;0;2;;NONE;;NONE;;PASSENGER CAR;SPORT UTILITY;PASSENGER CAR;SPORT UTILITY;;NO;16989;2019-07-03;2:22:13 PM;2019-07-03T18:22:13+00:00;;2019;No;No;7;NONE;NONE,NONE;NONE,NONE;PASSENGER CAR,SPORT UTILITY;PASSENGER CAR,SPORT UTILITY,PASSENGER CAR;PASSENGER CAR,SPORT UTILITY,PASSENGER CAR,SPORT UTILITY;PASSENGER CAR,SPORT UTILITY,PASSENGER CAR,SPORT UTILITY
40620;400 FEET FROM NW CARY PKWY;BRIDGE;STRAIGHT,LEVEL;LOCAL STREET;TWO-WAY,NOT DIVIDED;COARSE ASPHALT;DRY;DAYLIGHT;CLEAR;NO CONTROL PRESENT;35.820643909;-78.78310091;-78.7853;35.8203;P080;111;0;0;;;NONE;;NONE;;PASSENGER CAR;;;;;NO;16998;2019-06-29;3:14:35 AM;2019-06-29T07:14:35+00:00;35.820643909, -78.78310091;2019;No;No;6;NONE;NONE,NONE;NONE,NONE;PASSENGER CAR;PASSENGER CAR;PASSENGER CAR;PASSENGER CAR
40638;50 FEET FROM SR 1615 (HIGH HOUSE RD);RELATED TO INTERSECTION;STRAIGHT,LEVEL;STATE SECONDARY ROUTE;TWO-WAY,DIVIDED,UNPROTECTED MEDIAN;SMOOTH ASPHALT;DRY;DAYLIGHT;CLEAR;STOP AND GO SIGNAL;;;-78.8504;35.7901;;121;0;0;3;;NONE;;NONE;;VAN;PASSENGER CAR;;;;NO;17016;2019-07-03;6:30:16 PM;2019-07-03T22:30:16+00:00;;2019;No;No;7;NONE;NONE,NONE;NONE,NONE;VAN,PASSENGER CAR;VAN,PASSENGER CAR;VAN,PASSENGER CAR;VAN,PASSENGER CAR