tamainid;location_description;rdfeature;rdcharacter;rdclass;rdconfigur;rdsurface;rdcondition;lightcond;weather;trafcontrl;lat;lon;lon2;lat2;tract;zone;fatality;possblinj;numpassengers;numpedestrians;contrcir1_desc;contrcir2_desc;contrcir3_desc;contrcir4_desc;vehicle1;vehicle2;vehicle3;vehicle4;vehicle5;workarea;records;ta_date;ta_time;crash_date;geo_location;year;fatalities;injuries;month;contrfact1;contrfact2;contributing_factor;vehicleconcat1;vehicleconcat2;vehicleconcat3;vehicle_type
40644;CARY;FOUR-WAY INTERSECTION;STRAIGHT,LEVEL;STATE SECONDARY ROUTE;TWO-WAY,DIVIDED,UNPROTECTED MEDIAN;SMOOTH ASPHALT;DRY;DAYLIGHT;CLEAR;STOP AND GO SIGNAL;;;-78.783162;35.791852;;;0;0;;;NONE;;NONE;;SPORT UTILITY;SPORT UTILITY;;;;NO;17022;2019-07-05;3:14:40 PM;2019-07-05T19:14:40+00:00;;2019;No;No;7;NONE;NONE,NONE;NONE,NONE;SPORT UTILITY,SPORT UTILITY;SPORT UTILITY,SPORT UTILITY;SPORT UTILITY,SPORT UTILITY;SPORT UTILITY,SPORT UTILITY
40649;365 FEET FROM P.V.A. TARGET (7129 SR 1628);NO SPECIAL FEATURE;STRAIGHT,LEVEL;PUBLIC VEHICULAR AREA;TWO-WAY,NOT DIVIDED;SMOOTH ASPHALT;DRY;DAYLIGHT;CLEAR;NO CONTROL PRESENT;;;-78.8859;35.8446;;;0;0;;;NONE;;NONE;;PASSENGER CAR;PASSENGER CAR;;;;NO;17027;2019-07-05;5:09:34 PM;2019-07-05T21:09:34+00:00;;2019;No;No;7;NONE;NONE,NONE;NONE,NONE;PASSENGER CAR,PASSENGER CAR;PASSENGER CAR,PASSENGER CAR;PASSENGER CAR,PASSENGER CAR;PASSENGER CAR,PASSENGER CAR
40650;CARY;FOUR-WAY INTERSECTION;STRAIGHT,LEVEL;STATE SECONDARY ROUTE;TWO-WAY,NOT DIVIDED;COARSE ASPHALT;DRY;DAYLIGHT;CLEAR;STOP AND GO SIGNAL;;;-78.848323;35.796306;;;0;0;2;;NONE;;NONE;;SPORT UTILITY;PASSENGER CAR;;;;NO;17028;2019-07-06;7:43:31 PM;2019-07-06T23:43:31+00:00;;2019;No;No;7;NONE;NONE,NONE;NONE,NONE;SPORT UTILITY,PASSENGER CAR;SPORT UTILITY,PASSENGER CAR;SPORT UTILITY,PASSENGER CAR;SPORT UTILITY,PASSENGER CAR
40659;400 FEET FROM P.V.A. (HARRIS TEETER);NO SPECIAL FEATURE;STRAIGHT,LEVEL;PUBLIC VEHICULAR AREA;TWO-WAY,NOT DIVIDED;COARSE ASPHALT;DRY;DAYLIGHT;CLEAR;NO CONTROL PRESENT;;;-78.8102;35.7834;;;0;0;;;NONE;;NONE;;PASSENGER CAR;PASSENGER CAR;;;;NO;17037;2019-07-08;4:01:49 PM;2019-07-08T20:01:49+00:00;;2019;No;No;7;NONE;NONE,NONE;NONE,NONE;PASSENGER CAR,PASSENGER CAR;PASSENGER CAR,PASSENGER CAR;PASSENGER CAR,PASSENGER CAR;PASSENGER CAR,PASSENGER CAR
40663;NEAR .1 MILES N OF N HWY US 1;ON-RAMP ENTRY;STRAIGHT,GRADE;US ROUTE;TWO-WAY,DIVIDED,POSITIVE MEDIAN BARRIER;COARSE ASPHALT;DRY;DAYLIGHT;CLEAR;NO CONTROL PRESENT;;;-78.7363;35.766;;;0;1;2;;NONE;;NONE;;PASSENGER CAR;SPORT UTILITY;;;;NO;17041;2019-07-08;3:28:26 PM;2019-07-08T19:28:26+00:00;;2019;No;Yes;7;NONE;NONE,NONE;NONE,NONE;PASSENGER CAR,SPORT UTILITY;PASSENGER CAR,SPORT UTILITY;PASSENGER CAR,SPORT UTILITY;PASSENGER CAR,SPORT UTILITY
40670;CARY;;;;;;;;;;;;;;;;0;0;;;;;;;;;;;;;17048;2019-07-09;12:07 PM;2019-07-09T16:07:00+00:00;;2019;No;No;7;;;;;;;
40673;.278 MILES FROM SR3081 (CHAPEL HILL RD);FOUR-WAY INTERSECTION;STRAIGHT,LEVEL;STATE SECONDARY ROUTE;TWO-WAY,NOT DIVIDED;SMOOTH ASPHALT;DRY;DAYLIGHT;CLOUDY;STOP AND GO SIGNAL;;;-78.795756;35.798647;;;0;0;;;NONE;;NONE;;PASSENGER CAR;VAN;;;;NO;17051;2019-07-09;11:31 AM;2019-07-09T15:31:00+00:00;;2019;No;No;7;NONE;NONE,NONE;NONE,NONE;PASSENGER CAR,VAN;PASSENGER CAR,VAN;PASSENGER CAR,VAN;PASSENGER CAR,VAN
40679;100 FEET FROM P.V.A. 973 N HARRISON AV;NO SPECIAL FEATURE;STRAIGHT,HILLCREST;PUBLIC VEHICULAR AREA;TWO-WAY,NOT DIVIDED;SMOOTH ASPHALT;DRY;DAYLIGHT;CLEAR;NO CONTROL PRESENT;;;-78.785;35.8019;;;0;0;;;NONE;;NONE;;PICKUP;PASSENGER CAR;;;;NO;17057;2019-07-09;6:26:51 PM;2019-07-09T22:26:51+00:00;;2019;No;No;7;NONE;NONE,NONE;NONE,NONE;PICKUP,PASSENGER CAR;PICKUP,PASSENGER CAR;PICKUP,PASSENGER CAR;PICKUP,PASSENGER CAR
40685;100 FEET FROM PVA 1104 LEDSOME LN;NO SPECIAL FEATURE;STRAIGHT,LEVEL;PUBLIC VEHICULAR AREA;ONE-WAY,NOT DIVIDED;SMOOTH ASPHALT;DRY;DAYLIGHT;CLEAR;NO CONTROL PRESENT;;;-78.74811;35.763196;;;0;0;1;;NONE;;NONE;;PASSENGER CAR;SPORT UTILITY;;;;NO;17063;2019-07-10;10:29 AM;2019-07-10T14:29:00+00:00;;2019;No;No;7;NONE;NONE,NONE;NONE,NONE;PASSENGER CAR,SPORT UTILITY;PASSENGER CAR,SPORT UTILITY;PASSENGER CAR,SPORT UTILITY;PASSENGER CAR,SPORT UTILITY
40688;100 FEET FROM PVA 5707 DILLARD DR;NO SPECIAL FEATURE;STRAIGHT,LEVEL;PUBLIC VEHICULAR AREA;TWO-WAY,DIVIDED,UNPROTECTED MEDIAN;SMOOTH ASPHALT;DRY;DAYLIGHT;CLEAR;STOP SIGN;;;-78.744213;35.755429;;;0;0;;;NONE;;NONE;;PASSENGER CAR;PASSENGER CAR;;;;NO;17066;2019-07-10;2:38:01 PM;2019-07-10T18:38:01+00:00;;2019;No;No;7;NONE;NONE,NONE;NONE,NONE;PASSENGER CAR,PASSENGER CAR;PASSENGER CAR,PASSENGER CAR;PASSENGER CAR,PASSENGER CAR;PASSENGER CAR,PASSENGER CAR
40693;.10 MILES FROM SR1613 (DAVIS DR);NO SPECIAL FEATURE;STRAIGHT,LEVEL;STATE SECONDARY ROUTE;TWO-WAY,NOT DIVIDED;SMOOTH ASPHALT;DRY;DAYLIGHT;CLEAR;NO CONTROL PRESENT;;;-78.8475;35.782;;;0;0;;;NONE;;NONE;;SPORT UTILITY;PASSENGER CAR;;;;NO;17071;2019-07-10;5:35:57 PM;2019-07-10T21:35:57+00:00;;2019;No;No;7;NONE;NONE,NONE;NONE,NONE;SPORT UTILITY,PASSENGER CAR;SPORT UTILITY,PASSENGER CAR;SPORT UTILITY,PASSENGER CAR;SPORT UTILITY,PASSENGER CAR
40694;40 FEET FROM S.R. 1613 (DAVIS DR);NO SPECIAL FEATURE;STRAIGHT,GRADE;STATE SECONDARY ROUTE;TWO-WAY,DIVIDED,UNPROTECTED MEDIAN;SMOOTH ASPHALT;DRY;DAYLIGHT;CLEAR;STOP AND GO SIGNAL;;;-78.8474;35.7937;;;0;0;1;;NONE;;NONE;;PASSENGER CAR;SPORT UTILITY;;;;NO;17072;2019-07-10;4:41:26 PM;2019-07-10T20:41:26+00:00;;2019;No;No;7;NONE;NONE,NONE;NONE,NONE;PASSENGER CAR,SPORT UTILITY;PASSENGER CAR,SPORT UTILITY;PASSENGER CAR,SPORT UTILITY;PASSENGER CAR,SPORT UTILITY
40697;CARY;;;;;;;;;;;;;;;;0;0;;;;;;;;;;;;;17075;2019-07-11;9:52:20 AM;2019-07-11T13:52:20+00:00;;2019;No;No;7;;;;;;;
40700;100 FEET FROM WESTON GREEN LOOP;NO SPECIAL FEATURE;STRAIGHT,HILLCREST;PRIVATE ROAD,DRIVEWAY;TWO-WAY,DIVIDED,UNPROTECTED MEDIAN;SMOOTH ASPHALT;DRY;DAYLIGHT;CLEAR;NO CONTROL PRESENT;;;-78.808;35.8128;;;0;0;;;NONE;;NONE;;PASSENGER CAR;PASSENGER CAR;;;;NO;17078;2019-07-10;7:01:35 PM;2019-07-10T23:01:35+00:00;;2019;No;No;7;NONE;NONE,NONE;NONE,NONE;PASSENGER CAR,PASSENGER CAR;PASSENGER CAR,PASSENGER CAR;PASSENGER CAR,PASSENGER CAR;PASSENGER CAR,PASSENGER CAR
40712;CARY;FOUR-WAY INTERSECTION;STRAIGHT,HILLCREST;STATE SECONDARY ROUTE;TWO-WAY,DIVIDED,UNPROTECTED MEDIAN;SMOOTH ASPHALT;DRY;DAYLIGHT;CLEAR;STOP SIGN;35.843382489;-78.89616913;-78.8957;35.8431;P074;119;0;0;;;NONE;;NONE;;PASSENGER CAR;PASSENGER CAR;;;;NO;17090;2019-07-11;10:57 AM;2019-07-11T14:57:00+00:00;35.843382489, -78.89616913;2019;No;No;7;NONE;NONE,NONE;NONE,NONE;PASSENGER CAR,PASSENGER CAR;PASSENGER CAR,PASSENGER CAR;PASSENGER CAR,PASSENGER CAR;PASSENGER CAR,PASSENGER CAR
40713;CARY;RELATED TO INTERSECTION;STRAIGHT,LEVEL;STATE SECONDARY ROUTE;TWO-WAY,DIVIDED,UNPROTECTED MEDIAN;SMOOTH ASPHALT;DRY;DAYLIGHT;CLOUDY;STOP SIGN;;;-78.756575;35.674261;;;0;0;;;NONE;;NONE;;PASSENGER CAR;PASSENGER CAR;;;;NO;17091;2019-07-12;9:56:12 AM;2019-07-12T13:56:12+00:00;;2019;No;No;7;NONE;NONE,NONE;NONE,NONE;PASSENGER CAR,PASSENGER CAR;PASSENGER CAR,PASSENGER CAR;PASSENGER CAR,PASSENGER CAR;PASSENGER CAR,PASSENGER CAR
40718;CARY;RELATED TO INTERSECTION;STRAIGHT,LEVEL;STATE SECONDARY ROUTE;TWO-WAY,NOT DIVIDED;SMOOTH ASPHALT;DRY;DAYLIGHT;CLOUDY;STOP SIGN;;;-78.8136;35.7397;;;0;0;4;;NONE;;NONE;;PASSENGER CAR;PASSENGER CAR;;;;NO;17096;2019-07-12;12:47 PM;2019-07-12T16:47:00+00:00;;2019;No;No;7;NONE;NONE,NONE;NONE,NONE;PASSENGER CAR,PASSENGER CAR;PASSENGER CAR,PASSENGER CAR;PASSENGER CAR,PASSENGER CAR;PASSENGER CAR,PASSENGER CAR
40727;.1 MILES FROM SR-1415 NE MAYNARD RD;NO SPECIAL FEATURE;STRAIGHT,LEVEL;STATE SECONDARY ROUTE;TWO-WAY,DIVIDED,UNPROTECTED MEDIAN;SMOOTH ASPHALT;DRY;DAYLIGHT;CLEAR;STOP AND GO SIGNAL;;;-78.7812;35.8028;;113;0;0;1;;NONE;;NONE;;VAN;PASSENGER CAR;;;;NO;17105;2019-07-12;7:40:29 PM;2019-07-12T23:40:29+00:00;;2019;No;No;7;NONE;NONE,NONE;NONE,NONE;VAN,PASSENGER CAR;VAN,PASSENGER CAR;VAN,PASSENGER CAR;VAN,PASSENGER CAR
40731;450 FEET FROM NC 55 HWY;NO SPECIAL FEATURE;STRAIGHT,LEVEL;NC ROUTE;TWO-WAY,NOT DIVIDED;SMOOTH ASPHALT;DRY;DAYLIGHT;CLEAR;NO CONTROL PRESENT;35.77846832;-78.8724254;-78.8714;35.7829;P013;117;0;1;3;;NONE;;NONE;;PASSENGER CAR;PICKUP;;;;NO;17109;2019-07-12;4:09:19 PM;2019-07-12T20:09:19+00:00;35.77846832, -78.8724254;2019;No;Yes;7;NONE;NONE,NONE;NONE,NONE;PASSENGER CAR,PICKUP;PASSENGER CAR,PICKUP;PASSENGER CAR,PICKUP;PASSENGER CAR,PICKUP
40745;25 FEET FROM SR 1300 (KILDAIRE FARM RD);RELATED TO INTERSECTION;STRAIGHT,LEVEL;STATE SECONDARY ROUTE;TWO-WAY,NOT DIVIDED;COARSE ASPHALT;DRY;DAYLIGHT;CLEAR;FLASHING STOP AND GO SIGNAL;;;-78.783;35.7577;;115;0;0;1;;;;NONE;;SPORT UTILITY;SPORT UTILITY;;;;NO;17123;2019-07-13;7:35:29 PM;2019-07-13T23:35:29+00:00;;2019;No;No;7;;NONE;NONE;SPORT UTILITY,SPORT UTILITY;SPORT UTILITY,SPORT UTILITY;SPORT UTILITY,SPORT UTILITY;SPORT UTILITY,SPORT UTILITY
40748;300 FEET FROM SR-1319 (JONES FRANKLIN RD);NO SPECIAL FEATURE;STRAIGHT,LEVEL;STATE SECONDARY ROUTE;TWO-WAY,NOT DIVIDED;SMOOTH ASPHALT;DRY;DAYLIGHT;CLOUDY;NO CONTROL PRESENT;;;-78.7305;35.7544;;;0;0;1;;NONE;;NONE;;PASSENGER CAR;SPORT UTILITY;;;;NO;17126;2019-07-12;5:59:49 PM;2019-07-12T21:59:49+00:00;;2019;No;No;7;NONE;NONE,NONE;NONE,NONE;PASSENGER CAR,SPORT UTILITY;PASSENGER CAR,SPORT UTILITY;PASSENGER CAR,SPORT UTILITY;PASSENGER CAR,SPORT UTILITY
40753;50 FEET FROM S R 1300(KILDAIRE FARM RD);NO SPECIAL FEATURE;STRAIGHT,LEVEL;STATE SECONDARY ROUTE;TWO-WAY,DIVIDED,UNPROTECTED MEDIAN;SMOOTH ASPHALT;DRY;DAYLIGHT;CLEAR;NO CONTROL PRESENT;;;-78.7771;35.7316;;;0;0;;;NONE;;NONE;;PICKUP;PICKUP;SPORT UTILITY;;;NO;17131;2019-07-14;10:37 AM;2019-07-14T14:37:00+00:00;;2019;No;No;7;NONE;NONE,NONE;NONE,NONE;PICKUP,PICKUP;PICKUP,PICKUP,SPORT UTILITY;PICKUP,PICKUP,SPORT UTILITY;PICKUP,PICKUP,SPORT UTILITY
40765;205 FEET FROM P.V.A. (425 EMISSARY DR);NO SPECIAL FEATURE;STRAIGHT,LEVEL;PUBLIC VEHICULAR AREA;ONE-WAY,NOT DIVIDED;SMOOTH ASPHALT;DRY;DAYLIGHT;CLEAR;NO CONTROL PRESENT;;;-78.9028;35.8251;;;0;0;;;NONE;;NONE;;PASSENGER CAR;PASSENGER CAR;;;;NO;17143;2019-07-15;12:57 PM;2019-07-15T16:57:00+00:00;;2019;No;No;7;NONE;NONE,NONE;NONE,NONE;PASSENGER CAR,PASSENGER CAR;PASSENGER CAR,PASSENGER CAR;PASSENGER CAR,PASSENGER CAR;PASSENGER CAR,PASSENGER CAR
40771;0.14 MILES FROM P.V.A. (10140 GREEN LEVEL CHUR;NO SPECIAL FEATURE;STRAIGHT,LEVEL;PUBLIC VEHICULAR AREA;TWO-WAY,NOT DIVIDED;SMOOTH ASPHALT;DRY;DAYLIGHT;CLEAR;NO CONTROL PRESENT;;;-78.9008;35.8213;;;0;0;;;NONE;;NONE;;PICKUP;PASSENGER CAR;;;;NO;17149;2019-07-13;3:05:55 PM;2019-07-13T19:05:55+00:00;;2019;No;No;7;NONE;NONE,NONE;NONE,NONE;PICKUP,PASSENGER CAR;PICKUP,PASSENGER CAR;PICKUP,PASSENGER CAR;PICKUP,PASSENGER CAR
40772;279 FEET FROM P.V.A. (575 NEW WAVERLY PL);NO SPECIAL FEATURE;STRAIGHT,GRADE;PUBLIC VEHICULAR AREA;TWO-WAY,NOT DIVIDED;COARSE ASPHALT;DRY;DAYLIGHT;CLEAR;NO CONTROL PRESENT;;;-78.7777;35.737;;;0;0;;;NONE;;NONE;;PASSENGER CAR;PASSENGER CAR;;;;NO;17150;2019-07-15;4:40:56 PM;2019-07-15T20:40:56+00:00;;2019;No;No;7;NONE;NONE,NONE;NONE,NONE;PASSENGER CAR,PASSENGER CAR;PASSENGER CAR,PASSENGER CAR;PASSENGER CAR,PASSENGER CAR;PASSENGER CAR,PASSENGER CAR
40776;40 FEET FROM TANGLEWOOD DR;RELATED TO INTERSECTION;STRAIGHT,LEVEL;LOCAL STREET;TWO-WAY,NOT DIVIDED;SMOOTH ASPHALT;DRY;DAYLIGHT;CLEAR;NO CONTROL PRESENT;;;-78.7673;35.7666;;;0;0;;;NONE;;NONE;;PASSENGER CAR;PASSENGER CAR;;;;NO;17154;2019-07-14;2:18:03 PM;2019-07-14T18:18:03+00:00;;2019;No;No;7;NONE;NONE,NONE;NONE,NONE;PASSENGER CAR,PASSENGER CAR;PASSENGER CAR,PASSENGER CAR;PASSENGER CAR,PASSENGER CAR;PASSENGER CAR,PASSENGER CAR
40802;.330 MILES FROM SHELDON DR;NO SPECIAL FEATURE;STRAIGHT,LEVEL;LOCAL STREET;TWO-WAY,DIVIDED,UNPROTECTED MEDIAN;SMOOTH ASPHALT;DRY;DAYLIGHT;CLEAR;STOP SIGN;;;-78.8086;35.812011;;;0;1;;;NONE;;NONE;;SPORT UTILITY;VAN;;;;NO;17180;2019-07-18;10:29 AM;2019-07-18T14:29:00+00:00;;2019;No;Yes;7;NONE;NONE,NONE;NONE,NONE;SPORT UTILITY,VAN;SPORT UTILITY,VAN;SPORT UTILITY,VAN;SPORT UTILITY,VAN
40824;CARY;NO SPECIAL FEATURE;STRAIGHT,LEVEL;STATE SECONDARY ROUTE;TWO-WAY,DIVIDED,UNPROTECTED MEDIAN;SMOOTH ASPHALT;DRY;DAYLIGHT;CLEAR;NO CONTROL PRESENT;;;-78.7872;35.7202;;;0;0;;;DARTING;;NONE;;SPORT UTILITY;;;;;NO;17202;2019-07-19;6:30:26 PM;2019-07-19T22:30:26+00:00;;2019;No;No;7;DARTING;DARTING,NONE;DARTING,NONE;SPORT UTILITY;SPORT UTILITY;SPORT UTILITY;SPORT UTILITY
40829;.1 MILES FROM SR 3081 (CHAPEL HILL RD);NO SPECIAL FEATURE;STRAIGHT,LEVEL;STATE SECONDARY ROUTE;TWO-WAY,NOT DIVIDED;COARSE ASPHALT;DRY;DAYLIGHT;CLEAR;STOP AND GO SIGNAL;;;-78.7819;35.7915;;113;0;0;;;NONE;;NONE;;PICKUP;SPORT UTILITY;;;;NO;17207;2019-07-21;12:11 AM;2019-07-21T04:11:00+00:00;;2019;No;No;7;NONE;NONE,NONE;NONE,NONE;PICKUP,SPORT UTILITY;PICKUP,SPORT UTILITY;PICKUP,SPORT UTILITY;PICKUP,SPORT UTILITY
40830;60 FEET FROM MAPLE AVE;NO SPECIAL FEATURE;STRAIGHT,LEVEL;LOCAL STREET;TWO-WAY,NOT DIVIDED;SMOOTH ASPHALT;DRY;DARK - LIGHTED ROADWAY;CLEAR;NO CONTROL PRESENT;;;-78.76509;35.78951;;;0;0;;;UNKNOWN;;NONE;;SPORT UTILITY;PICKUP;;;;NO;17208;2019-07-19;4:16:21 AM;2019-07-19T08:16:21+00:00;;2019;No;No;7;UNKNOWN;UNKNOWN,NONE;UNKNOWN,NONE;SPORT UTILITY,PICKUP;SPORT UTILITY,PICKUP;SPORT UTILITY,PICKUP;SPORT UTILITY,PICKUP
40832;150 FEET FROM P.V.A 220 KILMAYNE DR;NO SPECIAL FEATURE;STRAIGHT,LEVEL;PUBLIC VEHICULAR AREA;TWO-WAY,NOT DIVIDED;SMOOTH ASPHALT;DRY;DAYLIGHT;CLEAR;NO CONTROL PRESENT;;;-78.7848;35.7706;;;0;0;;;NONE;;NONE;;SPORT UTILITY;PICKUP;SPORT UTILITY;;;NO;17210;2019-07-21;3:16:08 PM;2019-07-21T19:16:08+00:00;;2019;No;No;7;NONE;NONE,NONE;NONE,NONE;SPORT UTILITY,PICKUP;SPORT UTILITY,PICKUP,SPORT UTILITY;SPORT UTILITY,PICKUP,SPORT UTILITY;SPORT UTILITY,PICKUP,SPORT UTILITY
40834;100 FEET FROM SR 3081 (CHAPEL HILL RD);NO SPECIAL FEATURE;STRAIGHT,LEVEL;STATE SECONDARY ROUTE;TWO-WAY,NOT DIVIDED;SMOOTH ASPHALT;DRY;DAYLIGHT;CLEAR;NO CONTROL PRESENT;;;-78.7853;35.7919;;;0;1;;;NONE;;NONE;;PICKUP;SPORT UTILITY;;;;NO;17212;2019-07-19;3:59:07 PM;2019-07-19T19:59:07+00:00;;2019;No;Yes;7;NONE;NONE,NONE;NONE,NONE;PICKUP,SPORT UTILITY;PICKUP,SPORT UTILITY;PICKUP,SPORT UTILITY;PICKUP,SPORT UTILITY
40850;.14 MILES FROM P.V.A. 200 REGENCY WOODS PL;DRIVEWAY, PUBLIC;CURVE,GRADE;PUBLIC VEHICULAR AREA;TWO-WAY,NOT DIVIDED;SMOOTH ASPHALT;DRY;DARK - LIGHTED ROADWAY;CLEAR;NO CONTROL PRESENT;;;-78.793;35.7259;;;0;0;;;NONE;;NONE;;SPORT UTILITY;;;;;NO;17228;2019-07-20;8:06:05 AM;2019-07-20T12:06:05+00:00;;2019;No;No;7;NONE;NONE,NONE;NONE,NONE;SPORT UTILITY;SPORT UTILITY;SPORT UTILITY;SPORT UTILITY
40854;300 FEET FROM P.V.A. 1391 KILDAIRE FARM RD;NO SPECIAL FEATURE;STRAIGHT,LEVEL;PUBLIC VEHICULAR AREA;TWO-WAY,NOT DIVIDED;SMOOTH ASPHALT;DRY;DAYLIGHT;CLEAR;NO CONTROL PRESENT;;;-78.782;35.759;;;0;0;;;NONE;;NONE;;PASSENGER CAR;PASSENGER CAR;;;;NO;17232;2019-07-22;9:25:23 AM;2019-07-22T13:25:23+00:00;;2019;No;No;7;NONE;NONE,NONE;NONE,NONE;PASSENGER CAR,PASSENGER CAR;PASSENGER CAR,PASSENGER CAR;PASSENGER CAR,PASSENGER CAR;PASSENGER CAR,PASSENGER CAR
40861;CARY;FOUR-WAY INTERSECTION;STRAIGHT,LEVEL;NC ROUTE;TWO-WAY,DIVIDED,UNPROTECTED MEDIAN;SMOOTH ASPHALT;DRY;DAYLIGHT;CLEAR;STOP AND GO SIGNAL;35.691154751;-78.83799018;-78.8708;35.7877;P114;APEX;0;1;;;NONE;;NONE;;PICKUP;PASSENGER CAR;;;;NO;17239;2019-07-20;12:16 PM;2019-07-20T16:16:00+00:00;35.691154751, -78.83799018;2019;No;Yes;7;NONE;NONE,NONE;NONE,NONE;PICKUP,PASSENGER CAR;PICKUP,PASSENGER CAR;PICKUP,PASSENGER CAR;PICKUP,PASSENGER CAR
40862;.15 MILES FROM PVA (1105 WALNUT ST);NO SPECIAL FEATURE;STRAIGHT,LEVEL;PUBLIC VEHICULAR AREA;ONE-WAY,NOT DIVIDED;SMOOTH ASPHALT;DRY;DARK - LIGHTED ROADWAY;CLEAR;NO CONTROL PRESENT;;;-78.7598;35.7727;;;0;0;;1;NOT VISIBLE (DARK CLOTHING, ETC.);;NONE;;PASSENGER CAR;;;;;NO;17240;2019-07-22;9:15:05 PM;2019-07-23T01:15:05+00:00;;2019;No;No;7;NOT VISIBLE (DARK CLOTHING, ETC.);NOT VISIBLE (DARK CLOTHING, ETC.),NONE;NOT VISIBLE (DARK CLOTHING,ETC.),NONE;PASSENGER CAR;PASSENGER CAR;PASSENGER CAR;PASSENGER CAR
40864;0 FEET FROM SR 1415 (NW MAYNARD RD);FOUR-WAY INTERSECTION;STRAIGHT,LEVEL;STATE SECONDARY ROUTE;TWO-WAY,DIVIDED,UNPROTECTED MEDIAN;SMOOTH ASPHALT;DRY;DARK - LIGHTED ROADWAY;CLEAR;STOP AND GO SIGNAL;;;-78.795035;35.799411;;;0;1;;;NONE;;NONE;;PASSENGER CAR;PASSENGER CAR;;;;NO;17242;2019-07-22;9:16:53 PM;2019-07-23T01:16:53+00:00;;2019;No;Yes;7;NONE;NONE,NONE;NONE,NONE;PASSENGER CAR,PASSENGER CAR;PASSENGER CAR,PASSENGER CAR;PASSENGER CAR,PASSENGER CAR;PASSENGER CAR,PASSENGER CAR
40865;325 FEET FROM SR-1652 (N HARRISON AV);NO SPECIAL FEATURE;STRAIGHT,LEVEL;STATE SECONDARY ROUTE;TWO-WAY,NOT DIVIDED;SMOOTH ASPHALT;DRY;DARK - LIGHTED ROADWAY;CLEAR;NO CONTROL PRESENT;;;-78.7705;35.825;;;0;0;;;NONE;;NONE;;PASSENGER CAR;;;;;NO;17243;2019-07-23;12:40 AM;2019-07-23T04:40:00+00:00;;2019;No;No;7;NONE;NONE,NONE;NONE,NONE;PASSENGER CAR;PASSENGER CAR;PASSENGER CAR;PASSENGER CAR
40871;200 FEET FROM P.V.A. 1961 HIGH HOUSE RD;NO SPECIAL FEATURE;STRAIGHT,LEVEL;PUBLIC VEHICULAR AREA;TWO-WAY,NOT DIVIDED;SMOOTH ASPHALT;DRY;DAYLIGHT;CLEAR;NO CONTROL PRESENT;;;-78.8489;35.7897;;117;0;0;;;NONE;;NONE;;PASSENGER CAR;PASSENGER CAR;;;;NO;17249;2019-07-22;10:29 AM;2019-07-22T14:29:00+00:00;;2019;No;No;7;NONE;NONE,NONE;NONE,NONE;PASSENGER CAR,PASSENGER CAR;PASSENGER CAR,PASSENGER CAR;PASSENGER CAR,PASSENGER CAR;PASSENGER CAR,PASSENGER CAR
40874;0.3 MILES FROM US 64;NO SPECIAL FEATURE;STRAIGHT,GRADE;US ROUTE;TWO-WAY,DIVIDED,UNPROTECTED MEDIAN;SMOOTH ASPHALT;DRY;DAYLIGHT;CLOUDY;NO CONTROL PRESENT;;;-78.8162;35.7426;;;0;0;4;;NONE;;NONE;;SINGLE UNIT TRUCK (2-AXLE- 6-TIRE);;;;;NO;17252;2019-07-23;8:22:16 AM;2019-07-23T12:22:16+00:00;;2019;No;No;7;NONE;NONE,NONE;NONE,NONE;SINGLE UNIT TRUCK (2-AXLE- 6-TIRE);SINGLE UNIT TRUCK (2-AXLE- 6-TIRE);SINGLE UNIT TRUCK (2-AXLE- 6-TIRE);SINGLE UNIT TRUCK (2-AXLE- 6-TIRE)
40878;0 FEET FROM NC 54 (NE MAYNARD RD);FOUR-WAY INTERSECTION;STRAIGHT,LEVEL;NC ROUTE;TWO-WAY,DIVIDED,UNPROTECTED MEDIAN;SMOOTH ASPHALT;DRY;DAYLIGHT;CLEAR;STOP AND GO SIGNAL;;;-78.774704;35.803;;;0;0;;;NONE;;NONE;;SPORT UTILITY;SPORT UTILITY;;;;NO;17256;2019-07-22;12:42 PM;2019-07-22T16:42:00+00:00;;2019;No;No;7;NONE;NONE,NONE;NONE,NONE;SPORT UTILITY,SPORT UTILITY;SPORT UTILITY,SPORT UTILITY;SPORT UTILITY,SPORT UTILITY;SPORT UTILITY,SPORT UTILITY
40881;CARY;FOUR-WAY INTERSECTION;STRAIGHT,LEVEL;STATE SECONDARY ROUTE;TWO-WAY,DIVIDED,UNPROTECTED MEDIAN;SMOOTH ASPHALT;WET;DAYLIGHT;RAIN;STOP AND GO SIGNAL;;;-78.8642;35.8245;;;0;2;;;NONE;;NONE;;SPORT UTILITY;SPORT UTILITY;;;;NO;17259;2019-07-23;3:04:33 PM;2019-07-23T19:04:33+00:00;;2019;No;Yes;7;NONE;NONE,NONE;NONE,NONE;SPORT UTILITY,SPORT UTILITY;SPORT UTILITY,SPORT UTILITY;SPORT UTILITY,SPORT UTILITY;SPORT UTILITY,SPORT UTILITY
40884;125 FEET FROM SR 1300 (KILDAIRE FARM RD);NO SPECIAL FEATURE;STRAIGHT,LEVEL;STATE SECONDARY ROUTE;TWO-WAY,DIVIDED,UNPROTECTED MEDIAN;SMOOTH ASPHALT;DRY;DAYLIGHT;CLOUDY;STOP AND GO SIGNAL;;;-78.7834;35.7643;;;0;1;2;;NONE;;NONE;;SPORT UTILITY;LIGHT TRUCK (MINI-VAN- PANEL);;;;NO;17262;2019-07-23;10:35 AM;2019-07-23T14:35:00+00:00;;2019;No;Yes;7;NONE;NONE,NONE;NONE,NONE;SPORT UTILITY,LIGHT TRUCK (MINI-VAN- PANEL);SPORT UTILITY,LIGHT TRUCK (MINI-VAN- PANEL);SPORT UTILITY,LIGHT TRUCK (MINI-VAN- PANEL);SPORT UTILITY,LIGHT TRUCK (MINI-VAN- PANEL)