tamainid;location_description;rdfeature;rdcharacter;rdclass;rdconfigur;rdsurface;rdcondition;lightcond;weather;trafcontrl;lat;lon;lon2;lat2;tract;zone;fatality;possblinj;numpassengers;numpedestrians;contrcir1_desc;contrcir2_desc;contrcir3_desc;contrcir4_desc;vehicle1;vehicle2;vehicle3;vehicle4;vehicle5;workarea;records;ta_date;ta_time;crash_date;geo_location;year;fatalities;injuries;month;contrfact1;contrfact2;contributing_factor;vehicleconcat1;vehicleconcat2;vehicleconcat3;vehicle_type
41898;.6 MILES FROM US 1 HWY;NO SPECIAL FEATURE;STRAIGHT,LEVEL;US ROUTE;TWO-WAY,DIVIDED,POSITIVE MEDIAN BARRIER;SMOOTH ASPHALT;DRY;DAYLIGHT;CLEAR;NO CONTROL PRESENT;35.761891139;-78.74493492;-78.76344;35.753129;P083;112;0;0;;;NONE;;NONE;;PASSENGER CAR;SPORT UTILITY;;;;NO;18276;2019-10-02;9:51:50 PM;2019-10-03T01:51:50+00:00;35.761891139, -78.74493492;2019;No;No;10;NONE;NONE,NONE;NONE,NONE;PASSENGER CAR,SPORT UTILITY;PASSENGER CAR,SPORT UTILITY;PASSENGER CAR,SPORT UTILITY;PASSENGER CAR,SPORT UTILITY
41903;CARY;FOUR-WAY INTERSECTION;STRAIGHT,LEVEL;STATE SECONDARY ROUTE;TWO-WAY,NOT DIVIDED;SMOOTH ASPHALT;DRY;DAYLIGHT;CLEAR;STOP AND GO SIGNAL;;;-78.782924;35.802598;;;0;0;2;;NONE;;NONE;;PASSENGER CAR;PASSENGER CAR;;;;NO;18281;2019-10-03;7:44:50 AM;2019-10-03T11:44:50+00:00;;2019;No;No;10;NONE;NONE,NONE;NONE,NONE;PASSENGER CAR,PASSENGER CAR;PASSENGER CAR,PASSENGER CAR;PASSENGER CAR,PASSENGER CAR;PASSENGER CAR,PASSENGER CAR
41906;200 FEET FROM PVA 885 E WALNUT ST;NO SPECIAL FEATURE;STRAIGHT,LEVEL;PUBLIC VEHICULAR AREA;TWO-WAY,NOT DIVIDED;SMOOTH ASPHALT;DRY;DAYLIGHT;CLEAR;NO CONTROL PRESENT;;;-78.765139;35.775443;;;0;0;;;NONE;;NONE;;PASSENGER CAR;;;;;NO;18284;2019-10-03;9:32:56 AM;2019-10-03T13:32:56+00:00;;2019;No;No;10;NONE;NONE,NONE;NONE,NONE;PASSENGER CAR;PASSENGER CAR;PASSENGER CAR;PASSENGER CAR
41915;20 FEET FROM NC 54 (CHAPEL HILL RD);NO SPECIAL FEATURE;STRAIGHT,GRADE;NC ROUTE;TWO-WAY,NOT DIVIDED;SMOOTH ASPHALT;DRY;DAYLIGHT;CLEAR;NO CONTROL PRESENT;;;-78.748526;35.793777;;113;0;0;;;NONE;;NONE;;SPORT UTILITY;LIGHT TRUCK (MINI-VAN- PANEL);;;;NO;18293;2019-10-03;10:31 AM;2019-10-03T14:31:00+00:00;;2019;No;No;10;NONE;NONE,NONE;NONE,NONE;SPORT UTILITY,LIGHT TRUCK (MINI-VAN- PANEL);SPORT UTILITY,LIGHT TRUCK (MINI-VAN- PANEL);SPORT UTILITY,LIGHT TRUCK (MINI-VAN- PANEL);SPORT UTILITY,LIGHT TRUCK (MINI-VAN- PANEL)
41916;20 FEET FROM SR 3977 SE CARY PKWY;NO SPECIAL FEATURE;STRAIGHT,LEVEL;STATE SECONDARY ROUTE;TWO-WAY,DIVIDED,UNPROTECTED MEDIAN;SMOOTH ASPHALT;DRY;DAYLIGHT;CLEAR;NO CONTROL PRESENT;;;-78.771496;35.748334;;;0;0;1;;NONE;;NONE;;PASSENGER CAR;;;;;NO;18294;2019-10-02;3:07:56 PM;2019-10-02T19:07:56+00:00;;2019;No;No;10;NONE;NONE,NONE;NONE,NONE;PASSENGER CAR;PASSENGER CAR;PASSENGER CAR;PASSENGER CAR
41918;0 FEET FROM SR 1313 (WALNUT ST);T-INTERSECTION;STRAIGHT,LEVEL;STATE SECONDARY ROUTE;TWO-WAY,NOT DIVIDED;SMOOTH ASPHALT;DRY;DAYLIGHT;CLEAR;STOP AND GO SIGNAL;;;-78.7572;35.7669;;112;0;1;;;NONE;;NONE;;VAN;PASSENGER CAR;PASSENGER CAR;;;NO;18296;2019-10-03;12:45 PM;2019-10-03T16:45:00+00:00;;2019;No;Yes;10;NONE;NONE,NONE;NONE,NONE;VAN,PASSENGER CAR;VAN,PASSENGER CAR,PASSENGER CAR;VAN,PASSENGER CAR,PASSENGER CAR;VAN,PASSENGER CAR,PASSENGER CAR
41919;20 FEET FROM PVA 1305 KILDAIRE FARM RD;NO SPECIAL FEATURE;STRAIGHT,LEVEL;PUBLIC VEHICULAR AREA;ONE-WAY,NOT DIVIDED;SMOOTH ASPHALT;DRY;DAYLIGHT;CLEAR;NO CONTROL PRESENT;;;-78.782625;35.757127;;;0;0;;;NONE;;NONE;;PASSENGER CAR;SPORT UTILITY;;;;NO;18297;2019-10-03;3:55:38 PM;2019-10-03T19:55:38+00:00;;2019;No;No;10;NONE;NONE,NONE;NONE,NONE;PASSENGER CAR,SPORT UTILITY;PASSENGER CAR,SPORT UTILITY;PASSENGER CAR,SPORT UTILITY;PASSENGER CAR,SPORT UTILITY
41926;0 FEET FROM SR 1619 (WALDO ROOD BLVD);FOUR-WAY INTERSECTION;STRAIGHT,LEVEL;STATE SECONDARY ROUTE;TWO-WAY,NOT DIVIDED;SMOOTH ASPHALT;DRY;DAYLIGHT;CLEAR;STOP SIGN;;;-78.8562;35.7842;;117;0;2;2;;NONE;;NONE;;PASSENGER CAR;PASSENGER CAR;;;;NO;18304;2019-10-02;5:22:22 PM;2019-10-02T21:22:22+00:00;;2019;No;Yes;10;NONE;NONE,NONE;NONE,NONE;PASSENGER CAR,PASSENGER CAR;PASSENGER CAR,PASSENGER CAR;PASSENGER CAR,PASSENGER CAR;PASSENGER CAR,PASSENGER CAR
41933;100 FEET FROM P.V.A. 1011 N HARRISON AV;NO SPECIAL FEATURE;STRAIGHT,LEVEL;PUBLIC VEHICULAR AREA;TWO-WAY,NOT DIVIDED;SMOOTH ASPHALT;DRY;DAYLIGHT;CLEAR;NO CONTROL PRESENT;;;-78.7834;35.8035;;;0;0;1;;NONE;;NONE;;PASSENGER CAR;PASSENGER CAR;;;;NO;18311;2019-10-04;4:18:01 PM;2019-10-04T20:18:01+00:00;;2019;No;No;10;NONE;NONE,NONE;NONE,NONE;PASSENGER CAR,PASSENGER CAR;PASSENGER CAR,PASSENGER CAR;PASSENGER CAR,PASSENGER CAR;PASSENGER CAR,PASSENGER CAR
41937;.05 MILES FROM PLANK BRIDGE WAY;NO SPECIAL FEATURE;STRAIGHT,LEVEL;LOCAL STREET;TWO-WAY,NOT DIVIDED;SMOOTH ASPHALT;DRY;DAYLIGHT;CLEAR;NO CONTROL PRESENT;35.824818302;-78.83781892;-78.83733;35.82392;P073;121;0;0;;;UNKNOWN;;NONE;;PASSENGER CAR;PASSENGER CAR;;;;NO;18315;2019-10-04;1:11:35 AM;2019-10-04T05:11:35+00:00;35.824818302, -78.83781892;2019;No;No;10;UNKNOWN;UNKNOWN,NONE;UNKNOWN,NONE;PASSENGER CAR,PASSENGER CAR;PASSENGER CAR,PASSENGER CAR;PASSENGER CAR,PASSENGER CAR;PASSENGER CAR,PASSENGER CAR
41938;100 FEET FROM PVA 2430 WALNUT ST;NO SPECIAL FEATURE;STRAIGHT,LEVEL;PUBLIC VEHICULAR AREA;TWO-WAY,NOT DIVIDED;SMOOTH ASPHALT;DRY;DAYLIGHT;CLEAR;STOP SIGN;;;-78.744158;35.754036;;;0;0;;;NONE;;NONE;;PASSENGER CAR;SPORT UTILITY;;;;NO;18316;2019-10-04;3:20:18 PM;2019-10-04T19:20:18+00:00;;2019;No;No;10;NONE;NONE,NONE;NONE,NONE;PASSENGER CAR,SPORT UTILITY;PASSENGER CAR,SPORT UTILITY;PASSENGER CAR,SPORT UTILITY;PASSENGER CAR,SPORT UTILITY
41944;.27 MILES FROM PVA PETCO(416 CROSSROADS BLVD);NO SPECIAL FEATURE;STRAIGHT,LEVEL;PUBLIC VEHICULAR AREA;TWO-WAY,NOT DIVIDED;SMOOTH ASPHALT;DRY;DAYLIGHT;CLEAR;NO CONTROL PRESENT;;;-78.736966;35.759558;;;0;0;;;NONE;;NONE;;PASSENGER CAR;PASSENGER CAR;;;;NO;18322;2019-10-06;5:00:03 PM;2019-10-06T21:00:03+00:00;;2019;No;No;10;NONE;NONE,NONE;NONE,NONE;PASSENGER CAR,PASSENGER CAR;PASSENGER CAR,PASSENGER CAR;PASSENGER CAR,PASSENGER CAR;PASSENGER CAR,PASSENGER CAR
41945;200 FEET FROM NC 54 (CHAPEL HILL RD);FOUR-WAY INTERSECTION;CURVE,LEVEL;NC ROUTE;TWO-WAY,DIVIDED,POSITIVE MEDIAN BARRIER;SMOOTH ASPHALT;DRY;DAYLIGHT;CLEAR;STOP AND GO SIGNAL;;;-78.797137;35.799016;;111;0;0;;;NONE;;NONE;;PASSENGER CAR;PASSENGER CAR;;;;NO;18323;2019-10-06;3:08:12 PM;2019-10-06T19:08:12+00:00;;2019;No;No;10;NONE;NONE,NONE;NONE,NONE;PASSENGER CAR,PASSENGER CAR;PASSENGER CAR,PASSENGER CAR;PASSENGER CAR,PASSENGER CAR;PASSENGER CAR,PASSENGER CAR
41952;0 FEET FROM PVA 151 ST CHARLES PL;RELATED TO INTERSECTION;STRAIGHT,LEVEL;PUBLIC VEHICULAR AREA;TWO-WAY,NOT DIVIDED;SMOOTH ASPHALT;DRY;DAYLIGHT;CLEAR;STOP SIGN;;;-78.781618;35.803386;;113;0;0;;;NONE;;NONE;;PASSENGER CAR;;;;;NO;18330;2019-10-07;1:08:33 PM;2019-10-07T17:08:33+00:00;;2019;No;No;10;NONE;NONE,NONE;NONE,NONE;PASSENGER CAR;PASSENGER CAR;PASSENGER CAR;PASSENGER CAR
41954;.1 MILES FROM PVA  6903 CARPENTER FIRE STATI;NO SPECIAL FEATURE;STRAIGHT,LEVEL;PRIVATE ROAD,DRIVEWAY;TWO-WAY,NOT DIVIDED;SMOOTH ASPHALT;DRY;DAYLIGHT;CLEAR;STOP SIGN;;;-78.87622;35.823046;;;0;0;;;NONE;;NONE;;PASSENGER CAR;;;;;NO;18332;2019-10-07;2:55:09 PM;2019-10-07T18:55:09+00:00;;2019;No;No;10;NONE;NONE,NONE;NONE,NONE;PASSENGER CAR;PASSENGER CAR;PASSENGER CAR;PASSENGER CAR
41959;CARY;RELATED TO INTERSECTION;STRAIGHT,LEVEL;STATE SECONDARY ROUTE;TWO-WAY,DIVIDED,UNPROTECTED MEDIAN;SMOOTH ASPHALT;DRY;DAYLIGHT;CLEAR;STOP AND GO SIGNAL;;;-78.764117;35.772025;;;0;0;;;NONE;;NONE;;PASSENGER CAR;SPORT UTILITY;;;;NO;18337;2019-10-06;6:02:40 PM;2019-10-06T22:02:40+00:00;;2019;No;No;10;NONE;NONE,NONE;NONE,NONE;PASSENGER CAR,SPORT UTILITY;PASSENGER CAR,SPORT UTILITY;PASSENGER CAR,SPORT UTILITY;PASSENGER CAR,SPORT UTILITY
41961;10 FEET FROM SR 1313 (WALNUT ST);RELATED TO INTERSECTION;STRAIGHT,LEVEL;STATE SECONDARY ROUTE;TWO-WAY,NOT DIVIDED;COARSE ASPHALT;DRY;DAYLIGHT;CLEAR;STOP AND GO SIGNAL;;;-78.7499;35.7642;;112;0;0;;;;;NONE;;PICKUP;PASSENGER CAR;;;;NO;18339;2019-10-07;3:07:16 PM;2019-10-07T19:07:16+00:00;;2019;No;No;10;;NONE;NONE;PICKUP,PASSENGER CAR;PICKUP,PASSENGER CAR;PICKUP,PASSENGER CAR;PICKUP,PASSENGER CAR
41962;CARY;;;;;;;;;;;;;;;;0;0;;;;;;;;;;;;;18340;2019-08-02;4:19:47 AM;2019-08-02T08:19:47+00:00;;2019;No;No;8;;;;;;;
41975;.1 MILES FROM SR 3081 (CHAPEL HILL RD);NO SPECIAL FEATURE;STRAIGHT,LEVEL;STATE SECONDARY ROUTE;TWO-WAY,NOT DIVIDED;SMOOTH ASPHALT;DRY;DAYLIGHT;CLOUDY;NO CONTROL PRESENT;;;-78.7949;35.798;;;0;0;;;NONE;;NONE;;PASSENGER CAR;PICKUP;;;;NO;18353;2019-10-08;6:44:37 PM;2019-10-08T22:44:37+00:00;;2019;No;No;10;NONE;NONE,NONE;NONE,NONE;PASSENGER CAR,PICKUP;PASSENGER CAR,PICKUP;PASSENGER CAR,PICKUP;PASSENGER CAR,PICKUP
41982;250 FEET FROM GIVERNY PL;NO SPECIAL FEATURE;STRAIGHT,GRADE;LOCAL STREET;TWO-WAY,NOT DIVIDED;SMOOTH ASPHALT;DRY;DAYLIGHT;CLEAR;NO CONTROL PRESENT;35.769593299;-78.84025103;-78.83936;35.76959;P066;117;0;0;;;NONE;;NONE;;PASSENGER CAR;;;;;NO;18360;2019-10-09;7:22:20 PM;2019-10-09T23:22:20+00:00;35.769593299, -78.84025103;2019;No;No;10;NONE;NONE,NONE;NONE,NONE;PASSENGER CAR;PASSENGER CAR;PASSENGER CAR;PASSENGER CAR
41987;150 FEET FROM FAIRBANKS RD;NO SPECIAL FEATURE;STRAIGHT,LEVEL;LOCAL STREET;TWO-WAY,NOT DIVIDED;SMOOTH ASPHALT;DRY;DARK - ROADWAY NOT LIGHTED;CLEAR;NO CONTROL PRESENT;35.80633057;-78.80235372;-78.8031;35.8057;P023;111;0;0;;;NONE;;NONE;;PASSENGER CAR;PASSENGER CAR;;;;NO;18365;2019-10-10;5:27:21 AM;2019-10-10T09:27:21+00:00;35.80633057, -78.80235372;2019;No;No;10;NONE;NONE,NONE;NONE,NONE;PASSENGER CAR,PASSENGER CAR;PASSENGER CAR,PASSENGER CAR;PASSENGER CAR,PASSENGER CAR;PASSENGER CAR,PASSENGER CAR
41991;CARY;FOUR-WAY INTERSECTION;STRAIGHT,LEVEL;STATE SECONDARY ROUTE;TWO-WAY,DIVIDED,UNPROTECTED MEDIAN;COARSE ASPHALT;DRY;DAYLIGHT;CLEAR;STOP AND GO SIGNAL;;;-78.82224;35.76199;;;0;0;1;;NONE;;NONE;;PASSENGER CAR;SPORT UTILITY;;;;NO;18369;2019-10-10;7:09:00 PM;2019-10-10T23:09:00+00:00;;2019;No;No;10;NONE;NONE,NONE;NONE,NONE;PASSENGER CAR,SPORT UTILITY;PASSENGER CAR,SPORT UTILITY;PASSENGER CAR,SPORT UTILITY;PASSENGER CAR,SPORT UTILITY
41999;400 FEET FROM US 64 HWY;NO SPECIAL FEATURE;STRAIGHT,LEVEL;US ROUTE;TWO-WAY,DIVIDED,UNPROTECTED MEDIAN;SMOOTH ASPHALT;DRY;DAYLIGHT;CLEAR;NO CONTROL PRESENT;35.741539558;-78.80970621;-78.807346;35.740968;P041;116;0;0;1;;NONE;;NONE;;PASSENGER CAR;PASSENGER CAR;;;;NO;18377;2019-10-10;4:40:00 PM;2019-10-10T20:40:00+00:00;35.741539558, -78.80970621;2019;No;No;10;NONE;NONE,NONE;NONE,NONE;PASSENGER CAR,PASSENGER CAR;PASSENGER CAR,PASSENGER CAR;PASSENGER CAR,PASSENGER CAR;PASSENGER CAR,PASSENGER CAR
42005;0 FEET FROM SR1624 (CARPENTER FIRE STATION;FOUR-WAY INTERSECTION;STRAIGHT,LEVEL;NC ROUTE;TWO-WAY,NOT DIVIDED;SMOOTH ASPHALT;DRY;DAYLIGHT;CLEAR;NO CONTROL PRESENT;;;-78.916106;35.827481;;;0;0;;;NONE;;NONE;;SPORT UTILITY;;;;;NO;18383;2019-10-10;11:36 AM;2019-10-10T15:36:00+00:00;;2019;No;No;10;NONE;NONE,NONE;NONE,NONE;SPORT UTILITY;SPORT UTILITY;SPORT UTILITY;SPORT UTILITY
42007;380 FEET FROM SR 1653 (EVANS RD);;;;;;;;;;35.767707566;-78.82436314;;;P009;117;0;0;;;;;;;;;;;;;18385;2019-09-04;8:03:06 AM;2019-09-04T12:03:06+00:00;35.767707566, -78.82436314;2019;No;No;9;;;;;;;
42014;262 FEET FROM AMBERGLOW PL;NO SPECIAL FEATURE;STRAIGHT,LEVEL;LOCAL STREET;TWO-WAY,NOT DIVIDED;SMOOTH ASPHALT;DRY;DAYLIGHT;CLEAR;NO CONTROL PRESENT;35.767694004;-78.82071201;-78.819787;35.768017;P009;117;0;0;;;NONE;;NONE;;PASSENGER CAR;PASSENGER CAR;;;;NO;18392;2019-10-12;1:28:36 PM;2019-10-12T17:28:36+00:00;35.767694004, -78.82071201;2019;No;No;10;NONE;NONE,NONE;NONE,NONE;PASSENGER CAR,PASSENGER CAR;PASSENGER CAR,PASSENGER CAR;PASSENGER CAR,PASSENGER CAR;PASSENGER CAR,PASSENGER CAR
42015;300 FEET FROM WICKLOW RD;NO SPECIAL FEATURE;STRAIGHT,LEVEL;LOCAL STREET;TWO-WAY,NOT DIVIDED;SMOOTH ASPHALT;WET;DARK - ROADWAY NOT LIGHTED;CLOUDY;NO CONTROL PRESENT;;;-78.791;35.77;;;0;0;;;;;NONE;;PASSENGER CAR;;;;;NO;18393;2019-10-13;11:50 PM;2019-10-14T03:50:00+00:00;;2019;No;No;10;;NONE;NONE;PASSENGER CAR;PASSENGER CAR;PASSENGER CAR;PASSENGER CAR
42017;.06 MILES FROM PVA (930 HIGH HOUSE RD);NO SPECIAL FEATURE;STRAIGHT,LEVEL;PUBLIC VEHICULAR AREA;TWO-WAY,NOT DIVIDED;SMOOTH ASPHALT;DRY;DAYLIGHT;CLEAR;NO CONTROL PRESENT;;;-78.8274;35.7884;;;0;0;1;;NONE;;NONE;;PASSENGER CAR;PASSENGER CAR;;;;NO;18395;2019-10-12;1:34:34 PM;2019-10-12T17:34:34+00:00;;2019;No;No;10;NONE;NONE,NONE;NONE,NONE;PASSENGER CAR,PASSENGER CAR;PASSENGER CAR,PASSENGER CAR;PASSENGER CAR,PASSENGER CAR;PASSENGER CAR,PASSENGER CAR
42018;423 FEET FROM SR 1613 DAVIS DRIVE;NO SPECIAL FEATURE;STRAIGHT,LEVEL;STATE SECONDARY ROUTE;TWO-WAY,DIVIDED,UNPROTECTED MEDIAN;SMOOTH ASPHALT;DRY;DAYLIGHT;CLEAR;NO CONTROL PRESENT;;;-78.84651;35.774946;;117;0;0;2;;NONE;;NONE;;PICKUP;VAN;;;;NO;18396;2019-10-12;11:12 AM;2019-10-12T15:12:00+00:00;;2019;No;No;10;NONE;NONE,NONE;NONE,NONE;PICKUP,VAN;PICKUP,VAN;PICKUP,VAN;PICKUP,VAN
42020;.25 MILES FROM US 64 HWY;NO SPECIAL FEATURE;CURVE,HILLCREST;US ROUTE;ONE-WAY,NOT DIVIDED;COARSE ASPHALT;WET;DARK - ROADWAY NOT LIGHTED;CLOUDY;NO CONTROL PRESENT;35.737208891;-78.7908604;-78.7894;35.7353;P042;115;0;0;;;;;NONE;;PASSENGER CAR;;;;;NO;18398;2019-10-14;7:00:48 AM;2019-10-14T11:00:48+00:00;35.737208891, -78.7908604;2019;No;No;10;;NONE;NONE;PASSENGER CAR;PASSENGER CAR;PASSENGER CAR;PASSENGER CAR
42022;348 FEET FROM PVA HOME DEPOT(2031 WALNUT ST);NO SPECIAL FEATURE;STRAIGHT,LEVEL;PUBLIC VEHICULAR AREA;TWO-WAY,NOT DIVIDED;SMOOTH ASPHALT;DRY;DAYLIGHT;CLEAR;NO CONTROL PRESENT;;;-78.73954;35.756631;;;0;0;;;NONE;;NONE;;SPORT UTILITY;PASSENGER CAR;;;;NO;18400;2019-10-12;12:54 PM;2019-10-12T16:54:00+00:00;;2019;No;No;10;NONE;NONE,NONE;NONE,NONE;SPORT UTILITY,PASSENGER CAR;SPORT UTILITY,PASSENGER CAR;SPORT UTILITY,PASSENGER CAR;SPORT UTILITY,PASSENGER CAR
42026;CARY;T-INTERSECTION;STRAIGHT,LEVEL;STATE SECONDARY ROUTE;TWO-WAY,NOT DIVIDED;SMOOTH ASPHALT;DRY;DAYLIGHT;CLEAR;STOP SIGN;;;-78.753636;35.790443;;120;0;0;;;;;NONE;;PASSENGER CAR;PASSENGER CAR;;;;NO;18404;2019-10-10;10:16 PM;2019-10-11T02:16:00+00:00;;2019;No;No;10;;NONE;NONE;PASSENGER CAR,PASSENGER CAR;PASSENGER CAR,PASSENGER CAR;PASSENGER CAR,PASSENGER CAR;PASSENGER CAR,PASSENGER CAR
42031;250 FEET FROM PVA (575-102 NEW WAVERLY PL);DRIVEWAY, PUBLIC;STRAIGHT,LEVEL;PUBLIC VEHICULAR AREA;TWO-WAY,NOT DIVIDED;SMOOTH ASPHALT;DRY;DAYLIGHT;CLEAR;NO CONTROL PRESENT;;;-78.777778;35.737294;;;0;0;1;;NONE;;NONE;;PASSENGER CAR;PASSENGER CAR;;;;NO;18409;2019-10-10;10:36 PM;2019-10-11T02:36:00+00:00;;2019;No;No;10;NONE;NONE,NONE;NONE,NONE;PASSENGER CAR,PASSENGER CAR;PASSENGER CAR,PASSENGER CAR;PASSENGER CAR,PASSENGER CAR;PASSENGER CAR,PASSENGER CAR
42034;10 FEET FROM VALLONIA DR;FOUR-WAY INTERSECTION;STRAIGHT,LEVEL;LOCAL STREET;TWO-WAY,NOT DIVIDED;SMOOTH ASPHALT;WET;DAYLIGHT;RAIN;STOP SIGN;35.840579445;-78.89616514;-78.896143;35.840569;P076;119;0;0;1;;NONE;;NONE;;PASSENGER CAR;PASSENGER CAR;;;;NO;18412;2019-10-13;1:31:45 PM;2019-10-13T17:31:45+00:00;35.840579445, -78.89616514;2019;No;No;10;NONE;NONE,NONE;NONE,NONE;PASSENGER CAR,PASSENGER CAR;PASSENGER CAR,PASSENGER CAR;PASSENGER CAR,PASSENGER CAR;PASSENGER CAR,PASSENGER CAR
42037;80 FEET FROM P.V.A (875 SE MAYNARD RD);DRIVEWAY, PUBLIC;;PUBLIC VEHICULAR AREA;ONE-WAY,NOT DIVIDED;CONCRETE;DRY;DARK - LIGHTED ROADWAY;CLEAR;NO CONTROL PRESENT;;;-78.7645;35.777;;;0;0;;;NONE;;NONE;;PICKUP;PICKUP;;;;NO;18415;2019-10-12;11:35 PM;2019-10-13T03:35:00+00:00;;2019;No;No;10;NONE;NONE,NONE;NONE,NONE;PICKUP,PICKUP;PICKUP,PICKUP;PICKUP,PICKUP;PICKUP,PICKUP
42039;160 FEET FROM BELMONT VIEW LOOP;NO SPECIAL FEATURE;STRAIGHT,LEVEL;LOCAL STREET;TWO-WAY,NOT DIVIDED;SMOOTH ASPHALT;DRY;DAYLIGHT;CLEAR;NO CONTROL PRESENT;35.815084858;-78.87831287;-78.87779;35.815061;P122;122;0;0;;;NONE;;NONE;;PASSENGER CAR;PASSENGER CAR;;;;NO;18417;2019-10-07;2:55:43 PM;2019-10-07T18:55:43+00:00;35.815084858, -78.87831287;2019;No;No;10;NONE;NONE,NONE;NONE,NONE;PASSENGER CAR,PASSENGER CAR;PASSENGER CAR,PASSENGER CAR;PASSENGER CAR,PASSENGER CAR;PASSENGER CAR,PASSENGER CAR
42047;.11 MILES FROM US 64;NO SPECIAL FEATURE;STRAIGHT,LEVEL;US ROUTE;TWO-WAY,DIVIDED,POSITIVE MEDIAN BARRIER;SMOOTH ASPHALT;DRY;DAYLIGHT;CLEAR;NO CONTROL PRESENT;35.736327215;-78.78771794;-78.79023;35.736397;P042;115;0;0;;;NONE;;NONE;;PASSENGER CAR;SPORT UTILITY;;;;NO;18425;2019-10-14;9:00:40 AM;2019-10-14T13:00:40+00:00;35.736327215, -78.78771794;2019;No;No;10;NONE;NONE,NONE;NONE,NONE;PASSENGER CAR,SPORT UTILITY;PASSENGER CAR,SPORT UTILITY;PASSENGER CAR,SPORT UTILITY;PASSENGER CAR,SPORT UTILITY
42049;40 FEET FROM P.V.A. (1217 KILDAIRE FARM RD);NO SPECIAL FEATURE;STRAIGHT,LEVEL;PUBLIC VEHICULAR AREA;TWO-WAY,NOT DIVIDED;COARSE ASPHALT;DRY;DAYLIGHT;CLEAR;NO CONTROL PRESENT;;;-78.7831;35.7634;;112;0;0;;;;;NONE;;PASSENGER CAR;PICKUP;;;;NO;18427;2019-10-14;11:00 AM;2019-10-14T15:00:00+00:00;;2019;No;No;10;;NONE;NONE;PASSENGER CAR,PICKUP;PASSENGER CAR,PICKUP;PASSENGER CAR,PICKUP;PASSENGER CAR,PICKUP
42051;.22 MILES FROM P.V.A. HOME GOODS(255 CROSSROA;NO SPECIAL FEATURE;STRAIGHT,LEVEL;PUBLIC VEHICULAR AREA;TWO-WAY,NOT DIVIDED;SMOOTH ASPHALT;DRY;DAYLIGHT;CLEAR;NO CONTROL PRESENT;;;-78.73826;35.762341;;;0;0;;;NONE;;NONE;;UNKNOWN;PASSENGER CAR;;;;NO;18429;2019-10-14;1:41:38 PM;2019-10-14T17:41:38+00:00;;2019;No;No;10;NONE;NONE,NONE;NONE,NONE;UNKNOWN,PASSENGER CAR;UNKNOWN,PASSENGER CAR;UNKNOWN,PASSENGER CAR;UNKNOWN,PASSENGER CAR
42053;200 FEET FROM PVA OF 5055 ARCO ST;NO SPECIAL FEATURE;STRAIGHT,LEVEL;PUBLIC VEHICULAR AREA;TWO-WAY,NOT DIVIDED;SMOOTH ASPHALT;DRY;DAYLIGHT;CLEAR;NO CONTROL PRESENT;;;-78.8828;35.8342;;;0;0;;;;;NONE;;PASSENGER CAR;PASSENGER CAR;;;;NO;18431;2019-10-14;3:17:14 PM;2019-10-14T19:17:14+00:00;;2019;No;No;10;;NONE;NONE;PASSENGER CAR,PASSENGER CAR;PASSENGER CAR,PASSENGER CAR;PASSENGER CAR,PASSENGER CAR;PASSENGER CAR,PASSENGER CAR
42055;CARY;FOUR-WAY INTERSECTION;STRAIGHT,LEVEL;STATE SECONDARY ROUTE;TWO-WAY,NOT DIVIDED;SMOOTH ASPHALT;DRY;DAYLIGHT;CLEAR;STOP AND GO SIGNAL;;;-78.8708;35.7879;;;0;0;;;NONE;;NONE;;PASSENGER CAR;SPORT UTILITY;;;;NO;18433;2019-10-14;3:55:35 PM;2019-10-14T19:55:35+00:00;;2019;No;No;10;NONE;NONE,NONE;NONE,NONE;PASSENGER CAR,SPORT UTILITY;PASSENGER CAR,SPORT UTILITY;PASSENGER CAR,SPORT UTILITY;PASSENGER CAR,SPORT UTILITY
42061;15 FEET FROM NC 55 HWY;NO SPECIAL FEATURE;CURVE,LEVEL;NC ROUTE;TWO-WAY,DIVIDED,UNPROTECTED MEDIAN;COARSE ASPHALT;DRY;DAYLIGHT;CLEAR;STOP AND GO SIGNAL;;;-78.874064;35.823158;;;0;0;2;;;;NONE;;SPORT UTILITY;SPORT UTILITY;;;;CONSTRUCTION WORK AREA;18439;2019-10-14;12:37 AM;2019-10-14T04:37:00+00:00;;2019;No;No;10;;NONE;NONE;SPORT UTILITY,SPORT UTILITY;SPORT UTILITY,SPORT UTILITY;SPORT UTILITY,SPORT UTILITY;SPORT UTILITY,SPORT UTILITY
42062;50 FEET FROM SR1300 (KILDAIRE FARM RD);NO SPECIAL FEATURE;STRAIGHT,LEVEL;STATE SECONDARY ROUTE;TWO-WAY,DIVIDED,UNPROTECTED MEDIAN;SMOOTH ASPHALT;DRY;DAYLIGHT;CLEAR;NO CONTROL PRESENT;;;-78.783256;35.759694;;;0;0;1;;NONE;;NONE;;PASSENGER CAR;SPORT UTILITY;;;;NO;18440;2019-10-14;4:08:57 PM;2019-10-14T20:08:57+00:00;;2019;No;No;10;NONE;NONE,NONE;NONE,NONE;PASSENGER CAR,SPORT UTILITY;PASSENGER CAR,SPORT UTILITY;PASSENGER CAR,SPORT UTILITY;PASSENGER CAR,SPORT UTILITY
42063;365 FEET FROM E LAURENBROOK CT;NO SPECIAL FEATURE;STRAIGHT,GRADE;LOCAL STREET;TWO-WAY,NOT DIVIDED;SMOOTH ASPHALT;DRY;DARK - LIGHTED ROADWAY;CLEAR;NO CONTROL PRESENT;35.748043764;-78.75850467;-78.7572;35.7474;P004;118;0;0;;;NONE;;NONE;;PASSENGER CAR;;;;;NO;18441;2019-10-13;12:58 AM;2019-10-13T04:58:00+00:00;35.748043764, -78.75850467;2019;No;No;10;NONE;NONE,NONE;NONE,NONE;PASSENGER CAR;PASSENGER CAR;PASSENGER CAR;PASSENGER CAR