tamainid;location_description;rdfeature;rdcharacter;rdclass;rdconfigur;rdsurface;rdcondition;lightcond;weather;trafcontrl;lat;lon;lon2;lat2;tract;zone;fatality;possblinj;numpassengers;numpedestrians;contrcir1_desc;contrcir2_desc;contrcir3_desc;contrcir4_desc;vehicle1;vehicle2;vehicle3;vehicle4;vehicle5;workarea;records;ta_date;ta_time;crash_date;geo_location;year;fatalities;injuries;month;contrfact1;contrfact2;contributing_factor;vehicleconcat1;vehicleconcat2;vehicleconcat3;vehicle_type
42471;25 FEET FROM P.P. (331 RIDGECREST RD);DRIVEWAY, PRIVATE;STRAIGHT,HILLCREST;PRIVATE ROAD,DRIVEWAY;ONE-WAY,NOT DIVIDED;CONCRETE;DRY;DAYLIGHT;CLEAR;NO CONTROL PRESENT;;;-78.78741;35.78401;;;0;1;;;NONE;;NONE;;PICKUP;;;;;NO;18846;2019-11-08;3:17:24 PM;2019-11-08T20:17:24+00:00;;2019;No;Yes;11;NONE;NONE,NONE;NONE,NONE;PICKUP;PICKUP;PICKUP;PICKUP
42473;60 FEET FROM SR1652 (N HARRISON AV);NO SPECIAL FEATURE;STRAIGHT,LEVEL;STATE SECONDARY ROUTE;TWO-WAY,DIVIDED,UNPROTECTED MEDIAN;SMOOTH ASPHALT;DRY;DARK - LIGHTED ROADWAY;CLEAR;NO CONTROL PRESENT;;;-78.771034;35.821878;;;0;0;4;;NONE;;NONE;;VAN;PASSENGER CAR;;;;NO;18848;2019-11-09;7:22:12 PM;2019-11-10T00:22:12+00:00;;2019;No;No;11;NONE;NONE,NONE;NONE,NONE;VAN,PASSENGER CAR;VAN,PASSENGER CAR;VAN,PASSENGER CAR;VAN,PASSENGER CAR
42475;285 FEET FROM MILLS PARK DR;DRIVEWAY, PRIVATE;STRAIGHT,LEVEL;PRIVATE ROAD,DRIVEWAY;TWO-WAY,NOT DIVIDED;CONCRETE;DRY;DAYLIGHT;CLEAR;NO CONTROL PRESENT;;;-78.902315;35.81229;;;0;0;;;;;NONE;;FIRETRUCK;EMS VEHICLE- AMBULANCE- RESCUE SQUAD;;;;NO;18850;2019-11-09;10:16 AM;2019-11-09T15:16:00+00:00;;2019;No;No;11;;NONE;NONE;FIRETRUCK,EMS VEHICLE- AMBULANCE- RESCUE SQUAD;FIRETRUCK,EMS VEHICLE- AMBULANCE- RESCUE SQUAD;FIRETRUCK,EMS VEHICLE- AMBULANCE- RESCUE SQUAD;FIRETRUCK,EMS VEHICLE- AMBULANCE- RESCUE SQUAD
42484;150 FEET FROM CORNWALL VIEW CT;NO SPECIAL FEATURE;STRAIGHT,LEVEL;LOCAL STREET;TWO-WAY,NOT DIVIDED;SMOOTH ASPHALT;DRY;DARK - LIGHTED ROADWAY;CLEAR;NO CONTROL PRESENT;35.775174602;-78.78420049;-78.784204;35.774856;P036;114;0;0;;;NONE;;NONE;;PASSENGER CAR;PASSENGER CAR;;;;NO;18859;2019-11-11;6:49:00 PM;2019-11-11T23:49:00+00:00;35.775174602, -78.78420049;2019;No;No;11;NONE;NONE,NONE;NONE,NONE;PASSENGER CAR,PASSENGER CAR;PASSENGER CAR,PASSENGER CAR;PASSENGER CAR,PASSENGER CAR;PASSENGER CAR,PASSENGER CAR
42488;50 FEET FROM SR 1652 (N HARRISON AV);NO SPECIAL FEATURE;STRAIGHT,LEVEL;STATE SECONDARY ROUTE;TWO-WAY,NOT DIVIDED;COARSE ASPHALT;DRY;DARK - LIGHTED ROADWAY;CLEAR;NO CONTROL PRESENT;;;-78.770601;35.822651;;;0;0;;;NONE;;NONE;;SPORT UTILITY;PASSENGER CAR;;;;NO;18863;2019-11-06;7:27:05 PM;2019-11-07T00:27:05+00:00;;2019;No;No;11;NONE;NONE,NONE;NONE,NONE;SPORT UTILITY,PASSENGER CAR;SPORT UTILITY,PASSENGER CAR;SPORT UTILITY,PASSENGER CAR;SPORT UTILITY,PASSENGER CAR
42490;118 FEET FROM 305 AMIABLE LOOP;NO SPECIAL FEATURE;STRAIGHT,LEVEL;LOCAL STREET;TWO-WAY,NOT DIVIDED;SMOOTH ASPHALT;DRY;DARK - LIGHTED ROADWAY;CLEAR;NO CONTROL PRESENT;35.772279838;-78.88021032;-78.87984;35.772233;P118;117;0;0;;;DARTING;NONE;NONE;;PASSENGER CAR;;;;;NO;18865;2019-11-09;11:19 PM;2019-11-10T04:19:00+00:00;35.772279838, -78.88021032;2019;No;No;11;DARTING,NONE;DARTING,NONE,NONE;DARTING,NONE,NONE;PASSENGER CAR;PASSENGER CAR;PASSENGER CAR;PASSENGER CAR
42493;.34 MILES FROM HWY US 64;NO SPECIAL FEATURE;STRAIGHT,LEVEL;US ROUTE;TWO-WAY,DIVIDED,UNPROTECTED MEDIAN;COARSE ASPHALT;DRY;DAYLIGHT;CLEAR;NO CONTROL PRESENT;;;-78.7994;35.739;;;0;0;;;NONE;;NONE;;SPORT UTILITY;SPORT UTILITY;;;;NO;18868;2019-11-10;12:06 PM;2019-11-10T17:06:00+00:00;;2019;No;No;11;NONE;NONE,NONE;NONE,NONE;SPORT UTILITY,SPORT UTILITY;SPORT UTILITY,SPORT UTILITY;SPORT UTILITY,SPORT UTILITY;SPORT UTILITY,SPORT UTILITY
42496;136 FEET FROM PVA (201 METLIFE WAY);NO SPECIAL FEATURE;STRAIGHT,LEVEL;PUBLIC VEHICULAR AREA;TWO-WAY,NOT DIVIDED;SMOOTH ASPHALT;DRY;DAYLIGHT;CLEAR;NO CONTROL PRESENT;;;-78.799;35.8292;;;0;0;;;NONE;;NONE;;PASSENGER CAR;SINGLE UNIT TRUCK (2-AXLE- 6-TIRE);;;;NO;18871;2019-11-07;11:00 PM;2019-11-08T04:00:00+00:00;;2019;No;No;11;NONE;NONE,NONE;NONE,NONE;PASSENGER CAR,SINGLE UNIT TRUCK (2-AXLE- 6-TIRE);PASSENGER CAR,SINGLE UNIT TRUCK (2-AXLE- 6-TIRE);PASSENGER CAR,SINGLE UNIT TRUCK (2-AXLE- 6-TIRE);PASSENGER CAR,SINGLE UNIT TRUCK (2-AXLE- 6-TIRE)
42498;0.14 MILES FROM LARKWOOD LN;NO SPECIAL FEATURE;STRAIGHT,LEVEL;LOCAL STREET;TWO-WAY,NOT DIVIDED;SMOOTH ASPHALT;DRY;DARK - UNKNOWN LIGHTING;CLEAR;NO CONTROL PRESENT;35.74547361;-78.7740689;-78.7716;35.7448;P004;118;0;0;1;;NONE;;NONE;;PASSENGER CAR;PASSENGER CAR;;;;NO;18873;2019-11-04;2:44:56 PM;2019-11-04T19:44:56+00:00;35.74547361, -78.7740689;2019;No;No;11;NONE;NONE,NONE;NONE,NONE;PASSENGER CAR,PASSENGER CAR;PASSENGER CAR,PASSENGER CAR;PASSENGER CAR,PASSENGER CAR;PASSENGER CAR,PASSENGER CAR
42503;.01 MILES FROM SR 1613 (DAVIS DR);RELATED TO INTERSECTION;STRAIGHT,LEVEL;STATE SECONDARY ROUTE;TWO-WAY,DIVIDED,UNPROTECTED MEDIAN;COARSE ASPHALT;WET;DARK - LIGHTED ROADWAY;RAIN;STOP AND GO SIGNAL;;;-78.847;35.788;;;0;0;1;;NONE;;NONE;;PASSENGER CAR;PASSENGER CAR;;;;NO;18878;2019-11-07;5:41:18 PM;2019-11-07T22:41:18+00:00;;2019;No;No;11;NONE;NONE,NONE;NONE,NONE;PASSENGER CAR,PASSENGER CAR;PASSENGER CAR,PASSENGER CAR;PASSENGER CAR,PASSENGER CAR;PASSENGER CAR,PASSENGER CAR
42505;CARY;FOUR-WAY INTERSECTION;STRAIGHT,LEVEL;STATE SECONDARY ROUTE;TWO-WAY,DIVIDED,UNPROTECTED MEDIAN;COARSE ASPHALT;DRY;DAYLIGHT;CLEAR;STOP AND GO SIGNAL;;;-78.7831;35.7917;;;0;0;;;NONE;;NONE;;PICKUP;PASSENGER CAR;;;;NO;18880;2019-11-11;1:04:36 PM;2019-11-11T18:04:36+00:00;;2019;No;No;11;NONE;NONE,NONE;NONE,NONE;PICKUP,PASSENGER CAR;PICKUP,PASSENGER CAR;PICKUP,PASSENGER CAR;PICKUP,PASSENGER CAR
42506;300 FEET FROM PVA 1105 WALNUT ST;NO SPECIAL FEATURE;STRAIGHT,LEVEL;PUBLIC VEHICULAR AREA;TWO-WAY,NOT DIVIDED;SMOOTH ASPHALT;DRY;DAYLIGHT;CLEAR;NO CONTROL PRESENT;;;-78.763921;35.773625;;;0;0;;;NONE;;NONE;;SPORT UTILITY;;;;;NO;18881;2019-11-10;4:47:40 PM;2019-11-10T21:47:40+00:00;;2019;No;No;11;NONE;NONE,NONE;NONE,NONE;SPORT UTILITY;SPORT UTILITY;SPORT UTILITY;SPORT UTILITY
42513;115 FEET FROM SR1423  (PINEY PLAINS RD);NO SPECIAL FEATURE;STRAIGHT,LEVEL;STATE SECONDARY ROUTE;TWO-WAY,NOT DIVIDED;COARSE ASPHALT;DRY;DARK - ROADWAY NOT LIGHTED;CLEAR;NO CONTROL PRESENT;;;-78.7521;;;118;0;0;;;;;NONE;;PASSENGER CAR;;;;;NO;18888;2019-11-10;5:41:54 PM;2019-11-10T22:41:54+00:00;;2019;No;No;11;;NONE;NONE;PASSENGER CAR;PASSENGER CAR;PASSENGER CAR;PASSENGER CAR
42520;200 FEET FROM P.V.A. 137 WESTON PKWY;NO SPECIAL FEATURE;STRAIGHT,LEVEL;PUBLIC VEHICULAR AREA;TWO-WAY,NOT DIVIDED;SMOOTH ASPHALT;DRY;DAYLIGHT;CLEAR;NO CONTROL PRESENT;;;-78.7708;35.8273;;111;0;0;;;;;NONE;;SPORT UTILITY;PASSENGER CAR;;;;NO;18895;2019-11-07;11:18 AM;2019-11-07T16:18:00+00:00;;2019;No;No;11;;NONE;NONE;SPORT UTILITY,PASSENGER CAR;SPORT UTILITY,PASSENGER CAR;SPORT UTILITY,PASSENGER CAR;SPORT UTILITY,PASSENGER CAR
42521;200 FEET FROM US 1;NO SPECIAL FEATURE;STRAIGHT,LEVEL;US ROUTE;TWO-WAY,DIVIDED,POSITIVE MEDIAN BARRIER;SMOOTH ASPHALT;DRY;DAYLIGHT;CLEAR;NO CONTROL PRESENT;;;-78.7458;35.7613;;112;0;0;;;;;NONE;;VAN;PASSENGER CAR;;;;NO;18896;2019-11-05;3:01:34 PM;2019-11-05T20:01:34+00:00;;2019;No;No;11;;NONE;NONE;VAN,PASSENGER CAR;VAN,PASSENGER CAR;VAN,PASSENGER CAR;VAN,PASSENGER CAR
42522;0 FEET FROM THORPE DR;RELATED TO INTERSECTION;STRAIGHT,LEVEL;LOCAL STREET;TWO-WAY,NOT DIVIDED;SMOOTH ASPHALT;DRY;DAYLIGHT;CLEAR;STOP SIGN;35.81600283;-78.79251976;-78.7925;35.8159;P024;111;0;2;;;NONE;;NONE;;SINGLE UNIT TRUCK (2-AXLE- 6-TIRE);PASSENGER CAR;;;;NO;18897;2019-11-11;12:59 PM;2019-11-11T17:59:00+00:00;35.81600283, -78.79251976;2019;No;Yes;11;NONE;NONE,NONE;NONE,NONE;SINGLE UNIT TRUCK (2-AXLE- 6-TIRE),PASSENGER CAR;SINGLE UNIT TRUCK (2-AXLE- 6-TIRE),PASSENGER CAR;SINGLE UNIT TRUCK (2-AXLE- 6-TIRE),PASSENGER CAR;SINGLE UNIT TRUCK (2-AXLE- 6-TIRE),PASSENGER CAR
42523;.5 MILES FROM US 1 HWY;NO SPECIAL FEATURE;STRAIGHT,LEVEL;US ROUTE;TWO-WAY,DIVIDED,POSITIVE MEDIAN BARRIER;SMOOTH ASPHALT;WET;DAYLIGHT;RAIN;NO CONTROL PRESENT;;;-78.758;35.755;;;0;0;;;NONE;;NONE;;SPORT UTILITY;PASSENGER CAR;;;;NO;18898;2019-11-12;8:51:32 AM;2019-11-12T13:51:32+00:00;;2019;No;No;11;NONE;NONE,NONE;NONE,NONE;SPORT UTILITY,PASSENGER CAR;SPORT UTILITY,PASSENGER CAR;SPORT UTILITY,PASSENGER CAR;SPORT UTILITY,PASSENGER CAR
42532;CARY;;;;;;;;;;;;;;;;0;0;;;;;;;;;;;;;18907;2019-11-07;12:00 AM;2019-11-07T05:00:00+00:00;;2019;No;No;11;;;;;;;
42539;40 FEET FROM SR 1652 (N HARRISON AV);FOUR-WAY INTERSECTION;STRAIGHT,LEVEL;STATE SECONDARY ROUTE;TWO-WAY,NOT DIVIDED;SMOOTH ASPHALT;WET;DAYLIGHT;RAIN;STOP AND GO SIGNAL;;;-78.77;35.8277;;;0;1;1;;NONE;;NONE;;PICKUP;PASSENGER CAR;;;;NO;18914;2019-11-12;3:43:53 PM;2019-11-12T20:43:53+00:00;;2019;No;Yes;11;NONE;NONE,NONE;NONE,NONE;PICKUP,PASSENGER CAR;PICKUP,PASSENGER CAR;PICKUP,PASSENGER CAR;PICKUP,PASSENGER CAR
42545;20 FEET FROM SR 3073 (NW MAYNARD RD);FOUR-WAY INTERSECTION;STRAIGHT,HILLCREST;STATE SECONDARY ROUTE;TWO-WAY,NOT DIVIDED;SMOOTH ASPHALT;DRY;DARK - LIGHTED ROADWAY;CLEAR;STOP AND GO SIGNAL;;;-78.7964;35.7984;;;0;0;;;NONE;;NONE;;PASSENGER CAR;PASSENGER CAR;;;;NO;18920;2019-11-14;6:35:31 PM;2019-11-14T23:35:31+00:00;;2019;No;No;11;NONE;NONE,NONE;NONE,NONE;PASSENGER CAR,PASSENGER CAR;PASSENGER CAR,PASSENGER CAR;PASSENGER CAR,PASSENGER CAR;PASSENGER CAR,PASSENGER CAR
42553;150 FEET FROM S.R. 3977 SW CARY PKWY;RELATED TO INTERSECTION;STRAIGHT,LEVEL;STATE SECONDARY ROUTE;TWO-WAY,DIVIDED,UNPROTECTED MEDIAN;SMOOTH ASPHALT;DRY;DAYLIGHT;CLEAR;STOP AND GO SIGNAL;;;-78.783676;35.757725;;;0;0;1;;NONE;;NONE;;PASSENGER CAR;SPORT UTILITY;SPORT UTILITY;;;NO;18928;2019-11-14;11:44 AM;2019-11-14T16:44:00+00:00;;2019;No;No;11;NONE;NONE,NONE;NONE,NONE;PASSENGER CAR,SPORT UTILITY;PASSENGER CAR,SPORT UTILITY,SPORT UTILITY;PASSENGER CAR,SPORT UTILITY,SPORT UTILITY;PASSENGER CAR,SPORT UTILITY,SPORT UTILITY
42555;0.1 MILES FROM NC 55 HWY;NO SPECIAL FEATURE;STRAIGHT,LEVEL;NC ROUTE;TWO-WAY,DIVIDED,UNPROTECTED MEDIAN;SMOOTH ASPHALT;WET;DAYLIGHT;RAIN;NO CONTROL PRESENT;35.716068372;-78.8412005;-78.8724;35.8121;P114;APEX;0;1;;;;;NONE;;SPORT UTILITY;SPORT UTILITY;;;;NO;18930;2019-11-15;7:17:36 AM;2019-11-15T12:17:36+00:00;35.716068372, -78.8412005;2019;No;Yes;11;;NONE;NONE;SPORT UTILITY,SPORT UTILITY;SPORT UTILITY,SPORT UTILITY;SPORT UTILITY,SPORT UTILITY;SPORT UTILITY,SPORT UTILITY
42557;100 FEET FROM KILDAIRE PARK DR;NO SPECIAL FEATURE;STRAIGHT,GRADE;LOCAL STREET;TWO-WAY,NOT DIVIDED;SMOOTH ASPHALT;DRY;DAYLIGHT;CLEAR;NO CONTROL PRESENT;35.743142271;-78.77890202;-78.7799;35.744;P044;115;0;0;;;NONE;;NONE;;SINGLE UNIT TRUCK (2-AXLE- 6-TIRE);SPORT UTILITY;;;;NO;18932;2019-11-13;12:12 PM;2019-11-13T17:12:00+00:00;35.743142271, -78.77890202;2019;No;No;11;NONE;NONE,NONE;NONE,NONE;SINGLE UNIT TRUCK (2-AXLE- 6-TIRE),SPORT UTILITY;SINGLE UNIT TRUCK (2-AXLE- 6-TIRE),SPORT UTILITY;SINGLE UNIT TRUCK (2-AXLE- 6-TIRE),SPORT UTILITY;SINGLE UNIT TRUCK (2-AXLE- 6-TIRE),SPORT UTILITY
42565;200 FEET FROM SR 1152 (HOLLY SPRINGS RD);NO SPECIAL FEATURE;STRAIGHT,GRADE;STATE SECONDARY ROUTE;TWO-WAY,NOT DIVIDED;COARSE ASPHALT;DRY;DAYLIGHT;CLEAR;NO CONTROL PRESENT;;;-78.7717;35.6968;;;0;0;1;;NONE;;NONE;;SINGLE UNIT TRUCK (2-AXLE- 6-TIRE);SPORT UTILITY;;;;NO;18940;2019-11-13;5:29:17 PM;2019-11-13T22:29:17+00:00;;2019;No;No;11;NONE;NONE,NONE;NONE,NONE;SINGLE UNIT TRUCK (2-AXLE- 6-TIRE),SPORT UTILITY;SINGLE UNIT TRUCK (2-AXLE- 6-TIRE),SPORT UTILITY;SINGLE UNIT TRUCK (2-AXLE- 6-TIRE),SPORT UTILITY;SINGLE UNIT TRUCK (2-AXLE- 6-TIRE),SPORT UTILITY
42568;NEAR CARY;FOUR-WAY INTERSECTION;STRAIGHT,LEVEL;NC ROUTE;TWO-WAY,DIVIDED,UNPROTECTED MEDIAN;SMOOTH ASPHALT;WET;DAWN;RAIN;STOP AND GO SIGNAL;;;-78.8729;35.8137;;;0;1;;;NONE;;NONE;;PICKUP;PICKUP;;;;NO;18943;2019-11-15;7:32:06 AM;2019-11-15T12:32:06+00:00;;2019;No;Yes;11;NONE;NONE,NONE;NONE,NONE;PICKUP,PICKUP;PICKUP,PICKUP;PICKUP,PICKUP;PICKUP,PICKUP
42575;20 FEET FROM PVA 8322 CHAPEL HILL RD;DRIVEWAY, PUBLIC;STRAIGHT,LEVEL;PUBLIC VEHICULAR AREA;TWO-WAY,NOT DIVIDED;GRAVEL;DRY;DARK - LIGHTED ROADWAY;CLEAR;NO CONTROL PRESENT;;;-78.7766;35.7919;;;0;0;;;;;NONE;;PASSENGER CAR;PASSENGER CAR;;;;NO;18950;2019-11-17;3:35:04 AM;2019-11-17T08:35:04+00:00;;2019;No;No;11;;NONE;NONE;PASSENGER CAR,PASSENGER CAR;PASSENGER CAR,PASSENGER CAR;PASSENGER CAR,PASSENGER CAR;PASSENGER CAR,PASSENGER CAR
42577;.01 MILES FROM SR 1615 (HIGH HOUSE RD);DRIVEWAY, PUBLIC;CURVE,GRADE;STATE SECONDARY ROUTE;TWO-WAY,DIVIDED,POSITIVE MEDIAN BARRIER;SMOOTH ASPHALT;WET;DARK - LIGHTED ROADWAY;RAIN;NO CONTROL PRESENT;;;-78.8281;35.7883;;;0;0;2;;NONE;;NONE;;PASSENGER CAR;PASSENGER CAR;;;;NO;18952;2019-11-15;5:24:08 PM;2019-11-15T22:24:08+00:00;;2019;No;No;11;NONE;NONE,NONE;NONE,NONE;PASSENGER CAR,PASSENGER CAR;PASSENGER CAR,PASSENGER CAR;PASSENGER CAR,PASSENGER CAR;PASSENGER CAR,PASSENGER CAR
42585;300 FEET FROM SR 1313 (WALNUT ST);NO SPECIAL FEATURE;STRAIGHT,LEVEL;STATE SECONDARY ROUTE;TWO-WAY,DIVIDED,UNPROTECTED MEDIAN;SMOOTH ASPHALT;DRY;DAYLIGHT;CLEAR;NO CONTROL PRESENT;;;-78.7476;35.7635;;;0;0;;;NONE;;NONE;;SPORT UTILITY;PASSENGER CAR;;;;NO;18960;2019-11-16;6:42:25 AM;2019-11-16T11:42:25+00:00;;2019;No;No;11;NONE;NONE,NONE;NONE,NONE;SPORT UTILITY,PASSENGER CAR;SPORT UTILITY,PASSENGER CAR;SPORT UTILITY,PASSENGER CAR;SPORT UTILITY,PASSENGER CAR
42587;CARY;FOUR-WAY INTERSECTION;STRAIGHT,LEVEL;LOCAL STREET;TWO-WAY,NOT DIVIDED;SMOOTH ASPHALT;DRY;DAYLIGHT;CLEAR;STOP SIGN;35.810134598;-78.88574455;-78.885791;35.810093;P072;122;0;0;1;;;;NONE;;VAN;PASSENGER CAR;;;;NO;18962;2019-11-17;1:33:21 PM;2019-11-17T18:33:21+00:00;35.810134598, -78.88574455;2019;No;No;11;;NONE;NONE;VAN,PASSENGER CAR;VAN,PASSENGER CAR;VAN,PASSENGER CAR;VAN,PASSENGER CAR
42588;0 FEET FROM SR1349 (DILLARD DR);FOUR-WAY INTERSECTION;STRAIGHT,LEVEL;STATE SECONDARY ROUTE;TWO-WAY,NOT DIVIDED;COARSE ASPHALT;DRY;DARK - LIGHTED ROADWAY;CLEAR;STOP AND GO SIGNAL;;;-78.7467;35.7688;;118;0;3;1;;;;NONE;;SPORT UTILITY;PASSENGER CAR;;;;NO;18963;2019-11-17;5:27:25 PM;2019-11-17T22:27:25+00:00;;2019;No;Yes;11;;NONE;NONE;SPORT UTILITY,PASSENGER CAR;SPORT UTILITY,PASSENGER CAR;SPORT UTILITY,PASSENGER CAR;SPORT UTILITY,PASSENGER CAR
42597;CARY;RELATED TO INTERSECTION;STRAIGHT,LEVEL;STATE SECONDARY ROUTE;TWO-WAY,DIVIDED,UNPROTECTED MEDIAN;SMOOTH ASPHALT;DRY;DARK - LIGHTED ROADWAY;CLOUDY;STOP AND GO SIGNAL;;;-78.7412;35.7557;;;0;2;;;;;NONE;;PASSENGER CAR;PASSENGER CAR;SPORT UTILITY;;;NO;18972;2019-11-15;2:26:53 AM;2019-11-15T07:26:53+00:00;;2019;No;Yes;11;;NONE;NONE;PASSENGER CAR,PASSENGER CAR;PASSENGER CAR,PASSENGER CAR,SPORT UTILITY;PASSENGER CAR,PASSENGER CAR,SPORT UTILITY;PASSENGER CAR,PASSENGER CAR,SPORT UTILITY
42600;.10 MILES FROM P.V.A (400 JAMES JACKSON);NO SPECIAL FEATURE;STRAIGHT,LEVEL;PUBLIC VEHICULAR AREA;TWO-WAY,NOT DIVIDED;COARSE ASPHALT;DRY;UNKNOWN;CLEAR;NO CONTROL PRESENT;;;-78.807;35.798;;;0;0;;;NONE;;NONE;;PICKUP;PICKUP;;;;NO;18975;2019-11-18;11:05 AM;2019-11-18T16:05:00+00:00;;2019;No;No;11;NONE;NONE,NONE;NONE,NONE;PICKUP,PICKUP;PICKUP,PICKUP;PICKUP,PICKUP;PICKUP,PICKUP
42602;0.48 MILES FROM US 1 SB;ON-RAMP ENTRY;STRAIGHT,LEVEL;US ROUTE;TWO-WAY,DIVIDED,POSITIVE MEDIAN BARRIER;GROOVED CONCRETE;DRY;DAYLIGHT;CLEAR;NO CONTROL PRESENT;;;-78.7528;35.7586;;;0;0;;;NONE;;NONE;;PASSENGER CAR;PASSENGER CAR;;;;NO;18977;2019-11-17;4:00:58 PM;2019-11-17T21:00:58+00:00;;2019;No;No;11;NONE;NONE,NONE;NONE,NONE;PASSENGER CAR,PASSENGER CAR;PASSENGER CAR,PASSENGER CAR;PASSENGER CAR,PASSENGER CAR;PASSENGER CAR,PASSENGER CAR
42603;300 FEET FROM SR 1616 (OLD APEX RD);RELATED TO INTERSECTION;STRAIGHT,LEVEL;STATE SECONDARY ROUTE;TWO-WAY,NOT DIVIDED;SMOOTH ASPHALT;DRY;DAYLIGHT;CLEAR;STOP AND GO SIGNAL;;;-78.8218;35.762;;;0;0;3;;NONE;;NONE;;PASSENGER CAR;PASSENGER CAR;PASSENGER CAR;;;NO;18978;2019-11-17;5:00:00 PM;2019-11-17T22:00:00+00:00;;2019;No;No;11;NONE;NONE,NONE;NONE,NONE;PASSENGER CAR,PASSENGER CAR;PASSENGER CAR,PASSENGER CAR,PASSENGER CAR;PASSENGER CAR,PASSENGER CAR,PASSENGER CAR;PASSENGER CAR,PASSENGER CAR,PASSENGER CAR
42609;50 FEET FROM SR 1300 (KILDAIRE FARM RD);RELATED TO INTERSECTION;STRAIGHT,LEVEL;STATE SECONDARY ROUTE;TWO-WAY,DIVIDED,UNPROTECTED MEDIAN;SMOOTH ASPHALT;DRY;DAYLIGHT;CLEAR;STOP AND GO SIGNAL;;;-78.7801;35.7393;;;0;0;4;;NONE;;NONE;;PASSENGER CAR;SPORT UTILITY;;;;NO;18984;2019-11-17;1:30:06 PM;2019-11-17T18:30:06+00:00;;2019;No;No;11;NONE;NONE,NONE;NONE,NONE;PASSENGER CAR,SPORT UTILITY;PASSENGER CAR,SPORT UTILITY;PASSENGER CAR,SPORT UTILITY;PASSENGER CAR,SPORT UTILITY
42613;0 FEET FROM SR 1650 (REEDY CREEK RD);RELATED TO INTERSECTION;STRAIGHT,LEVEL;STATE SECONDARY ROUTE;TWO-WAY,NOT DIVIDED;SMOOTH ASPHALT;DRY;DAYLIGHT;CLEAR;STOP SIGN;;;-78.7727;35.8124;;;0;0;;;NONE;;NONE;;PASSENGER CAR;SPORT UTILITY;;;;NO;18988;2019-11-18;9:15:02 AM;2019-11-18T14:15:02+00:00;;2019;No;No;11;NONE;NONE,NONE;NONE,NONE;PASSENGER CAR,SPORT UTILITY;PASSENGER CAR,SPORT UTILITY;PASSENGER CAR,SPORT UTILITY;PASSENGER CAR,SPORT UTILITY
42617;200 FEET FROM SR 3977 (SE CARY PKWY);NO SPECIAL FEATURE;STRAIGHT,LEVEL;STATE SECONDARY ROUTE;TWO-WAY,DIVIDED,UNPROTECTED MEDIAN;COARSE ASPHALT;WET;DARK - LIGHTED ROADWAY;RAIN;NO CONTROL PRESENT;;;-78.762945;35.744407;;;0;1;7;;NONE;;NONE;;VAN;PASSENGER CAR;;;;NO;18992;2019-11-18;11:52 PM;2019-11-19T04:52:00+00:00;;2019;No;Yes;11;NONE;NONE,NONE;NONE,NONE;VAN,PASSENGER CAR;VAN,PASSENGER CAR;VAN,PASSENGER CAR;VAN,PASSENGER CAR
42620;CARY;NO SPECIAL FEATURE;STRAIGHT,LEVEL;STATE SECONDARY ROUTE;TWO-WAY,DIVIDED,POSITIVE MEDIAN BARRIER;SMOOTH ASPHALT;DRY;DARK - LIGHTED ROADWAY;CLEAR;STOP AND GO SIGNAL;;;-78.9003;35.82918;;;0;1;;;NOT VISIBLE (DARK CLOTHING, ETC.);;NONE;;PASSENGER CAR;;;;;NO;18995;2019-11-17;12:04 AM;2019-11-17T05:04:00+00:00;;2019;No;Yes;11;NOT VISIBLE (DARK CLOTHING, ETC.);NOT VISIBLE (DARK CLOTHING, ETC.),NONE;NOT VISIBLE (DARK CLOTHING,ETC.),NONE;PASSENGER CAR;PASSENGER CAR;PASSENGER CAR;PASSENGER CAR
42629;260 FEET FROM P.V.A.(1105 HARRISON AV);NO SPECIAL FEATURE;STRAIGHT,LEVEL;PUBLIC VEHICULAR AREA;TWO-WAY,NOT DIVIDED;SMOOTH ASPHALT;DRY;DARK - LIGHTED ROADWAY;CLEAR;NO CONTROL PRESENT;;;-78.7836;35.8057;;;0;0;;;NONE;;NONE;;PASSENGER CAR;UNKNOWN;;;;NO;19004;2019-11-19;7:47:51 PM;2019-11-20T00:47:51+00:00;;2019;No;No;11;NONE;NONE,NONE;NONE,NONE;PASSENGER CAR,UNKNOWN;PASSENGER CAR,UNKNOWN;PASSENGER CAR,UNKNOWN;PASSENGER CAR,UNKNOWN
42646;50 FEET FROM SR 1615  (HIGH HOUSE RD);NO SPECIAL FEATURE;STRAIGHT,GRADE;STATE SECONDARY ROUTE;TWO-WAY,DIVIDED,UNPROTECTED MEDIAN;SMOOTH ASPHALT;DRY;DARK - LIGHTED ROADWAY;CLEAR;NO CONTROL PRESENT;;;-78.80959;35.78345;;;0;0;;;DARTING;NONE;NONE;;PASSENGER CAR;;;;;NO;19021;2019-11-19;7:59:35 PM;2019-11-20T00:59:35+00:00;;2019;No;No;11;DARTING,NONE;DARTING,NONE,NONE;DARTING,NONE,NONE;PASSENGER CAR;PASSENGER CAR;PASSENGER CAR;PASSENGER CAR
42658;428 FEET FROM 2472 WALNUT ST (PVA);FOUR-WAY INTERSECTION;STRAIGHT,LEVEL;PUBLIC VEHICULAR AREA;TWO-WAY,NOT DIVIDED;SMOOTH ASPHALT;DRY;DAYLIGHT;CLEAR;STOP SIGN;35.78251325;-78.77849726;-78.7428;35.753;P125;120;0;0;1;;NONE;;NONE;;PASSENGER CAR;PASSENGER CAR;;;;NO;19033;2019-11-20;11:37 AM;2019-11-20T16:37:00+00:00;35.78251325, -78.77849726;2019;No;No;11;NONE;NONE,NONE;NONE,NONE;PASSENGER CAR,PASSENGER CAR;PASSENGER CAR,PASSENGER CAR;PASSENGER CAR,PASSENGER CAR;PASSENGER CAR,PASSENGER CAR