tamainid;location_description;rdfeature;rdcharacter;rdclass;rdconfigur;rdsurface;rdcondition;lightcond;weather;trafcontrl;lat;lon;lon2;lat2;tract;zone;fatality;possblinj;numpassengers;numpedestrians;contrcir1_desc;contrcir2_desc;contrcir3_desc;contrcir4_desc;vehicle1;vehicle2;vehicle3;vehicle4;vehicle5;workarea;records;ta_date;ta_time;crash_date;geo_location;year;fatalities;injuries;month;contrfact1;contrfact2;contributing_factor;vehicleconcat1;vehicleconcat2;vehicleconcat3;vehicle_type
42661;.1 MILES FROM PVA OF 1700 SR 4067 (REGENCY P;DRIVEWAY, PUBLIC;STRAIGHT,GRADE;PUBLIC VEHICULAR AREA;;COARSE ASPHALT;DRY;DARK - LIGHTED ROADWAY;CLEAR;NO CONTROL PRESENT;;;-78.787556;35.732923;;;0;0;;;NONE;;NONE;;PASSENGER CAR;PICKUP;;;;NO;19036;2019-11-21;6:23:36 PM;2019-11-21T23:23:36+00:00;;2019;No;No;11;NONE;NONE,NONE;NONE,NONE;PASSENGER CAR,PICKUP;PASSENGER CAR,PICKUP;PASSENGER CAR,PICKUP;PASSENGER CAR,PICKUP
42674;183 FEET FROM TAPESTRY TER;NO SPECIAL FEATURE;STRAIGHT,LEVEL;LOCAL STREET;TWO-WAY,NOT DIVIDED;SMOOTH ASPHALT;DRY;DARK - LIGHTED ROADWAY;CLEAR;NO CONTROL PRESENT;;;-78.803684;35.760587;;;0;0;;;NONE;;NONE;;PICKUP;PASSENGER CAR;;;;NO;19049;2019-11-21;5:50:52 PM;2019-11-21T22:50:52+00:00;;2019;No;No;11;NONE;NONE,NONE;NONE,NONE;PICKUP,PASSENGER CAR;PICKUP,PASSENGER CAR;PICKUP,PASSENGER CAR;PICKUP,PASSENGER CAR
42676;100 FEET FROM PVA (2000 TEACHING DR);NO SPECIAL FEATURE;STRAIGHT,GRADE;PUBLIC VEHICULAR AREA;ONE-WAY,NOT DIVIDED;SMOOTH ASPHALT;DRY;DAYLIGHT;CLEAR;NO CONTROL PRESENT;;;-78.8979;35.84823;;;0;0;;;NONE;;NONE;;PASSENGER CAR;;;;;NO;19051;2019-10-25;9:10:22 AM;2019-10-25T13:10:22+00:00;;2019;No;No;10;NONE;NONE,NONE;NONE,NONE;PASSENGER CAR;PASSENGER CAR;PASSENGER CAR;PASSENGER CAR
42679;5 FEET FROM SR 1002 (AVIATION PKWY);;;;;;;;;;;;;;;;0;0;;;;;;;;;;;;;19054;2019-11-13;5:03:23 PM;2019-11-13T22:03:23+00:00;;2019;No;No;11;;;;;;;
42681;0 MILES FROM JAMES JACKSON AV;T-INTERSECTION;STRAIGHT,LEVEL;LOCAL STREET;TWO-WAY,DIVIDED,UNPROTECTED MEDIAN;SMOOTH ASPHALT;DRY;DARK - LIGHTED ROADWAY;CLEAR;STOP SIGN;;;-78.8089;35.7971;;114;0;1;;;;;NONE;;PASSENGER CAR;PICKUP;;;;NO;19056;2019-11-21;5:06:12 PM;2019-11-21T22:06:12+00:00;;2019;No;Yes;11;;NONE;NONE;PASSENGER CAR,PICKUP;PASSENGER CAR,PICKUP;PASSENGER CAR,PICKUP;PASSENGER CAR,PICKUP
42684;30 FEET FROM SR 1613 (DAVIS DR);NO SPECIAL FEATURE;STRAIGHT,BOTTOM (SAG);STATE SECONDARY ROUTE;TWO-WAY,DIVIDED,UNPROTECTED MEDIAN;SMOOTH ASPHALT;DRY;DARK - LIGHTED ROADWAY;CLEAR;NO CONTROL PRESENT;;;-78.8472;35.7865;;117;0;0;;;NONE;;NONE;;PICKUP;;;;;NO;19059;2019-11-24;7:21:37 PM;2019-11-25T00:21:37+00:00;;2019;No;No;11;NONE;NONE,NONE;NONE,NONE;PICKUP;PICKUP;PICKUP;PICKUP
42685;10 FEET FROM P.V.A (802 E CHATHAM ST);DRIVEWAY, PUBLIC;STRAIGHT,LEVEL;PUBLIC VEHICULAR AREA;ONE-WAY,NOT DIVIDED;COARSE ASPHALT;DRY;DAYLIGHT;CLOUDY;NO CONTROL PRESENT;;;-78.7836;35.7915;;;0;0;;;NONE;;NONE;;PASSENGER CAR;PASSENGER CAR;;;;NO;19060;2019-11-16;4:14:36 PM;2019-11-16T21:14:36+00:00;;2019;No;No;11;NONE;NONE,NONE;NONE,NONE;PASSENGER CAR,PASSENGER CAR;PASSENGER CAR,PASSENGER CAR;PASSENGER CAR,PASSENGER CAR;PASSENGER CAR,PASSENGER CAR
42687;.26 MILES FROM S.R.1009 (TRYON RD);RELATED TO INTERSECTION;STRAIGHT,LEVEL;STATE SECONDARY ROUTE;TWO-WAY,DIVIDED,UNPROTECTED MEDIAN;SMOOTH ASPHALT;DRY;DAYLIGHT;CLEAR;STOP AND GO SIGNAL;;;-78.7779;35.7401;;;0;0;1;;NONE;;NONE;;SPORT UTILITY;PASSENGER CAR;;;;NO;19062;2019-11-22;3:36:08 PM;2019-11-22T20:36:08+00:00;;2019;No;No;11;NONE;NONE,NONE;NONE,NONE;SPORT UTILITY,PASSENGER CAR;SPORT UTILITY,PASSENGER CAR;SPORT UTILITY,PASSENGER CAR;SPORT UTILITY,PASSENGER CAR
42690;90 FEET FROM 235 BAINES CT;NO SPECIAL FEATURE;STRAIGHT,LEVEL;LOCAL STREET;TWO-WAY,NOT DIVIDED;SMOOTH ASPHALT;DRY;DUSK;CLEAR;NO CONTROL PRESENT;35.755022189;-78.78104811;-78.780724;35.75557;P005;115;0;0;;;NONE;;NONE;;PASSENGER CAR;PASSENGER CAR;;;;NO;19065;2019-11-20;5:26:56 PM;2019-11-20T22:26:56+00:00;35.755022189, -78.78104811;2019;No;No;11;NONE;NONE,NONE;NONE,NONE;PASSENGER CAR,PASSENGER CAR;PASSENGER CAR,PASSENGER CAR;PASSENGER CAR,PASSENGER CAR;PASSENGER CAR,PASSENGER CAR
42691;.5 MILES FROM SR 1617 (CARPENTER UPCHURCH RD;OTHER *;CURVE,LEVEL;STATE SECONDARY ROUTE;TWO-WAY,DIVIDED,UNPROTECTED MEDIAN;COARSE ASPHALT;DRY;DARK - LIGHTED ROADWAY;CLEAR;YIELD SIGN;;;-78.869;35.802;;;0;0;1;;NONE;;NONE;;PASSENGER CAR;;;;;NO;19066;2019-11-21;8:14:29 PM;2019-11-22T01:14:29+00:00;;2019;No;No;11;NONE;NONE,NONE;NONE,NONE;PASSENGER CAR;PASSENGER CAR;PASSENGER CAR;PASSENGER CAR
42692;.11 MILES FROM I 40 EB;NO SPECIAL FEATURE;STRAIGHT,LEVEL;INTERSTATE;TWO-WAY,DIVIDED,POSITIVE MEDIAN BARRIER;SMOOTH ASPHALT;DRY;DARK - LIGHTED ROADWAY;CLEAR;NO CONTROL PRESENT;;;-78.7622;35.8305;;;0;0;;;NONE;;NONE;;PASSENGER CAR;PASSENGER CAR;;;;NO;19067;2019-11-21;5:40:08 PM;2019-11-21T22:40:08+00:00;;2019;No;No;11;NONE;NONE,NONE;NONE,NONE;PASSENGER CAR,PASSENGER CAR;PASSENGER CAR,PASSENGER CAR;PASSENGER CAR,PASSENGER CAR;PASSENGER CAR,PASSENGER CAR
42700;.1 MILES FROM SR 1349 (DILLARD DR);NO SPECIAL FEATURE;STRAIGHT,LEVEL;STATE SECONDARY ROUTE;TWO-WAY,NOT DIVIDED;SMOOTH ASPHALT;DRY;DARK - LIGHTED ROADWAY;CLEAR;NO CONTROL PRESENT;;;-78.7337;35.7544;;;0;1;1;;NONE;;NONE;;PASSENGER CAR;PASSENGER CAR;;;;NO;19075;2019-11-22;5:26:29 PM;2019-11-22T22:26:29+00:00;;2019;No;Yes;11;NONE;NONE,NONE;NONE,NONE;PASSENGER CAR,PASSENGER CAR;PASSENGER CAR,PASSENGER CAR;PASSENGER CAR,PASSENGER CAR;PASSENGER CAR,PASSENGER CAR
42701;450 FEET FROM ROCKCASTLE DR;DRIVEWAY, PRIVATE;STRAIGHT,LEVEL;LOCAL STREET;TWO-WAY,NOT DIVIDED;SMOOTH ASPHALT;DRY;DAYLIGHT;CLEAR;NO CONTROL PRESENT;35.800685843;-78.88945567;-78.888751;35.801881;P072;122;0;0;;;NONE;;NONE;;PASSENGER CAR;SPORT UTILITY;;;;NO;19076;2019-11-12;5:45:38 PM;2019-11-12T22:45:38+00:00;35.800685843, -78.88945567;2019;No;No;11;NONE;NONE,NONE;NONE,NONE;PASSENGER CAR,SPORT UTILITY;PASSENGER CAR,SPORT UTILITY;PASSENGER CAR,SPORT UTILITY;PASSENGER CAR,SPORT UTILITY
42702;222 FEET FROM TERRESTONE PL;NO SPECIAL FEATURE;STRAIGHT,LEVEL;PUBLIC VEHICULAR AREA;TWO-WAY,NOT DIVIDED;SMOOTH ASPHALT;WET;DAYLIGHT;RAIN;NO CONTROL PRESENT;35.78925282;-78.85492276;-78.855542;35.788757;P018;117;0;0;;;NONE;;NONE;;PASSENGER CAR;VAN;;;;NO;19077;2019-11-23;2:18:44 PM;2019-11-23T19:18:44+00:00;35.78925282, -78.85492276;2019;No;No;11;NONE;NONE,NONE;NONE,NONE;PASSENGER CAR,VAN;PASSENGER CAR,VAN;PASSENGER CAR,VAN;PASSENGER CAR,VAN
42703;.21 MILES FROM SR 1300 (KILDAIRE FARM RD);FOUR-WAY INTERSECTION;STRAIGHT,LEVEL;STATE SECONDARY ROUTE;TWO-WAY,NOT DIVIDED;COARSE ASPHALT;WET;DARK - LIGHTED ROADWAY;RAIN;STOP AND GO SIGNAL;;;-78.7938;35.7026;;;0;0;;;NONE;;NONE;;PASSENGER CAR;PASSENGER CAR;;;;NO;19078;2019-11-23;9:50:25 PM;2019-11-24T02:50:25+00:00;;2019;No;No;11;NONE;NONE,NONE;NONE,NONE;PASSENGER CAR,PASSENGER CAR;PASSENGER CAR,PASSENGER CAR;PASSENGER CAR,PASSENGER CAR;PASSENGER CAR,PASSENGER CAR
42704;10 FEET FROM SR3977 (SWCARY PKWY);RELATED TO INTERSECTION;STRAIGHT,LEVEL;STATE SECONDARY ROUTE;TWO-WAY,DIVIDED,UNPROTECTED MEDIAN;SMOOTH ASPHALT;WET;DAYLIGHT;RAIN;STOP AND GO SIGNAL;;;-78.793;35.757;;;0;1;;;NONE;;NONE;;SPORT UTILITY;SPORT UTILITY;;;;NO;19079;2019-11-23;2:05:31 PM;2019-11-23T19:05:31+00:00;;2019;No;Yes;11;NONE;NONE,NONE;NONE,NONE;SPORT UTILITY,SPORT UTILITY;SPORT UTILITY,SPORT UTILITY;SPORT UTILITY,SPORT UTILITY;SPORT UTILITY,SPORT UTILITY
42707;20 FEET FROM US 1 HWY;NO SPECIAL FEATURE;STRAIGHT,LEVEL;US ROUTE;TWO-WAY,DIVIDED,POSITIVE MEDIAN BARRIER;SMOOTH ASPHALT;WET;DAYLIGHT;RAIN;NO CONTROL PRESENT;;;-78.736052;35.766137;;;0;0;1;;NONE;;NONE;;PASSENGER CAR;;;;;NO;19082;2019-11-23;5:28:00 AM;2019-11-23T10:28:00+00:00;;2019;No;No;11;NONE;NONE,NONE;NONE,NONE;PASSENGER CAR;PASSENGER CAR;PASSENGER CAR;PASSENGER CAR
42709;150 FEET FROM SR 1315 (BUCK JONES RD);NON-INTERSECTION MEDIAN CROSSING;STRAIGHT,LEVEL;STATE SECONDARY ROUTE;TWO-WAY,NOT DIVIDED;COARSE ASPHALT;DRY;DAYLIGHT;CLEAR;NO CONTROL PRESENT;;;-78.744216;35.764085;;;0;0;2;;NONE;;NONE;;PASSENGER CAR;PICKUP;;;;NO;19084;2019-11-24;5:23:58 PM;2019-11-24T22:23:58+00:00;;2019;No;No;11;NONE;NONE,NONE;NONE,NONE;PASSENGER CAR,PICKUP;PASSENGER CAR,PICKUP;PASSENGER CAR,PICKUP;PASSENGER CAR,PICKUP
42728;0 FEET FROM S.R. 1625 (GREEN LEVEL CHURCH);;;;;;;;;;;;;;;;0;0;;;;;;;;;;;;;19103;2019-11-17;2:06:31 PM;2019-11-17T19:06:31+00:00;;2019;No;No;11;;;;;;;
42734;50 FEET FROM SR 1616 (OLD APEX RD);RELATED TO INTERSECTION;STRAIGHT,LEVEL;STATE SECONDARY ROUTE;TWO-WAY,DIVIDED,UNPROTECTED MEDIAN;SMOOTH ASPHALT;DRY;DUSK;CLEAR;STOP AND GO SIGNAL;;;-78.828;35.76;;;0;0;;;NONE;;NONE;;SPORT UTILITY;PASSENGER CAR;;;;NO;19109;2019-11-25;5:24:56 PM;2019-11-25T22:24:56+00:00;;2019;No;No;11;NONE;NONE,NONE;NONE,NONE;SPORT UTILITY,PASSENGER CAR;SPORT UTILITY,PASSENGER CAR;SPORT UTILITY,PASSENGER CAR;SPORT UTILITY,PASSENGER CAR
42744;0 FEET FROM NC 54 (CHAPEL HILL RD);FOUR-WAY INTERSECTION;STRAIGHT,LEVEL;US ROUTE;TWO-WAY,DIVIDED,UNPROTECTED MEDIAN;SMOOTH ASPHALT;DRY;DARK - LIGHTED ROADWAY;CLEAR;STOP AND GO SIGNAL;;;-78.7508;35.7947;;113;0;1;;;FAILURE TO OBEY TRAFFIC SIGNS, SIGNALS;;NONE;;;PASSENGER CAR;;;;NO;19119;2019-11-21;9:56:04 PM;2019-11-22T02:56:04+00:00;;2019;No;Yes;11;FAILURE TO OBEY TRAFFIC SIGNS, SIGNALS;FAILURE TO OBEY TRAFFIC SIGNS, SIGNALS,NONE;FAILURE TO OBEY TRAFFIC SIGNS,SIGNALS,NONE;PASSENGER CAR;PASSENGER CAR;PASSENGER CAR;PASSENGER CAR
42745;.05 MILES FROM SR 1616 (OLD APEX RD);RELATED TO INTERSECTION;STRAIGHT,LEVEL;STATE SECONDARY ROUTE;TWO-WAY,DIVIDED,UNPROTECTED MEDIAN;SMOOTH ASPHALT;DRY;DAYLIGHT;CLEAR;STOP AND GO SIGNAL;;;-78.80734;35.77168;;;0;0;2;;NONE;;NONE;;SPORT UTILITY;SPORT UTILITY;;;;NO;19120;2019-11-22;11:27 PM;2019-11-23T04:27:00+00:00;;2019;No;No;11;NONE;NONE,NONE;NONE,NONE;SPORT UTILITY,SPORT UTILITY;SPORT UTILITY,SPORT UTILITY;SPORT UTILITY,SPORT UTILITY;SPORT UTILITY,SPORT UTILITY
42750;10 FEET FROM SR 1615 (HIGH HOUSE RD);RELATED TO INTERSECTION;STRAIGHT,LEVEL;STATE SECONDARY ROUTE;TWO-WAY,DIVIDED,POSITIVE MEDIAN BARRIER;COARSE ASPHALT;DRY;DARK - LIGHTED ROADWAY;CLEAR;STOP AND GO SIGNAL;;;-78.82885;35.788877;;121;0;1;1;;NONE;;NONE;;PASSENGER CAR;PASSENGER CAR;;;;NO;19125;2019-11-26;7:00:03 PM;2019-11-27T00:00:03+00:00;;2019;No;Yes;11;NONE;NONE,NONE;NONE,NONE;PASSENGER CAR,PASSENGER CAR;PASSENGER CAR,PASSENGER CAR;PASSENGER CAR,PASSENGER CAR;PASSENGER CAR,PASSENGER CAR
42751;100 FEET FROM SR1600 (GREEN LEVEL CHURCH RD);NO SPECIAL FEATURE;STRAIGHT,LEVEL;STATE SECONDARY ROUTE;TWO-WAY,NOT DIVIDED;SMOOTH ASPHALT;DRY;DARK - LIGHTED ROADWAY;CLEAR;NO CONTROL PRESENT;35.885569641;-78.99451589;-78.903659;35.784935;;;0;0;1;;NONE;;NONE;;SPORT UTILITY;;;;;NO;19126;2019-11-26;6:37:39 PM;2019-11-26T23:37:39+00:00;35.885569641, -78.99451589;2019;No;No;11;NONE;NONE,NONE;NONE,NONE;SPORT UTILITY;SPORT UTILITY;SPORT UTILITY;SPORT UTILITY
42752;472 FEET FROM SR 1415 (SW MAYNARD RD);NO SPECIAL FEATURE;CURVE,GRADE;STATE SECONDARY ROUTE;TWO-WAY,NOT DIVIDED;SMOOTH ASPHALT;DRY;DARK - LIGHTED ROADWAY;CLEAR;NO CONTROL PRESENT;35.791847633;-79.0823557;-78.788749;35.771515;;115;0;0;2;;NONE;;NONE;;PASSENGER CAR;VAN;;;;NO;19127;2019-11-26;9:08:44 PM;2019-11-27T02:08:44+00:00;35.791847633, -79.0823557;2019;No;No;11;NONE;NONE,NONE;NONE,NONE;PASSENGER CAR,VAN;PASSENGER CAR,VAN;PASSENGER CAR,VAN;PASSENGER CAR,VAN
42755;0 FEET FROM SR 3014 (MORRISVILLE CARPENTER;FOUR-WAY INTERSECTION;STRAIGHT,LEVEL;STATE SECONDARY ROUTE;TWO-WAY,NOT DIVIDED;SMOOTH ASPHALT;WET;DAYLIGHT;RAIN;STOP SIGN;;;-78.8615;35.824;;121;0;0;;;NONE;;NONE;;PASSENGER CAR;PASSENGER CAR;PASSENGER CAR;;;CONSTRUCTION WORK AREA;19130;2019-11-27;9:59:43 AM;2019-11-27T14:59:43+00:00;;2019;No;No;11;NONE;NONE,NONE;NONE,NONE;PASSENGER CAR,PASSENGER CAR;PASSENGER CAR,PASSENGER CAR,PASSENGER CAR;PASSENGER CAR,PASSENGER CAR,PASSENGER CAR;PASSENGER CAR,PASSENGER CAR,PASSENGER CAR
42759;200 FEET FROM DRY AVE.;NO SPECIAL FEATURE;STRAIGHT,LEVEL;LOCAL STREET;TWO-WAY,NOT DIVIDED;SMOOTH ASPHALT;DRY;DAYLIGHT;CLEAR;NO CONTROL PRESENT;35.783045226;-78.78193188;-78.783;35.7831;P035;114;0;0;2;;NONE;;NONE;;SPORT UTILITY;PICKUP;;;;NO;19134;2019-11-27;1:35:36 PM;2019-11-27T18:35:36+00:00;35.783045226, -78.78193188;2019;No;No;11;NONE;NONE,NONE;NONE,NONE;SPORT UTILITY,PICKUP;SPORT UTILITY,PICKUP;SPORT UTILITY,PICKUP;SPORT UTILITY,PICKUP
42760;330 FEET FROM P.V.A. 416 CROSSROADS BLVD;NO SPECIAL FEATURE;STRAIGHT,LEVEL;PUBLIC VEHICULAR AREA;TWO-WAY,NOT DIVIDED;COARSE ASPHALT;WET;DUSK;CLOUDY;NO CONTROL PRESENT;35.595748997;-78.78834506;-78.737;35.7594;P119;RALW;0;0;;;NONE;;NONE;;PASSENGER CAR;UNKNOWN;;;;NO;19135;2019-11-27;5:02:55 PM;2019-11-27T22:02:55+00:00;35.595748997, -78.78834506;2019;No;No;11;NONE;NONE,NONE;NONE,NONE;PASSENGER CAR,UNKNOWN;PASSENGER CAR,UNKNOWN;PASSENGER CAR,UNKNOWN;PASSENGER CAR,UNKNOWN
42761;318 FEET FROM KNIGHT AVE;NO SPECIAL FEATURE;STRAIGHT,GRADE;LOCAL STREET;TWO-WAY,NOT DIVIDED;SMOOTH ASPHALT;DRY;DARK - LIGHTED ROADWAY;CLEAR;NO CONTROL PRESENT;35.783443263;-78.79056389;-78.79051;35.78265;P036;114;0;0;;;NONE;;NONE;;PASSENGER CAR;;;;;NO;19136;2019-11-26;6:09:18 PM;2019-11-26T23:09:18+00:00;35.783443263, -78.79056389;2019;No;No;11;NONE;NONE,NONE;NONE,NONE;PASSENGER CAR;PASSENGER CAR;PASSENGER CAR;PASSENGER CAR
42766;.1 MILES FROM PVA OF 1105 WALNUT ST;NO SPECIAL FEATURE;STRAIGHT,LEVEL;PUBLIC VEHICULAR AREA;TWO-WAY,NOT DIVIDED;SMOOTH ASPHALT;DRY;DARK - ROADWAY NOT LIGHTED;CLEAR;NO CONTROL PRESENT;;;-78.76071;35.77435;;120;0;0;;;;;NONE;;PASSENGER CAR;SPORT UTILITY;;;;NO;19141;2019-11-29;10:21 PM;2019-11-30T03:21:00+00:00;;2019;No;No;11;;NONE;NONE;PASSENGER CAR,SPORT UTILITY;PASSENGER CAR,SPORT UTILITY;PASSENGER CAR,SPORT UTILITY;PASSENGER CAR,SPORT UTILITY
42768;.25 MILES FROM WARREN AVE;NO SPECIAL FEATURE;STRAIGHT,LEVEL;LOCAL STREET;TWO-WAY,NOT DIVIDED;SMOOTH ASPHALT;DRY;DARK - ROADWAY NOT LIGHTED;CLEAR;NO CONTROL PRESENT;;;-78.775932;35.770925;;;0;0;;;NONE;;NONE;;PASSENGER CAR;PASSENGER CAR;;;;NO;19143;2019-11-28;8:05:19 PM;2019-11-29T01:05:19+00:00;;2019;No;No;11;NONE;NONE,NONE;NONE,NONE;PASSENGER CAR,PASSENGER CAR;PASSENGER CAR,PASSENGER CAR;PASSENGER CAR,PASSENGER CAR;PASSENGER CAR,PASSENGER CAR
42795;60 FEET FROM MIDDLETON AVE;NO SPECIAL FEATURE;STRAIGHT,LEVEL;LOCAL STREET;TWO-WAY,NOT DIVIDED;COARSE ASPHALT;DRY;DAYLIGHT;CLEAR;NO CONTROL PRESENT;35.79037688;-78.78628127;-78.7866;35.7905;P026;114;0;0;;;NONE;;NONE;;PASSENGER CAR;PICKUP;;;;NO;19170;2019-11-29;11:13 AM;2019-11-29T16:13:00+00:00;35.79037688, -78.78628127;2019;No;No;11;NONE;NONE,NONE;NONE,NONE;PASSENGER CAR,PICKUP;PASSENGER CAR,PICKUP;PASSENGER CAR,PICKUP;PASSENGER CAR,PICKUP
42797;444 FEET FROM SR1747 (NW MAYNARD RD);NO SPECIAL FEATURE;STRAIGHT,LEVEL;STATE SECONDARY ROUTE;TWO-WAY,DIVIDED,UNPROTECTED MEDIAN;SMOOTH ASPHALT;DRY;DARK - LIGHTED ROADWAY;CLEAR;NO CONTROL PRESENT;;;-78.78508;35.802349;;;0;0;;;NONE;;NONE;;VAN;PICKUP;;;;NO;19172;2019-11-29;8:17:43 PM;2019-11-30T01:17:43+00:00;;2019;No;No;11;NONE;NONE,NONE;NONE,NONE;VAN,PICKUP;VAN,PICKUP;VAN,PICKUP;VAN,PICKUP
42798;200 FEET FROM US 64 HWY;NO SPECIAL FEATURE;STRAIGHT,LEVEL;US ROUTE;TWO-WAY,DIVIDED,UNPROTECTED MEDIAN;SMOOTH ASPHALT;WET;DAYLIGHT;RAIN;NO CONTROL PRESENT;;;-78.7937;35.7375;;;0;0;;;NONE;;NONE;;PASSENGER CAR;SPORT UTILITY;;;;NO;19173;2019-11-27;11:02 AM;2019-11-27T16:02:00+00:00;;2019;No;No;11;NONE;NONE,NONE;NONE,NONE;PASSENGER CAR,SPORT UTILITY;PASSENGER CAR,SPORT UTILITY;PASSENGER CAR,SPORT UTILITY;PASSENGER CAR,SPORT UTILITY
42803;90 FEET FROM SR 1652 (N HARRISON AV);NO SPECIAL FEATURE;STRAIGHT,LEVEL;STATE SECONDARY ROUTE;TWO-WAY,NOT DIVIDED;SMOOTH ASPHALT;DRY;DAYLIGHT;CLEAR;NO CONTROL PRESENT;;;-78.78305;35.803137;;113;0;0;1;;NONE;;NONE;;PASSENGER CAR;SPORT UTILITY;;;;NO;19178;2019-11-26;4:27:24 PM;2019-11-26T21:27:24+00:00;;2019;No;No;11;NONE;NONE,NONE;NONE,NONE;PASSENGER CAR,SPORT UTILITY;PASSENGER CAR,SPORT UTILITY;PASSENGER CAR,SPORT UTILITY;PASSENGER CAR,SPORT UTILITY
42805;260 FEET FROM PVA (1393 KILDAIRE FARM RD);NO SPECIAL FEATURE;STRAIGHT,LEVEL;PUBLIC VEHICULAR AREA;TWO-WAY,NOT DIVIDED;SMOOTH ASPHALT;DRY;DAYLIGHT;CLOUDY;NO CONTROL PRESENT;;;-78.78233;35.758751;;;0;0;;;NONE;;NONE;;PASSENGER CAR;PASSENGER CAR;;;;NO;19180;2019-11-27;2:48:07 PM;2019-11-27T19:48:07+00:00;;2019;No;No;11;NONE;NONE,NONE;NONE,NONE;PASSENGER CAR,PASSENGER CAR;PASSENGER CAR,PASSENGER CAR;PASSENGER CAR,PASSENGER CAR;PASSENGER CAR,PASSENGER CAR
42815;0 FEET FROM SR 1497 (CARY TOWNE BLVD);FOUR-WAY INTERSECTION;STRAIGHT,LEVEL;STATE SECONDARY ROUTE;TWO-WAY,DIVIDED,UNPROTECTED MEDIAN;SMOOTH ASPHALT;DRY;DAYLIGHT;CLEAR;STOP AND GO SIGNAL;;;-78.7637;35.7757;;;0;3;5;;NONE;;NONE;;SPORT UTILITY;VAN;;;;NO;19190;2019-11-29;11:41 AM;2019-11-29T16:41:00+00:00;;2019;No;Yes;11;NONE;NONE,NONE;NONE,NONE;SPORT UTILITY,VAN;SPORT UTILITY,VAN;SPORT UTILITY,VAN;SPORT UTILITY,VAN
42820;CARY;FOUR-WAY INTERSECTION;STRAIGHT,LEVEL;LOCAL STREET;TWO-WAY,NOT DIVIDED;SMOOTH ASPHALT;WET;DARK - LIGHTED ROADWAY;RAIN;STOP SIGN;;;-78.9129;35.8441;;;0;1;1;;NONE;;NONE;;SPORT UTILITY;SPORT UTILITY;;;;NO;19195;2019-11-30;3:21:25 AM;2019-11-30T08:21:25+00:00;;2019;No;Yes;11;NONE;NONE,NONE;NONE,NONE;SPORT UTILITY,SPORT UTILITY;SPORT UTILITY,SPORT UTILITY;SPORT UTILITY,SPORT UTILITY;SPORT UTILITY,SPORT UTILITY
42822;100 FEET FROM SR 3112 (NW CARY PKWY);NO SPECIAL FEATURE;STRAIGHT,LEVEL;STATE SECONDARY ROUTE;TWO-WAY,NOT DIVIDED;COARSE ASPHALT;DRY;DARK - ROADWAY NOT LIGHTED;CLEAR;NO CONTROL PRESENT;;;-78.79;35.8186;;;0;0;;;NONE;;NONE;;PASSENGER CAR;PASSENGER CAR;;;;NO;19197;2019-11-25;4:07:49 AM;2019-11-25T09:07:49+00:00;;2019;No;No;11;NONE;NONE,NONE;NONE,NONE;PASSENGER CAR,PASSENGER CAR;PASSENGER CAR,PASSENGER CAR;PASSENGER CAR,PASSENGER CAR;PASSENGER CAR,PASSENGER CAR
42828;20 FEET FROM P.V.A (429 CROSSROADS BLVD);NO SPECIAL FEATURE;STRAIGHT,LEVEL;PUBLIC VEHICULAR AREA;TWO-WAY,NOT DIVIDED;COARSE ASPHALT;DRY;DAYLIGHT;CLEAR;NO CONTROL PRESENT;;;-78.73596;35.760599;;;0;0;1;;NONE;;NONE;;PICKUP;PICKUP;;;;NO;19203;2019-12-02;1:33:25 PM;2019-12-02T18:33:25+00:00;;2019;No;No;12;NONE;NONE,NONE;NONE,NONE;PICKUP,PICKUP;PICKUP,PICKUP;PICKUP,PICKUP;PICKUP,PICKUP
42832;.751 MILES FROM US 1;NO SPECIAL FEATURE;STRAIGHT,LEVEL;US ROUTE;TWO-WAY,DIVIDED,POSITIVE MEDIAN BARRIER;CONCRETE;DRY;DAYLIGHT;CLEAR;NO CONTROL PRESENT;;;-78.756514;35.75634;;;0;0;;;NONE;;NONE;;SPORT UTILITY;SPORT UTILITY;SPORT UTILITY;;;NO;19207;2019-12-02;8:49:36 AM;2019-12-02T13:49:36+00:00;;2019;No;No;12;NONE;NONE,NONE;NONE,NONE;SPORT UTILITY,SPORT UTILITY;SPORT UTILITY,SPORT UTILITY,SPORT UTILITY;SPORT UTILITY,SPORT UTILITY,SPORT UTILITY;SPORT UTILITY,SPORT UTILITY,SPORT UTILITY
42841;.12 MILES FROM P.V.A. (440 CROSSROADS BLVD);NO SPECIAL FEATURE;STRAIGHT,LEVEL;PUBLIC VEHICULAR AREA;TWO-WAY,NOT DIVIDED;SMOOTH ASPHALT;DRY;DAYLIGHT;CLEAR;NO CONTROL PRESENT;;;-78.736;35.76;;118;0;0;;;NONE;;NONE;;;PASSENGER CAR;;;;NO;19216;2019-12-02;3:58:12 PM;2019-12-02T20:58:12+00:00;;2019;No;No;12;NONE;NONE,NONE;NONE,NONE;PASSENGER CAR;PASSENGER CAR;PASSENGER CAR;PASSENGER CAR