tamainid;location_description;rdfeature;rdcharacter;rdclass;rdconfigur;rdsurface;rdcondition;lightcond;weather;trafcontrl;lat;lon;lon2;lat2;tract;zone;fatality;possblinj;numpassengers;numpedestrians;contrcir1_desc;contrcir2_desc;contrcir3_desc;contrcir4_desc;vehicle1;vehicle2;vehicle3;vehicle4;vehicle5;workarea;records;ta_date;ta_time;crash_date;geo_location;year;fatalities;injuries;month;contrfact1;contrfact2;contributing_factor;vehicleconcat1;vehicleconcat2;vehicleconcat3;vehicle_type
42843;270 FEET FROM PVA OF 2010 SR 1300 (KILDAIRE;DRIVEWAY, PUBLIC;STRAIGHT,GRADE;PUBLIC VEHICULAR AREA;TWO-WAY,NOT DIVIDED;COARSE ASPHALT;DRY;DAYLIGHT;CLEAR;NO CONTROL PRESENT;;;-78.781176;35.738012;;;0;0;;;NONE;;NONE;;PASSENGER CAR;PASSENGER CAR;;;;NO;19218;2019-12-03;10:39 AM;2019-12-03T15:39:00+00:00;;2019;No;No;12;NONE;NONE,NONE;NONE,NONE;PASSENGER CAR,PASSENGER CAR;PASSENGER CAR,PASSENGER CAR;PASSENGER CAR,PASSENGER CAR;PASSENGER CAR,PASSENGER CAR
42845;CARY;RELATED TO INTERSECTION;STRAIGHT,LEVEL;STATE SECONDARY ROUTE;TWO-WAY,NOT DIVIDED;SMOOTH ASPHALT;DRY;DARK - LIGHTED ROADWAY;CLEAR;NO CONTROL PRESENT;35.830450529;-78.84628924;-78.8485;35.8304;P073;121;0;0;;;NONE;;NONE;;PASSENGER CAR;PASSENGER CAR;;;;NO;19220;2019-12-03;5:45:29 PM;2019-12-03T22:45:29+00:00;35.830450529, -78.84628924;2019;No;No;12;NONE;NONE,NONE;NONE,NONE;PASSENGER CAR,PASSENGER CAR;PASSENGER CAR,PASSENGER CAR;PASSENGER CAR,PASSENGER CAR;PASSENGER CAR,PASSENGER CAR
42846;10 FEET FROM SR 3977 (SE CARY PKWY);FOUR-WAY INTERSECTION;STRAIGHT,LEVEL;STATE SECONDARY ROUTE;TWO-WAY,DIVIDED,UNPROTECTED MEDIAN;SMOOTH ASPHALT;DRY;DARK - LIGHTED ROADWAY;CLEAR;STOP AND GO SIGNAL;;;-78.7845;35.7578;;;0;0;1;;NONE;;NONE;;SPORT UTILITY;SPORT UTILITY;;;;NO;19221;2019-12-03;6:50:02 PM;2019-12-03T23:50:02+00:00;;2019;No;No;12;NONE;NONE,NONE;NONE,NONE;SPORT UTILITY,SPORT UTILITY;SPORT UTILITY,SPORT UTILITY;SPORT UTILITY,SPORT UTILITY;SPORT UTILITY,SPORT UTILITY
42848;200 FEET FROM CHAPEL HILL RD;NO SPECIAL FEATURE;STRAIGHT,LEVEL;LOCAL STREET;TWO-WAY,NOT DIVIDED;SMOOTH ASPHALT;DRY;DUSK;CLEAR;NO CONTROL PRESENT;35.793429894;-78.78948423;-78.7908;35.7943;P025;111;0;0;;;NONE;;NONE;;PASSENGER CAR;PASSENGER CAR;;;;NO;19223;2019-12-03;5:01:24 PM;2019-12-03T22:01:24+00:00;35.793429894, -78.78948423;2019;No;No;12;NONE;NONE,NONE;NONE,NONE;PASSENGER CAR,PASSENGER CAR;PASSENGER CAR,PASSENGER CAR;PASSENGER CAR,PASSENGER CAR;PASSENGER CAR,PASSENGER CAR
42851;125 FEET FROM PVA (4010 CONVENIENCE LN);NO SPECIAL FEATURE;STRAIGHT,LEVEL;PUBLIC VEHICULAR AREA;TWO-WAY,NOT DIVIDED;SMOOTH ASPHALT;DRY;DAYLIGHT;CLEAR;NO CONTROL PRESENT;;;-78.8945;35.8602;;;0;0;;;NONE;;NONE;;PASSENGER CAR;SINGLE UNIT TRUCK (2-AXLE- 6-TIRE);;;;NO;19226;2019-12-03;8:13:45 AM;2019-12-03T13:13:45+00:00;;2019;No;No;12;NONE;NONE,NONE;NONE,NONE;PASSENGER CAR,SINGLE UNIT TRUCK (2-AXLE- 6-TIRE);PASSENGER CAR,SINGLE UNIT TRUCK (2-AXLE- 6-TIRE);PASSENGER CAR,SINGLE UNIT TRUCK (2-AXLE- 6-TIRE);PASSENGER CAR,SINGLE UNIT TRUCK (2-AXLE- 6-TIRE)
42854;CARY;FOUR-WAY INTERSECTION;STRAIGHT,LEVEL;STATE SECONDARY ROUTE;TWO-WAY,DIVIDED,UNPROTECTED MEDIAN;SMOOTH ASPHALT;DRY;DAYLIGHT;CLEAR;STOP SIGN;;;-78.77;35.75;;;0;0;;;NONE;;NONE;;PASSENGER CAR;PASSENGER CAR;;;;NO;19229;2019-12-04;3:05:28 PM;2019-12-04T20:05:28+00:00;;2019;No;No;12;NONE;NONE,NONE;NONE,NONE;PASSENGER CAR,PASSENGER CAR;PASSENGER CAR,PASSENGER CAR;PASSENGER CAR,PASSENGER CAR;PASSENGER CAR,PASSENGER CAR
42856;.1 MILES FROM SR 1370 (TRYON RD);NO SPECIAL FEATURE;STRAIGHT,GRADE;STATE SECONDARY ROUTE;TWO-WAY,DIVIDED,POSITIVE MEDIAN BARRIER;SMOOTH ASPHALT;DRY;DAYLIGHT;CLEAR;NO CONTROL PRESENT;;;-78.7808;35.7389;;;0;0;;;NONE;;NONE;;PASSENGER CAR;PASSENGER CAR;SPORT UTILITY;;;NO;19231;2019-12-03;5:44:40 PM;2019-12-03T22:44:40+00:00;;2019;No;No;12;NONE;NONE,NONE;NONE,NONE;PASSENGER CAR,PASSENGER CAR;PASSENGER CAR,PASSENGER CAR,SPORT UTILITY;PASSENGER CAR,PASSENGER CAR,SPORT UTILITY;PASSENGER CAR,PASSENGER CAR,SPORT UTILITY
42857;.432 MILES FROM SR1747 (NW MAYNARD RD);NO SPECIAL FEATURE;STRAIGHT,LEVEL;STATE SECONDARY ROUTE;TWO-WAY,DIVIDED,UNPROTECTED MEDIAN;SMOOTH ASPHALT;DRY;DAWN;CLEAR;NO CONTROL PRESENT;;;-78.795238;35.799365;;;0;0;;;NONE;;NONE;;PASSENGER CAR;PASSENGER CAR;;;;NO;19232;2019-12-04;3:56:00 PM;2019-12-04T20:56:00+00:00;;2019;No;No;12;NONE;NONE,NONE;NONE,NONE;PASSENGER CAR,PASSENGER CAR;PASSENGER CAR,PASSENGER CAR;PASSENGER CAR,PASSENGER CAR;PASSENGER CAR,PASSENGER CAR
42869;0 FEET FROM SR 1010 (TEN TEN RD);T-INTERSECTION;STRAIGHT,LEVEL;STATE SECONDARY ROUTE;TWO-WAY,NOT DIVIDED;SMOOTH ASPHALT;DRY;DAYLIGHT;CLEAR;STOP AND GO SIGNAL;;;-78.7554;35.6859;;;0;1;;;NONE;;NONE;;PASSENGER CAR;SPORT UTILITY;;;;NO;19244;2019-12-03;7:40:31 AM;2019-12-03T12:40:31+00:00;;2019;No;Yes;12;NONE;NONE,NONE;NONE,NONE;PASSENGER CAR,SPORT UTILITY;PASSENGER CAR,SPORT UTILITY;PASSENGER CAR,SPORT UTILITY;PASSENGER CAR,SPORT UTILITY
42872;240 FEET FROM SR 1319 (JONES FRANKLIN RD);RELATED TO INTERSECTION;STRAIGHT,LEVEL;STATE SECONDARY ROUTE;TWO-WAY,NOT DIVIDED;COARSE ASPHALT;DRY;DARK - LIGHTED ROADWAY;CLEAR;NO CONTROL PRESENT;;;-78.7307;35.7541;;;0;0;;;NONE;;NONE;;SPORT UTILITY;PASSENGER CAR;PICKUP;;;NO;19247;2019-12-02;10:47 PM;2019-12-03T03:47:00+00:00;;2019;No;No;12;NONE;NONE,NONE;NONE,NONE;SPORT UTILITY,PASSENGER CAR;SPORT UTILITY,PASSENGER CAR,PICKUP;SPORT UTILITY,PASSENGER CAR,PICKUP;SPORT UTILITY,PASSENGER CAR,PICKUP
42876;0 FEET FROM SR 1300 (KILDAIRE FARM RD);RELATED TO INTERSECTION;STRAIGHT,LEVEL;STATE SECONDARY ROUTE;TWO-WAY,DIVIDED,UNPROTECTED MEDIAN;COARSE ASPHALT;DRY;DARK - ROADWAY NOT LIGHTED;CLEAR;YIELD SIGN;;;-78.7769;35.7311;;;0;2;;;NONE;;NONE;;PASSENGER CAR;PASSENGER CAR;;;;NO;19251;2019-12-04;8:26:29 PM;2019-12-05T01:26:29+00:00;;2019;No;Yes;12;NONE;NONE,NONE;NONE,NONE;PASSENGER CAR,PASSENGER CAR;PASSENGER CAR,PASSENGER CAR;PASSENGER CAR,PASSENGER CAR;PASSENGER CAR,PASSENGER CAR
42881;.1 MILES FROM SR 1349 (DILLARD DR);NO SPECIAL FEATURE;STRAIGHT,LEVEL;STATE SECONDARY ROUTE;TWO-WAY,NOT DIVIDED;SMOOTH ASPHALT;DRY;DARK - LIGHTED ROADWAY;CLEAR;STOP SIGN;;;-78.73;35.75;;;0;0;2;;NONE;;NONE;;PASSENGER CAR;SPORT UTILITY;;;;NO;19256;2019-12-05;5:57:07 PM;2019-12-05T22:57:07+00:00;;2019;No;No;12;NONE;NONE,NONE;NONE,NONE;PASSENGER CAR,SPORT UTILITY;PASSENGER CAR,SPORT UTILITY;PASSENGER CAR,SPORT UTILITY;PASSENGER CAR,SPORT UTILITY
42894;.1 MILES FROM US 64 HWY;NO SPECIAL FEATURE;STRAIGHT,GRADE;US ROUTE;TWO-WAY,DIVIDED,UNPROTECTED MEDIAN;COARSE ASPHALT;DRY;DAYLIGHT;CLEAR;NO CONTROL PRESENT;35.737208891;-78.7908604;-78.796128;35.738286;P042;115;0;0;;;NONE;;NONE;;SPORT UTILITY;PASSENGER CAR;;;;NO;19269;2019-12-05;12:33 PM;2019-12-05T17:33:00+00:00;35.737208891, -78.7908604;2019;No;No;12;NONE;NONE,NONE;NONE,NONE;SPORT UTILITY,PASSENGER CAR;SPORT UTILITY,PASSENGER CAR;SPORT UTILITY,PASSENGER CAR;SPORT UTILITY,PASSENGER CAR
42900;40 FEET FROM SR 3081 (CHAPEL HILL RD);NO SPECIAL FEATURE;STRAIGHT,LEVEL;STATE SECONDARY ROUTE;TWO-WAY,NOT DIVIDED;SMOOTH ASPHALT;DRY;DAYLIGHT;CLOUDY;NO CONTROL PRESENT;;;-78.767253;35.794231;;113;0;0;;;NONE;;NONE;;PASSENGER CAR;VAN;;;;NO;19275;2019-12-06;2:44:05 PM;2019-12-06T19:44:05+00:00;;2019;No;No;12;NONE;NONE,NONE;NONE,NONE;PASSENGER CAR,VAN;PASSENGER CAR,VAN;PASSENGER CAR,VAN;PASSENGER CAR,VAN
42909;350 FEET FROM PVA (2750 NC 55 NWY);NO SPECIAL FEATURE;STRAIGHT,LEVEL;PUBLIC VEHICULAR AREA;TWO-WAY,NOT DIVIDED;SMOOTH ASPHALT;DRY;DAYLIGHT;CLEAR;NO CONTROL PRESENT;;;-78.870241;35.786527;;;0;0;;;NONE;;NONE;;PASSENGER CAR;PASSENGER CAR;;;;NO;19284;2019-12-06;4:28:49 PM;2019-12-06T21:28:49+00:00;;2019;No;No;12;NONE;NONE,NONE;NONE,NONE;PASSENGER CAR,PASSENGER CAR;PASSENGER CAR,PASSENGER CAR;PASSENGER CAR,PASSENGER CAR;PASSENGER CAR,PASSENGER CAR
42915;238 FEET FROM P.V.A. (2010 KILDAIRE FARM RD);NO SPECIAL FEATURE;STRAIGHT,LEVEL;PUBLIC VEHICULAR AREA;TWO-WAY,DIVIDED,UNPROTECTED MEDIAN;SMOOTH ASPHALT;DRY;DAYLIGHT;CLEAR;NO CONTROL PRESENT;;;-78.78064;35.736962;;;0;0;;;NONE;;NONE;;PASSENGER CAR;PASSENGER CAR;;;;NO;19290;2019-12-02;4:22:33 PM;2019-12-02T21:22:33+00:00;;2019;No;No;12;NONE;NONE,NONE;NONE,NONE;PASSENGER CAR,PASSENGER CAR;PASSENGER CAR,PASSENGER CAR;PASSENGER CAR,PASSENGER CAR;PASSENGER CAR,PASSENGER CAR
42925;CARY;FOUR-WAY INTERSECTION;STRAIGHT,LEVEL;STATE SECONDARY ROUTE;TWO-WAY,NOT DIVIDED;SMOOTH ASPHALT;DRY;DARK - LIGHTED ROADWAY;CLEAR;STOP SIGN;;;-78.811841;35.816395;;;0;0;;;NONE;;NONE;;PASSENGER CAR;PASSENGER CAR;;;;NO;19300;2019-12-04;6:17:45 PM;2019-12-04T23:17:45+00:00;;2019;No;No;12;NONE;NONE,NONE;NONE,NONE;PASSENGER CAR,PASSENGER CAR;PASSENGER CAR,PASSENGER CAR;PASSENGER CAR,PASSENGER CAR;PASSENGER CAR,PASSENGER CAR
42934;.24 MILES FROM SR1423 (PINEY PLAINS RD);RELATED TO INTERSECTION;STRAIGHT,LEVEL;STATE SECONDARY ROUTE;TWO-WAY,NOT DIVIDED;SMOOTH ASPHALT;DRY;DAYLIGHT;CLEAR;STOP SIGN;;;-78.748;35.756;;118;0;0;1;;NONE;;NONE;;PASSENGER CAR;SPORT UTILITY;;;;NO;19309;2019-12-07;12:46 PM;2019-12-07T17:46:00+00:00;;2019;No;No;12;NONE;NONE,NONE;NONE,NONE;PASSENGER CAR,SPORT UTILITY;PASSENGER CAR,SPORT UTILITY;PASSENGER CAR,SPORT UTILITY;PASSENGER CAR,SPORT UTILITY
42949;100 FEET FROM CARPENTER GLEN DR;NO SPECIAL FEATURE;STRAIGHT,GRADE;PRIVATE ROAD,DRIVEWAY;ONE-WAY,NOT DIVIDED;CONCRETE;DRY;DARK - ROADWAY NOT LIGHTED;CLOUDY;NO CONTROL PRESENT;35.825194237;-78.89810265;-78.898244;35.824695;P016;119;0;0;;;;;NONE;;SPORT UTILITY;;;;;NO;19324;2019-12-09;1:02:28 AM;2019-12-09T06:02:28+00:00;35.825194237, -78.89810265;2019;No;No;12;;NONE;NONE;SPORT UTILITY;SPORT UTILITY;SPORT UTILITY;SPORT UTILITY
42951;8 FEET FROM SR1009 (TRYON RD);RELATED TO INTERSECTION;STRAIGHT,HILLCREST;STATE SECONDARY ROUTE;TWO-WAY,DIVIDED,UNPROTECTED MEDIAN;COARSE ASPHALT;WET;DAWN;FOG, SMOG, SMOKE;STOP AND GO SIGNAL;;;-78.7875;35.7381;;115;0;0;;;;;NONE;;PASSENGER CAR;PASSENGER CAR;;;;NO;19326;2019-12-09;6:59:58 AM;2019-12-09T11:59:58+00:00;;2019;No;No;12;;NONE;NONE;PASSENGER CAR,PASSENGER CAR;PASSENGER CAR,PASSENGER CAR;PASSENGER CAR,PASSENGER CAR;PASSENGER CAR,PASSENGER CAR
42952;.2 MILES FROM FINNBAR DR;RELATED TO INTERSECTION;STRAIGHT,LEVEL;LOCAL STREET;TWO-WAY,NOT DIVIDED;SMOOTH ASPHALT;DRY;DAYLIGHT;CLOUDY;STOP SIGN;35.839346884;-78.90986368;-78.91068;35.83977;P074;119;0;0;;;NONE;;NONE;;SPORT UTILITY;PASSENGER CAR;;;;NO;19327;2019-12-09;9:04:42 AM;2019-12-09T14:04:42+00:00;35.839346884, -78.90986368;2019;No;No;12;NONE;NONE,NONE;NONE,NONE;SPORT UTILITY,PASSENGER CAR;SPORT UTILITY,PASSENGER CAR;SPORT UTILITY,PASSENGER CAR;SPORT UTILITY,PASSENGER CAR
42955;10 FEET FROM CORK HARBOR DR;RELATED TO INTERSECTION;STRAIGHT,LEVEL;LOCAL STREET;TWO-WAY,NOT DIVIDED;SMOOTH ASPHALT;WET;DAYLIGHT;CLOUDY;STOP SIGN;;;-78.799;35.756;;;0;0;;;NONE;;NONE;;PASSENGER CAR;PASSENGER CAR;;;;NO;19330;2019-12-09;12:32 PM;2019-12-09T17:32:00+00:00;;2019;No;No;12;NONE;NONE,NONE;NONE,NONE;PASSENGER CAR,PASSENGER CAR;PASSENGER CAR,PASSENGER CAR;PASSENGER CAR,PASSENGER CAR;PASSENGER CAR,PASSENGER CAR
42956;100 FEET FROM PVA 651 (CARY TOWNE BLVD);NO SPECIAL FEATURE;STRAIGHT,LEVEL;PUBLIC VEHICULAR AREA;TWO-WAY,NOT DIVIDED;SMOOTH ASPHALT;DRY;DAYLIGHT;CLEAR;NO CONTROL PRESENT;;;-78.7677;35.7761;;;0;0;;;NONE;;NONE;;PASSENGER CAR;SPORT UTILITY;;;;NO;19331;2019-12-07;2:36:03 PM;2019-12-07T19:36:03+00:00;;2019;No;No;12;NONE;NONE,NONE;NONE,NONE;PASSENGER CAR,SPORT UTILITY;PASSENGER CAR,SPORT UTILITY;PASSENGER CAR,SPORT UTILITY;PASSENGER CAR,SPORT UTILITY
42964;100 FEET FROM SR 1415 (NW MAYNARD RD);NO SPECIAL FEATURE;STRAIGHT,LEVEL;STATE SECONDARY ROUTE;TWO-WAY,DIVIDED,UNPROTECTED MEDIAN;SMOOTH ASPHALT;WET;DAYLIGHT;CLOUDY;STOP AND GO SIGNAL;;;-78.795335;35.799411;;111;0;0;;;NONE;;NONE;;PASSENGER CAR;PASSENGER CAR;;;;NO;19339;2019-12-10;7:29:38 AM;2019-12-10T12:29:38+00:00;;2019;No;No;12;NONE;NONE,NONE;NONE,NONE;PASSENGER CAR,PASSENGER CAR;PASSENGER CAR,PASSENGER CAR;PASSENGER CAR,PASSENGER CAR;PASSENGER CAR,PASSENGER CAR
42977;CARY;RELATED TO INTERSECTION;STRAIGHT,LEVEL;US ROUTE;TWO-WAY,DIVIDED,UNPROTECTED MEDIAN;SMOOTH ASPHALT;DRY;DARK - ROADWAY NOT LIGHTED;CLOUDY;STOP AND GO SIGNAL;35.737933765;-78.79567475;-78.7946;35.7377;P041;116;0;1;1;;NONE;;NONE;;PASSENGER CAR;SPORT UTILITY;;;;NO;19352;2019-12-10;8:26:26 PM;2019-12-11T01:26:26+00:00;35.737933765, -78.79567475;2019;No;Yes;12;NONE;NONE,NONE;NONE,NONE;PASSENGER CAR,SPORT UTILITY;PASSENGER CAR,SPORT UTILITY;PASSENGER CAR,SPORT UTILITY;PASSENGER CAR,SPORT UTILITY
42978;400 FEET FROM US 1;NO SPECIAL FEATURE;STRAIGHT,LEVEL;US ROUTE;TWO-WAY,DIVIDED,POSITIVE MEDIAN BARRIER;SMOOTH ASPHALT;WET;DARK - ROADWAY NOT LIGHTED;RAIN;NO CONTROL PRESENT;35.76635379;-78.73572499;-78.739;35.7647;P106;RALW;0;0;;;NONE;;NONE;;PICKUP;PASSENGER CAR;;;;NO;19353;2019-12-10;5:45:30 PM;2019-12-10T22:45:30+00:00;35.76635379, -78.73572499;2019;No;No;12;NONE;NONE,NONE;NONE,NONE;PICKUP,PASSENGER CAR;PICKUP,PASSENGER CAR;PICKUP,PASSENGER CAR;PICKUP,PASSENGER CAR
42986;.5 MILES FROM S.R. 1300 (KILDAIRE FARM RD);NO SPECIAL FEATURE;STRAIGHT,LEVEL;STATE SECONDARY ROUTE;TWO-WAY,DIVIDED,UNPROTECTED MEDIAN;SMOOTH ASPHALT;DRY;DAYLIGHT;CLEAR;STOP AND GO SIGNAL;;;-78.7814;35.741;;;0;0;1;;NONE;;NONE;;PASSENGER CAR;PASSENGER CAR;;;;NO;19361;2019-12-11;10:45 AM;2019-12-11T15:45:00+00:00;;2019;No;No;12;NONE;NONE,NONE;NONE,NONE;PASSENGER CAR,PASSENGER CAR;PASSENGER CAR,PASSENGER CAR;PASSENGER CAR,PASSENGER CAR;PASSENGER CAR,PASSENGER CAR
42995;50 FEET FROM SR 1313 (WALNUT ST);FOUR-WAY INTERSECTION;STRAIGHT,LEVEL;STATE SECONDARY ROUTE;TWO-WAY,DIVIDED,UNPROTECTED MEDIAN;SMOOTH ASPHALT;DRY;DARK - LIGHTED ROADWAY;CLEAR;STOP AND GO SIGNAL;;;-78.764056;35.772445;;;0;1;;;NONE;;NONE;;SPORT UTILITY;PASSENGER CAR;;;;NO;19370;2019-12-12;5:28:57 PM;2019-12-12T22:28:57+00:00;;2019;No;Yes;12;NONE;NONE,NONE;NONE,NONE;SPORT UTILITY,PASSENGER CAR;SPORT UTILITY,PASSENGER CAR;SPORT UTILITY,PASSENGER CAR;SPORT UTILITY,PASSENGER CAR
43000;100 FEET FROM 1652 S.R. HARRISON AVE;RELATED TO INTERSECTION;STRAIGHT,LEVEL;STATE SECONDARY ROUTE;TWO-WAY,NOT DIVIDED;SMOOTH ASPHALT;DRY;DARK - LIGHTED ROADWAY;CLEAR;STOP AND GO SIGNAL;;;-78.783228;35.792095;;;0;0;;;NONE;;NONE;;SPORT UTILITY;PASSENGER CAR;;;;NO;19375;2019-12-12;9:15:54 PM;2019-12-13T02:15:54+00:00;;2019;No;No;12;NONE;NONE,NONE;NONE,NONE;SPORT UTILITY,PASSENGER CAR;SPORT UTILITY,PASSENGER CAR;SPORT UTILITY,PASSENGER CAR;SPORT UTILITY,PASSENGER CAR
43003;200 FEET FROM SR 1319 (JONES FRANKLIN RD);RELATED TO INTERSECTION;STRAIGHT,GRADE;STATE SECONDARY ROUTE;TWO-WAY,DIVIDED,UNPROTECTED MEDIAN;COARSE ASPHALT;DRY;DAYLIGHT;CLEAR;NO CONTROL PRESENT;;;-78.738505;35.7447038;;115;0;0;;;NONE;;NONE;;PASSENGER CAR;PASSENGER CAR;;;;NO;19378;2019-12-12;8:28:42 AM;2019-12-12T13:28:42+00:00;;2019;No;No;12;NONE;NONE,NONE;NONE,NONE;PASSENGER CAR,PASSENGER CAR;PASSENGER CAR,PASSENGER CAR;PASSENGER CAR,PASSENGER CAR;PASSENGER CAR,PASSENGER CAR
43004;.07 MILES FROM PVA OF 4402 SR 1010 (TEN-TEN R;NO SPECIAL FEATURE;STRAIGHT,LEVEL;PUBLIC VEHICULAR AREA;TWO-WAY,NOT DIVIDED;SMOOTH ASPHALT;DRY;DAYLIGHT;CLEAR;NO CONTROL PRESENT;;;-78.772;35.6945;;;0;0;1;;NONE;;NONE;;SPORT UTILITY;PASSENGER CAR;;;;NO;19379;2019-12-12;1:17:44 PM;2019-12-12T18:17:44+00:00;;2019;No;No;12;NONE;NONE,NONE;NONE,NONE;SPORT UTILITY,PASSENGER CAR;SPORT UTILITY,PASSENGER CAR;SPORT UTILITY,PASSENGER CAR;SPORT UTILITY,PASSENGER CAR
43005;345 FEET FROM US 1 HWY;NO SPECIAL FEATURE;STRAIGHT,LEVEL;US ROUTE;TWO-WAY,DIVIDED,POSITIVE MEDIAN BARRIER;GROOVED CONCRETE;DRY;DAYLIGHT;CLOUDY;NO CONTROL PRESENT;;;-78.7458;35.7612;;;0;0;;;NONE;;NONE;;PASSENGER CAR;;;;;NO;19380;2019-12-11;3:22:18 PM;2019-12-11T20:22:18+00:00;;2019;No;No;12;NONE;NONE,NONE;NONE,NONE;PASSENGER CAR;PASSENGER CAR;PASSENGER CAR;PASSENGER CAR
43011;15 MILES FROM JIM VALVANO DR;T-INTERSECTION;STRAIGHT,LEVEL;LOCAL STREET;TWO-WAY,NOT DIVIDED;SMOOTH ASPHALT;DRY;DAYLIGHT;CLEAR;STOP AND GO SIGNAL;35.771659969;-78.76519033;-78.7641;35.7707;P062;120;0;0;1;;NONE;;NONE;;SPORT UTILITY;PICKUP;;;;NO;19386;2019-12-12;2:48:45 PM;2019-12-12T19:48:45+00:00;35.771659969, -78.76519033;2019;No;No;12;NONE;NONE,NONE;NONE,NONE;SPORT UTILITY,PICKUP;SPORT UTILITY,PICKUP;SPORT UTILITY,PICKUP;SPORT UTILITY,PICKUP
43018;10 FEET FROM US 1;OFF-RAMP PROPER;STRAIGHT,BOTTOM (SAG);US ROUTE;TWO-WAY,DIVIDED,POSITIVE MEDIAN BARRIER;SMOOTH ASPHALT;DRY;DAYLIGHT;CLEAR;STOP AND GO SIGNAL;;;-78.794422;35.737988;;;0;0;;;NONE;;NONE;;PASSENGER CAR;SPORT UTILITY;;;;NO;19393;2019-12-14;3:53:49 PM;2019-12-14T20:53:49+00:00;;2019;No;No;12;NONE;NONE,NONE;NONE,NONE;PASSENGER CAR,SPORT UTILITY;PASSENGER CAR,SPORT UTILITY;PASSENGER CAR,SPORT UTILITY;PASSENGER CAR,SPORT UTILITY
43020;0 FEET FROM SR 1300 (KILDAIRE FARM RD);T-INTERSECTION;STRAIGHT,LEVEL;STATE SECONDARY ROUTE;TWO-WAY,NOT DIVIDED;SMOOTH ASPHALT;DRY;DAYLIGHT;CLOUDY;STOP AND GO SIGNAL;;;-78.780432;35.78249;;120;0;0;;;INATTENTIVE (TALKING, EATING, ETC.);;NONE;;PICKUP;;;;;NO;19395;2019-12-14;4:44:54 PM;2019-12-14T21:44:54+00:00;;2019;No;No;12;INATTENTIVE (TALKING, EATING, ETC.);INATTENTIVE (TALKING, EATING, ETC.),NONE;INATTENTIVE (TALKING,EATING,ETC.),NONE;PICKUP;PICKUP;PICKUP;PICKUP
43022;95 FEET FROM SR1009 (TRYON RD);RELATED TO INTERSECTION;STRAIGHT,LEVEL;STATE SECONDARY ROUTE;TWO-WAY,DIVIDED,UNPROTECTED MEDIAN;SMOOTH ASPHALT;WET;DAYLIGHT;CLEAR;STOP AND GO SIGNAL;;;-78.737;35.746;;118;0;0;2;;NONE;;NONE;;PASSENGER CAR;SPORT UTILITY;;;;NO;19397;2019-12-14;10:21 AM;2019-12-14T15:21:00+00:00;;2019;No;No;12;NONE;NONE,NONE;NONE,NONE;PASSENGER CAR,SPORT UTILITY;PASSENGER CAR,SPORT UTILITY;PASSENGER CAR,SPORT UTILITY;PASSENGER CAR,SPORT UTILITY
43033;75 FEET FROM HEATER DR;NO SPECIAL FEATURE;STRAIGHT,LEVEL;LOCAL STREET;TWO-WAY,NOT DIVIDED;SMOOTH ASPHALT;WET;DAYLIGHT;RAIN;NO CONTROL PRESENT;35.782256233;-78.78767412;-78.7878;35.7821;P036;114;0;0;;;NONE;;NONE;;SPORT UTILITY;VAN;;;;NO;19408;2019-12-13;12:52 PM;2019-12-13T17:52:00+00:00;35.782256233, -78.78767412;2019;No;No;12;NONE;NONE,NONE;NONE,NONE;SPORT UTILITY,VAN;SPORT UTILITY,VAN;SPORT UTILITY,VAN;SPORT UTILITY,VAN
43038;32 FEET FROM SR 1300 (KILDAIRE FARM RD);NO SPECIAL FEATURE;STRAIGHT,LEVEL;STATE SECONDARY ROUTE;TWO-WAY,DIVIDED,UNPROTECTED MEDIAN;SMOOTH ASPHALT;WET;DARK - LIGHTED ROADWAY;RAIN;STOP AND GO SIGNAL;;;-78.781818;35.769593;;;0;0;1;;NONE;;NONE;;PASSENGER CAR;SPORT UTILITY;;;;NO;19413;2019-12-13;6:31:53 PM;2019-12-13T23:31:53+00:00;;2019;No;No;12;NONE;NONE,NONE;NONE,NONE;PASSENGER CAR,SPORT UTILITY;PASSENGER CAR,SPORT UTILITY;PASSENGER CAR,SPORT UTILITY;PASSENGER CAR,SPORT UTILITY
43042;0.1 MILES FROM PVA (2031 WALNUT ST);NO SPECIAL FEATURE;STRAIGHT,LEVEL;PUBLIC VEHICULAR AREA;TWO-WAY,NOT DIVIDED;SMOOTH ASPHALT;WET;DARK - LIGHTED ROADWAY;RAIN;STOP SIGN;;;-78.7403;35.7575;;;0;0;2;;NONE;;NONE;;PASSENGER CAR;SPORT UTILITY;;;;NO;19417;2019-12-13;9:26:40 PM;2019-12-14T02:26:40+00:00;;2019;No;No;12;NONE;NONE,NONE;NONE,NONE;PASSENGER CAR,SPORT UTILITY;PASSENGER CAR,SPORT UTILITY;PASSENGER CAR,SPORT UTILITY;PASSENGER CAR,SPORT UTILITY
43051;119 FEET FROM RICE RANCH WAY;NO SPECIAL FEATURE;STRAIGHT,LEVEL;PRIVATE ROAD,DRIVEWAY;TWO-WAY,NOT DIVIDED;SMOOTH ASPHALT;DRY;DAWN;CLEAR;NO CONTROL PRESENT;35.738903253;-78.75484878;-78.75536;35.738988;P004;118;0;0;;;NONE;;NONE;;PASSENGER CAR;PASSENGER CAR;;;;NO;19426;2019-12-16;7:03:47 AM;2019-12-16T12:03:47+00:00;35.738903253, -78.75484878;2019;No;No;12;NONE;NONE,NONE;NONE,NONE;PASSENGER CAR,PASSENGER CAR;PASSENGER CAR,PASSENGER CAR;PASSENGER CAR,PASSENGER CAR;PASSENGER CAR,PASSENGER CAR