tamainid;location_description;rdfeature;rdcharacter;rdclass;rdconfigur;rdsurface;rdcondition;lightcond;weather;trafcontrl;lat;lon;lon2;lat2;tract;zone;fatality;possblinj;numpassengers;numpedestrians;contrcir1_desc;contrcir2_desc;contrcir3_desc;contrcir4_desc;vehicle1;vehicle2;vehicle3;vehicle4;vehicle5;workarea;records;ta_date;ta_time;crash_date;geo_location;year;fatalities;injuries;month;contrfact1;contrfact2;contributing_factor;vehicleconcat1;vehicleconcat2;vehicleconcat3;vehicle_type
44395;60 FEET FROM P.V.A.(2900 WATERFORD FOREST C;NO SPECIAL FEATURE;STRAIGHT,LEVEL;PUBLIC VEHICULAR AREA;TWO-WAY,NOT DIVIDED;SMOOTH ASPHALT;DRY;DAYLIGHT;CLEAR;NO CONTROL PRESENT;;;-78.8079;35.7865;;;0;0;;;NONE;;NONE;;PASSENGER CAR;PASSENGER CAR;;;;NO;20768;2020-04-16;5:50:24 PM;2020-04-16T21:50:24+00:00;;2020;No;No;4;NONE;NONE,NONE;NONE,NONE;PASSENGER CAR,PASSENGER CAR;PASSENGER CAR,PASSENGER CAR;PASSENGER CAR,PASSENGER CAR;PASSENGER CAR,PASSENGER CAR
44397;50 FEET FROM 227 E PARK ST;NO SPECIAL FEATURE;STRAIGHT,LEVEL;PUBLIC VEHICULAR AREA;TWO-WAY,NOT DIVIDED;SMOOTH ASPHALT;UNKNOWN;UNKNOWN;CLEAR;NO CONTROL PRESENT;;;-78.77618;35.78512;;120;0;0;;;;;NONE;;PASSENGER CAR;;;;;NO;20770;2020-04-16;1:32:21 PM;2020-04-16T17:32:21+00:00;;2020;No;No;4;;NONE;NONE;PASSENGER CAR;PASSENGER CAR;PASSENGER CAR;PASSENGER CAR
44400;.11 MILES FROM PVA 1120 S.R. 1300 (KILDAIRE F;NO SPECIAL FEATURE;STRAIGHT,LEVEL;PUBLIC VEHICULAR AREA;ONE-WAY,NOT DIVIDED;COARSE ASPHALT;DRY;DAYLIGHT;CLEAR;NO CONTROL PRESENT;;;-78.7832;35.7698;;;0;1;;;NONE;;NONE;;PASSENGER CAR;;;;;NO;20773;2020-04-17;1:06:41 PM;2020-04-17T17:06:41+00:00;;2020;No;Yes;4;NONE;NONE,NONE;NONE,NONE;PASSENGER CAR;PASSENGER CAR;PASSENGER CAR;PASSENGER CAR
44410;0 FEET FROM MISTY CT;T-INTERSECTION;STRAIGHT,HILLCREST;LOCAL STREET;TWO-WAY,NOT DIVIDED;COARSE ASPHALT;DRY;DARK - LIGHTED ROADWAY;CLEAR;NO CONTROL PRESENT;35.795438155;-78.77311577;-78.7731;35.7954;P031;113;0;0;1;;NONE;;NONE;;PASSENGER CAR;POLICE;;;;NO;20783;2020-04-19;1:36:44 AM;2020-04-19T05:36:44+00:00;35.795438155, -78.77311577;2020;No;No;4;NONE;NONE,NONE;NONE,NONE;PASSENGER CAR,POLICE;PASSENGER CAR,POLICE;PASSENGER CAR,POLICE;PASSENGER CAR,POLICE
44411;CARY;TRAFFIC CIRCLE/ROUNDABOUT;STRAIGHT,LEVEL;STATE SECONDARY ROUTE;TWO-WAY,NOT DIVIDED;SMOOTH ASPHALT;DRY;DAYLIGHT;CLEAR;YIELD SIGN;;;-78.789596;35.786504;;;0;0;;;NONE;;NONE;;PASSENGER CAR;;;;;NO;20784;2020-04-18;11:16 AM;2020-04-18T15:16:00+00:00;;2020;No;No;4;NONE;NONE,NONE;NONE,NONE;PASSENGER CAR;PASSENGER CAR;PASSENGER CAR;PASSENGER CAR
44412;150 FEET FROM P.V.A. (748 E CHATHAM ST);NO SPECIAL FEATURE;STRAIGHT,LEVEL;PUBLIC VEHICULAR AREA;TWO-WAY,NOT DIVIDED;COARSE ASPHALT;DRY;DAYLIGHT;CLEAR;NO CONTROL PRESENT;35.601953675;-78.79930456;-78.7659;35.7916;P119;RALW;0;0;1;;;;NONE;;PASSENGER CAR;PASSENGER CAR;;;;NO;20785;2020-04-18;5:31:11 PM;2020-04-18T21:31:11+00:00;35.601953675, -78.79930456;2020;No;No;4;;NONE;NONE;PASSENGER CAR,PASSENGER CAR;PASSENGER CAR,PASSENGER CAR;PASSENGER CAR,PASSENGER CAR;PASSENGER CAR,PASSENGER CAR
44419;.11 MILES FROM P.V.A. (3480 KILDAIRE FARM RD);NO SPECIAL FEATURE;STRAIGHT,GRADE;PUBLIC VEHICULAR AREA;TWO-WAY,NOT DIVIDED;SMOOTH ASPHALT;DRY;DAYLIGHT;CLEAR;NO CONTROL PRESENT;;;-78.797593;35.705197;;;0;0;;;NONE;;NONE;;UNKNOWN;SPORT UTILITY;;;;NO;20792;2020-04-19;5:19:33 PM;2020-04-19T21:19:33+00:00;;2020;No;No;4;NONE;NONE,NONE;NONE,NONE;UNKNOWN,SPORT UTILITY;UNKNOWN,SPORT UTILITY;UNKNOWN,SPORT UTILITY;UNKNOWN,SPORT UTILITY
44426;.5 MILES FROM P.V.A. OF 2350 WALNUT ST;FOUR-WAY INTERSECTION;STRAIGHT,LEVEL;PUBLIC VEHICULAR AREA;TWO-WAY,NOT DIVIDED;SMOOTH ASPHALT;DRY;DAYLIGHT;CLEAR;STOP SIGN;;;-78.741361;35.755657;;;0;1;2;;;;NONE;;PASSENGER CAR;PASSENGER CAR;;;;NO;20799;2020-04-16;11:57 AM;2020-04-16T15:57:00+00:00;;2020;No;Yes;4;;NONE;NONE;PASSENGER CAR,PASSENGER CAR;PASSENGER CAR,PASSENGER CAR;PASSENGER CAR,PASSENGER CAR;PASSENGER CAR,PASSENGER CAR
44427;180 FEET FROM P.V.A. 1900 OLD REEDY CREEK RD;NO SPECIAL FEATURE;STRAIGHT,LEVEL;PUBLIC VEHICULAR AREA;TWO-WAY,NOT DIVIDED;SMOOTH ASPHALT;DRY;DAYLIGHT;CLOUDY;OTHER *;;;-78.7795;35.8358;;;0;0;;;;;NONE;;PICKUP;;;;;NO;20800;2020-04-21;12:18 PM;2020-04-21T16:18:00+00:00;;2020;No;No;4;;NONE;NONE;PICKUP;PICKUP;PICKUP;PICKUP
44433;400 FEET FROM SR1313 (WALNUT ST);NO SPECIAL FEATURE;STRAIGHT,LEVEL;STATE SECONDARY ROUTE;TWO-WAY,DIVIDED,POSITIVE MEDIAN BARRIER;SMOOTH ASPHALT;DRY;DAYLIGHT;CLEAR;NO CONTROL PRESENT;;;-78.7412;35.7525;;;0;1;;;NONE;;NONE;;SPORT UTILITY;;;;;NO;20806;2020-04-17;12:44 PM;2020-04-17T16:44:00+00:00;;2020;No;Yes;4;NONE;NONE,NONE;NONE,NONE;SPORT UTILITY;SPORT UTILITY;SPORT UTILITY;SPORT UTILITY
44434;50 FEET FROM WICKELOW DR;NO SPECIAL FEATURE;CURVE,LEVEL;LOCAL STREET;TWO-WAY,NOT DIVIDED;SMOOTH ASPHALT;DRY;DARK - ROADWAY NOT LIGHTED;CLEAR;NO CONTROL PRESENT;35.770501156;-78.79034075;-78.7904;35.7702;P039;115;0;0;;;NONE;;NONE;;PASSENGER CAR;;;;;NO;20807;2020-04-22;4:26:34 PM;2020-04-22T20:26:34+00:00;35.770501156, -78.79034075;2020;No;No;4;NONE;NONE,NONE;NONE,NONE;PASSENGER CAR;PASSENGER CAR;PASSENGER CAR;PASSENGER CAR
44435;348 FEET FROM SR1370 (TRYON RD);NO SPECIAL FEATURE;STRAIGHT,HILLCREST;STATE SECONDARY ROUTE;TWO-WAY,DIVIDED,UNPROTECTED MEDIAN;SMOOTH ASPHALT;DRY;DARK - ROADWAY NOT LIGHTED;CLEAR;NO CONTROL PRESENT;;;-78.758468;35.745112;;;0;0;;;NONE;;NONE;;PASSENGER CAR;;;;;NO;20808;2020-04-22;3:12:18 AM;2020-04-22T07:12:18+00:00;;2020;No;No;4;NONE;NONE,NONE;NONE,NONE;PASSENGER CAR;PASSENGER CAR;PASSENGER CAR;PASSENGER CAR
44437;CARY;RELATED TO INTERSECTION;STRAIGHT,LEVEL;STATE SECONDARY ROUTE;TWO-WAY,DIVIDED,UNPROTECTED MEDIAN;SMOOTH ASPHALT;WET;DAYLIGHT;CLOUDY;STOP AND GO SIGNAL;;;-78.837372;35.7804367;;;0;0;1;;NONE;;NONE;;PASSENGER CAR;PICKUP;;;;NO;20810;2020-04-23;1:36:01 PM;2020-04-23T17:36:01+00:00;;2020;No;No;4;NONE;NONE,NONE;NONE,NONE;PASSENGER CAR,PICKUP;PASSENGER CAR,PICKUP;PASSENGER CAR,PICKUP;PASSENGER CAR,PICKUP
44441;0 FEET FROM SR 5808 (E CHATHAM ST);T-INTERSECTION;STRAIGHT,LEVEL;STATE SECONDARY ROUTE;TWO-WAY,NOT DIVIDED;SMOOTH ASPHALT;DRY;DAYLIGHT;CLEAR;STOP SIGN;;;-78.7503;35.7899;;;0;1;2;;;;NONE;;VAN;VAN;;;;NO;20814;2020-04-23;4:41:22 PM;2020-04-23T20:41:22+00:00;;2020;No;Yes;4;;NONE;NONE;VAN,VAN;VAN,VAN;VAN,VAN;VAN,VAN
44446;200 FEET FROM US 1;NO SPECIAL FEATURE;STRAIGHT,LEVEL;US ROUTE;TWO-WAY,DIVIDED,POSITIVE MEDIAN BARRIER;SMOOTH ASPHALT;DRY;DARK - LIGHTED ROADWAY;CLEAR;NO CONTROL PRESENT;;;-78.81956;35.724751;;;0;1;;;NONE;;NONE;;;;;;;NO;20819;2020-04-24;10:42 PM;2020-04-25T02:42:00+00:00;;2020;No;Yes;4;NONE;NONE,NONE;NONE,NONE;;;;
44447;0 FEET FROM NC 55;FOUR-WAY INTERSECTION;STRAIGHT,LEVEL;NC ROUTE;TWO-WAY,DIVIDED,POSITIVE MEDIAN BARRIER;SMOOTH ASPHALT;DRY;DAYLIGHT;CLEAR;STOP AND GO SIGNAL;;;-78.890752;35.845821;;;0;0;1;;NONE;;NONE;;PASSENGER CAR;SPORT UTILITY;;;;NO;20820;2020-04-24;9:06:03 PM;2020-04-25T01:06:03+00:00;;2020;No;No;4;NONE;NONE,NONE;NONE,NONE;PASSENGER CAR,SPORT UTILITY;PASSENGER CAR,SPORT UTILITY;PASSENGER CAR,SPORT UTILITY;PASSENGER CAR,SPORT UTILITY
44451;CARY;RELATED TO INTERSECTION;CURVE,LEVEL;STATE SECONDARY ROUTE;TWO-WAY,DIVIDED,UNPROTECTED MEDIAN;SMOOTH ASPHALT;DRY;DAYLIGHT;CLOUDY;STOP AND GO SIGNAL;;;-78.76763;35.801584;;;0;0;;;NONE;;NONE;;SPORT UTILITY;;;;;NO;20824;2020-04-25;8:00:00 AM;2020-04-25T12:00:00+00:00;;2020;No;No;4;NONE;NONE,NONE;NONE,NONE;SPORT UTILITY;SPORT UTILITY;SPORT UTILITY;SPORT UTILITY
44457;238 FEET FROM FENELLA DR;NO SPECIAL FEATURE;STRAIGHT,GRADE;LOCAL STREET;TWO-WAY,NOT DIVIDED;SMOOTH ASPHALT;DRY;DAYLIGHT;CLEAR;NO CONTROL PRESENT;;;-78.743;35.741;;;0;0;;;NONE;;NONE;;PICKUP;SPORT UTILITY;;;;NO;20830;2020-04-27;8:56:25 AM;2020-04-27T12:56:25+00:00;;2020;No;No;4;NONE;NONE,NONE;NONE,NONE;PICKUP,SPORT UTILITY;PICKUP,SPORT UTILITY;PICKUP,SPORT UTILITY;PICKUP,SPORT UTILITY
44459;.1 MILES FROM US 64 HWY;NO SPECIAL FEATURE;STRAIGHT,GRADE;US ROUTE;TWO-WAY,DIVIDED,UNPROTECTED MEDIAN;COARSE ASPHALT;DRY;DAYLIGHT;CLEAR;NO CONTROL PRESENT;;;-78.797681;35.738834;;;0;0;;;NONE;;NONE;;SPORT UTILITY;;;;;NO;20832;2020-04-28;6:49:48 PM;2020-04-28T22:49:48+00:00;;2020;No;No;4;NONE;NONE,NONE;NONE,NONE;SPORT UTILITY;SPORT UTILITY;SPORT UTILITY;SPORT UTILITY
44462;150 FEET FROM P.V.A. (885 WALNUT ST);NO SPECIAL FEATURE;STRAIGHT,LEVEL;PUBLIC VEHICULAR AREA;TWO-WAY,NOT DIVIDED;SMOOTH ASPHALT;DRY;DAYLIGHT;CLOUDY;NO CONTROL PRESENT;;;-78.7647;35.7746;;;0;0;;;NONE;;NONE;;PASSENGER CAR;PASSENGER CAR;;;;NO;20835;2020-04-30;2:58:39 PM;2020-04-30T18:58:39+00:00;;2020;No;No;4;NONE;NONE,NONE;NONE,NONE;PASSENGER CAR,PASSENGER CAR;PASSENGER CAR,PASSENGER CAR;PASSENGER CAR,PASSENGER CAR;PASSENGER CAR,PASSENGER CAR
44469;20 FEET FROM SR 3977 (SE CARY PWKY);T-INTERSECTION;STRAIGHT,LEVEL;STATE SECONDARY ROUTE;TWO-WAY,DIVIDED,POSITIVE MEDIAN BARRIER;SMOOTH ASPHALT;DRY;DAYLIGHT;CLEAR;STOP AND GO SIGNAL;;;-78.7802;35.7581;;;0;0;;;NONE;;NONE;;PICKUP;PASSENGER CAR;;;;NO;20842;2020-04-30;5:49:12 PM;2020-04-30T21:49:12+00:00;;2020;No;No;4;NONE;NONE,NONE;NONE,NONE;PICKUP,PASSENGER CAR;PICKUP,PASSENGER CAR;PICKUP,PASSENGER CAR;PICKUP,PASSENGER CAR
44471;50 FEET FROM PVA OF 1387 SE MAYNARD RD;NO SPECIAL FEATURE;STRAIGHT,LEVEL;PUBLIC VEHICULAR AREA;TWO-WAY,NOT DIVIDED;SMOOTH ASPHALT;DRY;DAYLIGHT;CLEAR;NO CONTROL PRESENT;;;-78.76403;35.78905;;120;0;0;;;;;NONE;;PASSENGER CAR;PASSENGER CAR;;;;NO;20844;2020-05-01;12:08 PM;2020-05-01T16:08:00+00:00;;2020;No;No;5;;NONE;NONE;PASSENGER CAR,PASSENGER CAR;PASSENGER CAR,PASSENGER CAR;PASSENGER CAR,PASSENGER CAR;PASSENGER CAR,PASSENGER CAR
44479;20 FEET FROM LOCHMERE DR;NO SPECIAL FEATURE;STRAIGHT,LEVEL;LOCAL STREET;TWO-WAY,DIVIDED,UNPROTECTED MEDIAN;SMOOTH ASPHALT;DRY;DAYLIGHT;CLEAR;NO CONTROL PRESENT;35.726439777;-78.7627474;-78.7624;35.7264;P047;118;0;1;;;NONE;;NONE;;PASSENGER CAR;;;;;NO;20852;2020-05-02;8:10:18 AM;2020-05-02T12:10:18+00:00;35.726439777, -78.7627474;2020;No;Yes;5;NONE;NONE,NONE;NONE,NONE;PASSENGER CAR;PASSENGER CAR;PASSENGER CAR;PASSENGER CAR
44481;100 FEET FROM SR 1313 (WALNUT ST);RELATED TO INTERSECTION;STRAIGHT,LEVEL;STATE SECONDARY ROUTE;TWO-WAY,DIVIDED,UNPROTECTED MEDIAN;SMOOTH ASPHALT;DRY;DAYLIGHT;CLEAR;NO CONTROL PRESENT;;;-78.7485;35.7639;;112;0;0;1;;NONE;;NONE;;PASSENGER CAR;SPORT UTILITY;;;;NO;20854;2020-05-02;3:29:09 PM;2020-05-02T19:29:09+00:00;;2020;No;No;5;NONE;NONE,NONE;NONE,NONE;PASSENGER CAR,SPORT UTILITY;PASSENGER CAR,SPORT UTILITY;PASSENGER CAR,SPORT UTILITY;PASSENGER CAR,SPORT UTILITY
44487;50 FEET FROM LOCH BEND LN;NO SPECIAL FEATURE;CURVE,GRADE;LOCAL STREET;TWO-WAY,NOT DIVIDED;SMOOTH ASPHALT;DRY;DAYLIGHT;CLEAR;NO CONTROL PRESENT;35.733258042;-78.77674974;-78.7765;35.7327;P047;118;0;0;;;NONE;;NONE;;PICKUP;PASSENGER CAR;;;;NO;20860;2020-05-04;12:07 PM;2020-05-04T16:07:00+00:00;35.733258042, -78.77674974;2020;No;No;5;NONE;NONE,NONE;NONE,NONE;PICKUP,PASSENGER CAR;PICKUP,PASSENGER CAR;PICKUP,PASSENGER CAR;PICKUP,PASSENGER CAR
44507;498 FEET FROM WRENN DRIVE;NO SPECIAL FEATURE;STRAIGHT,LEVEL;LOCAL STREET;TWO-WAY,NOT DIVIDED;COARSE ASPHALT;DRY;DAYLIGHT;CLEAR;NO CONTROL PRESENT;;;-78.7851;35.76519;;;0;0;;;NONE;;NONE;;OTHER *;PASSENGER CAR;;;;NO;20880;2020-05-08;11:14 AM;2020-05-08T15:14:00+00:00;;2020;No;No;5;NONE;NONE,NONE;NONE,NONE;OTHER *,PASSENGER CAR;OTHER *,PASSENGER CAR;OTHER *,PASSENGER CAR;OTHER *,PASSENGER CAR
44509;CARY;FOUR-WAY INTERSECTION;CURVE,HILLCREST;LOCAL STREET;TWO-WAY,DIVIDED,UNPROTECTED MEDIAN;SMOOTH ASPHALT;DRY;DAYLIGHT;CLEAR;STOP SIGN;35.727595281;-78.76930573;-78.7693;35.7277;P047;118;0;1;1;;NONE;;NONE;;PASSENGER CAR;PASSENGER CAR;;;;NO;20882;2020-05-08;11:29 AM;2020-05-08T15:29:00+00:00;35.727595281, -78.76930573;2020;No;Yes;5;NONE;NONE,NONE;NONE,NONE;PASSENGER CAR,PASSENGER CAR;PASSENGER CAR,PASSENGER CAR;PASSENGER CAR,PASSENGER CAR;PASSENGER CAR,PASSENGER CAR
44516;0 FEET FROM SR 1415 (SW MAYNARD RD);FOUR-WAY INTERSECTION;STRAIGHT,GRADE;STATE SECONDARY ROUTE;TWO-WAY,NOT DIVIDED;SMOOTH ASPHALT;WET;DAYLIGHT;RAIN;STOP AND GO SIGNAL;;;-78.8014;35.7758;;;0;0;;;NONE;;FAILURE TO OBEY TRAFFIC SIGNS, SIGNALS;;PASSENGER CAR;PASSENGER CAR;;;;NO;20889;2020-05-08;5:37:35 PM;2020-05-08T21:37:35+00:00;;2020;No;No;5;NONE;NONE,FAILURE TO OBEY TRAFFIC SIGNS, SIGNALS;NONE,FAILURE TO OBEY TRAFFIC SIGNS,SIGNALS;PASSENGER CAR,PASSENGER CAR;PASSENGER CAR,PASSENGER CAR;PASSENGER CAR,PASSENGER CAR;PASSENGER CAR,PASSENGER CAR
44517;CARY;NO SPECIAL FEATURE;STRAIGHT,LEVEL;STATE SECONDARY ROUTE;TWO-WAY,DIVIDED,POSITIVE MEDIAN BARRIER;SMOOTH ASPHALT;WET;DARK - LIGHTED ROADWAY;RAIN;STOP AND GO SIGNAL;;;-78.744051;35.760994;;;0;0;;;NONE;;NONE;;PASSENGER CAR;PICKUP;PASSENGER CAR;;;NO;20890;2020-05-08;9:32:26 PM;2020-05-09T01:32:26+00:00;;2020;No;No;5;NONE;NONE,NONE;NONE,NONE;PASSENGER CAR,PICKUP;PASSENGER CAR,PICKUP,PASSENGER CAR;PASSENGER CAR,PICKUP,PASSENGER CAR;PASSENGER CAR,PICKUP,PASSENGER CAR
44520;5 FEET FROM SR 1300 (KILDARIE FARM RD);FOUR-WAY INTERSECTION;STRAIGHT,LEVEL;STATE SECONDARY ROUTE;TWO-WAY,DIVIDED,UNPROTECTED MEDIAN;COARSE ASPHALT;DRY;DAYLIGHT;CLEAR;STOP AND GO SIGNAL;;;-78.779895;35.739999;;;0;0;;;NONE;;NONE;;SPORT UTILITY;VAN;;;;NO;20893;2020-05-11;10:39 AM;2020-05-11T14:39:00+00:00;;2020;No;No;5;NONE;NONE,NONE;NONE,NONE;SPORT UTILITY,VAN;SPORT UTILITY,VAN;SPORT UTILITY,VAN;SPORT UTILITY,VAN
44521;50 FEET FROM SR 1011 (OLD APEX RD);NO SPECIAL FEATURE;STRAIGHT,LEVEL;STATE SECONDARY ROUTE;TWO-WAY,NOT DIVIDED;SMOOTH ASPHALT;DRY;DAYLIGHT;CLEAR;STOP AND GO SIGNAL;;;-78.822275;35.761909;;117;0;0;1;;NONE;;NONE;;PASSENGER CAR;PASSENGER CAR;;;;NO;20894;2020-05-11;7:03:25 AM;2020-05-11T11:03:25+00:00;;2020;No;No;5;NONE;NONE,NONE;NONE,NONE;PASSENGER CAR,PASSENGER CAR;PASSENGER CAR,PASSENGER CAR;PASSENGER CAR,PASSENGER CAR;PASSENGER CAR,PASSENGER CAR
44533;100 FEET FROM NEW WAVERLY PL;NO SPECIAL FEATURE;STRAIGHT,GRADE;LOCAL STREET;TWO-WAY,DIVIDED,UNPROTECTED MEDIAN;COARSE ASPHALT;DRY;DAYLIGHT;CLEAR;NO CONTROL PRESENT;;;-78.776079;35.740613;;;0;0;;;OTHER *;;NONE;;SPORT UTILITY;;;;;NO;20906;2020-05-12;9:17:59 AM;2020-05-12T13:17:59+00:00;;2020;No;No;5;OTHER *;OTHER *,NONE;OTHER *,NONE;SPORT UTILITY;SPORT UTILITY;SPORT UTILITY;SPORT UTILITY
44534;100 FEET FROM SR 1633 (DAVIS DR);NO SPECIAL FEATURE;STRAIGHT,LEVEL;STATE SECONDARY ROUTE;TWO-WAY,DIVIDED,UNPROTECTED MEDIAN;SMOOTH ASPHALT;DRY;DAYLIGHT;CLEAR;STOP AND GO SIGNAL;;;-78.8475;35.7905;;;0;0;;;NONE;;NONE;;SINGLE UNIT TRUCK (2-AXLE- 6-TIRE);PASSENGER CAR;;;;NO;20907;2020-05-12;3:25:45 PM;2020-05-12T19:25:45+00:00;;2020;No;No;5;NONE;NONE,NONE;NONE,NONE;SINGLE UNIT TRUCK (2-AXLE- 6-TIRE),PASSENGER CAR;SINGLE UNIT TRUCK (2-AXLE- 6-TIRE),PASSENGER CAR;SINGLE UNIT TRUCK (2-AXLE- 6-TIRE),PASSENGER CAR;SINGLE UNIT TRUCK (2-AXLE- 6-TIRE),PASSENGER CAR
44541;CARY;NO SPECIAL FEATURE;STRAIGHT,LEVEL;PUBLIC VEHICULAR AREA;TWO-WAY,NOT DIVIDED;SMOOTH ASPHALT;DRY;DAYLIGHT;CLEAR;NO CONTROL PRESENT;;;-78.780947;35.805447;;;0;0;;;NONE;;NONE;;PASSENGER CAR;PASSENGER CAR;;;;NO;20914;2020-05-13;7:11:32 AM;2020-05-13T11:11:32+00:00;;2020;No;No;5;NONE;NONE,NONE;NONE,NONE;PASSENGER CAR,PASSENGER CAR;PASSENGER CAR,PASSENGER CAR;PASSENGER CAR,PASSENGER CAR;PASSENGER CAR,PASSENGER CAR
44544;450 FEET FROM SR 1300 (KILDARE FARM RD);NO SPECIAL FEATURE;STRAIGHT,LEVEL;STATE SECONDARY ROUTE;TWO-WAY,DIVIDED,UNPROTECTED MEDIAN;SMOOTH ASPHALT;DRY;DAYLIGHT;CLEAR;NO CONTROL PRESENT;;;-78.7926;35.7089;;116;0;0;;;;;NONE;;PASSENGER CAR;PICKUP;;;;NO;20917;2020-05-14;4:03:14 PM;2020-05-14T20:03:14+00:00;;2020;No;No;5;;NONE;NONE;PASSENGER CAR,PICKUP;PASSENGER CAR,PICKUP;PASSENGER CAR,PICKUP;PASSENGER CAR,PICKUP
44549;.75 MILES FROM PRESTONWOOD PKWY;RELATED TO INTERSECTION;STRAIGHT,LEVEL;LOCAL STREET;TWO-WAY,DIVIDED,UNPROTECTED MEDIAN;COARSE ASPHALT;DRY;DAYLIGHT;CLOUDY;NO CONTROL PRESENT;;;-78.836;35.794;;;0;0;;;NONE;;NONE;;SPORT UTILITY;;;;;NO;20922;2020-05-14;11:13 AM;2020-05-14T15:13:00+00:00;;2020;No;No;5;NONE;NONE,NONE;NONE,NONE;SPORT UTILITY;SPORT UTILITY;SPORT UTILITY;SPORT UTILITY
44550;.53 MILES FROM US 1 SB HWY;NO SPECIAL FEATURE;STRAIGHT,LEVEL;US ROUTE;ONE-WAY,NOT DIVIDED;SMOOTH ASPHALT;DRY;DARK - LIGHTED ROADWAY;CLEAR;NO CONTROL PRESENT;;;-78.7535;35.7581;;112;0;0;;;NONE;;NONE;;PASSENGER CAR;;;;;NO;20923;2020-05-15;10:40 PM;2020-05-16T02:40:00+00:00;;2020;No;No;5;NONE;NONE,NONE;NONE,NONE;PASSENGER CAR;PASSENGER CAR;PASSENGER CAR;PASSENGER CAR
44562;200 FEET FROM P.V.A. (1315 KILDAIRE FARM RD);DRIVEWAY, PUBLIC;STRAIGHT,LEVEL;PUBLIC VEHICULAR AREA;ONE-WAY,NOT DIVIDED;SMOOTH ASPHALT;DRY;DAYLIGHT;CLEAR;NO CONTROL PRESENT;;;-78.782411;35.760192;;;0;0;;;NONE;;NONE;;UNKNOWN;PASSENGER CAR;;;;NO;20935;2020-05-16;6:53:59 PM;2020-05-16T22:53:59+00:00;;2020;No;No;5;NONE;NONE,NONE;NONE,NONE;UNKNOWN,PASSENGER CAR;UNKNOWN,PASSENGER CAR;UNKNOWN,PASSENGER CAR;UNKNOWN,PASSENGER CAR
44563;CARY;NO SPECIAL FEATURE;STRAIGHT,LEVEL;LOCAL STREET;TWO-WAY,DIVIDED,UNPROTECTED MEDIAN;SMOOTH ASPHALT;DRY;DARK - LIGHTED ROADWAY;CLEAR;NO CONTROL PRESENT;;;-78.787;35.792;;;0;0;;;OTHER *;;NONE;;SPORT UTILITY;PASSENGER CAR;;;;NO;20936;2020-05-16;10:49 PM;2020-05-17T02:49:00+00:00;;2020;No;No;5;OTHER *;OTHER *,NONE;OTHER *,NONE;SPORT UTILITY,PASSENGER CAR;SPORT UTILITY,PASSENGER CAR;SPORT UTILITY,PASSENGER CAR;SPORT UTILITY,PASSENGER CAR
44567;.25 MILES FROM EDINBURGH SOUTH DR;NO SPECIAL FEATURE;CURVE,LEVEL;LOCAL STREET;TWO-WAY,NOT DIVIDED;COARSE ASPHALT;DRY;DAYLIGHT;CLEAR;NO CONTROL PRESENT;35.738732547;-78.79843887;-78.802366;35.739533;P041;116;0;0;;;NONE;;NONE;;;;;;;NO;20940;2020-05-17;10:02 AM;2020-05-17T14:02:00+00:00;35.738732547, -78.79843887;2020;No;No;5;NONE;NONE,NONE;NONE,NONE;;;;
44570;291 FEET FROM PVA (2010 KILDAIRE FARM RD);NO SPECIAL FEATURE;STRAIGHT,LEVEL;PUBLIC VEHICULAR AREA;TWO-WAY,NOT DIVIDED;SMOOTH ASPHALT;DRY;DAYLIGHT;CLEAR;NO CONTROL PRESENT;;;-78.782973;35.736688;;;0;0;;;NONE;;NONE;;PASSENGER CAR;SPORT UTILITY;;;;NO;20943;2020-05-18;11:14 PM;2020-05-19T03:14:00+00:00;;2020;No;No;5;NONE;NONE,NONE;NONE,NONE;PASSENGER CAR,SPORT UTILITY;PASSENGER CAR,SPORT UTILITY;PASSENGER CAR,SPORT UTILITY;PASSENGER CAR,SPORT UTILITY
44572;.42 MILES FROM US 1 HWY;NO SPECIAL FEATURE;STRAIGHT,LEVEL;US ROUTE;TWO-WAY,DIVIDED,POSITIVE MEDIAN BARRIER;SMOOTH ASPHALT;DRY;DAYLIGHT;CLEAR;NO CONTROL PRESENT;;;-78.798;35.7344;;115;0;0;;;NONE;;NONE;;TRUCK/TRAILER;;;;;NO;20945;2020-05-15;2:27:31 PM;2020-05-15T18:27:31+00:00;;2020;No;No;5;NONE;NONE,NONE;NONE,NONE;TRUCK/TRAILER;TRUCK/TRAILER;TRUCK/TRAILER;TRUCK/TRAILER
44576;CARY;FOUR-WAY INTERSECTION;STRAIGHT,LEVEL;STATE SECONDARY ROUTE;TWO-WAY,DIVIDED,UNPROTECTED MEDIAN;COARSE ASPHALT;WET;DAYLIGHT;RAIN;STOP AND GO SIGNAL;;;-78.828;35.789;;;0;0;;;NONE;;NONE;;PASSENGER CAR;SPORT UTILITY;PASSENGER CAR;;;NO;20949;2020-05-20;11:38 AM;2020-05-20T15:38:00+00:00;;2020;No;No;5;NONE;NONE,NONE;NONE,NONE;PASSENGER CAR,SPORT UTILITY;PASSENGER CAR,SPORT UTILITY,PASSENGER CAR;PASSENGER CAR,SPORT UTILITY,PASSENGER CAR;PASSENGER CAR,SPORT UTILITY,PASSENGER CAR
44586;50 FEET FROM LOCH HIGHLANDS DR;T-INTERSECTION;STRAIGHT,LEVEL;STATE SECONDARY ROUTE;TWO-WAY,DIVIDED,UNPROTECTED MEDIAN;SMOOTH ASPHALT;WET;DARK - LIGHTED ROADWAY;RAIN;STOP AND GO SIGNAL;;;-78.7799;35.7226;;;0;0;;;NONE;;NONE;;PASSENGER CAR;;;;;NO;20959;2020-05-22;5:47:25 AM;2020-05-22T09:47:25+00:00;;2020;No;No;5;NONE;NONE,NONE;NONE,NONE;PASSENGER CAR;PASSENGER CAR;PASSENGER CAR;PASSENGER CAR