tamainid;location_description;rdfeature;rdcharacter;rdclass;rdconfigur;rdsurface;rdcondition;lightcond;weather;trafcontrl;lat;lon;lon2;lat2;tract;zone;fatality;possblinj;numpassengers;numpedestrians;contrcir1_desc;contrcir2_desc;contrcir3_desc;contrcir4_desc;vehicle1;vehicle2;vehicle3;vehicle4;vehicle5;workarea;records;ta_date;ta_time;crash_date;geo_location;year;fatalities;injuries;month;contrfact1;contrfact2;contributing_factor;vehicleconcat1;vehicleconcat2;vehicleconcat3;vehicle_type
45216;CARY;T-INTERSECTION;STRAIGHT,LEVEL;STATE SECONDARY ROUTE;TWO-WAY,DIVIDED,UNPROTECTED MEDIAN;SMOOTH ASPHALT;DRY;DAYLIGHT;CLEAR;STOP AND GO SIGNAL;;;-78.776733;35.75762;;;0;0;;;NONE;;NONE;;PASSENGER CAR;SPORT UTILITY;;;;NO;21588;2020-08-04;1:49:50 PM;2020-08-04T17:49:50+00:00;;2020;No;No;8;NONE;NONE,NONE;NONE,NONE;PASSENGER CAR,SPORT UTILITY;PASSENGER CAR,SPORT UTILITY;PASSENGER CAR,SPORT UTILITY;PASSENGER CAR,SPORT UTILITY
45222;15 FEET FROM NC 54 (NW MAYNARD RD);NO SPECIAL FEATURE;STRAIGHT,GRADE;NC ROUTE;TWO-WAY,DIVIDED,UNPROTECTED MEDIAN;SMOOTH ASPHALT;DRY;DAYLIGHT;CLOUDY;NO CONTROL PRESENT;;;-78.796076;35.798852;;;0;0;1;;;;NONE;;PASSENGER CAR;PASSENGER CAR;;;;NO;21594;2020-08-06;4:29:35 PM;2020-08-06T20:29:35+00:00;;2020;No;No;8;;NONE;NONE;PASSENGER CAR,PASSENGER CAR;PASSENGER CAR,PASSENGER CAR;PASSENGER CAR,PASSENGER CAR;PASSENGER CAR,PASSENGER CAR
45227;100 FEET FROM SR 1615 (GREEN LEVEL WEST RD);NO SPECIAL FEATURE;STRAIGHT,LEVEL;STATE SECONDARY ROUTE;TWO-WAY,DIVIDED,UNPROTECTED MEDIAN;SMOOTH ASPHALT;DRY;DAYLIGHT;CLEAR;NO CONTROL PRESENT;;;-78.8744;35.7871;;117;0;0;;;;;NONE;;;;;;;NO;21599;2020-08-07;9:35:53 AM;2020-08-07T13:35:53+00:00;;2020;No;No;8;;NONE;NONE;;;;
45228;.55 MILES FROM US 1 HWY;NO SPECIAL FEATURE;STRAIGHT,LEVEL;US ROUTE;TWO-WAY,DIVIDED,POSITIVE MEDIAN BARRIER;CONCRETE;DRY;DAYLIGHT;CLOUDY;NO CONTROL PRESENT;;;-78.7626;35.7531;;;0;1;;;NONE;;NONE;;PICKUP;SPORT UTILITY;;;;NO;21600;2020-08-06;7:29:48 PM;2020-08-06T23:29:48+00:00;;2020;No;Yes;8;NONE;NONE,NONE;NONE,NONE;PICKUP,SPORT UTILITY;PICKUP,SPORT UTILITY;PICKUP,SPORT UTILITY;PICKUP,SPORT UTILITY
45229;10 FEET FROM US 1 / OFF RAMP;OFF-RAMP PROPER;STRAIGHT,GRADE;US ROUTE;ONE-WAY,NOT DIVIDED;SMOOTH ASPHALT;DRY;DAYLIGHT;CLOUDY;STOP AND GO SIGNAL;;;-78.79658;35.735851;;;0;0;;;NONE;;NONE;;SPORT UTILITY;PICKUP;;;;NO;21601;2020-08-06;11:02 PM;2020-08-07T03:02:00+00:00;;2020;No;No;8;NONE;NONE,NONE;NONE,NONE;SPORT UTILITY,PICKUP;SPORT UTILITY,PICKUP;SPORT UTILITY,PICKUP;SPORT UTILITY,PICKUP
45230;223 FEET FROM PVA OF 2080 SR 1300 (KILDAIRE;DRIVEWAY, PUBLIC;STRAIGHT,GRADE;PUBLIC VEHICULAR AREA;TWO-WAY,NOT DIVIDED;COARSE ASPHALT;DRY;DAYLIGHT;CLEAR;NO CONTROL PRESENT;;;-78.780057;35.735749;;;0;0;;;NONE;;NONE;;SPORT UTILITY;PASSENGER CAR;;;;NO;21602;2020-08-07;12:30 PM;2020-08-07T16:30:00+00:00;;2020;No;No;8;NONE;NONE,NONE;NONE,NONE;SPORT UTILITY,PASSENGER CAR;SPORT UTILITY,PASSENGER CAR;SPORT UTILITY,PASSENGER CAR;SPORT UTILITY,PASSENGER CAR
45250;0.11 MILES FROM P.V.A (SUPER CUTS);NO SPECIAL FEATURE;STRAIGHT,LEVEL;PUBLIC VEHICULAR AREA;TWO-WAY,NOT DIVIDED;SMOOTH ASPHALT;DRY;DAYLIGHT;CLEAR;NO CONTROL PRESENT;;;-78.781;35.804;;;0;1;;;NONE;;NONE;;PASSENGER CAR;;;;;NO;21622;2020-08-09;1:51:54 PM;2020-08-09T17:51:54+00:00;;2020;No;Yes;8;NONE;NONE,NONE;NONE,NONE;PASSENGER CAR;PASSENGER CAR;PASSENGER CAR;PASSENGER CAR
45251;0.17 MILES FROM P.V.A. (2430 WALNUT ST);DRIVEWAY, PUBLIC;STRAIGHT,LEVEL;PUBLIC VEHICULAR AREA;TWO-WAY,NOT DIVIDED;SMOOTH ASPHALT;DRY;DAYLIGHT;CLEAR;STOP AND GO SIGNAL;;;-78.741388;35.753107;;;0;0;1;;NONE;;NONE;;PASSENGER CAR;PASSENGER CAR;;;;NO;21623;2020-08-10;3:32:42 PM;2020-08-10T19:32:42+00:00;;2020;No;No;8;NONE;NONE,NONE;NONE,NONE;PASSENGER CAR,PASSENGER CAR;PASSENGER CAR,PASSENGER CAR;PASSENGER CAR,PASSENGER CAR;PASSENGER CAR,PASSENGER CAR
45253;300 FEET FROM P.V.A (710 CARY TOWN BLVD);NO SPECIAL FEATURE;STRAIGHT,BOTTOM (SAG);PUBLIC VEHICULAR AREA;TWO-WAY,NOT DIVIDED;SMOOTH ASPHALT;DRY;DAYLIGHT;CLEAR;NO CONTROL PRESENT;;;-78.765894;35.776207;;;0;0;;;NONE;;NONE;;SPORT UTILITY;SPORT UTILITY;;;;NO;21625;2020-08-10;2:59:10 PM;2020-08-10T18:59:10+00:00;;2020;No;No;8;NONE;NONE,NONE;NONE,NONE;SPORT UTILITY,SPORT UTILITY;SPORT UTILITY,SPORT UTILITY;SPORT UTILITY,SPORT UTILITY;SPORT UTILITY,SPORT UTILITY
45254;225 FEET FROM SR 1731 (PVA 7129 OKELLY CHAPE;DRIVEWAY, PUBLIC;STRAIGHT,LEVEL;PUBLIC VEHICULAR AREA;TWO-WAY,NOT DIVIDED;SMOOTH ASPHALT;DRY;DAYLIGHT;CLEAR;NO CONTROL PRESENT;;;-78.886214;35.84457;;119;0;0;1;;NONE;;NONE;;PASSENGER CAR;SPORT UTILITY;;;;NO;21626;2020-08-10;4:56:47 PM;2020-08-10T20:56:47+00:00;;2020;No;No;8;NONE;NONE,NONE;NONE,NONE;PASSENGER CAR,SPORT UTILITY;PASSENGER CAR,SPORT UTILITY;PASSENGER CAR,SPORT UTILITY;PASSENGER CAR,SPORT UTILITY
45261;150 FEET FROM P.V.A. (1951 HIGH HOUSE RD);NO SPECIAL FEATURE;STRAIGHT,LEVEL;PUBLIC VEHICULAR AREA;TWO-WAY,NOT DIVIDED;SMOOTH ASPHALT;DRY;DAYLIGHT;CLEAR;NO CONTROL PRESENT;;;-78.8491;35.78952;;;0;0;;;NONE;;NONE;;PICKUP;PASSENGER CAR;;;;NO;21633;2020-08-10;8:42:06 AM;2020-08-10T12:42:06+00:00;;2020;No;No;8;NONE;NONE,NONE;NONE,NONE;PICKUP,PASSENGER CAR;PICKUP,PASSENGER CAR;PICKUP,PASSENGER CAR;PICKUP,PASSENGER CAR
45265;.1 MILES FROM QUEENSFERRY RD;NO SPECIAL FEATURE;STRAIGHT,LEVEL;LOCAL STREET;TWO-WAY,NOT DIVIDED;SMOOTH ASPHALT;DRY;DAYLIGHT;CLEAR;NO CONTROL PRESENT;;;-78.802673;35.760935;;;0;0;3;;NONE;;NONE;;SPORT UTILITY;PASSENGER CAR;;;;NO;21637;2020-08-11;2:26:19 PM;2020-08-11T18:26:19+00:00;;2020;No;No;8;NONE;NONE,NONE;NONE,NONE;SPORT UTILITY,PASSENGER CAR;SPORT UTILITY,PASSENGER CAR;SPORT UTILITY,PASSENGER CAR;SPORT UTILITY,PASSENGER CAR
45271;.1 MILES FROM US 64 HWY;NO SPECIAL FEATURE;STRAIGHT,GRADE;US ROUTE;TWO-WAY,DIVIDED,UNPROTECTED MEDIAN;COARSE ASPHALT;DRY;DAYLIGHT;CLEAR;NO CONTROL PRESENT;;;-78.801222;35.739565;;;0;0;1;;NONE;;NONE;;PICKUP;PICKUP;;;;NO;21643;2020-08-14;11:06 AM;2020-08-14T15:06:00+00:00;;2020;No;No;8;NONE;NONE,NONE;NONE,NONE;PICKUP,PICKUP;PICKUP,PICKUP;PICKUP,PICKUP;PICKUP,PICKUP
45272;200 FEET FROM CAITBOO AVE;NO SPECIAL FEATURE;STRAIGHT,LEVEL;LOCAL STREET;TWO-WAY,NOT DIVIDED;SMOOTH ASPHALT;DRY;DAYLIGHT;CLEAR;NO CONTROL PRESENT;35.759541366;-78.74137283;-78.7418;35.7603;P120;118;0;0;;;NONE;;NONE;;PICKUP;SPORT UTILITY;PASSENGER CAR;;;NO;21644;2020-08-13;9:26:34 AM;2020-08-13T13:26:34+00:00;35.759541366, -78.74137283;2020;No;No;8;NONE;NONE,NONE;NONE,NONE;PICKUP,SPORT UTILITY;PICKUP,SPORT UTILITY,PASSENGER CAR;PICKUP,SPORT UTILITY,PASSENGER CAR;PICKUP,SPORT UTILITY,PASSENGER CAR
45276;.2 MILES FROM P.V.A. (446 CROSSROADS BLVD);NO SPECIAL FEATURE;STRAIGHT,LEVEL;PUBLIC VEHICULAR AREA;TWO-WAY,NOT DIVIDED;COARSE ASPHALT;DRY;DAYLIGHT;CLEAR;NO CONTROL PRESENT;;;-78.734238;35.759052;;;0;0;;;NONE;;NONE;;PICKUP;PASSENGER CAR;;;;NO;21648;2020-08-14;2:28:12 PM;2020-08-14T18:28:12+00:00;;2020;No;No;8;NONE;NONE,NONE;NONE,NONE;PICKUP,PASSENGER CAR;PICKUP,PASSENGER CAR;PICKUP,PASSENGER CAR;PICKUP,PASSENGER CAR
45277;25 FEET FROM SR1624 (CARPENTER FIRE STAT RD;RELATED TO INTERSECTION;STRAIGHT,GRADE;STATE SECONDARY ROUTE;TWO-WAY,NOT DIVIDED;COARSE ASPHALT;DRY;DAYLIGHT;CLEAR;STOP AND GO SIGNAL;;;-78.874387;35.823349;;;0;0;;;NONE;;NONE;;PASSENGER CAR;PASSENGER CAR;;;;NO;21649;2020-08-14;2:19:06 PM;2020-08-14T18:19:06+00:00;;2020;No;No;8;NONE;NONE,NONE;NONE,NONE;PASSENGER CAR,PASSENGER CAR;PASSENGER CAR,PASSENGER CAR;PASSENGER CAR,PASSENGER CAR;PASSENGER CAR,PASSENGER CAR
45286;.25 MILES FROM SR 5808 (E CHATHAM ST);NO SPECIAL FEATURE;STRAIGHT,LEVEL;STATE SECONDARY ROUTE;TWO-WAY,NOT DIVIDED;SMOOTH ASPHALT;WET;DAYLIGHT;RAIN;;;;-78.7601;35.791784;;120;0;0;;;NONE;;NONE;;PICKUP;;;;;NO;21658;2020-08-15;6:40:56 PM;2020-08-15T22:40:56+00:00;;2020;No;No;8;NONE;NONE,NONE;NONE,NONE;PICKUP;PICKUP;PICKUP;PICKUP
45291;225 FEET FROM P.V.A. 8745 SR 1152 (HOLLY SPR;DRIVEWAY, PUBLIC;STRAIGHT,GRADE;PUBLIC VEHICULAR AREA;TWO-WAY,NOT DIVIDED;SMOOTH ASPHALT;DRY;DAYLIGHT;CLEAR;NO CONTROL PRESENT;;;-78.7735;35.6933;;;0;0;;;NONE;;NONE;;SPORT UTILITY;VAN;;;;NO;21663;2020-08-17;2:04:40 PM;2020-08-17T18:04:40+00:00;;2020;No;No;8;NONE;NONE,NONE;NONE,NONE;SPORT UTILITY,VAN;SPORT UTILITY,VAN;SPORT UTILITY,VAN;SPORT UTILITY,VAN
45302;225 FEET FROM P.V.A. 8745 SR 1152 (HOLLY SPR;;;;;;;;;;;;;;;;0;0;1;;;;;;VAN;;;;;;21674;2020-08-17;12:24 PM;2020-08-17T16:24:00+00:00;;2020;No;No;8;;;;VAN;VAN;VAN;VAN
45319;100 FEET FROM SR 1613 (DAVIS DR);NO SPECIAL FEATURE;STRAIGHT,LEVEL;STATE SECONDARY ROUTE;TWO-WAY,DIVIDED,UNPROTECTED MEDIAN;SMOOTH ASPHALT;DRY;DAYLIGHT;CLEAR;NO CONTROL PRESENT;;;-78.848757;35.7903366;;;0;0;1;;NONE;;NONE;;PASSENGER CAR;PASSENGER CAR;;;;NO;21691;2020-08-21;2:59:16 PM;2020-08-21T18:59:16+00:00;;2020;No;No;8;NONE;NONE,NONE;NONE,NONE;PASSENGER CAR,PASSENGER CAR;PASSENGER CAR,PASSENGER CAR;PASSENGER CAR,PASSENGER CAR;PASSENGER CAR,PASSENGER CAR
45322;5 FEET FROM UPCHURCH MEADOW DR;T-INTERSECTION;STRAIGHT,LEVEL;LOCAL STREET;TWO-WAY,NOT DIVIDED;SMOOTH ASPHALT;DRY;DAYLIGHT;CLOUDY;STOP SIGN;35.800553174;-78.85878954;-78.858837;35.800621;P070;121;0;0;;;NONE;;NONE;;PASSENGER CAR;PASSENGER CAR;;;;NO;21694;2020-08-21;4:19:14 PM;2020-08-21T20:19:14+00:00;35.800553174, -78.85878954;2020;No;No;8;NONE;NONE,NONE;NONE,NONE;PASSENGER CAR,PASSENGER CAR;PASSENGER CAR,PASSENGER CAR;PASSENGER CAR,PASSENGER CAR;PASSENGER CAR,PASSENGER CAR
45323;20 FEET FROM NC 54 (NE MAYNARD RD);FOUR-WAY INTERSECTION;STRAIGHT,LEVEL;NC ROUTE;TWO-WAY,DIVIDED,UNPROTECTED MEDIAN;SMOOTH ASPHALT;DRY;DARK - LIGHTED ROADWAY;CLOUDY;STOP AND GO SIGNAL;;;-78.782888;35.802755;;;0;0;;;NONE;;NONE;;PICKUP;PASSENGER CAR;;;;NO;21695;2020-08-14;8:23:51 PM;2020-08-15T00:23:51+00:00;;2020;No;No;8;NONE;NONE,NONE;NONE,NONE;PICKUP,PASSENGER CAR;PICKUP,PASSENGER CAR;PICKUP,PASSENGER CAR;PICKUP,PASSENGER CAR
45325;30 FEET FROM US 64;FOUR-WAY INTERSECTION;STRAIGHT,LEVEL;US ROUTE;TWO-WAY,DIVIDED,POSITIVE MEDIAN BARRIER;SMOOTH ASPHALT;DRY;DAYLIGHT;CLOUDY;STOP AND GO SIGNAL;;;-78.798474;35.738724;;;0;0;;;NONE;;NONE;;PASSENGER CAR;PASSENGER CAR;;;;NO;21697;2020-08-21;6:03:43 PM;2020-08-21T22:03:43+00:00;;2020;No;No;8;NONE;NONE,NONE;NONE,NONE;PASSENGER CAR,PASSENGER CAR;PASSENGER CAR,PASSENGER CAR;PASSENGER CAR,PASSENGER CAR;PASSENGER CAR,PASSENGER CAR
45329;250 FEET FROM PVA 900 DUNCAN VALE WAY;NO SPECIAL FEATURE;STRAIGHT,LEVEL;PUBLIC VEHICULAR AREA;TWO-WAY,NOT DIVIDED;SMOOTH ASPHALT;DRY;DAYLIGHT;CLEAR;NO CONTROL PRESENT;;;-78.79716;35.783608;;;0;0;;;NONE;;NONE;;PASSENGER CAR;;;;;NO;21701;2020-08-21;2:25:29 PM;2020-08-21T18:25:29+00:00;;2020;No;No;8;NONE;NONE,NONE;NONE,NONE;PASSENGER CAR;PASSENGER CAR;PASSENGER CAR;PASSENGER CAR
45334;300 FEET FROM SR1009 TRYON RD;RELATED TO INTERSECTION;STRAIGHT,LEVEL;STATE SECONDARY ROUTE;TWO-WAY,DIVIDED,UNPROTECTED MEDIAN;SMOOTH ASPHALT;DRY;DAYLIGHT;CLEAR;STOP AND GO SIGNAL;;;-78.779024;35.74018;;;0;0;;;NONE;;NONE;;PASSENGER CAR;;;;;NO;21706;2020-08-21;2:14:12 PM;2020-08-21T18:14:12+00:00;;2020;No;No;8;NONE;NONE,NONE;NONE,NONE;PASSENGER CAR;PASSENGER CAR;PASSENGER CAR;PASSENGER CAR
45335;.1 MILES FROM P.V.A. (COLONADES WAY);FOUR-WAY INTERSECTION;STRAIGHT,LEVEL;PUBLIC VEHICULAR AREA;TWO-WAY,DIVIDED,POSITIVE MEDIAN BARRIER;COARSE ASPHALT;DRY;DAYLIGHT;CLOUDY;STOP SIGN;;;-78.778093;35.739696;;;0;0;;;NONE;;NONE;;SPORT UTILITY;PASSENGER CAR;;;;NO;21707;2020-08-21;1:55:21 PM;2020-08-21T17:55:21+00:00;;2020;No;No;8;NONE;NONE,NONE;NONE,NONE;SPORT UTILITY,PASSENGER CAR;SPORT UTILITY,PASSENGER CAR;SPORT UTILITY,PASSENGER CAR;SPORT UTILITY,PASSENGER CAR
45338;240 FEET FROM S.R. 1319 (JONES FRANKLIN RD);NO SPECIAL FEATURE;STRAIGHT,GRADE;STATE SECONDARY ROUTE;TWO-WAY,DIVIDED,UNPROTECTED MEDIAN;SMOOTH ASPHALT;DRY;DAYLIGHT;CLEAR;NO CONTROL PRESENT;;;-78.73865;35.74494;;;0;0;;;NONE;;NONE;;PICKUP;PASSENGER CAR;;;;NO;21710;2020-08-22;3:35:49 PM;2020-08-22T19:35:49+00:00;;2020;No;No;8;NONE;NONE,NONE;NONE,NONE;PICKUP,PASSENGER CAR;PICKUP,PASSENGER CAR;PICKUP,PASSENGER CAR;PICKUP,PASSENGER CAR
45339;100 FEET FROM WRENN DR;RELATED TO INTERSECTION;STRAIGHT,LEVEL;LOCAL STREET;TWO-WAY,NOT DIVIDED;SMOOTH ASPHALT;DRY;DARK - LIGHTED ROADWAY;CLEAR;NO CONTROL PRESENT;35.764834089;-78.78489887;-78.7845;35.7649;P039;115;0;0;1;;NONE;;NONE;;PASSENGER CAR;PASSENGER CAR;;;;NO;21711;2020-08-22;10:12 PM;2020-08-23T02:12:00+00:00;35.764834089, -78.78489887;2020;No;No;8;NONE;NONE,NONE;NONE,NONE;PASSENGER CAR,PASSENGER CAR;PASSENGER CAR,PASSENGER CAR;PASSENGER CAR,PASSENGER CAR;PASSENGER CAR,PASSENGER CAR
45341;.78 MILES FROM US 1 NB;;;;;;;;;;;;;;;;0;0;;;;;;;PASSENGER CAR;PICKUP;;;;;21713;2020-08-22;9:35:11 AM;2020-08-22T13:35:11+00:00;;2020;No;No;8;;;;PASSENGER CAR,PICKUP;PASSENGER CAR,PICKUP;PASSENGER CAR,PICKUP;PASSENGER CAR,PICKUP
45344;170 FEET FROM PVA (1979 HIGH HOUSE RD);DRIVEWAY, PUBLIC;STRAIGHT,LEVEL;PUBLIC VEHICULAR AREA;TWO-WAY,NOT DIVIDED;SMOOTH ASPHALT;DRY;DAYLIGHT;CLEAR;NO CONTROL PRESENT;;;-78.847839;35.788671;;117;0;0;;;NONE;;NONE;;PASSENGER CAR;PASSENGER CAR;;;;NO;21716;2020-08-22;7:23:03 PM;2020-08-22T23:23:03+00:00;;2020;No;No;8;NONE;NONE,NONE;NONE,NONE;PASSENGER CAR,PASSENGER CAR;PASSENGER CAR,PASSENGER CAR;PASSENGER CAR,PASSENGER CAR;PASSENGER CAR,PASSENGER CAR
45347;CARY;NO SPECIAL FEATURE;STRAIGHT,LEVEL;STATE SECONDARY ROUTE;TWO-WAY,DIVIDED,UNPROTECTED MEDIAN;COARSE ASPHALT;DRY;DAYLIGHT;CLEAR;STOP AND GO SIGNAL;;;-78.8002;35.816;;;0;0;;;NONE;;NONE;;PASSENGER CAR;;;;;NO;21719;2020-08-23;10:40 AM;2020-08-23T14:40:00+00:00;;2020;No;No;8;NONE;NONE,NONE;NONE,NONE;PASSENGER CAR;PASSENGER CAR;PASSENGER CAR;PASSENGER CAR
45352;30 FEET FROM KINGSCLERE DR;NO SPECIAL FEATURE;STRAIGHT,LEVEL;LOCAL STREET;TWO-WAY,NOT DIVIDED;SMOOTH ASPHALT;DRY;UNKNOWN;CLEAR;NO CONTROL PRESENT;;;-78.775675;35.75613;;115;0;0;;;NONE;;NONE;;PASSENGER CAR;PASSENGER CAR;;;;NO;21724;2020-08-20;10:14 AM;2020-08-20T14:14:00+00:00;;2020;No;No;8;NONE;NONE,NONE;NONE,NONE;PASSENGER CAR,PASSENGER CAR;PASSENGER CAR,PASSENGER CAR;PASSENGER CAR,PASSENGER CAR;PASSENGER CAR,PASSENGER CAR
45357;400 FEET FROM BRANNIFF DR;NO SPECIAL FEATURE;CURVE,GRADE;LOCAL STREET;TWO-WAY,NOT DIVIDED;SMOOTH ASPHALT;DRY;DAYLIGHT;CLEAR;NO CONTROL PRESENT;35.795973862;-78.76710806;-78.7697;35.796304;P031;113;0;0;;;NONE;;NONE;;;;;;;NO;21729;2020-08-22;5:19:56 PM;2020-08-22T21:19:56+00:00;35.795973862, -78.76710806;2020;No;No;8;NONE;NONE,NONE;NONE,NONE;;;;
45365;200 FEET FROM PVA (1393 KILDAIRE FARM RD);NO SPECIAL FEATURE;STRAIGHT,LEVEL;PUBLIC VEHICULAR AREA;TWO-WAY,NOT DIVIDED;SMOOTH ASPHALT;DRY;DAYLIGHT;CLEAR;NO CONTROL PRESENT;;;-78.781864;35.75895;;;0;0;;;NONE;;NONE;;PICKUP;PASSENGER CAR;;;;NO;21737;2020-08-24;5:10:53 PM;2020-08-24T21:10:53+00:00;;2020;No;No;8;NONE;NONE,NONE;NONE,NONE;PICKUP,PASSENGER CAR;PICKUP,PASSENGER CAR;PICKUP,PASSENGER CAR;PICKUP,PASSENGER CAR
45378;430 FEET FROM P.V.A. (2010 SR 1300);DRIVEWAY, PUBLIC;STRAIGHT,GRADE;PUBLIC VEHICULAR AREA;TWO-WAY,NOT DIVIDED;COARSE ASPHALT;DRY;DAYLIGHT;CLEAR;NO CONTROL PRESENT;;;-78.781531;35.737163;;;0;0;;;NONE;;NONE;;PICKUP;SPORT UTILITY;;;;NO;21750;2020-08-27;11:33 AM;2020-08-27T15:33:00+00:00;;2020;No;No;8;NONE;NONE,NONE;NONE,NONE;PICKUP,SPORT UTILITY;PICKUP,SPORT UTILITY;PICKUP,SPORT UTILITY;PICKUP,SPORT UTILITY
45380;CARY;OFF-RAMP TERMINAL ON CROSSROAD;STRAIGHT,LEVEL;US ROUTE;TWO-WAY,DIVIDED,POSITIVE MEDIAN BARRIER;SMOOTH ASPHALT;DRY;DAYLIGHT;CLEAR;STOP AND GO SIGNAL;;;-78.794621;35.737985;;;0;0;;;NONE;;NONE;;PASSENGER CAR;SPORT UTILITY;;;;NO;21752;2020-08-27;3:46:04 PM;2020-08-27T19:46:04+00:00;;2020;No;No;8;NONE;NONE,NONE;NONE,NONE;PASSENGER CAR,SPORT UTILITY;PASSENGER CAR,SPORT UTILITY;PASSENGER CAR,SPORT UTILITY;PASSENGER CAR,SPORT UTILITY
45382;180 FEET FROM PVA (1155 KILDAIRE FARM RD);NO SPECIAL FEATURE;STRAIGHT,LEVEL;PUBLIC VEHICULAR AREA;TWO-WAY,NOT DIVIDED;SMOOTH ASPHALT;DRY;DAYLIGHT;CLEAR;NO CONTROL PRESENT;;;-78.782976;35.764999;;;0;0;;;NONE;;NONE;;PASSENGER CAR;PASSENGER CAR;;;;NO;21754;2020-08-28;2:18:27 PM;2020-08-28T18:18:27+00:00;;2020;No;No;8;NONE;NONE,NONE;NONE,NONE;PASSENGER CAR,PASSENGER CAR;PASSENGER CAR,PASSENGER CAR;PASSENGER CAR,PASSENGER CAR;PASSENGER CAR,PASSENGER CAR
45384;00 FEET FROM SR 1300 (KILDAIRE FARM RD);FOUR-WAY INTERSECTION;STRAIGHT,LEVEL;STATE SECONDARY ROUTE;TWO-WAY,DIVIDED,POSITIVE MEDIAN BARRIER;SMOOTH ASPHALT;DRY;DARK - LIGHTED ROADWAY;CLOUDY;STOP AND GO SIGNAL;;;-78.782961;35.757908;;;0;1;;;NONE;;NONE;;PASSENGER CAR;PASSENGER CAR;;;;NO;21756;2020-08-26;10:47 PM;2020-08-27T02:47:00+00:00;;2020;No;Yes;8;NONE;NONE,NONE;NONE,NONE;PASSENGER CAR,PASSENGER CAR;PASSENGER CAR,PASSENGER CAR;PASSENGER CAR,PASSENGER CAR;PASSENGER CAR,PASSENGER CAR
45385;100 FEET FROM SR-1300 KILDAIRE FARM RD;NO SPECIAL FEATURE;STRAIGHT,LEVEL;STATE SECONDARY ROUTE;TWO-WAY,NOT DIVIDED;SMOOTH ASPHALT;DRY;DARK - LIGHTED ROADWAY;CLEAR;NO CONTROL PRESENT;;;-78.78192;35.77082;;120;0;0;;;;;NONE;;PASSENGER CAR;;;;;NO;21757;2020-08-28;8:51:41 PM;2020-08-29T00:51:41+00:00;;2020;No;No;8;;NONE;NONE;PASSENGER CAR;PASSENGER CAR;PASSENGER CAR;PASSENGER CAR
45405;CARY;NO SPECIAL FEATURE;STRAIGHT,LEVEL;PUBLIC VEHICULAR AREA;TWO-WAY,NOT DIVIDED;SOIL;WET;DARK - LIGHTED ROADWAY;RAIN;NO CONTROL PRESENT;35.738732519;-78.79843887;-78.7986;35.737;P041;116;0;0;;;NONE;;NONE;;SPORT UTILITY;;;;;NO;21777;2020-08-31;12:09 AM;2020-08-31T04:09:00+00:00;35.738732519, -78.79843887;2020;No;No;8;NONE;NONE,NONE;NONE,NONE;SPORT UTILITY;SPORT UTILITY;SPORT UTILITY;SPORT UTILITY
45409;75 FEET FROM US 1 HWY NB;NO SPECIAL FEATURE;STRAIGHT,LEVEL;US ROUTE;TWO-WAY,DIVIDED,POSITIVE MEDIAN BARRIER;SMOOTH ASPHALT;WET;DAYLIGHT;RAIN;NO CONTROL PRESENT;;;-78.79335;35.73697;;;0;0;;;NONE;;NONE;;PASSENGER CAR;SPORT UTILITY;;;;NO;21781;2020-08-31;6:58:36 PM;2020-08-31T22:58:36+00:00;;2020;No;No;8;NONE;NONE,NONE;NONE,NONE;PASSENGER CAR,SPORT UTILITY;PASSENGER CAR,SPORT UTILITY;PASSENGER CAR,SPORT UTILITY;PASSENGER CAR,SPORT UTILITY
45416;200 FEET FROM COLONADES WAY;DRIVEWAY, PUBLIC;STRAIGHT,LEVEL;PUBLIC VEHICULAR AREA;TWO-WAY,NOT DIVIDED;SMOOTH ASPHALT;DRY;DAYLIGHT;CLOUDY;NO CONTROL PRESENT;35.737890376;-78.77946603;-78.777619;35.74035;P053;116;0;0;;;NONE;;NONE;;PASSENGER CAR;PASSENGER CAR;;;;NO;21788;2020-09-01;3:43:29 PM;2020-09-01T19:43:29+00:00;35.737890376, -78.77946603;2020;No;No;9;NONE;NONE,NONE;NONE,NONE;PASSENGER CAR,PASSENGER CAR;PASSENGER CAR,PASSENGER CAR;PASSENGER CAR,PASSENGER CAR;PASSENGER CAR,PASSENGER CAR
45428;20 FEET FROM SR 3081 (CHAPEL HILL RD);RELATED TO INTERSECTION;STRAIGHT,LEVEL;STATE SECONDARY ROUTE;TWO-WAY,NOT DIVIDED;SMOOTH ASPHALT;DRY;DAYLIGHT;CLOUDY;STOP AND GO SIGNAL;;;-78.78333;35.79173;;;0;0;;;;;NONE;;PASSENGER CAR;PASSENGER CAR;;;;NO;21800;2020-09-02;5:19:57 PM;2020-09-02T21:19:57+00:00;;2020;No;No;9;;NONE;NONE;PASSENGER CAR,PASSENGER CAR;PASSENGER CAR,PASSENGER CAR;PASSENGER CAR,PASSENGER CAR;PASSENGER CAR,PASSENGER CAR
45430;30 FEET FROM NC 55 HWY;RELATED TO INTERSECTION;STRAIGHT,LEVEL;NC ROUTE;TWO-WAY,DIVIDED,UNPROTECTED MEDIAN;SMOOTH ASPHALT;DRY;DAYLIGHT;CLEAR;STOP AND GO SIGNAL;;;-78.870765;35.787484;;;0;0;;;NONE;;NONE;;PASSENGER CAR;PASSENGER CAR;;;;NO;21802;2020-09-03;10:54 AM;2020-09-03T14:54:00+00:00;;2020;No;No;9;NONE;NONE,NONE;NONE,NONE;PASSENGER CAR,PASSENGER CAR;PASSENGER CAR,PASSENGER CAR;PASSENGER CAR,PASSENGER CAR;PASSENGER CAR,PASSENGER CAR