tamainid;location_description;rdfeature;rdcharacter;rdclass;rdconfigur;rdsurface;rdcondition;lightcond;weather;trafcontrl;lat;lon;lon2;lat2;tract;zone;fatality;possblinj;numpassengers;numpedestrians;contrcir1_desc;contrcir2_desc;contrcir3_desc;contrcir4_desc;vehicle1;vehicle2;vehicle3;vehicle4;vehicle5;workarea;records;ta_date;ta_time;crash_date;geo_location;year;fatalities;injuries;month;contrfact1;contrfact2;contributing_factor;vehicleconcat1;vehicleconcat2;vehicleconcat3;vehicle_type
46098;.75 MILES FROM US 1 HWY;NO SPECIAL FEATURE;STRAIGHT,LEVEL;US ROUTE;TWO-WAY,DIVIDED,POSITIVE MEDIAN BARRIER;CONCRETE;DRY;DAYLIGHT;CLEAR;NO CONTROL PRESENT;;;-78.776;35.7546;;;0;0;8;;NONE;;NONE;;SPORT UTILITY;SPORT UTILITY;VAN;;;NO;22470;2020-11-20;4:10:35 PM;2020-11-20T21:10:35+00:00;;2020;No;No;11;NONE;NONE,NONE;NONE,NONE;SPORT UTILITY,SPORT UTILITY;SPORT UTILITY,SPORT UTILITY,VAN;SPORT UTILITY,SPORT UTILITY,VAN;SPORT UTILITY,SPORT UTILITY,VAN
46100;CARY;FOUR-WAY INTERSECTION;STRAIGHT,LEVEL;STATE SECONDARY ROUTE;TWO-WAY,NOT DIVIDED;SMOOTH ASPHALT;DRY;DARK - LIGHTED ROADWAY;CLEAR;STOP AND GO SIGNAL;;;-78.77219;35.695212;;;0;0;1;;NONE;;NONE;;PASSENGER CAR;PASSENGER CAR;;;;NO;22472;2020-11-21;7:45:20 PM;2020-11-22T00:45:20+00:00;;2020;No;No;11;NONE;NONE,NONE;NONE,NONE;PASSENGER CAR,PASSENGER CAR;PASSENGER CAR,PASSENGER CAR;PASSENGER CAR,PASSENGER CAR;PASSENGER CAR,PASSENGER CAR
46101;200 FEET FROM PVA (304 CHESWICK PL);NO SPECIAL FEATURE;STRAIGHT,LEVEL;PUBLIC VEHICULAR AREA;TWO-WAY,NOT DIVIDED;SMOOTH ASPHALT;DRY;DAYLIGHT;CLEAR;NO CONTROL PRESENT;;;-78.78766;35.76663;;;0;0;;;;;NONE;;PASSENGER CAR;PASSENGER CAR;;;;NO;22473;2020-11-21;6:10:24 PM;2020-11-21T23:10:24+00:00;;2020;No;No;11;;NONE;NONE;PASSENGER CAR,PASSENGER CAR;PASSENGER CAR,PASSENGER CAR;PASSENGER CAR,PASSENGER CAR;PASSENGER CAR,PASSENGER CAR
46104;483 FEET FROM CAITBOO AVE;NO SPECIAL FEATURE;STRAIGHT,LEVEL;LOCAL STREET;TWO-WAY,NOT DIVIDED;SMOOTH ASPHALT;DRY;DAYLIGHT;CLEAR;NO CONTROL PRESENT;;;-78.74169;35.75998;;;0;0;;;NONE;;NONE;;PASSENGER CAR;PASSENGER CAR;;;;NO;22476;2020-11-21;6:01:16 PM;2020-11-21T23:01:16+00:00;;2020;No;No;11;NONE;NONE,NONE;NONE,NONE;PASSENGER CAR,PASSENGER CAR;PASSENGER CAR,PASSENGER CAR;PASSENGER CAR,PASSENGER CAR;PASSENGER CAR,PASSENGER CAR
46107;.42 MILES FROM US 1 HWY;NO SPECIAL FEATURE;STRAIGHT,LEVEL;US ROUTE;TWO-WAY,DIVIDED,POSITIVE MEDIAN BARRIER;SMOOTH ASPHALT;DRY;DUSK;CLEAR;NO CONTROL PRESENT;;;-78.7388;35.7656;;112;0;0;;;NONE;;NONE;;SINGLE UNIT TRUCK (3 OR MORE AXLES);PASSENGER CAR;;;;CONSTRUCTION WORK AREA;22479;2020-11-20;4:40:10 PM;2020-11-20T21:40:10+00:00;;2020;No;No;11;NONE;NONE,NONE;NONE,NONE;SINGLE UNIT TRUCK (3 OR MORE AXLES),PASSENGER CAR;SINGLE UNIT TRUCK (3 OR MORE AXLES),PASSENGER CAR;SINGLE UNIT TRUCK (3 OR MORE AXLES),PASSENGER CAR;SINGLE UNIT TRUCK (3 OR MORE AXLES),PASSENGER CAR
46108;340 FEET FROM PVA (400 CROSSROADS BLVD);DRIVEWAY, PUBLIC;STRAIGHT,LEVEL;PUBLIC VEHICULAR AREA;TWO-WAY,NOT DIVIDED;SMOOTH ASPHALT;DRY;DAYLIGHT;CLEAR;NO CONTROL PRESENT;;;-78.737446;35.759596;;;0;0;;;;;NONE;;PASSENGER CAR;PASSENGER CAR;;;;NO;22480;2020-11-21;2:00:24 PM;2020-11-21T19:00:24+00:00;;2020;No;No;11;;NONE;NONE;PASSENGER CAR,PASSENGER CAR;PASSENGER CAR,PASSENGER CAR;PASSENGER CAR,PASSENGER CAR;PASSENGER CAR,PASSENGER CAR
46110;250 FEET FROM SR1009 (TRYON RD);NO SPECIAL FEATURE;STRAIGHT,LEVEL;STATE SECONDARY ROUTE;TWO-WAY,DIVIDED,POSITIVE MEDIAN BARRIER;SMOOTH ASPHALT;DRY;DARK - LIGHTED ROADWAY;CLEAR;NO CONTROL PRESENT;;;-78.7686;35.74199;;;0;0;;;DARTING;;NONE;;PASSENGER CAR;;;;;NO;22482;2020-11-20;8:30:08 PM;2020-11-21T01:30:08+00:00;;2020;No;No;11;DARTING;DARTING,NONE;DARTING,NONE;PASSENGER CAR;PASSENGER CAR;PASSENGER CAR;PASSENGER CAR
46111;50 FEET FROM SR3081 (CHAPEL HILL RD);NO SPECIAL FEATURE;CURVE,BOTTOM (SAG);STATE SECONDARY ROUTE;TWO-WAY,NOT DIVIDED;SMOOTH ASPHALT;DRY;DARK - LIGHTED ROADWAY;CLEAR;NO CONTROL PRESENT;;;-78.805203;35.804044;;111;0;0;1;;NONE;;NONE;;PASSENGER CAR;PASSENGER CAR;;;;NO;22483;2020-11-21;7:53:58 PM;2020-11-22T00:53:58+00:00;;2020;No;No;11;NONE;NONE,NONE;NONE,NONE;PASSENGER CAR,PASSENGER CAR;PASSENGER CAR,PASSENGER CAR;PASSENGER CAR,PASSENGER CAR;PASSENGER CAR,PASSENGER CAR
46121;NEAR 0.3 MILES SE OF SE I40 EXIT RAMP;MERGE LANE BETWEEN ON AND OFF RAMP;STRAIGHT,LEVEL;US ROUTE;TWO-WAY,DIVIDED,POSITIVE MEDIAN BARRIER;SMOOTH ASPHALT;DRY;DAYLIGHT;CLEAR;NO CONTROL PRESENT;35.766353763;-78.73572499;-78.735516;35.767191;P106;RALW;0;0;1;;NONE;;NONE;;SINGLE UNIT TRUCK (2-AXLE- 6-TIRE);PASSENGER CAR;;;;NO;22493;2020-11-23;2:46:22 PM;2020-11-23T19:46:22+00:00;35.766353763, -78.73572499;2020;No;No;11;NONE;NONE,NONE;NONE,NONE;SINGLE UNIT TRUCK (2-AXLE- 6-TIRE),PASSENGER CAR;SINGLE UNIT TRUCK (2-AXLE- 6-TIRE),PASSENGER CAR;SINGLE UNIT TRUCK (2-AXLE- 6-TIRE),PASSENGER CAR;SINGLE UNIT TRUCK (2-AXLE- 6-TIRE),PASSENGER CAR
46126;CARY;RELATED TO INTERSECTION;STRAIGHT,LEVEL;STATE SECONDARY ROUTE;TWO-WAY,DIVIDED,POSITIVE MEDIAN BARRIER;SMOOTH ASPHALT;DRY;DARK - LIGHTED ROADWAY;CLEAR;STOP AND GO SIGNAL;;;-78.745009;35.76196;;;0;0;;;NONE;;NONE;;PASSENGER CAR;PASSENGER CAR;;;;NO;22498;2020-11-23;2:35:20 AM;2020-11-23T07:35:20+00:00;;2020;No;No;11;NONE;NONE,NONE;NONE,NONE;PASSENGER CAR,PASSENGER CAR;PASSENGER CAR,PASSENGER CAR;PASSENGER CAR,PASSENGER CAR;PASSENGER CAR,PASSENGER CAR
46129;45 FEET FROM SR 1615 (HIGH HOUSE RD);NO SPECIAL FEATURE;STRAIGHT,GRADE;STATE SECONDARY ROUTE;TWO-WAY,NOT DIVIDED;SMOOTH ASPHALT;DRY;DAYLIGHT;CLEAR;NO CONTROL PRESENT;;;-78.844461;35.792144;;;0;0;;;;;NONE;;SPORT UTILITY;PASSENGER CAR;;;;NO;22501;2020-11-09;5:39:47 PM;2020-11-09T22:39:47+00:00;;2020;No;No;11;;NONE;NONE;SPORT UTILITY,PASSENGER CAR;SPORT UTILITY,PASSENGER CAR;SPORT UTILITY,PASSENGER CAR;SPORT UTILITY,PASSENGER CAR
46150;87 FEET FROM NC 55 HWY;NO SPECIAL FEATURE;STRAIGHT,LEVEL;NC ROUTE;TWO-WAY,NOT DIVIDED;SMOOTH ASPHALT;DRY;DARK - ROADWAY NOT LIGHTED;CLEAR;NO CONTROL PRESENT;35.79951698;-78.87090124;-78.8708;35.7992;P091;WAKE;0;0;;;NONE;;NONE;;PASSENGER CAR;;;;;NO;22522;2020-11-25;7:24:54 PM;2020-11-26T00:24:54+00:00;35.79951698, -78.87090124;2020;No;No;11;NONE;NONE,NONE;NONE,NONE;PASSENGER CAR;PASSENGER CAR;PASSENGER CAR;PASSENGER CAR
46153;CARY;T-INTERSECTION;STRAIGHT,LEVEL;LOCAL STREET;TWO-WAY,DIVIDED,UNPROTECTED MEDIAN;SMOOTH ASPHALT;DRY;DARK - LIGHTED ROADWAY;CLEAR;STOP AND GO SIGNAL;35.830698648;-78.87819744;-78.8782;35.8304;P091;WAKE;0;1;2;;NONE;;NONE;;SPORT UTILITY;SPORT UTILITY;;;;NO;22525;2020-11-24;6:31:22 PM;2020-11-24T23:31:22+00:00;35.830698648, -78.87819744;2020;No;Yes;11;NONE;NONE,NONE;NONE,NONE;SPORT UTILITY,SPORT UTILITY;SPORT UTILITY,SPORT UTILITY;SPORT UTILITY,SPORT UTILITY;SPORT UTILITY,SPORT UTILITY
46156;0.07 MILES FROM PVA (8111 TRYON WOODS DR);NO SPECIAL FEATURE;STRAIGHT,LEVEL;PUBLIC VEHICULAR AREA;TWO-WAY,NOT DIVIDED;SMOOTH ASPHALT;DRY;DARK - ROADWAY NOT LIGHTED;CLEAR;STOP SIGN;;;-78.7423;35.7472;;;0;0;1;;NONE;;NONE;;SPORT UTILITY;;;;;NO;22528;2020-11-24;2:16:58 AM;2020-11-24T07:16:58+00:00;;2020;No;No;11;NONE;NONE,NONE;NONE,NONE;SPORT UTILITY;SPORT UTILITY;SPORT UTILITY;SPORT UTILITY
46161;416 FEET FROM LAUREL PARK PL;NO SPECIAL FEATURE;STRAIGHT,LEVEL;LOCAL STREET;TWO-WAY,NOT DIVIDED;COARSE ASPHALT;DRY;DARK - LIGHTED ROADWAY;CLEAR;NO CONTROL PRESENT;35.757792095;-78.82842427;-78.8276;35.7574;P114;APEX;0;0;;;NONE;;NONE;;SPORT UTILITY;PASSENGER CAR;;;;NO;22533;2020-11-26;8:22:05 PM;2020-11-27T01:22:05+00:00;35.757792095, -78.82842427;2020;No;No;11;NONE;NONE,NONE;NONE,NONE;SPORT UTILITY,PASSENGER CAR;SPORT UTILITY,PASSENGER CAR;SPORT UTILITY,PASSENGER CAR;SPORT UTILITY,PASSENGER CAR
46163;CARY;FOUR-WAY INTERSECTION;STRAIGHT,LEVEL;LOCAL STREET;TWO-WAY,NOT DIVIDED;SMOOTH ASPHALT;DRY;DAYLIGHT;CLEAR;STOP AND GO SIGNAL;35.759541366;-78.74137283;-78.74142;35.759778;P120;118;0;0;1;;NONE;;NONE;;PASSENGER CAR;PASSENGER CAR;;;;NO;22535;2020-11-27;11:41 AM;2020-11-27T16:41:00+00:00;35.759541366, -78.74137283;2020;No;No;11;NONE;NONE,NONE;NONE,NONE;PASSENGER CAR,PASSENGER CAR;PASSENGER CAR,PASSENGER CAR;PASSENGER CAR,PASSENGER CAR;PASSENGER CAR,PASSENGER CAR
46176;.3 MILES FROM SR 1635 (LOUIS STEPHENS  RD);NO SPECIAL FEATURE;STRAIGHT,LEVEL;STATE SECONDARY ROUTE;TWO-WAY,NOT DIVIDED;SMOOTH ASPHALT;DRY;DARK - ROADWAY NOT LIGHTED;CLEAR;NO CONTROL PRESENT;;;-78.8634;35.8287;;;0;2;2;;NONE;;NONE;;PICKUP;;;;;NO;22548;2020-11-29;5:40:21 PM;2020-11-29T22:40:21+00:00;;2020;No;Yes;11;NONE;NONE,NONE;NONE,NONE;PICKUP;PICKUP;PICKUP;PICKUP
46182;.19 MILES FROM NC HWY 55;NO SPECIAL FEATURE;STRAIGHT,GRADE;NC ROUTE;TWO-WAY,DIVIDED,UNPROTECTED MEDIAN;COARSE ASPHALT;DRY;DAYLIGHT;CLOUDY;NO CONTROL PRESENT;;;-78.87546;35.76254;;;0;1;1;;NONE;;NONE;;SPORT UTILITY;SPORT UTILITY;PICKUP;;;NO;22554;2020-11-30;3:19:02 PM;2020-11-30T20:19:02+00:00;;2020;No;Yes;11;NONE;NONE,NONE;NONE,NONE;SPORT UTILITY,SPORT UTILITY;SPORT UTILITY,SPORT UTILITY,PICKUP;SPORT UTILITY,SPORT UTILITY,PICKUP;SPORT UTILITY,SPORT UTILITY,PICKUP
46188;0.1 MILES FROM BYRUM ST;NO SPECIAL FEATURE;STRAIGHT,GRADE;LOCAL STREET;TWO-WAY,NOT DIVIDED;SMOOTH ASPHALT;DRY;DAYLIGHT;CLEAR;NO CONTROL PRESENT;35.781199781;-78.77553476;-78.777258;35.781164;P058;120;0;0;1;;NONE;;NONE;;PICKUP;PICKUP;;;;NO;22560;2020-12-01;11:18 AM;2020-12-01T16:18:00+00:00;35.781199781, -78.77553476;2020;No;No;12;NONE;NONE,NONE;NONE,NONE;PICKUP,PICKUP;PICKUP,PICKUP;PICKUP,PICKUP;PICKUP,PICKUP
46203;200 FEET FROM S.R.1315 (BUCK JONES RD);NO SPECIAL FEATURE;STRAIGHT,LEVEL;STATE SECONDARY ROUTE;TWO-WAY,DIVIDED,POSITIVE MEDIAN BARRIER;SMOOTH ASPHALT;DRY;DAYLIGHT;CLEAR;NO CONTROL PRESENT;;;-78.7451;35.763;;112;0;0;;;NONE;;NONE;;PASSENGER CAR;PASSENGER CAR;;;;NO;22575;2020-12-01;3:05:33 PM;2020-12-01T20:05:33+00:00;;2020;No;No;12;NONE;NONE,NONE;NONE,NONE;PASSENGER CAR,PASSENGER CAR;PASSENGER CAR,PASSENGER CAR;PASSENGER CAR,PASSENGER CAR;PASSENGER CAR,PASSENGER CAR
46208;0 FEET FROM US 1;OFF-RAMP TERMINAL ON CROSSROAD;STRAIGHT,GRADE;US ROUTE;TWO-WAY,DIVIDED,POSITIVE MEDIAN BARRIER;SMOOTH ASPHALT;DRY;DAWN;CLEAR;STOP AND GO SIGNAL;;;-78.794682;35.737936;;;0;0;1;;NONE;;NONE;;PASSENGER CAR;PICKUP;;;;NO;22580;2020-12-04;7:10:49 AM;2020-12-04T12:10:49+00:00;;2020;No;No;12;NONE;NONE,NONE;NONE,NONE;PASSENGER CAR,PICKUP;PASSENGER CAR,PICKUP;PASSENGER CAR,PICKUP;PASSENGER CAR,PICKUP
46211;300 FEET FROM REMINGTON OAKS CIR;NO SPECIAL FEATURE;STRAIGHT,GRADE;LOCAL STREET;TWO-WAY,NOT DIVIDED;SMOOTH ASPHALT;DRY;DAYLIGHT;CLOUDY;NO CONTROL PRESENT;35.823355816;-78.91344454;-78.9145;35.8233;P076;119;0;0;3;;NONE;;NONE;;SINGLE UNIT TRUCK (2-AXLE- 6-TIRE);;;;;NO;22583;2020-12-04;3:21:28 PM;2020-12-04T20:21:28+00:00;35.823355816, -78.91344454;2020;No;No;12;NONE;NONE,NONE;NONE,NONE;SINGLE UNIT TRUCK (2-AXLE- 6-TIRE);SINGLE UNIT TRUCK (2-AXLE- 6-TIRE);SINGLE UNIT TRUCK (2-AXLE- 6-TIRE);SINGLE UNIT TRUCK (2-AXLE- 6-TIRE)
46213;379 FEET FROM OAKRIDGE DR;NO SPECIAL FEATURE;STRAIGHT,LEVEL;LOCAL STREET;TWO-WAY,NOT DIVIDED;SMOOTH ASPHALT;DRY;DAYLIGHT;CLEAR;NO CONTROL PRESENT;35.766941924;-78.7764815;-78.7719;35.7647;P027;112;0;0;;;NONE;;NONE;;PASSENGER CAR;UNKNOWN;;;;NO;22585;2020-11-25;1:13:31 AM;2020-11-25T06:13:31+00:00;35.766941924, -78.7764815;2020;No;No;11;NONE;NONE,NONE;NONE,NONE;PASSENGER CAR,UNKNOWN;PASSENGER CAR,UNKNOWN;PASSENGER CAR,UNKNOWN;PASSENGER CAR,UNKNOWN
46216;.1 MILES FROM NW MAYNARD RD;NO SPECIAL FEATURE;STRAIGHT,GRADE;STATE SECONDARY ROUTE;TWO-WAY,DIVIDED,POSITIVE MEDIAN BARRIER;SMOOTH ASPHALT;DRY;DAYLIGHT;CLOUDY;NO CONTROL PRESENT;35.799678556;-78.79489825;-78.79123;35.80116;P024;111;0;0;1;;NONE;;NONE;;PASSENGER CAR;PASSENGER CAR;;;;NO;22588;2020-12-04;8:38:02 AM;2020-12-04T13:38:02+00:00;35.799678556, -78.79489825;2020;No;No;12;NONE;NONE,NONE;NONE,NONE;PASSENGER CAR,PASSENGER CAR;PASSENGER CAR,PASSENGER CAR;PASSENGER CAR,PASSENGER CAR;PASSENGER CAR,PASSENGER CAR
46221;100 FEET FROM SR 1605 (GREEN LEVEL WEST RD);NO SPECIAL FEATURE;STRAIGHT,LEVEL;STATE SECONDARY ROUTE;TWO-WAY,DIVIDED,UNPROTECTED MEDIAN;SMOOTH ASPHALT;DRY;DAYLIGHT;CLEAR;NO CONTROL PRESENT;;;-78.871;35.787;;;0;0;1;;NONE;;DARTING;;SPORT UTILITY;;;;;NO;22593;2020-12-05;4:27:22 PM;2020-12-05T21:27:22+00:00;;2020;No;No;12;NONE;NONE,DARTING;NONE,DARTING;SPORT UTILITY;SPORT UTILITY;SPORT UTILITY;SPORT UTILITY
46224;CARY;NO SPECIAL FEATURE;STRAIGHT,LEVEL;LOCAL STREET;TWO-WAY,NOT DIVIDED;SMOOTH ASPHALT;WET;DARK - ROADWAY NOT LIGHTED;RAIN;STOP SIGN;35.747972155;-78.7372662;-78.7375;35.748;P093;WAKE;0;0;;;NONE;;NONE;;PASSENGER CAR;VAN;;;;NO;22596;2020-12-04;10:33 PM;2020-12-05T03:33:00+00:00;35.747972155, -78.7372662;2020;No;No;12;NONE;NONE,NONE;NONE,NONE;PASSENGER CAR,VAN;PASSENGER CAR,VAN;PASSENGER CAR,VAN;PASSENGER CAR,VAN
46232;4 FEET FROM SR 1415(NE MAYNARD RD);RELATED TO INTERSECTION;STRAIGHT,LEVEL;STATE SECONDARY ROUTE;TWO-WAY,NOT DIVIDED;SMOOTH ASPHALT;DRY;DARK - LIGHTED ROADWAY;CLEAR;STOP AND GO SIGNAL;;;-78.77457;35.803019;;;0;0;1;;NONE;;NONE;;SPORT UTILITY;SPORT UTILITY;;;;NO;22604;2020-12-05;9:06:30 PM;2020-12-06T02:06:30+00:00;;2020;No;No;12;NONE;NONE,NONE;NONE,NONE;SPORT UTILITY,SPORT UTILITY;SPORT UTILITY,SPORT UTILITY;SPORT UTILITY,SPORT UTILITY;SPORT UTILITY,SPORT UTILITY
46238;100 FEET FROM SR 3977 (CARY PKWY);NO SPECIAL FEATURE;STRAIGHT,LEVEL;STATE SECONDARY ROUTE;TWO-WAY,DIVIDED,UNPROTECTED MEDIAN;SMOOTH ASPHALT;WET;DARK - ROADWAY NOT LIGHTED;RAIN;NO CONTROL PRESENT;;;-78.82856;35.76636;;117;0;0;;;NONE;;NONE;;SPORT UTILITY;PASSENGER CAR;;;;NO;22610;2020-12-07;5:36:47 PM;2020-12-07T22:36:47+00:00;;2020;No;No;12;NONE;NONE,NONE;NONE,NONE;SPORT UTILITY,PASSENGER CAR;SPORT UTILITY,PASSENGER CAR;SPORT UTILITY,PASSENGER CAR;SPORT UTILITY,PASSENGER CAR
46242;CARY;FOUR-WAY INTERSECTION;STRAIGHT,LEVEL;LOCAL STREET;TWO-WAY,NOT DIVIDED;COARSE ASPHALT;WET;DARK - LIGHTED ROADWAY;SNOW;STOP AND GO SIGNAL;;;-78.7855;35.78307;;;0;3;4;;NONE;;NONE;;SPORT UTILITY;PASSENGER CAR;;;;NO;22614;2020-12-07;5:43:14 PM;2020-12-07T22:43:14+00:00;;2020;No;Yes;12;NONE;NONE,NONE;NONE,NONE;SPORT UTILITY,PASSENGER CAR;SPORT UTILITY,PASSENGER CAR;SPORT UTILITY,PASSENGER CAR;SPORT UTILITY,PASSENGER CAR
46243;100 FEET FROM P.V.A. 805 CARY TOWNE BLVD;NO SPECIAL FEATURE;STRAIGHT,LEVEL;PUBLIC VEHICULAR AREA;ONE-WAY,NOT DIVIDED;SMOOTH ASPHALT;DRY;DAYLIGHT;CLEAR;NO CONTROL PRESENT;;;-78.761;35.777;;;0;0;5;;NONE;;NONE;;SPORT UTILITY;PASSENGER CAR;SPORT UTILITY;;;NO;22615;2020-12-08;8:54:17 AM;2020-12-08T13:54:17+00:00;;2020;No;No;12;NONE;NONE,NONE;NONE,NONE;SPORT UTILITY,PASSENGER CAR;SPORT UTILITY,PASSENGER CAR,SPORT UTILITY;SPORT UTILITY,PASSENGER CAR,SPORT UTILITY;SPORT UTILITY,PASSENGER CAR,SPORT UTILITY
46244;0 FEET FROM EVANS RD;RELATED TO INTERSECTION;STRAIGHT,LEVEL;LOCAL STREET;TWO-WAY,NOT DIVIDED;SMOOTH ASPHALT;DRY;DAYLIGHT;CLEAR;STOP AND GO SIGNAL;;;-78.800191;35.816253;;;0;0;;;;;NONE;;PICKUP;SPORT UTILITY;;;;NO;22616;2020-12-06;2:20:54 PM;2020-12-06T19:20:54+00:00;;2020;No;No;12;;NONE;NONE;PICKUP,SPORT UTILITY;PICKUP,SPORT UTILITY;PICKUP,SPORT UTILITY;PICKUP,SPORT UTILITY
46246;60 FEET FROM SR 1152 (HOLLY SPRINGS RD);RELATED TO INTERSECTION;STRAIGHT,LEVEL;STATE SECONDARY ROUTE;TWO-WAY,DIVIDED,UNPROTECTED MEDIAN;SMOOTH ASPHALT;DRY;DAYLIGHT;CLEAR;STOP AND GO SIGNAL;;;-78.7726;35.69482;;;0;0;1;;NONE;;NONE;;PASSENGER CAR;PASSENGER CAR;;;;NO;22618;2020-12-08;10:53 AM;2020-12-08T15:53:00+00:00;;2020;No;No;12;NONE;NONE,NONE;NONE,NONE;PASSENGER CAR,PASSENGER CAR;PASSENGER CAR,PASSENGER CAR;PASSENGER CAR,PASSENGER CAR;PASSENGER CAR,PASSENGER CAR
46248;CARY;NO SPECIAL FEATURE;STRAIGHT,LEVEL;STATE SECONDARY ROUTE;TWO-WAY,DIVIDED,UNPROTECTED MEDIAN;COARSE ASPHALT;DRY;DAYLIGHT;CLEAR;STOP AND GO SIGNAL;;;-78.834853;35.773539;;;0;0;1;;NONE;;NONE;;SPORT UTILITY;PASSENGER CAR;;;;NO;22620;2020-12-08;12:44 PM;2020-12-08T17:44:00+00:00;;2020;No;No;12;NONE;NONE,NONE;NONE,NONE;SPORT UTILITY,PASSENGER CAR;SPORT UTILITY,PASSENGER CAR;SPORT UTILITY,PASSENGER CAR;SPORT UTILITY,PASSENGER CAR
46258;10 FEET FROM US 1;OFF-RAMP PROPER;STRAIGHT,GRADE;US ROUTE;ONE-WAY,NOT DIVIDED;COARSE ASPHALT;DRY;DAYLIGHT;CLEAR;STOP AND GO SIGNAL;;;-78.794527;35.737921;;;0;0;;;NONE;;NONE;;SPORT UTILITY;VAN;;;;NO;22630;2020-12-10;8:55:06 AM;2020-12-10T13:55:06+00:00;;2020;No;No;12;NONE;NONE,NONE;NONE,NONE;SPORT UTILITY,VAN;SPORT UTILITY,VAN;SPORT UTILITY,VAN;SPORT UTILITY,VAN
46260;300 FEET FROM NC 55 HWY;NO SPECIAL FEATURE;STRAIGHT,LEVEL;NC ROUTE;TWO-WAY,DIVIDED,POSITIVE MEDIAN BARRIER;SMOOTH ASPHALT;DRY;DAYLIGHT;CLEAR;STOP AND GO SIGNAL;;;-78.8876;35.8419;;;0;0;;;NONE;;NONE;;PASSENGER CAR;SPORT UTILITY;;;;NO;22632;2020-12-10;5:02:42 PM;2020-12-10T22:02:42+00:00;;2020;No;No;12;NONE;NONE,NONE;NONE,NONE;PASSENGER CAR,SPORT UTILITY;PASSENGER CAR,SPORT UTILITY;PASSENGER CAR,SPORT UTILITY;PASSENGER CAR,SPORT UTILITY
46265;.14 MILES FROM NOTTINGHAM DR;NO SPECIAL FEATURE;STRAIGHT,LEVEL;LOCAL STREET;;SMOOTH ASPHALT;DRY;DARK - LIGHTED ROADWAY;CLEAR;NO CONTROL PRESENT;;;-78.743804;35.767813;;;0;0;;;NONE;;NONE;;PASSENGER CAR;;;;;NO;22637;2020-12-11;12:37 PM;2020-12-11T17:37:00+00:00;;2020;No;No;12;NONE;NONE,NONE;NONE,NONE;PASSENGER CAR;PASSENGER CAR;PASSENGER CAR;PASSENGER CAR
46267;CARY;NO SPECIAL FEATURE;STRAIGHT,LEVEL;STATE SECONDARY ROUTE;TWO-WAY,DIVIDED,UNPROTECTED MEDIAN;COARSE ASPHALT;DRY;DAYLIGHT;CLEAR;STOP AND GO SIGNAL;;;-78.792864;35.756875;;;0;0;1;;NONE;;NONE;;PASSENGER CAR;VAN;;;;NO;22639;2020-12-10;4:04:17 PM;2020-12-10T21:04:17+00:00;;2020;No;No;12;NONE;NONE,NONE;NONE,NONE;PASSENGER CAR,VAN;PASSENGER CAR,VAN;PASSENGER CAR,VAN;PASSENGER CAR,VAN
46268;35 FEET FROM HAMILTON CT;NO SPECIAL FEATURE;STRAIGHT,LEVEL;PUBLIC VEHICULAR AREA;TWO-WAY,NOT DIVIDED;SMOOTH ASPHALT;DRY;DARK - LIGHTED ROADWAY;CLEAR;NO CONTROL PRESENT;35.765615556;-78.7487584;-78.749116;35.765361;P083;112;0;0;;;NONE;;NONE;;PASSENGER CAR;;;;;NO;22640;2020-12-11;12:36 PM;2020-12-11T17:36:00+00:00;35.765615556, -78.7487584;2020;No;No;12;NONE;NONE,NONE;NONE,NONE;PASSENGER CAR;PASSENGER CAR;PASSENGER CAR;PASSENGER CAR
46275;1.10 MILES FROM US-1 HWY;NO SPECIAL FEATURE;STRAIGHT,LEVEL;US ROUTE;TWO-WAY,DIVIDED,POSITIVE MEDIAN BARRIER;CONCRETE;DRY;DAYLIGHT;CLEAR;NO CONTROL PRESENT;;;-78.7526;35.7579;;112;0;1;;;NONE;;NONE;;PASSENGER CAR;PASSENGER CAR;PASSENGER CAR;;;NO;22647;2020-12-10;1:28:30 PM;2020-12-10T18:28:30+00:00;;2020;No;Yes;12;NONE;NONE,NONE;NONE,NONE;PASSENGER CAR,PASSENGER CAR;PASSENGER CAR,PASSENGER CAR,PASSENGER CAR;PASSENGER CAR,PASSENGER CAR,PASSENGER CAR;PASSENGER CAR,PASSENGER CAR,PASSENGER CAR
46276;.1 MILES FROM PVA 1305 KILDAIRE FARM RD (S;NO SPECIAL FEATURE;STRAIGHT,LEVEL;PUBLIC VEHICULAR AREA;TWO-WAY,DIVIDED,UNPROTECTED MEDIAN;COARSE ASPHALT;DRY;DAYLIGHT;CLEAR;NO CONTROL PRESENT;;;-78.7826;35.7612;;;0;0;;;NONE;;NONE;;PICKUP;PASSENGER CAR;;;;NO;22648;2020-12-11;2:59:39 PM;2020-12-11T19:59:39+00:00;;2020;No;No;12;NONE;NONE,NONE;NONE,NONE;PICKUP,PASSENGER CAR;PICKUP,PASSENGER CAR;PICKUP,PASSENGER CAR;PICKUP,PASSENGER CAR