tamainid;location_description;rdfeature;rdcharacter;rdclass;rdconfigur;rdsurface;rdcondition;lightcond;weather;trafcontrl;lat;lon;lon2;lat2;tract;zone;fatality;possblinj;numpassengers;numpedestrians;contrcir1_desc;contrcir2_desc;contrcir3_desc;contrcir4_desc;vehicle1;vehicle2;vehicle3;vehicle4;vehicle5;workarea;records;ta_date;ta_time;crash_date;geo_location;year;fatalities;injuries;month;contrfact1;contrfact2;contributing_factor;vehicleconcat1;vehicleconcat2;vehicleconcat3;vehicle_type
46998;400 FEET FROM US 64 HWY;NO SPECIAL FEATURE;STRAIGHT,LEVEL;US ROUTE;TWO-WAY,DIVIDED,UNPROTECTED MEDIAN;SMOOTH ASPHALT;DRY;DAYLIGHT;CLEAR;NO CONTROL PRESENT;;;-78.812984;35.742041;;;0;0;;;NONE;;NONE;;PASSENGER CAR;PASSENGER CAR;SPORT UTILITY;;;NO;23370;2021-02-25;1:39:52 PM;2021-02-25T18:39:52+00:00;;2021;No;No;2;NONE;NONE,NONE;NONE,NONE;PASSENGER CAR,PASSENGER CAR;PASSENGER CAR,PASSENGER CAR,SPORT UTILITY;PASSENGER CAR,PASSENGER CAR,SPORT UTILITY;PASSENGER CAR,PASSENGER CAR,SPORT UTILITY
46999;CARY;FOUR-WAY INTERSECTION;STRAIGHT,LEVEL;STATE SECONDARY ROUTE;TWO-WAY,DIVIDED,UNPROTECTED MEDIAN;SMOOTH ASPHALT;DRY;DAYLIGHT;CLEAR;STOP AND GO SIGNAL;;;-78.847431;35.782138;;;0;0;1;;;;NONE;;PASSENGER CAR;PASSENGER CAR;;;;NO;23371;2021-03-02;4:53:58 PM;2021-03-02T21:53:58+00:00;;2021;No;No;3;;NONE;NONE;PASSENGER CAR,PASSENGER CAR;PASSENGER CAR,PASSENGER CAR;PASSENGER CAR,PASSENGER CAR;PASSENGER CAR,PASSENGER CAR
47006;.1 MILES FROM SR 1605 (GREEN LEVEL W RD);NO SPECIAL FEATURE;CURVE,LEVEL;STATE SECONDARY ROUTE;TWO-WAY,NOT DIVIDED;SMOOTH ASPHALT;DRY;DAYLIGHT;CLEAR;NO CONTROL PRESENT;;;-78.9011;35.7795;;;0;1;;;NONE;;NONE;;;;;;;NO;23378;2021-03-04;6:07:47 PM;2021-03-04T23:07:47+00:00;;2021;No;Yes;3;NONE;NONE,NONE;NONE,NONE;;;;
47017;100 FEET FROM CHAPEL HILL RD;NO SPECIAL FEATURE;STRAIGHT,LEVEL;LOCAL STREET;TWO-WAY,NOT DIVIDED;SMOOTH ASPHALT;DRY;DARK - LIGHTED ROADWAY;CLEAR;NO CONTROL PRESENT;35.794623999;-78.79131722;-78.791036;35.794461;P025;111;0;0;3;;;;NONE;;PASSENGER CAR;SPORT UTILITY;SPORT UTILITY;;;NO;23389;2021-03-04;7:15:52 PM;2021-03-05T00:15:52+00:00;35.794623999, -78.79131722;2021;No;No;3;;NONE;NONE;PASSENGER CAR,SPORT UTILITY;PASSENGER CAR,SPORT UTILITY,SPORT UTILITY;PASSENGER CAR,SPORT UTILITY,SPORT UTILITY;PASSENGER CAR,SPORT UTILITY,SPORT UTILITY
47035;90 FEET FROM CROSSROADS BLVD;NO SPECIAL FEATURE;STRAIGHT,LEVEL;LOCAL STREET;TWO-WAY,DIVIDED,UNPROTECTED MEDIAN;COARSE ASPHALT;DRY;DAYLIGHT;CLEAR;NO CONTROL PRESENT;35.761266214;-78.7418746;-78.740687;35.761165;P120;118;0;0;2;;NONE;;NONE;;PASSENGER CAR;SPORT UTILITY;;;;NO;23407;2021-03-07;4:19:02 PM;2021-03-07T21:19:02+00:00;35.761266214, -78.7418746;2021;No;No;3;NONE;NONE,NONE;NONE,NONE;PASSENGER CAR,SPORT UTILITY;PASSENGER CAR,SPORT UTILITY;PASSENGER CAR,SPORT UTILITY;PASSENGER CAR,SPORT UTILITY
47036;100 FEET FROM NOTTINGHAM DR;NO SPECIAL FEATURE;CURVE,LEVEL;STATE SECONDARY ROUTE;TWO-WAY,NOT DIVIDED;SMOOTH ASPHALT;DRY;DAYLIGHT;CLEAR;NO CONTROL PRESENT;35.768058265;-78.74976464;-78.749452;35.7678091;P003;112;0;0;;;NONE;;NONE;;SPORT UTILITY;PASSENGER CAR;;;;NO;23408;2021-03-08;8:00:19 AM;2021-03-08T13:00:19+00:00;35.768058265, -78.74976464;2021;No;No;3;NONE;NONE,NONE;NONE,NONE;SPORT UTILITY,PASSENGER CAR;SPORT UTILITY,PASSENGER CAR;SPORT UTILITY,PASSENGER CAR;SPORT UTILITY,PASSENGER CAR
47038;45 FEET FROM P.V.A. 1607 WALNUT ST;NO SPECIAL FEATURE;STRAIGHT,LEVEL;PUBLIC VEHICULAR AREA;TWO-WAY,NOT DIVIDED;SMOOTH ASPHALT;DRY;DARK - ROADWAY NOT LIGHTED;CLEAR;NO CONTROL PRESENT;;;-78.747728;35.764051;;112;0;0;;;NONE;;NONE;;SINGLE UNIT TRUCK (2-AXLE- 6-TIRE);;;;;NO;23410;2021-03-08;6:43:25 AM;2021-03-08T11:43:25+00:00;;2021;No;No;3;NONE;NONE,NONE;NONE,NONE;SINGLE UNIT TRUCK (2-AXLE- 6-TIRE);SINGLE UNIT TRUCK (2-AXLE- 6-TIRE);SINGLE UNIT TRUCK (2-AXLE- 6-TIRE);SINGLE UNIT TRUCK (2-AXLE- 6-TIRE)
47045;300 FEET FROM P.V.A. KILDAIRE FARM RD;NO SPECIAL FEATURE;STRAIGHT,LEVEL;PUBLIC VEHICULAR AREA;;SMOOTH ASPHALT;DRY;DAYLIGHT;CLEAR;NO CONTROL PRESENT;35.842385416;-78.67028897;-78.78109;35.73564;P119;RALW;0;0;;;NONE;;NONE;;VAN;SPORT UTILITY;;;;NO;23417;2021-03-08;3:55:33 PM;2021-03-08T20:55:33+00:00;35.842385416, -78.67028897;2021;No;No;3;NONE;NONE,NONE;NONE,NONE;VAN,SPORT UTILITY;VAN,SPORT UTILITY;VAN,SPORT UTILITY;VAN,SPORT UTILITY
47048;CARY;FOUR-WAY INTERSECTION;STRAIGHT,LEVEL;STATE SECONDARY ROUTE;TWO-WAY,NOT DIVIDED;SMOOTH ASPHALT;DRY;DAYLIGHT;CLEAR;STOP AND GO SIGNAL;;;-78.846946;35.788114;;;0;0;1;;NONE;;NONE;;PASSENGER CAR;SPORT UTILITY;;;;NO;23420;2021-03-08;11:23 PM;2021-03-09T04:23:00+00:00;;2021;No;No;3;NONE;NONE,NONE;NONE,NONE;PASSENGER CAR,SPORT UTILITY;PASSENGER CAR,SPORT UTILITY;PASSENGER CAR,SPORT UTILITY;PASSENGER CAR,SPORT UTILITY
47049;88 FEET FROM N BENSON CT;NO SPECIAL FEATURE;STRAIGHT,BOTTOM (SAG);PUBLIC VEHICULAR AREA;TWO-WAY,NOT DIVIDED;SMOOTH ASPHALT;DRY;DAYLIGHT;CLEAR;STOP SIGN;;;-78.787319;35.793552;;;0;0;;;;;NONE;;PASSENGER CAR;PASSENGER CAR;;;;NO;23421;2021-03-07;1:46:46 AM;2021-03-07T06:46:46+00:00;;2021;No;No;3;;NONE;NONE;PASSENGER CAR,PASSENGER CAR;PASSENGER CAR,PASSENGER CAR;PASSENGER CAR,PASSENGER CAR;PASSENGER CAR,PASSENGER CAR
47050;.5 MILES FROM US 1 NB;NO SPECIAL FEATURE;STRAIGHT,LEVEL;US ROUTE;TWO-WAY,DIVIDED,POSITIVE MEDIAN BARRIER;SMOOTH ASPHALT;DRY;DAYLIGHT;CLEAR;NO CONTROL PRESENT;;;-78.74955;35.75964;;112;0;1;;;NONE;;NONE;;PASSENGER CAR;PASSENGER CAR;;;;NO;23422;2021-03-08;4:15:06 PM;2021-03-08T21:15:06+00:00;;2021;No;Yes;3;NONE;NONE,NONE;NONE,NONE;PASSENGER CAR,PASSENGER CAR;PASSENGER CAR,PASSENGER CAR;PASSENGER CAR,PASSENGER CAR;PASSENGER CAR,PASSENGER CAR
47052;100 FEET FROM SR 1652 (N HARRISON AV);NO SPECIAL FEATURE;STRAIGHT,GRADE;PUBLIC VEHICULAR AREA;ONE-WAY,NOT DIVIDED;SMOOTH ASPHALT;DRY;DARK - LIGHTED ROADWAY;CLEAR;NO CONTROL PRESENT;;;-78.7691;35.82989;;;0;0;1;;NONE;;NONE;;PASSENGER CAR;PASSENGER CAR;;;;NO;23424;2021-03-09;11:19 PM;2021-03-10T04:19:00+00:00;;2021;No;No;3;NONE;NONE,NONE;NONE,NONE;PASSENGER CAR,PASSENGER CAR;PASSENGER CAR,PASSENGER CAR;PASSENGER CAR,PASSENGER CAR;PASSENGER CAR,PASSENGER CAR
47061;145 FEET FROM P.V.A. 1014 RYAN RD;NO SPECIAL FEATURE;STRAIGHT,LEVEL;PUBLIC VEHICULAR AREA;TWO-WAY,NOT DIVIDED;SMOOTH ASPHALT;DRY;DARK - LIGHTED ROADWAY;CLEAR;NO CONTROL PRESENT;;;-78.76794;35.77709;;;0;0;;;;;NONE;;PASSENGER CAR;SPORT UTILITY;;;;NO;23433;2021-03-10;7:10:36 PM;2021-03-11T00:10:36+00:00;;2021;No;No;3;;NONE;NONE;PASSENGER CAR,SPORT UTILITY;PASSENGER CAR,SPORT UTILITY;PASSENGER CAR,SPORT UTILITY;PASSENGER CAR,SPORT UTILITY
47067;100 FEET FROM SR 1009 (TRYON RD);NO SPECIAL FEATURE;STRAIGHT,LEVEL;STATE SECONDARY ROUTE;TWO-WAY,DIVIDED,POSITIVE MEDIAN BARRIER;SMOOTH ASPHALT;DRY;DAYLIGHT;CLEAR;NO CONTROL PRESENT;;;-78.76398;35.743158;;;0;1;;;NONE;;NONE;;SPORT UTILITY;SPORT UTILITY;;;;CONSTRUCTION WORK AREA;23439;2021-03-12;12:46 PM;2021-03-12T17:46:00+00:00;;2021;No;Yes;3;NONE;NONE,NONE;NONE,NONE;SPORT UTILITY,SPORT UTILITY;SPORT UTILITY,SPORT UTILITY;SPORT UTILITY,SPORT UTILITY;SPORT UTILITY,SPORT UTILITY
47074;10 FEET FROM MEETING ST;NO SPECIAL FEATURE;STRAIGHT,LEVEL;LOCAL STREET;TWO-WAY,DIVIDED,UNPROTECTED MEDIAN;SMOOTH ASPHALT;DRY;DAYLIGHT;CLEAR;STOP AND GO SIGNAL;35.759565079;-78.74137444;-78.7415;35.7594;P120;118;0;0;;;NONE;;NONE;;PICKUP;PASSENGER CAR;;;;NO;23446;2021-03-11;2:13:12 PM;2021-03-11T19:13:12+00:00;35.759565079, -78.74137444;2021;No;No;3;NONE;NONE,NONE;NONE,NONE;PICKUP,PASSENGER CAR;PICKUP,PASSENGER CAR;PICKUP,PASSENGER CAR;PICKUP,PASSENGER CAR
47078;CARY;T-INTERSECTION;STRAIGHT,LEVEL;US ROUTE;TWO-WAY,DIVIDED,POSITIVE MEDIAN BARRIER;SMOOTH ASPHALT;DRY;DAYLIGHT;CLEAR;STOP AND GO SIGNAL;35.74053148;-78.80474525;-78.8047;35.7404;P041;116;0;1;;;;;NONE;;PICKUP;SPORT UTILITY;;;;NO;23450;2021-03-11;2:49:38 PM;2021-03-11T19:49:38+00:00;35.74053148, -78.80474525;2021;No;Yes;3;;NONE;NONE;PICKUP,SPORT UTILITY;PICKUP,SPORT UTILITY;PICKUP,SPORT UTILITY;PICKUP,SPORT UTILITY
47083;400 FEET FROM P.V.A. 2300 BLK RIDGEMONT HILL;NO SPECIAL FEATURE;STRAIGHT,LEVEL;PUBLIC VEHICULAR AREA;TWO-WAY,NOT DIVIDED;SMOOTH ASPHALT;DRY;DARK - ROADWAY NOT LIGHTED;CLEAR;NO CONTROL PRESENT;;;-78.816888;35.796174;;;0;0;;;NONE;;NONE;;PASSENGER CAR;PASSENGER CAR;;;;NO;23455;2021-03-11;4:27:01 PM;2021-03-11T21:27:01+00:00;;2021;No;No;3;NONE;NONE,NONE;NONE,NONE;PASSENGER CAR,PASSENGER CAR;PASSENGER CAR,PASSENGER CAR;PASSENGER CAR,PASSENGER CAR;PASSENGER CAR,PASSENGER CAR
47085;100 FEET FROM 2300 RIDGEMONT HILL RD;NO SPECIAL FEATURE;CURVE,GRADE;PUBLIC VEHICULAR AREA;TWO-WAY,NOT DIVIDED;SMOOTH ASPHALT;DRY;DARK - ROADWAY NOT LIGHTED;CLEAR;NO CONTROL PRESENT;;;-78.81611;35.79517;;;0;0;;;NONE;;NONE;;PASSENGER CAR;PASSENGER CAR;PICKUP;;;NO;23457;2021-03-10;8:00:10 AM;2021-03-10T13:00:10+00:00;;2021;No;No;3;NONE;NONE,NONE;NONE,NONE;PASSENGER CAR,PASSENGER CAR;PASSENGER CAR,PASSENGER CAR,PICKUP;PASSENGER CAR,PASSENGER CAR,PICKUP;PASSENGER CAR,PASSENGER CAR,PICKUP
20597;400 FEET FROM 501 CAITBOO AV;DRIVEWAY, PUBLIC;STRAIGHT,LEVEL;PUBLIC VEHICULAR AREA;TWO-WAY,NOT DIVIDED;COARSE ASPHALT;DRY;DAYLIGHT;CLEAR;NO CONTROL PRESENT;35.758470882;-78.73519078;-78.7345;35.7585;P045;118;0;0;;;;;NONE;;PASSENGER CAR;PASSENGER CAR;;;;NO;2;2016-01-03;2:49:04 PM;2016-01-03T19:49:04+00:00;35.758470882, -78.73519078;2016;No;No;1;;NONE;NONE;PASSENGER CAR,PASSENGER CAR;PASSENGER CAR,PASSENGER CAR;PASSENGER CAR,PASSENGER CAR;PASSENGER CAR,PASSENGER CAR
20604;20 FEET FROM SR 1011 (OLD APEX RD);FOUR-WAY INTERSECTION;STRAIGHT,LEVEL;STATE SECONDARY ROUTE;TWO-WAY,NOT DIVIDED;SMOOTH ASPHALT;DRY;DARK - LIGHTED ROADWAY;CLEAR;FLASHING STOP AND GO SIGNAL;35.761981365;-78.82181466;-78.8262;35.7607;P009;117;0;0;2;;NONE;;NONE;;SPORT UTILITY;PASSENGER CAR;;;;NO;6;2016-01-01;5:33:35 PM;2016-01-01T22:33:35+00:00;35.761981365, -78.82181466;2016;No;No;1;NONE;NONE,NONE;NONE,NONE;SPORT UTILITY,PASSENGER CAR;SPORT UTILITY,PASSENGER CAR;SPORT UTILITY,PASSENGER CAR;SPORT UTILITY,PASSENGER CAR
20605;20 FEET FROM NC 54 HWY (CHAPEL HILL RD);RELATED TO INTERSECTION;STRAIGHT,LEVEL;NC ROUTE;TWO-WAY,DIVIDED,UNPROTECTED MEDIAN;COARSE ASPHALT;DRY;DAYLIGHT;CLEAR;STOP AND GO SIGNAL;35.781181428;-78.78044922;-78.796642;35.79897;P062;120;0;0;1;;;;NONE;;SPORT UTILITY;PASSENGER CAR;;;;NO;7;2016-01-02;11:37 AM;2016-01-02T16:37:00+00:00;35.781181428, -78.78044922;2016;No;No;1;;NONE;NONE;SPORT UTILITY,PASSENGER CAR;SPORT UTILITY,PASSENGER CAR;SPORT UTILITY,PASSENGER CAR;SPORT UTILITY,PASSENGER CAR
20608;100 FEET FROM SR1010(TEN TEN RD);RELATED TO INTERSECTION;STRAIGHT,LEVEL;STATE SECONDARY ROUTE;ONE-WAY,NOT DIVIDED;SMOOTH ASPHALT;DRY;DAYLIGHT;CLEAR;STOP AND GO SIGNAL;35.703294147;-78.79430915;-78.7714;35.6947;P052;116;0;0;;;;;NONE;;SPORT UTILITY;PASSENGER CAR;;;;NO;10;2016-01-02;1:49:46 PM;2016-01-02T18:49:46+00:00;35.703294147, -78.79430915;2016;No;No;1;;NONE;NONE;SPORT UTILITY,PASSENGER CAR;SPORT UTILITY,PASSENGER CAR;SPORT UTILITY,PASSENGER CAR;SPORT UTILITY,PASSENGER CAR
20610;CARY;FOUR-WAY INTERSECTION;STRAIGHT,LEVEL;STATE SECONDARY ROUTE;TWO-WAY,NOT DIVIDED;SMOOTH ASPHALT;DRY;DAYLIGHT;CLEAR;STOP AND GO SIGNAL;35.783445237;-78.8100017;-78.80997;35.783512;P065;114;0;1;;;NONE;;NONE;;PICKUP;PASSENGER CAR;;;;NO;12;2016-01-03;3:38:13 PM;2016-01-03T20:38:13+00:00;35.783445237, -78.8100017;2016;No;Yes;1;NONE;NONE,NONE;NONE,NONE;PICKUP,PASSENGER CAR;PICKUP,PASSENGER CAR;PICKUP,PASSENGER CAR;PICKUP,PASSENGER CAR
20618;0 FEET FROM SR3060 (MORRISVILLE PKWY);T-INTERSECTION;STRAIGHT,GRADE;STATE SECONDARY ROUTE;TWO-WAY,DIVIDED,UNPROTECTED MEDIAN;SMOOTH ASPHALT;DRY;DARK - ROADWAY NOT LIGHTED;CLOUDY;STOP SIGN;35.801993743;-78.91133858;-78.9116;35.8018;P091;WAKE;0;1;4;;;;NONE;;PASSENGER CAR;SPORT UTILITY;;;;NO;13;2016-01-01;12:54 AM;2016-01-01T05:54:00+00:00;35.801993743, -78.91133858;2016;No;Yes;1;;NONE;NONE;PASSENGER CAR,SPORT UTILITY;PASSENGER CAR,SPORT UTILITY;PASSENGER CAR,SPORT UTILITY;PASSENGER CAR,SPORT UTILITY
20624;CARY;NO SPECIAL FEATURE;STRAIGHT,LEVEL;LOCAL STREET;TWO-WAY,DIVIDED,POSITIVE MEDIAN BARRIER;SMOOTH ASPHALT;DRY;DAYLIGHT;CLEAR;STOP AND GO SIGNAL;35.818808338;-78.90247508;-78.902439;35.818821;P015;122;0;0;2;;NONE;;NONE;;SPORT UTILITY;PASSENGER CAR;;;;NO;17;2016-01-02;1:59:21 PM;2016-01-02T18:59:21+00:00;35.818808338, -78.90247508;2016;No;No;1;NONE;NONE,NONE;NONE,NONE;SPORT UTILITY,PASSENGER CAR;SPORT UTILITY,PASSENGER CAR;SPORT UTILITY,PASSENGER CAR;SPORT UTILITY,PASSENGER CAR
20635;.45 MILES FROM SR 1617 (CARPENTER UPCHURCH RD;NO SPECIAL FEATURE;CURVE,LEVEL;STATE SECONDARY ROUTE;TWO-WAY,NOT DIVIDED;SMOOTH ASPHALT;DRY;DAYLIGHT;CLEAR;NO CONTROL PRESENT;35.808095913;-78.87058863;-78.869409;35.801292;P092;WAKE;1;0;;;NONE;;NONE;;PICKUP;;;;;NO;27;2016-02-01;12:00 AM;2016-02-01T05:00:00+00:00;35.808095913, -78.87058863;2016;Yes;No;2;NONE;NONE,NONE;NONE,NONE;PICKUP;PICKUP;PICKUP;PICKUP
20636;CARY;NO SPECIAL FEATURE;STRAIGHT,LEVEL;LOCAL STREET;TWO-WAY,NOT DIVIDED;SMOOTH ASPHALT;DRY;DARK - LIGHTED ROADWAY;CLEAR;NO CONTROL PRESENT;35.821716552;-78.77099451;-78.771;35.8217;P080;111;0;0;1;;NONE;;NONE;;PASSENGER CAR;PASSENGER CAR;;;;NO;28;2016-01-04;5:54:31 PM;2016-01-04T22:54:31+00:00;35.821716552, -78.77099451;2016;No;No;1;NONE;NONE,NONE;NONE,NONE;PASSENGER CAR,PASSENGER CAR;PASSENGER CAR,PASSENGER CAR;PASSENGER CAR,PASSENGER CAR;PASSENGER CAR,PASSENGER CAR
20656;0 FEET FROM NC 55 HWY;FOUR-WAY INTERSECTION;STRAIGHT,LEVEL;NC ROUTE;TWO-WAY,DIVIDED,UNPROTECTED MEDIAN;SMOOTH ASPHALT;DRY;DAYLIGHT;CLEAR;STOP AND GO SIGNAL;35.813687681;-78.8727476;-78.8726;35.8137;P091;WAKE;0;1;3;;NONE;;NONE;;PASSENGER CAR;VAN;;;;NO;47;2016-01-06;1:58:08 PM;2016-01-06T18:58:08+00:00;35.813687681, -78.8727476;2016;No;Yes;1;NONE;NONE,NONE;NONE,NONE;PASSENGER CAR,VAN;PASSENGER CAR,VAN;PASSENGER CAR,VAN;PASSENGER CAR,VAN
20661;CARY;T-INTERSECTION;CURVE,GRADE;STATE SECONDARY ROUTE;TWO-WAY,DIVIDED,UNPROTECTED MEDIAN;SMOOTH ASPHALT;DRY;DARK - LIGHTED ROADWAY;CLEAR;NO CONTROL PRESENT;35.745119625;-78.76378031;-78.7637;35.7452;P004;118;0;1;;;NONE;;NONE;;PASSENGER CAR;SPORT UTILITY;;;;NO;52;2016-01-05;6:55:17 PM;2016-01-05T23:55:17+00:00;35.745119625, -78.76378031;2016;No;Yes;1;NONE;NONE,NONE;NONE,NONE;PASSENGER CAR,SPORT UTILITY;PASSENGER CAR,SPORT UTILITY;PASSENGER CAR,SPORT UTILITY;PASSENGER CAR,SPORT UTILITY
20678;CARY;FOUR-WAY INTERSECTION;STRAIGHT,LEVEL;STATE SECONDARY ROUTE;TWO-WAY,NOT DIVIDED;SMOOTH ASPHALT;WET;DAYLIGHT;CLOUDY;STOP AND GO SIGNAL;;;-78.7813;35.7873;;;0;1;2;;NONE;;NONE;;PASSENGER CAR;PASSENGER CAR;;;;NO;67;2016-01-08;9:12:44 AM;2016-01-08T14:12:44+00:00;;2016;No;Yes;1;NONE;NONE,NONE;NONE,NONE;PASSENGER CAR,PASSENGER CAR;PASSENGER CAR,PASSENGER CAR;PASSENGER CAR,PASSENGER CAR;PASSENGER CAR,PASSENGER CAR
20681;30 FEET FROM SR 1613 (DAVIS DR);NO SPECIAL FEATURE;STRAIGHT,LEVEL;STATE SECONDARY ROUTE;TWO-WAY,DIVIDED,UNPROTECTED MEDIAN;SMOOTH ASPHALT;DRY;DAYLIGHT;CLOUDY;STOP AND GO SIGNAL;35.793951805;-78.84740098;-78.8475;35.7941;P078;121;0;0;1;;NONE;;NONE;;SPORT UTILITY;PICKUP;;;;NO;70;2016-01-08;9:25:18 AM;2016-01-08T14:25:18+00:00;35.793951805, -78.84740098;2016;No;No;1;NONE;NONE,NONE;NONE,NONE;SPORT UTILITY,PICKUP;SPORT UTILITY,PICKUP;SPORT UTILITY,PICKUP;SPORT UTILITY,PICKUP
20684;50 FEET FROM KINGSWOOD DR;NO SPECIAL FEATURE;STRAIGHT,LEVEL;LOCAL STREET;TWO-WAY,NOT DIVIDED;SMOOTH ASPHALT;DRY;DAYLIGHT;CLEAR;NO CONTROL PRESENT;35.79686191;-78.78089056;-745165.06;2064954.88;P032;113;0;0;;;NONE;;NONE;;PASSENGER CAR;;;;;NO;73;2016-01-08;3:31:01 PM;2016-01-08T20:31:01+00:00;35.79686191, -78.78089056;2016;No;No;1;NONE;NONE,NONE;NONE,NONE;PASSENGER CAR;PASSENGER CAR;PASSENGER CAR;PASSENGER CAR
20693;200 FEET FROM SE CARY PKWY (SR 3977);NO SPECIAL FEATURE;STRAIGHT,LEVEL;STATE SECONDARY ROUTE;TWO-WAY,DIVIDED,UNPROTECTED MEDIAN;SMOOTH ASPHALT;WET;DAYLIGHT;CLOUDY;NO CONTROL PRESENT;35.757924904;-78.77941773;-78.78;35.758;P027;112;0;0;1;;NONE;;NONE;;SPORT UTILITY;SPORT UTILITY;;;;NO;82;2016-01-09;4:15:24 PM;2016-01-09T21:15:24+00:00;35.757924904, -78.77941773;2016;No;No;1;NONE;NONE,NONE;NONE,NONE;SPORT UTILITY,SPORT UTILITY;SPORT UTILITY,SPORT UTILITY;SPORT UTILITY,SPORT UTILITY;SPORT UTILITY,SPORT UTILITY
20694;.12 MILES FROM SR-1415 (SW MAYNARD RD);NO SPECIAL FEATURE;STRAIGHT,GRADE;STATE SECONDARY ROUTE;TWO-WAY,DIVIDED,UNPROTECTED MEDIAN;SMOOTH ASPHALT;WET;DAYLIGHT;CLOUDY;NO CONTROL PRESENT;35.776937358;-78.80476735;-78.784;35.7718;P008;114;0;0;;;;;NONE;;PICKUP;PASSENGER CAR;;;;NO;83;2016-01-09;11:08 AM;2016-01-09T16:08:00+00:00;35.776937358, -78.80476735;2016;No;No;1;;NONE;NONE;PICKUP,PASSENGER CAR;PICKUP,PASSENGER CAR;PICKUP,PASSENGER CAR;PICKUP,PASSENGER CAR
20704;0 FEET FROM SR 1300 (KILDAIRE FARM RD);FOUR-WAY INTERSECTION;STRAIGHT,GRADE;STATE SECONDARY ROUTE;TWO-WAY,DIVIDED,UNPROTECTED MEDIAN;SMOOTH ASPHALT;WET;DAYLIGHT;RAIN;STOP AND GO SIGNAL;35.72924044;-78.77714661;-78.777264;35.72924;P047;118;0;2;;;NONE;;NONE;;SPORT UTILITY;PASSENGER CAR;;;;NO;92;2016-01-08;2:36:58 PM;2016-01-08T19:36:58+00:00;35.72924044, -78.77714661;2016;No;Yes;1;NONE;NONE,NONE;NONE,NONE;SPORT UTILITY,PASSENGER CAR;SPORT UTILITY,PASSENGER CAR;SPORT UTILITY,PASSENGER CAR;SPORT UTILITY,PASSENGER CAR
20718;25 FEET FROM 2500 CARPENTER UPCHURCH;T-INTERSECTION;STRAIGHT,LEVEL;PUBLIC VEHICULAR AREA;ONE-WAY,NOT DIVIDED;SMOOTH ASPHALT;DRY;DAYLIGHT;CLEAR;STOP SIGN;35.808095886;-78.87058866;-78.869972;35.804877;P092;WAKE;0;0;;;NONE;;NONE;;SPORT UTILITY;PICKUP;;;;NO;106;2016-01-05;4:26:11 PM;2016-01-05T21:26:11+00:00;35.808095886, -78.87058866;2016;No;No;1;NONE;NONE,NONE;NONE,NONE;SPORT UTILITY,PICKUP;SPORT UTILITY,PICKUP;SPORT UTILITY,PICKUP;SPORT UTILITY,PICKUP
20720;.2 MILES FROM SR 1613 (DAVIS DR);NO SPECIAL FEATURE;STRAIGHT,LEVEL;STATE SECONDARY ROUTE;TWO-WAY,DIVIDED,UNPROTECTED MEDIAN;COARSE ASPHALT;DRY;DAYLIGHT;CLEAR;NO CONTROL PRESENT;35.812298908;-78.84826521;-78.8479;35.8101;P079;121;0;0;1;;NONE;;NONE;;PASSENGER CAR;PASSENGER CAR;PASSENGER CAR;;;NO;108;2016-01-10;8:01:54 AM;2016-01-10T13:01:54+00:00;35.812298908, -78.84826521;2016;No;No;1;NONE;NONE,NONE;NONE,NONE;PASSENGER CAR,PASSENGER CAR;PASSENGER CAR,PASSENGER CAR,PASSENGER CAR;PASSENGER CAR,PASSENGER CAR,PASSENGER CAR;PASSENGER CAR,PASSENGER CAR,PASSENGER CAR
20729;400 FEET FROM TRINITY WOODS DRIVE;DRIVEWAY, PRIVATE;STRAIGHT,LEVEL;LOCAL STREET;TWO-WAY,NOT DIVIDED;CONCRETE;DRY;DARK - LIGHTED ROADWAY;CLEAR;NO CONTROL PRESENT;35.801362042;-78.74467216;-78.746016;35.800419;P034;113;0;0;;;NONE;;NONE;;PASSENGER CAR;PASSENGER CAR;;;;NO;117;2016-01-11;11:13 PM;2016-01-12T04:13:00+00:00;35.801362042, -78.74467216;2016;No;No;1;NONE;NONE,NONE;NONE,NONE;PASSENGER CAR,PASSENGER CAR;PASSENGER CAR,PASSENGER CAR;PASSENGER CAR,PASSENGER CAR;PASSENGER CAR,PASSENGER CAR
20736;499 FEET FROM PVA 280 TOWERVIEW CT;NO SPECIAL FEATURE;STRAIGHT,LEVEL;PUBLIC VEHICULAR AREA;ONE-WAY,NOT DIVIDED;SMOOTH ASPHALT;DRY;DAYLIGHT;CLEAR;NO CONTROL PRESENT;35.803041886;-78.81470193;-78.8146;35.8032;P100;RALW;0;0;;;NONE;;NONE;;PASSENGER CAR;PASSENGER CAR;;;;NO;124;2016-01-12;10:39 AM;2016-01-12T15:39:00+00:00;35.803041886, -78.81470193;2016;No;No;1;NONE;NONE,NONE;NONE,NONE;PASSENGER CAR,PASSENGER CAR;PASSENGER CAR,PASSENGER CAR;PASSENGER CAR,PASSENGER CAR;PASSENGER CAR,PASSENGER CAR