tamainid;location_description;rdfeature;rdcharacter;rdclass;rdconfigur;rdsurface;rdcondition;lightcond;weather;trafcontrl;lat;lon;lon2;lat2;tract;zone;fatality;possblinj;numpassengers;numpedestrians;contrcir1_desc;contrcir2_desc;contrcir3_desc;contrcir4_desc;vehicle1;vehicle2;vehicle3;vehicle4;vehicle5;workarea;records;ta_date;ta_time;crash_date;geo_location;year;fatalities;injuries;month;contrfact1;contrfact2;contributing_factor;vehicleconcat1;vehicleconcat2;vehicleconcat3;vehicle_type
20894;CARY;NO SPECIAL FEATURE;STRAIGHT,LEVEL;;TWO-WAY,DIVIDED,UNPROTECTED MEDIAN;SMOOTH ASPHALT;WET;DAYLIGHT;CLOUDY;STOP AND GO SIGNAL;35.826357201;-78.80601508;-78.806014;35.8265;P021;111;0;0;;;NONE;;NONE;;PASSENGER CAR;PASSENGER CAR;;;;NO;281;2016-01-27;8:26:27 AM;2016-01-27T13:26:27+00:00;35.826357201, -78.80601508;2016;No;No;1;NONE;NONE,NONE;NONE,NONE;PASSENGER CAR,PASSENGER CAR;PASSENGER CAR,PASSENGER CAR;PASSENGER CAR,PASSENGER CAR;PASSENGER CAR,PASSENGER CAR
20895;CARY;NO SPECIAL FEATURE;STRAIGHT,LEVEL;;TWO-WAY,NOT DIVIDED;SMOOTH ASPHALT;DRY;DAYLIGHT;CLOUDY;STOP SIGN;35.775048104;-78.78972338;-78.789759;35.775087;P036;114;0;1;;;NONE;;NONE;;SPORT UTILITY;PASSENGER CAR;;;;UTILITY WORK AREA;282;2016-01-27;11:07 AM;2016-01-27T16:07:00+00:00;35.775048104, -78.78972338;2016;No;Yes;1;NONE;NONE,NONE;NONE,NONE;SPORT UTILITY,PASSENGER CAR;SPORT UTILITY,PASSENGER CAR;SPORT UTILITY,PASSENGER CAR;SPORT UTILITY,PASSENGER CAR
20897;CARY;NO SPECIAL FEATURE;STRAIGHT,LEVEL;PUBLIC VEHICULAR AREA;TWO-WAY,NOT DIVIDED;SMOOTH ASPHALT;DRY;DAYLIGHT;CLEAR;NO CONTROL PRESENT;35.756090175;-78.74411901;-78.7447;35.7567;P045;118;0;0;;;NONE;;NONE;;SPORT UTILITY;SPORT UTILITY;;;;NO;284;2016-01-27;8:02:23 PM;2016-01-28T01:02:23+00:00;35.756090175, -78.74411901;2016;No;No;1;NONE;NONE,NONE;NONE,NONE;SPORT UTILITY,SPORT UTILITY;SPORT UTILITY,SPORT UTILITY;SPORT UTILITY,SPORT UTILITY;SPORT UTILITY,SPORT UTILITY
20899;.10 MILES FROM LOCH HIGHLANDS DR;NO SPECIAL FEATURE;STRAIGHT,GRADE;LOCAL STREET;TWO-WAY,NOT DIVIDED;SMOOTH ASPHALT;DRY;DARK - LIGHTED ROADWAY;CLEAR;NO CONTROL PRESENT;35.722460954;-78.7796803;-78.7792;35.7223;P054;116;0;0;;;OTHER *;;NONE;;PASSENGER CAR;;;;;NO;286;2016-01-27;9:22:20 PM;2016-01-28T02:22:20+00:00;35.722460954, -78.7796803;2016;No;No;1;OTHER *;OTHER *,NONE;OTHER *,NONE;PASSENGER CAR;PASSENGER CAR;PASSENGER CAR;PASSENGER CAR
20905;291 FEET FROM SR 3112 (NW CARY PKWY);NO SPECIAL FEATURE;STRAIGHT,GRADE;STATE SECONDARY ROUTE;TWO-WAY,DIVIDED,UNPROTECTED MEDIAN;SMOOTH ASPHALT;DRY;DARK - LIGHTED ROADWAY;CLEAR;NO CONTROL PRESENT;35.814519596;-78.80284177;-78.801741;35.815059;P022;111;0;0;;;NONE;;NONE;;PICKUP;;;;;NO;292;2016-01-27;7:17:53 PM;2016-01-28T00:17:53+00:00;35.814519596, -78.80284177;2016;No;No;1;NONE;NONE,NONE;NONE,NONE;PICKUP;PICKUP;PICKUP;PICKUP
20906;200 FEET FROM SR-1010 (TEN TEN RD);NO SPECIAL FEATURE;STRAIGHT,LEVEL;STATE SECONDARY ROUTE;TWO-WAY,NOT DIVIDED;SMOOTH ASPHALT;DRY;DARK - ROADWAY NOT LIGHTED;CLOUDY;NO CONTROL PRESENT;35.68908794;-78.75902358;-78.7637;;P049;116;0;0;;;NONE;;NONE;;PASSENGER CAR;;;;;NO;293;2016-01-27;8:07:04 PM;2016-01-28T01:07:04+00:00;35.68908794, -78.75902358;2016;No;No;1;NONE;NONE,NONE;NONE,NONE;PASSENGER CAR;PASSENGER CAR;PASSENGER CAR;PASSENGER CAR
20909;20 FEET FROM US1 EXIT 96 RAMP SB;OFF-RAMP ENTRY;CURVE,HILLCREST;US ROUTE;ONE-WAY,NOT DIVIDED;SMOOTH ASPHALT;DRY;DAYLIGHT;CLEAR;FLASHING STOP AND GO SIGNAL;35.7235922;-78.82363723;-78.7932;35.7383;P090;WAKE;0;0;4;;NONE;;NONE;;PASSENGER CAR;VAN;;;;NO;296;2016-01-27;1:30:19 PM;2016-01-27T18:30:19+00:00;35.7235922, -78.82363723;2016;No;No;1;NONE;NONE,NONE;NONE,NONE;PASSENGER CAR,VAN;PASSENGER CAR,VAN;PASSENGER CAR,VAN;PASSENGER CAR,VAN
20913;CARY;FOUR-WAY INTERSECTION;STRAIGHT,LEVEL;STATE SECONDARY ROUTE;TWO-WAY,DIVIDED,UNPROTECTED MEDIAN;SMOOTH ASPHALT;DRY;DARK - LIGHTED ROADWAY;CLEAR;STOP AND GO SIGNAL;35.790025631;-78.85048902;;;P017;121;0;1;;1;FAILURE TO YIELD RIGHT OF WAY;FAILURE TO OBEY TRAFFIC SIGNS, SIGNALS;NONE;;SPORT UTILITY;;;;;NO;300;2016-01-26;6:55:29 PM;2016-01-26T23:55:29+00:00;35.790025631, -78.85048902;2016;No;Yes;1;FAILURE TO YIELD RIGHT OF WAY,FAILURE TO OBEY TRAFFIC SIGNS, SIGNALS;FAILURE TO YIELD RIGHT OF WAY,FAILURE TO OBEY TRAFFIC SIGNS, SIGNALS,NONE;FAILURE TO YIELD RIGHT OF WAY,FAILURE TO OBEY TRAFFIC SIGNS,SIGNALS,NONE;SPORT UTILITY;SPORT UTILITY;SPORT UTILITY;SPORT UTILITY
20922;350 FEET FROM P.V.A. (980 KILDAIRE FARM RD);NO SPECIAL FEATURE;STRAIGHT,LEVEL;PUBLIC VEHICULAR AREA;TWO-WAY,NOT DIVIDED;SMOOTH ASPHALT;DRY;DAYLIGHT;CLEAR;NO CONTROL PRESENT;;;-78.783;35.7724;;;0;0;;;NONE;;NONE;;PASSENGER CAR;PASSENGER CAR;;;;NO;309;2016-01-30;2:06:23 PM;2016-01-30T19:06:23+00:00;;2016;No;No;1;NONE;NONE,NONE;NONE,NONE;PASSENGER CAR,PASSENGER CAR;PASSENGER CAR,PASSENGER CAR;PASSENGER CAR,PASSENGER CAR;PASSENGER CAR,PASSENGER CAR
20927;.195 MILES FROM SR#1613 DAVIS DR;NO SPECIAL FEATURE;STRAIGHT,LEVEL;STATE SECONDARY ROUTE;TWO-WAY,DIVIDED,UNPROTECTED MEDIAN;SMOOTH ASPHALT;DRY;DARK - ROADWAY NOT LIGHTED;CLEAR;NO CONTROL PRESENT;35.828758927;-78.8524204;-78.850413;35.826393;P073;121;0;0;1;;NONE;;NONE;;SPORT UTILITY;;;;;NO;314;2016-01-31;7:24:12 PM;2016-02-01T00:24:12+00:00;35.828758927, -78.8524204;2016;No;No;1;NONE;NONE,NONE;NONE,NONE;SPORT UTILITY;SPORT UTILITY;SPORT UTILITY;SPORT UTILITY
20930;.33 MILES FROM SR 3127 (MCCRIMMON PKWY);NO SPECIAL FEATURE;STRAIGHT,GRADE;STATE SECONDARY ROUTE;TWO-WAY,DIVIDED,POSITIVE MEDIAN BARRIER;SMOOTH ASPHALT;DRY;DAYLIGHT;CLEAR;NO CONTROL PRESENT;35.829145743;-78.88418313;-78.89025;35.827856;P082;119;0;0;1;;NONE;;NONE;;PICKUP;SPORT UTILITY;;;;NO;317;2016-01-29;8:31:59 AM;2016-01-29T13:31:59+00:00;35.829145743, -78.88418313;2016;No;No;1;NONE;NONE,NONE;NONE,NONE;PICKUP,SPORT UTILITY;PICKUP,SPORT UTILITY;PICKUP,SPORT UTILITY;PICKUP,SPORT UTILITY
20936;CARY;FOUR-WAY INTERSECTION;STRAIGHT,LEVEL;STATE SECONDARY ROUTE;TWO-WAY,DIVIDED,UNPROTECTED MEDIAN;SMOOTH ASPHALT;DRY;DARK - ROADWAY NOT LIGHTED;CLEAR;STOP SIGN;35.768219346;-78.79579081;-78.7957;35.7682;P037;115;0;1;;;NONE;;NONE;;SPORT UTILITY;SPORT UTILITY;;;;NO;323;2016-01-29;6:38:47 PM;2016-01-29T23:38:47+00:00;35.768219346, -78.79579081;2016;No;Yes;1;NONE;NONE,NONE;NONE,NONE;SPORT UTILITY,SPORT UTILITY;SPORT UTILITY,SPORT UTILITY;SPORT UTILITY,SPORT UTILITY;SPORT UTILITY,SPORT UTILITY
20938;150 FEET FROM [SR1300]KILDAIRE FARM RD;NO SPECIAL FEATURE;STRAIGHT,LEVEL;LOCAL STREET;TWO-WAY,NOT DIVIDED;SMOOTH ASPHALT;DRY;DAYLIGHT;CLEAR;NO CONTROL PRESENT;;;-78.7966;35.6929;;;0;0;;;NONE;;NONE;;VAN;SPORT UTILITY;;;;NO;325;2016-01-29;10:29 PM;2016-01-30T03:29:00+00:00;;2016;No;No;1;NONE;NONE,NONE;NONE,NONE;VAN,SPORT UTILITY;VAN,SPORT UTILITY;VAN,SPORT UTILITY;VAN,SPORT UTILITY
20940;CARY;NO SPECIAL FEATURE;STRAIGHT,LEVEL;PUBLIC VEHICULAR AREA;TWO-WAY,DIVIDED,UNPROTECTED MEDIAN;SMOOTH ASPHALT;DRY;DARK - LIGHTED ROADWAY;CLEAR;NO CONTROL PRESENT;35.754908262;-78.73025042;-78.7425;35.7621;P093;WAKE;0;0;;;NONE;;NONE;;PASSENGER CAR;SPORT UTILITY;;;;NO;327;2016-01-28;7:29:33 PM;2016-01-29T00:29:33+00:00;35.754908262, -78.73025042;2016;No;No;1;NONE;NONE,NONE;NONE,NONE;PASSENGER CAR,SPORT UTILITY;PASSENGER CAR,SPORT UTILITY;PASSENGER CAR,SPORT UTILITY;PASSENGER CAR,SPORT UTILITY
20944;5 FEET FROM P.V.A.(885 WALNUT ST);NO SPECIAL FEATURE;STRAIGHT,LEVEL;PUBLIC VEHICULAR AREA;TWO-WAY,NOT DIVIDED;SMOOTH ASPHALT;DRY;DAYLIGHT;CLEAR;STOP SIGN;;;-78.766;35.7754;;;0;0;;;NONE;;NONE;;PASSENGER CAR;PASSENGER CAR;;;;NO;331;2016-02-01;11:55 AM;2016-02-01T16:55:00+00:00;;2016;No;No;2;NONE;NONE,NONE;NONE,NONE;PASSENGER CAR,PASSENGER CAR;PASSENGER CAR,PASSENGER CAR;PASSENGER CAR,PASSENGER CAR;PASSENGER CAR,PASSENGER CAR
20949;.5 MILES FROM EVANS ESTATES DR.;NO SPECIAL FEATURE;STRAIGHT,GRADE;LOCAL STREET;TWO-WAY,NOT DIVIDED;SMOOTH ASPHALT;DRY;DAYLIGHT;CLEAR;NO CONTROL PRESENT;35.806937795;-78.79108437;-78.7887;35.8067;P024;111;0;0;;;NONE;;NONE;;SPORT UTILITY;LIGHT TRUCK (MINI-VAN- PANEL);;;;NO;336;2016-02-01;3:11:51 PM;2016-02-01T20:11:51+00:00;35.806937795, -78.79108437;2016;No;No;2;NONE;NONE,NONE;NONE,NONE;SPORT UTILITY,LIGHT TRUCK (MINI-VAN- PANEL);SPORT UTILITY,LIGHT TRUCK (MINI-VAN- PANEL);SPORT UTILITY,LIGHT TRUCK (MINI-VAN- PANEL);SPORT UTILITY,LIGHT TRUCK (MINI-VAN- PANEL)
20957;250 FEET FROM 864 SE MAYNARD RD;NO SPECIAL FEATURE;STRAIGHT,LEVEL;PUBLIC VEHICULAR AREA;TWO-WAY,NOT DIVIDED;SMOOTH ASPHALT;DRY;DARK - LIGHTED ROADWAY;CLEAR;NO CONTROL PRESENT;;;-78.7632;35.7747;;;0;0;;;NONE;;NONE;;PASSENGER CAR;PASSENGER CAR;;;;NO;344;2016-02-01;9:28:16 PM;2016-02-02T02:28:16+00:00;;2016;No;No;2;NONE;NONE,NONE;NONE,NONE;PASSENGER CAR,PASSENGER CAR;PASSENGER CAR,PASSENGER CAR;PASSENGER CAR,PASSENGER CAR;PASSENGER CAR,PASSENGER CAR
20958;CARY;RELATED TO INTERSECTION;STRAIGHT,LEVEL;STATE SECONDARY ROUTE;TWO-WAY,DIVIDED,UNPROTECTED MEDIAN;COARSE ASPHALT;DRY;DARK - LIGHTED ROADWAY;CLOUDY;STOP AND GO SIGNAL;35.798770521;-78.79609264;-78.7984;35.7971;P023;111;0;0;;;;;NONE;;MOPED;PASSENGER CAR;;;;NO;345;2016-02-01;9:55:00 PM;2016-02-02T02:55:00+00:00;35.798770521, -78.79609264;2016;No;No;2;;NONE;NONE;MOPED,PASSENGER CAR;MOPED,PASSENGER CAR;MOPED,PASSENGER CAR;MOPED,PASSENGER CAR
20974;90 FEET FROM RP 1628 (OKELLY CHAPEL RD);RELATED TO INTERSECTION;STRAIGHT,GRADE;STATE SECONDARY ROUTE;TWO-WAY,NOT DIVIDED;SMOOTH ASPHALT;DRY;DAYLIGHT;CLEAR;STOP AND GO SIGNAL;;;-78.8987;35.8422;;119;0;0;;;NONE;;NONE;;PASSENGER CAR;SPORT UTILITY;;;;CONSTRUCTION WORK AREA;361;2016-02-03;2:16:51 PM;2016-02-03T19:16:51+00:00;;2016;No;No;2;NONE;NONE,NONE;NONE,NONE;PASSENGER CAR,SPORT UTILITY;PASSENGER CAR,SPORT UTILITY;PASSENGER CAR,SPORT UTILITY;PASSENGER CAR,SPORT UTILITY
20979;CARY;;;;;;;;;;;;;;;;0;0;;;;;;;;;;;;;366;2016-02-04;10:01 AM;2016-02-04T15:01:00+00:00;;2016;No;No;2;;;;;;;
20982;.1 MILES FROM NC 55 HWY;NO SPECIAL FEATURE;STRAIGHT,LEVEL;NC ROUTE;TWO-WAY,DIVIDED,POSITIVE MEDIAN BARRIER;SMOOTH ASPHALT;WET;DAYLIGHT;RAIN;NO CONTROL PRESENT;35.840824249;-78.88648434;-78.8833;35.837;P091;WAKE;0;0;;;NONE;;NONE;;PASSENGER CAR;PASSENGER CAR;;;;NO;369;2016-02-03;8:36:23 AM;2016-02-03T13:36:23+00:00;35.840824249, -78.88648434;2016;No;No;2;NONE;NONE,NONE;NONE,NONE;PASSENGER CAR,PASSENGER CAR;PASSENGER CAR,PASSENGER CAR;PASSENGER CAR,PASSENGER CAR;PASSENGER CAR,PASSENGER CAR
20985;.02 MILES FROM PVA OF 237 CROSSROADS BLVD;NO SPECIAL FEATURE;STRAIGHT,LEVEL;PUBLIC VEHICULAR AREA;ONE-WAY,NOT DIVIDED;SMOOTH ASPHALT;DRY;DAYLIGHT;CLOUDY;NO CONTROL PRESENT;;;;;;118;0;0;;;NONE;;NONE;;SPORT UTILITY;SPORT UTILITY;;;;NO;372;2016-02-04;1:40:48 PM;2016-02-04T18:40:48+00:00;;2016;No;No;2;NONE;NONE,NONE;NONE,NONE;SPORT UTILITY,SPORT UTILITY;SPORT UTILITY,SPORT UTILITY;SPORT UTILITY,SPORT UTILITY;SPORT UTILITY,SPORT UTILITY
20993;400 FEET FROM P.V.A. (801 BASS PRO LN);DRIVEWAY, PUBLIC;STRAIGHT,LEVEL;PUBLIC VEHICULAR AREA;TWO-WAY,NOT DIVIDED;SMOOTH ASPHALT;DRY;DAYLIGHT;CLEAR;NO CONTROL PRESENT;;;-78.7699;35.8305;;;0;0;;;NONE;;NONE;;PICKUP;PASSENGER CAR;;;;NO;380;2016-02-05;12:28 PM;2016-02-05T17:28:00+00:00;;2016;No;No;2;NONE;NONE,NONE;NONE,NONE;PICKUP,PASSENGER CAR;PICKUP,PASSENGER CAR;PICKUP,PASSENGER CAR;PICKUP,PASSENGER CAR
20994;50 FEET FROM BROKENSHIRE ST;NO SPECIAL FEATURE;STRAIGHT,LEVEL;LOCAL STREET;TWO-WAY,NOT DIVIDED;SMOOTH ASPHALT;WET;DARK - LIGHTED ROADWAY;RAIN;NO CONTROL PRESENT;35.805887095;-78.88389099;-78.8838;35.806;P072;122;0;0;;;NONE;;NONE;;UNKNOWN;SPORT UTILITY;;;;NO;381;2016-02-04;8:53:11 AM;2016-02-04T13:53:11+00:00;35.805887095, -78.88389099;2016;No;No;2;NONE;NONE,NONE;NONE,NONE;UNKNOWN,SPORT UTILITY;UNKNOWN,SPORT UTILITY;UNKNOWN,SPORT UTILITY;UNKNOWN,SPORT UTILITY
20995;150 FEET FROM SR 1011 (E CHATHAM ST);RELATED TO INTERSECTION;STRAIGHT,LEVEL;STATE SECONDARY ROUTE;TWO-WAY,NOT DIVIDED;SMOOTH ASPHALT;DRY;DAYLIGHT;CLEAR;STOP AND GO SIGNAL;35.791955205;-78.76493587;-78.764;35.7917;P055;120;0;0;;;NONE;;NONE;;PASSENGER CAR;PASSENGER CAR;;;;NO;382;2016-02-05;5:15:09 PM;2016-02-05T22:15:09+00:00;35.791955205, -78.76493587;2016;No;No;2;NONE;NONE,NONE;NONE,NONE;PASSENGER CAR,PASSENGER CAR;PASSENGER CAR,PASSENGER CAR;PASSENGER CAR,PASSENGER CAR;PASSENGER CAR,PASSENGER CAR
20999;350 FEET FROM 1200 VILLAGE GREENWAY;NO SPECIAL FEATURE;STRAIGHT,LEVEL;PUBLIC VEHICULAR AREA;TWO-WAY,NOT DIVIDED;SMOOTH ASPHALT;DRY;DAYLIGHT;CLEAR;NO CONTROL PRESENT;35.779231485;-78.7618673;-78.761993;35.779098;P057;120;0;0;;;;;NONE;;PASSENGER CAR;UNKNOWN;;;;NO;384;2016-02-06;9:58:46 PM;2016-02-07T02:58:46+00:00;35.779231485, -78.7618673;2016;No;No;2;;NONE;NONE;PASSENGER CAR,UNKNOWN;PASSENGER CAR,UNKNOWN;PASSENGER CAR,UNKNOWN;PASSENGER CAR,UNKNOWN
21000;CARY;T-INTERSECTION;STRAIGHT,HILLCREST;STATE SECONDARY ROUTE;TWO-WAY,NOT DIVIDED;SMOOTH ASPHALT;DRY;DARK - LIGHTED ROADWAY;CLOUDY;STOP SIGN;35.771625565;-78.79319447;-78.7928;35.7717;P036;114;0;1;;;;;NONE;;PASSENGER CAR;;;;;NO;385;2016-02-07;3:32:07 AM;2016-02-07T08:32:07+00:00;35.771625565, -78.79319447;2016;No;Yes;2;;NONE;NONE;PASSENGER CAR;PASSENGER CAR;PASSENGER CAR;PASSENGER CAR
21004;75 FEET FROM [SR1387]WEST LAKE RD;NO SPECIAL FEATURE;CURVE,LEVEL;LOCAL STREET;TWO-WAY,NOT DIVIDED;SMOOTH ASPHALT;DRY;DARK - LIGHTED ROADWAY;CLOUDY;NO CONTROL PRESENT;;;-78.7558;35.6802;;;0;0;;;NONE;;NONE;;PASSENGER CAR;;;;;NO;389;2016-01-21;10:11 PM;2016-01-22T03:11:00+00:00;;2016;No;No;1;NONE;NONE,NONE;NONE,NONE;PASSENGER CAR;PASSENGER CAR;PASSENGER CAR;PASSENGER CAR
21006;.01 MILES FROM NW CARY PKWY;NO SPECIAL FEATURE;STRAIGHT,GRADE;LOCAL STREET;TWO-WAY,DIVIDED,UNPROTECTED MEDIAN;SMOOTH ASPHALT;WET;DAYLIGHT;RAIN;NO CONTROL PRESENT;35.791122298;-78.82541367;;;P067;121;0;0;;;NONE;;NONE;;PASSENGER CAR;SPORT UTILITY;;;;NO;391;2016-02-04;4:49:58 PM;2016-02-04T21:49:58+00:00;35.791122298, -78.82541367;2016;No;No;2;NONE;NONE,NONE;NONE,NONE;PASSENGER CAR,SPORT UTILITY;PASSENGER CAR,SPORT UTILITY;PASSENGER CAR,SPORT UTILITY;PASSENGER CAR,SPORT UTILITY
21007;CARY;FOUR-WAY INTERSECTION;STRAIGHT,HILLCREST;STATE SECONDARY ROUTE;TWO-WAY,DIVIDED,UNPROTECTED MEDIAN;SMOOTH ASPHALT;DRY;DUSK;CLEAR;STOP AND GO SIGNAL;35.745547544;-78.75467572;-78.7547;35.7455;P004;118;0;1;;;NONE;;NONE;;PASSENGER CAR;PASSENGER CAR;;;;NO;392;2016-02-06;4:50:58 PM;2016-02-06T21:50:58+00:00;35.745547544, -78.75467572;2016;No;Yes;2;NONE;NONE,NONE;NONE,NONE;PASSENGER CAR,PASSENGER CAR;PASSENGER CAR,PASSENGER CAR;PASSENGER CAR,PASSENGER CAR;PASSENGER CAR,PASSENGER CAR
21010;CARY;FOUR-WAY INTERSECTION;STRAIGHT,LEVEL;STATE SECONDARY ROUTE;TWO-WAY,DIVIDED,POSITIVE MEDIAN BARRIER;SMOOTH ASPHALT;DRY;DAYLIGHT;CLEAR;STOP AND GO SIGNAL;35.757912985;-78.78301415;-78.783;35.7584;P027;112;0;0;;;NONE;;;;PASSENGER CAR;PASSENGER CAR;;;;NO;395;2016-02-08;2:18:16 AM;2016-02-08T07:18:16+00:00;35.757912985, -78.78301415;2016;No;No;2;NONE;NONE;NONE;PASSENGER CAR,PASSENGER CAR;PASSENGER CAR,PASSENGER CAR;PASSENGER CAR,PASSENGER CAR;PASSENGER CAR,PASSENGER CAR
21020;75 FEET FROM PVA 575 NEW WAERLY PLACE;NO SPECIAL FEATURE;STRAIGHT,LEVEL;PUBLIC VEHICULAR AREA;TWO-WAY,NOT DIVIDED;SMOOTH ASPHALT;DRY;DAYLIGHT;CLEAR;NO CONTROL PRESENT;;;-78.7769;35.7379;;;0;0;;;NONE;;NONE;;PASSENGER CAR;SINGLE UNIT TRUCK (2-AXLE- 6-TIRE);;;;NO;405;2016-02-06;2:35:47 PM;2016-02-06T19:35:47+00:00;;2016;No;No;2;NONE;NONE,NONE;NONE,NONE;PASSENGER CAR,SINGLE UNIT TRUCK (2-AXLE- 6-TIRE);PASSENGER CAR,SINGLE UNIT TRUCK (2-AXLE- 6-TIRE);PASSENGER CAR,SINGLE UNIT TRUCK (2-AXLE- 6-TIRE);PASSENGER CAR,SINGLE UNIT TRUCK (2-AXLE- 6-TIRE)
21022;.1 MILES FROM PVA 885 WALNUT ST;NO SPECIAL FEATURE;STRAIGHT,LEVEL;PUBLIC VEHICULAR AREA;TWO-WAY,NOT DIVIDED;SMOOTH ASPHALT;DRY;DAYLIGHT;CLEAR;NO CONTROL PRESENT;;;-78.7651;35.7745;;;0;0;3;;;;NONE;;PASSENGER CAR;PASSENGER CAR;;;;NO;407;2016-02-05;3:26:53 PM;2016-02-05T20:26:53+00:00;;2016;No;No;2;;NONE;NONE;PASSENGER CAR,PASSENGER CAR;PASSENGER CAR,PASSENGER CAR;PASSENGER CAR,PASSENGER CAR;PASSENGER CAR,PASSENGER CAR
21026;.25 MILES FROM SW CARY PARKWAY 3977;NO SPECIAL FEATURE;STRAIGHT,LEVEL;STATE SECONDARY ROUTE;TWO-WAY,NOT DIVIDED;CONCRETE;DRY;DAYLIGHT;CLEAR;STOP AND GO SIGNAL;35.772455759;-78.89016005;-78.82038;35.760603;P118;117;0;1;;;NONE;;NONE;;PASSENGER CAR;SPORT UTILITY;;;;NO;411;2016-02-02;7:05:17 PM;2016-02-03T00:05:17+00:00;35.772455759, -78.89016005;2016;No;Yes;2;NONE;NONE,NONE;NONE,NONE;PASSENGER CAR,SPORT UTILITY;PASSENGER CAR,SPORT UTILITY;PASSENGER CAR,SPORT UTILITY;PASSENGER CAR,SPORT UTILITY
21029;250 FEET FROM PVA OF 2430 WALNUT ST;NO SPECIAL FEATURE;STRAIGHT,LEVEL;PUBLIC VEHICULAR AREA;TWO-WAY,NOT DIVIDED;COARSE ASPHALT;DRY;DAYLIGHT;CLEAR;NO CONTROL PRESENT;;;-78.7434;35.7526;;;0;0;;;NONE;;NONE;;SPORT UTILITY;PASSENGER CAR;;;;NO;414;2016-02-06;12:42 PM;2016-02-06T17:42:00+00:00;;2016;No;No;2;NONE;NONE,NONE;NONE,NONE;SPORT UTILITY,PASSENGER CAR;SPORT UTILITY,PASSENGER CAR;SPORT UTILITY,PASSENGER CAR;SPORT UTILITY,PASSENGER CAR
21033;CARY;FOUR-WAY INTERSECTION;STRAIGHT,LEVEL;STATE SECONDARY ROUTE;TWO-WAY,NOT DIVIDED;SMOOTH ASPHALT;DRY;DAYLIGHT;CLOUDY;STOP AND GO SIGNAL;35.780820247;-78.76415188;-78.7641;35.7806;P058;120;0;1;1;;NONE;;NONE;;PASSENGER CAR;PASSENGER CAR;;;;NO;418;2016-02-07;3:30:15 PM;2016-02-07T20:30:15+00:00;35.780820247, -78.76415188;2016;No;Yes;2;NONE;NONE,NONE;NONE,NONE;PASSENGER CAR,PASSENGER CAR;PASSENGER CAR,PASSENGER CAR;PASSENGER CAR,PASSENGER CAR;PASSENGER CAR,PASSENGER CAR
21038;120 FEET FROM BARRET MANOR CT;NO SPECIAL FEATURE;STRAIGHT,GRADE;LOCAL STREET;TWO-WAY,NOT DIVIDED;SMOOTH ASPHALT;DRY;DAYLIGHT;CLEAR;NO CONTROL PRESENT;35.811169197;-78.80598322;-78.806302;35.811279;P023;111;0;0;;;;;NONE;;SPORT UTILITY;;;;;NO;423;2016-02-08;9:24:33 AM;2016-02-08T14:24:33+00:00;35.811169197, -78.80598322;2016;No;No;2;;NONE;NONE;SPORT UTILITY;SPORT UTILITY;SPORT UTILITY;SPORT UTILITY
21040;400 FEET FROM (SR 1652) N HARRISON AVE;RAILROAD CROSSING;STRAIGHT,LEVEL;STATE SECONDARY ROUTE;TWO-WAY,NOT DIVIDED;SMOOTH ASPHALT;DRY;DARK - LIGHTED ROADWAY;CLEAR;NO CONTROL PRESENT;35.773850825;-78.75931174;-78.783438;35.789103;;;0;0;;;;;NONE;;SPORT UTILITY;;;;;NO;425;2016-02-07;11:26 PM;2016-02-08T04:26:00+00:00;35.773850825, -78.75931174;2016;No;No;2;;NONE;NONE;SPORT UTILITY;SPORT UTILITY;SPORT UTILITY;SPORT UTILITY
21046;.19 MILES FROM SR-1307 (E CHATHAM ST);NO SPECIAL FEATURE;STRAIGHT,LEVEL;STATE SECONDARY ROUTE;TWO-WAY,NOT DIVIDED;SMOOTH ASPHALT;DRY;DAYLIGHT;CLOUDY;STOP AND GO SIGNAL;35.791084393;-78.76337422;-78.7627;35.792;P002;120;0;0;;;NONE;;NONE;;PASSENGER CAR;PASSENGER CAR;;;;NO;431;2016-02-08;4:52:31 PM;2016-02-08T21:52:31+00:00;35.791084393, -78.76337422;2016;No;No;2;NONE;NONE,NONE;NONE,NONE;PASSENGER CAR,PASSENGER CAR;PASSENGER CAR,PASSENGER CAR;PASSENGER CAR,PASSENGER CAR;PASSENGER CAR,PASSENGER CAR
21061;CARY;T-INTERSECTION;STRAIGHT,LEVEL;LOCAL STREET;TWO-WAY,NOT DIVIDED;SMOOTH ASPHALT;DRY;DAYLIGHT;CLOUDY;NO CONTROL PRESENT;35.765763034;-78.75177405;-78.7518;35.7657;P003;112;0;0;;;NONE;;NONE;;;;;;;NO;446;2016-02-05;7:55:53 AM;2016-02-05T12:55:53+00:00;35.765763034, -78.75177405;2016;No;No;2;NONE;NONE,NONE;NONE,NONE;;;;