tamainid;location_description;rdfeature;rdcharacter;rdclass;rdconfigur;rdsurface;rdcondition;lightcond;weather;trafcontrl;lat;lon;lon2;lat2;tract;zone;fatality;possblinj;numpassengers;numpedestrians;contrcir1_desc;contrcir2_desc;contrcir3_desc;contrcir4_desc;vehicle1;vehicle2;vehicle3;vehicle4;vehicle5;workarea;records;ta_date;ta_time;crash_date;geo_location;year;fatalities;injuries;month;contrfact1;contrfact2;contributing_factor;vehicleconcat1;vehicleconcat2;vehicleconcat3;vehicle_type
21064;CARY;NO SPECIAL FEATURE;STRAIGHT,GRADE;PUBLIC VEHICULAR AREA;TWO-WAY,NOT DIVIDED;SMOOTH ASPHALT;DRY;DAYLIGHT;CLEAR;NO CONTROL PRESENT;35.757166927;-78.78447182;-78.78522;35.757267;P040;115;0;0;;;NONE;;NONE;;PASSENGER CAR;PASSENGER CAR;;;;NO;449;2016-02-11;7:17:47 PM;2016-02-12T00:17:47+00:00;35.757166927, -78.78447182;2016;No;No;2;NONE;NONE,NONE;NONE,NONE;PASSENGER CAR,PASSENGER CAR;PASSENGER CAR,PASSENGER CAR;PASSENGER CAR,PASSENGER CAR;PASSENGER CAR,PASSENGER CAR
21072;100 FEET FROM US 1 HWY SB;NO SPECIAL FEATURE;STRAIGHT,LEVEL;US ROUTE;TWO-WAY,DIVIDED,POSITIVE MEDIAN BARRIER;SMOOTH ASPHALT;DRY;DAYLIGHT;CLEAR;NO CONTROL PRESENT;35.740630302;-78.78696617;-78.7871;35.7406;P042;115;0;1;2;;NONE;;NONE;;PASSENGER CAR;PASSENGER CAR;SPORT UTILITY;;;NO;457;2016-02-11;4:01:32 PM;2016-02-11T21:01:32+00:00;35.740630302, -78.78696617;2016;No;Yes;2;NONE;NONE,NONE;NONE,NONE;PASSENGER CAR,PASSENGER CAR;PASSENGER CAR,PASSENGER CAR,SPORT UTILITY;PASSENGER CAR,PASSENGER CAR,SPORT UTILITY;PASSENGER CAR,PASSENGER CAR,SPORT UTILITY
21087;375 FEET FROM SR 3977 (SE CARY PKY);NO SPECIAL FEATURE;STRAIGHT,GRADE;STATE SECONDARY ROUTE;TWO-WAY,DIVIDED,UNPROTECTED MEDIAN;SMOOTH ASPHALT;DRY;DAYLIGHT;CLEAR;NO CONTROL PRESENT;35.745119625;-78.76378031;-78.763071;35.744558;P004;118;0;0;1;;NONE;;NONE;;SPORT UTILITY;PASSENGER CAR;;;;NO;472;2016-02-12;1:40:48 PM;2016-02-12T18:40:48+00:00;35.745119625, -78.76378031;2016;No;No;2;NONE;NONE,NONE;NONE,NONE;SPORT UTILITY,PASSENGER CAR;SPORT UTILITY,PASSENGER CAR;SPORT UTILITY,PASSENGER CAR;SPORT UTILITY,PASSENGER CAR
21089;.2 MILES FROM (PVA) 2400 LAKESIDE VIEW CT;DRIVEWAY, PUBLIC;STRAIGHT,LEVEL;PUBLIC VEHICULAR AREA;TWO-WAY,NOT DIVIDED;SMOOTH ASPHALT;DRY;DARK - LIGHTED ROADWAY;CLEAR;NO CONTROL PRESENT;;;-78.7847;35.8335;;;0;0;;;NONE;;NONE;;PASSENGER CAR;PASSENGER CAR;;;;NO;474;2016-02-12;1:30:25 AM;2016-02-12T06:30:25+00:00;;2016;No;No;2;NONE;NONE,NONE;NONE,NONE;PASSENGER CAR,PASSENGER CAR;PASSENGER CAR,PASSENGER CAR;PASSENGER CAR,PASSENGER CAR;PASSENGER CAR,PASSENGER CAR
21092;348 FEET FROM CROSSROADS BLVD;NO SPECIAL FEATURE;STRAIGHT,LEVEL;LOCAL STREET;TWO-WAY,DIVIDED,POSITIVE MEDIAN BARRIER;SMOOTH ASPHALT;DRY;DAYLIGHT;CLEAR;NO CONTROL PRESENT;35.761266214;-78.7418746;-78.7407;35.7611;P120;118;0;0;;;NONE;;NONE;;PASSENGER CAR;PASSENGER CAR;;;;NO;477;2016-02-13;2:33:37 PM;2016-02-13T19:33:37+00:00;35.761266214, -78.7418746;2016;No;No;2;NONE;NONE,NONE;NONE,NONE;PASSENGER CAR,PASSENGER CAR;PASSENGER CAR,PASSENGER CAR;PASSENGER CAR,PASSENGER CAR;PASSENGER CAR,PASSENGER CAR
21096;75 FEET FROM US 64 HWY;RELATED TO INTERSECTION;STRAIGHT,LEVEL;US ROUTE;TWO-WAY,DIVIDED,UNPROTECTED MEDIAN;SMOOTH ASPHALT;DRY;DAYLIGHT;CLEAR;STOP AND GO SIGNAL;35.738696103;-78.79841368;-78.7991;35.739;P041;116;0;0;2;;NONE;;NONE;;VAN;VAN;;;;NO;481;2016-02-13;5:21:10 PM;2016-02-13T22:21:10+00:00;35.738696103, -78.79841368;2016;No;No;2;NONE;NONE,NONE;NONE,NONE;VAN,VAN;VAN,VAN;VAN,VAN;VAN,VAN
21097;100 FEET FROM SR 3073 (NW MAYNARD RD);RELATED TO INTERSECTION;STRAIGHT,LEVEL;NC ROUTE;TWO-WAY,NOT DIVIDED;SMOOTH ASPHALT;DRY;DAYLIGHT;CLOUDY;NO CONTROL PRESENT;;;-78.797;35.7997;;;0;0;;;;;NONE;;PASSENGER CAR;VAN;;;;NO;482;2016-02-12;1:15:38 PM;2016-02-12T18:15:38+00:00;;2016;No;No;2;;NONE;NONE;PASSENGER CAR,VAN;PASSENGER CAR,VAN;PASSENGER CAR,VAN;PASSENGER CAR,VAN
21100;CARY;FOUR-WAY INTERSECTION;STRAIGHT,LEVEL;NC ROUTE;TWO-WAY,DIVIDED,UNPROTECTED MEDIAN;SMOOTH ASPHALT;DRY;DAYLIGHT;CLEAR;STOP AND GO SIGNAL;35.860865068;-78.89380874;-78.8938;35.8609;P091;WAKE;0;0;;;NONE;;NONE;;PASSENGER CAR;PASSENGER CAR;;;;NO;485;2016-02-12;4:29:50 PM;2016-02-12T21:29:50+00:00;35.860865068, -78.89380874;2016;No;No;2;NONE;NONE,NONE;NONE,NONE;PASSENGER CAR,PASSENGER CAR;PASSENGER CAR,PASSENGER CAR;PASSENGER CAR,PASSENGER CAR;PASSENGER CAR,PASSENGER CAR
21101;.5 MILES FROM US 1 N HWY;NO SPECIAL FEATURE;STRAIGHT,LEVEL;US ROUTE;TWO-WAY,DIVIDED,POSITIVE MEDIAN BARRIER;GROOVED CONCRETE;DRY;DAYLIGHT;CLEAR;NO CONTROL PRESENT;35.760269055;-78.74111642;-78.7529;35.7579;P120;118;0;1;2;;NONE;;NONE;;PASSENGER CAR;PICKUP;;;;NO;486;2016-02-13;2:33:37 PM;2016-02-13T19:33:37+00:00;35.760269055, -78.74111642;2016;No;Yes;2;NONE;NONE,NONE;NONE,NONE;PASSENGER CAR,PICKUP;PASSENGER CAR,PICKUP;PASSENGER CAR,PICKUP;PASSENGER CAR,PICKUP
21108;25 FEET FROM P.V.A. (HARRIS TEETER);NO SPECIAL FEATURE;STRAIGHT,LEVEL;PUBLIC VEHICULAR AREA;TWO-WAY,NOT DIVIDED;SMOOTH ASPHALT;DRY;DAYLIGHT;CLEAR;NO CONTROL PRESENT;35.790112627;-78.87281082;;;P077;122;0;0;;;NONE;;NONE;;SPORT UTILITY;PASSENGER CAR;;;;NO;493;2016-02-14;5:54:15 PM;2016-02-14T22:54:15+00:00;35.790112627, -78.87281082;2016;No;No;2;NONE;NONE,NONE;NONE,NONE;SPORT UTILITY,PASSENGER CAR;SPORT UTILITY,PASSENGER CAR;SPORT UTILITY,PASSENGER CAR;SPORT UTILITY,PASSENGER CAR
21109;30 FEET FROM SR 1009 (TRYON RD);NO SPECIAL FEATURE;CURVE,HILLCREST;STATE SECONDARY ROUTE;TWO-WAY,DIVIDED,UNPROTECTED MEDIAN;SMOOTH ASPHALT;ICE;DAYLIGHT;SLEET, HAIL, FREEZING RAIN/DRIZZLE;NO CONTROL PRESENT;35.741379144;-78.77625852;-78.7763;35.7414;P044;115;0;0;;;NONE;;NONE;;PASSENGER CAR;;;;;NO;494;2016-02-15;8:56:09 AM;2016-02-15T13:56:09+00:00;35.741379144, -78.77625852;2016;No;No;2;NONE;NONE,NONE;NONE,NONE;PASSENGER CAR;PASSENGER CAR;PASSENGER CAR;PASSENGER CAR
21112;100 FEET FROM P.V.A. (300 SE CARY PKWY);NO SPECIAL FEATURE;STRAIGHT,LEVEL;PUBLIC VEHICULAR AREA;ONE-WAY,NOT DIVIDED;SMOOTH ASPHALT;DRY;DAYLIGHT;CLEAR;NO CONTROL PRESENT;;;-78.7768;35.7572;;;0;0;;;NONE;;NONE;;SINGLE UNIT TRUCK (2-AXLE- 6-TIRE);;;;;NO;497;2016-02-13;9:51:50 AM;2016-02-13T14:51:50+00:00;;2016;No;No;2;NONE;NONE,NONE;NONE,NONE;SINGLE UNIT TRUCK (2-AXLE- 6-TIRE);SINGLE UNIT TRUCK (2-AXLE- 6-TIRE);SINGLE UNIT TRUCK (2-AXLE- 6-TIRE);SINGLE UNIT TRUCK (2-AXLE- 6-TIRE)
21130;25 FEET FROM PVA 150 TOWNE VILLAGE DR;DRIVEWAY, PUBLIC;STRAIGHT,LEVEL;PUBLIC VEHICULAR AREA;TWO-WAY,NOT DIVIDED;SMOOTH ASPHALT;WET;DAYLIGHT;RAIN;NO CONTROL PRESENT;;;-78.8389;35.7826;;;0;0;1;;NONE;;NONE;;PASSENGER CAR;;;;;NO;514;2016-02-04;8:26:51 AM;2016-02-04T13:26:51+00:00;;2016;No;No;2;NONE;NONE,NONE;NONE,NONE;PASSENGER CAR;PASSENGER CAR;PASSENGER CAR;PASSENGER CAR
21133;60 FEET FROM SR-1319 JONES FRANKLIN RD;NO SPECIAL FEATURE;STRAIGHT,LEVEL;STATE SECONDARY ROUTE;TWO-WAY,NOT DIVIDED;SMOOTH ASPHALT;DRY;DARK - LIGHTED ROADWAY;CLEAR;NO CONTROL PRESENT;;;-78.7373;35.7475;;;0;1;;;NONE;;NONE;;PASSENGER CAR;PASSENGER CAR;;;;NO;518;2016-02-16;7:27:45 PM;2016-02-17T00:27:45+00:00;;2016;No;Yes;2;NONE;NONE,NONE;NONE,NONE;PASSENGER CAR,PASSENGER CAR;PASSENGER CAR,PASSENGER CAR;PASSENGER CAR,PASSENGER CAR;PASSENGER CAR,PASSENGER CAR
21163;235 FEET FROM BROOK MANOR CT;NO SPECIAL FEATURE;STRAIGHT,LEVEL;LOCAL STREET;TWO-WAY,NOT DIVIDED;SMOOTH ASPHALT;DRY;DAYLIGHT;CLEAR;NO CONTROL PRESENT;35.766956973;-78.83424498;-78.8333;35.7671;P066;117;0;0;;;NONE;;NONE;;PASSENGER CAR;;;;;CONSTRUCTION WORK AREA;548;2016-02-17;1:25:41 PM;2016-02-17T18:25:41+00:00;35.766956973, -78.83424498;2016;No;No;2;NONE;NONE,NONE;NONE,NONE;PASSENGER CAR;PASSENGER CAR;PASSENGER CAR;PASSENGER CAR
21169;20 FEET FROM SR 1300 (KILDAIRE FARM RD);FOUR-WAY INTERSECTION;STRAIGHT,LEVEL;STATE SECONDARY ROUTE;TWO-WAY,NOT DIVIDED;SMOOTH ASPHALT;DRY;DAYLIGHT;CLEAR;STOP AND GO SIGNAL;35.757912985;-78.78301415;-78.783073;35.758064;P027;112;0;0;1;;NONE;;NONE;;SPORT UTILITY;;;;;NO;554;2016-02-19;10:29 AM;2016-02-19T15:29:00+00:00;35.757912985, -78.78301415;2016;No;No;2;NONE;NONE,NONE;NONE,NONE;SPORT UTILITY;SPORT UTILITY;SPORT UTILITY;SPORT UTILITY
21183;.1 MILES FROM PVA OF 1931 HIGH HOUSE RD 1615;NO SPECIAL FEATURE;STRAIGHT,LEVEL;PUBLIC VEHICULAR AREA;ONE-WAY,NOT DIVIDED;CONCRETE;DRY;DAYLIGHT;CLEAR;NO CONTROL PRESENT;35.950055953;-78.54115733;-78.850096;35.789677;P119;RALW;0;0;;;NONE;;NONE;;PASSENGER CAR;PASSENGER CAR;;;;NO;567;2016-02-19;4:26:12 PM;2016-02-19T21:26:12+00:00;35.950055953, -78.54115733;2016;No;No;2;NONE;NONE,NONE;NONE,NONE;PASSENGER CAR,PASSENGER CAR;PASSENGER CAR,PASSENGER CAR;PASSENGER CAR,PASSENGER CAR;PASSENGER CAR,PASSENGER CAR
21190;CARY;FOUR-WAY INTERSECTION;STRAIGHT,LEVEL;LOCAL STREET;TWO-WAY,DIVIDED,UNPROTECTED MEDIAN;SMOOTH ASPHALT;DRY;DAYLIGHT;CLEAR;STOP SIGN;35.791122298;-78.82541367;-78.8257;35.7915;P067;121;0;0;;;NONE;;NONE;;PASSENGER CAR;PASSENGER CAR;;;;NO;573;2016-02-19;3:11:36 PM;2016-02-19T20:11:36+00:00;35.791122298, -78.82541367;2016;No;No;2;NONE;NONE,NONE;NONE,NONE;PASSENGER CAR,PASSENGER CAR;PASSENGER CAR,PASSENGER CAR;PASSENGER CAR,PASSENGER CAR;PASSENGER CAR,PASSENGER CAR
21194;1.06 MILES FROM HWY US 1 S;NO SPECIAL FEATURE;STRAIGHT,LEVEL;US ROUTE;TWO-WAY,DIVIDED,POSITIVE MEDIAN BARRIER;GROOVED CONCRETE;DRY;DAYLIGHT;CLEAR;NO CONTROL PRESENT;;;-78.7762;35.746;;;0;0;3;;;;DARTING;;SPORT UTILITY;;;;;NO;577;2016-02-21;9:33:13 AM;2016-02-21T14:33:13+00:00;;2016;No;No;2;;DARTING;DARTING;SPORT UTILITY;SPORT UTILITY;SPORT UTILITY;SPORT UTILITY
21195;200 FEET FROM PVA (119 AMBASSADOR LOOP);NO SPECIAL FEATURE;STRAIGHT,LEVEL;PUBLIC VEHICULAR AREA;TWO-WAY,NOT DIVIDED;CONCRETE;DRY;DARK - LIGHTED ROADWAY;CLEAR;NO CONTROL PRESENT;;;;2065395.13;;;0;0;;;NONE;;NONE;;PASSENGER CAR;PASSENGER CAR;;;;NO;578;2016-02-18;3:42:39 AM;2016-02-18T08:42:39+00:00;;2016;No;No;2;NONE;NONE,NONE;NONE,NONE;PASSENGER CAR,PASSENGER CAR;PASSENGER CAR,PASSENGER CAR;PASSENGER CAR,PASSENGER CAR;PASSENGER CAR,PASSENGER CAR
21196;CARY;;;;;;;;;;35.772385094;-78.78315023;;;P036;114;0;0;;;;;;;;;;;;;579;2016-01-30;7:04:30 PM;2016-01-31T00:04:30+00:00;35.772385094, -78.78315023;2016;No;No;1;;;;;;;
21205;CARY;T-INTERSECTION;STRAIGHT,LEVEL;LOCAL STREET;TWO-WAY,NOT DIVIDED;SMOOTH ASPHALT;WET;DAYLIGHT;CLOUDY;STOP SIGN;35.768295814;-78.85032102;-78.852507;35.7683189;P071;117;0;0;;;NONE;;NONE;;PASSENGER CAR;SPORT UTILITY;;;;NO;588;2016-02-22;10:47 AM;2016-02-22T15:47:00+00:00;35.768295814, -78.85032102;2016;No;No;2;NONE;NONE,NONE;NONE,NONE;PASSENGER CAR,SPORT UTILITY;PASSENGER CAR,SPORT UTILITY;PASSENGER CAR,SPORT UTILITY;PASSENGER CAR,SPORT UTILITY
21211;.1 MILES FROM SR 1313 WALNUT ST;NO SPECIAL FEATURE;STRAIGHT,LEVEL;STATE SECONDARY ROUTE;TWO-WAY,DIVIDED,UNPROTECTED MEDIAN;SMOOTH ASPHALT;DRY;DAYLIGHT;CLEAR;NO CONTROL PRESENT;35.769017225;-78.75991058;-78.7594;35.7687;P003;112;0;0;1;;;;NONE;;PASSENGER CAR;SPORT UTILITY;PASSENGER CAR;;;NO;594;2016-02-21;1:08:30 PM;2016-02-21T18:08:30+00:00;35.769017225, -78.75991058;2016;No;No;2;;NONE;NONE;PASSENGER CAR,SPORT UTILITY;PASSENGER CAR,SPORT UTILITY,PASSENGER CAR;PASSENGER CAR,SPORT UTILITY,PASSENGER CAR;PASSENGER CAR,SPORT UTILITY,PASSENGER CAR
21212;10 FEET FROM PAINTED TURTLE LN;NO SPECIAL FEATURE;STRAIGHT,LEVEL;LOCAL STREET;TWO-WAY,NOT DIVIDED;COARSE ASPHALT;DRY;DAYLIGHT;CLOUDY;NO CONTROL PRESENT;35.821013294;-78.91848489;-78.9204;35.8204;P123;119;0;0;;;;;NONE;;LIGHT TRUCK (MINI-VAN- PANEL);PICKUP;;;;NO;595;2016-02-22;2:10:49 PM;2016-02-22T19:10:49+00:00;35.821013294, -78.91848489;2016;No;No;2;;NONE;NONE;LIGHT TRUCK (MINI-VAN- PANEL),PICKUP;LIGHT TRUCK (MINI-VAN- PANEL),PICKUP;LIGHT TRUCK (MINI-VAN- PANEL),PICKUP;LIGHT TRUCK (MINI-VAN- PANEL),PICKUP
21215;CARY;;;;;;;;;;35.757235875;-78.77698946;;;P005;115;0;0;;;;;;;SINGLE UNIT TRUCK (2-AXLE- 6-TIRE);;;;;;598;2016-02-13;9:48:15 PM;2016-02-14T02:48:15+00:00;35.757235875, -78.77698946;2016;No;No;2;;;;SINGLE UNIT TRUCK (2-AXLE- 6-TIRE);SINGLE UNIT TRUCK (2-AXLE- 6-TIRE);SINGLE UNIT TRUCK (2-AXLE- 6-TIRE);SINGLE UNIT TRUCK (2-AXLE- 6-TIRE)
21219;.1 MILES FROM SR 1615;;;;;;;;;;35.783386908;-78.79806124;;;P036;114;0;1;1;;;;;;;;;;;;602;2016-02-21;12:00 AM;2016-02-21T05:00:00+00:00;35.783386908, -78.79806124;2016;No;Yes;2;;;;;;;
21233;.2 MILES FROM NC54 (NE MAYNARD RD);NO SPECIAL FEATURE;STRAIGHT,LEVEL;NC ROUTE;TWO-WAY,DIVIDED,UNPROTECTED MEDIAN;SMOOTH ASPHALT;WET;DAYLIGHT;CLOUDY;NO CONTROL PRESENT;35.795131097;-78.76344038;-78.7648;35.7973;P034;113;0;0;;;;;NONE;;SPORT UTILITY;PASSENGER CAR;;;;NO;616;2016-02-24;7:45:18 AM;2016-02-24T12:45:18+00:00;35.795131097, -78.76344038;2016;No;No;2;;NONE;NONE;SPORT UTILITY,PASSENGER CAR;SPORT UTILITY,PASSENGER CAR;SPORT UTILITY,PASSENGER CAR;SPORT UTILITY,PASSENGER CAR
21234;25 FEET FROM 2500 CARPENTER UPCHURCH RD;T-INTERSECTION;STRAIGHT,LEVEL;PUBLIC VEHICULAR AREA;TWO-WAY,NOT DIVIDED;SMOOTH ASPHALT;DRY;DAYLIGHT;CLEAR;STOP SIGN;35.808095886;-78.87058866;-78.869976;35.804882;P092;WAKE;0;0;4;;NONE;;NONE;;PASSENGER CAR;SPORT UTILITY;;;;NO;617;2016-02-24;1:04:48 PM;2016-02-24T18:04:48+00:00;35.808095886, -78.87058866;2016;No;No;2;NONE;NONE,NONE;NONE,NONE;PASSENGER CAR,SPORT UTILITY;PASSENGER CAR,SPORT UTILITY;PASSENGER CAR,SPORT UTILITY;PASSENGER CAR,SPORT UTILITY
21236;.42 MILES FROM NC 55 WHY;NO SPECIAL FEATURE;STRAIGHT,LEVEL;NC ROUTE;TWO-WAY,DIVIDED,UNPROTECTED MEDIAN;CONCRETE;WET;DAYLIGHT;RAIN;FLASHING STOP AND GO SIGNAL;35.829488892;-78.87707375;;;P082;119;0;1;;;NONE;;NONE;;PASSENGER CAR;PASSENGER CAR;;;;NO;619;2016-02-24;11:37 AM;2016-02-24T16:37:00+00:00;35.829488892, -78.87707375;2016;No;Yes;2;NONE;NONE,NONE;NONE,NONE;PASSENGER CAR,PASSENGER CAR;PASSENGER CAR,PASSENGER CAR;PASSENGER CAR,PASSENGER CAR;PASSENGER CAR,PASSENGER CAR
21247;35 FEET FROM P.P. (127 BEASLY CT);NO SPECIAL FEATURE;STRAIGHT,LEVEL;PRIVATE ROAD,DRIVEWAY;TWO-WAY,NOT DIVIDED;CONCRETE;WET;DUSK;CLOUDY;NO CONTROL PRESENT;;;-78.777349;35.797943;;113;0;0;;;NONE;;NONE;;PASSENGER CAR;PASSENGER CAR;;;;NO;630;2016-02-24;6:13:36 PM;2016-02-24T23:13:36+00:00;;2016;No;No;2;NONE;NONE,NONE;NONE,NONE;PASSENGER CAR,PASSENGER CAR;PASSENGER CAR,PASSENGER CAR;PASSENGER CAR,PASSENGER CAR;PASSENGER CAR,PASSENGER CAR
21249;352 FEET FROM US 1 HWY SB;;;;;;;;;;;;;;;;0;0;;;;;;;;;;;;;632;2016-02-05;10:40 AM;2016-02-05T15:40:00+00:00;;2016;No;No;2;;;;;;;
21250;100 FEET FROM LACOSTE LN (LOCAL);NO SPECIAL FEATURE;STRAIGHT,LEVEL;LOCAL STREET;TWO-WAY,NOT DIVIDED;SMOOTH ASPHALT;UNKNOWN;DAYLIGHT;OTHER *;NO CONTROL PRESENT;35.751369982;-78.77821556;-78.777;35.751;P005;115;0;0;;;;;NONE;;PASSENGER CAR;PASSENGER CAR;;;;NO;633;2016-02-21;11:33 PM;2016-02-22T04:33:00+00:00;35.751369982, -78.77821556;2016;No;No;2;;NONE;NONE;PASSENGER CAR,PASSENGER CAR;PASSENGER CAR,PASSENGER CAR;PASSENGER CAR,PASSENGER CAR;PASSENGER CAR,PASSENGER CAR
21261;.20 MILES FROM US 1 NORTH;NO SPECIAL FEATURE;STRAIGHT,LEVEL;US ROUTE;TWO-WAY,DIVIDED,POSITIVE MEDIAN BARRIER;SMOOTH ASPHALT;DRY;DAYLIGHT;CLEAR;NO CONTROL PRESENT;;;-78.7375;35.7655;;;0;0;;;NONE;;NONE;;PICKUP;PICKUP;;;;NO;644;2016-02-25;11:48 PM;2016-02-26T04:48:00+00:00;;2016;No;No;2;NONE;NONE,NONE;NONE,NONE;PICKUP,PICKUP;PICKUP,PICKUP;PICKUP,PICKUP;PICKUP,PICKUP
21263;200 FEET FROM SR 1652 (N HARRISON AV);NO SPECIAL FEATURE;STRAIGHT,GRADE;STATE SECONDARY ROUTE;TWO-WAY,NOT DIVIDED;SMOOTH ASPHALT;DRY;DAYLIGHT;CLEAR;NO CONTROL PRESENT;35.796118877;-78.78307058;-78.7833;35.7961;P032;113;0;0;;;;;NONE;;PASSENGER CAR;SPORT UTILITY;;;;NO;646;2016-02-26;9:18:04 AM;2016-02-26T14:18:04+00:00;35.796118877, -78.78307058;2016;No;No;2;;NONE;NONE;PASSENGER CAR,SPORT UTILITY;PASSENGER CAR,SPORT UTILITY;PASSENGER CAR,SPORT UTILITY;PASSENGER CAR,SPORT UTILITY
21266;.1 MILES FROM PVA (238 GRANDE HEIGHTS DR);DRIVEWAY, PUBLIC;STRAIGHT,GRADE;PUBLIC VEHICULAR AREA;TWO-WAY,NOT DIVIDED;SMOOTH ASPHALT;DRY;DAYLIGHT;CLEAR;NO CONTROL PRESENT;35.773850825;-78.75931174;747884.0;2065064.0;P121;120;0;0;;;NONE;;NONE;;SPORT UTILITY;SPORT UTILITY;;;;NO;649;2016-02-26;7:41:56 PM;2016-02-27T00:41:56+00:00;35.773850825, -78.75931174;2016;No;No;2;NONE;NONE,NONE;NONE,NONE;SPORT UTILITY,SPORT UTILITY;SPORT UTILITY,SPORT UTILITY;SPORT UTILITY,SPORT UTILITY;SPORT UTILITY,SPORT UTILITY
21273;CARY;NO SPECIAL FEATURE;STRAIGHT,LEVEL;STATE SECONDARY ROUTE;TWO-WAY,NOT DIVIDED;SMOOTH ASPHALT;DRY;DAYLIGHT;CLEAR;STOP AND GO SIGNAL;35.767659125;-78.74094236;-78.7407;35.7676;P083;112;0;0;;;NONE;;NONE;;PASSENGER CAR;PASSENGER CAR;;;;NO;656;2016-02-26;1:27:10 PM;2016-02-26T18:27:10+00:00;35.767659125, -78.74094236;2016;No;No;2;NONE;NONE,NONE;NONE,NONE;PASSENGER CAR,PASSENGER CAR;PASSENGER CAR,PASSENGER CAR;PASSENGER CAR,PASSENGER CAR;PASSENGER CAR,PASSENGER CAR
21274;0 FEET FROM SR 3977 (NW CARY PKWY);T-INTERSECTION;STRAIGHT,LEVEL;STATE SECONDARY ROUTE;TWO-WAY,NOT DIVIDED;SMOOTH ASPHALT;DRY;DUSK;CLEAR;STOP SIGN;;;-78.8619;35.8061;;;0;0;3;;;;NONE;;PASSENGER CAR;PASSENGER CAR;;;;NO;657;2016-02-11;3:47:18 PM;2016-02-11T20:47:18+00:00;;2016;No;No;2;;NONE;NONE;PASSENGER CAR,PASSENGER CAR;PASSENGER CAR,PASSENGER CAR;PASSENGER CAR,PASSENGER CAR;PASSENGER CAR,PASSENGER CAR
21275;.25 MILES FROM SR 3127 (MCCRIMMON PKWY);NO SPECIAL FEATURE;STRAIGHT,LEVEL;STATE SECONDARY ROUTE;TWO-WAY,DIVIDED,UNPROTECTED MEDIAN;SMOOTH ASPHALT;DRY;DAYLIGHT;CLEAR;NO CONTROL PRESENT;;;-78.8911;35.8279;;;0;0;1;;NONE;;NONE;;SPORT UTILITY;PASSENGER CAR;;;;NO;658;2016-02-26;3:45:02 PM;2016-02-26T20:45:02+00:00;;2016;No;No;2;NONE;NONE,NONE;NONE,NONE;SPORT UTILITY,PASSENGER CAR;SPORT UTILITY,PASSENGER CAR;SPORT UTILITY,PASSENGER CAR;SPORT UTILITY,PASSENGER CAR
21277;25 FEET FROM PVA AT 2000 CROSSROADS MANOR Q;NO SPECIAL FEATURE;STRAIGHT,LEVEL;PUBLIC VEHICULAR AREA;TWO-WAY,NOT DIVIDED;SMOOTH ASPHALT;DRY;DARK - LIGHTED ROADWAY;CLEAR;NO CONTROL PRESENT;;;-78.743602;35.750375;;;0;0;1;;;;NONE;;SPORT UTILITY;PASSENGER CAR;;;;NO;660;2016-02-26;6:11:46 PM;2016-02-26T23:11:46+00:00;;2016;No;No;2;;NONE;NONE;SPORT UTILITY,PASSENGER CAR;SPORT UTILITY,PASSENGER CAR;SPORT UTILITY,PASSENGER CAR;SPORT UTILITY,PASSENGER CAR
21278;.1 MILES FROM TRINITY GROVE DR;NO SPECIAL FEATURE;STRAIGHT,GRADE;LOCAL STREET;TWO-WAY,NOT DIVIDED;SMOOTH ASPHALT;DRY;DAYLIGHT;CLEAR;NO CONTROL PRESENT;35.799253891;-78.75134623;-78.7527;35.7994;P034;113;0;0;;;NONE;;NONE;;PASSENGER CAR;VAN;;;;UTILITY WORK AREA;661;2016-02-26;7:23:00 PM;2016-02-27T00:23:00+00:00;35.799253891, -78.75134623;2016;No;No;2;NONE;NONE,NONE;NONE,NONE;PASSENGER CAR,VAN;PASSENGER CAR,VAN;PASSENGER CAR,VAN;PASSENGER CAR,VAN
21281;.18 MILES FROM US 1 HWY;OFF-RAMP PROPER;CURVE,LEVEL;US ROUTE;ONE-WAY,NOT DIVIDED;SMOOTH ASPHALT;DRY;DAYLIGHT;CLEAR;STOP AND GO SIGNAL;35.737325471;-78.79285877;-78.7948;35.738;P042;115;0;0;1;;;;NONE;;PASSENGER CAR;PASSENGER CAR;;;;NO;664;2016-02-27;2:53:20 PM;2016-02-27T19:53:20+00:00;35.737325471, -78.79285877;2016;No;No;2;;NONE;NONE;PASSENGER CAR,PASSENGER CAR;PASSENGER CAR,PASSENGER CAR;PASSENGER CAR,PASSENGER CAR;PASSENGER CAR,PASSENGER CAR
21290;0 FEET FROM SW CARY PKWY;FOUR-WAY INTERSECTION;CURVE,GRADE;LOCAL STREET;TWO-WAY,DIVIDED,UNPROTECTED MEDIAN;SMOOTH ASPHALT;DRY;DARK - LIGHTED ROADWAY;CLEAR;NO CONTROL PRESENT;35.757183285;-78.81623773;-78.816304;35.757097;P040;115;0;0;;;NONE;;NONE;;PASSENGER CAR;;;;;NO;673;2016-02-27;11:58 PM;2016-02-28T04:58:00+00:00;35.757183285, -78.81623773;2016;No;No;2;NONE;NONE,NONE;NONE,NONE;PASSENGER CAR;PASSENGER CAR;PASSENGER CAR;PASSENGER CAR