tamainid;location_description;rdfeature;rdcharacter;rdclass;rdconfigur;rdsurface;rdcondition;lightcond;weather;trafcontrl;lat;lon;lon2;lat2;tract;zone;fatality;possblinj;numpassengers;numpedestrians;contrcir1_desc;contrcir2_desc;contrcir3_desc;contrcir4_desc;vehicle1;vehicle2;vehicle3;vehicle4;vehicle5;workarea;records;ta_date;ta_time;crash_date;geo_location;year;fatalities;injuries;month;contrfact1;contrfact2;contributing_factor;vehicleconcat1;vehicleconcat2;vehicleconcat3;vehicle_type
21557;.29 MILES FROM US 1 EXIT 98 RAMP SB;OFF-RAMP PROPER;CURVE,GRADE;STATE SECONDARY ROUTE;ONE-WAY,NOT DIVIDED;SMOOTH ASPHALT;DRY;DAYLIGHT;CLEAR;STOP AND GO SIGNAL;35.739288861;-78.78940012;-78.7949;35.738;P042;115;0;3;4;;NONE;;NONE;;SINGLE UNIT TRUCK (2-AXLE- 6-TIRE);PASSENGER CAR;;;;NO;939;2016-03-21;11:17 AM;2016-03-21T15:17:00+00:00;35.739288861, -78.78940012;2016;No;Yes;3;NONE;NONE,NONE;NONE,NONE;SINGLE UNIT TRUCK (2-AXLE- 6-TIRE),PASSENGER CAR;SINGLE UNIT TRUCK (2-AXLE- 6-TIRE),PASSENGER CAR;SINGLE UNIT TRUCK (2-AXLE- 6-TIRE),PASSENGER CAR;SINGLE UNIT TRUCK (2-AXLE- 6-TIRE),PASSENGER CAR
21573;200 FEET FROM US 64 HWY;NO SPECIAL FEATURE;STRAIGHT,LEVEL;US ROUTE;TWO-WAY,DIVIDED,UNPROTECTED MEDIAN;SMOOTH ASPHALT;DRY;DAYLIGHT;CLEAR;NO CONTROL PRESENT;35.738948319;-78.79830398;-78.7968;35.7383;P041;116;0;0;1;;NONE;;NONE;;PASSENGER CAR;SPORT UTILITY;PASSENGER CAR;;;NO;955;2016-03-22;4:29:51 PM;2016-03-22T20:29:51+00:00;35.738948319, -78.79830398;2016;No;No;3;NONE;NONE,NONE;NONE,NONE;PASSENGER CAR,SPORT UTILITY;PASSENGER CAR,SPORT UTILITY,PASSENGER CAR;PASSENGER CAR,SPORT UTILITY,PASSENGER CAR;PASSENGER CAR,SPORT UTILITY,PASSENGER CAR
21574;100 FEET FROM NC-54 (NW MAYNARD RD);FOUR-WAY INTERSECTION;STRAIGHT,LEVEL;NC ROUTE;TWO-WAY,NOT DIVIDED;SMOOTH ASPHALT;DRY;DAYLIGHT;CLEAR;NO CONTROL PRESENT;35.654875447;-78.92573175;-78.785;35.802;P090;WAKE;0;0;;;;;NONE;;SPORT UTILITY;PASSENGER CAR;;;;NO;956;2016-03-22;6:13:13 PM;2016-03-22T22:13:13+00:00;35.654875447, -78.92573175;2016;No;No;3;;NONE;NONE;SPORT UTILITY,PASSENGER CAR;SPORT UTILITY,PASSENGER CAR;SPORT UTILITY,PASSENGER CAR;SPORT UTILITY,PASSENGER CAR
21583;.11 MILES FROM PVA 6770 MCCRIMMON PKWY;NO SPECIAL FEATURE;STRAIGHT,LEVEL;PUBLIC VEHICULAR AREA;TWO-WAY,NOT DIVIDED;SMOOTH ASPHALT;DRY;DAYLIGHT;CLEAR;NO CONTROL PRESENT;;;-78.890472;35.829501;;;0;0;;;NONE;;NONE;;PASSENGER CAR;PASSENGER CAR;;;;NO;965;2016-03-22;6:56:42 AM;2016-03-22T10:56:42+00:00;;2016;No;No;3;NONE;NONE,NONE;NONE,NONE;PASSENGER CAR,PASSENGER CAR;PASSENGER CAR,PASSENGER CAR;PASSENGER CAR,PASSENGER CAR;PASSENGER CAR,PASSENGER CAR
21588;0 FEET FROM SR 1415 (SE MAYNARD RD);FOUR-WAY INTERSECTION;STRAIGHT,LEVEL;STATE SECONDARY ROUTE;TWO-WAY,DIVIDED,UNPROTECTED MEDIAN;SMOOTH ASPHALT;DRY;DAYLIGHT;CLEAR;STOP AND GO SIGNAL;;;-78.7817;35.7711;;120;0;0;1;;NONE;;NONE;;PASSENGER CAR;;;;;NO;970;2016-03-15;4:17:32 PM;2016-03-15T20:17:32+00:00;;2016;No;No;3;NONE;NONE,NONE;NONE,NONE;PASSENGER CAR;PASSENGER CAR;PASSENGER CAR;PASSENGER CAR
21591;150 FEET FROM PVA 1200 CRESCENT GREEN;NO SPECIAL FEATURE;STRAIGHT,LEVEL;PUBLIC VEHICULAR AREA;TWO-WAY,NOT DIVIDED;SMOOTH ASPHALT;DRY;DAYLIGHT;CLEAR;NO CONTROL PRESENT;;;-78.7833;35.7338;;;0;0;;;;;NONE;;PASSENGER CAR;PASSENGER CAR;;;;NO;973;2016-03-24;10:42 AM;2016-03-24T14:42:00+00:00;;2016;No;No;3;;NONE;NONE;PASSENGER CAR,PASSENGER CAR;PASSENGER CAR,PASSENGER CAR;PASSENGER CAR,PASSENGER CAR;PASSENGER CAR,PASSENGER CAR
21592;CARY;FOUR-WAY INTERSECTION;STRAIGHT,LEVEL;STATE SECONDARY ROUTE;TWO-WAY,DIVIDED,UNPROTECTED MEDIAN;SMOOTH ASPHALT;DRY;DAYLIGHT;CLEAR;STOP SIGN;;;-78.7737;35.7523;;112;0;0;;;NONE;;NONE;;PASSENGER CAR;PASSENGER CAR;;;;NO;974;2016-03-23;3:46:13 PM;2016-03-23T19:46:13+00:00;;2016;No;No;3;NONE;NONE,NONE;NONE,NONE;PASSENGER CAR,PASSENGER CAR;PASSENGER CAR,PASSENGER CAR;PASSENGER CAR,PASSENGER CAR;PASSENGER CAR,PASSENGER CAR
21599;430 FEET FROM SR #1009 (TRYON RD);RELATED TO INTERSECTION;STRAIGHT,GRADE;STATE SECONDARY ROUTE;TWO-WAY,DIVIDED,UNPROTECTED MEDIAN;SMOOTH ASPHALT;DRY;DAYLIGHT;CLEAR;STOP AND GO SIGNAL;;;-78.76;35.74;;118;0;2;;;NONE;;NONE;;PASSENGER CAR;PASSENGER CAR;;;;NO;981;2016-03-24;10:59 PM;2016-03-25T02:59:00+00:00;;2016;No;Yes;3;NONE;NONE,NONE;NONE,NONE;PASSENGER CAR,PASSENGER CAR;PASSENGER CAR,PASSENGER CAR;PASSENGER CAR,PASSENGER CAR;PASSENGER CAR,PASSENGER CAR
21601;50 FEET FROM PVA OF 11000 REGENCY PKWY;DRIVEWAY, PUBLIC;STRAIGHT,LEVEL;PUBLIC VEHICULAR AREA;TWO-WAY,NOT DIVIDED;SMOOTH ASPHALT;DRY;DAYLIGHT;CLOUDY;NO CONTROL PRESENT;;;-78.7845;75.7366;;;0;0;;;NONE;;NONE;;PICKUP;PASSENGER CAR;;;;NO;983;2016-03-25;5:07:15 PM;2016-03-25T21:07:15+00:00;;2016;No;No;3;NONE;NONE,NONE;NONE,NONE;PICKUP,PASSENGER CAR;PICKUP,PASSENGER CAR;PICKUP,PASSENGER CAR;PICKUP,PASSENGER CAR
21610;150 FEET FROM SR 1009 (TRYON RD);RELATED TO INTERSECTION;STRAIGHT,LEVEL;STATE SECONDARY ROUTE;TWO-WAY,DIVIDED,UNPROTECTED MEDIAN;SMOOTH ASPHALT;DRY;DARK - LIGHTED ROADWAY;CLEAR;STOP AND GO SIGNAL;;;-78.7825;35.7379;;;0;0;1;;NONE;;NONE;;PASSENGER CAR;PASSENGER CAR;;;;NO;992;2016-03-25;1:11:58 AM;2016-03-25T05:11:58+00:00;;2016;No;No;3;NONE;NONE,NONE;NONE,NONE;PASSENGER CAR,PASSENGER CAR;PASSENGER CAR,PASSENGER CAR;PASSENGER CAR,PASSENGER CAR;PASSENGER CAR,PASSENGER CAR
21612;100 FEET FROM SR 1009 (TRYON RD);FOUR-WAY INTERSECTION;STRAIGHT,LEVEL;STATE SECONDARY ROUTE;TWO-WAY,DIVIDED,UNPROTECTED MEDIAN;SMOOTH ASPHALT;DRY;DAYLIGHT;CLEAR;YIELD SIGN;;;-78.7802;35.7391;;;0;0;;;NONE;;NONE;;PASSENGER CAR;SPORT UTILITY;;;;NO;994;2016-03-26;11:31 AM;2016-03-26T15:31:00+00:00;;2016;No;No;3;NONE;NONE,NONE;NONE,NONE;PASSENGER CAR,SPORT UTILITY;PASSENGER CAR,SPORT UTILITY;PASSENGER CAR,SPORT UTILITY;PASSENGER CAR,SPORT UTILITY
21614;150 FEET FROM PVA (1904 NW MAYNARD RD);NO SPECIAL FEATURE;STRAIGHT,LEVEL;PUBLIC VEHICULAR AREA;TWO-WAY,NOT DIVIDED;SMOOTH ASPHALT;DRY;DAYLIGHT;CLEAR;NO CONTROL PRESENT;;;-78.7948;35.7989;;;0;0;2;;NONE;;NONE;;PASSENGER CAR;PASSENGER CAR;;;;NO;996;2016-03-26;4:09:04 PM;2016-03-26T20:09:04+00:00;;2016;No;No;3;NONE;NONE,NONE;NONE,NONE;PASSENGER CAR,PASSENGER CAR;PASSENGER CAR,PASSENGER CAR;PASSENGER CAR,PASSENGER CAR;PASSENGER CAR,PASSENGER CAR
21615;CARY;T-INTERSECTION;STRAIGHT,LEVEL;STATE SECONDARY ROUTE;TWO-WAY,DIVIDED,UNPROTECTED MEDIAN;SMOOTH ASPHALT;DRY;DAYLIGHT;CLEAR;STOP AND GO SIGNAL;;;-78.7443;35.7611;;;0;1;;;NONE;;NONE;;PASSENGER CAR;SPORT UTILITY;;;;CONSTRUCTION WORK AREA;997;2016-03-26;11:57 AM;2016-03-26T15:57:00+00:00;;2016;No;Yes;3;NONE;NONE,NONE;NONE,NONE;PASSENGER CAR,SPORT UTILITY;PASSENGER CAR,SPORT UTILITY;PASSENGER CAR,SPORT UTILITY;PASSENGER CAR,SPORT UTILITY
21620;CARY;RELATED TO INTERSECTION;STRAIGHT,LEVEL;STATE SECONDARY ROUTE;TWO-WAY,DIVIDED,UNPROTECTED MEDIAN;SMOOTH ASPHALT;DRY;DAYLIGHT;CLEAR;STOP AND GO SIGNAL;;;-78.782917;35.802668;;;0;0;3;;NONE;;NONE;;PASSENGER CAR;PASSENGER CAR;PASSENGER CAR;;;NO;1002;2016-03-26;12:18 PM;2016-03-26T16:18:00+00:00;;2016;No;No;3;NONE;NONE,NONE;NONE,NONE;PASSENGER CAR,PASSENGER CAR;PASSENGER CAR,PASSENGER CAR,PASSENGER CAR;PASSENGER CAR,PASSENGER CAR,PASSENGER CAR;PASSENGER CAR,PASSENGER CAR,PASSENGER CAR
21627;.11 MILES FROM PVA (2430 WALNUT ST.);DRIVEWAY, PUBLIC;STRAIGHT,LEVEL;PUBLIC VEHICULAR AREA;TWO-WAY,NOT DIVIDED;SMOOTH ASPHALT;DRY;DAYLIGHT;CLEAR;NO CONTROL PRESENT;;;-78.74;35.75;;118;0;0;1;;NONE;;NONE;;SPORT UTILITY;PASSENGER CAR;;;;NO;1009;2016-03-25;5:29:30 PM;2016-03-25T21:29:30+00:00;;2016;No;No;3;NONE;NONE,NONE;NONE,NONE;SPORT UTILITY,PASSENGER CAR;SPORT UTILITY,PASSENGER CAR;SPORT UTILITY,PASSENGER CAR;SPORT UTILITY,PASSENGER CAR
21631;150 FEET FROM COLONADES WAY;NO SPECIAL FEATURE;STRAIGHT,LEVEL;LOCAL STREET;TWO-WAY,DIVIDED,POSITIVE MEDIAN BARRIER;SMOOTH ASPHALT;DRY;DAYLIGHT;CLEAR;NO CONTROL PRESENT;35.740455929;-78.77600537;-78.778445;35.739497;P053;116;0;0;;;;;NONE;;PASSENGER CAR;SPORT UTILITY;;;;NO;1013;2016-03-06;10:42 AM;2016-03-06T15:42:00+00:00;35.740455929, -78.77600537;2016;No;No;3;;NONE;NONE;PASSENGER CAR,SPORT UTILITY;PASSENGER CAR,SPORT UTILITY;PASSENGER CAR,SPORT UTILITY;PASSENGER CAR,SPORT UTILITY
21632;200 FEET FROM SR 1009 (TRYON RD);DRIVEWAY, PUBLIC;STRAIGHT,HILLCREST;STATE SECONDARY ROUTE;TWO-WAY,DIVIDED,UNPROTECTED MEDIAN;SMOOTH ASPHALT;DRY;DAYLIGHT;CLEAR;STOP SIGN;;;-78.7819;35.738;;115;0;0;4;;NONE;;NONE;;PICKUP;PASSENGER CAR;;;;NO;1014;2016-03-23;6:01:49 PM;2016-03-23T22:01:49+00:00;;2016;No;No;3;NONE;NONE,NONE;NONE,NONE;PICKUP,PASSENGER CAR;PICKUP,PASSENGER CAR;PICKUP,PASSENGER CAR;PICKUP,PASSENGER CAR
21637;15 FEET FROM SR 1415 (SE MAYNARD RD);FOUR-WAY INTERSECTION;STRAIGHT,LEVEL;STATE SECONDARY ROUTE;TWO-WAY,NOT DIVIDED;SMOOTH ASPHALT;DRY;DAYLIGHT;CLEAR;YIELD SIGN;;;-78.7618;35.7698;;;0;0;1;;NONE;;NONE;;PASSENGER CAR;PASSENGER CAR;;;;NO;1019;2016-03-24;5:33:22 PM;2016-03-24T21:33:22+00:00;;2016;No;No;3;NONE;NONE,NONE;NONE,NONE;PASSENGER CAR,PASSENGER CAR;PASSENGER CAR,PASSENGER CAR;PASSENGER CAR,PASSENGER CAR;PASSENGER CAR,PASSENGER CAR
21641;25 FEET FROM SR 3977 (CARY PKWY);FOUR-WAY INTERSECTION;STRAIGHT,LEVEL;STATE SECONDARY ROUTE;TWO-WAY,DIVIDED,UNPROTECTED MEDIAN;SMOOTH ASPHALT;DRY;DAYLIGHT;CLOUDY;STOP AND GO SIGNAL;;;-78.7624;35.743;;;0;1;;;NONE;;NONE;;PASSENGER CAR;PASSENGER CAR;;;;NO;1023;2016-03-28;10:06 AM;2016-03-28T14:06:00+00:00;;2016;No;Yes;3;NONE;NONE,NONE;NONE,NONE;PASSENGER CAR,PASSENGER CAR;PASSENGER CAR,PASSENGER CAR;PASSENGER CAR,PASSENGER CAR;PASSENGER CAR,PASSENGER CAR
21656;50 FEET FROM PVA AT 5000 UNDERWOOD ARBOR PL;NO SPECIAL FEATURE;STRAIGHT,LEVEL;PUBLIC VEHICULAR AREA;TWO-WAY,NOT DIVIDED;SMOOTH ASPHALT;DRY;DAYLIGHT;CLEAR;NO CONTROL PRESENT;;;-78.743688;35.751376;;;0;0;;;;;NONE;;PASSENGER CAR;PASSENGER CAR;;;;NO;1038;2016-03-29;7:45:30 AM;2016-03-29T11:45:30+00:00;;2016;No;No;3;;NONE;NONE;PASSENGER CAR,PASSENGER CAR;PASSENGER CAR,PASSENGER CAR;PASSENGER CAR,PASSENGER CAR;PASSENGER CAR,PASSENGER CAR
21662;200 FEET FROM SR 1009 (TRYON RD);NO SPECIAL FEATURE;STRAIGHT,LEVEL;STATE SECONDARY ROUTE;TWO-WAY,DIVIDED,UNPROTECTED MEDIAN;SMOOTH ASPHALT;DRY;DAYLIGHT;CLEAR;NO CONTROL PRESENT;;;-78.780914;35.739247;;;0;0;;;NONE;;NONE;;PASSENGER CAR;SPORT UTILITY;;;;NO;1044;2016-03-28;2:36:28 PM;2016-03-28T18:36:28+00:00;;2016;No;No;3;NONE;NONE,NONE;NONE,NONE;PASSENGER CAR,SPORT UTILITY;PASSENGER CAR,SPORT UTILITY;PASSENGER CAR,SPORT UTILITY;PASSENGER CAR,SPORT UTILITY
21663;455 FEET FROM P.V.A. (KOHLS);NO SPECIAL FEATURE;STRAIGHT,LEVEL;PUBLIC VEHICULAR AREA;TWO-WAY,NOT DIVIDED;SMOOTH ASPHALT;DRY;DAYLIGHT;CLEAR;NO CONTROL PRESENT;;;-78.7442;35.7543;;;0;0;;;NONE;;NONE;;SPORT UTILITY;PASSENGER CAR;;;;NO;1045;2016-03-29;10:46 AM;2016-03-29T14:46:00+00:00;;2016;No;No;3;NONE;NONE,NONE;NONE,NONE;SPORT UTILITY,PASSENGER CAR;SPORT UTILITY,PASSENGER CAR;SPORT UTILITY,PASSENGER CAR;SPORT UTILITY,PASSENGER CAR
21664;CARY;OFF-RAMP ENTRY;CURVE,GRADE;US ROUTE;TWO-WAY,DIVIDED,POSITIVE MEDIAN BARRIER;SMOOTH ASPHALT;DRY;DAYLIGHT;CLEAR;STOP AND GO SIGNAL;35.73479613;-78.7977301;-78.7961;35.7383;P043;116;0;0;1;;;;NONE;;VAN;;;;;NO;1046;2016-03-29;11:10 AM;2016-03-29T15:10:00+00:00;35.73479613, -78.7977301;2016;No;No;3;;NONE;NONE;VAN;VAN;VAN;VAN
21665;10 FEET FROM PVA: 121 SW MAYNARD RD;NO SPECIAL FEATURE;STRAIGHT,GRADE;PUBLIC VEHICULAR AREA;TWO-WAY,NOT DIVIDED;SMOOTH ASPHALT;DRY;DAYLIGHT;CLEAR;NO CONTROL PRESENT;;;-78.783351;35.771323;;;0;0;1;;NONE;;NONE;;;PASSENGER CAR;;;;NO;1047;2016-03-30;2:52:48 PM;2016-03-30T18:52:48+00:00;;2016;No;No;3;NONE;NONE,NONE;NONE,NONE;PASSENGER CAR;PASSENGER CAR;PASSENGER CAR;PASSENGER CAR
21666;100 FEET FROM P.V.A. 7000 AERIAL CENTER PKY;DRIVEWAY, PUBLIC;STRAIGHT,LEVEL;PUBLIC VEHICULAR AREA;TWO-WAY,NOT DIVIDED;SMOOTH ASPHALT;DRY;DAYLIGHT;CLEAR;NO CONTROL PRESENT;;;-78.8143;35.8574;;;0;0;;;;;OTHER *;NONE;SPORT UTILITY;PICKUP;;;;NO;1048;2016-03-30;9:28:21 PM;2016-03-31T01:28:21+00:00;;2016;No;No;3;;OTHER *;OTHER *,NONE;SPORT UTILITY,PICKUP;SPORT UTILITY,PICKUP;SPORT UTILITY,PICKUP;SPORT UTILITY,PICKUP
21667;100 FEET FROM SR 1415 (SE MAYNARD RD);NO SPECIAL FEATURE;STRAIGHT,GRADE;STATE SECONDARY ROUTE;TWO-WAY,NOT DIVIDED;SMOOTH ASPHALT;DRY;DAYLIGHT;CLEAR;NO CONTROL PRESENT;;;-78.7649;35.7739;;;0;0;;;;;NONE;;PASSENGER CAR;SPORT UTILITY;;;;NO;1049;2016-03-30;10:09 PM;2016-03-31T02:09:00+00:00;;2016;No;No;3;;NONE;NONE;PASSENGER CAR,SPORT UTILITY;PASSENGER CAR,SPORT UTILITY;PASSENGER CAR,SPORT UTILITY;PASSENGER CAR,SPORT UTILITY
21676;75 FEET FROM WALNUT ST TO US 1 RAMP NB;MERGE LANE BETWEEN ON AND OFF RAMP;CURVE,GRADE;US ROUTE;TWO-WAY,DIVIDED,UNPROTECTED MEDIAN;SMOOTH ASPHALT;DRY;DAYLIGHT;CLEAR;YIELD SIGN;;;-78.7447;35.7609;;;0;0;2;;NONE;;NONE;;PASSENGER CAR;SPORT UTILITY;;;;NO;1058;2016-03-31;3:46:31 PM;2016-03-31T19:46:31+00:00;;2016;No;No;3;NONE;NONE,NONE;NONE,NONE;PASSENGER CAR,SPORT UTILITY;PASSENGER CAR,SPORT UTILITY;PASSENGER CAR,SPORT UTILITY;PASSENGER CAR,SPORT UTILITY
21677;CARY;RELATED TO INTERSECTION;STRAIGHT,LEVEL;STATE SECONDARY ROUTE;TWO-WAY,NOT DIVIDED;SMOOTH ASPHALT;DRY;DARK - LIGHTED ROADWAY;CLOUDY;STOP AND GO SIGNAL;;;-78.7701;35.8274;;;0;0;1;;NONE;;NONE;;PASSENGER CAR;PICKUP;;;;NO;1059;2016-03-31;8:46:33 PM;2016-04-01T00:46:33+00:00;;2016;No;No;3;NONE;NONE,NONE;NONE,NONE;PASSENGER CAR,PICKUP;PASSENGER CAR,PICKUP;PASSENGER CAR,PICKUP;PASSENGER CAR,PICKUP
21678;300 FEET FROM BRECKENWOOD DR;NO SPECIAL FEATURE;STRAIGHT,LEVEL;LOCAL STREET;;COARSE ASPHALT;DRY;DAYLIGHT;CLEAR;NO CONTROL PRESENT;35.780960035;-78.84216552;-78.84;35.78;P018;117;0;0;;;NONE;;NONE;;PASSENGER CAR;PASSENGER CAR;;;;NO;1060;2016-03-29;9:14:09 AM;2016-03-29T13:14:09+00:00;35.780960035, -78.84216552;2016;No;No;3;NONE;NONE,NONE;NONE,NONE;PASSENGER CAR,PASSENGER CAR;PASSENGER CAR,PASSENGER CAR;PASSENGER CAR,PASSENGER CAR;PASSENGER CAR,PASSENGER CAR
21681;75 FEET FROM CRESCENT COMMONS;DRIVEWAY, PUBLIC;STRAIGHT,LEVEL;PUBLIC VEHICULAR AREA;TWO-WAY,NOT DIVIDED;SMOOTH ASPHALT;DRY;DUSK;CLOUDY;NO CONTROL PRESENT;35.735975824;-78.78464871;;;P053;116;0;0;1;;NONE;;NONE;;;PICKUP;;;;NO;1063;2016-03-31;2:51:29 PM;2016-03-31T18:51:29+00:00;35.735975824, -78.78464871;2016;No;No;3;NONE;NONE,NONE;NONE,NONE;PICKUP;PICKUP;PICKUP;PICKUP
21688;.5 MILES FROM US 1 HWY SB;NO SPECIAL FEATURE;STRAIGHT,LEVEL;US ROUTE;TWO-WAY,DIVIDED,POSITIVE MEDIAN BARRIER;COARSE ASPHALT;DRY;DAYLIGHT;CLEAR;NO CONTROL PRESENT;35.747011274;-78.7375086;-78.8056;35.7305;P046;118;0;0;;;NONE;;NONE;;SPORT UTILITY;PASSENGER CAR;;;;NO;1070;2016-03-28;12:56 PM;2016-03-28T16:56:00+00:00;35.747011274, -78.7375086;2016;No;No;3;NONE;NONE,NONE;NONE,NONE;SPORT UTILITY,PASSENGER CAR;SPORT UTILITY,PASSENGER CAR;SPORT UTILITY,PASSENGER CAR;SPORT UTILITY,PASSENGER CAR
21694;10 FEET FROM US 1 EXIT 98 RAMP SB;OFF-RAMP PROPER;CURVE,BOTTOM (SAG);US ROUTE;ONE-WAY,NOT DIVIDED;SMOOTH ASPHALT;DRY;DAYLIGHT;CLEAR;STOP AND GO SIGNAL;35.737921604;-78.79476536;-78.7942;35.7379;P043;116;0;0;2;;NONE;;NONE;;SPORT UTILITY;PICKUP;;;;NO;1076;2016-03-31;6:05:41 PM;2016-03-31T22:05:41+00:00;35.737921604, -78.79476536;2016;No;No;3;NONE;NONE,NONE;NONE,NONE;SPORT UTILITY,PICKUP;SPORT UTILITY,PICKUP;SPORT UTILITY,PICKUP;SPORT UTILITY,PICKUP
21702;CARY;FOUR-WAY INTERSECTION;STRAIGHT,LEVEL;STATE SECONDARY ROUTE;TWO-WAY,NOT DIVIDED;SMOOTH ASPHALT;DRY;DAYLIGHT;CLOUDY;STOP AND GO SIGNAL;35.717692242;-78.91420056;-78.7943;35.7033;P115;APEX;0;1;;;;;NONE;;SPORT UTILITY;SPORT UTILITY;;;;NO;1084;2016-04-01;2:51:02 PM;2016-04-01T18:51:02+00:00;35.717692242, -78.91420056;2016;No;Yes;4;;NONE;NONE;SPORT UTILITY,SPORT UTILITY;SPORT UTILITY,SPORT UTILITY;SPORT UTILITY,SPORT UTILITY;SPORT UTILITY,SPORT UTILITY
21703;CARY;FOUR-WAY INTERSECTION;STRAIGHT,LEVEL;STATE SECONDARY ROUTE;TWO-WAY,NOT DIVIDED;SMOOTH ASPHALT;DRY;DAYLIGHT;CLOUDY;STOP AND GO SIGNAL;;;-78.8014;35.7758;;;0;0;1;;;;NONE;;SPORT UTILITY;PASSENGER CAR;PASSENGER CAR;;;NO;1085;2016-04-01;5:05:53 PM;2016-04-01T21:05:53+00:00;;2016;No;No;4;;NONE;NONE;SPORT UTILITY,PASSENGER CAR;SPORT UTILITY,PASSENGER CAR,PASSENGER CAR;SPORT UTILITY,PASSENGER CAR,PASSENGER CAR;SPORT UTILITY,PASSENGER CAR,PASSENGER CAR
21710;CARY;T-INTERSECTION;STRAIGHT,LEVEL;LOCAL STREET;TWO-WAY,NOT DIVIDED;SMOOTH ASPHALT;DRY;DAYLIGHT;CLEAR;NO CONTROL PRESENT;35.792096004;-78.78600151;-78.786074;35.792072;P025;111;0;0;;;;;NONE;;PASSENGER CAR;SPORT UTILITY;;;;NO;1092;2016-04-02;10:20 AM;2016-04-02T14:20:00+00:00;35.792096004, -78.78600151;2016;No;No;4;;NONE;NONE;PASSENGER CAR,SPORT UTILITY;PASSENGER CAR,SPORT UTILITY;PASSENGER CAR,SPORT UTILITY;PASSENGER CAR,SPORT UTILITY
21718;NEAR .2 MILES E OF E I 40 EXIT 291 RAMP WB;OFF-RAMP PROPER;CURVE,GRADE;INTERSTATE;ONE-WAY,NOT DIVIDED;SMOOTH ASPHALT;DRY;DARK - LIGHTED ROADWAY;CLEAR;NO CONTROL PRESENT;35.780573729;-78.7467295;-78.749237;35.781375;P098;RALW;0;0;;;;;NONE;;PASSENGER CAR;;;;;NO;1100;2016-04-05;1:47:45 AM;2016-04-05T05:47:45+00:00;35.780573729, -78.7467295;2016;No;No;4;;NONE;NONE;PASSENGER CAR;PASSENGER CAR;PASSENGER CAR;PASSENGER CAR
21719;CARY;DRIVEWAY, PUBLIC;STRAIGHT,LEVEL;PUBLIC VEHICULAR AREA;TWO-WAY,NOT DIVIDED;OTHER *;DRY;DAYLIGHT;CLEAR;NO CONTROL PRESENT;;;-78.8008;35.81884;;;0;0;;;NONE;;NONE;;PASSENGER CAR;PICKUP;;;;NO;1101;2016-04-04;6:12:17 PM;2016-04-04T22:12:17+00:00;;2016;No;No;4;NONE;NONE,NONE;NONE,NONE;PASSENGER CAR,PICKUP;PASSENGER CAR,PICKUP;PASSENGER CAR,PICKUP;PASSENGER CAR,PICKUP
21732;265 FEET FROM SR# 1010 (TEN-TEN RD);RELATED TO INTERSECTION;STRAIGHT,LEVEL;STATE SECONDARY ROUTE;TWO-WAY,DIVIDED,UNPROTECTED MEDIAN;SMOOTH ASPHALT;DRY;DAYLIGHT;CLEAR;NO CONTROL PRESENT;;;-78.77;35.69;;116;0;0;2;;NONE;;NONE;;PASSENGER CAR;EMS VEHICLE- AMBULANCE- RESCUE SQUAD;;;;NO;1114;2016-04-05;8:03:53 PM;2016-04-06T00:03:53+00:00;;2016;No;No;4;NONE;NONE,NONE;NONE,NONE;PASSENGER CAR,EMS VEHICLE- AMBULANCE- RESCUE SQUAD;PASSENGER CAR,EMS VEHICLE- AMBULANCE- RESCUE SQUAD;PASSENGER CAR,EMS VEHICLE- AMBULANCE- RESCUE SQUAD;PASSENGER CAR,EMS VEHICLE- AMBULANCE- RESCUE SQUAD
21736;.2 MILES FROM PVA (2020 HOSPITALITY CT);DRIVEWAY, PUBLIC;STRAIGHT,LEVEL;PUBLIC VEHICULAR AREA;TWO-WAY,NOT DIVIDED;SMOOTH ASPHALT;DRY;DAYLIGHT;CLEAR;NO CONTROL PRESENT;35.961073983;-78.55053751;-78.8148;35.858;P119;RALW;0;0;;;NONE;;NONE;;VAN;PASSENGER CAR;;;;NO;1118;2016-04-06;10:25 AM;2016-04-06T14:25:00+00:00;35.961073983, -78.55053751;2016;No;No;4;NONE;NONE,NONE;NONE,NONE;VAN,PASSENGER CAR;VAN,PASSENGER CAR;VAN,PASSENGER CAR;VAN,PASSENGER CAR
21737;75 FEET FROM P.V.A. (BANYON GROVE LOOP);NO SPECIAL FEATURE;STRAIGHT,LEVEL;PUBLIC VEHICULAR AREA;TWO-WAY,NOT DIVIDED;SMOOTH ASPHALT;DRY;DAYLIGHT;CLEAR;NO CONTROL PRESENT;35.806889946;-78.78066063;-78.7826;35.8036;P032;113;0;0;;1;NONE;;NONE;;PASSENGER CAR;;;;;NO;1119;2016-04-06;7:14:59 AM;2016-04-06T11:14:59+00:00;35.806889946, -78.78066063;2016;No;No;4;NONE;NONE,NONE;NONE,NONE;PASSENGER CAR;PASSENGER CAR;PASSENGER CAR;PASSENGER CAR
21745;270 FEET FROM JONES FRANKLIN RD;NO SPECIAL FEATURE;STRAIGHT,LEVEL;LOCAL STREET;TWO-WAY,NOT DIVIDED;SMOOTH ASPHALT;DRY;DAYLIGHT;CLEAR;STOP SIGN;;;-78.7397;35.7442;;;0;0;1;;;;NONE;;PASSENGER CAR;SPORT UTILITY;;;;NO;1127;2016-04-06;10:34 AM;2016-04-06T14:34:00+00:00;;2016;No;No;4;;NONE;NONE;PASSENGER CAR,SPORT UTILITY;PASSENGER CAR,SPORT UTILITY;PASSENGER CAR,SPORT UTILITY;PASSENGER CAR,SPORT UTILITY