tamainid;location_description;rdfeature;rdcharacter;rdclass;rdconfigur;rdsurface;rdcondition;lightcond;weather;trafcontrl;lat;lon;lon2;lat2;tract;zone;fatality;possblinj;numpassengers;numpedestrians;contrcir1_desc;contrcir2_desc;contrcir3_desc;contrcir4_desc;vehicle1;vehicle2;vehicle3;vehicle4;vehicle5;workarea;records;ta_date;ta_time;crash_date;geo_location;year;fatalities;injuries;month;contrfact1;contrfact2;contributing_factor;vehicleconcat1;vehicleconcat2;vehicleconcat3;vehicle_type
21746;50 FEET FROM JIM VALVANO DR;NO SPECIAL FEATURE;STRAIGHT,LEVEL;LOCAL STREET;TWO-WAY,NOT DIVIDED;COARSE ASPHALT;DRY;DAYLIGHT;CLEAR;STOP SIGN;35.771659969;-78.76519037;;;P062;120;0;0;1;;NONE;;NONE;;PASSENGER CAR;PASSENGER CAR;;;;NO;1128;2016-04-07;11:57 AM;2016-04-07T15:57:00+00:00;35.771659969, -78.76519037;2016;No;No;4;NONE;NONE,NONE;NONE,NONE;PASSENGER CAR,PASSENGER CAR;PASSENGER CAR,PASSENGER CAR;PASSENGER CAR,PASSENGER CAR;PASSENGER CAR,PASSENGER CAR
21758;20 FEET FROM PVA (108 E CHATHAM ST);NO SPECIAL FEATURE;STRAIGHT,LEVEL;PUBLIC VEHICULAR AREA;TWO-WAY,NOT DIVIDED;SMOOTH ASPHALT;DRY;DAYLIGHT;CLEAR;NO CONTROL PRESENT;;;-741475.13;2064964.88;;;0;0;;;NONE;;NONE;;PASSENGER CAR;SPORT UTILITY;;;;NO;1140;2016-04-07;12:35 PM;2016-04-07T16:35:00+00:00;;2016;No;No;4;NONE;NONE,NONE;NONE,NONE;PASSENGER CAR,SPORT UTILITY;PASSENGER CAR,SPORT UTILITY;PASSENGER CAR,SPORT UTILITY;PASSENGER CAR,SPORT UTILITY
21759;25 FEET FROM HWY US 64;NO SPECIAL FEATURE;STRAIGHT,LEVEL;US ROUTE;TWO-WAY,DIVIDED,POSITIVE MEDIAN BARRIER;SMOOTH ASPHALT;WET;DAYLIGHT;CLOUDY;STOP AND GO SIGNAL;;;-78.804319;35.740975;;;0;0;;;;;NONE;;SPORT UTILITY;PICKUP;;;;NO;1141;2016-04-07;10:05 AM;2016-04-07T14:05:00+00:00;;2016;No;No;4;;NONE;NONE;SPORT UTILITY,PICKUP;SPORT UTILITY,PICKUP;SPORT UTILITY,PICKUP;SPORT UTILITY,PICKUP
21760;.20 MILES FROM S.R. 1315 (BUCK JONES RD);RELATED TO INTERSECTION;STRAIGHT,LEVEL;STATE SECONDARY ROUTE;TWO-WAY,NOT DIVIDED;SMOOTH ASPHALT;DRY;DAYLIGHT;CLEAR;STOP SIGN;;;-78.7423;35.7655;;;0;0;;;;;NONE;;PASSENGER CAR;PASSENGER CAR;;;;NO;1142;2016-04-08;11:23 AM;2016-04-08T15:23:00+00:00;;2016;No;No;4;;NONE;NONE;PASSENGER CAR,PASSENGER CAR;PASSENGER CAR,PASSENGER CAR;PASSENGER CAR,PASSENGER CAR;PASSENGER CAR,PASSENGER CAR
21762;.5 MILES FROM U.S. 1 HWY;NO SPECIAL FEATURE;STRAIGHT,LEVEL;US ROUTE;TWO-WAY,DIVIDED,POSITIVE MEDIAN BARRIER;SMOOTH ASPHALT;WET;DAYLIGHT;CLOUDY;NO CONTROL PRESENT;;;-78.7982;35.7432;;;0;0;;;;;NONE;;PASSENGER CAR;;;;;NO;1144;2016-04-07;8:19:05 AM;2016-04-07T12:19:05+00:00;;2016;No;No;4;;NONE;NONE;PASSENGER CAR;PASSENGER CAR;PASSENGER CAR;PASSENGER CAR
21765;0 MILES FROM PVA OF 410 W CHATHAM ST;NO SPECIAL FEATURE;STRAIGHT,GRADE;PUBLIC VEHICULAR AREA;ONE-WAY,NOT DIVIDED;COARSE ASPHALT;DRY;DAYLIGHT;CLEAR;NO CONTROL PRESENT;;;-78.7889;35.7689;;;0;0;;;NONE;;NONE;;PASSENGER CAR;;;;;NO;1147;2016-04-10;1:54:58 PM;2016-04-10T17:54:58+00:00;;2016;No;No;4;NONE;NONE,NONE;NONE,NONE;PASSENGER CAR;PASSENGER CAR;PASSENGER CAR;PASSENGER CAR
21766;.4 MILES FROM CROSSROADS BLVD.;FOUR-WAY INTERSECTION;STRAIGHT,LEVEL;LOCAL STREET;TWO-WAY,DIVIDED,UNPROTECTED MEDIAN;SMOOTH ASPHALT;DRY;DAYLIGHT;CLEAR;STOP SIGN;35.761266214;-78.7418746;-78.7372;35.7603;P120;118;0;1;1;;NONE;;NONE;;PASSENGER CAR;PASSENGER CAR;;;;NO;1148;2016-04-09;1:20:38 PM;2016-04-09T17:20:38+00:00;35.761266214, -78.7418746;2016;No;Yes;4;NONE;NONE,NONE;NONE,NONE;PASSENGER CAR,PASSENGER CAR;PASSENGER CAR,PASSENGER CAR;PASSENGER CAR,PASSENGER CAR;PASSENGER CAR,PASSENGER CAR
21773;120 FEET FROM US 1 HWY;NO SPECIAL FEATURE;STRAIGHT,LEVEL;US ROUTE;TWO-WAY,DIVIDED,POSITIVE MEDIAN BARRIER;SMOOTH ASPHALT;DRY;DARK - LIGHTED ROADWAY;CLEAR;NO CONTROL PRESENT;;;-78.779;35.7449;;;0;0;6;;;;NONE;;SINGLE UNIT TRUCK (3 OR MORE AXLES);SPORT UTILITY;PASSENGER CAR;;;NO;1155;2016-04-10;8:58:47 PM;2016-04-11T00:58:47+00:00;;2016;No;No;4;;NONE;NONE;SINGLE UNIT TRUCK (3 OR MORE AXLES),SPORT UTILITY;SINGLE UNIT TRUCK (3 OR MORE AXLES),SPORT UTILITY,PASSENGER CAR;SINGLE UNIT TRUCK (3 OR MORE AXLES),SPORT UTILITY,PASSENGER CAR;SINGLE UNIT TRUCK (3 OR MORE AXLES),SPORT UTILITY,PASSENGER CAR
21777;0 FEET FROM GREEN LEVEL CHURCH RD;FOUR-WAY INTERSECTION;STRAIGHT,GRADE;LOCAL STREET;TWO-WAY,DIVIDED,UNPROTECTED MEDIAN;SMOOTH ASPHALT;DRY;DAYLIGHT;CLEAR;STOP SIGN;35.804596007;-78.90202638;-78.9022;35.8048;P015;122;0;2;1;;NONE;;NONE;;PASSENGER CAR;SPORT UTILITY;;;;NO;1159;2016-04-08;11:48 AM;2016-04-08T15:48:00+00:00;35.804596007, -78.90202638;2016;No;Yes;4;NONE;NONE,NONE;NONE,NONE;PASSENGER CAR,SPORT UTILITY;PASSENGER CAR,SPORT UTILITY;PASSENGER CAR,SPORT UTILITY;PASSENGER CAR,SPORT UTILITY
21786;100 FEET FROM BLACK ANGUS RUN;DRIVEWAY, PRIVATE;STRAIGHT,GRADE;LOCAL STREET;TWO-WAY,NOT DIVIDED;SMOOTH ASPHALT;DRY;DAYLIGHT;CLEAR;NO CONTROL PRESENT;35.808084093;-78.77055167;-78.770347;35.807565;P030;113;0;0;;;NONE;;NONE;;PASSENGER CAR;PASSENGER CAR;;;;NO;1168;2016-04-09;12:11 PM;2016-04-09T16:11:00+00:00;35.808084093, -78.77055167;2016;No;No;4;NONE;NONE,NONE;NONE,NONE;PASSENGER CAR,PASSENGER CAR;PASSENGER CAR,PASSENGER CAR;PASSENGER CAR,PASSENGER CAR;PASSENGER CAR,PASSENGER CAR
21793;.2 MILES FROM NC-54 NE MAYNARD;OTHER *;STRAIGHT,LEVEL;NC ROUTE;TWO-WAY,DIVIDED,UNPROTECTED MEDIAN;SMOOTH ASPHALT;DRY;DAYLIGHT;CLEAR;NO CONTROL PRESENT;35.757490392;-78.4609013;-78.7685;35.802;P119;RALW;0;0;;;NONE;;NONE;;PASSENGER CAR;PASSENGER CAR;;;;NO;1175;2016-04-11;5:32:16 PM;2016-04-11T21:32:16+00:00;35.757490392, -78.4609013;2016;No;No;4;NONE;NONE,NONE;NONE,NONE;PASSENGER CAR,PASSENGER CAR;PASSENGER CAR,PASSENGER CAR;PASSENGER CAR,PASSENGER CAR;PASSENGER CAR,PASSENGER CAR
21798;CARY;FOUR-WAY INTERSECTION;STRAIGHT,LEVEL;STATE SECONDARY ROUTE;TWO-WAY,DIVIDED,POSITIVE MEDIAN BARRIER;SMOOTH ASPHALT;DRY;DAYLIGHT;CLEAR;STOP AND GO SIGNAL;;;-78.839733;35.7804977;;;0;0;;;NONE;;NONE;;SPORT UTILITY;SPORT UTILITY;;;;NO;1180;2016-04-11;6:28:31 PM;2016-04-11T22:28:31+00:00;;2016;No;No;4;NONE;NONE,NONE;NONE,NONE;SPORT UTILITY,SPORT UTILITY;SPORT UTILITY,SPORT UTILITY;SPORT UTILITY,SPORT UTILITY;SPORT UTILITY,SPORT UTILITY
21804;150 FEET FROM PVA (201 HIGH HOUSE RD);NO SPECIAL FEATURE;STRAIGHT,HILLCREST;PUBLIC VEHICULAR AREA;ONE-WAY,NOT DIVIDED;SMOOTH ASPHALT;DRY;DAYLIGHT;CLEAR;NO CONTROL PRESENT;;;-78.8002;35.7832;;;0;0;2;;NONE;;NONE;;LIGHT TRUCK (MINI-VAN- PANEL);VAN;;;;NO;1186;2016-04-08;11:11 AM;2016-04-08T15:11:00+00:00;;2016;No;No;4;NONE;NONE,NONE;NONE,NONE;LIGHT TRUCK (MINI-VAN- PANEL),VAN;LIGHT TRUCK (MINI-VAN- PANEL),VAN;LIGHT TRUCK (MINI-VAN- PANEL),VAN;LIGHT TRUCK (MINI-VAN- PANEL),VAN
21806;CARY;T-INTERSECTION;STRAIGHT,GRADE;STATE SECONDARY ROUTE;TWO-WAY,NOT DIVIDED;SMOOTH ASPHALT;WET;DAYLIGHT;CLOUDY;NO CONTROL PRESENT;35.771671307;-78.79283826;-78.794;35.771;P036;114;0;0;;;NONE;;NONE;;PASSENGER CAR;PASSENGER CAR;;;;NO;1188;2016-04-12;10:52 AM;2016-04-12T14:52:00+00:00;35.771671307, -78.79283826;2016;No;No;4;NONE;NONE,NONE;NONE,NONE;PASSENGER CAR,PASSENGER CAR;PASSENGER CAR,PASSENGER CAR;PASSENGER CAR,PASSENGER CAR;PASSENGER CAR,PASSENGER CAR
21815;.15 MILES FROM US 1 HWY SOUTH;;;;;;;;;;;;;;;;0;0;;;;;;;;;;;;;1197;2016-03-15;12:49 PM;2016-03-15T16:49:00+00:00;;2016;No;No;3;;;;;;;
21817;50 FEET FROM P.V.A. (801 SE MAYNARD RD);DRIVEWAY, PUBLIC;CURVE,LEVEL;PUBLIC VEHICULAR AREA;TWO-WAY,NOT DIVIDED;SMOOTH ASPHALT;DRY;DAYLIGHT;CLEAR;NO CONTROL PRESENT;;;-78.7648;35.7731;;;0;0;;;NONE;;NONE;;PASSENGER CAR;;;;;NO;1199;2016-04-13;10:13 PM;2016-04-14T02:13:00+00:00;;2016;No;No;4;NONE;NONE,NONE;NONE,NONE;PASSENGER CAR;PASSENGER CAR;PASSENGER CAR;PASSENGER CAR
21828;0 FEET FROM SR 1628 (OKELLY CHAPEL RD);FOUR-WAY INTERSECTION;STRAIGHT,LEVEL;STATE SECONDARY ROUTE;TWO-WAY,NOT DIVIDED;SMOOTH ASPHALT;WET;DAYLIGHT;RAIN;STOP SIGN;;;-78.909733;35.842915;;;0;0;;;NONE;;NONE;;PICKUP;PICKUP;;;;NO;1210;2016-04-12;3:30:42 PM;2016-04-12T19:30:42+00:00;;2016;No;No;4;NONE;NONE,NONE;NONE,NONE;PICKUP,PICKUP;PICKUP,PICKUP;PICKUP,PICKUP;PICKUP,PICKUP
21831;300 FEET FROM PVA 6770 MCCRIMMOM PKWY;NO SPECIAL FEATURE;CURVE,LEVEL;PUBLIC VEHICULAR AREA;TWO-WAY,NOT DIVIDED;SMOOTH ASPHALT;DRY;DAYLIGHT;CLEAR;NO CONTROL PRESENT;;;-78.887707;35.828749;;;0;0;;;NONE;;NONE;;PASSENGER CAR;PASSENGER CAR;;;;NO;1213;2016-04-11;7:27:24 AM;2016-04-11T11:27:24+00:00;;2016;No;No;4;NONE;NONE,NONE;NONE,NONE;PASSENGER CAR,PASSENGER CAR;PASSENGER CAR,PASSENGER CAR;PASSENGER CAR,PASSENGER CAR;PASSENGER CAR,PASSENGER CAR
21840;40 FEET FROM P.V.A. (1401 SE MAYNARD RD);NO SPECIAL FEATURE;STRAIGHT,LEVEL;PUBLIC VEHICULAR AREA;TWO-WAY,NOT DIVIDED;SMOOTH ASPHALT;DRY;DAYLIGHT;CLEAR;NO CONTROL PRESENT;35.790289151;-78.76421993;-78.764;35.7898;P056;120;0;0;1;;NONE;;NONE;;PASSENGER CAR;PASSENGER CAR;;;;NO;1222;2016-04-14;6:50:48 PM;2016-04-14T22:50:48+00:00;35.790289151, -78.76421993;2016;No;No;4;NONE;NONE,NONE;NONE,NONE;PASSENGER CAR,PASSENGER CAR;PASSENGER CAR,PASSENGER CAR;PASSENGER CAR,PASSENGER CAR;PASSENGER CAR,PASSENGER CAR
21848;0 FEET FROM SR 1370 (TRYON RD);T-INTERSECTION;STRAIGHT,GRADE;STATE SECONDARY ROUTE;TWO-WAY,DIVIDED,POSITIVE MEDIAN BARRIER;SMOOTH ASPHALT;DRY;DAYLIGHT;CLEAR;STOP SIGN;;;-78.7596;35.7445;;;0;0;;;NONE;;NONE;;PASSENGER CAR;PASSENGER CAR;;;;NO;1230;2016-04-14;6:06:41 PM;2016-04-14T22:06:41+00:00;;2016;No;No;4;NONE;NONE,NONE;NONE,NONE;PASSENGER CAR,PASSENGER CAR;PASSENGER CAR,PASSENGER CAR;PASSENGER CAR,PASSENGER CAR;PASSENGER CAR,PASSENGER CAR
21849;CARY;RELATED TO INTERSECTION;STRAIGHT,LEVEL;STATE SECONDARY ROUTE;TWO-WAY,DIVIDED,UNPROTECTED MEDIAN;SMOOTH ASPHALT;DRY;DAYLIGHT;CLEAR;STOP AND GO SIGNAL;;;-78.78;35.75;;112;0;0;;;NONE;;NONE;;PASSENGER CAR;PASSENGER CAR;;;;NO;1231;2016-04-13;5:35:00 PM;2016-04-13T21:35:00+00:00;;2016;No;No;4;NONE;NONE,NONE;NONE,NONE;PASSENGER CAR,PASSENGER CAR;PASSENGER CAR,PASSENGER CAR;PASSENGER CAR,PASSENGER CAR;PASSENGER CAR,PASSENGER CAR
21850;200 FEET FROM SR 1313 (KILDAIRE FARM RD);NO SPECIAL FEATURE;STRAIGHT,LEVEL;STATE SECONDARY ROUTE;TWO-WAY,NOT DIVIDED;SMOOTH ASPHALT;DRY;DAYLIGHT;CLEAR;STOP AND GO SIGNAL;;;-78.781824;35.770324;;;0;0;;;NONE;;NONE;;SPORT UTILITY;PASSENGER CAR;;;;NO;1232;2016-04-14;7:40:08 PM;2016-04-14T23:40:08+00:00;;2016;No;No;4;NONE;NONE,NONE;NONE,NONE;SPORT UTILITY,PASSENGER CAR;SPORT UTILITY,PASSENGER CAR;SPORT UTILITY,PASSENGER CAR;SPORT UTILITY,PASSENGER CAR
21857;CARY;FOUR-WAY INTERSECTION;STRAIGHT,LEVEL;LOCAL STREET;TWO-WAY,NOT DIVIDED;SMOOTH ASPHALT;DRY;DAYLIGHT;CLEAR;STOP SIGN;35.782538145;-78.77849972;-78.7784;35.7824;P125;120;0;0;;;NONE;;NONE;;PASSENGER CAR;SPORT UTILITY;;;;NO;1239;2016-04-16;5:41:54 PM;2016-04-16T21:41:54+00:00;35.782538145, -78.77849972;2016;No;No;4;NONE;NONE,NONE;NONE,NONE;PASSENGER CAR,SPORT UTILITY;PASSENGER CAR,SPORT UTILITY;PASSENGER CAR,SPORT UTILITY;PASSENGER CAR,SPORT UTILITY
21858;CARY;RELATED TO INTERSECTION;STRAIGHT,LEVEL;STATE SECONDARY ROUTE;TWO-WAY,DIVIDED,UNPROTECTED MEDIAN;COARSE ASPHALT;DRY;DARK - LIGHTED ROADWAY;CLEAR;STOP AND GO SIGNAL;35.791399507;-78.84721909;-78.8474;35.7912;P078;121;0;0;;;NONE;;NONE;;VAN;PASSENGER CAR;;;;NO;1240;2016-04-17;8:19:21 PM;2016-04-18T00:19:21+00:00;35.791399507, -78.84721909;2016;No;No;4;NONE;NONE,NONE;NONE,NONE;VAN,PASSENGER CAR;VAN,PASSENGER CAR;VAN,PASSENGER CAR;VAN,PASSENGER CAR
21863;0 FEET FROM SR 1300 (KILDAIRE FARM RD);FOUR-WAY INTERSECTION;STRAIGHT,LEVEL;STATE SECONDARY ROUTE;TWO-WAY,DIVIDED,UNPROTECTED MEDIAN;SMOOTH ASPHALT;DRY;DAYLIGHT;CLEAR;STOP AND GO SIGNAL;;;-78.777236;35.729233;;;0;1;1;;;;NONE;;VAN;VAN;;;;NO;1245;2016-04-15;1:37:40 PM;2016-04-15T17:37:40+00:00;;2016;No;Yes;4;;NONE;NONE;VAN,VAN;VAN,VAN;VAN,VAN;VAN,VAN
21866;CARY;T-INTERSECTION;STRAIGHT,LEVEL;STATE SECONDARY ROUTE;TWO-WAY,NOT DIVIDED;SMOOTH ASPHALT;DRY;DAYLIGHT;CLEAR;STOP AND GO SIGNAL;35.737227372;-78.74408726;-78.746343;35.7371396;P046;118;0;0;;;NONE;;NONE;;SPORT UTILITY;SPORT UTILITY;;;;NO;1248;2016-04-15;5:54:01 PM;2016-04-15T21:54:01+00:00;35.737227372, -78.74408726;2016;No;No;4;NONE;NONE,NONE;NONE,NONE;SPORT UTILITY,SPORT UTILITY;SPORT UTILITY,SPORT UTILITY;SPORT UTILITY,SPORT UTILITY;SPORT UTILITY,SPORT UTILITY
21875;150 FEET FROM CAITBOO AVE.;NO SPECIAL FEATURE;STRAIGHT,LEVEL;LOCAL STREET;TWO-WAY,NOT DIVIDED;SMOOTH ASPHALT;DRY;DARK - LIGHTED ROADWAY;CLEAR;NO CONTROL PRESENT;35.759541366;-78.74137283;-78.7414;35.7602;P120;118;0;0;1;;NONE;;NONE;;PICKUP;PASSENGER CAR;;;;NO;1257;2016-04-14;8:10:26 PM;2016-04-15T00:10:26+00:00;35.759541366, -78.74137283;2016;No;No;4;NONE;NONE,NONE;NONE,NONE;PICKUP,PASSENGER CAR;PICKUP,PASSENGER CAR;PICKUP,PASSENGER CAR;PICKUP,PASSENGER CAR
21882;CARY;FOUR-WAY INTERSECTION;STRAIGHT,LEVEL;LOCAL STREET;TWO-WAY,DIVIDED,UNPROTECTED MEDIAN;SMOOTH ASPHALT;DRY;DAYLIGHT;CLEAR;STOP AND GO SIGNAL;35.790025631;-78.85048905;-78.850488;35.790135;P017;121;0;0;1;;NONE;;NONE;;SPORT UTILITY;PASSENGER CAR;PASSENGER CAR;;;NO;1264;2016-04-17;7:55:43 AM;2016-04-17T11:55:43+00:00;35.790025631, -78.85048905;2016;No;No;4;NONE;NONE,NONE;NONE,NONE;SPORT UTILITY,PASSENGER CAR;SPORT UTILITY,PASSENGER CAR,PASSENGER CAR;SPORT UTILITY,PASSENGER CAR,PASSENGER CAR;SPORT UTILITY,PASSENGER CAR,PASSENGER CAR
21888;4.82 MILES FROM NC HWY 55;;;;;;;;;;35.851192535;-78.89415721;;;P074;119;0;0;;;;;;;;;;;;;1270;2016-04-19;1:31:21 AM;2016-04-19T05:31:21+00:00;35.851192535, -78.89415721;2016;No;No;4;;;;;;;
21894;CARY;T-INTERSECTION;STRAIGHT,LEVEL;STATE SECONDARY ROUTE;TWO-WAY,DIVIDED,UNPROTECTED MEDIAN;SMOOTH ASPHALT;DRY;DUSK;CLEAR;STOP AND GO SIGNAL;;;-78.7442;35.737;;;0;0;1;;NONE;;NONE;;PASSENGER CAR;SPORT UTILITY;;;;NO;1276;2016-04-17;7:41:20 PM;2016-04-17T23:41:20+00:00;;2016;No;No;4;NONE;NONE,NONE;NONE,NONE;PASSENGER CAR,SPORT UTILITY;PASSENGER CAR,SPORT UTILITY;PASSENGER CAR,SPORT UTILITY;PASSENGER CAR,SPORT UTILITY
21907;41 FEET FROM  P.V.A.  ( 2041 WALNUTST);NO SPECIAL FEATURE;CURVE,GRADE;PUBLIC VEHICULAR AREA;TWO-WAY,DIVIDED,UNPROTECTED MEDIAN;SMOOTH ASPHALT;DRY;DAYLIGHT;CLEAR;STOP SIGN;;;-78.7412;35.7574;;;0;0;;;;;NONE;;PASSENGER CAR;SPORT UTILITY;;;;NO;1289;2016-04-19;11:39 AM;2016-04-19T15:39:00+00:00;;2016;No;No;4;;NONE;NONE;PASSENGER CAR,SPORT UTILITY;PASSENGER CAR,SPORT UTILITY;PASSENGER CAR,SPORT UTILITY;PASSENGER CAR,SPORT UTILITY
21909;50 FEET FROM MICHIGAN AV;NO SPECIAL FEATURE;STRAIGHT,GRADE;LOCAL STREET;TWO-WAY,NOT DIVIDED;SMOOTH ASPHALT;DRY;DAYLIGHT;CLEAR;NO CONTROL PRESENT;35.827773924;-78.89507087;-78.894988;35.82763;P016;119;0;0;;;NONE;;NONE;;PASSENGER CAR;;;;;NO;1291;2016-04-14;4:42:05 PM;2016-04-14T20:42:05+00:00;35.827773924, -78.89507087;2016;No;No;4;NONE;NONE,NONE;NONE,NONE;PASSENGER CAR;PASSENGER CAR;PASSENGER CAR;PASSENGER CAR
21912;30 FEET FROM SR 3977 (SE CARY PKY);T-INTERSECTION;CURVE,LEVEL;STATE SECONDARY ROUTE;TWO-WAY,DIVIDED,UNPROTECTED MEDIAN;SMOOTH ASPHALT;DRY;DAYLIGHT;CLEAR;STOP SIGN;;;-78.775193;35.756725;;;0;2;;;NONE;;NONE;;PASSENGER CAR;PASSENGER CAR;;;;NO;1294;2016-04-19;9:49:31 AM;2016-04-19T13:49:31+00:00;;2016;No;Yes;4;NONE;NONE,NONE;NONE,NONE;PASSENGER CAR,PASSENGER CAR;PASSENGER CAR,PASSENGER CAR;PASSENGER CAR,PASSENGER CAR;PASSENGER CAR,PASSENGER CAR
21927;297 FEET FROM SR 1300 (KILDAIRE FARM RD);NO SPECIAL FEATURE;STRAIGHT,LEVEL;STATE SECONDARY ROUTE;TWO-WAY,DIVIDED,UNPROTECTED MEDIAN;SMOOTH ASPHALT;DRY;DAYLIGHT;CLEAR;NO CONTROL PRESENT;;;-78.788;35.7183;;;0;0;;;NONE;;NONE;;PASSENGER CAR;SPORT UTILITY;;;;NO;1309;2016-04-21;8:40:57 PM;2016-04-22T00:40:57+00:00;;2016;No;No;4;NONE;NONE,NONE;NONE,NONE;PASSENGER CAR,SPORT UTILITY;PASSENGER CAR,SPORT UTILITY;PASSENGER CAR,SPORT UTILITY;PASSENGER CAR,SPORT UTILITY
21933;100 FEET FROM PVA 3025 WINSTON HILL DR;DRIVEWAY, PUBLIC;STRAIGHT,LEVEL;LOCAL STREET;TWO-WAY,NOT DIVIDED;SMOOTH ASPHALT;DRY;DAYLIGHT;CLOUDY;STOP SIGN;35.788141274;-78.84617364;-78.8462;35.7892;P018;117;0;0;1;;NONE;;NONE;;PASSENGER CAR;PICKUP;;;;NO;1315;2016-04-22;11:08 AM;2016-04-22T15:08:00+00:00;35.788141274, -78.84617364;2016;No;No;4;NONE;NONE,NONE;NONE,NONE;PASSENGER CAR,PICKUP;PASSENGER CAR,PICKUP;PASSENGER CAR,PICKUP;PASSENGER CAR,PICKUP
21938;100 FEET FROM LONDON PLAIN CT;DRIVEWAY, PRIVATE;STRAIGHT,LEVEL;PRIVATE ROAD,DRIVEWAY;TWO-WAY,NOT DIVIDED;CONCRETE;DRY;UNKNOWN;CLEAR;NO CONTROL PRESENT;35.767055131;-78.8287607;-78.828547;35.767907;P009;117;0;0;1;;NONE;;NONE;;PASSENGER CAR;PASSENGER CAR;;;;NO;1320;2016-04-24;11:09 AM;2016-04-24T15:09:00+00:00;35.767055131, -78.8287607;2016;No;No;4;NONE;NONE,NONE;NONE,NONE;PASSENGER CAR,PASSENGER CAR;PASSENGER CAR,PASSENGER CAR;PASSENGER CAR,PASSENGER CAR;PASSENGER CAR,PASSENGER CAR
21945;250 FEET FROM SR-1009 TRYON RD;NO SPECIAL FEATURE;STRAIGHT,LEVEL;STATE SECONDARY ROUTE;TWO-WAY,DIVIDED,UNPROTECTED MEDIAN;SMOOTH ASPHALT;WET;DAYLIGHT;RAIN;NO CONTROL PRESENT;35.745569629;-78.73633628;-78.737775;35.7455884;P046;118;0;0;;;NONE;;NONE;;PASSENGER CAR;PASSENGER CAR;;;;NO;1327;2016-04-22;3:56:22 PM;2016-04-22T19:56:22+00:00;35.745569629, -78.73633628;2016;No;No;4;NONE;NONE,NONE;NONE,NONE;PASSENGER CAR,PASSENGER CAR;PASSENGER CAR,PASSENGER CAR;PASSENGER CAR,PASSENGER CAR;PASSENGER CAR,PASSENGER CAR
21947;75 FEET FROM SR 1613 DAVIS DR;NO SPECIAL FEATURE;STRAIGHT,LEVEL;STATE SECONDARY ROUTE;TWO-WAY,DIVIDED,UNPROTECTED MEDIAN;SMOOTH ASPHALT;WET;DAYLIGHT;CLOUDY;STOP AND GO SIGNAL;;;-78.8477;35.8139;;;0;0;;;NONE;;NONE;;SPORT UTILITY;PASSENGER CAR;;;;NO;1329;2016-04-22;7:10:15 PM;2016-04-22T23:10:15+00:00;;2016;No;No;4;NONE;NONE,NONE;NONE,NONE;SPORT UTILITY,PASSENGER CAR;SPORT UTILITY,PASSENGER CAR;SPORT UTILITY,PASSENGER CAR;SPORT UTILITY,PASSENGER CAR
21954;100 FEET FROM P.V.A. OF 1800 WALNUT ST;NO SPECIAL FEATURE;STRAIGHT,LEVEL;PUBLIC VEHICULAR AREA;TWO-WAY,NOT DIVIDED;SMOOTH ASPHALT;DRY;DAYLIGHT;CLEAR;NO CONTROL PRESENT;;;-78.7445;35.76;;;0;0;;;NONE;;NONE;;SPORT UTILITY;SPORT UTILITY;;;;NO;1336;2016-04-23;8:52:21 AM;2016-04-23T12:52:21+00:00;;2016;No;No;4;NONE;NONE,NONE;NONE,NONE;SPORT UTILITY,SPORT UTILITY;SPORT UTILITY,SPORT UTILITY;SPORT UTILITY,SPORT UTILITY;SPORT UTILITY,SPORT UTILITY
21960;CARY;NO SPECIAL FEATURE;CURVE,HILLCREST;STATE SECONDARY ROUTE;TWO-WAY,DIVIDED,POSITIVE MEDIAN BARRIER;SMOOTH ASPHALT;DRY;DAYLIGHT;CLEAR;STOP SIGN;35.764057849;-78.82289171;-78.822932;35.76402;P009;117;0;0;3;;NONE;;NONE;;SPORT UTILITY;SPORT UTILITY;PASSENGER CAR;;;NO;1342;2016-04-23;5:19:15 PM;2016-04-23T21:19:15+00:00;35.764057849, -78.82289171;2016;No;No;4;NONE;NONE,NONE;NONE,NONE;SPORT UTILITY,SPORT UTILITY;SPORT UTILITY,SPORT UTILITY,PASSENGER CAR;SPORT UTILITY,SPORT UTILITY,PASSENGER CAR;SPORT UTILITY,SPORT UTILITY,PASSENGER CAR
21966;CARY;RELATED TO INTERSECTION;STRAIGHT,LEVEL;STATE SECONDARY ROUTE;TWO-WAY,DIVIDED,UNPROTECTED MEDIAN;SMOOTH ASPHALT;DRY;DAYLIGHT;CLEAR;STOP AND GO SIGNAL;35.757999613;-78.78038067;-78.783;35.7579;P027;112;0;0;;;NONE;;NONE;;SPORT UTILITY;PASSENGER CAR;;;;NO;1348;2016-04-24;8:54:20 AM;2016-04-24T12:54:20+00:00;35.757999613, -78.78038067;2016;No;No;4;NONE;NONE,NONE;NONE,NONE;SPORT UTILITY,PASSENGER CAR;SPORT UTILITY,PASSENGER CAR;SPORT UTILITY,PASSENGER CAR;SPORT UTILITY,PASSENGER CAR