tamainid;location_description;rdfeature;rdcharacter;rdclass;rdconfigur;rdsurface;rdcondition;lightcond;weather;trafcontrl;lat;lon;lon2;lat2;tract;zone;fatality;possblinj;numpassengers;numpedestrians;contrcir1_desc;contrcir2_desc;contrcir3_desc;contrcir4_desc;vehicle1;vehicle2;vehicle3;vehicle4;vehicle5;workarea;records;ta_date;ta_time;crash_date;geo_location;year;fatalities;injuries;month;contrfact1;contrfact2;contributing_factor;vehicleconcat1;vehicleconcat2;vehicleconcat3;vehicle_type
22170;200 FEET FROM SR 3977 (NW CARY PKWY);NO SPECIAL FEATURE;STRAIGHT,LEVEL;STATE SECONDARY ROUTE;TWO-WAY,DIVIDED,UNPROTECTED MEDIAN;SMOOTH ASPHALT;WET;DAYLIGHT;RAIN;NO CONTROL PRESENT;35.780158996;-78.86499367;-78.8279;35.7896;P013;117;0;0;;;NONE;;COMING FROM BEHIND PARKED VEHICLE;;PASSENGER CAR;SPORT UTILITY;;;;NO;1551;2016-05-05;3:21:48 PM;2016-05-05T19:21:48+00:00;35.780158996, -78.86499367;2016;No;No;5;NONE;NONE,COMING FROM BEHIND PARKED VEHICLE;NONE,COMING FROM BEHIND PARKED VEHICLE;PASSENGER CAR,SPORT UTILITY;PASSENGER CAR,SPORT UTILITY;PASSENGER CAR,SPORT UTILITY;PASSENGER CAR,SPORT UTILITY
22172;272 FEET FROM SR 1625 (GREEN LEVEL CHURCH RD;NO SPECIAL FEATURE;STRAIGHT,GRADE;STATE SECONDARY ROUTE;TWO-WAY,NOT DIVIDED;SMOOTH ASPHALT;DRY;DARK - LIGHTED ROADWAY;CLEAR;NO CONTROL PRESENT;;;-78.899503;35.83378;;;0;0;2;;NONE;;NONE;;PASSENGER CAR;;;;;NO;1553;2016-05-06;12:53 AM;2016-05-06T04:53:00+00:00;;2016;No;No;5;NONE;NONE,NONE;NONE,NONE;PASSENGER CAR;PASSENGER CAR;PASSENGER CAR;PASSENGER CAR
22176;100 FEET FROM 4300 NW CARY PKWY;NO SPECIAL FEATURE;STRAIGHT,LEVEL;PUBLIC VEHICULAR AREA;TWO-WAY,NOT DIVIDED;SMOOTH ASPHALT;DRY;DAYLIGHT;CLEAR;NO CONTROL PRESENT;;;-78.8288;35.7906;;;0;0;;;NONE;;NONE;;PASSENGER CAR;PASSENGER CAR;;;;NO;1557;2016-05-06;12:55 PM;2016-05-06T16:55:00+00:00;;2016;No;No;5;NONE;NONE,NONE;NONE,NONE;PASSENGER CAR,PASSENGER CAR;PASSENGER CAR,PASSENGER CAR;PASSENGER CAR,PASSENGER CAR;PASSENGER CAR,PASSENGER CAR
22177;30 FEET FROM US 1 SOUTH HWY OFF RAMP;ON-RAMP TERMINAL ON CROSSROAD;STRAIGHT,LEVEL;US ROUTE;ONE-WAY,NOT DIVIDED;SMOOTH ASPHALT;DRY;DAYLIGHT;CLEAR;STOP AND GO SIGNAL;35.737325471;-78.79285877;-78.7946;35.7379;P042;115;0;0;1;;;;NONE;;PASSENGER CAR;SPORT UTILITY;;;;NO;1558;2016-05-07;7:08:16 AM;2016-05-07T11:08:16+00:00;35.737325471, -78.79285877;2016;No;No;5;;NONE;NONE;PASSENGER CAR,SPORT UTILITY;PASSENGER CAR,SPORT UTILITY;PASSENGER CAR,SPORT UTILITY;PASSENGER CAR,SPORT UTILITY
22179;.10 MILES FROM US HWY 1;NO SPECIAL FEATURE;STRAIGHT,LEVEL;US ROUTE;TWO-WAY,DIVIDED,POSITIVE MEDIAN BARRIER;GROOVED CONCRETE;DRY;DAYLIGHT;CLEAR;NO CONTROL PRESENT;;;-78.7737;35.7477;;;0;0;;;;;NONE;;SPORT UTILITY;SPORT UTILITY;;;;NO;1560;2016-05-09;8:15:59 AM;2016-05-09T12:15:59+00:00;;2016;No;No;5;;NONE;NONE;SPORT UTILITY,SPORT UTILITY;SPORT UTILITY,SPORT UTILITY;SPORT UTILITY,SPORT UTILITY;SPORT UTILITY,SPORT UTILITY
22183;50 FEET FROM 411 COLONADES WAY;DRIVEWAY, PUBLIC;STRAIGHT,LEVEL;PUBLIC VEHICULAR AREA;TWO-WAY,NOT DIVIDED;SMOOTH ASPHALT;DRY;DAYLIGHT;CLEAR;NO CONTROL PRESENT;35.740641705;-78.77693368;-78.7771;35.7405;P053;116;0;0;;;;;NONE;;SPORT UTILITY;;;;;NO;1564;2016-05-09;7:52:27 AM;2016-05-09T11:52:27+00:00;35.740641705, -78.77693368;2016;No;No;5;;NONE;NONE;SPORT UTILITY;SPORT UTILITY;SPORT UTILITY;SPORT UTILITY
22205;025 MILES FROM US 1 HWY;OFF-RAMP PROPER;STRAIGHT,LEVEL;US ROUTE;TWO-WAY,DIVIDED,POSITIVE MEDIAN BARRIER;SMOOTH ASPHALT;DRY;DAYLIGHT;CLOUDY;NO CONTROL PRESENT;35.736701222;-78.78832394;-78.7974;35.735;P042;115;0;1;;;;;NONE;;PASSENGER CAR;;;;;NO;1586;2016-05-11;8:21:17 AM;2016-05-11T12:21:17+00:00;35.736701222, -78.78832394;2016;No;Yes;5;;NONE;NONE;PASSENGER CAR;PASSENGER CAR;PASSENGER CAR;PASSENGER CAR
22211;85 FEET FROM [SR1010]TEN TEN RD;NO SPECIAL FEATURE;STRAIGHT,LEVEL;LOCAL STREET;TWO-WAY,NOT DIVIDED;SMOOTH ASPHALT;DRY;DAYLIGHT;CLEAR;NO CONTROL PRESENT;;;-78.777;35.6891;;;0;1;;;NONE;;NONE;;PICKUP;PASSENGER CAR;;;;NO;1592;2016-05-11;6:52:17 PM;2016-05-11T22:52:17+00:00;;2016;No;Yes;5;NONE;NONE,NONE;NONE,NONE;PICKUP,PASSENGER CAR;PICKUP,PASSENGER CAR;PICKUP,PASSENGER CAR;PICKUP,PASSENGER CAR
22217;CARY;NO SPECIAL FEATURE;STRAIGHT,GRADE;LOCAL STREET;TWO-WAY,NOT DIVIDED;SMOOTH ASPHALT;DRY;DAYLIGHT;CLEAR;NO CONTROL PRESENT;;;-78.76612;35.755389;;;0;0;3;;NONE;;NONE;;PASSENGER CAR;PASSENGER CAR;;;;NO;1597;2016-05-12;8:05:12 AM;2016-05-12T12:05:12+00:00;;2016;No;No;5;NONE;NONE,NONE;NONE,NONE;PASSENGER CAR,PASSENGER CAR;PASSENGER CAR,PASSENGER CAR;PASSENGER CAR,PASSENGER CAR;PASSENGER CAR,PASSENGER CAR
22230;378 FEET FROM SR#1615 (HIGH HOUSE RD);;;;;;;;;;;;-78.8449;35.7922;;;0;0;;;;;;;;;;;;;1610;2016-05-04;1:23:00 PM;2016-05-04T17:23:00+00:00;;2016;No;No;5;;;;;;;
22235;100 FEET FROM P.V.A. (10140 GREEN LEVEL CHUR;DRIVEWAY, PUBLIC;STRAIGHT,LEVEL;PUBLIC VEHICULAR AREA;TWO-WAY,NOT DIVIDED;SMOOTH ASPHALT;DRY;DAYLIGHT;CLEAR;NO CONTROL PRESENT;35.769091045;-78.86035592;-78.9013;35.8211;P071;117;0;0;;;NONE;;NONE;;PASSENGER CAR;SPORT UTILITY;;;;NO;1615;2016-05-14;1:38:17 PM;2016-05-14T17:38:17+00:00;35.769091045, -78.86035592;2016;No;No;5;NONE;NONE,NONE;NONE,NONE;PASSENGER CAR,SPORT UTILITY;PASSENGER CAR,SPORT UTILITY;PASSENGER CAR,SPORT UTILITY;PASSENGER CAR,SPORT UTILITY
22246;200 FEET FROM SR-1415 (SW MAYNARD RD);NO SPECIAL FEATURE;STRAIGHT,LEVEL;STATE SECONDARY ROUTE;TWO-WAY,NOT DIVIDED;SMOOTH ASPHALT;DRY;DAYLIGHT;CLEAR;NO CONTROL PRESENT;;;-78.7906;35.7716;;;0;0;1;;NONE;;NONE;;PASSENGER CAR;PASSENGER CAR;;;;NO;1626;2016-05-14;10:46 AM;2016-05-14T14:46:00+00:00;;2016;No;No;5;NONE;NONE,NONE;NONE,NONE;PASSENGER CAR,PASSENGER CAR;PASSENGER CAR,PASSENGER CAR;PASSENGER CAR,PASSENGER CAR;PASSENGER CAR,PASSENGER CAR
22256;.10 MILES FROM PVA OF 2080 KILDAIRE FARM RD;DRIVEWAY, PUBLIC;STRAIGHT,LEVEL;PUBLIC VEHICULAR AREA;TWO-WAY,NOT DIVIDED;SMOOTH ASPHALT;DRY;DAYLIGHT;CLOUDY;NO CONTROL PRESENT;35.735538926;-78.7806539;-78.7799;35.7358;P053;116;0;0;;;NONE;;NONE;;SPORT UTILITY;PASSENGER CAR;;;;NO;1636;2016-05-13;1:16:25 PM;2016-05-13T17:16:25+00:00;35.735538926, -78.7806539;2016;No;No;5;NONE;NONE,NONE;NONE,NONE;SPORT UTILITY,PASSENGER CAR;SPORT UTILITY,PASSENGER CAR;SPORT UTILITY,PASSENGER CAR;SPORT UTILITY,PASSENGER CAR
22260;.1 MILES FROM SR-1497 (CARY TOWNE BLVD);NO SPECIAL FEATURE;STRAIGHT,LEVEL;STATE SECONDARY ROUTE;TWO-WAY,DIVIDED,UNPROTECTED MEDIAN;SMOOTH ASPHALT;DRY;DAYLIGHT;CLOUDY;NO CONTROL PRESENT;;;-78.770771;35.7757734;;;0;4;3;;NONE;;NONE;;SPORT UTILITY;PASSENGER CAR;;;;NO;1640;2016-05-14;5:41:09 PM;2016-05-14T21:41:09+00:00;;2016;No;Yes;5;NONE;NONE,NONE;NONE,NONE;SPORT UTILITY,PASSENGER CAR;SPORT UTILITY,PASSENGER CAR;SPORT UTILITY,PASSENGER CAR;SPORT UTILITY,PASSENGER CAR
22266;200 FEET FROM SR 1009 (TRYON RD.;T-INTERSECTION;STRAIGHT,HILLCREST;STATE SECONDARY ROUTE;TWO-WAY,DIVIDED,UNPROTECTED MEDIAN;SMOOTH ASPHALT;DRY;DAYLIGHT;CLEAR;STOP SIGN;;;-78.7656;35.7425;;;0;0;;;NONE;;NONE;;PASSENGER CAR;VAN;;;;NO;1646;2016-05-16;10:01 AM;2016-05-16T14:01:00+00:00;;2016;No;No;5;NONE;NONE,NONE;NONE,NONE;PASSENGER CAR,VAN;PASSENGER CAR,VAN;PASSENGER CAR,VAN;PASSENGER CAR,VAN
22267;CARY;FOUR-WAY INTERSECTION;STRAIGHT,LEVEL;STATE SECONDARY ROUTE;TWO-WAY,DIVIDED,UNPROTECTED MEDIAN;SMOOTH ASPHALT;DRY;DAYLIGHT;CLEAR;STOP SIGN;35.73482968;-78.77862483;-78.7781;35.7349;P047;118;0;0;1;;NONE;;NONE;;PASSENGER CAR;VAN;;;;NO;1647;2016-05-16;1:05:08 PM;2016-05-16T17:05:08+00:00;35.73482968, -78.77862483;2016;No;No;5;NONE;NONE,NONE;NONE,NONE;PASSENGER CAR,VAN;PASSENGER CAR,VAN;PASSENGER CAR,VAN;PASSENGER CAR,VAN
22270;CARY;;;;;;;;;;;;;;;;0;0;;;;;;;;;;;;;1650;2016-04-11;12:31 AM;2016-04-11T04:31:00+00:00;;2016;No;No;4;;;;;;;
22277;CARY;NO SPECIAL FEATURE;STRAIGHT,LEVEL;STATE SECONDARY ROUTE;TWO-WAY,DIVIDED,POSITIVE MEDIAN BARRIER;SMOOTH ASPHALT;DRY;DAYLIGHT;CLEAR;FLASHING STOP AND GO SIGNAL;;;-78.828773;35.789049;;;0;0;;;NONE;;NONE;;PASSENGER CAR;PASSENGER CAR;;;;NO;1657;2016-05-16;8:07:03 PM;2016-05-17T00:07:03+00:00;;2016;No;No;5;NONE;NONE,NONE;NONE,NONE;PASSENGER CAR,PASSENGER CAR;PASSENGER CAR,PASSENGER CAR;PASSENGER CAR,PASSENGER CAR;PASSENGER CAR,PASSENGER CAR
22282;20 FEET FROM GREEN LEVEL CHURCH RD 1600;NO SPECIAL FEATURE;STRAIGHT,LEVEL;STATE SECONDARY ROUTE;TWO-WAY,DIVIDED,UNPROTECTED MEDIAN;CONCRETE;DRY;DARK - LIGHTED ROADWAY;CLEAR;NO CONTROL PRESENT;35.801411773;-78.90145063;-78.90149;35.801336;P015;122;0;0;;;NONE;;NONE;;PASSENGER CAR;;;;;NO;1662;2016-05-16;1:34:38 PM;2016-05-16T17:34:38+00:00;35.801411773, -78.90145063;2016;No;No;5;NONE;NONE,NONE;NONE,NONE;PASSENGER CAR;PASSENGER CAR;PASSENGER CAR;PASSENGER CAR
22292;210 FEET FROM P.V.A. (LEXINGTON CT);NO SPECIAL FEATURE;CURVE,LEVEL;PUBLIC VEHICULAR AREA;TWO-WAY,NOT DIVIDED;SMOOTH ASPHALT;WET;DAYLIGHT;CLOUDY;NO CONTROL PRESENT;;;-78.7729;35.7898;;120;0;0;;;NONE;;NONE;;PASSENGER CAR;;;;;NO;1672;2016-05-17;6:58:49 PM;2016-05-17T22:58:49+00:00;;2016;No;No;5;NONE;NONE,NONE;NONE,NONE;PASSENGER CAR;PASSENGER CAR;PASSENGER CAR;PASSENGER CAR
22296;75 FEET FROM RP 1300 (KILDAIRE FARM RD);NO SPECIAL FEATURE;STRAIGHT,LEVEL;STATE SECONDARY ROUTE;TWO-WAY,DIVIDED,UNPROTECTED MEDIAN;SMOOTH ASPHALT;DRY;DAYLIGHT;CLEAR;NO CONTROL PRESENT;;;-78.7829;35.7504;;115;0;0;3;;NONE;;NONE;;SINGLE UNIT TRUCK (2-AXLE- 6-TIRE);SPORT UTILITY;SPORT UTILITY;SPORT UTILITY;;NO;1676;2016-05-13;1:41:48 PM;2016-05-13T17:41:48+00:00;;2016;No;No;5;NONE;NONE,NONE;NONE,NONE;SINGLE UNIT TRUCK (2-AXLE- 6-TIRE),SPORT UTILITY;SINGLE UNIT TRUCK (2-AXLE- 6-TIRE),SPORT UTILITY,SPORT UTILITY;SINGLE UNIT TRUCK (2-AXLE- 6-TIRE),SPORT UTILITY,SPORT UTILITY,SPORT UTILITY;SINGLE UNIT TRUCK (2-AXLE- 6-TIRE),SPORT UTILITY,SPORT UTILITY,SPORT UTILITY
22297;.15 MILES FROM US 1 HWY N;NO SPECIAL FEATURE;STRAIGHT,LEVEL;US ROUTE;TWO-WAY,DIVIDED,POSITIVE MEDIAN BARRIER;SMOOTH ASPHALT;DRY;DAYLIGHT;CLEAR;NO CONTROL PRESENT;35.802110944;-78.88102863;-78.7573;35.7558;P072;122;0;0;1;;;;NONE;;SPORT UTILITY;;;;;NO;1677;2016-05-12;3:27:34 PM;2016-05-12T19:27:34+00:00;35.802110944, -78.88102863;2016;No;No;5;;NONE;NONE;SPORT UTILITY;SPORT UTILITY;SPORT UTILITY;SPORT UTILITY
22301;CARY;FOUR-WAY INTERSECTION;STRAIGHT,LEVEL;STATE SECONDARY ROUTE;TWO-WAY,DIVIDED,UNPROTECTED MEDIAN;COARSE ASPHALT;WET;DAYLIGHT;RAIN;STOP AND GO SIGNAL;;;-78.839733;35.7804977;;;0;0;5;;NONE;;NONE;;VAN;SPORT UTILITY;;;;NO;1681;2016-05-17;2:24:14 PM;2016-05-17T18:24:14+00:00;;2016;No;No;5;NONE;NONE,NONE;NONE,NONE;VAN,SPORT UTILITY;VAN,SPORT UTILITY;VAN,SPORT UTILITY;VAN,SPORT UTILITY
22306;20 FEET FROM SR 1652  (N HARRISON AV);FOUR-WAY INTERSECTION;STRAIGHT,GRADE;STATE SECONDARY ROUTE;TWO-WAY,NOT DIVIDED;SMOOTH ASPHALT;WET;DAYLIGHT;CLOUDY;STOP SIGN;;;-78.785442;35.7907889;;;0;0;1;;NONE;;NONE;;SPORT UTILITY;PICKUP;;;;NO;1686;2016-05-18;10:08 PM;2016-05-19T02:08:00+00:00;;2016;No;No;5;NONE;NONE,NONE;NONE,NONE;SPORT UTILITY,PICKUP;SPORT UTILITY,PICKUP;SPORT UTILITY,PICKUP;SPORT UTILITY,PICKUP
22307;.1 MILES FROM NC 55 HWY;RELATED TO INTERSECTION;STRAIGHT,LEVEL;NC ROUTE;TWO-WAY,DIVIDED,UNPROTECTED MEDIAN;SMOOTH ASPHALT;WET;DAYLIGHT;RAIN;STOP AND GO SIGNAL;35.825371371;-78.87530393;-78.8751;35.8261;;;0;1;;;NONE;;NONE;;PASSENGER CAR;PASSENGER CAR;;;;NO;1687;2016-05-17;5:31:29 PM;2016-05-17T21:31:29+00:00;35.825371371, -78.87530393;2016;No;Yes;5;NONE;NONE,NONE;NONE,NONE;PASSENGER CAR,PASSENGER CAR;PASSENGER CAR,PASSENGER CAR;PASSENGER CAR,PASSENGER CAR;PASSENGER CAR,PASSENGER CAR
22311;NEAR .12 MILES SW OF SW SR 1152 (HOLLY SPRINGS RD);NO SPECIAL FEATURE;STRAIGHT,LEVEL;STATE SECONDARY ROUTE;TWO-WAY,NOT DIVIDED;SMOOTH ASPHALT;DRY;DARK - ROADWAY NOT LIGHTED;CLEAR;NO CONTROL PRESENT;;;-78.742433;35.741315;;;0;0;;;NONE;;NONE;;PASSENGER CAR;;;;;NO;1691;2016-05-18;12:43 AM;2016-05-18T04:43:00+00:00;;2016;No;No;5;NONE;NONE,NONE;NONE,NONE;PASSENGER CAR;PASSENGER CAR;PASSENGER CAR;PASSENGER CAR
22323;60 FEET FROM SR 3112 (NW CARY PKWY);NO SPECIAL FEATURE;CURVE,LEVEL;STATE SECONDARY ROUTE;TWO-WAY,DIVIDED,UNPROTECTED MEDIAN;SMOOTH ASPHALT;DRY;DAYLIGHT;CLOUDY;NO CONTROL PRESENT;35.791722411;-78.82316159;-78.8228;35.7918;P067;121;0;0;1;;NONE;;NONE;;PASSENGER CAR;SPORT UTILITY;;;;NO;1703;2016-05-20;5:42:11 PM;2016-05-20T21:42:11+00:00;35.791722411, -78.82316159;2016;No;No;5;NONE;NONE,NONE;NONE,NONE;PASSENGER CAR,SPORT UTILITY;PASSENGER CAR,SPORT UTILITY;PASSENGER CAR,SPORT UTILITY;PASSENGER CAR,SPORT UTILITY
22327;.28 MILES FROM US 1 EXIT 98 RAMP SB;OFF-RAMP PROPER;CURVE,GRADE;STATE SECONDARY ROUTE;ONE-WAY,NOT DIVIDED;SMOOTH ASPHALT;DRY;DAYLIGHT;CLOUDY;STOP AND GO SIGNAL;35.739288861;-78.78940012;-78.7946;35.738;P042;115;0;0;1;;NONE;;NONE;;PASSENGER CAR;PASSENGER CAR;;;;NO;1707;2016-05-21;1:34:23 PM;2016-05-21T17:34:23+00:00;35.739288861, -78.78940012;2016;No;No;5;NONE;NONE,NONE;NONE,NONE;PASSENGER CAR,PASSENGER CAR;PASSENGER CAR,PASSENGER CAR;PASSENGER CAR,PASSENGER CAR;PASSENGER CAR,PASSENGER CAR
22330;45 FEET FROM SR 1415 (SE MAYNARD RD);NO SPECIAL FEATURE;STRAIGHT,LEVEL;STATE SECONDARY ROUTE;TWO-WAY,NOT DIVIDED;SMOOTH ASPHALT;DRY;DAYLIGHT;CLOUDY;NO CONTROL PRESENT;;;-78.764;35.7764;;120;0;1;3;;NONE;;NONE;;PASSENGER CAR;SPORT UTILITY;;;;NO;1710;2016-05-20;2:35:22 PM;2016-05-20T18:35:22+00:00;;2016;No;Yes;5;NONE;NONE,NONE;NONE,NONE;PASSENGER CAR,SPORT UTILITY;PASSENGER CAR,SPORT UTILITY;PASSENGER CAR,SPORT UTILITY;PASSENGER CAR,SPORT UTILITY
22338;.2 MILES FROM FINNBAR DR;NO SPECIAL FEATURE;STRAIGHT,LEVEL;LOCAL STREET;TWO-WAY,NOT DIVIDED;SMOOTH ASPHALT;DRY;DARK - LIGHTED ROADWAY;CLOUDY;NO CONTROL PRESENT;;;-78.9081;35.8281;;;0;0;2;;;;NONE;;SPORT UTILITY;PASSENGER CAR;;;;NO;1718;2016-05-22;1:27:54 PM;2016-05-22T17:27:54+00:00;;2016;No;No;5;;NONE;NONE;SPORT UTILITY,PASSENGER CAR;SPORT UTILITY,PASSENGER CAR;SPORT UTILITY,PASSENGER CAR;SPORT UTILITY,PASSENGER CAR
22340;154 FEET FROM CROSSROADS MANOR CT;T-INTERSECTION;STRAIGHT,LEVEL;LOCAL STREET;TWO-WAY,NOT DIVIDED;SMOOTH ASPHALT;DRY;DARK - LIGHTED ROADWAY;CLEAR;STOP SIGN;35.750345891;-78.7434037;-78.745584;35.7503615;P046;118;0;0;;;;;NONE;;SPORT UTILITY;;;;;NO;1720;2016-05-22;1:32:43 AM;2016-05-22T05:32:43+00:00;35.750345891, -78.7434037;2016;No;No;5;;NONE;NONE;SPORT UTILITY;SPORT UTILITY;SPORT UTILITY;SPORT UTILITY
22341;300 FEET FROM WINDY PEAK LOOP;NO SPECIAL FEATURE;STRAIGHT,LEVEL;LOCAL STREET;TWO-WAY,NOT DIVIDED;SMOOTH ASPHALT;DRY;DAYLIGHT;CLEAR;NO CONTROL PRESENT;35.843832002;-78.90632174;-78.907003;35.843435;P074;119;0;0;;;NONE;;NONE;;PASSENGER CAR;PASSENGER CAR;;;;NO;1721;2016-05-13;7:42:33 PM;2016-05-13T23:42:33+00:00;35.843832002, -78.90632174;2016;No;No;5;NONE;NONE,NONE;NONE,NONE;PASSENGER CAR,PASSENGER CAR;PASSENGER CAR,PASSENGER CAR;PASSENGER CAR,PASSENGER CAR;PASSENGER CAR,PASSENGER CAR
22343;127 FEET FROM US 1 SB ON RAMP;ON-RAMP ENTRY;STRAIGHT,LEVEL;US ROUTE;ONE-WAY,NOT DIVIDED;SMOOTH ASPHALT;WATER (STANDING, MOVING);DAYLIGHT;RAIN;NO CONTROL PRESENT;;;-78.749232;35.763618;;;0;0;;;NONE;;NONE;;PICKUP;;;;;NO;1723;2016-05-19;8:59:30 AM;2016-05-19T12:59:30+00:00;;2016;No;No;5;NONE;NONE,NONE;NONE,NONE;PICKUP;PICKUP;PICKUP;PICKUP
22348;243 FEET FROM SR-1300 (KILDAIRE FARM RD);NO SPECIAL FEATURE;STRAIGHT,GRADE;STATE SECONDARY ROUTE;TWO-WAY,DIVIDED,UNPROTECTED MEDIAN;SMOOTH ASPHALT;WET;DARK - LIGHTED ROADWAY;CLEAR;NO CONTROL PRESENT;;;-78.7769;35.7299;;;0;0;2;;;;NONE;;SPORT UTILITY;;;;;NO;1728;2016-05-21;9:45:56 PM;2016-05-22T01:45:56+00:00;;2016;No;No;5;;NONE;NONE;SPORT UTILITY;SPORT UTILITY;SPORT UTILITY;SPORT UTILITY
22351;CARY;FOUR-WAY INTERSECTION;STRAIGHT,LEVEL;STATE SECONDARY ROUTE;TWO-WAY,NOT DIVIDED;SMOOTH ASPHALT;DRY;DAYLIGHT;CLOUDY;STOP AND GO SIGNAL;35.952864691;-78.6291588;-78.8002;35.816;P119;RALW;0;0;;;NONE;;NONE;;SPORT UTILITY;PASSENGER CAR;;;;NO;1731;2016-05-21;7:44:51 AM;2016-05-21T11:44:51+00:00;35.952864691, -78.6291588;2016;No;No;5;NONE;NONE,NONE;NONE,NONE;SPORT UTILITY,PASSENGER CAR;SPORT UTILITY,PASSENGER CAR;SPORT UTILITY,PASSENGER CAR;SPORT UTILITY,PASSENGER CAR
22357;370 FEET FROM BARGATE DR;NO SPECIAL FEATURE;STRAIGHT,LEVEL;PUBLIC VEHICULAR AREA;TWO-WAY,NOT DIVIDED;SMOOTH ASPHALT;WET;DAYLIGHT;CLOUDY;NO CONTROL PRESENT;35.764686888;-78.78860254;-78.7896;35.7655;P039;115;0;0;;;NONE;;NONE;;PASSENGER CAR;PASSENGER CAR;;;;NO;1737;2016-05-22;3:17:16 PM;2016-05-22T19:17:16+00:00;35.764686888, -78.78860254;2016;No;No;5;NONE;NONE,NONE;NONE,NONE;PASSENGER CAR,PASSENGER CAR;PASSENGER CAR,PASSENGER CAR;PASSENGER CAR,PASSENGER CAR;PASSENGER CAR,PASSENGER CAR
22362;CARY;NO SPECIAL FEATURE;STRAIGHT,LEVEL;STATE SECONDARY ROUTE;TWO-WAY,DIVIDED,UNPROTECTED MEDIAN;COARSE ASPHALT;DRY;DAYLIGHT;CLOUDY;STOP AND GO SIGNAL;;;-78.7407;35.7441;;;0;0;;;NONE;;NONE;;PASSENGER CAR;PASSENGER CAR;;;;NO;1742;2016-05-23;1:31:14 PM;2016-05-23T17:31:14+00:00;;2016;No;No;5;NONE;NONE,NONE;NONE,NONE;PASSENGER CAR,PASSENGER CAR;PASSENGER CAR,PASSENGER CAR;PASSENGER CAR,PASSENGER CAR;PASSENGER CAR,PASSENGER CAR
22366;70 FEET FROM PVA 2010 KILDAIRE FARM RD;NO SPECIAL FEATURE;STRAIGHT,LEVEL;PUBLIC VEHICULAR AREA;TWO-WAY,NOT DIVIDED;SMOOTH ASPHALT;DRY;DAYLIGHT;CLEAR;NO CONTROL PRESENT;;;-78.7823;35.738;;;0;0;;;NONE;;NONE;;PASSENGER CAR;PASSENGER CAR;;;;NO;1746;2016-05-23;4:20:44 PM;2016-05-23T20:20:44+00:00;;2016;No;No;5;NONE;NONE,NONE;NONE,NONE;PASSENGER CAR,PASSENGER CAR;PASSENGER CAR,PASSENGER CAR;PASSENGER CAR,PASSENGER CAR;PASSENGER CAR,PASSENGER CAR
22370;.12 MILES FROM PVA 6770 MCCRIMMON PKWY;NO SPECIAL FEATURE;STRAIGHT,LEVEL;PUBLIC VEHICULAR AREA;TWO-WAY,NOT DIVIDED;SMOOTH ASPHALT;WET;DAYLIGHT;RAIN;NO CONTROL PRESENT;;;-78.890021;35.829351;;;0;0;;;NONE;;NONE;;PASSENGER CAR;SPORT UTILITY;;;;NO;1750;2016-05-19;4:04:42 PM;2016-05-19T20:04:42+00:00;;2016;No;No;5;NONE;NONE,NONE;NONE,NONE;PASSENGER CAR,SPORT UTILITY;PASSENGER CAR,SPORT UTILITY;PASSENGER CAR,SPORT UTILITY;PASSENGER CAR,SPORT UTILITY
22374;325 FEET FROM HIGH HOUSE RD 1006;NO SPECIAL FEATURE;STRAIGHT,LEVEL;STATE SECONDARY ROUTE;TWO-WAY,DIVIDED,UNPROTECTED MEDIAN;CONCRETE;DRY;DAYLIGHT;CLEAR;NO CONTROL PRESENT;35.790025631;-78.85048905;-78.84945;35.79039;P017;121;0;0;;;NONE;;NONE;;PASSENGER CAR;PASSENGER CAR;;;;MAINTENANCE WORK AREA;1754;2016-05-24;12:00 PM;2016-05-24T16:00:00+00:00;35.790025631, -78.85048905;2016;No;No;5;NONE;NONE,NONE;NONE,NONE;PASSENGER CAR,PASSENGER CAR;PASSENGER CAR,PASSENGER CAR;PASSENGER CAR,PASSENGER CAR;PASSENGER CAR,PASSENGER CAR
22380;CARY;NO SPECIAL FEATURE;STRAIGHT,LEVEL;PUBLIC VEHICULAR AREA;ONE-WAY,NOT DIVIDED;SMOOTH ASPHALT;DRY;DAYLIGHT;CLEAR;NO CONTROL PRESENT;;;-78.7419;35.76;;;0;0;;;NONE;;NONE;;PASSENGER CAR;PASSENGER CAR;;;;NO;1760;2016-05-24;1:21:00 PM;2016-05-24T17:21:00+00:00;;2016;No;No;5;NONE;NONE,NONE;NONE,NONE;PASSENGER CAR,PASSENGER CAR;PASSENGER CAR,PASSENGER CAR;PASSENGER CAR,PASSENGER CAR;PASSENGER CAR,PASSENGER CAR
22383;50 FEET FROM S.R. 1315 (BUCK JONES RD);RELATED TO INTERSECTION;STRAIGHT,LEVEL;STATE SECONDARY ROUTE;TWO-WAY,DIVIDED,POSITIVE MEDIAN BARRIER;SMOOTH ASPHALT;DRY;DARK - LIGHTED ROADWAY;CLEAR;STOP AND GO SIGNAL;;;-78.7452;35.7632;;;0;0;1;;NONE;;NONE;;SPORT UTILITY;PASSENGER CAR;;;;NO;1763;2016-05-24;8:55:22 PM;2016-05-25T00:55:22+00:00;;2016;No;No;5;NONE;NONE,NONE;NONE,NONE;SPORT UTILITY,PASSENGER CAR;SPORT UTILITY,PASSENGER CAR;SPORT UTILITY,PASSENGER CAR;SPORT UTILITY,PASSENGER CAR