tamainid;location_description;rdfeature;rdcharacter;rdclass;rdconfigur;rdsurface;rdcondition;lightcond;weather;trafcontrl;lat;lon;lon2;lat2;tract;zone;fatality;possblinj;numpassengers;numpedestrians;contrcir1_desc;contrcir2_desc;contrcir3_desc;contrcir4_desc;vehicle1;vehicle2;vehicle3;vehicle4;vehicle5;workarea;records;ta_date;ta_time;crash_date;geo_location;year;fatalities;injuries;month;contrfact1;contrfact2;contributing_factor;vehicleconcat1;vehicleconcat2;vehicleconcat3;vehicle_type
23090;9 FEET FROM SR-1423 PINEY PLAINS RD;RELATED TO INTERSECTION;STRAIGHT,LEVEL;STATE SECONDARY ROUTE;TWO-WAY,NOT DIVIDED;SMOOTH ASPHALT;DRY;DAYLIGHT;CLEAR;STOP AND GO SIGNAL;35.748583041;-78.75333827;-78.7562;35.7456;P004;118;0;0;;;NONE;;NONE;;PASSENGER CAR;SPORT UTILITY;;;;NO;2468;2016-07-21;4:33:58 PM;2016-07-21T20:33:58+00:00;35.748583041, -78.75333827;2016;No;No;7;NONE;NONE,NONE;NONE,NONE;PASSENGER CAR,SPORT UTILITY;PASSENGER CAR,SPORT UTILITY;PASSENGER CAR,SPORT UTILITY;PASSENGER CAR,SPORT UTILITY
23096;103 FEET FROM SR 3977 (CARY PARKWAY);T-INTERSECTION;STRAIGHT,LEVEL;STATE SECONDARY ROUTE;TWO-WAY,DIVIDED,UNPROTECTED MEDIAN;SMOOTH ASPHALT;DRY;DAYLIGHT;CLEAR;STOP SIGN;35.768127861;-78.83014346;-78.830026;35.767851;P009;117;0;0;;;NONE;;NONE;;PASSENGER CAR;SPORT UTILITY;PASSENGER CAR;;;NO;2474;2016-07-19;7:58:19 AM;2016-07-19T11:58:19+00:00;35.768127861, -78.83014346;2016;No;No;7;NONE;NONE,NONE;NONE,NONE;PASSENGER CAR,SPORT UTILITY;PASSENGER CAR,SPORT UTILITY,PASSENGER CAR;PASSENGER CAR,SPORT UTILITY,PASSENGER CAR;PASSENGER CAR,SPORT UTILITY,PASSENGER CAR
23104;.2 MILES FROM KEYTHORPE LN;NO SPECIAL FEATURE;CURVE,LEVEL;LOCAL STREET;TWO-WAY,NOT DIVIDED;SMOOTH ASPHALT;DRY;DAYLIGHT;CLEAR;NO CONTROL PRESENT;35.817322288;-78.92313709;-78.9245;35.8175;P123;119;0;0;;;NONE;;NONE;;LIGHT TRUCK (MINI-VAN- PANEL);;;;;CONSTRUCTION WORK AREA;2482;2016-07-20;11:19 AM;2016-07-20T15:19:00+00:00;35.817322288, -78.92313709;2016;No;No;7;NONE;NONE,NONE;NONE,NONE;LIGHT TRUCK (MINI-VAN- PANEL);LIGHT TRUCK (MINI-VAN- PANEL);LIGHT TRUCK (MINI-VAN- PANEL);LIGHT TRUCK (MINI-VAN- PANEL)
23105;499 FEET FROM PVA (575 NEW WAVERLY PL);DRIVEWAY, PUBLIC;STRAIGHT,HILLCREST;PUBLIC VEHICULAR AREA;TWO-WAY,NOT DIVIDED;SMOOTH ASPHALT;DRY;DAYLIGHT;CLEAR;NO CONTROL PRESENT;35.869215449;-78.47363913;-78.778;35.737;P119;RALW;0;0;;;;;NONE;;PASSENGER CAR;SPORT UTILITY;;;;NO;2483;2016-07-21;12:31 PM;2016-07-21T16:31:00+00:00;35.869215449, -78.47363913;2016;No;No;7;;NONE;NONE;PASSENGER CAR,SPORT UTILITY;PASSENGER CAR,SPORT UTILITY;PASSENGER CAR,SPORT UTILITY;PASSENGER CAR,SPORT UTILITY
23127;CARY;T-INTERSECTION;STRAIGHT,LEVEL;LOCAL STREET;TWO-WAY,NOT DIVIDED;SMOOTH ASPHALT;DRY;UNKNOWN;CLEAR;STOP SIGN;35.793743287;-78.77359935;-78.773787;35.7938;P033;113;0;0;;;NONE;;NONE;;PASSENGER CAR;PASSENGER CAR;;;;NO;2505;2016-07-22;11:29 AM;2016-07-22T15:29:00+00:00;35.793743287, -78.77359935;2016;No;No;7;NONE;NONE,NONE;NONE,NONE;PASSENGER CAR,PASSENGER CAR;PASSENGER CAR,PASSENGER CAR;PASSENGER CAR,PASSENGER CAR;PASSENGER CAR,PASSENGER CAR
23129;.3 MILES FROM 7129 OKELLY CHAPEL RD;NO SPECIAL FEATURE;STRAIGHT,LEVEL;PUBLIC VEHICULAR AREA;TWO-WAY,NOT DIVIDED;SMOOTH ASPHALT;DRY;DAYLIGHT;CLEAR;NO CONTROL PRESENT;35.845768237;-78.89077828;-78.8861;35.8445;P091;WAKE;0;0;;;NONE;;NONE;;PASSENGER CAR;PASSENGER CAR;;;;NO;2507;2016-07-24;2:36:07 PM;2016-07-24T18:36:07+00:00;35.845768237, -78.89077828;2016;No;No;7;NONE;NONE,NONE;NONE,NONE;PASSENGER CAR,PASSENGER CAR;PASSENGER CAR,PASSENGER CAR;PASSENGER CAR,PASSENGER CAR;PASSENGER CAR,PASSENGER CAR
23135;125 FEET FROM 204 CROSSROADS BLVD #212;NO SPECIAL FEATURE;STRAIGHT,LEVEL;PUBLIC VEHICULAR AREA;TWO-WAY,NOT DIVIDED;SMOOTH ASPHALT;DRY;DAYLIGHT;CLEAR;NO CONTROL PRESENT;35.761266214;-78.7418746;-78.741;35.7603;P120;118;0;0;;;NONE;;NONE;;PASSENGER CAR;SPORT UTILITY;;;;NO;2513;2016-07-21;7:22:16 PM;2016-07-21T23:22:16+00:00;35.761266214, -78.7418746;2016;No;No;7;NONE;NONE,NONE;NONE,NONE;PASSENGER CAR,SPORT UTILITY;PASSENGER CAR,SPORT UTILITY;PASSENGER CAR,SPORT UTILITY;PASSENGER CAR,SPORT UTILITY
23138;.25 MILES FROM UPCHURCH FARM RD;NO SPECIAL FEATURE;STRAIGHT,LEVEL;LOCAL STREET;TWO-WAY,NOT DIVIDED;SMOOTH ASPHALT;DRY;DARK - LIGHTED ROADWAY;CLEAR;NO CONTROL PRESENT;35.783751769;-78.85612787;-78.856338;35.781128;P014;117;0;1;2;;NONE;;NONE;;SPORT UTILITY;SPORT UTILITY;;;;NO;2516;2016-07-23;1:22:16 AM;2016-07-23T05:22:16+00:00;35.783751769, -78.85612787;2016;No;Yes;7;NONE;NONE,NONE;NONE,NONE;SPORT UTILITY,SPORT UTILITY;SPORT UTILITY,SPORT UTILITY;SPORT UTILITY,SPORT UTILITY;SPORT UTILITY,SPORT UTILITY
23141;55 FEET FROM CARY RESERVE DR;NO SPECIAL FEATURE;STRAIGHT,GRADE;PUBLIC VEHICULAR AREA;TWO-WAY,NOT DIVIDED;SMOOTH ASPHALT;DRY;DAYLIGHT;CLEAR;NO CONTROL PRESENT;35.821765246;-78.9000997;-78.900025;35.821969;P015;122;0;0;6;;NONE;;NONE;;SPORT UTILITY;;;;;NO;2519;2016-07-19;6:55:35 PM;2016-07-19T22:55:35+00:00;35.821765246, -78.9000997;2016;No;No;7;NONE;NONE,NONE;NONE,NONE;SPORT UTILITY;SPORT UTILITY;SPORT UTILITY;SPORT UTILITY
23149;200 FEET FROM SR 1415 (SE MAYNARD RD);NO SPECIAL FEATURE;STRAIGHT,LEVEL;STATE SECONDARY ROUTE;TWO-WAY,NOT DIVIDED;SMOOTH ASPHALT;DRY;DAYLIGHT;CLEAR;STOP AND GO SIGNAL;35.791997907;-78.76374753;-78.764;35.7913;P055;120;0;0;;;NONE;;NONE;;PASSENGER CAR;PASSENGER CAR;;;;NO;2527;2016-07-25;11:24 AM;2016-07-25T15:24:00+00:00;35.791997907, -78.76374753;2016;No;No;7;NONE;NONE,NONE;NONE,NONE;PASSENGER CAR,PASSENGER CAR;PASSENGER CAR,PASSENGER CAR;PASSENGER CAR,PASSENGER CAR;PASSENGER CAR,PASSENGER CAR
23154;20 FEET FROM SR 1613 (DAVIS DR);FOUR-WAY INTERSECTION;STRAIGHT,LEVEL;STATE SECONDARY ROUTE;TWO-WAY,DIVIDED,POSITIVE MEDIAN BARRIER;SMOOTH ASPHALT;DRY;DARK - LIGHTED ROADWAY;CLEAR;STOP AND GO SIGNAL;35.793917326;-78.84742252;-78.847118;35.791665;P078;121;0;0;1;;NONE;;NONE;;SPORT UTILITY;PASSENGER CAR;;;;NO;2532;2016-07-25;11:48 PM;2016-07-26T03:48:00+00:00;35.793917326, -78.84742252;2016;No;No;7;NONE;NONE,NONE;NONE,NONE;SPORT UTILITY,PASSENGER CAR;SPORT UTILITY,PASSENGER CAR;SPORT UTILITY,PASSENGER CAR;SPORT UTILITY,PASSENGER CAR
23155;410 FEET FROM P.V.A (1213 BUCK JONES RD);NO SPECIAL FEATURE;STRAIGHT,LEVEL;PUBLIC VEHICULAR AREA;TWO-WAY,NOT DIVIDED;SMOOTH ASPHALT;DRY;DAYLIGHT;CLEAR;NO CONTROL PRESENT;;;-78.7396;35.7673;;;0;0;;;NONE;;NONE;;PASSENGER CAR;PASSENGER CAR;;;;NO;2533;2016-07-25;5:44:34 PM;2016-07-25T21:44:34+00:00;;2016;No;No;7;NONE;NONE,NONE;NONE,NONE;PASSENGER CAR,PASSENGER CAR;PASSENGER CAR,PASSENGER CAR;PASSENGER CAR,PASSENGER CAR;PASSENGER CAR,PASSENGER CAR
23165;120 FEET FROM P.V.A. (CRICKET WIRELESS);NO SPECIAL FEATURE;STRAIGHT,LEVEL;PUBLIC VEHICULAR AREA;TWO-WAY,NOT DIVIDED;SMOOTH ASPHALT;DRY;DAYLIGHT;CLEAR;NO CONTROL PRESENT;;;-78.7412;35.7602;;;0;0;;;NONE;;NONE;;PASSENGER CAR;PASSENGER CAR;;;;NO;2543;2016-07-26;11:08 AM;2016-07-26T15:08:00+00:00;;2016;No;No;7;NONE;NONE,NONE;NONE,NONE;PASSENGER CAR,PASSENGER CAR;PASSENGER CAR,PASSENGER CAR;PASSENGER CAR,PASSENGER CAR;PASSENGER CAR,PASSENGER CAR
23168;CARY;T-INTERSECTION;STRAIGHT,GRADE;STATE SECONDARY ROUTE;TWO-WAY,NOT DIVIDED;SMOOTH ASPHALT;DRY;DAYLIGHT;CLEAR;STOP SIGN;35.782538145;-78.77849972;-78.780672;35.7824827;P125;120;0;0;;;NONE;;NONE;;PASSENGER CAR;PICKUP;;;;NO;2546;2016-07-26;11:15 AM;2016-07-26T15:15:00+00:00;35.782538145, -78.77849972;2016;No;No;7;NONE;NONE,NONE;NONE,NONE;PASSENGER CAR,PICKUP;PASSENGER CAR,PICKUP;PASSENGER CAR,PICKUP;PASSENGER CAR,PICKUP
23170;10 FEET FROM SR 1615 (GREEN LEVEL WEST RD);FOUR-WAY INTERSECTION;STRAIGHT,LEVEL;STATE SECONDARY ROUTE;TWO-WAY,NOT DIVIDED;SMOOTH ASPHALT;DRY;DAYLIGHT;CLEAR;STOP AND GO SIGNAL;35.787741693;-78.8708349;-78.871;35.7877;P118;117;0;0;;;NONE;;NONE;;PICKUP;PICKUP;;;;NO;2548;2016-07-26;2:15:00 PM;2016-07-26T18:15:00+00:00;35.787741693, -78.8708349;2016;No;No;7;NONE;NONE,NONE;NONE,NONE;PICKUP,PICKUP;PICKUP,PICKUP;PICKUP,PICKUP;PICKUP,PICKUP
23172;70 FEET FROM SR1300 (KILDAIRE FARM RD);RELATED TO INTERSECTION;STRAIGHT,GRADE;STATE SECONDARY ROUTE;TWO-WAY,DIVIDED,UNPROTECTED MEDIAN;SMOOTH ASPHALT;DRY;DAYLIGHT;CLEAR;STOP AND GO SIGNAL;;;-78.7792;35.7362;;;0;0;;;NONE;;NONE;;SPORT UTILITY;SPORT UTILITY;SPORT UTILITY;;;NO;2550;2016-07-26;4:07:40 PM;2016-07-26T20:07:40+00:00;;2016;No;No;7;NONE;NONE,NONE;NONE,NONE;SPORT UTILITY,SPORT UTILITY;SPORT UTILITY,SPORT UTILITY,SPORT UTILITY;SPORT UTILITY,SPORT UTILITY,SPORT UTILITY;SPORT UTILITY,SPORT UTILITY,SPORT UTILITY
23180;30 FEET FROM SR 1652 (N HARRISON AV);RELATED TO INTERSECTION;STRAIGHT,LEVEL;STATE SECONDARY ROUTE;TWO-WAY,NOT DIVIDED;SMOOTH ASPHALT;DRY;DAYLIGHT;CLOUDY;NO CONTROL PRESENT;35.829708141;-78.7685142;-78.7688;35.83026;P029;111;0;0;;;;;NONE;;PASSENGER CAR;PICKUP;;;;NO;2558;2016-07-27;10:19 AM;2016-07-27T14:19:00+00:00;35.829708141, -78.7685142;2016;No;No;7;;NONE;NONE;PASSENGER CAR,PICKUP;PASSENGER CAR,PICKUP;PASSENGER CAR,PICKUP;PASSENGER CAR,PICKUP
23189;70 FEET FROM US 1 ON RAMP;ON-RAMP PROPER;CURVE,GRADE;OTHER *;ONE-WAY,NOT DIVIDED;SMOOTH ASPHALT;DRY;DAYLIGHT;CLEAR;YIELD SIGN;;;-78.744672;35.760969;;;0;1;;;NONE;;NONE;;VAN;PASSENGER CAR;;;;NO;2567;2016-07-27;3:49:16 PM;2016-07-27T19:49:16+00:00;;2016;No;Yes;7;NONE;NONE,NONE;NONE,NONE;VAN,PASSENGER CAR;VAN,PASSENGER CAR;VAN,PASSENGER CAR;VAN,PASSENGER CAR
23195;283 FEET FROM OLDE WEATHERSTONE WAY;DRIVEWAY, PUBLIC;STRAIGHT,LEVEL;LOCAL STREET;TWO-WAY,NOT DIVIDED;SMOOTH ASPHALT;DRY;DAYLIGHT;CLEAR;NO CONTROL PRESENT;35.792910453;-78.8129346;-78.8123;35.7921;P065;114;0;0;;;NONE;;NONE;;PASSENGER CAR;PASSENGER CAR;;;;NO;2573;2016-07-27;6:12:19 PM;2016-07-27T22:12:19+00:00;35.792910453, -78.8129346;2016;No;No;7;NONE;NONE,NONE;NONE,NONE;PASSENGER CAR,PASSENGER CAR;PASSENGER CAR,PASSENGER CAR;PASSENGER CAR,PASSENGER CAR;PASSENGER CAR,PASSENGER CAR
23204;100 FEET FROM PVA OF 191 CRESCENT COMMONS DR;DRIVEWAY, PUBLIC;STRAIGHT,LEVEL;PUBLIC VEHICULAR AREA;TWO-WAY,NOT DIVIDED;SMOOTH ASPHALT;DRY;DAYLIGHT;CLEAR;NO CONTROL PRESENT;35.735975824;-78.78464871;-78.7829;35.7354;P053;116;0;0;;;NONE;;NONE;;PASSENGER CAR;PASSENGER CAR;;;;NO;2582;2016-07-28;11:37 AM;2016-07-28T15:37:00+00:00;35.735975824, -78.78464871;2016;No;No;7;NONE;NONE,NONE;NONE,NONE;PASSENGER CAR,PASSENGER CAR;PASSENGER CAR,PASSENGER CAR;PASSENGER CAR,PASSENGER CAR;PASSENGER CAR,PASSENGER CAR
23206;300 FEET FROM PVA LOWES (1920 NW MAYNARD RD);DRIVEWAY, PUBLIC;STRAIGHT,LEVEL;PUBLIC VEHICULAR AREA;TWO-WAY,NOT DIVIDED;SMOOTH ASPHALT;DRY;DAYLIGHT;CLEAR;NO CONTROL PRESENT;;;-78.7929;35.7982;;;0;0;1;;NONE;;NONE;;PASSENGER CAR;PASSENGER CAR;;;;NO;2584;2016-07-28;10:00 AM;2016-07-28T14:00:00+00:00;;2016;No;No;7;NONE;NONE,NONE;NONE,NONE;PASSENGER CAR,PASSENGER CAR;PASSENGER CAR,PASSENGER CAR;PASSENGER CAR,PASSENGER CAR;PASSENGER CAR,PASSENGER CAR
23208;400 FEET FROM SR 1652 N HARRISON AVE;NO SPECIAL FEATURE;STRAIGHT,LEVEL;STATE SECONDARY ROUTE;TWO-WAY,NOT DIVIDED;SMOOTH ASPHALT;DRY;DAYLIGHT;CLEAR;NO CONTROL PRESENT;35.829708141;-78.7685142;-78.7694;35.8291;P029;111;0;0;;;NONE;;NONE;;PASSENGER CAR;;;;;UTILITY WORK AREA;2586;2016-07-28;2:46:35 PM;2016-07-28T18:46:35+00:00;35.829708141, -78.7685142;2016;No;No;7;NONE;NONE,NONE;NONE,NONE;PASSENGER CAR;PASSENGER CAR;PASSENGER CAR;PASSENGER CAR
23209;10 FEET FROM NC 55 HWY NC 55;NO SPECIAL FEATURE;STRAIGHT,LEVEL;NC ROUTE;TWO-WAY,DIVIDED,UNPROTECTED MEDIAN;SMOOTH ASPHALT;DRY;DAYLIGHT;CLEAR;FLASHING STOP AND GO SIGNAL;35.845781169;-78.89083056;-78.8919;35.8473;P091;WAKE;0;0;;;NONE;;NONE;;PASSENGER CAR;PASSENGER CAR;;;;NO;2587;2016-07-27;10:13 AM;2016-07-27T14:13:00+00:00;35.845781169, -78.89083056;2016;No;No;7;NONE;NONE,NONE;NONE,NONE;PASSENGER CAR,PASSENGER CAR;PASSENGER CAR,PASSENGER CAR;PASSENGER CAR,PASSENGER CAR;PASSENGER CAR,PASSENGER CAR
23211;60 FEET FROM SR 3081 (CHAPEL HILL RD);NO SPECIAL FEATURE;STRAIGHT,LEVEL;STATE SECONDARY ROUTE;TWO-WAY,NOT DIVIDED;SMOOTH ASPHALT;DRY;DAYLIGHT;CLEAR;STOP AND GO SIGNAL;35.795165448;-78.76343141;-78.7638;35.7949;P034;113;0;1;1;;NONE;;NONE;;LIGHT TRUCK (MINI-VAN- PANEL);SPORT UTILITY;;;;NO;2589;2016-07-29;12:47 PM;2016-07-29T16:47:00+00:00;35.795165448, -78.76343141;2016;No;Yes;7;NONE;NONE,NONE;NONE,NONE;LIGHT TRUCK (MINI-VAN- PANEL),SPORT UTILITY;LIGHT TRUCK (MINI-VAN- PANEL),SPORT UTILITY;LIGHT TRUCK (MINI-VAN- PANEL),SPORT UTILITY;LIGHT TRUCK (MINI-VAN- PANEL),SPORT UTILITY
23214;CARY;FOUR-WAY INTERSECTION;STRAIGHT,HILLCREST;STATE SECONDARY ROUTE;TWO-WAY,NOT DIVIDED;SMOOTH ASPHALT;DRY;DAYLIGHT;CLEAR;STOP AND GO SIGNAL;35.776940226;-78.80472267;-78.8046;35.7769;P008;114;0;0;;;NONE;;NONE;;SPORT UTILITY;SPORT UTILITY;;;;NO;2592;2016-07-29;11:37 AM;2016-07-29T15:37:00+00:00;35.776940226, -78.80472267;2016;No;No;7;NONE;NONE,NONE;NONE,NONE;SPORT UTILITY,SPORT UTILITY;SPORT UTILITY,SPORT UTILITY;SPORT UTILITY,SPORT UTILITY;SPORT UTILITY,SPORT UTILITY
23220;CARY;RELATED TO INTERSECTION;STRAIGHT,LEVEL;STATE SECONDARY ROUTE;TWO-WAY,DIVIDED,UNPROTECTED MEDIAN;SMOOTH ASPHALT;DRY;DAYLIGHT;CLEAR;STOP AND GO SIGNAL;;;-78.76417;35.775904;;;0;0;;;NONE;;NONE;;PASSENGER CAR;PASSENGER CAR;;;;NO;2598;2016-07-25;3:56:06 PM;2016-07-25T19:56:06+00:00;;2016;No;No;7;NONE;NONE,NONE;NONE,NONE;PASSENGER CAR,PASSENGER CAR;PASSENGER CAR,PASSENGER CAR;PASSENGER CAR,PASSENGER CAR;PASSENGER CAR,PASSENGER CAR
23229;CARY;FOUR-WAY INTERSECTION;STRAIGHT,LEVEL;STATE SECONDARY ROUTE;TWO-WAY,DIVIDED,UNPROTECTED MEDIAN;SMOOTH ASPHALT;DRY;DARK - LIGHTED ROADWAY;CLEAR;STOP AND GO SIGNAL;35.775896615;-78.76417339;-78.764;35.775;P061;120;0;0;;;NONE;;NONE;;PASSENGER CAR;PASSENGER CAR;;;;NO;2607;2016-07-22;5:06:41 AM;2016-07-22T09:06:41+00:00;35.775896615, -78.76417339;2016;No;No;7;NONE;NONE,NONE;NONE,NONE;PASSENGER CAR,PASSENGER CAR;PASSENGER CAR,PASSENGER CAR;PASSENGER CAR,PASSENGER CAR;PASSENGER CAR,PASSENGER CAR
23239;50 FEET FROM NC HWY 55;NO SPECIAL FEATURE;STRAIGHT,LEVEL;NC ROUTE;TWO-WAY,DIVIDED,POSITIVE MEDIAN BARRIER;SMOOTH ASPHALT;DRY;DAYLIGHT;CLOUDY;STOP AND GO SIGNAL;35.840827851;-78.88648731;-78.88711;35.841262;P091;WAKE;0;1;4;;NONE;;NONE;;PASSENGER CAR;PASSENGER CAR;;;;NO;2617;2016-07-30;3:16:10 PM;2016-07-30T19:16:10+00:00;35.840827851, -78.88648731;2016;No;Yes;7;NONE;NONE,NONE;NONE,NONE;PASSENGER CAR,PASSENGER CAR;PASSENGER CAR,PASSENGER CAR;PASSENGER CAR,PASSENGER CAR;PASSENGER CAR,PASSENGER CAR
23240;30 FEET FROM SR 3977 (NW CARY PKWY);NO SPECIAL FEATURE;STRAIGHT,LEVEL;STATE SECONDARY ROUTE;TWO-WAY,DIVIDED,UNPROTECTED MEDIAN;SMOOTH ASPHALT;DRY;DAYLIGHT;CLEAR;STOP AND GO SIGNAL;35.789090456;-78.82890159;-78.8288;35.7892;P067;121;0;0;;;NONE;;NONE;;PASSENGER CAR;PASSENGER CAR;;;;NO;2618;2016-07-31;10:19 AM;2016-07-31T14:19:00+00:00;35.789090456, -78.82890159;2016;No;No;7;NONE;NONE,NONE;NONE,NONE;PASSENGER CAR,PASSENGER CAR;PASSENGER CAR,PASSENGER CAR;PASSENGER CAR,PASSENGER CAR;PASSENGER CAR,PASSENGER CAR
23241;CARY;NO SPECIAL FEATURE;STRAIGHT,LEVEL;STATE SECONDARY ROUTE;TWO-WAY,DIVIDED,POSITIVE MEDIAN BARRIER;SMOOTH ASPHALT;DRY;DAYLIGHT;CLEAR;STOP AND GO SIGNAL;35.745783143;-78.74417559;-78.7438;35.7457;P046;118;0;0;;;NONE;;NONE;;PASSENGER CAR;PASSENGER CAR;;;;NO;2619;2016-07-31;12:00 PM;2016-07-31T16:00:00+00:00;35.745783143, -78.74417559;2016;No;No;7;NONE;NONE,NONE;NONE,NONE;PASSENGER CAR,PASSENGER CAR;PASSENGER CAR,PASSENGER CAR;PASSENGER CAR,PASSENGER CAR;PASSENGER CAR,PASSENGER CAR
23242;330 FEET FROM SR #1009 (TRYON RD);NO SPECIAL FEATURE;CURVE,LEVEL;STATE SECONDARY ROUTE;ONE-WAY,NOT DIVIDED;SMOOTH ASPHALT;DRY;DAYLIGHT;CLEAR;STOP AND GO SIGNAL;35.745783143;-78.74417559;-78.787;35.7367;P046;118;0;0;2;;NONE;;NONE;;PASSENGER CAR;PASSENGER CAR;;;;NO;2620;2016-07-31;5:14:11 PM;2016-07-31T21:14:11+00:00;35.745783143, -78.74417559;2016;No;No;7;NONE;NONE,NONE;NONE,NONE;PASSENGER CAR,PASSENGER CAR;PASSENGER CAR,PASSENGER CAR;PASSENGER CAR,PASSENGER CAR;PASSENGER CAR,PASSENGER CAR
23247;CARY;;;;;;;;;;35.73650886;-78.75642378;;;P047;118;0;0;;;;;;;PASSENGER CAR;;;;;;2625;2016-08-01;5:33:28 PM;2016-08-01T21:33:28+00:00;35.73650886, -78.75642378;2016;No;No;8;;;;PASSENGER CAR;PASSENGER CAR;PASSENGER CAR;PASSENGER CAR
23249;200 FEET FROM P.V.A. (1273 NW MAYNARD RD);DRIVEWAY, PUBLIC;STRAIGHT,LEVEL;PUBLIC VEHICULAR AREA;TWO-WAY,NOT DIVIDED;SMOOTH ASPHALT;DRY;DAYLIGHT;CLOUDY;NO CONTROL PRESENT;;;-78.8113;35.7854;;114;0;0;;;NONE;;NONE;;PASSENGER CAR;SPORT UTILITY;;;;NO;2627;2016-07-31;2:17:50 PM;2016-07-31T18:17:50+00:00;;2016;No;No;7;NONE;NONE,NONE;NONE,NONE;PASSENGER CAR,SPORT UTILITY;PASSENGER CAR,SPORT UTILITY;PASSENGER CAR,SPORT UTILITY;PASSENGER CAR,SPORT UTILITY
23261;.10 MILES FROM PVA OF 2010 KILDAIRE FARM RD;FOUR-WAY INTERSECTION;STRAIGHT,LEVEL;PUBLIC VEHICULAR AREA;TWO-WAY,NOT DIVIDED;SMOOTH ASPHALT;DRY;DAYLIGHT;CLEAR;NO CONTROL PRESENT;;;;;;116;0;0;;;NONE;;NONE;;PASSENGER CAR;PASSENGER CAR;;;;NO;2639;2016-08-02;1:05:01 PM;2016-08-02T17:05:01+00:00;;2016;No;No;8;NONE;NONE,NONE;NONE,NONE;PASSENGER CAR,PASSENGER CAR;PASSENGER CAR,PASSENGER CAR;PASSENGER CAR,PASSENGER CAR;PASSENGER CAR,PASSENGER CAR
23265;120 FEET FROM SR-1313 WALNUT ST;NO SPECIAL FEATURE;STRAIGHT,LEVEL;STATE SECONDARY ROUTE;TWO-WAY,DIVIDED,UNPROTECTED MEDIAN;SMOOTH ASPHALT;WET;DAYLIGHT;RAIN;NO CONTROL PRESENT;;;-78.743;35.7597;;;0;0;1;;NONE;;NONE;;PASSENGER CAR;SPORT UTILITY;;;;NO;2643;2016-08-02;7:53:14 PM;2016-08-02T23:53:14+00:00;;2016;No;No;8;NONE;NONE,NONE;NONE,NONE;PASSENGER CAR,SPORT UTILITY;PASSENGER CAR,SPORT UTILITY;PASSENGER CAR,SPORT UTILITY;PASSENGER CAR,SPORT UTILITY
23267;.958 MILES FROM US 1 HWY;NO SPECIAL FEATURE;STRAIGHT,LEVEL;US ROUTE;TWO-WAY,DIVIDED,POSITIVE MEDIAN BARRIER;SMOOTH ASPHALT;DRY;DAYLIGHT;CLEAR;NO CONTROL PRESENT;35.765948492;-78.75542079;-78.759823;35.754813;P003;112;0;0;;;;;NONE;;LIGHT TRUCK (MINI-VAN- PANEL);SPORT UTILITY;PASSENGER CAR;;;NO;2645;2016-08-02;7:24:38 AM;2016-08-02T11:24:38+00:00;35.765948492, -78.75542079;2016;No;No;8;;NONE;NONE;LIGHT TRUCK (MINI-VAN- PANEL),SPORT UTILITY;LIGHT TRUCK (MINI-VAN- PANEL),SPORT UTILITY,PASSENGER CAR;LIGHT TRUCK (MINI-VAN- PANEL),SPORT UTILITY,PASSENGER CAR;LIGHT TRUCK (MINI-VAN- PANEL),SPORT UTILITY,PASSENGER CAR
23268;25 FEET FROM SR 3073 ( NW MAYNARD RD);RELATED TO INTERSECTION;STRAIGHT,LEVEL;STATE SECONDARY ROUTE;TWO-WAY,NOT DIVIDED;SMOOTH ASPHALT;DRY;DAYLIGHT;CLOUDY;STOP AND GO SIGNAL;;;-78.810063;35.783441;;;0;0;;;NONE;;;;SPORT UTILITY;SPORT UTILITY;;;;NO;2646;2016-08-03;9:45:10 AM;2016-08-03T13:45:10+00:00;;2016;No;No;8;NONE;NONE;NONE;SPORT UTILITY,SPORT UTILITY;SPORT UTILITY,SPORT UTILITY;SPORT UTILITY,SPORT UTILITY;SPORT UTILITY,SPORT UTILITY
23284;0 FEET FROM  SR 1615 (HIGH HOUSE RD);RELATED TO INTERSECTION;STRAIGHT,LEVEL;STATE SECONDARY ROUTE;TWO-WAY,DIVIDED,POSITIVE MEDIAN BARRIER;SMOOTH ASPHALT;DRY;DAYLIGHT;CLEAR;NO CONTROL PRESENT;35.789194239;-78.85825342;-78.8589;35.7891;P012;121;0;0;1;;NONE;;NONE;;PASSENGER CAR;PASSENGER CAR;;;;NO;2662;2016-07-28;11:44 AM;2016-07-28T15:44:00+00:00;35.789194239, -78.85825342;2016;No;No;7;NONE;NONE,NONE;NONE,NONE;PASSENGER CAR,PASSENGER CAR;PASSENGER CAR,PASSENGER CAR;PASSENGER CAR,PASSENGER CAR;PASSENGER CAR,PASSENGER CAR