tamainid;location_description;rdfeature;rdcharacter;rdclass;rdconfigur;rdsurface;rdcondition;lightcond;weather;trafcontrl;lat;lon;lon2;lat2;tract;zone;fatality;possblinj;numpassengers;numpedestrians;contrcir1_desc;contrcir2_desc;contrcir3_desc;contrcir4_desc;vehicle1;vehicle2;vehicle3;vehicle4;vehicle5;workarea;records;ta_date;ta_time;crash_date;geo_location;year;fatalities;injuries;month;contrfact1;contrfact2;contributing_factor;vehicleconcat1;vehicleconcat2;vehicleconcat3;vehicle_type
23530;50 FEET FROM SR 1010 (TEN TEN RD);NO SPECIAL FEATURE;STRAIGHT,LEVEL;STATE SECONDARY ROUTE;TWO-WAY,NOT DIVIDED;SMOOTH ASPHALT;DRY;DAYLIGHT;CLEAR;NO CONTROL PRESENT;35.717692242;-78.91420056;-78.77;35.693;P115;APEX;0;0;3;;;;NONE;;VAN;PASSENGER CAR;VAN;;;NO;2907;2016-08-18;7:51:00 PM;2016-08-18T23:51:00+00:00;35.717692242, -78.91420056;2016;No;No;8;;NONE;NONE;VAN,PASSENGER CAR;VAN,PASSENGER CAR,VAN;VAN,PASSENGER CAR,VAN;VAN,PASSENGER CAR,VAN
23533;1 MILES FROM I40WB;NO SPECIAL FEATURE;STRAIGHT,LEVEL;INTERSTATE;TWO-WAY,DIVIDED,POSITIVE MEDIAN BARRIER;SMOOTH ASPHALT;DRY;DAYLIGHT;CLEAR;NO CONTROL PRESENT;;;-78.7766;35.8376;;;0;0;1;;;;NONE;;PASSENGER CAR;PASSENGER CAR;PASSENGER CAR;;;NO;2910;2016-08-20;3:33:16 PM;2016-08-20T19:33:16+00:00;;2016;No;No;8;;NONE;NONE;PASSENGER CAR,PASSENGER CAR;PASSENGER CAR,PASSENGER CAR,PASSENGER CAR;PASSENGER CAR,PASSENGER CAR,PASSENGER CAR;PASSENGER CAR,PASSENGER CAR,PASSENGER CAR
23537;200 FEET FROM P.V.A OF 423 CROSSROADS BLVD;NO SPECIAL FEATURE;STRAIGHT,LEVEL;PUBLIC VEHICULAR AREA;TWO-WAY,NOT DIVIDED;SMOOTH ASPHALT;DRY;DAYLIGHT;CLEAR;NO CONTROL PRESENT;;;-78.736;35.7611;;;0;0;1;;NONE;;NONE;;PASSENGER CAR;PASSENGER CAR;;;;NO;2914;2016-08-20;7:23:20 AM;2016-08-20T11:23:20+00:00;;2016;No;No;8;NONE;NONE,NONE;NONE,NONE;PASSENGER CAR,PASSENGER CAR;PASSENGER CAR,PASSENGER CAR;PASSENGER CAR,PASSENGER CAR;PASSENGER CAR,PASSENGER CAR
23541;150 FEET FROM P.V.A. OF 151 CROSSROADS BLVD;NO SPECIAL FEATURE;STRAIGHT,LEVEL;PUBLIC VEHICULAR AREA;TWO-WAY,NOT DIVIDED;SMOOTH ASPHALT;DRY;DAYLIGHT;CLEAR;NO CONTROL PRESENT;;;-78.7428;35.7612;;;0;0;2;;NONE;;NONE;;PASSENGER CAR;PASSENGER CAR;;;;NO;2918;2016-08-21;4:33:45 PM;2016-08-21T20:33:45+00:00;;2016;No;No;8;NONE;NONE,NONE;NONE,NONE;PASSENGER CAR,PASSENGER CAR;PASSENGER CAR,PASSENGER CAR;PASSENGER CAR,PASSENGER CAR;PASSENGER CAR,PASSENGER CAR
23544;.5 MILES FROM US #1 NORTH;NO SPECIAL FEATURE;STRAIGHT,LEVEL;US ROUTE;TWO-WAY,DIVIDED,POSITIVE MEDIAN BARRIER;CONCRETE;WET;DAYLIGHT;CLEAR;NO CONTROL PRESENT;;;-78.7618;35.75372;;;0;0;2;;;;NONE;;PASSENGER CAR;SINGLE UNIT TRUCK (2-AXLE- 6-TIRE);;;;NO;2921;2016-08-19;4:59:37 PM;2016-08-19T20:59:37+00:00;;2016;No;No;8;;NONE;NONE;PASSENGER CAR,SINGLE UNIT TRUCK (2-AXLE- 6-TIRE);PASSENGER CAR,SINGLE UNIT TRUCK (2-AXLE- 6-TIRE);PASSENGER CAR,SINGLE UNIT TRUCK (2-AXLE- 6-TIRE);PASSENGER CAR,SINGLE UNIT TRUCK (2-AXLE- 6-TIRE)
23548;10 FEET FROM US HWY 64;FOUR-WAY INTERSECTION;STRAIGHT,LEVEL;US ROUTE;TWO-WAY,DIVIDED,UNPROTECTED MEDIAN;SMOOTH ASPHALT;DRY;DAYLIGHT;CLEAR;STOP AND GO SIGNAL;35.738948319;-78.79830398;-78.7979;35.7387;P041;116;0;1;;;NONE;;NONE;;PICKUP;PASSENGER CAR;PASSENGER CAR;;;NO;2925;2016-08-21;3:06:28 PM;2016-08-21T19:06:28+00:00;35.738948319, -78.79830398;2016;No;Yes;8;NONE;NONE,NONE;NONE,NONE;PICKUP,PASSENGER CAR;PICKUP,PASSENGER CAR,PASSENGER CAR;PICKUP,PASSENGER CAR,PASSENGER CAR;PICKUP,PASSENGER CAR,PASSENGER CAR
23556;150 FEET FROM P.V.A. (410 W CHATHAM ST);DRIVEWAY, PUBLIC;STRAIGHT,LEVEL;PUBLIC VEHICULAR AREA;TWO-WAY,NOT DIVIDED;SMOOTH ASPHALT;DRY;DAYLIGHT;CLEAR;NO CONTROL PRESENT;;;-78.789;35.7868;;114;0;0;;;NONE;;NONE;;;;;;;NO;2933;2016-08-21;6:55:24 PM;2016-08-21T22:55:24+00:00;;2016;No;No;8;NONE;NONE,NONE;NONE,NONE;;;;
23559;100 FEET FROM (SR 1415) NE MAYNARD RD;RAILROAD CROSSING;STRAIGHT,LEVEL;STATE SECONDARY ROUTE;TWO-WAY,DIVIDED,UNPROTECTED MEDIAN;SMOOTH ASPHALT;WET;DARK - LIGHTED ROADWAY;RAIN;DOUBLE YELLOW LINE, NO PASSING ZONE;;;-78.763878;35.79231;;120;0;0;;;NONE;;;;PASSENGER CAR;;;;;NO;2936;2016-08-21;9:00:30 PM;2016-08-22T01:00:30+00:00;;2016;No;No;8;NONE;NONE;NONE;PASSENGER CAR;PASSENGER CAR;PASSENGER CAR;PASSENGER CAR
23561;1 FEET FROM SR 1415 (SE MAYNARD RD);NO SPECIAL FEATURE;STRAIGHT,LEVEL;STATE SECONDARY ROUTE;TWO-WAY,DIVIDED,POSITIVE MEDIAN BARRIER;SMOOTH ASPHALT;DRY;DAYLIGHT;CLEAR;STOP AND GO SIGNAL;;;-78.7645;35.7761;;;0;0;;;NONE;;NONE;;PASSENGER CAR;PASSENGER CAR;;;;NO;2938;2016-08-22;7:56:20 PM;2016-08-22T23:56:20+00:00;;2016;No;No;8;NONE;NONE,NONE;NONE,NONE;PASSENGER CAR,PASSENGER CAR;PASSENGER CAR,PASSENGER CAR;PASSENGER CAR,PASSENGER CAR;PASSENGER CAR,PASSENGER CAR
23562;CARY;FOUR-WAY INTERSECTION;STRAIGHT,LEVEL;US ROUTE;TWO-WAY,DIVIDED,UNPROTECTED MEDIAN;SMOOTH ASPHALT;DRY;DARK - LIGHTED ROADWAY;CLEAR;STOP AND GO SIGNAL;35.741494418;-78.80972316;-78.8097;35.7415;P041;116;0;2;;;NONE;;NONE;;PASSENGER CAR;PASSENGER CAR;;;;NO;2939;2016-08-21;5:01:46 AM;2016-08-21T09:01:46+00:00;35.741494418, -78.80972316;2016;No;Yes;8;NONE;NONE,NONE;NONE,NONE;PASSENGER CAR,PASSENGER CAR;PASSENGER CAR,PASSENGER CAR;PASSENGER CAR,PASSENGER CAR;PASSENGER CAR,PASSENGER CAR
23564;10 FEET FROM SR 1009 (TRYON RD);RELATED TO INTERSECTION;STRAIGHT,LEVEL;STATE SECONDARY ROUTE;TWO-WAY,DIVIDED,UNPROTECTED MEDIAN;SMOOTH ASPHALT;DRY;DAYLIGHT;CLEAR;YIELD SIGN;35.737272111;-78.78216601;-78.7811;35.7375;P053;116;0;0;;;;;NONE;;PASSENGER CAR;SPORT UTILITY;;;;NO;2941;2016-08-22;3:05:28 PM;2016-08-22T19:05:28+00:00;35.737272111, -78.78216601;2016;No;No;8;;NONE;NONE;PASSENGER CAR,SPORT UTILITY;PASSENGER CAR,SPORT UTILITY;PASSENGER CAR,SPORT UTILITY;PASSENGER CAR,SPORT UTILITY
23565;.5 MILES FROM WESTON PKWY;RELATED TO INTERSECTION;STRAIGHT,LEVEL;STATE SECONDARY ROUTE;TWO-WAY,DIVIDED,UNPROTECTED MEDIAN;SMOOTH ASPHALT;DRY;DAYLIGHT;CLEAR;STOP AND GO SIGNAL;35.829396586;-78.77266668;-78.7715;35.8283;P029;111;0;0;;;NONE;;NONE;;PASSENGER CAR;PASSENGER CAR;;;;NO;2942;2016-08-22;4:50:53 PM;2016-08-22T20:50:53+00:00;35.829396586, -78.77266668;2016;No;No;8;NONE;NONE,NONE;NONE,NONE;PASSENGER CAR,PASSENGER CAR;PASSENGER CAR,PASSENGER CAR;PASSENGER CAR,PASSENGER CAR;PASSENGER CAR,PASSENGER CAR
23568;86 FEET FROM PVA OF 280 MEETING ST;NO SPECIAL FEATURE;STRAIGHT,LEVEL;PUBLIC VEHICULAR AREA;TWO-WAY,NOT DIVIDED;SMOOTH ASPHALT;DRY;DAYLIGHT;CLEAR;NO CONTROL PRESENT;;;-78.7444;35.7568;;118;0;0;1;;NONE;;NONE;;PICKUP;PASSENGER CAR;;;;NO;2945;2016-08-22;1:46:03 PM;2016-08-22T17:46:03+00:00;;2016;No;No;8;NONE;NONE,NONE;NONE,NONE;PICKUP,PASSENGER CAR;PICKUP,PASSENGER CAR;PICKUP,PASSENGER CAR;PICKUP,PASSENGER CAR
23569;392 FEET FROM PVA OF 2010 KILDAIRE FARM RD;NO SPECIAL FEATURE;STRAIGHT,GRADE;PUBLIC VEHICULAR AREA;TWO-WAY,NOT DIVIDED;SMOOTH ASPHALT;DRY;DAYLIGHT;CLEAR;NO CONTROL PRESENT;;;-78.781;35.737;;;0;0;;;;;NONE;;UNKNOWN;PASSENGER CAR;;;;NO;2946;2016-08-22;3:36:38 PM;2016-08-22T19:36:38+00:00;;2016;No;No;8;;NONE;NONE;UNKNOWN,PASSENGER CAR;UNKNOWN,PASSENGER CAR;UNKNOWN,PASSENGER CAR;UNKNOWN,PASSENGER CAR
23574;400 FEET FROM PVA OF 720 SE MAYNARD RD;NO SPECIAL FEATURE;STRAIGHT,LEVEL;PUBLIC VEHICULAR AREA;TWO-WAY,NOT DIVIDED;COARSE ASPHALT;DRY;DAYLIGHT;CLEAR;NO CONTROL PRESENT;;;-78.7628;35.7692;;;0;0;2;;;;NONE;;PASSENGER CAR;PICKUP;;;;NO;2951;2016-08-23;12:45 PM;2016-08-23T16:45:00+00:00;;2016;No;No;8;;NONE;NONE;PASSENGER CAR,PICKUP;PASSENGER CAR,PICKUP;PASSENGER CAR,PICKUP;PASSENGER CAR,PICKUP
23578;50 FEET FROM SR1497 (CARY TOWNE BLVD);NO SPECIAL FEATURE;STRAIGHT,LEVEL;STATE SECONDARY ROUTE;TWO-WAY,DIVIDED,POSITIVE MEDIAN BARRIER;SMOOTH ASPHALT;DRY;DAYLIGHT;CLEAR;NO CONTROL PRESENT;;;-737406.13;2069951.13;;;0;0;;;NONE;;NONE;;VAN;PASSENGER CAR;;;;NO;2955;2016-08-23;4:08:22 PM;2016-08-23T20:08:22+00:00;;2016;No;No;8;NONE;NONE,NONE;NONE,NONE;VAN,PASSENGER CAR;VAN,PASSENGER CAR;VAN,PASSENGER CAR;VAN,PASSENGER CAR
23598;25 FEET FROM HIGH HOUSE RD;RELATED TO INTERSECTION;STRAIGHT,LEVEL;LOCAL STREET;TWO-WAY,DIVIDED,UNPROTECTED MEDIAN;SMOOTH ASPHALT;DRY;DAYLIGHT;CLEAR;STOP AND GO SIGNAL;35.787695286;-78.87077765;-78.87055;35.787802;P118;117;0;0;;;NONE;;NONE;;PASSENGER CAR;;;;;NO;2975;2016-08-24;12:48 PM;2016-08-24T16:48:00+00:00;35.787695286, -78.87077765;2016;No;No;8;NONE;NONE,NONE;NONE,NONE;PASSENGER CAR;PASSENGER CAR;PASSENGER CAR;PASSENGER CAR
23606;.715 MILES FROM NC 55 HWY;NO SPECIAL FEATURE;STRAIGHT,LEVEL;NC ROUTE;TWO-WAY,DIVIDED,UNPROTECTED MEDIAN;CONCRETE;DRY;DAYLIGHT;CLEAR;STOP AND GO SIGNAL;35.813695663;-78.87268269;-78.87144;35.803298;P091;WAKE;0;0;;;NONE;;NONE;;PASSENGER CAR;PASSENGER CAR;;;;NO;2983;2016-08-26;11:01 AM;2016-08-26T15:01:00+00:00;35.813695663, -78.87268269;2016;No;No;8;NONE;NONE,NONE;NONE,NONE;PASSENGER CAR,PASSENGER CAR;PASSENGER CAR,PASSENGER CAR;PASSENGER CAR,PASSENGER CAR;PASSENGER CAR,PASSENGER CAR
23611;300 FEET FROM US 1 HWY;NO SPECIAL FEATURE;STRAIGHT,LEVEL;US ROUTE;TWO-WAY,DIVIDED,POSITIVE MEDIAN BARRIER;SMOOTH ASPHALT;DRY;DAYLIGHT;CLEAR;NO CONTROL PRESENT;;;-78.780029;35.744315;;;0;0;1;;;;NONE;;SPORT UTILITY;SPORT UTILITY;;;;NO;2988;2016-08-26;5:25:52 PM;2016-08-26T21:25:52+00:00;;2016;No;No;8;;NONE;NONE;SPORT UTILITY,SPORT UTILITY;SPORT UTILITY,SPORT UTILITY;SPORT UTILITY,SPORT UTILITY;SPORT UTILITY,SPORT UTILITY
23614;20 FEET FROM SR 1313 (WALNUT ST);OTHER *;STRAIGHT,LEVEL;STATE SECONDARY ROUTE;TWO-WAY,DIVIDED,UNPROTECTED MEDIAN;SMOOTH ASPHALT;DRY;DAYLIGHT;CLEAR;NO CONTROL PRESENT;;;-78.7485;35.7638;;;0;0;;;NONE;;NONE;;PASSENGER CAR;SPORT UTILITY;;;;CONSTRUCTION WORK AREA;2991;2016-08-27;12:35 AM;2016-08-27T04:35:00+00:00;;2016;No;No;8;NONE;NONE,NONE;NONE,NONE;PASSENGER CAR,SPORT UTILITY;PASSENGER CAR,SPORT UTILITY;PASSENGER CAR,SPORT UTILITY;PASSENGER CAR,SPORT UTILITY
23629;150 FEET FROM PVA 500 GREGSON DRIVE;NO SPECIAL FEATURE;STRAIGHT,GRADE;PUBLIC VEHICULAR AREA;TWO-WAY,NOT DIVIDED;SMOOTH ASPHALT;DRY;DAYLIGHT;CLEAR;NO CONTROL PRESENT;35.733479892;-78.81472599;-78.8147;35.7343;P041;116;0;0;;;;;NONE;;PASSENGER CAR;PASSENGER CAR;;;;NO;3006;2016-08-26;5:14:40 PM;2016-08-26T21:14:40+00:00;35.733479892, -78.81472599;2016;No;No;8;;NONE;NONE;PASSENGER CAR,PASSENGER CAR;PASSENGER CAR,PASSENGER CAR;PASSENGER CAR,PASSENGER CAR;PASSENGER CAR,PASSENGER CAR
23633;1 MILES FROM SR 3011 (JENKS CARPENTER RD);NO SPECIAL FEATURE;STRAIGHT,LEVEL;STATE SECONDARY ROUTE;TWO-WAY,NOT DIVIDED;SMOOTH ASPHALT;DRY;DAYLIGHT;CLEAR;NO CONTROL PRESENT;;;-78.859252;35.778439;;117;0;0;1;;NONE;;NONE;;PASSENGER CAR;PICKUP;;;;NO;3010;2016-08-26;7:02:32 PM;2016-08-26T23:02:32+00:00;;2016;No;No;8;NONE;NONE,NONE;NONE,NONE;PASSENGER CAR,PICKUP;PASSENGER CAR,PICKUP;PASSENGER CAR,PICKUP;PASSENGER CAR,PICKUP
23640;.2 MILES FROM SR 3977 (SE CARY PKWY);NO SPECIAL FEATURE;STRAIGHT,LEVEL;STATE SECONDARY ROUTE;TWO-WAY,DIVIDED,UNPROTECTED MEDIAN;SMOOTH ASPHALT;DRY;DAYLIGHT;CLEAR;NO CONTROL PRESENT;;;-78.7736;35.7489;;;0;0;3;;NONE;;NONE;;VAN;PASSENGER CAR;;;;NO;3017;2016-08-28;2:53:08 PM;2016-08-28T18:53:08+00:00;;2016;No;No;8;NONE;NONE,NONE;NONE,NONE;VAN,PASSENGER CAR;VAN,PASSENGER CAR;VAN,PASSENGER CAR;VAN,PASSENGER CAR
23650;200 FEET FROM SR 1010 (TEN-TEN RD);NO SPECIAL FEATURE;STRAIGHT,LEVEL;STATE SECONDARY ROUTE;TWO-WAY,NOT DIVIDED;SMOOTH ASPHALT;DRY;DAYLIGHT;CLEAR;NO CONTROL PRESENT;35.693903976;-78.77032242;-78.769643;35.693436;P049;116;0;0;;;NONE;;NONE;;SPORT UTILITY;PICKUP;;;;NO;3027;2016-08-29;6:59:20 AM;2016-08-29T10:59:20+00:00;35.693903976, -78.77032242;2016;No;No;8;NONE;NONE,NONE;NONE,NONE;SPORT UTILITY,PICKUP;SPORT UTILITY,PICKUP;SPORT UTILITY,PICKUP;SPORT UTILITY,PICKUP
23651;.1 MILES FROM PARKSIDE MAIN ST;NO SPECIAL FEATURE;CURVE,LEVEL;LOCAL STREET;TWO-WAY,DIVIDED,UNPROTECTED MEDIAN;COARSE ASPHALT;DRY;DAYLIGHT;CLEAR;NO CONTROL PRESENT;;;-78.8877;35.8466;;119;0;0;;;NONE;;NONE;;SPORT UTILITY;PASSENGER CAR;;;;NO;3028;2016-08-28;4:17:29 PM;2016-08-28T20:17:29+00:00;;2016;No;No;8;NONE;NONE,NONE;NONE,NONE;SPORT UTILITY,PASSENGER CAR;SPORT UTILITY,PASSENGER CAR;SPORT UTILITY,PASSENGER CAR;SPORT UTILITY,PASSENGER CAR
23662;0 FEET FROM WESTON PKWY;FOUR-WAY INTERSECTION;STRAIGHT,LEVEL;LOCAL STREET;TWO-WAY,DIVIDED,UNPROTECTED MEDIAN;SMOOTH ASPHALT;DRY;DAYLIGHT;CLEAR;STOP SIGN;35.830165467;-78.77432516;-78.774363;35.83016;P029;111;0;0;1;;NONE;;NONE;;SPORT UTILITY;PASSENGER CAR;;;;NO;3039;2016-08-25;4:29:26 PM;2016-08-25T20:29:26+00:00;35.830165467, -78.77432516;2016;No;No;8;NONE;NONE,NONE;NONE,NONE;SPORT UTILITY,PASSENGER CAR;SPORT UTILITY,PASSENGER CAR;SPORT UTILITY,PASSENGER CAR;SPORT UTILITY,PASSENGER CAR
23664;200 FEET FROM SR 3977 (SE CARY PKWY);NO SPECIAL FEATURE;STRAIGHT,LEVEL;STATE SECONDARY ROUTE;TWO-WAY,DIVIDED,UNPROTECTED MEDIAN;SMOOTH ASPHALT;DRY;DARK - LIGHTED ROADWAY;CLEAR;NO CONTROL PRESENT;;;-78.758;35.734;;;0;0;;;;;NONE;;PASSENGER CAR;;;;;NO;3041;2016-08-25;11:35 PM;2016-08-26T03:35:00+00:00;;2016;No;No;8;;NONE;NONE;PASSENGER CAR;PASSENGER CAR;PASSENGER CAR;PASSENGER CAR
23670;.1 MILES FROM NC 54 (CHAPEL HILL RD);NO SPECIAL FEATURE;STRAIGHT,LEVEL;NC ROUTE;TWO-WAY,NOT DIVIDED;SMOOTH ASPHALT;DRY;DAYLIGHT;CLEAR;NO CONTROL PRESENT;35.79469543;-78.75084182;-78.7496;35.7938;P034;113;0;0;1;;;;NONE;;PASSENGER CAR;SPORT UTILITY;;;;NO;3047;2016-08-31;8:10:38 AM;2016-08-31T12:10:38+00:00;35.79469543, -78.75084182;2016;No;No;8;;NONE;NONE;PASSENGER CAR,SPORT UTILITY;PASSENGER CAR,SPORT UTILITY;PASSENGER CAR,SPORT UTILITY;PASSENGER CAR,SPORT UTILITY
23674;CARY;NO SPECIAL FEATURE;STRAIGHT,LEVEL;PUBLIC VEHICULAR AREA;TWO-WAY,NOT DIVIDED;SMOOTH ASPHALT;DRY;DAYLIGHT;CLEAR;NO CONTROL PRESENT;;;-78.736;35.7537;;;0;0;1;;NONE;;NONE;;SPORT UTILITY;PASSENGER CAR;;;;NO;3051;2016-08-31;12:25 PM;2016-08-31T16:25:00+00:00;;2016;No;No;8;NONE;NONE,NONE;NONE,NONE;SPORT UTILITY,PASSENGER CAR;SPORT UTILITY,PASSENGER CAR;SPORT UTILITY,PASSENGER CAR;SPORT UTILITY,PASSENGER CAR
23677;350 FEET FROM ASHVILLE AVENUE;NO SPECIAL FEATURE;STRAIGHT,LEVEL;LOCAL STREET;TWO-WAY,DIVIDED,POSITIVE MEDIAN BARRIER;SMOOTH ASPHALT;DRY;DAYLIGHT;CLEAR;STOP SIGN;35.739210373;-78.78323407;-78.7842;35.7382;P044;115;0;2;2;;;;NONE;;VAN;PASSENGER CAR;;;;NO;3054;2016-08-31;3:18:34 PM;2016-08-31T19:18:34+00:00;35.739210373, -78.78323407;2016;No;Yes;8;;NONE;NONE;VAN,PASSENGER CAR;VAN,PASSENGER CAR;VAN,PASSENGER CAR;VAN,PASSENGER CAR
23679;200 FEET FROM SR 1319 (JONES FRANKLIN RD);DRIVEWAY, PUBLIC;STRAIGHT,LEVEL;STATE SECONDARY ROUTE;TWO-WAY,NOT DIVIDED;SMOOTH ASPHALT;DRY;DAYLIGHT;CLEAR;NO CONTROL PRESENT;;;-78.739755;35.74428;;;0;0;;;;;NONE;;PICKUP;PASSENGER CAR;;;;NO;3056;2016-08-31;3:56:49 PM;2016-08-31T19:56:49+00:00;;2016;No;No;8;;NONE;NONE;PICKUP,PASSENGER CAR;PICKUP,PASSENGER CAR;PICKUP,PASSENGER CAR;PICKUP,PASSENGER CAR
23680;.1 MILES FROM SR 1615 (HIGH HOUSE RD);RELATED TO INTERSECTION;STRAIGHT,LEVEL;STATE SECONDARY ROUTE;TWO-WAY,DIVIDED,UNPROTECTED MEDIAN;SMOOTH ASPHALT;DRY;DAYLIGHT;CLEAR;STOP AND GO SIGNAL;35.790343238;-78.83026794;-78.8292;35.7897;P067;121;0;0;;;NONE;;NONE;;SPORT UTILITY;SPORT UTILITY;;;;NO;3057;2016-08-30;2:39:48 PM;2016-08-30T18:39:48+00:00;35.790343238, -78.83026794;2016;No;No;8;NONE;NONE,NONE;NONE,NONE;SPORT UTILITY,SPORT UTILITY;SPORT UTILITY,SPORT UTILITY;SPORT UTILITY,SPORT UTILITY;SPORT UTILITY,SPORT UTILITY
23687;0 FEET FROM S HARRISON AVE;FOUR-WAY INTERSECTION;STRAIGHT,LEVEL;STATE SECONDARY ROUTE;TWO-WAY,NOT DIVIDED;SMOOTH ASPHALT;DRY;DAYLIGHT;CLEAR;STOP AND GO SIGNAL;;;-78.7833;35.783;;;0;1;;;NONE;;NONE;;PICKUP;SPORT UTILITY;;;;NO;3064;2016-09-01;9:37:20 AM;2016-09-01T13:37:20+00:00;;2016;No;Yes;9;NONE;NONE,NONE;NONE,NONE;PICKUP,SPORT UTILITY;PICKUP,SPORT UTILITY;PICKUP,SPORT UTILITY;PICKUP,SPORT UTILITY
23689;250 FEET FROM PVA (651 CARY TOWNE BLVD);DRIVEWAY, PUBLIC;STRAIGHT,LEVEL;PUBLIC VEHICULAR AREA;TWO-WAY,NOT DIVIDED;SMOOTH ASPHALT;WET;DAYLIGHT;CLOUDY;NO CONTROL PRESENT;35.776750145;-78.76675379;-78.767;35.776;P061;120;0;0;;;NONE;;COMING FROM BEHIND PARKED VEHICLE;;PICKUP;PICKUP;;;;NO;3066;2016-09-01;4:34:04 PM;2016-09-01T20:34:04+00:00;35.776750145, -78.76675379;2016;No;No;9;NONE;NONE,COMING FROM BEHIND PARKED VEHICLE;NONE,COMING FROM BEHIND PARKED VEHICLE;PICKUP,PICKUP;PICKUP,PICKUP;PICKUP,PICKUP;PICKUP,PICKUP
23693;20 FEET FROM SR 1521 (LAKE PINE DR);RELATED TO INTERSECTION;STRAIGHT,LEVEL;STATE SECONDARY ROUTE;TWO-WAY,NOT DIVIDED;SMOOTH ASPHALT;DRY;DAYLIGHT;CLEAR;STOP AND GO SIGNAL;;;-78.808;35.754;;;0;0;1;;;;NONE;;PASSENGER CAR;;;;;NO;3070;2016-09-01;4:53:25 PM;2016-09-01T20:53:25+00:00;;2016;No;No;9;;NONE;NONE;PASSENGER CAR;PASSENGER CAR;PASSENGER CAR;PASSENGER CAR
23704;200 FEET FROM WOODFIELD LAKE RD;NO SPECIAL FEATURE;STRAIGHT,LEVEL;PUBLIC VEHICULAR AREA;TWO-WAY,NOT DIVIDED;SMOOTH ASPHALT;DRY;DAYLIGHT;CLEAR;NO CONTROL PRESENT;35.749940708;-78.74523294;-78.7446;35.7498;P046;118;0;0;;;NONE;;NONE;;SPORT UTILITY;UNKNOWN;;;;NO;3081;2016-09-04;4:47:28 PM;2016-09-04T20:47:28+00:00;35.749940708, -78.74523294;2016;No;No;9;NONE;NONE,NONE;NONE,NONE;SPORT UTILITY,UNKNOWN;SPORT UTILITY,UNKNOWN;SPORT UTILITY,UNKNOWN;SPORT UTILITY,UNKNOWN
23718;300 FEET FROM PVA OF 7109 O`KELLY CHAPEL RD.;RELATED TO INTERSECTION;STRAIGHT,LEVEL;PUBLIC VEHICULAR AREA;TWO-WAY,NOT DIVIDED;SMOOTH ASPHALT;DRY;DAYLIGHT;CLEAR;NO CONTROL PRESENT;;;-78.888;35.845;;;0;0;;;NONE;;NONE;;PICKUP;SPORT UTILITY;;;;NO;3095;2016-08-31;3:15:01 PM;2016-08-31T19:15:01+00:00;;2016;No;No;8;NONE;NONE,NONE;NONE,NONE;PICKUP,SPORT UTILITY;PICKUP,SPORT UTILITY;PICKUP,SPORT UTILITY;PICKUP,SPORT UTILITY
23720;0 FEET FROM CROSSROADS BLVD;FOUR-WAY INTERSECTION;STRAIGHT,LEVEL;LOCAL STREET;TWO-WAY,DIVIDED,UNPROTECTED MEDIAN;SMOOTH ASPHALT;WET;DARK - LIGHTED ROADWAY;RAIN;STOP AND GO SIGNAL;35.754908262;-78.73025042;-78.738875;35.760857;P093;WAKE;0;0;1;;;;NONE;;PASSENGER CAR;PASSENGER CAR;;;;NO;3097;2016-09-02;8:09:57 PM;2016-09-03T00:09:57+00:00;35.754908262, -78.73025042;2016;No;No;9;;NONE;NONE;PASSENGER CAR,PASSENGER CAR;PASSENGER CAR,PASSENGER CAR;PASSENGER CAR,PASSENGER CAR;PASSENGER CAR,PASSENGER CAR
23723;499 FEET FROM NC 55 HWY;RELATED TO INTERSECTION;STRAIGHT,GRADE;NC ROUTE;TWO-WAY,DIVIDED,UNPROTECTED MEDIAN;SMOOTH ASPHALT;WET;DAYLIGHT;RAIN;NO CONTROL PRESENT;35.845768402;-78.89077828;-78.89312;35.8458406;P091;WAKE;0;0;;;;;COMING FROM BEHIND PARKED VEHICLE;;PASSENGER CAR;PASSENGER CAR;;;;NO;3100;2016-09-02;10:58 AM;2016-09-02T14:58:00+00:00;35.845768402, -78.89077828;2016;No;No;9;;COMING FROM BEHIND PARKED VEHICLE;COMING FROM BEHIND PARKED VEHICLE;PASSENGER CAR,PASSENGER CAR;PASSENGER CAR,PASSENGER CAR;PASSENGER CAR,PASSENGER CAR;PASSENGER CAR,PASSENGER CAR
23729;300 FEET FROM VISHAY CT;NO SPECIAL FEATURE;STRAIGHT,LEVEL;LOCAL STREET;TWO-WAY,NOT DIVIDED;SMOOTH ASPHALT;DRY;DAYLIGHT;CLEAR;NO CONTROL PRESENT;35.807063383;-78.85016454;-78.8499;35.8073;P069;121;0;0;2;;NONE;;NONE;;SPORT UTILITY;PASSENGER CAR;;;;NO;3106;2016-09-05;3:22:34 PM;2016-09-05T19:22:34+00:00;35.807063383, -78.85016454;2016;No;No;9;NONE;NONE,NONE;NONE,NONE;SPORT UTILITY,PASSENGER CAR;SPORT UTILITY,PASSENGER CAR;SPORT UTILITY,PASSENGER CAR;SPORT UTILITY,PASSENGER CAR
23730;20 FEET FROM SR 1349 (DILLARD DR);RELATED TO INTERSECTION;STRAIGHT,LEVEL;STATE SECONDARY ROUTE;TWO-WAY,DIVIDED,UNPROTECTED MEDIAN;SMOOTH ASPHALT;DRY;DAYLIGHT;CLEAR;STOP AND GO SIGNAL;;;-78.7409;35.7556;;;0;0;2;;NONE;;NONE;;SPORT UTILITY;PASSENGER CAR;;;;NO;3107;2016-09-05;1:21:51 PM;2016-09-05T17:21:51+00:00;;2016;No;No;9;NONE;NONE,NONE;NONE,NONE;SPORT UTILITY,PASSENGER CAR;SPORT UTILITY,PASSENGER CAR;SPORT UTILITY,PASSENGER CAR;SPORT UTILITY,PASSENGER CAR