tamainid;location_description;rdfeature;rdcharacter;rdclass;rdconfigur;rdsurface;rdcondition;lightcond;weather;trafcontrl;lat;lon;lon2;lat2;tract;zone;fatality;possblinj;numpassengers;numpedestrians;contrcir1_desc;contrcir2_desc;contrcir3_desc;contrcir4_desc;vehicle1;vehicle2;vehicle3;vehicle4;vehicle5;workarea;records;ta_date;ta_time;crash_date;geo_location;year;fatalities;injuries;month;contrfact1;contrfact2;contributing_factor;vehicleconcat1;vehicleconcat2;vehicleconcat3;vehicle_type
24112;25 FEET FROM US 1 NORTH ON RAMP;NO SPECIAL FEATURE;STRAIGHT,LEVEL;US ROUTE;ONE-WAY,NOT DIVIDED;SMOOTH ASPHALT;DRY;DAYLIGHT;CLEAR;NO CONTROL PRESENT;35.736894104;-78.79376167;-78.795968;35.735439;P043;116;0;0;;;;;NONE;;PASSENGER CAR;PASSENGER CAR;;;;NO;3489;2016-09-23;1:19:27 AM;2016-09-23T05:19:27+00:00;35.736894104, -78.79376167;2016;No;No;9;;NONE;NONE;PASSENGER CAR,PASSENGER CAR;PASSENGER CAR,PASSENGER CAR;PASSENGER CAR,PASSENGER CAR;PASSENGER CAR,PASSENGER CAR
24123;CARY;;;;;;;;;;;;;;;;0;1;1;;;;;;;;;;;;3500;2016-10-03;6:03:05 PM;2016-10-03T22:03:05+00:00;;2016;No;Yes;10;;;;;;;
24135;30 FEET FROM DOWELL DR;NO SPECIAL FEATURE;STRAIGHT,GRADE;LOCAL STREET;TWO-WAY,NOT DIVIDED;SMOOTH ASPHALT;DRY;DAYLIGHT;CLEAR;NO CONTROL PRESENT;35.778870457;-78.77943482;-78.7796;35.7788;P062;120;0;1;;;NONE;;NONE;;;VAN;;;;NO;3512;2016-09-30;7:47:15 AM;2016-09-30T11:47:15+00:00;35.778870457, -78.77943482;2016;No;Yes;9;NONE;NONE,NONE;NONE,NONE;VAN;VAN;VAN;VAN
24138;493 FEET FROM PVA (1515 SW CARY PKWY);DRIVEWAY, PUBLIC;CURVE,HILLCREST;PUBLIC VEHICULAR AREA;TWO-WAY,NOT DIVIDED;SMOOTH ASPHALT;DRY;DAYLIGHT;CLOUDY;NO CONTROL PRESENT;;;-78.8106;35.754;;;0;0;;;;;NONE;;PICKUP;SPORT UTILITY;;;;NO;3515;2016-10-04;12:08 PM;2016-10-04T16:08:00+00:00;;2016;No;No;10;;NONE;NONE;PICKUP,SPORT UTILITY;PICKUP,SPORT UTILITY;PICKUP,SPORT UTILITY;PICKUP,SPORT UTILITY
24141;.25 MILES FROM MORRISVILLE PKWY;NO SPECIAL FEATURE;STRAIGHT,LEVEL;LOCAL STREET;TWO-WAY,DIVIDED,UNPROTECTED MEDIAN;SMOOTH ASPHALT;DRY;DAYLIGHT;CLEAR;STOP AND GO SIGNAL;35.813721366;-78.87131154;-78.8661;35.813;P091;WAKE;0;0;;;NONE;;NONE;;PASSENGER CAR;LIGHT TRUCK (MINI-VAN- PANEL);;;;NO;3518;2016-10-04;6:05:49 PM;2016-10-04T22:05:49+00:00;35.813721366, -78.87131154;2016;No;No;10;NONE;NONE,NONE;NONE,NONE;PASSENGER CAR,LIGHT TRUCK (MINI-VAN- PANEL);PASSENGER CAR,LIGHT TRUCK (MINI-VAN- PANEL);PASSENGER CAR,LIGHT TRUCK (MINI-VAN- PANEL);PASSENGER CAR,LIGHT TRUCK (MINI-VAN- PANEL)
24156;300 FEET FROM US 1 HWY;OFF-RAMP ENTRY;CURVE,GRADE;US ROUTE;TWO-WAY,DIVIDED,POSITIVE MEDIAN BARRIER;SMOOTH ASPHALT;WET;DAYLIGHT;CLOUDY;NO CONTROL PRESENT;;;-78.78913;35.739506;;115;0;1;1;;NONE;;NONE;;PASSENGER CAR;SPORT UTILITY;;;;NO;3533;2016-10-05;1:52:23 PM;2016-10-05T17:52:23+00:00;;2016;No;Yes;10;NONE;NONE,NONE;NONE,NONE;PASSENGER CAR,SPORT UTILITY;PASSENGER CAR,SPORT UTILITY;PASSENGER CAR,SPORT UTILITY;PASSENGER CAR,SPORT UTILITY
24159;CARY;T-INTERSECTION;CURVE,HILLCREST;STATE SECONDARY ROUTE;TWO-WAY,DIVIDED,UNPROTECTED MEDIAN;SMOOTH ASPHALT;DRY;DAYLIGHT;CLEAR;STOP SIGN;;;-78.7436;35.7612;;;0;1;;1;NONE;;NONE;;PASSENGER CAR;;;;;CONSTRUCTION WORK AREA;3536;2016-10-04;8:18:04 PM;2016-10-05T00:18:04+00:00;;2016;No;Yes;10;NONE;NONE,NONE;NONE,NONE;PASSENGER CAR;PASSENGER CAR;PASSENGER CAR;PASSENGER CAR
24171;.14 MILES FROM PVA OF 197 BOND PARK DR;NO SPECIAL FEATURE;STRAIGHT,LEVEL;PUBLIC VEHICULAR AREA;TWO-WAY,NOT DIVIDED;SMOOTH ASPHALT;DRY;DAYLIGHT;CLOUDY;NO CONTROL PRESENT;;;-78.8254;35.7811;;;0;0;1;;NONE;;NONE;;PASSENGER CAR;;;;;NO;3548;2016-10-06;1:17:21 PM;2016-10-06T17:17:21+00:00;;2016;No;No;10;NONE;NONE,NONE;NONE,NONE;PASSENGER CAR;PASSENGER CAR;PASSENGER CAR;PASSENGER CAR
24186;100 FEET FROM SR 1300 KILDAIRE FARM RD;T-INTERSECTION;STRAIGHT,LEVEL;STATE SECONDARY ROUTE;TWO-WAY,DIVIDED,UNPROTECTED MEDIAN;SMOOTH ASPHALT;DRY;DAYLIGHT;CLEAR;STOP AND GO SIGNAL;;;-78.77921;35.736218;;;0;0;3;;NONE;;NONE;;PICKUP;PASSENGER CAR;;;;NO;3563;2016-10-09;11:27 AM;2016-10-09T15:27:00+00:00;;2016;No;No;10;NONE;NONE,NONE;NONE,NONE;PICKUP,PASSENGER CAR;PICKUP,PASSENGER CAR;PICKUP,PASSENGER CAR;PICKUP,PASSENGER CAR
24192;35 FEET FROM SR-1319 JONES FRANKLIN RD;RELATED TO INTERSECTION;STRAIGHT,LEVEL;STATE SECONDARY ROUTE;TWO-WAY,NOT DIVIDED;SMOOTH ASPHALT;WET;DAYLIGHT;RAIN;STOP AND GO SIGNAL;35.756216187;-78.73150706;-78.7301;35.7552;P045;118;0;0;;;NONE;;NONE;;PASSENGER CAR;PASSENGER CAR;;;;NO;3569;2016-10-07;5:17:00 PM;2016-10-07T21:17:00+00:00;35.756216187, -78.73150706;2016;No;No;10;NONE;NONE,NONE;NONE,NONE;PASSENGER CAR,PASSENGER CAR;PASSENGER CAR,PASSENGER CAR;PASSENGER CAR,PASSENGER CAR;PASSENGER CAR,PASSENGER CAR
24197;0 FEET FROM SR 3073 (NW MAYNARD RD);FOUR-WAY INTERSECTION;STRAIGHT,HILLCREST;STATE SECONDARY ROUTE;TWO-WAY,NOT DIVIDED;SMOOTH ASPHALT;WET;DUSK;RAIN;STOP AND GO SIGNAL;;;-78.8048;35.7769;;;0;0;1;;NONE;;NONE;;PASSENGER CAR;PASSENGER CAR;;;;NO;3574;2016-10-07;6:38:08 PM;2016-10-07T22:38:08+00:00;;2016;No;No;10;NONE;NONE,NONE;NONE,NONE;PASSENGER CAR,PASSENGER CAR;PASSENGER CAR,PASSENGER CAR;PASSENGER CAR,PASSENGER CAR;PASSENGER CAR,PASSENGER CAR
24203;100 FEET FROM NC 54 (CHAPEL HILL RD);NO SPECIAL FEATURE;STRAIGHT,LEVEL;NC ROUTE;TWO-WAY,DIVIDED,UNPROTECTED MEDIAN;SMOOTH ASPHALT;WET;DAYLIGHT;RAIN;NO CONTROL PRESENT;35.793429894;-78.78948426;-78.7897;35.7936;P025;111;0;0;;;;;NONE;;SPORT UTILITY;;;;;NO;3580;2016-10-08;4:05:07 PM;2016-10-08T20:05:07+00:00;35.793429894, -78.78948426;2016;No;No;10;;NONE;NONE;SPORT UTILITY;SPORT UTILITY;SPORT UTILITY;SPORT UTILITY
24206;30 FEET FROM US 1 SOUTH HWY OFF RAMP;RELATED TO INTERSECTION;STRAIGHT,LEVEL;US ROUTE;TWO-WAY,DIVIDED,UNPROTECTED MEDIAN;SMOOTH ASPHALT;DRY;DAYLIGHT;CLEAR;STOP AND GO SIGNAL;35.737325471;-78.79285877;-78.7946;35.738;P042;115;0;0;;;;;NONE;;SPORT UTILITY;PASSENGER CAR;;;;NO;3583;2016-10-10;11:49 AM;2016-10-10T15:49:00+00:00;35.737325471, -78.79285877;2016;No;No;10;;NONE;NONE;SPORT UTILITY,PASSENGER CAR;SPORT UTILITY,PASSENGER CAR;SPORT UTILITY,PASSENGER CAR;SPORT UTILITY,PASSENGER CAR
24214;CARY;;;;;;;;;;;;;;;;0;0;;;;;;;;;;;;;3591;2016-10-10;5:04:55 PM;2016-10-10T21:04:55+00:00;;2016;No;No;10;;;;;;;
24217;10 FEET FROM MADISON AVE;NO SPECIAL FEATURE;STRAIGHT,LEVEL;LOCAL STREET;TWO-WAY,NOT DIVIDED;SMOOTH ASPHALT;DRY;DARK - LIGHTED ROADWAY;CLEAR;NO CONTROL PRESENT;35.788523337;-78.79154836;-78.7916;35.7885;P026;114;0;0;;;NONE;;NONE;;;;;;;NO;3594;2016-10-11;1:34:11 AM;2016-10-11T05:34:11+00:00;35.788523337, -78.79154836;2016;No;No;10;NONE;NONE,NONE;NONE,NONE;;;;
24218;100 FEET FROM CHAPEL HILL RD;NO SPECIAL FEATURE;STRAIGHT,LEVEL;LOCAL STREET;TWO-WAY,NOT DIVIDED;SMOOTH ASPHALT;WET;DARK - LIGHTED ROADWAY;RAIN;NO CONTROL PRESENT;35.793429894;-78.78948426;-78.7896;35.7935;P025;111;0;0;;;NONE;;NONE;;;;;;;NO;3595;2016-10-07;5:27:35 PM;2016-10-07T21:27:35+00:00;35.793429894, -78.78948426;2016;No;No;10;NONE;NONE,NONE;NONE,NONE;;;;
24226;.25 MILES FROM PVA 848 SE MAYNARD RD;NO SPECIAL FEATURE;STRAIGHT,LEVEL;PUBLIC VEHICULAR AREA;TWO-WAY,NOT DIVIDED;SMOOTH ASPHALT;DRY;DAYLIGHT;CLEAR;NO CONTROL PRESENT;35.798861752;-78.30952008;-78.7639;35.7732;P119;RALW;0;0;;;NONE;;NONE;;PASSENGER CAR;PASSENGER CAR;;;;NO;3603;2016-10-10;12:53 PM;2016-10-10T16:53:00+00:00;35.798861752, -78.30952008;2016;No;No;10;NONE;NONE,NONE;NONE,NONE;PASSENGER CAR,PASSENGER CAR;PASSENGER CAR,PASSENGER CAR;PASSENGER CAR,PASSENGER CAR;PASSENGER CAR,PASSENGER CAR
24228;CARY;T-INTERSECTION;STRAIGHT,LEVEL;LOCAL STREET;TWO-WAY,NOT DIVIDED;SMOOTH ASPHALT;DRY;DARK - LIGHTED ROADWAY;CLEAR;STOP SIGN;35.820643909;-78.78310091;-78.7828;35.8208;P080;111;0;0;2;;NONE;;NONE;;PASSENGER CAR;PASSENGER CAR;;;;NO;3605;2016-10-10;6:57:59 PM;2016-10-10T22:57:59+00:00;35.820643909, -78.78310091;2016;No;No;10;NONE;NONE,NONE;NONE,NONE;PASSENGER CAR,PASSENGER CAR;PASSENGER CAR,PASSENGER CAR;PASSENGER CAR,PASSENGER CAR;PASSENGER CAR,PASSENGER CAR
24232;0 FEET FROM CROSSROADS BLVD;FOUR-WAY INTERSECTION;STRAIGHT,LEVEL;PUBLIC VEHICULAR AREA;TWO-WAY,NOT DIVIDED;SMOOTH ASPHALT;DRY;DARK - LIGHTED ROADWAY;CLOUDY;STOP SIGN;35.761266214;-78.7418746;-78.733172;35.757598;P120;118;0;0;;;NONE;;NONE;;PASSENGER CAR;VAN;;;;NO;3609;2016-10-06;1:48:54 AM;2016-10-06T05:48:54+00:00;35.761266214, -78.7418746;2016;No;No;10;NONE;NONE,NONE;NONE,NONE;PASSENGER CAR,VAN;PASSENGER CAR,VAN;PASSENGER CAR,VAN;PASSENGER CAR,VAN
24238;100 FEET FROM (PVA) OF 123 MIDDLE CREEK PARK;NO SPECIAL FEATURE;STRAIGHT,LEVEL;PUBLIC VEHICULAR AREA;TWO-WAY,NOT DIVIDED;SMOOTH ASPHALT;DRY;DAYLIGHT;CLEAR;NO CONTROL PRESENT;35.911314227;-78.48065062;-78.7613;35.6691;P119;RALW;0;0;1;;NONE;;NONE;;PASSENGER CAR;PASSENGER CAR;;;;NO;3615;2016-10-11;2:32:15 PM;2016-10-11T18:32:15+00:00;35.911314227, -78.48065062;2016;No;No;10;NONE;NONE,NONE;NONE,NONE;PASSENGER CAR,PASSENGER CAR;PASSENGER CAR,PASSENGER CAR;PASSENGER CAR,PASSENGER CAR;PASSENGER CAR,PASSENGER CAR
24241;.05 MILES FROM US 1 HWY;NO SPECIAL FEATURE;STRAIGHT,LEVEL;US ROUTE;TWO-WAY,DIVIDED,POSITIVE MEDIAN BARRIER;GROOVED CONCRETE;DRY;DUSK;CLEAR;NO CONTROL PRESENT;;;-78.7781;35.745;;;0;0;;;NONE;;NONE;;PASSENGER CAR;;;;;NO;3618;2016-10-11;6:07:49 PM;2016-10-11T22:07:49+00:00;;2016;No;No;10;NONE;NONE,NONE;NONE,NONE;PASSENGER CAR;PASSENGER CAR;PASSENGER CAR;PASSENGER CAR
24245;156 FEET FROM US 1 HWY NB;NO SPECIAL FEATURE;STRAIGHT,LEVEL;US ROUTE;TWO-WAY,DIVIDED,POSITIVE MEDIAN BARRIER;SMOOTH ASPHALT;DRY;DAYLIGHT;CLOUDY;NO CONTROL PRESENT;35.736779439;-78.78759801;-78.7936;35.7368;P042;115;0;1;;;NONE;;NONE;;PASSENGER CAR;PICKUP;;;;NO;3622;2016-10-11;5:47:51 PM;2016-10-11T21:47:51+00:00;35.736779439, -78.78759801;2016;No;Yes;10;NONE;NONE,NONE;NONE,NONE;PASSENGER CAR,PICKUP;PASSENGER CAR,PICKUP;PASSENGER CAR,PICKUP;PASSENGER CAR,PICKUP
24248;CARY;FOUR-WAY INTERSECTION;STRAIGHT,GRADE;LOCAL STREET;TWO-WAY,DIVIDED,UNPROTECTED MEDIAN;SMOOTH ASPHALT;DRY;DAYLIGHT;CLEAR;STOP SIGN;35.860953686;-78.89622502;-78.8962;35.8607;P074;119;0;0;;;NONE;;NONE;;PASSENGER CAR;;;;;NO;3625;2016-10-12;7:34:09 AM;2016-10-12T11:34:09+00:00;35.860953686, -78.89622502;2016;No;No;10;NONE;NONE,NONE;NONE,NONE;PASSENGER CAR;PASSENGER CAR;PASSENGER CAR;PASSENGER CAR
24253;0.30 MILES FROM SR 3977 (SW CARY PKWY);RELATED TO INTERSECTION;CURVE,HILLCREST;STATE SECONDARY ROUTE;TWO-WAY,DIVIDED,UNPROTECTED MEDIAN;SMOOTH ASPHALT;DRY;DAYLIGHT;CLEAR;STOP AND GO SIGNAL;;;-78.7931;35.7567;;;0;1;;;;;NONE;;PASSENGER CAR;SPORT UTILITY;;;;NO;3630;2016-10-12;8:06:23 AM;2016-10-12T12:06:23+00:00;;2016;No;Yes;10;;NONE;NONE;PASSENGER CAR,SPORT UTILITY;PASSENGER CAR,SPORT UTILITY;PASSENGER CAR,SPORT UTILITY;PASSENGER CAR,SPORT UTILITY
24259;50 FEET FROM SR 1415 (SE MAYNARD RD);NO SPECIAL FEATURE;STRAIGHT,LEVEL;STATE SECONDARY ROUTE;TWO-WAY,NOT DIVIDED;SMOOTH ASPHALT;DRY;DAYLIGHT;CLEAR;NO CONTROL PRESENT;;;-78.7641;35.7822;;;0;0;;;NONE;;NONE;;PASSENGER CAR;PASSENGER CAR;;;;NO;3636;2016-10-12;6:45:51 PM;2016-10-12T22:45:51+00:00;;2016;No;No;10;NONE;NONE,NONE;NONE,NONE;PASSENGER CAR,PASSENGER CAR;PASSENGER CAR,PASSENGER CAR;PASSENGER CAR,PASSENGER CAR;PASSENGER CAR,PASSENGER CAR
24265;50 FEET FROM 4212 PRESTON GROVE AV;NO SPECIAL FEATURE;STRAIGHT,LEVEL;PUBLIC VEHICULAR AREA;TWO-WAY,NOT DIVIDED;SMOOTH ASPHALT;DRY;DAYLIGHT;CLEAR;NO CONTROL PRESENT;;;-78.8288;35.7906;;;0;0;;;NONE;;NONE;;SPORT UTILITY;LIGHT TRUCK (MINI-VAN- PANEL);;;;NO;3642;2016-10-12;12:47 PM;2016-10-12T16:47:00+00:00;;2016;No;No;10;NONE;NONE,NONE;NONE,NONE;SPORT UTILITY,LIGHT TRUCK (MINI-VAN- PANEL);SPORT UTILITY,LIGHT TRUCK (MINI-VAN- PANEL);SPORT UTILITY,LIGHT TRUCK (MINI-VAN- PANEL);SPORT UTILITY,LIGHT TRUCK (MINI-VAN- PANEL)
24273;CARY;FOUR-WAY INTERSECTION;STRAIGHT,LEVEL;STATE SECONDARY ROUTE;TWO-WAY,NOT DIVIDED;SMOOTH ASPHALT;DRY;DUSK;CLEAR;STOP SIGN;;;-78.8039;35.7388;;;0;0;1;;NONE;;NONE;;PASSENGER CAR;PASSENGER CAR;;;;NO;3650;2016-10-13;6:54:05 PM;2016-10-13T22:54:05+00:00;;2016;No;No;10;NONE;NONE,NONE;NONE,NONE;PASSENGER CAR,PASSENGER CAR;PASSENGER CAR,PASSENGER CAR;PASSENGER CAR,PASSENGER CAR;PASSENGER CAR,PASSENGER CAR
24275;.3 MILES FROM US1;NO SPECIAL FEATURE;STRAIGHT,LEVEL;US ROUTE;TWO-WAY,DIVIDED,POSITIVE MEDIAN BARRIER;GROOVED CONCRETE;DRY;DAYLIGHT;CLEAR;NO CONTROL PRESENT;35.742183387;-78.77858069;-78.7557;35.7571;P044;115;0;2;3;;;;NONE;;PASSENGER CAR;PASSENGER CAR;;;;NO;3652;2016-10-12;8:59:41 PM;2016-10-13T00:59:41+00:00;35.742183387, -78.77858069;2016;No;Yes;10;;NONE;NONE;PASSENGER CAR,PASSENGER CAR;PASSENGER CAR,PASSENGER CAR;PASSENGER CAR,PASSENGER CAR;PASSENGER CAR,PASSENGER CAR
24281;100 FEET FROM PVA 1253 BUCK JONES RD;DRIVEWAY, PUBLIC;STRAIGHT,LEVEL;PUBLIC VEHICULAR AREA;ONE-WAY,NOT DIVIDED;SMOOTH ASPHALT;DRY;DAYLIGHT;CLEAR;NO CONTROL PRESENT;35.742183387;-78.77858069;-78.740233;35.765958;P044;115;0;0;;;;;NONE;;SPORT UTILITY;PASSENGER CAR;;;;NO;3658;2016-10-12;8:59:41 PM;2016-10-13T00:59:41+00:00;35.742183387, -78.77858069;2016;No;No;10;;NONE;NONE;SPORT UTILITY,PASSENGER CAR;SPORT UTILITY,PASSENGER CAR;SPORT UTILITY,PASSENGER CAR;SPORT UTILITY,PASSENGER CAR
24282;16 FEET FROM NC 54 ( NW MAYNARD RD );FOUR-WAY INTERSECTION;STRAIGHT,LEVEL;STATE SECONDARY ROUTE;TWO-WAY,DIVIDED,UNPROTECTED MEDIAN;SMOOTH ASPHALT;DRY;DARK - LIGHTED ROADWAY;CLEAR;STOP AND GO SIGNAL;;;-78.7947;35.7997;;;0;1;1;;NONE;;NONE;;PASSENGER CAR;PASSENGER CAR;;;;NO;3659;2016-10-13;1:25:41 AM;2016-10-13T05:25:41+00:00;;2016;No;Yes;10;NONE;NONE,NONE;NONE,NONE;PASSENGER CAR,PASSENGER CAR;PASSENGER CAR,PASSENGER CAR;PASSENGER CAR,PASSENGER CAR;PASSENGER CAR,PASSENGER CAR
24295;350 FEET FROM SR# 1009 (TRYON RD);NO SPECIAL FEATURE;STRAIGHT,GRADE;STATE SECONDARY ROUTE;TWO-WAY,DIVIDED,UNPROTECTED MEDIAN;SMOOTH ASPHALT;DRY;DAYLIGHT;CLEAR;NO CONTROL PRESENT;;;-78.75;35.74;;118;0;0;;;NONE;;NONE;;PICKUP;SINGLE UNIT TRUCK (2-AXLE- 6-TIRE);;;;NO;3672;2016-10-14;12:54 PM;2016-10-14T16:54:00+00:00;;2016;No;No;10;NONE;NONE,NONE;NONE,NONE;PICKUP,SINGLE UNIT TRUCK (2-AXLE- 6-TIRE);PICKUP,SINGLE UNIT TRUCK (2-AXLE- 6-TIRE);PICKUP,SINGLE UNIT TRUCK (2-AXLE- 6-TIRE);PICKUP,SINGLE UNIT TRUCK (2-AXLE- 6-TIRE)
24296;CARY;;;;;;;;;;;;;;;;0;0;;;;;;;;;;;;;3673;2016-10-05;4:31:14 PM;2016-10-05T20:31:14+00:00;;2016;No;No;10;;;;;;;
24298;20 FEET FROM PVA 651 CARY TOWNE BLVD;NO SPECIAL FEATURE;STRAIGHT,LEVEL;LOCAL STREET;TWO-WAY,DIVIDED,UNPROTECTED MEDIAN;SMOOTH ASPHALT;DRY;DAYLIGHT;CLEAR;STOP AND GO SIGNAL;;;-78.7662;35.7757;;;0;0;;;NONE;;NONE;;PASSENGER CAR;PASSENGER CAR;;;;NO;3675;2016-10-15;3:44:49 PM;2016-10-15T19:44:49+00:00;;2016;No;No;10;NONE;NONE,NONE;NONE,NONE;PASSENGER CAR,PASSENGER CAR;PASSENGER CAR,PASSENGER CAR;PASSENGER CAR,PASSENGER CAR;PASSENGER CAR,PASSENGER CAR
24299;40 FEET FROM PVA 4248 SW CARY PKWY (LE FARM;DRIVEWAY, PUBLIC;STRAIGHT,LEVEL;PUBLIC VEHICULAR AREA;TWO-WAY,NOT DIVIDED;SMOOTH ASPHALT;DRY;DAYLIGHT;CLEAR;NO CONTROL PRESENT;35.789244883;-78.82980536;-78.827251;35.79042;P018;117;0;0;1;;NONE;;NONE;;PASSENGER CAR;PASSENGER CAR;;;;NO;3676;2016-10-16;10:29 AM;2016-10-16T14:29:00+00:00;35.789244883, -78.82980536;2016;No;No;10;NONE;NONE,NONE;NONE,NONE;PASSENGER CAR,PASSENGER CAR;PASSENGER CAR,PASSENGER CAR;PASSENGER CAR,PASSENGER CAR;PASSENGER CAR,PASSENGER CAR
24310;200 FEET FROM PVA 9455 NC 54(CHAPEL HILL RD);NO SPECIAL FEATURE;STRAIGHT,LEVEL;NC ROUTE;TWO-WAY,NOT DIVIDED;SOIL;DRY;DAYLIGHT;CLEAR;NO CONTROL PRESENT;35.801296105;-78.80519545;-78.8045;35.8021;P023;111;0;0;;;;;NONE;;PASSENGER CAR;PASSENGER CAR;;;;NO;3687;2016-10-15;2:10:34 PM;2016-10-15T18:10:34+00:00;35.801296105, -78.80519545;2016;No;No;10;;NONE;NONE;PASSENGER CAR,PASSENGER CAR;PASSENGER CAR,PASSENGER CAR;PASSENGER CAR,PASSENGER CAR;PASSENGER CAR,PASSENGER CAR
24311;335 FEET FROM SR-1010 (TEN TEN RD);NO SPECIAL FEATURE;STRAIGHT,LEVEL;STATE SECONDARY ROUTE;TWO-WAY,NOT DIVIDED;SMOOTH ASPHALT;DRY;DAYLIGHT;CLEAR;NO CONTROL PRESENT;;;-78.77;35.6939;;;0;0;1;;;;NONE;;SPORT UTILITY;;;;;NO;3688;2016-10-15;12:27 PM;2016-10-15T16:27:00+00:00;;2016;No;No;10;;NONE;NONE;SPORT UTILITY;SPORT UTILITY;SPORT UTILITY;SPORT UTILITY
24314;100 FEET FROM 1145 EXECUTIVE CIR;NO SPECIAL FEATURE;STRAIGHT,LEVEL;PUBLIC VEHICULAR AREA;TWO-WAY,NOT DIVIDED;SMOOTH ASPHALT;DRY;DAYLIGHT;CLEAR;NO CONTROL PRESENT;;;-78.780718;35.767303;;;0;0;;;NONE;;NONE;;PICKUP;PASSENGER CAR;;;;NO;3691;2016-10-13;1:19:47 PM;2016-10-13T17:19:47+00:00;;2016;No;No;10;NONE;NONE,NONE;NONE,NONE;PICKUP,PASSENGER CAR;PICKUP,PASSENGER CAR;PICKUP,PASSENGER CAR;PICKUP,PASSENGER CAR
24315;10 FEET FROM CHARLEVILLE CT;T-INTERSECTION;STRAIGHT,HILLCREST;LOCAL STREET;TWO-WAY,NOT DIVIDED;SMOOTH ASPHALT;DRY;DAYLIGHT;CLEAR;STOP SIGN;35.81229888;-78.84826521;-78.8486;35.8122;P079;121;0;0;;;NONE;;NONE;;SPORT UTILITY;PASSENGER CAR;;;;NO;3692;2016-10-14;3:59:48 PM;2016-10-14T19:59:48+00:00;35.81229888, -78.84826521;2016;No;No;10;NONE;NONE,NONE;NONE,NONE;SPORT UTILITY,PASSENGER CAR;SPORT UTILITY,PASSENGER CAR;SPORT UTILITY,PASSENGER CAR;SPORT UTILITY,PASSENGER CAR
24320;.1 MILES FROM PVA(2370 WALNUT ST);NO SPECIAL FEATURE;STRAIGHT,LEVEL;PUBLIC VEHICULAR AREA;TWO-WAY,NOT DIVIDED;SMOOTH ASPHALT;DRY;DAYLIGHT;CLEAR;STOP SIGN;35.752775776;-78.74424155;-78.4442;35.7542;P120;118;0;0;;;;;NONE;;PASSENGER CAR;PASSENGER CAR;;;;NO;3697;2016-10-16;12:44 PM;2016-10-16T16:44:00+00:00;35.752775776, -78.74424155;2016;No;No;10;;NONE;NONE;PASSENGER CAR,PASSENGER CAR;PASSENGER CAR,PASSENGER CAR;PASSENGER CAR,PASSENGER CAR;PASSENGER CAR,PASSENGER CAR
24330;.02 MILES FROM SR 1313 (WALNUT ST);RELATED TO INTERSECTION;STRAIGHT,LEVEL;STATE SECONDARY ROUTE;TWO-WAY,DIVIDED,UNPROTECTED MEDIAN;SMOOTH ASPHALT;DRY;DAYLIGHT;CLEAR;STOP AND GO SIGNAL;35.750340639;-78.74101341;-78.7412;35.7524;P093;WAKE;0;0;;;;;NONE;;PASSENGER CAR;VAN;;;;NO;3707;2016-10-17;1:25:59 PM;2016-10-17T17:25:59+00:00;35.750340639, -78.74101341;2016;No;No;10;;NONE;NONE;PASSENGER CAR,VAN;PASSENGER CAR,VAN;PASSENGER CAR,VAN;PASSENGER CAR,VAN
24335;15 FEET FROM SR1300 KILDAIRE FARM RD;RELATED TO INTERSECTION;STRAIGHT,LEVEL;STATE SECONDARY ROUTE;TWO-WAY,DIVIDED,UNPROTECTED MEDIAN;SMOOTH ASPHALT;DRY;DAYLIGHT;CLEAR;STOP AND GO SIGNAL;;;-78.785261;35.7579769;;;0;0;;;;;NONE;;PASSENGER CAR;PASSENGER CAR;;;;NO;3712;2016-10-17;4:31:53 PM;2016-10-17T20:31:53+00:00;;2016;No;No;10;;NONE;NONE;PASSENGER CAR,PASSENGER CAR;PASSENGER CAR,PASSENGER CAR;PASSENGER CAR,PASSENGER CAR;PASSENGER CAR,PASSENGER CAR
24336;CARY;NO SPECIAL FEATURE;STRAIGHT,LEVEL;PUBLIC VEHICULAR AREA;TWO-WAY,NOT DIVIDED;SMOOTH ASPHALT;DRY;UNKNOWN;CLEAR;NO CONTROL PRESENT;35.708900905;-78.69614875;-78.7746;35.8053;P119;RALW;0;0;;;UNKNOWN;;;;UNKNOWN;PASSENGER CAR;;;;NO;3713;2016-10-17;4:27:17 PM;2016-10-17T20:27:17+00:00;35.708900905, -78.69614875;2016;No;No;10;UNKNOWN;UNKNOWN;UNKNOWN;UNKNOWN,PASSENGER CAR;UNKNOWN,PASSENGER CAR;UNKNOWN,PASSENGER CAR;UNKNOWN,PASSENGER CAR
24337;CARY;FOUR-WAY INTERSECTION;STRAIGHT,LEVEL;STATE SECONDARY ROUTE;TWO-WAY,DIVIDED,UNPROTECTED MEDIAN;SMOOTH ASPHALT;DRY;DAYLIGHT;CLEAR;STOP AND GO SIGNAL;35.780536224;-78.83743485;-78.837714;35.780488;P018;117;0;1;;;NONE;;NONE;;PASSENGER CAR;;;;;NO;3714;2016-10-17;3:47:47 PM;2016-10-17T19:47:47+00:00;35.780536224, -78.83743485;2016;No;Yes;10;NONE;NONE,NONE;NONE,NONE;PASSENGER CAR;PASSENGER CAR;PASSENGER CAR;PASSENGER CAR