tamainid;location_description;rdfeature;rdcharacter;rdclass;rdconfigur;rdsurface;rdcondition;lightcond;weather;trafcontrl;lat;lon;lon2;lat2;tract;zone;fatality;possblinj;numpassengers;numpedestrians;contrcir1_desc;contrcir2_desc;contrcir3_desc;contrcir4_desc;vehicle1;vehicle2;vehicle3;vehicle4;vehicle5;workarea;records;ta_date;ta_time;crash_date;geo_location;year;fatalities;injuries;month;contrfact1;contrfact2;contributing_factor;vehicleconcat1;vehicleconcat2;vehicleconcat3;vehicle_type
24346;400 FEET FROM NC 54 (CHAPEL HILL RD);NO SPECIAL FEATURE;STRAIGHT,LEVEL;NC ROUTE;TWO-WAY,DIVIDED,UNPROTECTED MEDIAN;SMOOTH ASPHALT;DRY;DAYLIGHT;CLEAR;NO CONTROL PRESENT;;;;;;;0;0;1;;NONE;;NONE;;PASSENGER CAR;PASSENGER CAR;;;;NO;3723;2016-10-15;3:21:00 PM;2016-10-15T19:21:00+00:00;;2016;No;No;10;NONE;NONE,NONE;NONE,NONE;PASSENGER CAR,PASSENGER CAR;PASSENGER CAR,PASSENGER CAR;PASSENGER CAR,PASSENGER CAR;PASSENGER CAR,PASSENGER CAR
24349;CARY;RELATED TO INTERSECTION;STRAIGHT,LEVEL;STATE SECONDARY ROUTE;TWO-WAY,DIVIDED,UNPROTECTED MEDIAN;SMOOTH ASPHALT;DRY;DAYLIGHT;CLEAR;STOP AND GO SIGNAL;;;-78.792862;35.799655;;111;0;0;2;;;;NONE;;PASSENGER CAR;SPORT UTILITY;;;;NO;3726;2016-10-15;10:44 AM;2016-10-15T14:44:00+00:00;;2016;No;No;10;;NONE;NONE;PASSENGER CAR,SPORT UTILITY;PASSENGER CAR,SPORT UTILITY;PASSENGER CAR,SPORT UTILITY;PASSENGER CAR,SPORT UTILITY
24350;CARY;NO SPECIAL FEATURE;STRAIGHT,LEVEL;LOCAL STREET;TWO-WAY,NOT DIVIDED;SMOOTH ASPHALT;DRY;DAYLIGHT;CLEAR;STOP SIGN;35.768214563;-78.7957234;-78.7958;35.7682;P037;115;0;0;1;;;;NONE;;SPORT UTILITY;PASSENGER CAR;;;;NO;3727;2016-10-18;11:43 AM;2016-10-18T15:43:00+00:00;35.768214563, -78.7957234;2016;No;No;10;;NONE;NONE;SPORT UTILITY,PASSENGER CAR;SPORT UTILITY,PASSENGER CAR;SPORT UTILITY,PASSENGER CAR;SPORT UTILITY,PASSENGER CAR
24352;.1 MILES FROM PVA OF 1301 KILDAIRE FARM RD.;T-INTERSECTION;STRAIGHT,LEVEL;PUBLIC VEHICULAR AREA;TWO-WAY,NOT DIVIDED;SMOOTH ASPHALT;DRY;DAYLIGHT;CLEAR;NO CONTROL PRESENT;35.761476972;-78.78264015;-78.7822;35.7611;P027;112;0;0;;;;;NONE;;PASSENGER CAR;PICKUP;;;;NO;3729;2016-10-18;11:48 AM;2016-10-18T15:48:00+00:00;35.761476972, -78.78264015;2016;No;No;10;;NONE;NONE;PASSENGER CAR,PICKUP;PASSENGER CAR,PICKUP;PASSENGER CAR,PICKUP;PASSENGER CAR,PICKUP
24355;.1 MILES FROM NC 54 (CHAPEL HILL RD);RELATED TO INTERSECTION;STRAIGHT,LEVEL;NC ROUTE;TWO-WAY,DIVIDED,UNPROTECTED MEDIAN;SMOOTH ASPHALT;DRY;DAYLIGHT;CLEAR;STOP AND GO SIGNAL;35.795165421;-78.76343141;-78.764;35.794;P034;113;0;0;;;;;NONE;;PASSENGER CAR;PICKUP;;;;NO;3732;2016-10-18;6:10:06 PM;2016-10-18T22:10:06+00:00;35.795165421, -78.76343141;2016;No;No;10;;NONE;NONE;PASSENGER CAR,PICKUP;PASSENGER CAR,PICKUP;PASSENGER CAR,PICKUP;PASSENGER CAR,PICKUP
24359;50 FEET FROM 638 WALNUT ST;NO SPECIAL FEATURE;STRAIGHT,GRADE;PUBLIC VEHICULAR AREA;ONE-WAY,NOT DIVIDED;COARSE ASPHALT;DRY;DAYLIGHT;CLEAR;NO CONTROL PRESENT;35.782538145;-78.77849972;;;P059;120;0;0;;;NONE;;NONE;;UNKNOWN;PASSENGER CAR;;;;NO;3736;2016-10-18;7:53:29 AM;2016-10-18T11:53:29+00:00;35.782538145, -78.77849972;2016;No;No;10;NONE;NONE,NONE;NONE,NONE;UNKNOWN,PASSENGER CAR;UNKNOWN,PASSENGER CAR;UNKNOWN,PASSENGER CAR;UNKNOWN,PASSENGER CAR
24360;CARY;FOUR-WAY INTERSECTION;STRAIGHT,LEVEL;US ROUTE;TWO-WAY,DIVIDED,UNPROTECTED MEDIAN;SMOOTH ASPHALT;DRY;DAYLIGHT;CLEAR;STOP AND GO SIGNAL;35.741518304;-78.80973072;-78.8101;35.7417;P041;116;0;0;;;NONE;;NONE;;PASSENGER CAR;PASSENGER CAR;;;;NO;3737;2016-10-19;7:51:04 AM;2016-10-19T11:51:04+00:00;35.741518304, -78.80973072;2016;No;No;10;NONE;NONE,NONE;NONE,NONE;PASSENGER CAR,PASSENGER CAR;PASSENGER CAR,PASSENGER CAR;PASSENGER CAR,PASSENGER CAR;PASSENGER CAR,PASSENGER CAR
24361;.5 MILES FROM US 1;NO SPECIAL FEATURE;STRAIGHT,LEVEL;US ROUTE;TWO-WAY,DIVIDED,POSITIVE MEDIAN BARRIER;CONCRETE;DRY;DAWN;CLEAR;NO CONTROL PRESENT;;;-78.8032;35.7817;;;0;0;;;NONE;;NONE;;PASSENGER CAR;PASSENGER CAR;;;;NO;3738;2016-10-19;6:41:32 AM;2016-10-19T10:41:32+00:00;;2016;No;No;10;NONE;NONE,NONE;NONE,NONE;PASSENGER CAR,PASSENGER CAR;PASSENGER CAR,PASSENGER CAR;PASSENGER CAR,PASSENGER CAR;PASSENGER CAR,PASSENGER CAR
24365;30 FEET FROM 1401 BUCK JONES RD;NO SPECIAL FEATURE;STRAIGHT,LEVEL;PUBLIC VEHICULAR AREA;TWO-WAY,NOT DIVIDED;SMOOTH ASPHALT;DRY;DARK - LIGHTED ROADWAY;CLEAR;NO CONTROL PRESENT;35.767659152;-78.74094236;-78.74332;35.764462;P083;112;0;0;2;;NONE;;NONE;;PASSENGER CAR;VAN;;;;NO;3742;2016-10-18;11:29 PM;2016-10-19T03:29:00+00:00;35.767659152, -78.74094236;2016;No;No;10;NONE;NONE,NONE;NONE,NONE;PASSENGER CAR,VAN;PASSENGER CAR,VAN;PASSENGER CAR,VAN;PASSENGER CAR,VAN
24375;CARY;NO SPECIAL FEATURE;STRAIGHT,LEVEL;PUBLIC VEHICULAR AREA;ONE-WAY,NOT DIVIDED;SMOOTH ASPHALT;DRY;DARK - ROADWAY NOT LIGHTED;CLEAR;NO CONTROL PRESENT;;;-78.740374;35.760804;;118;0;0;2;;NONE;;NONE;;SPORT UTILITY;PASSENGER CAR;;;;NO;3752;2016-10-18;9:43:09 PM;2016-10-19T01:43:09+00:00;;2016;No;No;10;NONE;NONE,NONE;NONE,NONE;SPORT UTILITY,PASSENGER CAR;SPORT UTILITY,PASSENGER CAR;SPORT UTILITY,PASSENGER CAR;SPORT UTILITY,PASSENGER CAR
24379;150 FEET FROM 638 WALNUT ST;NO SPECIAL FEATURE;STRAIGHT,GRADE;PUBLIC VEHICULAR AREA;ONE-WAY,NOT DIVIDED;COARSE ASPHALT;DRY;DAYLIGHT;CLEAR;NO CONTROL PRESENT;35.782538145;-78.77849972;;;P059;120;0;0;;;NONE;;NONE;;PASSENGER CAR;SPORT UTILITY;;;;NO;3756;2016-10-19;10:12 AM;2016-10-19T14:12:00+00:00;35.782538145, -78.77849972;2016;No;No;10;NONE;NONE,NONE;NONE,NONE;PASSENGER CAR,SPORT UTILITY;PASSENGER CAR,SPORT UTILITY;PASSENGER CAR,SPORT UTILITY;PASSENGER CAR,SPORT UTILITY
24390;CARY;FOUR-WAY INTERSECTION;STRAIGHT,LEVEL;STATE SECONDARY ROUTE;TWO-WAY,NOT DIVIDED;SMOOTH ASPHALT;DRY;DAYLIGHT;CLEAR;STOP AND GO SIGNAL;;;-78.7622;35.8321;;;0;0;;;;;NONE;;PICKUP;PASSENGER CAR;;;;NO;3767;2016-10-20;5:28:52 PM;2016-10-20T21:28:52+00:00;;2016;No;No;10;;NONE;NONE;PICKUP,PASSENGER CAR;PICKUP,PASSENGER CAR;PICKUP,PASSENGER CAR;PICKUP,PASSENGER CAR
24392;200 FEET FROM NC 55 HWY;NO SPECIAL FEATURE;STRAIGHT,LEVEL;NC ROUTE;TWO-WAY,DIVIDED,UNPROTECTED MEDIAN;SMOOTH ASPHALT;DRY;DARK - ROADWAY NOT LIGHTED;CLEAR;STOP AND GO SIGNAL;;;-78.872876;35.814214;;122;0;0;2;;NONE;;NONE;;PASSENGER CAR;SPORT UTILITY;;;;NO;3769;2016-10-18;8:50:59 PM;2016-10-19T00:50:59+00:00;;2016;No;No;10;NONE;NONE,NONE;NONE,NONE;PASSENGER CAR,SPORT UTILITY;PASSENGER CAR,SPORT UTILITY;PASSENGER CAR,SPORT UTILITY;PASSENGER CAR,SPORT UTILITY
24400;.6 MILES FROM US 1 HWY;NO SPECIAL FEATURE;STRAIGHT,LEVEL;US ROUTE;TWO-WAY,DIVIDED,POSITIVE MEDIAN BARRIER;SMOOTH ASPHALT;DRY;DAYLIGHT;CLEAR;NO CONTROL PRESENT;;;-78.75449;35.757343;;;0;2;3;;NONE;;NONE;;PASSENGER CAR;PASSENGER CAR;PASSENGER CAR;;;NO;3777;2016-10-21;7:13:16 AM;2016-10-21T11:13:16+00:00;;2016;No;Yes;10;NONE;NONE,NONE;NONE,NONE;PASSENGER CAR,PASSENGER CAR;PASSENGER CAR,PASSENGER CAR,PASSENGER CAR;PASSENGER CAR,PASSENGER CAR,PASSENGER CAR;PASSENGER CAR,PASSENGER CAR,PASSENGER CAR
24408;CARY;;;;;;;;;;;;;;;;0;0;;;;;;;;;;;;;3785;2016-10-18;11:59 AM;2016-10-18T15:59:00+00:00;;2016;No;No;10;;;;;;;
24409;200 FEET FROM SR 1313 (WALNUT ST);NO SPECIAL FEATURE;STRAIGHT,LEVEL;STATE SECONDARY ROUTE;TWO-WAY,DIVIDED,POSITIVE MEDIAN BARRIER;SMOOTH ASPHALT;DRY;DAYLIGHT;CLEAR;FLASHING STOP AND GO SIGNAL;;;-78.7426;35.7596;;;0;0;;;;;NONE;;PASSENGER CAR;PASSENGER CAR;;;;NO;3786;2016-10-23;12:44 PM;2016-10-23T16:44:00+00:00;;2016;No;No;10;;NONE;NONE;PASSENGER CAR,PASSENGER CAR;PASSENGER CAR,PASSENGER CAR;PASSENGER CAR,PASSENGER CAR;PASSENGER CAR,PASSENGER CAR
24421;CARY;RELATED TO INTERSECTION;STRAIGHT,LEVEL;NC ROUTE;TWO-WAY,DIVIDED,POSITIVE MEDIAN BARRIER;COARSE ASPHALT;DRY;DAYLIGHT;CLEAR;STOP AND GO SIGNAL;;;-78.7827;35.8027;;;0;0;;;NONE;;NONE;;PASSENGER CAR;PICKUP;;;;NO;3798;2016-10-23;11:09 AM;2016-10-23T15:09:00+00:00;;2016;No;No;10;NONE;NONE,NONE;NONE,NONE;PASSENGER CAR,PICKUP;PASSENGER CAR,PICKUP;PASSENGER CAR,PICKUP;PASSENGER CAR,PICKUP
24427;50 FEET FROM SR-1010 (TEN TEN RD);RELATED TO INTERSECTION;STRAIGHT,LEVEL;STATE SECONDARY ROUTE;TWO-WAY,NOT DIVIDED;SMOOTH ASPHALT;DRY;DUSK;CLOUDY;STOP AND GO SIGNAL;35.703294147;-78.79430915;-78.7947;35.7031;P052;116;0;0;2;;NONE;;NONE;;PASSENGER CAR;LIGHT TRUCK (MINI-VAN- PANEL);;;;NO;3804;2016-10-21;5:49:14 PM;2016-10-21T21:49:14+00:00;35.703294147, -78.79430915;2016;No;No;10;NONE;NONE,NONE;NONE,NONE;PASSENGER CAR,LIGHT TRUCK (MINI-VAN- PANEL);PASSENGER CAR,LIGHT TRUCK (MINI-VAN- PANEL);PASSENGER CAR,LIGHT TRUCK (MINI-VAN- PANEL);PASSENGER CAR,LIGHT TRUCK (MINI-VAN- PANEL)
24430;.12 MILES FROM SR 3073 (NW MAYNARD RD);NO SPECIAL FEATURE;STRAIGHT,LEVEL;STATE SECONDARY ROUTE;TWO-WAY,DIVIDED,UNPROTECTED MEDIAN;SMOOTH ASPHALT;DRY;DAYLIGHT;CLEAR;NO CONTROL PRESENT;;;-78.81;35.7851;;;0;2;1;;NONE;;NONE;;PICKUP;LIGHT TRUCK (MINI-VAN- PANEL);;;;NO;3807;2016-10-21;5:48:58 PM;2016-10-21T21:48:58+00:00;;2016;No;Yes;10;NONE;NONE,NONE;NONE,NONE;PICKUP,LIGHT TRUCK (MINI-VAN- PANEL);PICKUP,LIGHT TRUCK (MINI-VAN- PANEL);PICKUP,LIGHT TRUCK (MINI-VAN- PANEL);PICKUP,LIGHT TRUCK (MINI-VAN- PANEL)
24435;.10 MILES FROM SR-1300 (KILDAIRE FARM RD);FOUR-WAY INTERSECTION;STRAIGHT,LEVEL;STATE SECONDARY ROUTE;TWO-WAY,DIVIDED,UNPROTECTED MEDIAN;SMOOTH ASPHALT;DRY;DAYLIGHT;CLEAR;STOP AND GO SIGNAL;;;-78.7783;35.7371;;;0;0;1;;;;NONE;;SPORT UTILITY;VAN;;;;NO;3812;2016-10-22;12:51 PM;2016-10-22T16:51:00+00:00;;2016;No;No;10;;NONE;NONE;SPORT UTILITY,VAN;SPORT UTILITY,VAN;SPORT UTILITY,VAN;SPORT UTILITY,VAN
24443;200 FEET FROM PVA 101 REED ST.;NO SPECIAL FEATURE;STRAIGHT,LEVEL;PUBLIC VEHICULAR AREA;TWO-WAY,NOT DIVIDED;SMOOTH ASPHALT;DRY;DAYLIGHT;CLEAR;NO CONTROL PRESENT;35.790149498;-78.76287117;-78.7626;35.79;P056;120;0;0;2;;NONE;;NONE;;PASSENGER CAR;PICKUP;;;;NO;3820;2016-10-23;4:22:46 PM;2016-10-23T20:22:46+00:00;35.790149498, -78.76287117;2016;No;No;10;NONE;NONE,NONE;NONE,NONE;PASSENGER CAR,PICKUP;PASSENGER CAR,PICKUP;PASSENGER CAR,PICKUP;PASSENGER CAR,PICKUP
24447;CARY;FOUR-WAY INTERSECTION;STRAIGHT,LEVEL;NC ROUTE;TWO-WAY,DIVIDED,UNPROTECTED MEDIAN;COARSE ASPHALT;DRY;DAYLIGHT;CLEAR;STOP AND GO SIGNAL;;;-78.874259;35.823245;;;0;1;4;;;;NONE;;PASSENGER CAR;PASSENGER CAR;;;;NO;3824;2016-10-23;7:39:51 AM;2016-10-23T11:39:51+00:00;;2016;No;Yes;10;;NONE;NONE;PASSENGER CAR,PASSENGER CAR;PASSENGER CAR,PASSENGER CAR;PASSENGER CAR,PASSENGER CAR;PASSENGER CAR,PASSENGER CAR
24454;.11 MILES FROM PVA OF 540 NEW WAVERLY PL;NO SPECIAL FEATURE;STRAIGHT,LEVEL;PUBLIC VEHICULAR AREA;TWO-WAY,NOT DIVIDED;SMOOTH ASPHALT;DRY;DAYLIGHT;CLEAR;NO CONTROL PRESENT;35.727644747;-78.55889835;-78.7761;35.7376;P119;RALW;0;0;;;;;NONE;;PASSENGER CAR;SPORT UTILITY;;;;NO;3831;2016-10-24;11:24 AM;2016-10-24T15:24:00+00:00;35.727644747, -78.55889835;2016;No;No;10;;NONE;NONE;PASSENGER CAR,SPORT UTILITY;PASSENGER CAR,SPORT UTILITY;PASSENGER CAR,SPORT UTILITY;PASSENGER CAR,SPORT UTILITY
24460;200 FEET FROM SR1300 KILDAIRE FARM RD;NO SPECIAL FEATURE;STRAIGHT,LEVEL;STATE SECONDARY ROUTE;TWO-WAY,NOT DIVIDED;SMOOTH ASPHALT;DRY;DAYLIGHT;CLEAR;NO CONTROL PRESENT;;;-78.783;35.7655;;;0;3;1;;;;NONE;;PASSENGER CAR;PICKUP;;;;NO;3837;2016-10-24;3:43:31 PM;2016-10-24T19:43:31+00:00;;2016;No;Yes;10;;NONE;NONE;PASSENGER CAR,PICKUP;PASSENGER CAR,PICKUP;PASSENGER CAR,PICKUP;PASSENGER CAR,PICKUP
24462;85 FEET FROM PVA 123 MIDDLE CREEK PARK AVE;FOUR-WAY INTERSECTION;STRAIGHT,LEVEL;;TWO-WAY,DIVIDED,UNPROTECTED MEDIAN;SMOOTH ASPHALT;DRY;DAYLIGHT;CLEAR;NO CONTROL PRESENT;;;-78.760702;35.666772;;;0;0;2;;;;NONE;;SPORT UTILITY;;;;;NO;3839;2016-10-24;1:25:47 PM;2016-10-24T17:25:47+00:00;;2016;No;No;10;;NONE;NONE;SPORT UTILITY;SPORT UTILITY;SPORT UTILITY;SPORT UTILITY
24466;60 FEET FROM SR 1010 (TEN TEN RD);NO SPECIAL FEATURE;STRAIGHT,LEVEL;STATE SECONDARY ROUTE;TWO-WAY,NOT DIVIDED;SMOOTH ASPHALT;DRY;DAYLIGHT;CLEAR;NO CONTROL PRESENT;;;-78.7749;35.6969;;;0;0;;;NONE;;NONE;;PASSENGER CAR;PASSENGER CAR;;;;NO;3843;2016-10-24;6:25:01 PM;2016-10-24T22:25:01+00:00;;2016;No;No;10;NONE;NONE,NONE;NONE,NONE;PASSENGER CAR,PASSENGER CAR;PASSENGER CAR,PASSENGER CAR;PASSENGER CAR,PASSENGER CAR;PASSENGER CAR,PASSENGER CAR
24474;CARY;T-INTERSECTION;STRAIGHT,LEVEL;PRIVATE ROAD,DRIVEWAY;TWO-WAY,DIVIDED,UNPROTECTED MEDIAN;SMOOTH ASPHALT;DRY;DAYLIGHT;CLEAR;STOP SIGN;35.740426083;-78.77602988;;;P053;116;0;0;1;;NONE;;NONE;;PASSENGER CAR;SPORT UTILITY;;;;NO;3851;2016-10-25;8:00:54 AM;2016-10-25T12:00:54+00:00;35.740426083, -78.77602988;2016;No;No;10;NONE;NONE,NONE;NONE,NONE;PASSENGER CAR,SPORT UTILITY;PASSENGER CAR,SPORT UTILITY;PASSENGER CAR,SPORT UTILITY;PASSENGER CAR,SPORT UTILITY
24480;20 FEET FROM S ACADEMY ST;NO SPECIAL FEATURE;STRAIGHT,LEVEL;LOCAL STREET;TWO-WAY,NOT DIVIDED;SMOOTH ASPHALT;DRY;DAYLIGHT;CLEAR;NO CONTROL PRESENT;35.783865826;-78.78127726;-78.7812;35.7839;P125;120;0;2;;;NONE;;NONE;;PICKUP;PASSENGER CAR;;;;NO;3857;2016-10-25;10:52 AM;2016-10-25T14:52:00+00:00;35.783865826, -78.78127726;2016;No;Yes;10;NONE;NONE,NONE;NONE,NONE;PICKUP,PASSENGER CAR;PICKUP,PASSENGER CAR;PICKUP,PASSENGER CAR;PICKUP,PASSENGER CAR
24489;.1 MILES FROM SR 1300 (KILDAIRE FARM RD;NO SPECIAL FEATURE;STRAIGHT,LEVEL;STATE SECONDARY ROUTE;TWO-WAY,DIVIDED,UNPROTECTED MEDIAN;SMOOTH ASPHALT;DRY;DAYLIGHT;CLEAR;NO CONTROL PRESENT;;;-78.7964;35.6929;;;0;0;;;NONE;;NONE;;PASSENGER CAR;;;;;NO;3866;2016-10-26;8:36:00 AM;2016-10-26T12:36:00+00:00;;2016;No;No;10;NONE;NONE,NONE;NONE,NONE;PASSENGER CAR;PASSENGER CAR;PASSENGER CAR;PASSENGER CAR
24493;.13 MILES FROM P.V.A. KROGER (1273 SR 3073);NO SPECIAL FEATURE;STRAIGHT,LEVEL;PUBLIC VEHICULAR AREA;TWO-WAY,NOT DIVIDED;SMOOTH ASPHALT;DRY;DAYLIGHT;CLEAR;STOP SIGN;;;-78.8116;35.7855;;;0;1;;;NONE;;NONE;;PASSENGER CAR;;;;;NO;3870;2016-10-26;4:05:52 PM;2016-10-26T20:05:52+00:00;;2016;No;Yes;10;NONE;NONE,NONE;NONE,NONE;PASSENGER CAR;PASSENGER CAR;PASSENGER CAR;PASSENGER CAR
24497;210 FEET FROM SR 1615 (HIGH HOUSE RD);NO SPECIAL FEATURE;STRAIGHT,LEVEL;STATE SECONDARY ROUTE;TWO-WAY,NOT DIVIDED;SMOOTH ASPHALT;DRY;DUSK;CLEAR;NO CONTROL PRESENT;;;-78.82225;35.785834;;114;0;0;;;NONE;;NONE;;;PASSENGER CAR;;;;NO;3874;2016-10-17;12:00 AM;2016-10-17T04:00:00+00:00;;2016;No;No;10;NONE;NONE,NONE;NONE,NONE;PASSENGER CAR;PASSENGER CAR;PASSENGER CAR;PASSENGER CAR
24498;30 FEET FROM SR 1011 (W CHATHAM ST);NO SPECIAL FEATURE;STRAIGHT,LEVEL;STATE SECONDARY ROUTE;TWO-WAY,NOT DIVIDED;SMOOTH ASPHALT;DRY;DAWN;CLOUDY;NO CONTROL PRESENT;;;-78.7972;35.7788;;;0;0;;;;;NONE;;PASSENGER CAR;SPORT UTILITY;;;;NO;3875;2016-10-27;7:09:02 AM;2016-10-27T11:09:02+00:00;;2016;No;No;10;;NONE;NONE;PASSENGER CAR,SPORT UTILITY;PASSENGER CAR,SPORT UTILITY;PASSENGER CAR,SPORT UTILITY;PASSENGER CAR,SPORT UTILITY
24507;0 FEET FROM SR 1011 (E CHATHAM ST);FOUR-WAY INTERSECTION;STRAIGHT,LEVEL;STATE SECONDARY ROUTE;TWO-WAY,NOT DIVIDED;SMOOTH ASPHALT;DRY;DAYLIGHT;CLEAR;STOP AND GO SIGNAL;;;-78.778591;35.787473;;;0;0;;;NONE;;NONE;;VAN;;;;;NO;3884;2016-10-27;4:22:31 PM;2016-10-27T20:22:31+00:00;;2016;No;No;10;NONE;NONE,NONE;NONE,NONE;VAN;VAN;VAN;VAN
24508;.11 MILES FROM SR 1615 (HIGH HOUSE RD);DRIVEWAY, PUBLIC;STRAIGHT,LEVEL;STATE SECONDARY ROUTE;TWO-WAY,NOT DIVIDED;SMOOTH ASPHALT;DRY;DAYLIGHT;CLEAR;NO CONTROL PRESENT;;;-78.8012;35.7835;;;0;1;2;;NONE;;NONE;;LIGHT TRUCK (MINI-VAN- PANEL);PICKUP;;;;NO;3885;2016-10-27;5:24:56 PM;2016-10-27T21:24:56+00:00;;2016;No;Yes;10;NONE;NONE,NONE;NONE,NONE;LIGHT TRUCK (MINI-VAN- PANEL),PICKUP;LIGHT TRUCK (MINI-VAN- PANEL),PICKUP;LIGHT TRUCK (MINI-VAN- PANEL),PICKUP;LIGHT TRUCK (MINI-VAN- PANEL),PICKUP
24509;CARY;FOUR-WAY INTERSECTION;STRAIGHT,GRADE;STATE SECONDARY ROUTE;TWO-WAY,NOT DIVIDED;SMOOTH ASPHALT;DRY;DAYLIGHT;CLOUDY;STOP SIGN;35.738794114;-78.80972449;-78.8101;35.7387;P041;116;0;0;1;;NONE;;NONE;;LIGHT TRUCK (MINI-VAN- PANEL);PASSENGER CAR;;;;NO;3886;2016-10-27;2:29:23 PM;2016-10-27T18:29:23+00:00;35.738794114, -78.80972449;2016;No;No;10;NONE;NONE,NONE;NONE,NONE;LIGHT TRUCK (MINI-VAN- PANEL),PASSENGER CAR;LIGHT TRUCK (MINI-VAN- PANEL),PASSENGER CAR;LIGHT TRUCK (MINI-VAN- PANEL),PASSENGER CAR;LIGHT TRUCK (MINI-VAN- PANEL),PASSENGER CAR
24510;CARY;NO SPECIAL FEATURE;STRAIGHT,LEVEL;PUBLIC VEHICULAR AREA;TWO-WAY,NOT DIVIDED;SMOOTH ASPHALT;DRY;DAYLIGHT;CLEAR;NO CONTROL PRESENT;;;-78.7431;35.7555;;;0;0;;;NONE;;NONE;;PASSENGER CAR;VAN;;;;NO;3887;2016-10-27;4:06:10 PM;2016-10-27T20:06:10+00:00;;2016;No;No;10;NONE;NONE,NONE;NONE,NONE;PASSENGER CAR,VAN;PASSENGER CAR,VAN;PASSENGER CAR,VAN;PASSENGER CAR,VAN
24511;CARY;FOUR-WAY INTERSECTION;STRAIGHT,LEVEL;STATE SECONDARY ROUTE;TWO-WAY,DIVIDED,UNPROTECTED MEDIAN;SMOOTH ASPHALT;DRY;DAYLIGHT;CLEAR;NO CONTROL PRESENT;35.744740061;-78.73789762;;;P046;118;0;0;1;;;;NONE;;SPORT UTILITY;SPORT UTILITY;;;;NO;3888;2016-10-27;5:50:25 PM;2016-10-27T21:50:25+00:00;35.744740061, -78.73789762;2016;No;No;10;;NONE;NONE;SPORT UTILITY,SPORT UTILITY;SPORT UTILITY,SPORT UTILITY;SPORT UTILITY,SPORT UTILITY;SPORT UTILITY,SPORT UTILITY
24518;220 FEET FROM SR1624 (CARPENTER FIRE STATION;DRIVEWAY, PUBLIC;CURVE,GRADE;STATE SECONDARY ROUTE;TWO-WAY,NOT DIVIDED;SMOOTH ASPHALT;DRY;DARK - LIGHTED ROADWAY;CLEAR;STOP SIGN;35.823260832;-78.87419825;-78.8748;35.8235;P091;WAKE;0;0;;;;;NONE;;PASSENGER CAR;PASSENGER CAR;;;;NO;3895;2016-10-27;7:39:27 PM;2016-10-27T23:39:27+00:00;35.823260832, -78.87419825;2016;No;No;10;;NONE;NONE;PASSENGER CAR,PASSENGER CAR;PASSENGER CAR,PASSENGER CAR;PASSENGER CAR,PASSENGER CAR;PASSENGER CAR,PASSENGER CAR
24519;50 FEET FROM WALDO ROOD BLVD;NO SPECIAL FEATURE;STRAIGHT,LEVEL;LOCAL STREET;TWO-WAY,NOT DIVIDED;SMOOTH ASPHALT;DRY;DAYLIGHT;CLEAR;NO CONTROL PRESENT;35.783889881;-78.85345857;-78.8512;35.781;P014;117;0;0;;;NONE;;NONE;;SPORT UTILITY;VAN;;;;NO;3896;2016-10-28;8:19:06 AM;2016-10-28T12:19:06+00:00;35.783889881, -78.85345857;2016;No;No;10;NONE;NONE,NONE;NONE,NONE;SPORT UTILITY,VAN;SPORT UTILITY,VAN;SPORT UTILITY,VAN;SPORT UTILITY,VAN
24523;45 FEET FROM P.V.A. (CHIC-FIL-A);NO SPECIAL FEATURE;STRAIGHT,LEVEL;PUBLIC VEHICULAR AREA;TWO-WAY,NOT DIVIDED;SMOOTH ASPHALT;DRY;DAYLIGHT;CLEAR;NO CONTROL PRESENT;;;-78.7426;35.7599;;;0;0;;;NONE;;NONE;;SPORT UTILITY;PASSENGER CAR;;;;NO;3900;2016-10-29;10:11 AM;2016-10-29T14:11:00+00:00;;2016;No;No;10;NONE;NONE,NONE;NONE,NONE;SPORT UTILITY,PASSENGER CAR;SPORT UTILITY,PASSENGER CAR;SPORT UTILITY,PASSENGER CAR;SPORT UTILITY,PASSENGER CAR
24524;0.10 MILES FROM E CHATHAM ST;NO SPECIAL FEATURE;STRAIGHT,LEVEL;LOCAL STREET;TWO-WAY,NOT DIVIDED;COARSE ASPHALT;DRY;DAYLIGHT;CLEAR;STOP SIGN;35.792027489;-78.76378666;-78.7605;35.7916;P055;120;0;2;;;NONE;;NONE;;PASSENGER CAR;PASSENGER CAR;;;;NO;3901;2016-10-30;4:58:25 PM;2016-10-30T20:58:25+00:00;35.792027489, -78.76378666;2016;No;Yes;10;NONE;NONE,NONE;NONE,NONE;PASSENGER CAR,PASSENGER CAR;PASSENGER CAR,PASSENGER CAR;PASSENGER CAR,PASSENGER CAR;PASSENGER CAR,PASSENGER CAR
24526;CARY;NO SPECIAL FEATURE;STRAIGHT,LEVEL;PUBLIC VEHICULAR AREA;TWO-WAY,NOT DIVIDED;SMOOTH ASPHALT;DRY;DAYLIGHT;CLEAR;NO CONTROL PRESENT;35.758150292;-78.73940464;-78.7388;35.7583;P120;118;0;0;;;NONE;;NONE;;PASSENGER CAR;SPORT UTILITY;;;;NO;3903;2016-10-28;1:53:37 PM;2016-10-28T17:53:37+00:00;35.758150292, -78.73940464;2016;No;No;10;NONE;NONE,NONE;NONE,NONE;PASSENGER CAR,SPORT UTILITY;PASSENGER CAR,SPORT UTILITY;PASSENGER CAR,SPORT UTILITY;PASSENGER CAR,SPORT UTILITY