tamainid;location_description;rdfeature;rdcharacter;rdclass;rdconfigur;rdsurface;rdcondition;lightcond;weather;trafcontrl;lat;lon;lon2;lat2;tract;zone;fatality;possblinj;numpassengers;numpedestrians;contrcir1_desc;contrcir2_desc;contrcir3_desc;contrcir4_desc;vehicle1;vehicle2;vehicle3;vehicle4;vehicle5;workarea;records;ta_date;ta_time;crash_date;geo_location;year;fatalities;injuries;month;contrfact1;contrfact2;contributing_factor;vehicleconcat1;vehicleconcat2;vehicleconcat3;vehicle_type
24531;CARY;T-INTERSECTION;STRAIGHT,BOTTOM (SAG);LOCAL STREET;TWO-WAY,NOT DIVIDED;SMOOTH ASPHALT;DRY;DARK - LIGHTED ROADWAY;CLEAR;NO CONTROL PRESENT;;;-78.7505;35.7899;;;0;0;1;;NONE;;NONE;;PASSENGER CAR;PASSENGER CAR;;;;NO;3908;2016-10-27;7:17:36 PM;2016-10-27T23:17:36+00:00;;2016;No;No;10;NONE;NONE,NONE;NONE,NONE;PASSENGER CAR,PASSENGER CAR;PASSENGER CAR,PASSENGER CAR;PASSENGER CAR,PASSENGER CAR;PASSENGER CAR,PASSENGER CAR
24534;250 FEET FROM SR 1010 (TEN TEN RD);NO SPECIAL FEATURE;STRAIGHT,LEVEL;STATE SECONDARY ROUTE;TWO-WAY,DIVIDED,UNPROTECTED MEDIAN;SMOOTH ASPHALT;DRY;DARK - LIGHTED ROADWAY;CLEAR;NO CONTROL PRESENT;35.702561863;-78.78923548;-78.789499;35.702799;P052;116;0;0;1;;;;NONE;;PICKUP;;;;;NO;3911;2016-10-28;6:21:21 AM;2016-10-28T10:21:21+00:00;35.702561863, -78.78923548;2016;No;No;10;;NONE;NONE;PICKUP;PICKUP;PICKUP;PICKUP
24541;200 FEET FROM P.V.A. (BEST BUY);NO SPECIAL FEATURE;STRAIGHT,LEVEL;PUBLIC VEHICULAR AREA;TWO-WAY,NOT DIVIDED;SMOOTH ASPHALT;DRY;DAYLIGHT;CLEAR;NO CONTROL PRESENT;;;-78.739;35.7618;;;0;0;;;NONE;;NONE;;UNKNOWN;PICKUP;;;;NO;3918;2016-10-30;5:14:37 PM;2016-10-30T21:14:37+00:00;;2016;No;No;10;NONE;NONE,NONE;NONE,NONE;UNKNOWN,PICKUP;UNKNOWN,PICKUP;UNKNOWN,PICKUP;UNKNOWN,PICKUP
24551;80 FEET FROM SR 1313 WALNUT ST;RELATED TO INTERSECTION;STRAIGHT,LEVEL;STATE SECONDARY ROUTE;TWO-WAY,DIVIDED,UNPROTECTED MEDIAN;SMOOTH ASPHALT;DRY;DARK - LIGHTED ROADWAY;CLEAR;STOP AND GO SIGNAL;35.761806733;-78.74825872;-78.7485;35.7639;P083;112;0;0;;;NONE;;NONE;;SINGLE UNIT TRUCK (2-AXLE- 6-TIRE);PASSENGER CAR;;;;NO;3928;2016-10-31;9:38:46 PM;2016-11-01T01:38:46+00:00;35.761806733, -78.74825872;2016;No;No;10;NONE;NONE,NONE;NONE,NONE;SINGLE UNIT TRUCK (2-AXLE- 6-TIRE),PASSENGER CAR;SINGLE UNIT TRUCK (2-AXLE- 6-TIRE),PASSENGER CAR;SINGLE UNIT TRUCK (2-AXLE- 6-TIRE),PASSENGER CAR;SINGLE UNIT TRUCK (2-AXLE- 6-TIRE),PASSENGER CAR
24554;250 FEET FROM P.V.A. (BJ`S);NO SPECIAL FEATURE;STRAIGHT,LEVEL;PUBLIC VEHICULAR AREA;TWO-WAY,NOT DIVIDED;SMOOTH ASPHALT;DRY;DAYLIGHT;CLEAR;NO CONTROL PRESENT;;;-78.7449;35.7535;;;0;1;;;NONE;;NONE;;PASSENGER CAR;;;;;NO;3931;2016-10-31;11:35 AM;2016-10-31T15:35:00+00:00;;2016;No;Yes;10;NONE;NONE,NONE;NONE,NONE;PASSENGER CAR;PASSENGER CAR;PASSENGER CAR;PASSENGER CAR
24563;0 FEET FROM SR1313 (WALNUT ST);FOUR-WAY INTERSECTION;STRAIGHT,LEVEL;STATE SECONDARY ROUTE;TWO-WAY,DIVIDED,UNPROTECTED MEDIAN;SMOOTH ASPHALT;DRY;DAYLIGHT;CLEAR;STOP AND GO SIGNAL;;;-78.7488;35.7638;;;0;1;;;NONE;;NONE;;VAN;PASSENGER CAR;;;;CONSTRUCTION WORK AREA;3940;2016-10-28;11:51 AM;2016-10-28T15:51:00+00:00;;2016;No;Yes;10;NONE;NONE,NONE;NONE,NONE;VAN,PASSENGER CAR;VAN,PASSENGER CAR;VAN,PASSENGER CAR;VAN,PASSENGER CAR
24565;0 FEET FROM WESTON PKWY;FOUR-WAY INTERSECTION;STRAIGHT,LEVEL;LOCAL STREET;TWO-WAY,DIVIDED,UNPROTECTED MEDIAN;SMOOTH ASPHALT;DRY;DAYLIGHT;CLEAR;STOP AND GO SIGNAL;35.829396586;-78.77266668;-78.772827;35.829322;P029;111;0;0;1;;NONE;;NONE;;PICKUP;PASSENGER CAR;;;;NO;3942;2016-10-27;5:15:47 PM;2016-10-27T21:15:47+00:00;35.829396586, -78.77266668;2016;No;No;10;NONE;NONE,NONE;NONE,NONE;PICKUP,PASSENGER CAR;PICKUP,PASSENGER CAR;PICKUP,PASSENGER CAR;PICKUP,PASSENGER CAR
24570;0 FEET FROM SR 1497 (CARY TOWNE BLVD);FOUR-WAY INTERSECTION;STRAIGHT,LEVEL;STATE SECONDARY ROUTE;TWO-WAY,DIVIDED,UNPROTECTED MEDIAN;SMOOTH ASPHALT;DRY;DARK - LIGHTED ROADWAY;CLEAR;STOP AND GO SIGNAL;;;-78.764187;35.775856;;;0;1;;;NONE;;NONE;;;PASSENGER CAR;;;;NO;3947;2016-10-27;10:06 PM;2016-10-28T02:06:00+00:00;;2016;No;Yes;10;NONE;NONE,NONE;NONE,NONE;PASSENGER CAR;PASSENGER CAR;PASSENGER CAR;PASSENGER CAR
24575;200 FEET FROM P.V.A. 1007 VILLAGE GREENWAY;NO SPECIAL FEATURE;CURVE,LEVEL;PUBLIC VEHICULAR AREA;TWO-WAY,NOT DIVIDED;SMOOTH ASPHALT;DRY;DARK - LIGHTED ROADWAY;CLEAR;NO CONTROL PRESENT;35.780859623;-78.76223337;-78.761078;35.780391;P057;120;0;0;;;UNKNOWN;;NONE;;PASSENGER CAR;;;;;NO;3952;2016-10-31;11:09 AM;2016-10-31T15:09:00+00:00;35.780859623, -78.76223337;2016;No;No;10;UNKNOWN;UNKNOWN,NONE;UNKNOWN,NONE;PASSENGER CAR;PASSENGER CAR;PASSENGER CAR;PASSENGER CAR
24576;400 FEET FROM HIGH HOUSE RD;RELATED TO INTERSECTION;STRAIGHT,LEVEL;LOCAL STREET;TWO-WAY,DIVIDED,UNPROTECTED MEDIAN;SMOOTH ASPHALT;DRY;DAYLIGHT;CLEAR;NO CONTROL PRESENT;;;-78.8276;35.7882;;114;0;0;3;;NONE;;NONE;;PASSENGER CAR;PASSENGER CAR;;;;NO;3953;2016-10-29;8:35:29 AM;2016-10-29T12:35:29+00:00;;2016;No;No;10;NONE;NONE,NONE;NONE,NONE;PASSENGER CAR,PASSENGER CAR;PASSENGER CAR,PASSENGER CAR;PASSENGER CAR,PASSENGER CAR;PASSENGER CAR,PASSENGER CAR
24578;10 FEET FROM WALNUT ST;OFF-RAMP TERMINAL ON CROSSROAD;STRAIGHT,LEVEL;LOCAL STREET;TWO-WAY,DIVIDED,POSITIVE MEDIAN BARRIER;COARSE ASPHALT;DRY;DAYLIGHT;CLEAR;STOP AND GO SIGNAL;35.764008041;-78.74877098;-78.749;35.7641;P028;112;0;0;;;NONE;;NONE;;SINGLE UNIT TRUCK (2-AXLE- 6-TIRE);PASSENGER CAR;;;;NO;3955;2016-11-01;11:07 AM;2016-11-01T15:07:00+00:00;35.764008041, -78.74877098;2016;No;No;11;NONE;NONE,NONE;NONE,NONE;SINGLE UNIT TRUCK (2-AXLE- 6-TIRE),PASSENGER CAR;SINGLE UNIT TRUCK (2-AXLE- 6-TIRE),PASSENGER CAR;SINGLE UNIT TRUCK (2-AXLE- 6-TIRE),PASSENGER CAR;SINGLE UNIT TRUCK (2-AXLE- 6-TIRE),PASSENGER CAR
24579;CARY;OFF-RAMP ENTRY;STRAIGHT,LEVEL;US ROUTE;TWO-WAY,DIVIDED,POSITIVE MEDIAN BARRIER;COARSE ASPHALT;DRY;DAYLIGHT;CLEAR;NO CONTROL PRESENT;;;-78.7504;35.759;;;0;1;;;NONE;;NONE;;SPORT UTILITY;SPORT UTILITY;;;;NO;3956;2016-10-31;4:46:47 PM;2016-10-31T20:46:47+00:00;;2016;No;Yes;10;NONE;NONE,NONE;NONE,NONE;SPORT UTILITY,SPORT UTILITY;SPORT UTILITY,SPORT UTILITY;SPORT UTILITY,SPORT UTILITY;SPORT UTILITY,SPORT UTILITY
24583;25 FEET FROM PARKSIDE MAIN ST;NO SPECIAL FEATURE;STRAIGHT,LEVEL;LOCAL STREET;TWO-WAY,NOT DIVIDED;SMOOTH ASPHALT;DRY;DAYLIGHT;CLEAR;STOP AND GO SIGNAL;35.84577581;-78.88685112;-78.8852;35.8462;P124;119;0;0;2;;;;NONE;;SPORT UTILITY;PASSENGER CAR;;;;NO;3960;2016-10-31;9:54:05 AM;2016-10-31T13:54:05+00:00;35.84577581, -78.88685112;2016;No;No;10;;NONE;NONE;SPORT UTILITY,PASSENGER CAR;SPORT UTILITY,PASSENGER CAR;SPORT UTILITY,PASSENGER CAR;SPORT UTILITY,PASSENGER CAR
24584;212 FEET FROM CORNERSTONE DR;NO SPECIAL FEATURE;STRAIGHT,LEVEL;LOCAL STREET;TWO-WAY,NOT DIVIDED;SMOOTH ASPHALT;DRY;DARK - LIGHTED ROADWAY;CLEAR;NO CONTROL PRESENT;35.788946681;-78.85010497;-78.849878;35.78868;P018;117;0;0;1;;NONE;;NONE;;SPORT UTILITY;PASSENGER CAR;;;;NO;3961;2016-10-31;10:27 AM;2016-10-31T14:27:00+00:00;35.788946681, -78.85010497;2016;No;No;10;NONE;NONE,NONE;NONE,NONE;SPORT UTILITY,PASSENGER CAR;SPORT UTILITY,PASSENGER CAR;SPORT UTILITY,PASSENGER CAR;SPORT UTILITY,PASSENGER CAR
24586;1.0 MILES FROM SR # 1002 (AVIATION PKWY);NO SPECIAL FEATURE;STRAIGHT,LEVEL;STATE SECONDARY ROUTE;TWO-WAY,NOT DIVIDED;SMOOTH ASPHALT;DRY;DAYLIGHT;CLEAR;NO CONTROL PRESENT;35.842202526;-78.80538072;-78.8006;35.8453;P020;111;0;0;;;NONE;;NONE;;PASSENGER CAR;PASSENGER CAR;;;;NO;3963;2016-10-31;4:00:27 PM;2016-10-31T20:00:27+00:00;35.842202526, -78.80538072;2016;No;No;10;NONE;NONE,NONE;NONE,NONE;PASSENGER CAR,PASSENGER CAR;PASSENGER CAR,PASSENGER CAR;PASSENGER CAR,PASSENGER CAR;PASSENGER CAR,PASSENGER CAR
24589;120 FEET FROM P.V.A. 101 WILKINSON AVE;DRIVEWAY, PUBLIC;STRAIGHT,LEVEL;PUBLIC VEHICULAR AREA;TWO-WAY,NOT DIVIDED;SMOOTH ASPHALT;DRY;DAYLIGHT;CLEAR;NO CONTROL PRESENT;35.790610332;-78.78053995;-78.78035;35.790443;;113;0;0;;;NONE;;NONE;;PASSENGER CAR;PASSENGER CAR;;;;NO;3966;2016-10-31;1:21:09 PM;2016-10-31T17:21:09+00:00;35.790610332, -78.78053995;2016;No;No;10;NONE;NONE,NONE;NONE,NONE;PASSENGER CAR,PASSENGER CAR;PASSENGER CAR,PASSENGER CAR;PASSENGER CAR,PASSENGER CAR;PASSENGER CAR,PASSENGER CAR
24593;CARY;RELATED TO INTERSECTION;STRAIGHT,LEVEL;STATE SECONDARY ROUTE;TWO-WAY,DIVIDED,UNPROTECTED MEDIAN;SMOOTH ASPHALT;DRY;DAYLIGHT;CLEAR;STOP SIGN;35.792524392;-78.85817721;-78.8712;35.8135;P092;WAKE;0;0;;;NONE;;NONE;;SPORT UTILITY;PASSENGER CAR;;;;NO;3970;2016-11-01;2:28:11 PM;2016-11-01T18:28:11+00:00;35.792524392, -78.85817721;2016;No;No;11;NONE;NONE,NONE;NONE,NONE;SPORT UTILITY,PASSENGER CAR;SPORT UTILITY,PASSENGER CAR;SPORT UTILITY,PASSENGER CAR;SPORT UTILITY,PASSENGER CAR
24595;30 FEET FROM S.R. 1300 (KILDAIRE FARM RD);NO SPECIAL FEATURE;STRAIGHT,LEVEL;STATE SECONDARY ROUTE;TWO-WAY,NOT DIVIDED;SMOOTH ASPHALT;DRY;DARK - LIGHTED ROADWAY;CLEAR;NO CONTROL PRESENT;35.763272078;-78.78344516;-78.7834;35.7638;P027;112;0;1;;;;;NONE;;SPORT UTILITY;PICKUP;;;;NO;3972;2016-11-02;6:58:39 PM;2016-11-02T22:58:39+00:00;35.763272078, -78.78344516;2016;No;Yes;11;;NONE;NONE;SPORT UTILITY,PICKUP;SPORT UTILITY,PICKUP;SPORT UTILITY,PICKUP;SPORT UTILITY,PICKUP
24605;30 FEET FROM SR-1300 (KILDAIRE FARM RD);RELATED TO INTERSECTION;STRAIGHT,LEVEL;STATE SECONDARY ROUTE;TWO-WAY,DIVIDED,UNPROTECTED MEDIAN;SMOOTH ASPHALT;DRY;DAYLIGHT;CLOUDY;STOP AND GO SIGNAL;35.703294147;-78.79430915;-78.7962;35.704;P052;116;0;1;;;NONE;;NONE;;PASSENGER CAR;LIGHT TRUCK (MINI-VAN- PANEL);;;;NO;3982;2016-11-03;9:17:12 AM;2016-11-03T13:17:12+00:00;35.703294147, -78.79430915;2016;No;Yes;11;NONE;NONE,NONE;NONE,NONE;PASSENGER CAR,LIGHT TRUCK (MINI-VAN- PANEL);PASSENGER CAR,LIGHT TRUCK (MINI-VAN- PANEL);PASSENGER CAR,LIGHT TRUCK (MINI-VAN- PANEL);PASSENGER CAR,LIGHT TRUCK (MINI-VAN- PANEL)
24606;.10 MILES FROM PVA 6770 MCCRIMMON PKWY;NO SPECIAL FEATURE;STRAIGHT,LEVEL;PUBLIC VEHICULAR AREA;TWO-WAY,NOT DIVIDED;SMOOTH ASPHALT;DRY;DAYLIGHT;CLEAR;NO CONTROL PRESENT;;;-78.890702;35.830172;;;0;3;4;;NONE;;NONE;;PASSENGER CAR;PASSENGER CAR;;;;NO;3983;2016-11-02;7:34:30 AM;2016-11-02T11:34:30+00:00;;2016;No;Yes;11;NONE;NONE,NONE;NONE,NONE;PASSENGER CAR,PASSENGER CAR;PASSENGER CAR,PASSENGER CAR;PASSENGER CAR,PASSENGER CAR;PASSENGER CAR,PASSENGER CAR
24613;.25 MILES FROM SR 1011 (OLD APEX RD);FOUR-WAY INTERSECTION;STRAIGHT,LEVEL;STATE SECONDARY ROUTE;TWO-WAY,NOT DIVIDED;SMOOTH ASPHALT;DRY;DARK - LIGHTED ROADWAY;CLEAR;STOP AND GO SIGNAL;;;-78.815907;35.758757;;117;0;0;2;;NONE;;NONE;;PASSENGER CAR;SPORT UTILITY;;;;NO;3990;2016-11-01;7:11:16 PM;2016-11-01T23:11:16+00:00;;2016;No;No;11;NONE;NONE,NONE;NONE,NONE;PASSENGER CAR,SPORT UTILITY;PASSENGER CAR,SPORT UTILITY;PASSENGER CAR,SPORT UTILITY;PASSENGER CAR,SPORT UTILITY
24622;150 FEET FROM 638 WALNUT ST;NO SPECIAL FEATURE;STRAIGHT,LEVEL;PUBLIC VEHICULAR AREA;TWO-WAY,NOT DIVIDED;SMOOTH ASPHALT;DRY;DAYLIGHT;CLEAR;NO CONTROL PRESENT;;;;;;;0;0;1;;NONE;;NONE;;PICKUP;PASSENGER CAR;;;;NO;3999;2016-11-03;6:56:40 AM;2016-11-03T10:56:40+00:00;;2016;No;No;11;NONE;NONE,NONE;NONE,NONE;PICKUP,PASSENGER CAR;PICKUP,PASSENGER CAR;PICKUP,PASSENGER CAR;PICKUP,PASSENGER CAR
24628;25 FEET FROM SR 1313 (WALNUT ST);NO SPECIAL FEATURE;STRAIGHT,LEVEL;STATE SECONDARY ROUTE;TWO-WAY,NOT DIVIDED;SMOOTH ASPHALT;DRY;DAYLIGHT;CLEAR;NO CONTROL PRESENT;;;-78.762174;35.7689453;;;0;0;;;;;NONE;;SPORT UTILITY;PICKUP;;;;NO;4005;2016-11-04;3:06:34 PM;2016-11-04T19:06:34+00:00;;2016;No;No;11;;NONE;NONE;SPORT UTILITY,PICKUP;SPORT UTILITY,PICKUP;SPORT UTILITY,PICKUP;SPORT UTILITY,PICKUP
24629;0 FEET FROM SR 1387 (WEST LAKE RD);FOUR-WAY INTERSECTION;STRAIGHT,LEVEL;STATE SECONDARY ROUTE;TWO-WAY,DIVIDED,UNPROTECTED MEDIAN;SMOOTH ASPHALT;DRY;DAYLIGHT;CLEAR;STOP AND GO SIGNAL;;;-78.757774;35.668789;;;0;0;1;;NONE;;NONE;;PASSENGER CAR;;;;;NO;4006;2016-11-02;7:16:35 AM;2016-11-02T11:16:35+00:00;;2016;No;No;11;NONE;NONE,NONE;NONE,NONE;PASSENGER CAR;PASSENGER CAR;PASSENGER CAR;PASSENGER CAR
24636;50 FEET FROM PVA 100 INOOVATION AV;NO SPECIAL FEATURE;STRAIGHT,LEVEL;PUBLIC VEHICULAR AREA;TWO-WAY,NOT DIVIDED;COARSE ASPHALT;DRY;DARK - LIGHTED ROADWAY;CLEAR;NO CONTROL PRESENT;35.872524926;-78.8161113;-78.8169;35.8725;P088;WAKE;0;0;;;;;NONE;;SPORT UTILITY;PASSENGER CAR;;;;NO;4013;2016-11-05;7:02:17 PM;2016-11-05T23:02:17+00:00;35.872524926, -78.8161113;2016;No;No;11;;NONE;NONE;SPORT UTILITY,PASSENGER CAR;SPORT UTILITY,PASSENGER CAR;SPORT UTILITY,PASSENGER CAR;SPORT UTILITY,PASSENGER CAR
24637;.2 MILES FROM US HWY 1;NO SPECIAL FEATURE;STRAIGHT,LEVEL;US ROUTE;TWO-WAY,DIVIDED,POSITIVE MEDIAN BARRIER;CONCRETE;DRY;DAYLIGHT;CLEAR;NO CONTROL PRESENT;;;-78.7816;35.7441;;;0;0;2;;;;NONE;;PASSENGER CAR;;;;;NO;4014;2016-11-05;3:49:37 AM;2016-11-05T07:49:37+00:00;;2016;No;No;11;;NONE;NONE;PASSENGER CAR;PASSENGER CAR;PASSENGER CAR;PASSENGER CAR
24638;CARY;FOUR-WAY INTERSECTION;STRAIGHT,LEVEL;STATE SECONDARY ROUTE;TWO-WAY,DIVIDED,UNPROTECTED MEDIAN;SMOOTH ASPHALT;DRY;DAYLIGHT;CLEAR;STOP AND GO SIGNAL;;;-78.7395;35.7546;;;0;0;;;NONE;;NONE;;PASSENGER CAR;PASSENGER CAR;;;;NO;4015;2016-11-05;2:47:43 PM;2016-11-05T18:47:43+00:00;;2016;No;No;11;NONE;NONE,NONE;NONE,NONE;PASSENGER CAR,PASSENGER CAR;PASSENGER CAR,PASSENGER CAR;PASSENGER CAR,PASSENGER CAR;PASSENGER CAR,PASSENGER CAR
24640;.10 MILES FROM PVA OF ( 920 W CHATHAM ST );DRIVEWAY, PUBLIC;STRAIGHT,LEVEL;PUBLIC VEHICULAR AREA;TWO-WAY,NOT DIVIDED;SMOOTH ASPHALT;DRY;DAYLIGHT;CLEAR;NO CONTROL PRESENT;;;-78.7984;35.78;;;0;0;;;;;NONE;;SINGLE UNIT TRUCK (2-AXLE- 6-TIRE);PICKUP;;;;NO;4017;2016-11-03;3:02:38 PM;2016-11-03T19:02:38+00:00;;2016;No;No;11;;NONE;NONE;SINGLE UNIT TRUCK (2-AXLE- 6-TIRE),PICKUP;SINGLE UNIT TRUCK (2-AXLE- 6-TIRE),PICKUP;SINGLE UNIT TRUCK (2-AXLE- 6-TIRE),PICKUP;SINGLE UNIT TRUCK (2-AXLE- 6-TIRE),PICKUP
24643;CARY;OFF-RAMP TERMINAL ON CROSSROAD;STRAIGHT,LEVEL;LOCAL STREET;TWO-WAY,DIVIDED,POSITIVE MEDIAN BARRIER;GROOVED CONCRETE;DRY;DAYLIGHT;CLEAR;STOP SIGN;35.779861247;-78.75068772;-78.7512;35.779;P098;RALW;0;2;3;;NONE;;NONE;;PASSENGER CAR;;;;;NO;4020;2016-11-05;3:13:39 PM;2016-11-05T19:13:39+00:00;35.779861247, -78.75068772;2016;No;Yes;11;NONE;NONE,NONE;NONE,NONE;PASSENGER CAR;PASSENGER CAR;PASSENGER CAR;PASSENGER CAR
24645;250 FEET FROM CROSSROADS  BLVD;NO SPECIAL FEATURE;STRAIGHT,LEVEL;LOCAL STREET;TWO-WAY,DIVIDED,UNPROTECTED MEDIAN;COARSE ASPHALT;DRY;DAYLIGHT;CLEAR;STOP SIGN;;;-78.7372;35.76;;;0;0;;;NONE;;NONE;;PASSENGER CAR;PASSENGER CAR;;;;NO;4022;2016-11-06;3:37:50 PM;2016-11-06T20:37:50+00:00;;2016;No;No;11;NONE;NONE,NONE;NONE,NONE;PASSENGER CAR,PASSENGER CAR;PASSENGER CAR,PASSENGER CAR;PASSENGER CAR,PASSENGER CAR;PASSENGER CAR,PASSENGER CAR
24655;1361 FEET FROM SR 3977 (SW CARY PKWY);NO SPECIAL FEATURE;STRAIGHT,LEVEL;STATE SECONDARY ROUTE;TWO-WAY,DIVIDED,UNPROTECTED MEDIAN;SMOOTH ASPHALT;DRY;DAYLIGHT;CLEAR;STOP AND GO SIGNAL;;;-78.8293;35.7884;;;0;0;6;;NONE;;NONE;;PASSENGER CAR;PASSENGER CAR;PASSENGER CAR;;;NO;4032;2016-11-05;10:14 AM;2016-11-05T14:14:00+00:00;;2016;No;No;11;NONE;NONE,NONE;NONE,NONE;PASSENGER CAR,PASSENGER CAR;PASSENGER CAR,PASSENGER CAR,PASSENGER CAR;PASSENGER CAR,PASSENGER CAR,PASSENGER CAR;PASSENGER CAR,PASSENGER CAR,PASSENGER CAR
24661;200 FEET FROM HIGH HOUSE RD;NO SPECIAL FEATURE;STRAIGHT,GRADE;LOCAL STREET;TWO-WAY,DIVIDED,POSITIVE MEDIAN BARRIER;SMOOTH ASPHALT;DRY;DAYLIGHT;CLEAR;STOP AND GO SIGNAL;35.787695286;-78.87077765;-78.870079;35.787901;P118;117;0;0;;;NONE;;NONE;;PICKUP;;;;;NO;4038;2016-11-07;8:03:31 AM;2016-11-07T13:03:31+00:00;35.787695286, -78.87077765;2016;No;No;11;NONE;NONE,NONE;NONE,NONE;PICKUP;PICKUP;PICKUP;PICKUP
24678;.25 MILES FROM RESEARCH DR;NO SPECIAL FEATURE;STRAIGHT,GRADE;LOCAL STREET;TWO-WAY,NOT DIVIDED;GRAVEL;DRY;DAYLIGHT;CLEAR;NO CONTROL PRESENT;35.825441534;-78.76028654;-78.760772;35.8216921;P029;111;0;1;;;NONE;;FAILURE TO YIELD RIGHT OF WAY;FAILURE TO YIELD RIGHT OF WAY;PICKUP;;;;;CONSTRUCTION WORK AREA;4055;2016-10-28;7:32:26 AM;2016-10-28T11:32:26+00:00;35.825441534, -78.76028654;2016;No;Yes;10;NONE;NONE,FAILURE TO YIELD RIGHT OF WAY;NONE,FAILURE TO YIELD RIGHT OF WAY,FAILURE TO YIELD RIGHT OF WAY;PICKUP;PICKUP;PICKUP;PICKUP
24682;.1 MILES FROM US 1 EXIT 101 RAMP NB;OFF-RAMP PROPER;STRAIGHT,GRADE;US ROUTE;ONE-WAY,NOT DIVIDED;GROOVED CONCRETE;DRY;DARK - LIGHTED ROADWAY;CLEAR;NO CONTROL PRESENT;35.759488792;-78.74982148;-78.75;35.76;P028;112;0;0;1;;NONE;;NONE;;SPORT UTILITY;;;;;NO;4059;2016-11-04;7:00:09 PM;2016-11-04T23:00:09+00:00;35.759488792, -78.74982148;2016;No;No;11;NONE;NONE,NONE;NONE,NONE;SPORT UTILITY;SPORT UTILITY;SPORT UTILITY;SPORT UTILITY
24683;100 FEET FROM PVA OF 575 NEW WAVELRY PL;NO SPECIAL FEATURE;STRAIGHT,LEVEL;PUBLIC VEHICULAR AREA;TWO-WAY,NOT DIVIDED;SMOOTH ASPHALT;DRY;DAYLIGHT;CLEAR;NO CONTROL PRESENT;35.727644719;-78.55889835;-78.7777;35.7371;P119;RALW;0;0;;;NONE;;NONE;;PASSENGER CAR;PASSENGER CAR;;;;NO;4060;2016-11-07;7:22:54 AM;2016-11-07T12:22:54+00:00;35.727644719, -78.55889835;2016;No;No;11;NONE;NONE,NONE;NONE,NONE;PASSENGER CAR,PASSENGER CAR;PASSENGER CAR,PASSENGER CAR;PASSENGER CAR,PASSENGER CAR;PASSENGER CAR,PASSENGER CAR
24685;150 FEET FROM SR 3977 (SE CARY PARKWAY);NO SPECIAL FEATURE;STRAIGHT,LEVEL;STATE SECONDARY ROUTE;TWO-WAY,DIVIDED,UNPROTECTED MEDIAN;SMOOTH ASPHALT;DRY;DAYLIGHT;CLEAR;NO CONTROL PRESENT;35.75934922;-78.7761313;-78.7819;35.758;P027;112;0;0;;;;;NONE;;PASSENGER CAR;SPORT UTILITY;;;;NO;4062;2016-11-08;10:07 AM;2016-11-08T15:07:00+00:00;35.75934922, -78.7761313;2016;No;No;11;;NONE;NONE;PASSENGER CAR,SPORT UTILITY;PASSENGER CAR,SPORT UTILITY;PASSENGER CAR,SPORT UTILITY;PASSENGER CAR,SPORT UTILITY
24686;300 FEET FROM CAITBOO AVE;RELATED TO INTERSECTION;STRAIGHT,LEVEL;LOCAL STREET;TWO-WAY,NOT DIVIDED;SMOOTH ASPHALT;DRY;DAYLIGHT;CLOUDY;STOP SIGN;35.76129273;-78.74191581;-78.7416;35.7608;P120;118;0;0;1;;NONE;;NONE;;PASSENGER CAR;LIGHT TRUCK (MINI-VAN- PANEL);;;;NO;4063;2016-11-08;1:29:32 PM;2016-11-08T18:29:32+00:00;35.76129273, -78.74191581;2016;No;No;11;NONE;NONE,NONE;NONE,NONE;PASSENGER CAR,LIGHT TRUCK (MINI-VAN- PANEL);PASSENGER CAR,LIGHT TRUCK (MINI-VAN- PANEL);PASSENGER CAR,LIGHT TRUCK (MINI-VAN- PANEL);PASSENGER CAR,LIGHT TRUCK (MINI-VAN- PANEL)
24690;0 FEET FROM SR 1613 (DAVIS DR);FOUR-WAY INTERSECTION;STRAIGHT,LEVEL;STATE SECONDARY ROUTE;TWO-WAY,DIVIDED,UNPROTECTED MEDIAN;SMOOTH ASPHALT;DRY;DAYLIGHT;CLEAR;STOP AND GO SIGNAL;;;-78.84742;35.794024;;121;0;0;;1;NONE;;NONE;;PICKUP;;;;;NO;4067;2016-11-04;4:25:25 PM;2016-11-04T20:25:25+00:00;;2016;No;No;11;NONE;NONE,NONE;NONE,NONE;PICKUP;PICKUP;PICKUP;PICKUP
24692;NEAR .25 MILES FROM  KIT CREEK RD 1679;NO SPECIAL FEATURE;STRAIGHT,LEVEL;STATE SECONDARY ROUTE;TWO-WAY,NOT DIVIDED;CONCRETE;WET;DAYLIGHT;RAIN;NO CONTROL PRESENT;35.860824522;-78.89378055;-78.889246;35.860291;P091;WAKE;0;0;;;NONE;;NONE;;PASSENGER CAR;PASSENGER CAR;;;;NO;4069;2016-11-09;10:22 AM;2016-11-09T15:22:00+00:00;35.860824522, -78.89378055;2016;No;No;11;NONE;NONE,NONE;NONE,NONE;PASSENGER CAR,PASSENGER CAR;PASSENGER CAR,PASSENGER CAR;PASSENGER CAR,PASSENGER CAR;PASSENGER CAR,PASSENGER CAR