tamainid;location_description;rdfeature;rdcharacter;rdclass;rdconfigur;rdsurface;rdcondition;lightcond;weather;trafcontrl;lat;lon;lon2;lat2;tract;zone;fatality;possblinj;numpassengers;numpedestrians;contrcir1_desc;contrcir2_desc;contrcir3_desc;contrcir4_desc;vehicle1;vehicle2;vehicle3;vehicle4;vehicle5;workarea;records;ta_date;ta_time;crash_date;geo_location;year;fatalities;injuries;month;contrfact1;contrfact2;contributing_factor;vehicleconcat1;vehicleconcat2;vehicleconcat3;vehicle_type
27893;2 MILES FROM SR 1370 TRYON RD;NO SPECIAL FEATURE;STRAIGHT,LEVEL;STATE SECONDARY ROUTE;TWO-WAY,DIVIDED,UNPROTECTED MEDIAN;SMOOTH ASPHALT;DRY;DAYLIGHT;CLEAR;NO CONTROL PRESENT;;;-78.78689;35.736788;;;0;0;;;NONE;;NONE;;POLICE;PASSENGER CAR;;;;NO;5273;2017-02-06;2:10:50 PM;2017-02-06T19:10:50+00:00;;2017;No;No;2;NONE;NONE,NONE;NONE,NONE;POLICE,PASSENGER CAR;POLICE,PASSENGER CAR;POLICE,PASSENGER CAR;POLICE,PASSENGER CAR
27894;450 FEET FROM P.V.A. 1510 N HARRISON AV;NO SPECIAL FEATURE;STRAIGHT,LEVEL;PUBLIC VEHICULAR AREA;TWO-WAY,NOT DIVIDED;SMOOTH ASPHALT;DRY;DAYLIGHT;CLEAR;NO CONTROL PRESENT;;;-78.7692;35.8191;;;0;0;1;;NONE;;NONE;;SPORT UTILITY;PASSENGER CAR;;;;NO;5274;2017-02-06;4:45:49 PM;2017-02-06T21:45:49+00:00;;2017;No;No;2;NONE;NONE,NONE;NONE,NONE;SPORT UTILITY,PASSENGER CAR;SPORT UTILITY,PASSENGER CAR;SPORT UTILITY,PASSENGER CAR;SPORT UTILITY,PASSENGER CAR
27898;100 FEET FROM SR 3977 SE CARY PKWY;NO SPECIAL FEATURE;STRAIGHT,LEVEL;STATE SECONDARY ROUTE;TWO-WAY,DIVIDED,UNPROTECTED MEDIAN;SMOOTH ASPHALT;DRY;DAYLIGHT;CLEAR;NO CONTROL PRESENT;;;-78.773928;35.75465;;;0;0;2;;NONE;;NONE;;PASSENGER CAR;SPORT UTILITY;;;;NO;5278;2017-02-06;11:55 AM;2017-02-06T16:55:00+00:00;;2017;No;No;2;NONE;NONE,NONE;NONE,NONE;PASSENGER CAR,SPORT UTILITY;PASSENGER CAR,SPORT UTILITY;PASSENGER CAR,SPORT UTILITY;PASSENGER CAR,SPORT UTILITY
27905;0 FEET FROM SR 1613 (DAVIS DR);NO SPECIAL FEATURE;STRAIGHT,LEVEL;STATE SECONDARY ROUTE;TWO-WAY,DIVIDED,UNPROTECTED MEDIAN;SMOOTH ASPHALT;DRY;DAYLIGHT;CLEAR;STOP AND GO SIGNAL;35.813564277;-78.8480689;-78.849;35.8004;P079;121;0;0;;1;NONE;;NONE;;PASSENGER CAR;;;;;NO;5285;2017-02-07;9:38:30 AM;2017-02-07T14:38:30+00:00;35.813564277, -78.8480689;2017;No;No;2;NONE;NONE,NONE;NONE,NONE;PASSENGER CAR;PASSENGER CAR;PASSENGER CAR;PASSENGER CAR
27914;50 FEET FROM SR 1009 (TRYON RD);FOUR-WAY INTERSECTION;STRAIGHT,LEVEL;STATE SECONDARY ROUTE;TWO-WAY,DIVIDED,UNPROTECTED MEDIAN;SMOOTH ASPHALT;DRY;DAYLIGHT;CLEAR;STOP AND GO SIGNAL;;;-78.7397;35.7447;;;0;0;;;NONE;;NONE;;PASSENGER CAR;PASSENGER CAR;;;;NO;5294;2017-02-07;4:00:40 PM;2017-02-07T21:00:40+00:00;;2017;No;No;2;NONE;NONE,NONE;NONE,NONE;PASSENGER CAR,PASSENGER CAR;PASSENGER CAR,PASSENGER CAR;PASSENGER CAR,PASSENGER CAR;PASSENGER CAR,PASSENGER CAR
27926;.1 MILES FROM SR 3081 (CHAPEL HILL RD);NO SPECIAL FEATURE;STRAIGHT,LEVEL;STATE SECONDARY ROUTE;TWO-WAY,DIVIDED,UNPROTECTED MEDIAN;SMOOTH ASPHALT;DRY;DAYLIGHT;CLOUDY;NO CONTROL PRESENT;;;-78.7854;35.7921;;;0;0;;;;;NONE;;PASSENGER CAR;PASSENGER CAR;;;;NO;5305;2017-02-08;4:48:38 PM;2017-02-08T21:48:38+00:00;;2017;No;No;2;;NONE;NONE;PASSENGER CAR,PASSENGER CAR;PASSENGER CAR,PASSENGER CAR;PASSENGER CAR,PASSENGER CAR;PASSENGER CAR,PASSENGER CAR
27933;100 FEET FROM PVA OF 2476 WALNUT ST;NO SPECIAL FEATURE;STRAIGHT,LEVEL;PUBLIC VEHICULAR AREA;TWO-WAY,NOT DIVIDED;COARSE ASPHALT;DRY;DAYLIGHT;CLEAR;NO CONTROL PRESENT;;;-78.7423;35.7521;;;0;0;;;;;NONE;;PASSENGER CAR;PASSENGER CAR;;;;NO;5311;2017-02-09;1:29:00 PM;2017-02-09T18:29:00+00:00;;2017;No;No;2;;NONE;NONE;PASSENGER CAR,PASSENGER CAR;PASSENGER CAR,PASSENGER CAR;PASSENGER CAR,PASSENGER CAR;PASSENGER CAR,PASSENGER CAR
27936;0 FEET FROM P.V.A. 3480 KILDAIRE FARM RD;NO SPECIAL FEATURE;STRAIGHT,LEVEL;PUBLIC VEHICULAR AREA;TWO-WAY,NOT DIVIDED;SMOOTH ASPHALT;DRY;DAYLIGHT;CLEAR;STOP SIGN;35.70616969;-78.79670015;-78.7959;35.7045;P052;116;0;0;1;;;;NONE;;SPORT UTILITY;PASSENGER CAR;;;;NO;5313;2017-02-09;3:27:54 PM;2017-02-09T20:27:54+00:00;35.70616969, -78.79670015;2017;No;No;2;;NONE;NONE;SPORT UTILITY,PASSENGER CAR;SPORT UTILITY,PASSENGER CAR;SPORT UTILITY,PASSENGER CAR;SPORT UTILITY,PASSENGER CAR
27938;CARY;NO SPECIAL FEATURE;STRAIGHT,LEVEL;US ROUTE;TWO-WAY,DIVIDED,POSITIVE MEDIAN BARRIER;GROOVED CONCRETE;DRY;DAYLIGHT;CLEAR;NO CONTROL PRESENT;35.748613249;-78.77190784;-78.7718;35.7485;P027;112;0;0;;;;;NONE;;PASSENGER CAR;PASSENGER CAR;PASSENGER CAR;;;NO;5315;2017-02-09;7:44:29 AM;2017-02-09T12:44:29+00:00;35.748613249, -78.77190784;2017;No;No;2;;NONE;NONE;PASSENGER CAR,PASSENGER CAR;PASSENGER CAR,PASSENGER CAR,PASSENGER CAR;PASSENGER CAR,PASSENGER CAR,PASSENGER CAR;PASSENGER CAR,PASSENGER CAR,PASSENGER CAR
27941;.02 MILES FROM US HWY 64;NO SPECIAL FEATURE;STRAIGHT,LEVEL;US ROUTE;TWO-WAY,DIVIDED,UNPROTECTED MEDIAN;SMOOTH ASPHALT;DRY;DAYLIGHT;CLEAR;NO CONTROL PRESENT;35.741494418;-78.80972316;-78.8079;35.7411;P041;116;0;0;1;;NONE;;NONE;;PASSENGER CAR;SPORT UTILITY;;;;NO;5318;2017-02-09;3:56:16 PM;2017-02-09T20:56:16+00:00;35.741494418, -78.80972316;2017;No;No;2;NONE;NONE,NONE;NONE,NONE;PASSENGER CAR,SPORT UTILITY;PASSENGER CAR,SPORT UTILITY;PASSENGER CAR,SPORT UTILITY;PASSENGER CAR,SPORT UTILITY
27942;75 FEET FROM 104 NORTHWOODS VILLAGE;NO SPECIAL FEATURE;STRAIGHT,LEVEL;PUBLIC VEHICULAR AREA;TWO-WAY,NOT DIVIDED;SMOOTH ASPHALT;DRY;DARK - LIGHTED ROADWAY;CLEAR;NO CONTROL PRESENT;35.803853315;-78.77405753;-78.773699;35.804426;P030;113;0;0;;;DARTING;NOT VISIBLE (DARK CLOTHING, ETC.);NONE;;PASSENGER CAR;;;;;NO;5319;2017-02-09;7:45:21 AM;2017-02-09T12:45:21+00:00;35.803853315, -78.77405753;2017;No;No;2;DARTING,NOT VISIBLE (DARK CLOTHING, ETC.);DARTING,NOT VISIBLE (DARK CLOTHING, ETC.),NONE;DARTING,NOT VISIBLE (DARK CLOTHING,ETC.),NONE;PASSENGER CAR;PASSENGER CAR;PASSENGER CAR;PASSENGER CAR
27943;.5 MILES FROM US1;NO SPECIAL FEATURE;STRAIGHT,LEVEL;US ROUTE;TWO-WAY,DIVIDED,POSITIVE MEDIAN BARRIER;GROOVED CONCRETE;DRY;DAYLIGHT;CLEAR;NO CONTROL PRESENT;35.748613249;-78.77190784;-78.757745;35.756014;P027;112;0;0;2;;;;NONE;;VAN;VAN;;;;NO;5320;2017-02-08;10:37 AM;2017-02-08T15:37:00+00:00;35.748613249, -78.77190784;2017;No;No;2;;NONE;NONE;VAN,VAN;VAN,VAN;VAN,VAN;VAN,VAN
27944;100 FEET FROM SR1415 (SE MAYNARD RD);NO SPECIAL FEATURE;STRAIGHT,GRADE;STATE SECONDARY ROUTE;TWO-WAY,NOT DIVIDED;SMOOTH ASPHALT;DRY;DAYLIGHT;CLEAR;NO CONTROL PRESENT;;;-78.7729;35.7664;;;0;0;;;NONE;;NONE;;PASSENGER CAR;PASSENGER CAR;;;;NO;5321;2017-02-09;8:52:18 AM;2017-02-09T13:52:18+00:00;;2017;No;No;2;NONE;NONE,NONE;NONE,NONE;PASSENGER CAR,PASSENGER CAR;PASSENGER CAR,PASSENGER CAR;PASSENGER CAR,PASSENGER CAR;PASSENGER CAR,PASSENGER CAR
27945;20 FEET FROM SR1624 (CARPENTER FIRE STATION;FOUR-WAY INTERSECTION;STRAIGHT,GRADE;STATE SECONDARY ROUTE;TWO-WAY,NOT DIVIDED;SMOOTH ASPHALT;DRY;DAYLIGHT;CLEAR;STOP AND GO SIGNAL;;;-78.8743;35.8233;;;0;0;;;;;NONE;;PASSENGER CAR;SPORT UTILITY;;;;NO;5322;2017-02-10;8:21:14 AM;2017-02-10T13:21:14+00:00;;2017;No;No;2;;NONE;NONE;PASSENGER CAR,SPORT UTILITY;PASSENGER CAR,SPORT UTILITY;PASSENGER CAR,SPORT UTILITY;PASSENGER CAR,SPORT UTILITY
27955;320 FEET FROM PVA (1105 WALNUT ST);NO SPECIAL FEATURE;STRAIGHT,LEVEL;PUBLIC VEHICULAR AREA;ONE-WAY,NOT DIVIDED;SMOOTH ASPHALT;DRY;DARK - LIGHTED ROADWAY;CLEAR;NO CONTROL PRESENT;35.77385099;-78.75931174;-78.7615;35.7748;P121;120;0;0;;;NONE;;NONE;;;PASSENGER CAR;;;;NO;5332;2017-02-11;10:22 PM;2017-02-12T03:22:00+00:00;35.77385099, -78.75931174;2017;No;No;2;NONE;NONE,NONE;NONE,NONE;PASSENGER CAR;PASSENGER CAR;PASSENGER CAR;PASSENGER CAR
27969;20 FEET FROM CRESCENT ARBORS LN;NO SPECIAL FEATURE;STRAIGHT,LEVEL;LOCAL STREET;TWO-WAY,DIVIDED,UNPROTECTED MEDIAN;SMOOTH ASPHALT;DRY;DAYLIGHT;CLEAR;NO CONTROL PRESENT;35.731177553;-78.77700229;-78.7772;35.7312;P047;118;0;0;;;NONE;;NONE;;VAN;;;;;INTERMITTENT/MOVING WORK (E.G. PATCHING POTHO;5346;2017-02-09;2:28:03 PM;2017-02-09T19:28:03+00:00;35.731177553, -78.77700229;2017;No;No;2;NONE;NONE,NONE;NONE,NONE;VAN;VAN;VAN;VAN
27970;50 FEET FROM SR 3977 (SE CARY PKWY);NO SPECIAL FEATURE;STRAIGHT,LEVEL;STATE SECONDARY ROUTE;TWO-WAY,DIVIDED,UNPROTECTED MEDIAN;SMOOTH ASPHALT;DRY;DAYLIGHT;CLEAR;NO CONTROL PRESENT;;;-78.773965;35.752057;;;0;0;;;;;NONE;;SPORT UTILITY;;;;;NO;5347;2017-02-10;4:49:14 PM;2017-02-10T21:49:14+00:00;;2017;No;No;2;;NONE;NONE;SPORT UTILITY;SPORT UTILITY;SPORT UTILITY;SPORT UTILITY
27976;.1 MILES FROM PVA OF 1207 KILDAIRE FARM RD;NO SPECIAL FEATURE;STRAIGHT,LEVEL;PUBLIC VEHICULAR AREA;UNKNOWN;SMOOTH ASPHALT;DRY;DAYLIGHT;CLEAR;NO CONTROL PRESENT;35.822407221;-78.82585126;-78.7822;35.764;P100;RALW;0;0;;;;;NONE;;PASSENGER CAR;PASSENGER CAR;;;;NO;5353;2017-02-12;5:11:45 PM;2017-02-12T22:11:45+00:00;35.822407221, -78.82585126;2017;No;No;2;;NONE;NONE;PASSENGER CAR,PASSENGER CAR;PASSENGER CAR,PASSENGER CAR;PASSENGER CAR,PASSENGER CAR;PASSENGER CAR,PASSENGER CAR
27979;.2 MILES FROM EASTON GREY LOOP;NO SPECIAL FEATURE;CURVE,LEVEL;LOCAL STREET;TWO-WAY,NOT DIVIDED;SMOOTH ASPHALT;WET;DARK - UNKNOWN LIGHTING;RAIN;NO CONTROL PRESENT;35.832279856;-78.91629628;-78.9161;35.8322;;119;0;0;1;;NONE;;NONE;;PASSENGER CAR;;;;;NO;5356;2017-02-13;10:02 AM;2017-02-13T15:02:00+00:00;35.832279856, -78.91629628;2017;No;No;2;NONE;NONE,NONE;NONE,NONE;PASSENGER CAR;PASSENGER CAR;PASSENGER CAR;PASSENGER CAR
27988;.1 MILES FROM PVA 440 CROSSROADS BLVD;NO SPECIAL FEATURE;STRAIGHT,LEVEL;PUBLIC VEHICULAR AREA;TWO-WAY,NOT DIVIDED;SMOOTH ASPHALT;DRY;DAYLIGHT;CLEAR;NO CONTROL PRESENT;35.760374891;-78.73906041;-78.7365;35.7595;P120;118;0;0;1;;;;NONE;;PASSENGER CAR;PASSENGER CAR;;;;NO;5365;2017-02-13;12:28 PM;2017-02-13T17:28:00+00:00;35.760374891, -78.73906041;2017;No;No;2;;NONE;NONE;PASSENGER CAR,PASSENGER CAR;PASSENGER CAR,PASSENGER CAR;PASSENGER CAR,PASSENGER CAR;PASSENGER CAR,PASSENGER CAR
27996;.19 MILES FROM US 1 HWY;NO SPECIAL FEATURE;STRAIGHT,LEVEL;US ROUTE;TWO-WAY,DIVIDED,POSITIVE MEDIAN BARRIER;SMOOTH ASPHALT;DRY;DARK - LIGHTED ROADWAY;CLEAR;NO CONTROL PRESENT;;;-78.749615;35.759558;;;0;2;;;;;NONE;;SPORT UTILITY;SPORT UTILITY;;;;NO;5373;2017-01-31;6:18:47 PM;2017-01-31T23:18:47+00:00;;2017;No;Yes;1;;NONE;NONE;SPORT UTILITY,SPORT UTILITY;SPORT UTILITY,SPORT UTILITY;SPORT UTILITY,SPORT UTILITY;SPORT UTILITY,SPORT UTILITY
27999;100 FEET FROM P.V.A. (421 E CHATHAM ST);NO SPECIAL FEATURE;STRAIGHT,LEVEL;PUBLIC VEHICULAR AREA;TWO-WAY,NOT DIVIDED;CONCRETE;DRY;DARK - LIGHTED ROADWAY;CLEAR;NO CONTROL PRESENT;;;-78.772644;35.789931;;;0;0;;;NONE;;NONE;;PASSENGER CAR;PASSENGER CAR;;;;NO;5376;2017-02-10;6:21:15 PM;2017-02-10T23:21:15+00:00;;2017;No;No;2;NONE;NONE,NONE;NONE,NONE;PASSENGER CAR,PASSENGER CAR;PASSENGER CAR,PASSENGER CAR;PASSENGER CAR,PASSENGER CAR;PASSENGER CAR,PASSENGER CAR
28005;75 FEET FROM US 64 HWY;NO SPECIAL FEATURE;STRAIGHT,LEVEL;US ROUTE;TWO-WAY,DIVIDED,UNPROTECTED MEDIAN;SMOOTH ASPHALT;DRY;DAYLIGHT;CLEAR;NO CONTROL PRESENT;35.742278409;-78.81424923;-78.8152;35.7426;P041;116;0;0;1;;NONE;;NONE;;PASSENGER CAR;SPORT UTILITY;;;;NO;5382;2017-02-14;5:04:58 PM;2017-02-14T22:04:58+00:00;35.742278409, -78.81424923;2017;No;No;2;NONE;NONE,NONE;NONE,NONE;PASSENGER CAR,SPORT UTILITY;PASSENGER CAR,SPORT UTILITY;PASSENGER CAR,SPORT UTILITY;PASSENGER CAR,SPORT UTILITY
28006;CARY;FOUR-WAY INTERSECTION;STRAIGHT,LEVEL;STATE SECONDARY ROUTE;TWO-WAY,DIVIDED,UNPROTECTED MEDIAN;SMOOTH ASPHALT;DRY;DUSK;CLEAR;NO CONTROL PRESENT;;;-78.7767;35.7311;;;0;0;;;NONE;;NONE;;PASSENGER CAR;PASSENGER CAR;;;;NO;5383;2017-02-14;5:13:13 PM;2017-02-14T22:13:13+00:00;;2017;No;No;2;NONE;NONE,NONE;NONE,NONE;PASSENGER CAR,PASSENGER CAR;PASSENGER CAR,PASSENGER CAR;PASSENGER CAR,PASSENGER CAR;PASSENGER CAR,PASSENGER CAR
28013;40 FEET FROM NC 55 HWY;RELATED TO INTERSECTION;STRAIGHT,LEVEL;NC ROUTE;;SMOOTH ASPHALT;DRY;DARK - LIGHTED ROADWAY;CLEAR;STOP AND GO SIGNAL;;;-78.8708;35.7881;;;0;0;1;;NONE;;NONE;;SPORT UTILITY;SPORT UTILITY;;;;NO;5390;2017-02-14;6:42:27 PM;2017-02-14T23:42:27+00:00;;2017;No;No;2;NONE;NONE,NONE;NONE,NONE;SPORT UTILITY,SPORT UTILITY;SPORT UTILITY,SPORT UTILITY;SPORT UTILITY,SPORT UTILITY;SPORT UTILITY,SPORT UTILITY
28025;20 FEET FROM SR1633 (GOOD HOPE CHURCH RD);Y-INTERSECTION;STRAIGHT,GRADE;STATE SECONDARY ROUTE;TWO-WAY,NOT DIVIDED;SMOOTH ASPHALT;DRY;DAYLIGHT;CLEAR;STOP SIGN;;;-78.877;35.8296;;;0;0;;;;;NONE;;PASSENGER CAR;SPORT UTILITY;;;;NO;5402;2017-02-14;12:02 PM;2017-02-14T17:02:00+00:00;;2017;No;No;2;;NONE;NONE;PASSENGER CAR,SPORT UTILITY;PASSENGER CAR,SPORT UTILITY;PASSENGER CAR,SPORT UTILITY;PASSENGER CAR,SPORT UTILITY
28028;200 FEET FROM PVA OF 1515 SW CARY PKWY;NO SPECIAL FEATURE;STRAIGHT,LEVEL;PUBLIC VEHICULAR AREA;TWO-WAY,NOT DIVIDED;COARSE ASPHALT;DRY;DAYLIGHT;CLEAR;NO CONTROL PRESENT;;;-78.8096;35.7536;;;0;0;1;;;;NONE;;PASSENGER CAR;SPORT UTILITY;;;;NO;5405;2017-02-16;1:12:59 PM;2017-02-16T18:12:59+00:00;;2017;No;No;2;;NONE;NONE;PASSENGER CAR,SPORT UTILITY;PASSENGER CAR,SPORT UTILITY;PASSENGER CAR,SPORT UTILITY;PASSENGER CAR,SPORT UTILITY
28030;.85 MILES FROM US 1 HWY;NO SPECIAL FEATURE;STRAIGHT,LEVEL;US ROUTE;TWO-WAY,DIVIDED,POSITIVE MEDIAN BARRIER;CONCRETE;DRY;DAYLIGHT;CLEAR;NO CONTROL PRESENT;;;-78.758234;35.755503;;;0;0;;;;;NONE;;SPORT UTILITY;PASSENGER CAR;PASSENGER CAR;;;NO;5407;2017-02-15;5:13:50 PM;2017-02-15T22:13:50+00:00;;2017;No;No;2;;NONE;NONE;SPORT UTILITY,PASSENGER CAR;SPORT UTILITY,PASSENGER CAR,PASSENGER CAR;SPORT UTILITY,PASSENGER CAR,PASSENGER CAR;SPORT UTILITY,PASSENGER CAR,PASSENGER CAR
28050;.10 MILES FROM PVA 6770 MCCRIMMON PKWY;NO SPECIAL FEATURE;STRAIGHT,LEVEL;PUBLIC VEHICULAR AREA;TWO-WAY,NOT DIVIDED;SMOOTH ASPHALT;DRY;DAYLIGHT;CLEAR;NO CONTROL PRESENT;;;-78.88972;35.829059;;;0;0;;;NONE;;NONE;;PASSENGER CAR;PASSENGER CAR;;;;NO;5427;2017-02-17;12:08 PM;2017-02-17T17:08:00+00:00;;2017;No;No;2;NONE;NONE,NONE;NONE,NONE;PASSENGER CAR,PASSENGER CAR;PASSENGER CAR,PASSENGER CAR;PASSENGER CAR,PASSENGER CAR;PASSENGER CAR,PASSENGER CAR
28051;300 FEET FROM SR 1617 (CARPENTER UPCHURCH RD;NO SPECIAL FEATURE;CURVE,LEVEL;STATE SECONDARY ROUTE;TWO-WAY,NOT DIVIDED;SMOOTH ASPHALT;DRY;DAYLIGHT;CLEAR;NO CONTROL PRESENT;;;-78.857;35.7909;;;0;0;;;NONE;;NONE;;VAN;SPORT UTILITY;;;;NO;5428;2017-02-16;3:10:13 PM;2017-02-16T20:10:13+00:00;;2017;No;No;2;NONE;NONE,NONE;NONE,NONE;VAN,SPORT UTILITY;VAN,SPORT UTILITY;VAN,SPORT UTILITY;VAN,SPORT UTILITY
28054;100 FEET FROM PVA (924 KILDAIRE FARM RD);NO SPECIAL FEATURE;STRAIGHT,LEVEL;PUBLIC VEHICULAR AREA;TWO-WAY,NOT DIVIDED;SMOOTH ASPHALT;DRY;DAYLIGHT;CLEAR;NO CONTROL PRESENT;;;-78.782;35.7715;;;0;1;;;NONE;;NONE;;PASSENGER CAR;;;;;NO;5431;2017-02-18;4:04:31 PM;2017-02-18T21:04:31+00:00;;2017;No;Yes;2;NONE;NONE,NONE;NONE,NONE;PASSENGER CAR;PASSENGER CAR;PASSENGER CAR;PASSENGER CAR
28062;300 FEET FROM PVA (1000 AERIAL CENTER PKWY);DRIVEWAY, PUBLIC;CURVE,LEVEL;PUBLIC VEHICULAR AREA;ONE-WAY,NOT DIVIDED;SMOOTH ASPHALT;DRY;DAYLIGHT;CLEAR;NO CONTROL PRESENT;;;-78.8171;35.8586;;;0;0;2;;;;NONE;;PASSENGER CAR;;;;;NO;5439;2017-02-16;5:23:20 PM;2017-02-16T22:23:20+00:00;;2017;No;No;2;;NONE;NONE;PASSENGER CAR;PASSENGER CAR;PASSENGER CAR;PASSENGER CAR
28064;.1143 MILES FROM SR1600(GREEN LEVEL CHURCH RD);NO SPECIAL FEATURE;STRAIGHT,LEVEL;STATE SECONDARY ROUTE;TWO-WAY,NOT DIVIDED;SMOOTH ASPHALT;DRY;DAYLIGHT;CLEAR;NO CONTROL PRESENT;35.798903619;-78.9003092;-78.8997;35.7972;P015;122;0;0;;;NONE;;NONE;;SPORT UTILITY;PICKUP;;;;NO;5441;2017-02-18;2:58:23 PM;2017-02-18T19:58:23+00:00;35.798903619, -78.9003092;2017;No;No;2;NONE;NONE,NONE;NONE,NONE;SPORT UTILITY,PICKUP;SPORT UTILITY,PICKUP;SPORT UTILITY,PICKUP;SPORT UTILITY,PICKUP
28071;.2 MILES FROM SR 1615 (HIGH HOUSE RD);NO SPECIAL FEATURE;CURVE,LEVEL;STATE SECONDARY ROUTE;TWO-WAY,DIVIDED,POSITIVE MEDIAN BARRIER;SMOOTH ASPHALT;DRY;DARK - LIGHTED ROADWAY;CLEAR;NO CONTROL PRESENT;35.792764591;-78.83832661;-78.839;35.792;P067;121;0;0;;;NONE;;NONE;;PASSENGER CAR;;;;;NO;5448;2017-02-20;4:36:51 AM;2017-02-20T09:36:51+00:00;35.792764591, -78.83832661;2017;No;No;2;NONE;NONE,NONE;NONE,NONE;PASSENGER CAR;PASSENGER CAR;PASSENGER CAR;PASSENGER CAR
28082;0 FEET FROM NC 54 NW MAYNARD RD;FOUR-WAY INTERSECTION;STRAIGHT,GRADE;NC ROUTE;TWO-WAY,DIVIDED,UNPROTECTED MEDIAN;SMOOTH ASPHALT;DRY;DAYLIGHT;CLEAR;STOP AND GO SIGNAL;35.770895912;-78.76133099;-78.796066;35.798839;P121;120;0;2;2;;NONE;;NONE;;PASSENGER CAR;PASSENGER CAR;;;;NO;5459;2017-02-21;9:06:35 AM;2017-02-21T14:06:35+00:00;35.770895912, -78.76133099;2017;No;Yes;2;NONE;NONE,NONE;NONE,NONE;PASSENGER CAR,PASSENGER CAR;PASSENGER CAR,PASSENGER CAR;PASSENGER CAR,PASSENGER CAR;PASSENGER CAR,PASSENGER CAR
28084;15 FEET FROM SR 3122 HIGH HOUSE RD;;;;;;;;;;;;;;;;0;0;;;;;;;PASSENGER CAR;;;;;;5461;2016-03-21;9:27:09 PM;2016-03-22T01:27:09+00:00;;2016;No;No;3;;;;PASSENGER CAR;PASSENGER CAR;PASSENGER CAR;PASSENGER CAR
28091;100 FEET FROM SR 1152 TRYON RD;NO SPECIAL FEATURE;STRAIGHT,LEVEL;STATE SECONDARY ROUTE;TWO-WAY,DIVIDED,POSITIVE MEDIAN BARRIER;SMOOTH ASPHALT;DRY;DARK - LIGHTED ROADWAY;CLEAR;STOP AND GO SIGNAL;;;-78.732621;35.746128;;;0;1;;;NONE;;NONE;;PICKUP;SPORT UTILITY;;;;NO;5467;2017-02-22;10:24 PM;2017-02-23T03:24:00+00:00;;2017;No;Yes;2;NONE;NONE,NONE;NONE,NONE;PICKUP,SPORT UTILITY;PICKUP,SPORT UTILITY;PICKUP,SPORT UTILITY;PICKUP,SPORT UTILITY
28096;15 FEET FROM SR 1300 (KILDAIRE FARM RD);NO SPECIAL FEATURE;STRAIGHT,LEVEL;STATE SECONDARY ROUTE;TWO-WAY,NOT DIVIDED;SMOOTH ASPHALT;DRY;DAYLIGHT;CLEAR;STOP AND GO SIGNAL;;;-78.7951;35.7056;;;0;0;;;;;NONE;;SPORT UTILITY;VAN;SPORT UTILITY;;;NO;5472;2017-02-22;12:20 PM;2017-02-22T17:20:00+00:00;;2017;No;No;2;;NONE;NONE;SPORT UTILITY,VAN;SPORT UTILITY,VAN,SPORT UTILITY;SPORT UTILITY,VAN,SPORT UTILITY;SPORT UTILITY,VAN,SPORT UTILITY
28097;35 FEET FROM [SR1009]TRYON RD;NO SPECIAL FEATURE;STRAIGHT,GRADE;LOCAL STREET;TWO-WAY,DIVIDED,UNPROTECTED MEDIAN;SMOOTH ASPHALT;DRY;DAYLIGHT;CLEAR;STOP AND GO SIGNAL;;;-78.7809;35.7373;;;0;0;;;NONE;;NONE;;PASSENGER CAR;SPORT UTILITY;;;;NO;5473;2017-02-23;2:12:43 PM;2017-02-23T19:12:43+00:00;;2017;No;No;2;NONE;NONE,NONE;NONE,NONE;PASSENGER CAR,SPORT UTILITY;PASSENGER CAR,SPORT UTILITY;PASSENGER CAR,SPORT UTILITY;PASSENGER CAR,SPORT UTILITY
28098;200 FEET FROM US 1 ON RAMP NB;MERGE LANE BETWEEN ON AND OFF RAMP;CURVE,GRADE;US ROUTE;ONE-WAY,NOT DIVIDED;SMOOTH ASPHALT;DRY;DARK - LIGHTED ROADWAY;CLEAR;YIELD SIGN;;;-78.7449;35.7607;;112;0;0;;;NONE;;NONE;;PASSENGER CAR;SPORT UTILITY;;;;NO;5474;2017-02-21;7:07:57 PM;2017-02-22T00:07:57+00:00;;2017;No;No;2;NONE;NONE,NONE;NONE,NONE;PASSENGER CAR,SPORT UTILITY;PASSENGER CAR,SPORT UTILITY;PASSENGER CAR,SPORT UTILITY;PASSENGER CAR,SPORT UTILITY
28102;85 FEET FROM [SR1300]KILDAIRE FARM RD;NO SPECIAL FEATURE;STRAIGHT,LEVEL;LOCAL STREET;TWO-WAY,DIVIDED,UNPROTECTED MEDIAN;SMOOTH ASPHALT;DRY;DAYLIGHT;CLEAR;STOP AND GO SIGNAL;;;-78.7826;35.7569;;;0;0;1;;NONE;;NONE;;SPORT UTILITY;EMS VEHICLE- AMBULANCE- RESCUE SQUAD;;;;NO;5478;2017-02-23;5:57:16 PM;2017-02-23T22:57:16+00:00;;2017;No;No;2;NONE;NONE,NONE;NONE,NONE;SPORT UTILITY,EMS VEHICLE- AMBULANCE- RESCUE SQUAD;SPORT UTILITY,EMS VEHICLE- AMBULANCE- RESCUE SQUAD;SPORT UTILITY,EMS VEHICLE- AMBULANCE- RESCUE SQUAD;SPORT UTILITY,EMS VEHICLE- AMBULANCE- RESCUE SQUAD