tamainid;location_description;rdfeature;rdcharacter;rdclass;rdconfigur;rdsurface;rdcondition;lightcond;weather;trafcontrl;lat;lon;lon2;lat2;tract;zone;fatality;possblinj;numpassengers;numpedestrians;contrcir1_desc;contrcir2_desc;contrcir3_desc;contrcir4_desc;vehicle1;vehicle2;vehicle3;vehicle4;vehicle5;workarea;records;ta_date;ta_time;crash_date;geo_location;year;fatalities;injuries;month;contrfact1;contrfact2;contributing_factor;vehicleconcat1;vehicleconcat2;vehicleconcat3;vehicle_type
28493;120 FEET FROM GREGORY DR;;;;;;;;;;35.793955198;-78.77399036;;;P031;113;0;0;;;;;;;PASSENGER CAR;PASSENGER CAR;;;;;5867;2017-03-17;12:57 AM;2017-03-17T04:57:00+00:00;35.793955198, -78.77399036;2017;No;No;3;;;;PASSENGER CAR,PASSENGER CAR;PASSENGER CAR,PASSENGER CAR;PASSENGER CAR,PASSENGER CAR;PASSENGER CAR,PASSENGER CAR
28497;75 FEET FROM WEST LAKE RD;NO SPECIAL FEATURE;STRAIGHT,LEVEL;LOCAL STREET;TWO-WAY,NOT DIVIDED;SMOOTH ASPHALT;DRY;DAYLIGHT;CLEAR;NO CONTROL PRESENT;35.65868134;-78.75672931;-78.7569;35.659;P051;116;0;0;;;;;NONE;;PASSENGER CAR;;;;;NO;5871;2017-03-24;7:23:14 AM;2017-03-24T11:23:14+00:00;35.65868134, -78.75672931;2017;No;No;3;;NONE;NONE;PASSENGER CAR;PASSENGER CAR;PASSENGER CAR;PASSENGER CAR
28510;100 FEET FROM 102 YMCA DR;NO SPECIAL FEATURE;STRAIGHT,LEVEL;PUBLIC VEHICULAR AREA;ONE-WAY,NOT DIVIDED;SMOOTH ASPHALT;DRY;DAYLIGHT;CLEAR;NO CONTROL PRESENT;35.776146581;-78.83630753;-78.835;35.776;P064;117;0;0;1;;NONE;;NONE;;PASSENGER CAR;PASSENGER CAR;;;;NO;5884;2017-03-27;2:52:40 PM;2017-03-27T18:52:40+00:00;35.776146581, -78.83630753;2017;No;No;3;NONE;NONE,NONE;NONE,NONE;PASSENGER CAR,PASSENGER CAR;PASSENGER CAR,PASSENGER CAR;PASSENGER CAR,PASSENGER CAR;PASSENGER CAR,PASSENGER CAR
28512;.1 MILES FROM SR 1613 (DAVIS DR);NO SPECIAL FEATURE;STRAIGHT,GRADE;STATE SECONDARY ROUTE;TWO-WAY,DIVIDED,POSITIVE MEDIAN BARRIER;COARSE ASPHALT;DRY;DAYLIGHT;CLEAR;NO CONTROL PRESENT;;;-78.850092;35.7943818;;121;0;0;3;;NONE;;NONE;;PASSENGER CAR;PASSENGER CAR;;;;NO;5886;2017-03-27;4:27:43 PM;2017-03-27T20:27:43+00:00;;2017;No;No;3;NONE;NONE,NONE;NONE,NONE;PASSENGER CAR,PASSENGER CAR;PASSENGER CAR,PASSENGER CAR;PASSENGER CAR,PASSENGER CAR;PASSENGER CAR,PASSENGER CAR
28516;260 FEET FROM PVA OF 2010 KILDAIRE FARM RD;NO SPECIAL FEATURE;STRAIGHT,GRADE;PUBLIC VEHICULAR AREA;TWO-WAY,NOT DIVIDED;SMOOTH ASPHALT;DRY;DAYLIGHT;CLEAR;NO CONTROL PRESENT;;;-78.7811;35.7375;;;0;0;;;;;NONE;;UNKNOWN;PASSENGER CAR;;;;NO;5890;2017-03-27;5:47:41 PM;2017-03-27T21:47:41+00:00;;2017;No;No;3;;NONE;NONE;UNKNOWN,PASSENGER CAR;UNKNOWN,PASSENGER CAR;UNKNOWN,PASSENGER CAR;UNKNOWN,PASSENGER CAR
28522;503 FEET FROM NC 54 HWY (NW MAYNARD RD);DRIVEWAY, PUBLIC;STRAIGHT,LEVEL;NC ROUTE;TWO-WAY,NOT DIVIDED;SMOOTH ASPHALT;DRY;DARK - LIGHTED ROADWAY;CLEAR;NO CONTROL PRESENT;;;-78.783318;35.802481;;;0;0;;;NONE;;NONE;;PICKUP;PICKUP;;;;NO;5896;2017-03-28;10:07 PM;2017-03-29T02:07:00+00:00;;2017;No;No;3;NONE;NONE,NONE;NONE,NONE;PICKUP,PICKUP;PICKUP,PICKUP;PICKUP,PICKUP;PICKUP,PICKUP
28525;.05 MILES FROM US 64 HWY;NO SPECIAL FEATURE;STRAIGHT,LEVEL;US ROUTE;TWO-WAY,DIVIDED,UNPROTECTED MEDIAN;SMOOTH ASPHALT;DRY;DAYLIGHT;CLEAR;NO CONTROL PRESENT;35.741539722;-78.8097058;-78.8083;35.7411;;;0;0;;;NONE;;NONE;;PASSENGER CAR;SPORT UTILITY;PASSENGER CAR;;;NO;5899;2017-03-28;6:04:41 PM;2017-03-28T22:04:41+00:00;35.741539722, -78.8097058;2017;No;No;3;NONE;NONE,NONE;NONE,NONE;PASSENGER CAR,SPORT UTILITY;PASSENGER CAR,SPORT UTILITY,PASSENGER CAR;PASSENGER CAR,SPORT UTILITY,PASSENGER CAR;PASSENGER CAR,SPORT UTILITY,PASSENGER CAR
28527;200 FEET FROM 2021 WALNUT ST;NO SPECIAL FEATURE;STRAIGHT,LEVEL;PUBLIC VEHICULAR AREA;ONE-WAY,NOT DIVIDED;SMOOTH ASPHALT;WET;DAYLIGHT;CLEAR;NO CONTROL PRESENT;;;-78.738675;35.757829;;;0;0;;;NONE;;NONE;;SPORT UTILITY;SPORT UTILITY;;;;NO;5901;2017-03-28;1:59:26 PM;2017-03-28T17:59:26+00:00;;2017;No;No;3;NONE;NONE,NONE;NONE,NONE;SPORT UTILITY,SPORT UTILITY;SPORT UTILITY,SPORT UTILITY;SPORT UTILITY,SPORT UTILITY;SPORT UTILITY,SPORT UTILITY
28529;15 FEET FROM PVA (301-A N. HARRISON AVE );DRIVEWAY, PUBLIC;STRAIGHT,GRADE;PUBLIC VEHICULAR AREA;TWO-WAY,NOT DIVIDED;SMOOTH ASPHALT;DRY;DARK - LIGHTED ROADWAY;CLEAR;NO CONTROL PRESENT;35.788787396;-78.78384806;-78.784;35.7885;;;0;0;;;NONE;;NONE;;PASSENGER CAR;;;;;NO;5903;2017-03-25;3:30:42 AM;2017-03-25T07:30:42+00:00;35.788787396, -78.78384806;2017;No;No;3;NONE;NONE,NONE;NONE,NONE;PASSENGER CAR;PASSENGER CAR;PASSENGER CAR;PASSENGER CAR
28542;0 FEET FROM 64 HWY;NO SPECIAL FEATURE;STRAIGHT,LEVEL;US ROUTE;TWO-WAY,DIVIDED,UNPROTECTED MEDIAN;SMOOTH ASPHALT;DRY;DAYLIGHT;CLEAR;NO CONTROL PRESENT;35.741539722;-78.8097058;-78.814105;35.742208;;;0;0;;;NONE;;NONE;;PASSENGER CAR;PASSENGER CAR;;;;NO;5916;2017-03-27;10:10 AM;2017-03-27T14:10:00+00:00;35.741539722, -78.8097058;2017;No;No;3;NONE;NONE,NONE;NONE,NONE;PASSENGER CAR,PASSENGER CAR;PASSENGER CAR,PASSENGER CAR;PASSENGER CAR,PASSENGER CAR;PASSENGER CAR,PASSENGER CAR
28546;.17 MILES FROM P.V.A. CARY TOWNE CENTER (1105;NO SPECIAL FEATURE;STRAIGHT,LEVEL;PUBLIC VEHICULAR AREA;TWO-WAY,NOT DIVIDED;SMOOTH ASPHALT;DRY;DAYLIGHT;CLEAR;NO CONTROL PRESENT;;;-78.7596;35.7729;;;0;0;;;NONE;;NONE;;PASSENGER CAR;PASSENGER CAR;;;;NO;5920;2017-03-26;4:55:41 PM;2017-03-26T20:55:41+00:00;;2017;No;No;3;NONE;NONE,NONE;NONE,NONE;PASSENGER CAR,PASSENGER CAR;PASSENGER CAR,PASSENGER CAR;PASSENGER CAR,PASSENGER CAR;PASSENGER CAR,PASSENGER CAR
28551;.1 MILES FROM (PVA) 1105 WALNUT ST;NO SPECIAL FEATURE;STRAIGHT,LEVEL;PUBLIC VEHICULAR AREA;TWO-WAY,NOT DIVIDED;SMOOTH ASPHALT;DRY;DAYLIGHT;CLEAR;NO CONTROL PRESENT;35.77385099;-78.75931174;-78.7597;35.7731;P121;120;0;0;1;;;;NONE;;SPORT UTILITY;VAN;;;;NO;5925;2017-03-30;3:47:07 PM;2017-03-30T19:47:07+00:00;35.77385099, -78.75931174;2017;No;No;3;;NONE;NONE;SPORT UTILITY,VAN;SPORT UTILITY,VAN;SPORT UTILITY,VAN;SPORT UTILITY,VAN
28552;.37 MILES FROM US 1 HWY;NO SPECIAL FEATURE;STRAIGHT,LEVEL;US ROUTE;TWO-WAY,DIVIDED,POSITIVE MEDIAN BARRIER;SMOOTH ASPHALT;DRY;DAYLIGHT;CLEAR;NO CONTROL PRESENT;35.73479613;-78.7977301;-78.79886;35.734187;P043;116;0;0;;;NONE;;NONE;;PASSENGER CAR;SPORT UTILITY;;;;NO;5926;2017-03-30;6:32:46 PM;2017-03-30T22:32:46+00:00;35.73479613, -78.7977301;2017;No;No;3;NONE;NONE,NONE;NONE,NONE;PASSENGER CAR,SPORT UTILITY;PASSENGER CAR,SPORT UTILITY;PASSENGER CAR,SPORT UTILITY;PASSENGER CAR,SPORT UTILITY
28553;50 FEET FROM DAVIS DR SR1613;NO SPECIAL FEATURE;STRAIGHT,LEVEL;STATE SECONDARY ROUTE;TWO-WAY,DIVIDED,UNPROTECTED MEDIAN;SMOOTH ASPHALT;WET;DAWN;RAIN;STOP AND GO SIGNAL;35.773717084;-78.84604475;-78.8456;35.7737;P071;117;0;0;;;NONE;;NONE;;PASSENGER CAR;SPORT UTILITY;;;;NO;5927;2017-03-31;7:22:30 AM;2017-03-31T11:22:30+00:00;35.773717084, -78.84604475;2017;No;No;3;NONE;NONE,NONE;NONE,NONE;PASSENGER CAR,SPORT UTILITY;PASSENGER CAR,SPORT UTILITY;PASSENGER CAR,SPORT UTILITY;PASSENGER CAR,SPORT UTILITY
28556;10 FEET FROM HIGH HOUSE RD;FOUR-WAY INTERSECTION;STRAIGHT,LEVEL;LOCAL STREET;TWO-WAY,NOT DIVIDED;SMOOTH ASPHALT;DRY;DAYLIGHT;CLEAR;STOP AND GO SIGNAL;;;-78.8474;35.7912;;121;0;0;1;;NONE;;NONE;;SPORT UTILITY;PASSENGER CAR;;;;NO;5930;2017-03-29;5:14:46 PM;2017-03-29T21:14:46+00:00;;2017;No;No;3;NONE;NONE,NONE;NONE,NONE;SPORT UTILITY,PASSENGER CAR;SPORT UTILITY,PASSENGER CAR;SPORT UTILITY,PASSENGER CAR;SPORT UTILITY,PASSENGER CAR
28557;.23 MILES FROM SR 3073 (NW MAYNARD RD);OTHER *;STRAIGHT,LEVEL;STATE SECONDARY ROUTE;TWO-WAY,DIVIDED,UNPROTECTED MEDIAN;SMOOTH ASPHALT;DRY;DAYLIGHT;CLEAR;WARNING SIGN;;;-78.8027;35.7944;;;0;0;1;;NONE;;NONE;;PASSENGER CAR;PICKUP;;;;NO;5931;2017-03-30;9:00:43 AM;2017-03-30T13:00:43+00:00;;2017;No;No;3;NONE;NONE,NONE;NONE,NONE;PASSENGER CAR,PICKUP;PASSENGER CAR,PICKUP;PASSENGER CAR,PICKUP;PASSENGER CAR,PICKUP
28561;CARY;FOUR-WAY INTERSECTION;STRAIGHT,LEVEL;STATE SECONDARY ROUTE;TWO-WAY,NOT DIVIDED;SMOOTH ASPHALT;WET;DAYLIGHT;RAIN;STOP AND GO SIGNAL;;;-78.741441;35.755871;;;0;0;;;NONE;;NONE;;PASSENGER CAR;SPORT UTILITY;;;;NO;5935;2017-03-31;9:42:18 AM;2017-03-31T13:42:18+00:00;;2017;No;No;3;NONE;NONE,NONE;NONE,NONE;PASSENGER CAR,SPORT UTILITY;PASSENGER CAR,SPORT UTILITY;PASSENGER CAR,SPORT UTILITY;PASSENGER CAR,SPORT UTILITY
28565;30 FEET FROM PVA (103 SW MAYNARD RD);NO SPECIAL FEATURE;STRAIGHT,LEVEL;PUBLIC VEHICULAR AREA;TWO-WAY,NOT DIVIDED;SMOOTH ASPHALT;DRY;DAYLIGHT;CLEAR;NO CONTROL PRESENT;;;-78.781821;35.771124;;;0;0;;;NONE;;NONE;;PASSENGER CAR;PASSENGER CAR;;;;NO;5939;2017-04-01;5:42:23 PM;2017-04-01T21:42:23+00:00;;2017;No;No;4;NONE;NONE,NONE;NONE,NONE;PASSENGER CAR,PASSENGER CAR;PASSENGER CAR,PASSENGER CAR;PASSENGER CAR,PASSENGER CAR;PASSENGER CAR,PASSENGER CAR
28567;CARY;;;;;;;;;;;;;;;;0;0;;;;;;;SPORT UTILITY;;;;;;5941;2017-03-19;12:00 AM;2017-03-19T04:00:00+00:00;;2017;No;No;3;;;;SPORT UTILITY;SPORT UTILITY;SPORT UTILITY;SPORT UTILITY
28574;100 FEET FROM PVA 945 N. HARRISON AVE;NO SPECIAL FEATURE;STRAIGHT,LEVEL;PUBLIC VEHICULAR AREA;TWO-WAY,NOT DIVIDED;SMOOTH ASPHALT;DRY;DAYLIGHT;CLEAR;NO CONTROL PRESENT;35.801453613;-78.78452241;-78.7844;35.8011;P025;111;0;0;;;NONE;;NONE;;UNKNOWN;PASSENGER CAR;;;;NO;5948;2017-04-01;11:33 PM;2017-04-02T03:33:00+00:00;35.801453613, -78.78452241;2017;No;No;4;NONE;NONE,NONE;NONE,NONE;UNKNOWN,PASSENGER CAR;UNKNOWN,PASSENGER CAR;UNKNOWN,PASSENGER CAR;UNKNOWN,PASSENGER CAR
28586;.1 MILES FROM SR 1300 WALNUT ST;NO SPECIAL FEATURE;STRAIGHT,LEVEL;STATE SECONDARY ROUTE;TWO-WAY,DIVIDED,UNPROTECTED MEDIAN;SMOOTH ASPHALT;DRY;DAYLIGHT;CLEAR;NO CONTROL PRESENT;35.76215792;-78.74506048;-78.7466;35.7631;P083;112;0;0;1;;;;NONE;;PASSENGER CAR;PASSENGER CAR;;;;NO;5960;2017-04-01;11:38 AM;2017-04-01T15:38:00+00:00;35.76215792, -78.74506048;2017;No;No;4;;NONE;NONE;PASSENGER CAR,PASSENGER CAR;PASSENGER CAR,PASSENGER CAR;PASSENGER CAR,PASSENGER CAR;PASSENGER CAR,PASSENGER CAR
28588;.1 MILES FROM ARBOR VIEW DR;NO SPECIAL FEATURE;STRAIGHT,LEVEL;;TWO-WAY,NOT DIVIDED;SMOOTH ASPHALT;DRY;DAYLIGHT;CLEAR;NO CONTROL PRESENT;35.796232976;-78.87188313;-78.87;35.79;P077;122;0;0;;;NONE;;NONE;;SPORT UTILITY;PASSENGER CAR;;;;NO;5962;2017-04-01;5:21:40 PM;2017-04-01T21:21:40+00:00;35.796232976, -78.87188313;2017;No;No;4;NONE;NONE,NONE;NONE,NONE;SPORT UTILITY,PASSENGER CAR;SPORT UTILITY,PASSENGER CAR;SPORT UTILITY,PASSENGER CAR;SPORT UTILITY,PASSENGER CAR
28589;CARY;FOUR-WAY INTERSECTION;STRAIGHT,LEVEL;LOCAL STREET;TWO-WAY,DIVIDED,UNPROTECTED MEDIAN;SMOOTH ASPHALT;DRY;DAYLIGHT;CLEAR;STOP AND GO SIGNAL;35.760269386;-78.74111686;-78.741863;35.761218;P120;118;0;0;;;NONE;;NONE;;PASSENGER CAR;PASSENGER CAR;;;;NO;5963;2017-04-02;12:28 PM;2017-04-02T16:28:00+00:00;35.760269386, -78.74111686;2017;No;No;4;NONE;NONE,NONE;NONE,NONE;PASSENGER CAR,PASSENGER CAR;PASSENGER CAR,PASSENGER CAR;PASSENGER CAR,PASSENGER CAR;PASSENGER CAR,PASSENGER CAR
28593;CARY;T-INTERSECTION;STRAIGHT,LEVEL;LOCAL STREET;TWO-WAY,NOT DIVIDED;SMOOTH ASPHALT;DRY;DAYLIGHT;CLEAR;STOP SIGN;35.784846588;-78.86118894;-78.8611;35.7848;P013;117;0;0;8;;NONE;;NONE;;SCHOOL BUS;;;;;NO;5967;2017-03-31;4:00:04 PM;2017-03-31T20:00:04+00:00;35.784846588, -78.86118894;2017;No;No;3;NONE;NONE,NONE;NONE,NONE;SCHOOL BUS;SCHOOL BUS;SCHOOL BUS;SCHOOL BUS
28596;.30 MILES FROM US 1;NO SPECIAL FEATURE;STRAIGHT,LEVEL;US ROUTE;TWO-WAY,DIVIDED,POSITIVE MEDIAN BARRIER;CONCRETE;DRY;DAYLIGHT;CLEAR;NO CONTROL PRESENT;;;-78.7495;35.759945;;;0;0;1;;;;NONE;;VAN;PICKUP;PASSENGER CAR;PASSENGER CAR;;NO;5970;2017-02-24;12:28 PM;2017-02-24T17:28:00+00:00;;2017;No;No;2;;NONE;NONE;VAN,PICKUP;VAN,PICKUP,PASSENGER CAR;VAN,PICKUP,PASSENGER CAR,PASSENGER CAR;VAN,PICKUP,PASSENGER CAR,PASSENGER CAR
28600;.1 MILES FROM US 1;NO SPECIAL FEATURE;STRAIGHT,LEVEL;US ROUTE;ONE-WAY,NOT DIVIDED;SMOOTH ASPHALT;DRY;DAYLIGHT;CLEAR;NO CONTROL PRESENT;35.763854352;-78.74219584;-78.7414;35.7641;P083;112;0;0;2;;;;NONE;;SPORT UTILITY;PICKUP;;;;NO;5974;2017-04-03;7:43:02 AM;2017-04-03T11:43:02+00:00;35.763854352, -78.74219584;2017;No;No;4;;NONE;NONE;SPORT UTILITY,PICKUP;SPORT UTILITY,PICKUP;SPORT UTILITY,PICKUP;SPORT UTILITY,PICKUP
28615;200 FEET FROM 1 HWY;NO SPECIAL FEATURE;STRAIGHT,LEVEL;US ROUTE;TWO-WAY,DIVIDED,POSITIVE MEDIAN BARRIER;GROOVED CONCRETE;DRY;DAYLIGHT;CLEAR;NO CONTROL PRESENT;;;-78.794329;35.737955;;;0;0;;;NONE;;NONE;;PASSENGER CAR;;;;;NO;5989;2017-03-28;3:27:02 PM;2017-03-28T19:27:02+00:00;;2017;No;No;3;NONE;NONE,NONE;NONE,NONE;PASSENGER CAR;PASSENGER CAR;PASSENGER CAR;PASSENGER CAR
28619;CARY;FOUR-WAY INTERSECTION;STRAIGHT,LEVEL;LOCAL STREET;TWO-WAY,NOT DIVIDED;SMOOTH ASPHALT;DRY;DAYLIGHT;CLOUDY;STOP SIGN;35.82015164;-78.85780239;-78.8578;35.8201;P069;121;0;0;;;NONE;;NONE;;PASSENGER CAR;PASSENGER CAR;;;;NO;5993;2017-04-03;7:47:43 AM;2017-04-03T11:47:43+00:00;35.82015164, -78.85780239;2017;No;No;4;NONE;NONE,NONE;NONE,NONE;PASSENGER CAR,PASSENGER CAR;PASSENGER CAR,PASSENGER CAR;PASSENGER CAR,PASSENGER CAR;PASSENGER CAR,PASSENGER CAR
28627;20 FEET FROM SR 1415 (SE MAYNARD RD);NO SPECIAL FEATURE;STRAIGHT,LEVEL;STATE SECONDARY ROUTE;TWO-WAY,NOT DIVIDED;SMOOTH ASPHALT;DRY;DAYLIGHT;CLEAR;NO CONTROL PRESENT;;;-78.7642;35.7852;;;0;1;5;;NONE;;NONE;;PASSENGER CAR;PASSENGER CAR;;;;NO;6001;2017-04-04;5:00:26 PM;2017-04-04T21:00:26+00:00;;2017;No;Yes;4;NONE;NONE,NONE;NONE,NONE;PASSENGER CAR,PASSENGER CAR;PASSENGER CAR,PASSENGER CAR;PASSENGER CAR,PASSENGER CAR;PASSENGER CAR,PASSENGER CAR
28633;75 FEET FROM PVA OF 1123 KILDAIRE FARM RD;NO SPECIAL FEATURE;STRAIGHT,LEVEL;PUBLIC VEHICULAR AREA;TWO-WAY,NOT DIVIDED;SMOOTH ASPHALT;WET;DAYLIGHT;RAIN;NO CONTROL PRESENT;;;-78.7815;35.769;;;0;0;;;;;NONE;;PASSENGER CAR;SPORT UTILITY;;;;NO;6007;2017-04-05;4:54:53 PM;2017-04-05T20:54:53+00:00;;2017;No;No;4;;NONE;NONE;PASSENGER CAR,SPORT UTILITY;PASSENGER CAR,SPORT UTILITY;PASSENGER CAR,SPORT UTILITY;PASSENGER CAR,SPORT UTILITY
28637;30 FEET FROM BEACON FALLS CT;DRIVEWAY, PRIVATE;STRAIGHT,LEVEL;LOCAL STREET;TWO-WAY,NOT DIVIDED;SMOOTH ASPHALT;DRY;DAYLIGHT;CLEAR;NO CONTROL PRESENT;35.81993531;-78.88963973;-78.8903;35.8198;P122;122;0;0;1;;NONE;;NONE;;PASSENGER CAR;PASSENGER CAR;;;;NO;6011;2017-04-04;2:59:05 PM;2017-04-04T18:59:05+00:00;35.81993531, -78.88963973;2017;No;No;4;NONE;NONE,NONE;NONE,NONE;PASSENGER CAR,PASSENGER CAR;PASSENGER CAR,PASSENGER CAR;PASSENGER CAR,PASSENGER CAR;PASSENGER CAR,PASSENGER CAR
28648;CARY;NO SPECIAL FEATURE;STRAIGHT,LEVEL;PUBLIC VEHICULAR AREA;TWO-WAY,NOT DIVIDED;SMOOTH ASPHALT;DRY;DAYLIGHT;CLOUDY;NO CONTROL PRESENT;;;-78.7841;35.7646;;;0;0;;;NONE;;NONE;;SPORT UTILITY;PASSENGER CAR;;;;NO;6022;2017-04-06;6:44:45 PM;2017-04-06T22:44:45+00:00;;2017;No;No;4;NONE;NONE,NONE;NONE,NONE;SPORT UTILITY,PASSENGER CAR;SPORT UTILITY,PASSENGER CAR;SPORT UTILITY,PASSENGER CAR;SPORT UTILITY,PASSENGER CAR
28652;.01 MILES FROM US 1;NO SPECIAL FEATURE;STRAIGHT,LEVEL;US ROUTE;TWO-WAY,DIVIDED,POSITIVE MEDIAN BARRIER;SMOOTH ASPHALT;DRY;DAYLIGHT;CLOUDY;NO CONTROL PRESENT;;;-78.7976;35.7352;;116;0;0;;;NONE;;NONE;;PICKUP;PASSENGER CAR;;;;NO;6026;2017-04-07;8:40:54 AM;2017-04-07T12:40:54+00:00;;2017;No;No;4;NONE;NONE,NONE;NONE,NONE;PICKUP,PASSENGER CAR;PICKUP,PASSENGER CAR;PICKUP,PASSENGER CAR;PICKUP,PASSENGER CAR
28653;120 FEET FROM PVA PERFORMANCE CYCLE 653 CARY;DRIVEWAY, PUBLIC;STRAIGHT,LEVEL;PUBLIC VEHICULAR AREA;TWO-WAY,NOT DIVIDED;SMOOTH ASPHALT;DRY;DAYLIGHT;CLOUDY;NO CONTROL PRESENT;;;-78.7668;35.7767;;;0;0;1;;NONE;;NONE;;PASSENGER CAR;PASSENGER CAR;;;;NO;6027;2017-04-06;10:34 AM;2017-04-06T14:34:00+00:00;;2017;No;No;4;NONE;NONE,NONE;NONE,NONE;PASSENGER CAR,PASSENGER CAR;PASSENGER CAR,PASSENGER CAR;PASSENGER CAR,PASSENGER CAR;PASSENGER CAR,PASSENGER CAR
28655;20 FEET FROM SR 1615 (HIGH HOUSE RD);RELATED TO INTERSECTION;STRAIGHT,LEVEL;STATE SECONDARY ROUTE;TWO-WAY,DIVIDED,POSITIVE MEDIAN BARRIER;SMOOTH ASPHALT;DRY;DAYLIGHT;CLEAR;FLASHING STOP AND GO SIGNAL;;;-78.8268;35.787;;;0;0;;;NONE;;NONE;;PASSENGER CAR;SPORT UTILITY;;;;NO;6029;2017-04-07;1:12:02 PM;2017-04-07T17:12:02+00:00;;2017;No;No;4;NONE;NONE,NONE;NONE,NONE;PASSENGER CAR,SPORT UTILITY;PASSENGER CAR,SPORT UTILITY;PASSENGER CAR,SPORT UTILITY;PASSENGER CAR,SPORT UTILITY
28658;20 FEET FROM SR 1010 (TEN TEN RD);NO SPECIAL FEATURE;STRAIGHT,LEVEL;STATE SECONDARY ROUTE;TWO-WAY,NOT DIVIDED;SMOOTH ASPHALT;DRY;DAYLIGHT;CLEAR;STOP AND GO SIGNAL;35.695250875;-78.77223456;-78.7726;35.6951;P049;116;0;0;4;;;;NONE;;PASSENGER CAR;PASSENGER CAR;;;;NO;6032;2017-04-07;12:35 PM;2017-04-07T16:35:00+00:00;35.695250875, -78.77223456;2017;No;No;4;;NONE;NONE;PASSENGER CAR,PASSENGER CAR;PASSENGER CAR,PASSENGER CAR;PASSENGER CAR,PASSENGER CAR;PASSENGER CAR,PASSENGER CAR
28673;60 FEET FROM PVA CAPITAL CITY CHOP HOUSE 15;DRIVEWAY, PUBLIC;STRAIGHT,LEVEL;PUBLIC VEHICULAR AREA;TWO-WAY,NOT DIVIDED;SMOOTH ASPHALT;DRY;DAYLIGHT;CLOUDY;NO CONTROL PRESENT;;;-78.8146;35.8635;;;0;0;2;;NONE;;NONE;;PASSENGER CAR;;;;;NO;6047;2017-04-06;1:23:54 PM;2017-04-06T17:23:54+00:00;;2017;No;No;4;NONE;NONE,NONE;NONE,NONE;PASSENGER CAR;PASSENGER CAR;PASSENGER CAR;PASSENGER CAR
28674;.2 MILES FROM PVA (980 KILDAIRE FARM RD);DRIVEWAY, PUBLIC;STRAIGHT,LEVEL;PUBLIC VEHICULAR AREA;TWO-WAY,NOT DIVIDED;SMOOTH ASPHALT;DRY;DAYLIGHT;CLEAR;NO CONTROL PRESENT;35.772384737;-78.78315023;-78.7829;35.7724;P036;114;0;0;;;NONE;;NONE;;PASSENGER CAR;PICKUP;PASSENGER CAR;;;NO;6048;2017-04-08;7:11:42 AM;2017-04-08T11:11:42+00:00;35.772384737, -78.78315023;2017;No;No;4;NONE;NONE,NONE;NONE,NONE;PASSENGER CAR,PICKUP;PASSENGER CAR,PICKUP,PASSENGER CAR;PASSENGER CAR,PICKUP,PASSENGER CAR;PASSENGER CAR,PICKUP,PASSENGER CAR
28675;225 FEET FROM SR-1009 (TRYON RD);OTHER *;CURVE,GRADE;STATE SECONDARY ROUTE;TWO-WAY,DIVIDED,UNPROTECTED MEDIAN;SMOOTH ASPHALT;DRY;DAYLIGHT;CLEAR;YIELD SIGN;;;-78.7805;35.7373;;;0;0;1;;;;NONE;;PASSENGER CAR;SPORT UTILITY;;;;NO;6049;2017-04-09;10:47 AM;2017-04-09T14:47:00+00:00;;2017;No;No;4;;NONE;NONE;PASSENGER CAR,SPORT UTILITY;PASSENGER CAR,SPORT UTILITY;PASSENGER CAR,SPORT UTILITY;PASSENGER CAR,SPORT UTILITY
28685;75 FEET FROM KENNICOTT AV;NO SPECIAL FEATURE;STRAIGHT,LEVEL;LOCAL STREET;TWO-WAY,NOT DIVIDED;SMOOTH ASPHALT;DRY;DAYLIGHT;CLEAR;NO CONTROL PRESENT;35.822995386;-78.81182352;-78.812;35.8231;P021;111;0;0;1;;NONE;;NONE;;PASSENGER CAR;PASSENGER CAR;;;;NO;6059;2017-04-08;7:23:28 PM;2017-04-08T23:23:28+00:00;35.822995386, -78.81182352;2017;No;No;4;NONE;NONE,NONE;NONE,NONE;PASSENGER CAR,PASSENGER CAR;PASSENGER CAR,PASSENGER CAR;PASSENGER CAR,PASSENGER CAR;PASSENGER CAR,PASSENGER CAR
28695;50 FEET FROM HWY US 64;NO SPECIAL FEATURE;STRAIGHT,LEVEL;US ROUTE;TWO-WAY,DIVIDED,UNPROTECTED MEDIAN;SMOOTH ASPHALT;DRY;DAYLIGHT;CLEAR;NO CONTROL PRESENT;;;-78.7976;35.7385;;;0;0;1;;;;NONE;;PASSENGER CAR;PASSENGER CAR;;;;NO;6069;2017-04-10;4:13:26 PM;2017-04-10T20:13:26+00:00;;2017;No;No;4;;NONE;NONE;PASSENGER CAR,PASSENGER CAR;PASSENGER CAR,PASSENGER CAR;PASSENGER CAR,PASSENGER CAR;PASSENGER CAR,PASSENGER CAR