tamainid;location_description;rdfeature;rdcharacter;rdclass;rdconfigur;rdsurface;rdcondition;lightcond;weather;trafcontrl;lat;lon;lon2;lat2;tract;zone;fatality;possblinj;numpassengers;numpedestrians;contrcir1_desc;contrcir2_desc;contrcir3_desc;contrcir4_desc;vehicle1;vehicle2;vehicle3;vehicle4;vehicle5;workarea;records;ta_date;ta_time;crash_date;geo_location;year;fatalities;injuries;month;contrfact1;contrfact2;contributing_factor;vehicleconcat1;vehicleconcat2;vehicleconcat3;vehicle_type
31009;CARY;FOUR-WAY INTERSECTION;STRAIGHT,LEVEL;STATE SECONDARY ROUTE;TWO-WAY,DIVIDED,UNPROTECTED MEDIAN;SMOOTH ASPHALT;DRY;DAYLIGHT;CLEAR;STOP AND GO SIGNAL;;;-78.7393;35.7545;;;0;0;;;NONE;;NONE;;PASSENGER CAR;SPORT UTILITY;;;;NO;8382;2017-10-10;12:54 PM;2017-10-10T16:54:00+00:00;;2017;No;No;10;NONE;NONE,NONE;NONE,NONE;PASSENGER CAR,SPORT UTILITY;PASSENGER CAR,SPORT UTILITY;PASSENGER CAR,SPORT UTILITY;PASSENGER CAR,SPORT UTILITY
31011;100 FEET FROM SR 1300 (KILDAIRE FARM RD);NO SPECIAL FEATURE;STRAIGHT,LEVEL;STATE SECONDARY ROUTE;TWO-WAY,DIVIDED,UNPROTECTED MEDIAN;SMOOTH ASPHALT;DRY;DARK - LIGHTED ROADWAY;CLEAR;NO CONTROL PRESENT;;;-78.7826;35.7468;;;0;1;;;NONE;;NONE;;PASSENGER CAR;;;;;NO;8384;2017-10-11;3:37:39 AM;2017-10-11T07:37:39+00:00;;2017;No;Yes;10;NONE;NONE,NONE;NONE,NONE;PASSENGER CAR;PASSENGER CAR;PASSENGER CAR;PASSENGER CAR
31020;CARY;NO SPECIAL FEATURE;STRAIGHT,LEVEL;NC ROUTE;TWO-WAY,DIVIDED,UNPROTECTED MEDIAN;SMOOTH ASPHALT;DRY;DAYLIGHT;CLOUDY;STOP AND GO SIGNAL;;;-78.870628;35.787908;;;0;0;;;NONE;;NONE;;SPORT UTILITY;PASSENGER CAR;;;;NO;8393;2017-10-11;8:00:10 AM;2017-10-11T12:00:10+00:00;;2017;No;No;10;NONE;NONE,NONE;NONE,NONE;SPORT UTILITY,PASSENGER CAR;SPORT UTILITY,PASSENGER CAR;SPORT UTILITY,PASSENGER CAR;SPORT UTILITY,PASSENGER CAR
31025;.3 MILES FROM SR 1613 (DAVIS DR);NO SPECIAL FEATURE;STRAIGHT,LEVEL;STATE SECONDARY ROUTE;TWO-WAY,DIVIDED,UNPROTECTED MEDIAN;SMOOTH ASPHALT;DRY;DAYLIGHT;CLEAR;NO CONTROL PRESENT;35.779982922;-78.84885387;-78.848;35.776;P071;117;0;0;;;NONE;;NONE;;SPORT UTILITY;PASSENGER CAR;;;;NO;8398;2017-10-11;3:55:21 PM;2017-10-11T19:55:21+00:00;35.779982922, -78.84885387;2017;No;No;10;NONE;NONE,NONE;NONE,NONE;SPORT UTILITY,PASSENGER CAR;SPORT UTILITY,PASSENGER CAR;SPORT UTILITY,PASSENGER CAR;SPORT UTILITY,PASSENGER CAR
31033;10 FEET FROM LEDSOME LN;T-INTERSECTION;STRAIGHT,LEVEL;STATE SECONDARY ROUTE;TWO-WAY,DIVIDED,POSITIVE MEDIAN BARRIER;SMOOTH ASPHALT;WET;DARK - LIGHTED ROADWAY;RAIN;FLASHING STOP AND GO SIGNAL;;;-78.7459;35.7629;;;0;0;1;;NONE;;NONE;;PASSENGER CAR;SPORT UTILITY;;;;NO;8406;2017-10-11;8:16:51 PM;2017-10-12T00:16:51+00:00;;2017;No;No;10;NONE;NONE,NONE;NONE,NONE;PASSENGER CAR,SPORT UTILITY;PASSENGER CAR,SPORT UTILITY;PASSENGER CAR,SPORT UTILITY;PASSENGER CAR,SPORT UTILITY
31036;75 FEET FROM SR1010 (TEN TEN RD);NO SPECIAL FEATURE;STRAIGHT,LEVEL;STATE SECONDARY ROUTE;TWO-WAY,DIVIDED,UNPROTECTED MEDIAN;SMOOTH ASPHALT;DRY;DAYLIGHT;CLEAR;NO CONTROL PRESENT;;;-78.7699;35.6937;;;0;1;;;NONE;;NONE;;PASSENGER CAR;PASSENGER CAR;;;;NO;8409;2017-10-11;8:38:29 AM;2017-10-11T12:38:29+00:00;;2017;No;Yes;10;NONE;NONE,NONE;NONE,NONE;PASSENGER CAR,PASSENGER CAR;PASSENGER CAR,PASSENGER CAR;PASSENGER CAR,PASSENGER CAR;PASSENGER CAR,PASSENGER CAR
31042;200 FEET FROM PVA OF 2316 TRELLIS GREEN;NO SPECIAL FEATURE;STRAIGHT,GRADE;PUBLIC VEHICULAR AREA;TWO-WAY,NOT DIVIDED;SMOOTH ASPHALT;DRY;DAYLIGHT;CLOUDY;NO CONTROL PRESENT;;;-78.7786;35.7314;;;0;0;;;NONE;;NONE;;PASSENGER CAR;;;;;NO;8415;2017-10-12;12:48 PM;2017-10-12T16:48:00+00:00;;2017;No;No;10;NONE;NONE,NONE;NONE,NONE;PASSENGER CAR;PASSENGER CAR;PASSENGER CAR;PASSENGER CAR
31044;.1 MILES FROM SR 1300 (KILDAIRE FARM RD);NO SPECIAL FEATURE;STRAIGHT,LEVEL;STATE SECONDARY ROUTE;TWO-WAY,DIVIDED,UNPROTECTED MEDIAN;SMOOTH ASPHALT;DRY;DAYLIGHT;CLEAR;HUMAN CONTROL;;;-78.796108;35.694524;;;0;1;;;NONE;;NONE;;SPORT UTILITY;VAN;;;;NO;8417;2017-10-11;11:35 AM;2017-10-11T15:35:00+00:00;;2017;No;Yes;10;NONE;NONE,NONE;NONE,NONE;SPORT UTILITY,VAN;SPORT UTILITY,VAN;SPORT UTILITY,VAN;SPORT UTILITY,VAN
31047;1 MILES FROM US 1;NO SPECIAL FEATURE;STRAIGHT,LEVEL;US ROUTE;TWO-WAY,DIVIDED,POSITIVE MEDIAN BARRIER;SMOOTH ASPHALT;WET;DARK - ROADWAY NOT LIGHTED;CLOUDY;NO CONTROL PRESENT;;;-78.7843;35.7419;;;0;0;;;NONE;;NONE;;PASSENGER CAR;;;;;NO;8420;2017-10-13;2:16:43 AM;2017-10-13T06:16:43+00:00;;2017;No;No;10;NONE;NONE,NONE;NONE,NONE;PASSENGER CAR;PASSENGER CAR;PASSENGER CAR;PASSENGER CAR
31051;150 FEET FROM SR# 1415 (MAYNARD RD);NO SPECIAL FEATURE;STRAIGHT,LEVEL;STATE SECONDARY ROUTE;TWO-WAY,DIVIDED,UNPROTECTED MEDIAN;SMOOTH ASPHALT;DRY;DAYLIGHT;CLOUDY;NO CONTROL PRESENT;;;-78.763787;35.79133;;120;0;0;;;NONE;;NONE;;PASSENGER CAR;;;;;NO;8424;2017-10-12;4:20:15 PM;2017-10-12T20:20:15+00:00;;2017;No;No;10;NONE;NONE,NONE;NONE,NONE;PASSENGER CAR;PASSENGER CAR;PASSENGER CAR;PASSENGER CAR
31054;23 FEET FROM SR 1652 (N HARRISON AVE);RELATED TO INTERSECTION;STRAIGHT,LEVEL;STATE SECONDARY ROUTE;TWO-WAY,NOT DIVIDED;SMOOTH ASPHALT;DRY;DAYLIGHT;CLOUDY;STOP AND GO SIGNAL;;;-78.7699;35.8275;;111;0;0;;;NONE;;NONE;;SINGLE UNIT TRUCK (2-AXLE- 6-TIRE);PASSENGER CAR;;;;NO;8427;2017-10-13;9:42:16 AM;2017-10-13T13:42:16+00:00;;2017;No;No;10;NONE;NONE,NONE;NONE,NONE;SINGLE UNIT TRUCK (2-AXLE- 6-TIRE),PASSENGER CAR;SINGLE UNIT TRUCK (2-AXLE- 6-TIRE),PASSENGER CAR;SINGLE UNIT TRUCK (2-AXLE- 6-TIRE),PASSENGER CAR;SINGLE UNIT TRUCK (2-AXLE- 6-TIRE),PASSENGER CAR
31055;.15 MILES FROM US HWY 1;NO SPECIAL FEATURE;STRAIGHT,LEVEL;US ROUTE;TWO-WAY,DIVIDED,POSITIVE MEDIAN BARRIER;CONCRETE;DRY;DAYLIGHT;CLEAR;NO CONTROL PRESENT;35.761049535;-78.74408944;-78.742295;35.763239;P045;118;0;0;1;;NONE;;NONE;;SPORT UTILITY;PICKUP;;;;NO;8428;2017-10-13;9:39:07 AM;2017-10-13T13:39:07+00:00;35.761049535, -78.74408944;2017;No;No;10;NONE;NONE,NONE;NONE,NONE;SPORT UTILITY,PICKUP;SPORT UTILITY,PICKUP;SPORT UTILITY,PICKUP;SPORT UTILITY,PICKUP
31056;20 FEET FROM  SR 1349 (DILLARD DR);NO SPECIAL FEATURE;STRAIGHT,LEVEL;LOCAL STREET;TWO-WAY,DIVIDED,UNPROTECTED MEDIAN;SMOOTH ASPHALT;DRY;DAYLIGHT;CLEAR;NO CONTROL PRESENT;35.754696626;-78.73538052;-78.741157;35.755694;P045;118;0;0;;;;;NONE;;PICKUP;PASSENGER CAR;;;;NO;8429;2017-10-12;11:00 AM;2017-10-12T15:00:00+00:00;35.754696626, -78.73538052;2017;No;No;10;;NONE;NONE;PICKUP,PASSENGER CAR;PICKUP,PASSENGER CAR;PICKUP,PASSENGER CAR;PICKUP,PASSENGER CAR
31070;300 FEET FROM PVA OF 6051 TRYON RD;NO SPECIAL FEATURE;STRAIGHT,LEVEL;PUBLIC VEHICULAR AREA;ONE-WAY,NOT DIVIDED;SMOOTH ASPHALT;DRY;DAYLIGHT;CLEAR;NO CONTROL PRESENT;35.799044369;-78.49535744;-78.7446;35.743;P119;RALW;0;0;1;;NONE;;NONE;;SPORT UTILITY;PASSENGER CAR;;;;NO;8443;2017-10-15;12:19 PM;2017-10-15T16:19:00+00:00;35.799044369, -78.49535744;2017;No;No;10;NONE;NONE,NONE;NONE,NONE;SPORT UTILITY,PASSENGER CAR;SPORT UTILITY,PASSENGER CAR;SPORT UTILITY,PASSENGER CAR;SPORT UTILITY,PASSENGER CAR
31088;CARY;RELATED TO INTERSECTION;STRAIGHT,LEVEL;STATE SECONDARY ROUTE;TWO-WAY,DIVIDED,UNPROTECTED MEDIAN;SMOOTH ASPHALT;WET;DAYLIGHT;RAIN;STOP AND GO SIGNAL;;;-78.7585;35.6682;;;0;0;1;;NONE;;NONE;;SPORT UTILITY;SPORT UTILITY;;;;NO;8461;2017-10-16;2:17:31 PM;2017-10-16T18:17:31+00:00;;2017;No;No;10;NONE;NONE,NONE;NONE,NONE;SPORT UTILITY,SPORT UTILITY;SPORT UTILITY,SPORT UTILITY;SPORT UTILITY,SPORT UTILITY;SPORT UTILITY,SPORT UTILITY
31090;.26 MILES FROM SR 1313 (WALNUT ST);FOUR-WAY INTERSECTION;STRAIGHT,LEVEL;STATE SECONDARY ROUTE;TWO-WAY,DIVIDED,UNPROTECTED MEDIAN;SMOOTH ASPHALT;DRY;DAYLIGHT;CLEAR;STOP AND GO SIGNAL;;;-78.741291;35.753151;;;0;0;;;NONE;;NONE;;VAN;SPORT UTILITY;SPORT UTILITY;;;NO;8463;2017-10-10;2:39:37 PM;2017-10-10T18:39:37+00:00;;2017;No;No;10;NONE;NONE,NONE;NONE,NONE;VAN,SPORT UTILITY;VAN,SPORT UTILITY,SPORT UTILITY;VAN,SPORT UTILITY,SPORT UTILITY;VAN,SPORT UTILITY,SPORT UTILITY
31096;.408 MILES FROM US 1 HWY;NO SPECIAL FEATURE;STRAIGHT,LEVEL;US ROUTE;TWO-WAY,DIVIDED,UNPROTECTED MEDIAN;SMOOTH ASPHALT;DRY;DARK - ROADWAY NOT LIGHTED;CLEAR;NO CONTROL PRESENT;;;-78.79938;35.733908;;;0;1;;;NONE;;NONE;;SPORT UTILITY;PASSENGER CAR;;;;NO;8469;2017-10-17;12:12 AM;2017-10-17T04:12:00+00:00;;2017;No;Yes;10;NONE;NONE,NONE;NONE,NONE;SPORT UTILITY,PASSENGER CAR;SPORT UTILITY,PASSENGER CAR;SPORT UTILITY,PASSENGER CAR;SPORT UTILITY,PASSENGER CAR
31102;CARY;RELATED TO INTERSECTION;STRAIGHT,LEVEL;US ROUTE;TWO-WAY,DIVIDED,POSITIVE MEDIAN BARRIER;SMOOTH ASPHALT;DRY;DAYLIGHT;CLEAR;STOP AND GO SIGNAL;;;-78.79792;35.738808;;;0;0;1;;;;NONE;;PASSENGER CAR;PASSENGER CAR;;;;NO;8475;2017-10-15;10:48 AM;2017-10-15T14:48:00+00:00;;2017;No;No;10;;NONE;NONE;PASSENGER CAR,PASSENGER CAR;PASSENGER CAR,PASSENGER CAR;PASSENGER CAR,PASSENGER CAR;PASSENGER CAR,PASSENGER CAR
31103;.2 MILES FROM US 1 (MILE MARKER 101);NO SPECIAL FEATURE;STRAIGHT,LEVEL;US ROUTE;TWO-WAY,DIVIDED,POSITIVE MEDIAN BARRIER;COARSE ASPHALT;DRY;DAWN;CLEAR;NO CONTROL PRESENT;;;-78.7506;35.7589;;112;0;0;1;;;;NONE;;SPORT UTILITY;PASSENGER CAR;;;;NO;8476;2017-10-17;7:04:45 AM;2017-10-17T11:04:45+00:00;;2017;No;No;10;;NONE;NONE;SPORT UTILITY,PASSENGER CAR;SPORT UTILITY,PASSENGER CAR;SPORT UTILITY,PASSENGER CAR;SPORT UTILITY,PASSENGER CAR
31105;0 FEET FROM (SR 1415) NW MAYNARD RD;RELATED TO INTERSECTION;STRAIGHT,LEVEL;STATE SECONDARY ROUTE;TWO-WAY,DIVIDED,UNPROTECTED MEDIAN;SMOOTH ASPHALT;DRY;DAYLIGHT;CLEAR;STOP AND GO SIGNAL;;;-78.794772;35.799547;;111;0;1;;;NONE;;NONE;;PASSENGER CAR;PASSENGER CAR;;;;NO;8478;2017-10-17;9:49:03 AM;2017-10-17T13:49:03+00:00;;2017;No;Yes;10;NONE;NONE,NONE;NONE,NONE;PASSENGER CAR,PASSENGER CAR;PASSENGER CAR,PASSENGER CAR;PASSENGER CAR,PASSENGER CAR;PASSENGER CAR,PASSENGER CAR
31114;CARY;RELATED TO INTERSECTION;STRAIGHT,GRADE;STATE SECONDARY ROUTE;TWO-WAY,DIVIDED,UNPROTECTED MEDIAN;SMOOTH ASPHALT;DRY;DAYLIGHT;CLEAR;STOP SIGN;;;-78.8769;35.8295;;;0;0;;;NONE;;NONE;;PASSENGER CAR;SPORT UTILITY;;;;NO;8487;2017-10-17;3:00:04 PM;2017-10-17T19:00:04+00:00;;2017;No;No;10;NONE;NONE,NONE;NONE,NONE;PASSENGER CAR,SPORT UTILITY;PASSENGER CAR,SPORT UTILITY;PASSENGER CAR,SPORT UTILITY;PASSENGER CAR,SPORT UTILITY
31132;234 FEET FROM E CORNWALL RD;NO SPECIAL FEATURE;STRAIGHT,GRADE;LOCAL STREET;TWO-WAY,NOT DIVIDED;SMOOTH ASPHALT;DRY;DAYLIGHT;CLEAR;NO CONTROL PRESENT;35.772427469;-78.77139149;-78.7721;35.773;P062;120;0;0;;;NONE;;NONE;;PICKUP;PASSENGER CAR;;;;NO;8505;2017-10-18;3:13:38 PM;2017-10-18T19:13:38+00:00;35.772427469, -78.77139149;2017;No;No;10;NONE;NONE,NONE;NONE,NONE;PICKUP,PASSENGER CAR;PICKUP,PASSENGER CAR;PICKUP,PASSENGER CAR;PICKUP,PASSENGER CAR
31133;1 MILES FROM   US 1 HWY;NO SPECIAL FEATURE;STRAIGHT,LEVEL;US ROUTE;TWO-WAY,DIVIDED,POSITIVE MEDIAN BARRIER;SMOOTH ASPHALT;DRY;DAYLIGHT;CLEAR;NO CONTROL PRESENT;;;-78.7849;35.7416;;;0;0;;;NONE;;NONE;;PASSENGER CAR;;;;;NO;8506;2017-10-18;4:47:51 PM;2017-10-18T20:47:51+00:00;;2017;No;No;10;NONE;NONE,NONE;NONE,NONE;PASSENGER CAR;PASSENGER CAR;PASSENGER CAR;PASSENGER CAR
31140;0 FEET FROM SR 1313 (WALNUT ST);NO SPECIAL FEATURE;STRAIGHT,LEVEL;STATE SECONDARY ROUTE;TWO-WAY,NOT DIVIDED;SMOOTH ASPHALT;DRY;DAYLIGHT;CLEAR;STOP SIGN;;;-78.7663;35.7747;;;0;2;2;;;;NONE;;SPORT UTILITY;PASSENGER CAR;;;;NO;8513;2017-10-19;1:58:25 PM;2017-10-19T17:58:25+00:00;;2017;No;Yes;10;;NONE;NONE;SPORT UTILITY,PASSENGER CAR;SPORT UTILITY,PASSENGER CAR;SPORT UTILITY,PASSENGER CAR;SPORT UTILITY,PASSENGER CAR
31157;.5 MILES FROM US1;NO SPECIAL FEATURE;STRAIGHT,LEVEL;US ROUTE;TWO-WAY,DIVIDED,POSITIVE MEDIAN BARRIER;GROOVED CONCRETE;DRY;DAYLIGHT;CLEAR;NO CONTROL PRESENT;;;-78.7546;35.7573;;112;0;0;;;;;NONE;;PICKUP;SPORT UTILITY;;;;NO;8530;2017-10-18;7:50:08 AM;2017-10-18T11:50:08+00:00;;2017;No;No;10;;NONE;NONE;PICKUP,SPORT UTILITY;PICKUP,SPORT UTILITY;PICKUP,SPORT UTILITY;PICKUP,SPORT UTILITY
31158;CARY;;;;;;;;;;;;;;;;0;0;;;;;;;;;;;;;8531;2017-10-13;1:06:10 PM;2017-10-13T17:06:10+00:00;;2017;No;No;10;;;;;;;
31161;.5 MILES FROM VALLEYSTONE DR;DRIVEWAY, PUBLIC;STRAIGHT,LEVEL;LOCAL STREET;TWO-WAY,NOT DIVIDED;SMOOTH ASPHALT;DRY;DARK - LIGHTED ROADWAY;CLEAR;NO CONTROL PRESENT;35.848427002;-78.90015111;-78.849146;35.791613;P074;119;0;0;;;NONE;;NONE;;PASSENGER CAR;PASSENGER CAR;;;;NO;8534;2017-10-20;3:11:49 PM;2017-10-20T19:11:49+00:00;35.848427002, -78.90015111;2017;No;No;10;NONE;NONE,NONE;NONE,NONE;PASSENGER CAR,PASSENGER CAR;PASSENGER CAR,PASSENGER CAR;PASSENGER CAR,PASSENGER CAR;PASSENGER CAR,PASSENGER CAR
31164;20 FEET FROM SR3977 (SE CARY PKWY);NO SPECIAL FEATURE;STRAIGHT,LEVEL;STATE SECONDARY ROUTE;TWO-WAY,DIVIDED,UNPROTECTED MEDIAN;SMOOTH ASPHALT;DRY;DAYLIGHT;CLEAR;NO CONTROL PRESENT;;;-78.776466;35.757693;;;0;2;2;;NONE;;NONE;;SPORT UTILITY;PASSENGER CAR;;;;NO;8537;2017-10-21;9:30:12 PM;2017-10-22T01:30:12+00:00;;2017;No;Yes;10;NONE;NONE,NONE;NONE,NONE;SPORT UTILITY,PASSENGER CAR;SPORT UTILITY,PASSENGER CAR;SPORT UTILITY,PASSENGER CAR;SPORT UTILITY,PASSENGER CAR
31166;400 FEET FROM (NC 54) CHAPEL HILL RD;NO SPECIAL FEATURE;CURVE,GRADE;NC ROUTE;TWO-WAY,DIVIDED,UNPROTECTED MEDIAN;SMOOTH ASPHALT;DRY;DAYLIGHT;CLEAR;DOUBLE YELLOW LINE, NO PASSING ZONE;;;-78.799705;35.798989;;;0;0;1;;NONE;;FAILURE TO YIELD RIGHT OF WAY;;PASSENGER CAR;PASSENGER CAR;;;;CONSTRUCTION WORK AREA;8539;2017-10-21;9:42:42 AM;2017-10-21T13:42:42+00:00;;2017;No;No;10;NONE;NONE,FAILURE TO YIELD RIGHT OF WAY;NONE,FAILURE TO YIELD RIGHT OF WAY;PASSENGER CAR,PASSENGER CAR;PASSENGER CAR,PASSENGER CAR;PASSENGER CAR,PASSENGER CAR;PASSENGER CAR,PASSENGER CAR
31168;65 FEET FROM PVA 3025 WINSTON HILL DR;NO SPECIAL FEATURE;STRAIGHT,LEVEL;PUBLIC VEHICULAR AREA;TWO-WAY,NOT DIVIDED;SMOOTH ASPHALT;DRY;DAYLIGHT;CLEAR;NO CONTROL PRESENT;;;-78.8465;35.7893;;;0;0;2;;NONE;;NONE;;SPORT UTILITY;SPORT UTILITY;;;;NO;8541;2017-10-22;2:18:37 PM;2017-10-22T18:18:37+00:00;;2017;No;No;10;NONE;NONE,NONE;NONE,NONE;SPORT UTILITY,SPORT UTILITY;SPORT UTILITY,SPORT UTILITY;SPORT UTILITY,SPORT UTILITY;SPORT UTILITY,SPORT UTILITY
31169;20 FEET FROM SR1615 (HIGH HOUSE RD;NO SPECIAL FEATURE;STRAIGHT,LEVEL;STATE SECONDARY ROUTE;TWO-WAY,DIVIDED,UNPROTECTED MEDIAN;SMOOTH ASPHALT;DRY;DARK - LIGHTED ROADWAY;CLEAR;NO CONTROL PRESENT;;;-78.870454;35.787743;;;0;0;2;;NONE;;NONE;;SPORT UTILITY;PASSENGER CAR;;;;NO;8542;2017-10-22;9:20:45 PM;2017-10-23T01:20:45+00:00;;2017;No;No;10;NONE;NONE,NONE;NONE,NONE;SPORT UTILITY,PASSENGER CAR;SPORT UTILITY,PASSENGER CAR;SPORT UTILITY,PASSENGER CAR;SPORT UTILITY,PASSENGER CAR
31173;0 FEET FROM 300 KILDAIRE WOODS DR;NO SPECIAL FEATURE;STRAIGHT,LEVEL;PUBLIC VEHICULAR AREA;TWO-WAY,NOT DIVIDED;COARSE ASPHALT;DRY;DAYLIGHT;CLEAR;NO CONTROL PRESENT;;;-78.779126;35.766498;;;0;0;;;NONE;;NONE;;PASSENGER CAR;;;;;NO;8546;2017-10-19;9:28:20 AM;2017-10-19T13:28:20+00:00;;2017;No;No;10;NONE;NONE,NONE;NONE,NONE;PASSENGER CAR;PASSENGER CAR;PASSENGER CAR;PASSENGER CAR
31192;.1 MILES FROM 1253 BUCK JONES RD (PVA);NO SPECIAL FEATURE;STRAIGHT,LEVEL;PUBLIC VEHICULAR AREA;TWO-WAY,NOT DIVIDED;COARSE ASPHALT;DRY;DAYLIGHT;CLEAR;NO CONTROL PRESENT;;;-78.7412;35.7648;;112;0;0;;;;;NONE;;PASSENGER CAR;;;;;NO;8565;2017-10-21;3:17:04 PM;2017-10-21T19:17:04+00:00;;2017;No;No;10;;NONE;NONE;PASSENGER CAR;PASSENGER CAR;PASSENGER CAR;PASSENGER CAR
31198;CARY;FOUR-WAY INTERSECTION;STRAIGHT,LEVEL;LOCAL STREET;TWO-WAY,NOT DIVIDED;COARSE ASPHALT;DRY;DAYLIGHT;CLEAR;STOP AND GO SIGNAL;35.764956654;-78.75217216;-78.752;35.7649;P003;112;0;2;1;;NONE;;NONE;;PASSENGER CAR;SPORT UTILITY;;;;NO;8571;2017-10-22;1:45:44 PM;2017-10-22T17:45:44+00:00;35.764956654, -78.75217216;2017;No;Yes;10;NONE;NONE,NONE;NONE,NONE;PASSENGER CAR,SPORT UTILITY;PASSENGER CAR,SPORT UTILITY;PASSENGER CAR,SPORT UTILITY;PASSENGER CAR,SPORT UTILITY
31200;0 FEET FROM INTERSTATE 40;RELATED TO INTERSECTION;STRAIGHT,LEVEL;INTERSTATE;ONE-WAY,NOT DIVIDED;SMOOTH ASPHALT;DRY;DAYLIGHT;CLEAR;STOP AND GO SIGNAL;;;-78.763893;35.831711;;111;0;0;;;NONE;;NONE;;PASSENGER CAR;PASSENGER CAR;;;;NO;8573;2017-10-22;8:58:26 AM;2017-10-22T12:58:26+00:00;;2017;No;No;10;NONE;NONE,NONE;NONE,NONE;PASSENGER CAR,PASSENGER CAR;PASSENGER CAR,PASSENGER CAR;PASSENGER CAR,PASSENGER CAR;PASSENGER CAR,PASSENGER CAR
31203;CARY;FOUR-WAY INTERSECTION;STRAIGHT,GRADE;STATE SECONDARY ROUTE;TWO-WAY,DIVIDED,UNPROTECTED MEDIAN;SMOOTH ASPHALT;DRY;DAYLIGHT;CLOUDY;STOP AND GO SIGNAL;;;-78.8013;35.7955;;;0;0;;;NONE;;NONE;;PASSENGER CAR;SPORT UTILITY;;;;NO;8576;2017-10-23;12:57 PM;2017-10-23T16:57:00+00:00;;2017;No;No;10;NONE;NONE,NONE;NONE,NONE;PASSENGER CAR,SPORT UTILITY;PASSENGER CAR,SPORT UTILITY;PASSENGER CAR,SPORT UTILITY;PASSENGER CAR,SPORT UTILITY
31205;62 FEET FROM S ACADEMY ST;NO SPECIAL FEATURE;STRAIGHT,LEVEL;LOCAL STREET;TWO-WAY,NOT DIVIDED;COARSE ASPHALT;DRY;DARK - LIGHTED ROADWAY;CLEAR;STOP AND GO SIGNAL;35.786574778;-78.78124801;-78.7812;35.7867;P125;120;0;0;;;NONE;;NONE;;PASSENGER CAR;PASSENGER CAR;;;;;8578;2017-10-22;12:48 AM;2017-10-22T04:48:00+00:00;35.786574778, -78.78124801;2017;No;No;10;NONE;NONE,NONE;NONE,NONE;PASSENGER CAR,PASSENGER CAR;PASSENGER CAR,PASSENGER CAR;PASSENGER CAR,PASSENGER CAR;PASSENGER CAR,PASSENGER CAR
31206;50 FEET FROM SR 1616 (OLD APEX RD);RELATED TO INTERSECTION;STRAIGHT,LEVEL;STATE SECONDARY ROUTE;TWO-WAY,NOT DIVIDED;SMOOTH ASPHALT;DRY;DAYLIGHT;CLOUDY;STOP AND GO SIGNAL;;;-78.7992;35.784;;;0;0;3;;NONE;;NONE;;SPORT UTILITY;PASSENGER CAR;PASSENGER CAR;;;NO;8579;2017-10-23;3:53:13 PM;2017-10-23T19:53:13+00:00;;2017;No;No;10;NONE;NONE,NONE;NONE,NONE;SPORT UTILITY,PASSENGER CAR;SPORT UTILITY,PASSENGER CAR,PASSENGER CAR;SPORT UTILITY,PASSENGER CAR,PASSENGER CAR;SPORT UTILITY,PASSENGER CAR,PASSENGER CAR
31211;100 FEET FROM SR 1319 (JONES FRANKLIN ST);NO SPECIAL FEATURE;STRAIGHT,HILLCREST;STATE SECONDARY ROUTE;TWO-WAY,NOT DIVIDED;SMOOTH ASPHALT;WATER (STANDING, MOVING);DARK - LIGHTED ROADWAY;RAIN;STOP AND GO SIGNAL;;;-78.7377;35.7454;;;0;0;1;;;;NONE;;PASSENGER CAR;PASSENGER CAR;;;;NO;8584;2017-10-23;10:08 PM;2017-10-24T02:08:00+00:00;;2017;No;No;10;;NONE;NONE;PASSENGER CAR,PASSENGER CAR;PASSENGER CAR,PASSENGER CAR;PASSENGER CAR,PASSENGER CAR;PASSENGER CAR,PASSENGER CAR
31220;400 FEET FROM GREEN LEVEL CHURCH RD;NO SPECIAL FEATURE;STRAIGHT,LEVEL;LOCAL STREET;TWO-WAY,DIVIDED,UNPROTECTED MEDIAN;SMOOTH ASPHALT;DRY;DAYLIGHT;CLEAR;NO CONTROL PRESENT;35.739010165;-78.76822394;-78.90328;35.812748;P047;118;0;0;;;;;NONE;;PASSENGER CAR;;;;;CONSTRUCTION WORK AREA;8593;2017-10-24;6:24:09 PM;2017-10-24T22:24:09+00:00;35.739010165, -78.76822394;2017;No;No;10;;NONE;NONE;PASSENGER CAR;PASSENGER CAR;PASSENGER CAR;PASSENGER CAR
31222;150 FEET FROM P.V.A. CIRCLE K (1101 SR 1313);NO SPECIAL FEATURE;STRAIGHT,LEVEL;PUBLIC VEHICULAR AREA;TWO-WAY,NOT DIVIDED;CONCRETE;DRY;DAYLIGHT;CLEAR;NO CONTROL PRESENT;;;-78.7637;35.7723;;;0;0;1;;NONE;;NONE;;PASSENGER CAR;PICKUP;;;;NO;8595;2017-10-24;12:07 PM;2017-10-24T16:07:00+00:00;;2017;No;No;10;NONE;NONE,NONE;NONE,NONE;PASSENGER CAR,PICKUP;PASSENGER CAR,PICKUP;PASSENGER CAR,PICKUP;PASSENGER CAR,PICKUP
31224;50 FEET FROM GRANDE HEIGHTS DR;T-INTERSECTION;STRAIGHT,LEVEL;LOCAL STREET;TWO-WAY,NOT DIVIDED;SMOOTH ASPHALT;DRY;DAYLIGHT;CLEAR;STOP SIGN;35.804837307;-78.78186597;-78.7814;35.8051;P032;113;0;0;;;;;NONE;;SPORT UTILITY;PASSENGER CAR;;;;NO;8597;2017-10-25;8:45:21 AM;2017-10-25T12:45:21+00:00;35.804837307, -78.78186597;2017;No;No;10;;NONE;NONE;SPORT UTILITY,PASSENGER CAR;SPORT UTILITY,PASSENGER CAR;SPORT UTILITY,PASSENGER CAR;SPORT UTILITY,PASSENGER CAR