tamainid;location_description;rdfeature;rdcharacter;rdclass;rdconfigur;rdsurface;rdcondition;lightcond;weather;trafcontrl;lat;lon;lon2;lat2;tract;zone;fatality;possblinj;numpassengers;numpedestrians;contrcir1_desc;contrcir2_desc;contrcir3_desc;contrcir4_desc;vehicle1;vehicle2;vehicle3;vehicle4;vehicle5;workarea;records;ta_date;ta_time;crash_date;geo_location;year;fatalities;injuries;month;contrfact1;contrfact2;contributing_factor;vehicleconcat1;vehicleconcat2;vehicleconcat3;vehicle_type
31228;CARY;NO SPECIAL FEATURE;CURVE,LEVEL;STATE SECONDARY ROUTE;TWO-WAY,NOT DIVIDED;SMOOTH ASPHALT;DRY;DARK - ROADWAY NOT LIGHTED;CLEAR;NO CONTROL PRESENT;;;-78.77091;35.807736;;;0;0;;;NONE;;NONE;;PICKUP;;;;;NO;8601;2017-10-24;8:22:38 PM;2017-10-25T00:22:38+00:00;;2017;No;No;10;NONE;NONE,NONE;NONE,NONE;PICKUP;PICKUP;PICKUP;PICKUP
31253;15 FEET FROM SR 1613 (DAVIS DR);RELATED TO INTERSECTION;STRAIGHT,GRADE;STATE SECONDARY ROUTE;TWO-WAY,DIVIDED,UNPROTECTED MEDIAN;SMOOTH ASPHALT;DRY;DAYLIGHT;CLEAR;STOP AND GO SIGNAL;;;-78.8462;35.7877;;;0;0;;;NONE;;NONE;;PASSENGER CAR;PICKUP;;;;NO;8626;2017-10-27;8:22:11 AM;2017-10-27T12:22:11+00:00;;2017;No;No;10;NONE;NONE,NONE;NONE,NONE;PASSENGER CAR,PICKUP;PASSENGER CAR,PICKUP;PASSENGER CAR,PICKUP;PASSENGER CAR,PICKUP
31259;.20 MILES FROM SR1010 (WALNUT ST);NO SPECIAL FEATURE;STRAIGHT,GRADE;STATE SECONDARY ROUTE;TWO-WAY,NOT DIVIDED;SMOOTH ASPHALT;DRY;DAYLIGHT;CLEAR;NO CONTROL PRESENT;;;-78.7658;35.7731;;;0;0;1;;NONE;;NONE;;PASSENGER CAR;PICKUP;;;;NO;8632;2017-10-27;1:14:54 PM;2017-10-27T17:14:54+00:00;;2017;No;No;10;NONE;NONE,NONE;NONE,NONE;PASSENGER CAR,PICKUP;PASSENGER CAR,PICKUP;PASSENGER CAR,PICKUP;PASSENGER CAR,PICKUP
31267;200 FEET FROM PVA- 7145 OKELLY CHAPEL RD;DRIVEWAY, PUBLIC;STRAIGHT,LEVEL;PUBLIC VEHICULAR AREA;TWO-WAY,NOT DIVIDED;COARSE ASPHALT;DRY;DAYLIGHT;CLEAR;NO CONTROL PRESENT;;;;;;;0;0;1;;NONE;;NONE;;SPORT UTILITY;PASSENGER CAR;;;;NO;8640;2017-10-26;4:06:34 PM;2017-10-26T20:06:34+00:00;;2017;No;No;10;NONE;NONE,NONE;NONE,NONE;SPORT UTILITY,PASSENGER CAR;SPORT UTILITY,PASSENGER CAR;SPORT UTILITY,PASSENGER CAR;SPORT UTILITY,PASSENGER CAR
31269;CARY;T-INTERSECTION;STRAIGHT,GRADE;STATE SECONDARY ROUTE;TWO-WAY,NOT DIVIDED;SMOOTH ASPHALT;DRY;DAYLIGHT;CLEAR;STOP SIGN;;;-78.778228;35.791384;;;0;0;4;;NONE;;NONE;;PICKUP;VAN;;;;NO;8642;2017-10-27;3:52:43 PM;2017-10-27T19:52:43+00:00;;2017;No;No;10;NONE;NONE,NONE;NONE,NONE;PICKUP,VAN;PICKUP,VAN;PICKUP,VAN;PICKUP,VAN
31273;400 FEET FROM PVA-7129 OKELLY CHAPEL RD;DRIVEWAY, PUBLIC;STRAIGHT,LEVEL;PUBLIC VEHICULAR AREA;TWO-WAY,NOT DIVIDED;COARSE ASPHALT;DRY;DAYLIGHT;CLEAR;NO CONTROL PRESENT;;;;;;;0;0;;;NONE;;NONE;;SPORT UTILITY;PASSENGER CAR;;;;NO;8646;2017-10-26;5:15:20 PM;2017-10-26T21:15:20+00:00;;2017;No;No;10;NONE;NONE,NONE;NONE,NONE;SPORT UTILITY,PASSENGER CAR;SPORT UTILITY,PASSENGER CAR;SPORT UTILITY,PASSENGER CAR;SPORT UTILITY,PASSENGER CAR
31275;.1212 MILES FROM P.V.A. (1300 CRESCENT GREEN);DRIVEWAY, PUBLIC;CURVE,LEVEL;PUBLIC VEHICULAR AREA;TWO-WAY,NOT DIVIDED;SMOOTH ASPHALT;DRY;DAYLIGHT;CLEAR;NO CONTROL PRESENT;;;-78.784072;35.734187;;;0;0;;;NONE;;NONE;;PASSENGER CAR;PASSENGER CAR;;;;NO;8648;2017-10-28;2:54:12 PM;2017-10-28T18:54:12+00:00;;2017;No;No;10;NONE;NONE,NONE;NONE,NONE;PASSENGER CAR,PASSENGER CAR;PASSENGER CAR,PASSENGER CAR;PASSENGER CAR,PASSENGER CAR;PASSENGER CAR,PASSENGER CAR
31286;.25 MILES FROM 1615 SR 1313 (WALNUT ST);NO SPECIAL FEATURE;STRAIGHT,LEVEL;PUBLIC VEHICULAR AREA;TWO-WAY,NOT DIVIDED;SMOOTH ASPHALT;DRY;DUSK;CLEAR;NO CONTROL PRESENT;;;-78.7471;35.7641;;;0;0;;;NONE;;NONE;;PASSENGER CAR;PASSENGER CAR;;;;NO;8659;2017-10-27;6:48:27 PM;2017-10-27T22:48:27+00:00;;2017;No;No;10;NONE;NONE,NONE;NONE,NONE;PASSENGER CAR,PASSENGER CAR;PASSENGER CAR,PASSENGER CAR;PASSENGER CAR,PASSENGER CAR;PASSENGER CAR,PASSENGER CAR
31292;.1 MILES FROM P.V.A. (117 CROSSROADS BLVD);NO SPECIAL FEATURE;STRAIGHT,LEVEL;PUBLIC VEHICULAR AREA;TWO-WAY,NOT DIVIDED;SMOOTH ASPHALT;DRY;DAYLIGHT;CLEAR;NO CONTROL PRESENT;;;-78.7423;35.7624;;;0;0;;;;;NONE;;PASSENGER CAR;SPORT UTILITY;;;;NO;8665;2017-10-28;3:35:41 PM;2017-10-28T19:35:41+00:00;;2017;No;No;10;;NONE;NONE;PASSENGER CAR,SPORT UTILITY;PASSENGER CAR,SPORT UTILITY;PASSENGER CAR,SPORT UTILITY;PASSENGER CAR,SPORT UTILITY
31294;.1 MILES FROM PVA OF 123 MIDDLE CREEK PK AV;DRIVEWAY, PUBLIC;STRAIGHT,LEVEL;PUBLIC VEHICULAR AREA;TWO-WAY,NOT DIVIDED;COARSE ASPHALT;WET;DARK - LIGHTED ROADWAY;RAIN;NO CONTROL PRESENT;;;-78.760355;35.666309;;;0;0;5;;NONE;;NONE;;POLICE;PASSENGER CAR;;;;NO;8667;2017-10-28;1:26:52 AM;2017-10-28T05:26:52+00:00;;2017;No;No;10;NONE;NONE,NONE;NONE,NONE;POLICE,PASSENGER CAR;POLICE,PASSENGER CAR;POLICE,PASSENGER CAR;POLICE,PASSENGER CAR
31297;CARY;FOUR-WAY INTERSECTION;STRAIGHT,LEVEL;STATE SECONDARY ROUTE;TWO-WAY,NOT DIVIDED;SMOOTH ASPHALT;DRY;DARK - LIGHTED ROADWAY;CLEAR;STOP AND GO SIGNAL;;;-78.7746;35.803;;;0;0;;;NONE;;NONE;;PASSENGER CAR;PASSENGER CAR;;;;NO;8670;2017-10-28;5:57:12 PM;2017-10-28T21:57:12+00:00;;2017;No;No;10;NONE;NONE,NONE;NONE,NONE;PASSENGER CAR,PASSENGER CAR;PASSENGER CAR,PASSENGER CAR;PASSENGER CAR,PASSENGER CAR;PASSENGER CAR,PASSENGER CAR
31304;CARY;NO SPECIAL FEATURE;STRAIGHT,LEVEL;PUBLIC VEHICULAR AREA;ONE-WAY,NOT DIVIDED;SMOOTH ASPHALT;DRY;DARK - LIGHTED ROADWAY;CLEAR;NO CONTROL PRESENT;;;-78.7828;35.7735;;;0;0;;;NONE;;NONE;;PASSENGER CAR;;;;;NO;8677;2017-10-30;8:51:42 PM;2017-10-31T00:51:42+00:00;;2017;No;No;10;NONE;NONE,NONE;NONE,NONE;PASSENGER CAR;PASSENGER CAR;PASSENGER CAR;PASSENGER CAR
31309;CARY;FOUR-WAY INTERSECTION;STRAIGHT,LEVEL;STATE SECONDARY ROUTE;TWO-WAY,NOT DIVIDED;SMOOTH ASPHALT;DRY;DAYLIGHT;CLEAR;STOP AND GO SIGNAL;;;-78.783405;35.761847;;;0;1;;;NONE;;NONE;;VAN;PASSENGER CAR;;;;NO;8682;2017-10-30;6:19:38 PM;2017-10-30T22:19:38+00:00;;2017;No;Yes;10;NONE;NONE,NONE;NONE,NONE;VAN,PASSENGER CAR;VAN,PASSENGER CAR;VAN,PASSENGER CAR;VAN,PASSENGER CAR
31310;260 FEET FROM GREEN LEVEL WEST RD;NO SPECIAL FEATURE;STRAIGHT,HILLCREST;LOCAL STREET;TWO-WAY,NOT DIVIDED;SMOOTH ASPHALT;DRY;DAYLIGHT;CLEAR;NO CONTROL PRESENT;;;-78.897443;35.781173;;122;0;0;;;NONE;;NONE;;PICKUP;SPORT UTILITY;;;;NO;8683;2017-10-30;4:09:51 PM;2017-10-30T20:09:51+00:00;;2017;No;No;10;NONE;NONE,NONE;NONE,NONE;PICKUP,SPORT UTILITY;PICKUP,SPORT UTILITY;PICKUP,SPORT UTILITY;PICKUP,SPORT UTILITY
31311;CARY;FOUR-WAY INTERSECTION;STRAIGHT,LEVEL;STATE SECONDARY ROUTE;TWO-WAY,DIVIDED,POSITIVE MEDIAN BARRIER;SMOOTH ASPHALT;DRY;DARK - LIGHTED ROADWAY;CLEAR;STOP AND GO SIGNAL;;;-78.9023;35.8223;;;0;0;;1;NONE;;NONE;;PASSENGER CAR;;;;;NO;8684;2017-10-27;8:00:21 PM;2017-10-28T00:00:21+00:00;;2017;No;No;10;NONE;NONE,NONE;NONE,NONE;PASSENGER CAR;PASSENGER CAR;PASSENGER CAR;PASSENGER CAR
31313;0 FEET FROM PVA 973 N HARRISON AVE;NO SPECIAL FEATURE;STRAIGHT,LEVEL;PUBLIC VEHICULAR AREA;TWO-WAY,NOT DIVIDED;SMOOTH ASPHALT;DRY;DAYLIGHT;CLEAR;NO CONTROL PRESENT;35.832147518;-78.76261516;-78.7836;35.8018;P087;WAKE;0;0;;;;;NONE;;PASSENGER CAR;PASSENGER CAR;;;;NO;8686;2017-10-30;6:02:44 AM;2017-10-30T10:02:44+00:00;35.832147518, -78.76261516;2017;No;No;10;;NONE;NONE;PASSENGER CAR,PASSENGER CAR;PASSENGER CAR,PASSENGER CAR;PASSENGER CAR,PASSENGER CAR;PASSENGER CAR,PASSENGER CAR
31314;0 FEET FROM SR 1415 (SW MAYNARD RD);FOUR-WAY INTERSECTION;STRAIGHT,LEVEL;STATE SECONDARY ROUTE;TWO-WAY,NOT DIVIDED;SMOOTH ASPHALT;DRY;DAYLIGHT;CLEAR;STOP AND GO SIGNAL;;;-78.790339;35.771599;;;0;0;;;;;NONE;;PASSENGER CAR;PASSENGER CAR;;;;NO;8687;2017-10-30;2:30:33 PM;2017-10-30T18:30:33+00:00;;2017;No;No;10;;NONE;NONE;PASSENGER CAR,PASSENGER CAR;PASSENGER CAR,PASSENGER CAR;PASSENGER CAR,PASSENGER CAR;PASSENGER CAR,PASSENGER CAR
31320;CARY;;;;;;;;;;;;;;;;0;0;;;;;;;;;;;;;8693;2017-08-01;12:00 AM;2017-08-01T04:00:00+00:00;;2017;No;No;8;;;;;;;
31324;2 FEET FROM SR 3073 NW MAYNARD RD;RELATED TO INTERSECTION;STRAIGHT,LEVEL;STATE SECONDARY ROUTE;TWO-WAY,DIVIDED,UNPROTECTED MEDIAN;SMOOTH ASPHALT;DRY;DAYLIGHT;CLEAR;STOP AND GO SIGNAL;;;-78.796;35.7986;;;0;1;2;;NONE;;NONE;;SPORT UTILITY;VAN;;;;NO;8697;2017-10-31;3:28:31 PM;2017-10-31T19:28:31+00:00;;2017;No;Yes;10;NONE;NONE,NONE;NONE,NONE;SPORT UTILITY,VAN;SPORT UTILITY,VAN;SPORT UTILITY,VAN;SPORT UTILITY,VAN
31326;1.3 MILES FROM US 1 HWY;NO SPECIAL FEATURE;STRAIGHT,LEVEL;US ROUTE;TWO-WAY,DIVIDED,POSITIVE MEDIAN BARRIER;CONCRETE;DRY;DAYLIGHT;CLEAR;NO CONTROL PRESENT;;;-78.805751;35.730533;;;0;0;;;NONE;;NONE;;PICKUP;PICKUP;;;;NO;8699;2017-10-31;9:17:47 AM;2017-10-31T13:17:47+00:00;;2017;No;No;10;NONE;NONE,NONE;NONE,NONE;PICKUP,PICKUP;PICKUP,PICKUP;PICKUP,PICKUP;PICKUP,PICKUP
31328;.11 MILES FROM P.V.A. (2010 KILDAIRE FARM RD);NO SPECIAL FEATURE;STRAIGHT,GRADE;PUBLIC VEHICULAR AREA;ONE-WAY,NOT DIVIDED;COARSE ASPHALT;DRY;DAYLIGHT;CLEAR;NO CONTROL PRESENT;;;-78.782;35.7378;;;0;0;;;;;NONE;;SPORT UTILITY;SPORT UTILITY;;;;NO;8701;2017-10-31;12:14 PM;2017-10-31T16:14:00+00:00;;2017;No;No;10;;NONE;NONE;SPORT UTILITY,SPORT UTILITY;SPORT UTILITY,SPORT UTILITY;SPORT UTILITY,SPORT UTILITY;SPORT UTILITY,SPORT UTILITY
31332;400 FEET FROM SR1615 (HIGH HOUSE RD);NO SPECIAL FEATURE;STRAIGHT,LEVEL;STATE SECONDARY ROUTE;TWO-WAY,DIVIDED,UNPROTECTED MEDIAN;COARSE ASPHALT;DRY;DAYLIGHT;CLEAR;NO CONTROL PRESENT;;;-78.84;35.79;;;0;0;;;NONE;;NONE;;PASSENGER CAR;PASSENGER CAR;;;;NO;8705;2017-10-27;7:43:05 AM;2017-10-27T11:43:05+00:00;;2017;No;No;10;NONE;NONE,NONE;NONE,NONE;PASSENGER CAR,PASSENGER CAR;PASSENGER CAR,PASSENGER CAR;PASSENGER CAR,PASSENGER CAR;PASSENGER CAR,PASSENGER CAR
31335;350 FEET FROM SR1638(KIT CREEK RD);NO SPECIAL FEATURE;STRAIGHT,LEVEL;STATE SECONDARY ROUTE;TWO-WAY,NOT DIVIDED;COARSE ASPHALT;DRY;DAYLIGHT;CLEAR;NO CONTROL PRESENT;;;-78.89;35.86;;;0;0;;;NONE;;NONE;;VAN;PASSENGER CAR;;;;NO;8708;2017-11-01;10:55 AM;2017-11-01T14:55:00+00:00;;2017;No;No;11;NONE;NONE,NONE;NONE,NONE;VAN,PASSENGER CAR;VAN,PASSENGER CAR;VAN,PASSENGER CAR;VAN,PASSENGER CAR
31340;0 FEET FROM OKELLY CHAPEL RD;FOUR-WAY INTERSECTION;STRAIGHT,LEVEL;STATE SECONDARY ROUTE;TWO-WAY,DIVIDED,UNPROTECTED MEDIAN;SMOOTH ASPHALT;DRY;DAYLIGHT;CLEAR;STOP AND GO SIGNAL;;;-78.8882;35.8461;;;0;0;;;NONE;;NONE;;SPORT UTILITY;PASSENGER CAR;;;;NO;8713;2017-11-01;3:05:18 PM;2017-11-01T19:05:18+00:00;;2017;No;No;11;NONE;NONE,NONE;NONE,NONE;SPORT UTILITY,PASSENGER CAR;SPORT UTILITY,PASSENGER CAR;SPORT UTILITY,PASSENGER CAR;SPORT UTILITY,PASSENGER CAR
31345;153 FEET FROM P.V.A. (3511 KILDAIRE FARM RD);DRIVEWAY, PUBLIC;STRAIGHT,LEVEL;PUBLIC VEHICULAR AREA;TWO-WAY,NOT DIVIDED;SMOOTH ASPHALT;DRY;DAYLIGHT;CLEAR;STOP SIGN;;;-78.79;35.7;;116;0;0;;;NONE;;NONE;;SPORT UTILITY;PASSENGER CAR;;;;NO;8718;2017-10-31;3:52:51 PM;2017-10-31T19:52:51+00:00;;2017;No;No;10;NONE;NONE,NONE;NONE,NONE;SPORT UTILITY,PASSENGER CAR;SPORT UTILITY,PASSENGER CAR;SPORT UTILITY,PASSENGER CAR;SPORT UTILITY,PASSENGER CAR
31346;.20 MILES FROM SR# 4067 (REGENCY PARKWAY);FOUR-WAY INTERSECTION;CURVE,GRADE;STATE SECONDARY ROUTE;TWO-WAY,DIVIDED,UNPROTECTED MEDIAN;SMOOTH ASPHALT;DRY;DAYLIGHT;CLEAR;NO CONTROL PRESENT;;;-78.78;35.73;;116;0;0;1;;NONE;;NONE;;VAN;SPORT UTILITY;SPORT UTILITY;;;NO;8719;2017-11-01;8:09:47 PM;2017-11-02T00:09:47+00:00;;2017;No;No;11;NONE;NONE,NONE;NONE,NONE;VAN,SPORT UTILITY;VAN,SPORT UTILITY,SPORT UTILITY;VAN,SPORT UTILITY,SPORT UTILITY;VAN,SPORT UTILITY,SPORT UTILITY
31350;20 FEET FROM PVA CHRIST THE KING LUTHERAN C;;;;;;;;;;;;-78.7688;35.7743;;;0;0;;;;;;;SPORT UTILITY;;;;;;8723;2017-11-02;7:02:26 PM;2017-11-02T23:02:26+00:00;;2017;No;No;11;;;;SPORT UTILITY;SPORT UTILITY;SPORT UTILITY;SPORT UTILITY
31354;CARY;FOUR-WAY INTERSECTION;STRAIGHT,LEVEL;STATE SECONDARY ROUTE;TWO-WAY,DIVIDED,UNPROTECTED MEDIAN;SMOOTH ASPHALT;DRY;DAYLIGHT;CLEAR;STOP AND GO SIGNAL;;;-78.76422;35.775929;;;0;0;;;NONE;;NONE;;PASSENGER CAR;PASSENGER CAR;;;;NO;8727;2017-11-02;1:40:26 PM;2017-11-02T17:40:26+00:00;;2017;No;No;11;NONE;NONE,NONE;NONE,NONE;PASSENGER CAR,PASSENGER CAR;PASSENGER CAR,PASSENGER CAR;PASSENGER CAR,PASSENGER CAR;PASSENGER CAR,PASSENGER CAR
31358;20 FEET FROM SR 1300 (KILDAIRE FARM RD);RELATED TO INTERSECTION;STRAIGHT,LEVEL;STATE SECONDARY ROUTE;TWO-WAY,DIVIDED,UNPROTECTED MEDIAN;SMOOTH ASPHALT;DRY;DAWN;CLEAR;STOP AND GO SIGNAL;;;-78.782952;35.757743;;;0;0;1;;;;NONE;;SPORT UTILITY;SPORT UTILITY;;;;NO;8731;2017-11-01;7:09:41 AM;2017-11-01T11:09:41+00:00;;2017;No;No;11;;NONE;NONE;SPORT UTILITY,SPORT UTILITY;SPORT UTILITY,SPORT UTILITY;SPORT UTILITY,SPORT UTILITY;SPORT UTILITY,SPORT UTILITY
31359;CARY;NO SPECIAL FEATURE;STRAIGHT,LEVEL;STATE SECONDARY ROUTE;TWO-WAY,DIVIDED,UNPROTECTED MEDIAN;SMOOTH ASPHALT;DRY;DAYLIGHT;CLEAR;NO CONTROL PRESENT;;;-78.802252;35.817916;;;0;0;1;;;;NONE;;PASSENGER CAR;;;;;NO;8732;2017-11-03;9:22:09 AM;2017-11-03T13:22:09+00:00;;2017;No;No;11;;NONE;NONE;PASSENGER CAR;PASSENGER CAR;PASSENGER CAR;PASSENGER CAR
31361;10 FEET FROM US 1 HWY;OFF-RAMP TERMINAL ON CROSSROAD;CURVE,LEVEL;US ROUTE;TWO-WAY,DIVIDED,POSITIVE MEDIAN BARRIER;SMOOTH ASPHALT;DRY;DARK - LIGHTED ROADWAY;CLEAR;STOP SIGN;;;-78.745;35.763;;;0;0;4;;NONE;;NONE;;LIGHT TRUCK (MINI-VAN- PANEL);PASSENGER CAR;;;;NO;8734;2017-11-03;6:34:10 AM;2017-11-03T10:34:10+00:00;;2017;No;No;11;NONE;NONE,NONE;NONE,NONE;LIGHT TRUCK (MINI-VAN- PANEL),PASSENGER CAR;LIGHT TRUCK (MINI-VAN- PANEL),PASSENGER CAR;LIGHT TRUCK (MINI-VAN- PANEL),PASSENGER CAR;LIGHT TRUCK (MINI-VAN- PANEL),PASSENGER CAR
31372;CARY;NO SPECIAL FEATURE;STRAIGHT,HILLCREST;NC ROUTE;TWO-WAY,DIVIDED,UNPROTECTED MEDIAN;SMOOTH ASPHALT;DRY;DARK - LIGHTED ROADWAY;CLEAR;STOP SIGN;35.583833035;-78.6712343;-78.76655;35.800301;P119;113;0;1;;;NONE;;NONE;;PASSENGER CAR;PASSENGER CAR;;;;NO;8745;2017-11-03;8:28:16 PM;2017-11-04T00:28:16+00:00;35.583833035, -78.6712343;2017;No;Yes;11;NONE;NONE,NONE;NONE,NONE;PASSENGER CAR,PASSENGER CAR;PASSENGER CAR,PASSENGER CAR;PASSENGER CAR,PASSENGER CAR;PASSENGER CAR,PASSENGER CAR
31374;200 FEET FROM SR 1615 (HIGH HOUSE RD);NO SPECIAL FEATURE;STRAIGHT,LEVEL;STATE SECONDARY ROUTE;TWO-WAY,DIVIDED,UNPROTECTED MEDIAN;SMOOTH ASPHALT;DRY;DARK - LIGHTED ROADWAY;CLEAR;NO CONTROL PRESENT;;;-78.8678;35.7883;;;0;0;;;NONE;;NONE;;PASSENGER CAR;;;;;NO;8747;2017-11-05;8:21:14 PM;2017-11-06T01:21:14+00:00;;2017;No;No;11;NONE;NONE,NONE;NONE,NONE;PASSENGER CAR;PASSENGER CAR;PASSENGER CAR;PASSENGER CAR
31378;300 FEET FROM P.V.A. (1830 WALNUT ST);NO SPECIAL FEATURE;STRAIGHT,LEVEL;PUBLIC VEHICULAR AREA;TWO-WAY,NOT DIVIDED;SMOOTH ASPHALT;DRY;DAYLIGHT;CLOUDY;NO CONTROL PRESENT;;;-78.7431;35.7592;;;0;0;4;;;;NONE;;SPORT UTILITY;PASSENGER CAR;;;;NO;8751;2017-11-05;9:46:09 AM;2017-11-05T14:46:09+00:00;;2017;No;No;11;;NONE;NONE;SPORT UTILITY,PASSENGER CAR;SPORT UTILITY,PASSENGER CAR;SPORT UTILITY,PASSENGER CAR;SPORT UTILITY,PASSENGER CAR
31391;CARY;T-INTERSECTION;STRAIGHT,LEVEL;STATE SECONDARY ROUTE;TWO-WAY,NOT DIVIDED;SMOOTH ASPHALT;DRY;DAYLIGHT;CLEAR;NO CONTROL PRESENT;;;-78.7654;35.7679;;;0;3;2;;NONE;;NONE;;PASSENGER CAR;SPORT UTILITY;;;;NO;8764;2017-11-03;6:51:34 PM;2017-11-03T22:51:34+00:00;;2017;No;Yes;11;NONE;NONE,NONE;NONE,NONE;PASSENGER CAR,SPORT UTILITY;PASSENGER CAR,SPORT UTILITY;PASSENGER CAR,SPORT UTILITY;PASSENGER CAR,SPORT UTILITY
31395;267 FEET FROM SR 1615 (GREEN LEVEL WEST RD);NO SPECIAL FEATURE;STRAIGHT,LEVEL;STATE SECONDARY ROUTE;TWO-WAY,NOT DIVIDED;SMOOTH ASPHALT;DRY;DARK - ROADWAY NOT LIGHTED;CLEAR;NO CONTROL PRESENT;;;-78.8762;35.7865;;117;0;0;3;;NONE;;FAILURE TO YIELD RIGHT OF WAY;;PASSENGER CAR;;;;;CONSTRUCTION WORK AREA;8768;2017-11-03;10:57 PM;2017-11-04T02:57:00+00:00;;2017;No;No;11;NONE;NONE,FAILURE TO YIELD RIGHT OF WAY;NONE,FAILURE TO YIELD RIGHT OF WAY;PASSENGER CAR;PASSENGER CAR;PASSENGER CAR;PASSENGER CAR
31397;CARY;T-INTERSECTION;STRAIGHT,LEVEL;STATE SECONDARY ROUTE;TWO-WAY,DIVIDED,UNPROTECTED MEDIAN;COARSE ASPHALT;DRY;DARK - LIGHTED ROADWAY;CLEAR;STOP AND GO SIGNAL;;;-78.748;35.7624;;112;0;0;;;;;NONE;;PASSENGER CAR;PASSENGER CAR;;;;NO;8770;2017-11-04;7:42:25 PM;2017-11-04T23:42:25+00:00;;2017;No;No;11;;NONE;NONE;PASSENGER CAR,PASSENGER CAR;PASSENGER CAR,PASSENGER CAR;PASSENGER CAR,PASSENGER CAR;PASSENGER CAR,PASSENGER CAR
31400;.5114 MILES FROM US 1 HWY;NO SPECIAL FEATURE;STRAIGHT,LEVEL;US ROUTE;TWO-WAY,DIVIDED,POSITIVE MEDIAN BARRIER;SMOOTH ASPHALT;DRY;DAYLIGHT;CLEAR;NO CONTROL PRESENT;;;-78.800935;35.733114;;;0;0;;;NONE;;NONE;;PASSENGER CAR;PASSENGER CAR;;;;NO;8773;2017-11-01;8:32:12 PM;2017-11-02T00:32:12+00:00;;2017;No;No;11;NONE;NONE,NONE;NONE,NONE;PASSENGER CAR,PASSENGER CAR;PASSENGER CAR,PASSENGER CAR;PASSENGER CAR,PASSENGER CAR;PASSENGER CAR,PASSENGER CAR
31414;300 FEET FROM 1 HWY;NO SPECIAL FEATURE;STRAIGHT,LEVEL;US ROUTE;TWO-WAY,DIVIDED,POSITIVE MEDIAN BARRIER;GROOVED CONCRETE;DRY;DAYLIGHT;CLEAR;NO CONTROL PRESENT;;;-78.744072;35.761714;;112;0;0;;;NONE;;NONE;;;SPORT UTILITY;;;;NO;8787;2017-11-03;4:36:36 PM;2017-11-03T20:36:36+00:00;;2017;No;No;11;NONE;NONE,NONE;NONE,NONE;SPORT UTILITY;SPORT UTILITY;SPORT UTILITY;SPORT UTILITY
31422;.1 MILES FROM PVA (6770 MCCRIMMON PKWY);NO SPECIAL FEATURE;STRAIGHT,LEVEL;PUBLIC VEHICULAR AREA;TWO-WAY,NOT DIVIDED;COARSE ASPHALT;DRY;DAYLIGHT;CLEAR;NO CONTROL PRESENT;;;-78.8902;35.8298;;;0;0;;;NONE;;NONE;;SPORT UTILITY;SPORT UTILITY;;;;NO;8795;2017-11-03;12:00 AM;2017-11-03T04:00:00+00:00;;2017;No;No;11;NONE;NONE,NONE;NONE,NONE;SPORT UTILITY,SPORT UTILITY;SPORT UTILITY,SPORT UTILITY;SPORT UTILITY,SPORT UTILITY;SPORT UTILITY,SPORT UTILITY
31426;200 FEET FROM BEACON FALLS CT;NO SPECIAL FEATURE;CURVE,LEVEL;LOCAL STREET;TWO-WAY,NOT DIVIDED;SMOOTH ASPHALT;DRY;DAYLIGHT;CLOUDY;NO CONTROL PRESENT;35.81993531;-78.88963973;-78.889588;35.820122;P073;122;0;0;;;NONE;;NONE;;SPORT UTILITY;;;;;NO;8799;2017-11-07;9:32:35 AM;2017-11-07T14:32:35+00:00;35.81993531, -78.88963973;2017;No;No;11;NONE;NONE,NONE;NONE,NONE;SPORT UTILITY;SPORT UTILITY;SPORT UTILITY;SPORT UTILITY
31438;200 FEET FROM PVA (1105 WALNUT ST);NO SPECIAL FEATURE;STRAIGHT,LEVEL;PUBLIC VEHICULAR AREA;TWO-WAY,NOT DIVIDED;SMOOTH ASPHALT;WET;DARK - LIGHTED ROADWAY;RAIN;NO CONTROL PRESENT;;;-78.760519;35.77221;;;0;0;;;NONE;;NONE;;UNKNOWN;SPORT UTILITY;;;;NO;8811;2017-11-08;7:04:14 PM;2017-11-09T00:04:14+00:00;;2017;No;No;11;NONE;NONE,NONE;NONE,NONE;UNKNOWN,SPORT UTILITY;UNKNOWN,SPORT UTILITY;UNKNOWN,SPORT UTILITY;UNKNOWN,SPORT UTILITY
31440;10 FEET FROM NC 54 NW MAYNARD RD;RELATED TO INTERSECTION;STRAIGHT,LEVEL;NC ROUTE;TWO-WAY,NOT DIVIDED;SMOOTH ASPHALT;WET;DAYLIGHT;RAIN;STOP AND GO SIGNAL;;;-78.7946;35.7999;;;0;1;2;;NONE;;NONE;;VAN;PASSENGER CAR;;;;NO;8813;2017-11-08;4:41:40 PM;2017-11-08T21:41:40+00:00;;2017;No;Yes;11;NONE;NONE,NONE;NONE,NONE;VAN,PASSENGER CAR;VAN,PASSENGER CAR;VAN,PASSENGER CAR;VAN,PASSENGER CAR
31454;30 FEET FROM 101 PEG ST;NO SPECIAL FEATURE;STRAIGHT,GRADE;LOCAL STREET;TWO-WAY,NOT DIVIDED;SMOOTH ASPHALT;DRY;DARK - ROADWAY NOT LIGHTED;CLOUDY;STOP SIGN;35.787449648;-78.76019261;-78.760647;35.787514;P056;120;0;0;;;NONE;;NONE;;PASSENGER CAR;;;;;NO;8827;2017-11-07;6:38:46 AM;2017-11-07T11:38:46+00:00;35.787449648, -78.76019261;2017;No;No;11;NONE;NONE,NONE;NONE,NONE;PASSENGER CAR;PASSENGER CAR;PASSENGER CAR;PASSENGER CAR