tamainid;location_description;rdfeature;rdcharacter;rdclass;rdconfigur;rdsurface;rdcondition;lightcond;weather;trafcontrl;lat;lon;lon2;lat2;tract;zone;fatality;possblinj;numpassengers;numpedestrians;contrcir1_desc;contrcir2_desc;contrcir3_desc;contrcir4_desc;vehicle1;vehicle2;vehicle3;vehicle4;vehicle5;workarea;records;ta_date;ta_time;crash_date;geo_location;year;fatalities;injuries;month;contrfact1;contrfact2;contributing_factor;vehicleconcat1;vehicleconcat2;vehicleconcat3;vehicle_type
31672;480 FEET FROM SR #3073 (NW MAYNARD RD);NO SPECIAL FEATURE;CURVE,LEVEL;STATE SECONDARY ROUTE;TWO-WAY,DIVIDED,POSITIVE MEDIAN BARRIER;SMOOTH ASPHALT;DRY;DAYLIGHT;CLEAR;STOP AND GO SIGNAL;;;-78.7963;35.7989;;;0;0;;;NONE;;NONE;;PASSENGER CAR;PASSENGER CAR;;;;NO;9045;2017-11-24;9:08:14 AM;2017-11-24T14:08:14+00:00;;2017;No;No;11;NONE;NONE,NONE;NONE,NONE;PASSENGER CAR,PASSENGER CAR;PASSENGER CAR,PASSENGER CAR;PASSENGER CAR,PASSENGER CAR;PASSENGER CAR,PASSENGER CAR
31675;120 FEET FROM SR 1313 (WALNUT ST);RELATED TO INTERSECTION;STRAIGHT,LEVEL;STATE SECONDARY ROUTE;TWO-WAY,DIVIDED,UNPROTECTED MEDIAN;SMOOTH ASPHALT;DRY;DAYLIGHT;CLEAR;FLASHING STOP AND GO SIGNAL;;;-78.7432;35.758;;;0;0;;;;;NONE;;VAN;PASSENGER CAR;;;;NO;9048;2017-11-23;10:55 AM;2017-11-23T15:55:00+00:00;;2017;No;No;11;;NONE;NONE;VAN,PASSENGER CAR;VAN,PASSENGER CAR;VAN,PASSENGER CAR;VAN,PASSENGER CAR
31680;50 FEET FROM PVA OF 1815 WALNUT ST;DRIVEWAY, PUBLIC;STRAIGHT,LEVEL;PUBLIC VEHICULAR AREA;TWO-WAY,NOT DIVIDED;SMOOTH ASPHALT;DRY;DAYLIGHT;CLEAR;NO CONTROL PRESENT;;;-78.742694;35.759995;;;0;0;3;;NONE;;NONE;;PASSENGER CAR;PASSENGER CAR;;;;NO;9053;2017-11-15;10:52 AM;2017-11-15T15:52:00+00:00;;2017;No;No;11;NONE;NONE,NONE;NONE,NONE;PASSENGER CAR,PASSENGER CAR;PASSENGER CAR,PASSENGER CAR;PASSENGER CAR,PASSENGER CAR;PASSENGER CAR,PASSENGER CAR
31681;.21 MILES FROM US 1;NO SPECIAL FEATURE;STRAIGHT,LEVEL;US ROUTE;TWO-WAY,DIVIDED,POSITIVE MEDIAN BARRIER;GROOVED CONCRETE;DRY;DAYLIGHT;CLEAR;NO CONTROL PRESENT;;;-78.776511;35.746023;;;0;0;;;NONE;;NONE;;PASSENGER CAR;PICKUP;;;;NO;9054;2017-11-15;10:21 AM;2017-11-15T15:21:00+00:00;;2017;No;No;11;NONE;NONE,NONE;NONE,NONE;PASSENGER CAR,PICKUP;PASSENGER CAR,PICKUP;PASSENGER CAR,PICKUP;PASSENGER CAR,PICKUP
31694;CARY;FOUR-WAY INTERSECTION;STRAIGHT,LEVEL;STATE SECONDARY ROUTE;TWO-WAY,DIVIDED,UNPROTECTED MEDIAN;SMOOTH ASPHALT;DRY;DARK - LIGHTED ROADWAY;CLEAR;STOP AND GO SIGNAL;;;-78.801423;35.775838;;;0;2;;;NONE;;NONE;;PASSENGER CAR;PASSENGER CAR;PASSENGER CAR;;;NO;9067;2017-11-24;6:07:01 PM;2017-11-24T23:07:01+00:00;;2017;No;Yes;11;NONE;NONE,NONE;NONE,NONE;PASSENGER CAR,PASSENGER CAR;PASSENGER CAR,PASSENGER CAR,PASSENGER CAR;PASSENGER CAR,PASSENGER CAR,PASSENGER CAR;PASSENGER CAR,PASSENGER CAR,PASSENGER CAR
31696;20 FEET FROM NC 55 HWY;RELATED TO INTERSECTION;STRAIGHT,GRADE;NC ROUTE;TWO-WAY,DIVIDED,UNPROTECTED MEDIAN;SMOOTH ASPHALT;DRY;DARK - LIGHTED ROADWAY;CLEAR;STOP AND GO SIGNAL;35.691154751;-78.83799022;-78.8708;35.7873;P114;APEX;0;1;;;NONE;;NONE;;PICKUP;PASSENGER CAR;;;;NO;9069;2017-11-24;5:37:21 AM;2017-11-24T10:37:21+00:00;35.691154751, -78.83799022;2017;No;Yes;11;NONE;NONE,NONE;NONE,NONE;PICKUP,PASSENGER CAR;PICKUP,PASSENGER CAR;PICKUP,PASSENGER CAR;PICKUP,PASSENGER CAR
31703;.13 MILES FROM PVA (6770 MCCRIMMON PKWY);NO SPECIAL FEATURE;STRAIGHT,LEVEL;PUBLIC VEHICULAR AREA;TWO-WAY,NOT DIVIDED;COARSE ASPHALT;DRY;DAYLIGHT;CLEAR;NO CONTROL PRESENT;;;-78.8901;35.8303;;;0;1;;;NONE;;NONE;;PASSENGER CAR;PICKUP;;;;NO;9076;2017-11-27;9:34:40 AM;2017-11-27T14:34:40+00:00;;2017;No;Yes;11;NONE;NONE,NONE;NONE,NONE;PASSENGER CAR,PICKUP;PASSENGER CAR,PICKUP;PASSENGER CAR,PICKUP;PASSENGER CAR,PICKUP
31708;300 FEET FROM SR 1011 (W CHATHAM ST);NO SPECIAL FEATURE;STRAIGHT,LEVEL;STATE SECONDARY ROUTE;TWO-WAY,DIVIDED,UNPROTECTED MEDIAN;COARSE ASPHALT;DRY;DUSK;CLEAR;NO CONTROL PRESENT;;;-78.7843;35.787;;;0;0;2;;NONE;;NONE;;VAN;PASSENGER CAR;;;;NO;9081;2017-11-27;5:13:59 PM;2017-11-27T22:13:59+00:00;;2017;No;No;11;NONE;NONE,NONE;NONE,NONE;VAN,PASSENGER CAR;VAN,PASSENGER CAR;VAN,PASSENGER CAR;VAN,PASSENGER CAR
31728;10 FEET FROM PATRICK CIR;NO SPECIAL FEATURE;STRAIGHT,LEVEL;PUBLIC VEHICULAR AREA;TWO-WAY,NOT DIVIDED;SMOOTH ASPHALT;DRY;DAYLIGHT;CLEAR;STOP SIGN;;;-78.748629;35.765622;;;0;0;;;NONE;;NONE;;PASSENGER CAR;SPORT UTILITY;;;;NO;9101;2017-11-29;9:09:34 AM;2017-11-29T14:09:34+00:00;;2017;No;No;11;NONE;NONE,NONE;NONE,NONE;PASSENGER CAR,SPORT UTILITY;PASSENGER CAR,SPORT UTILITY;PASSENGER CAR,SPORT UTILITY;PASSENGER CAR,SPORT UTILITY
31732;250 FEET FROM PVA 1249 KILDAIRE FARM RD;NO SPECIAL FEATURE;STRAIGHT,LEVEL;PUBLIC VEHICULAR AREA;ONE-WAY,NOT DIVIDED;SMOOTH ASPHALT;DRY;DAYLIGHT;CLEAR;NO CONTROL PRESENT;;;-78.782465;35.762849;;;0;0;1;;NONE;;NONE;;SPORT UTILITY;PASSENGER CAR;;;;NO;9105;2017-11-29;12:05 PM;2017-11-29T17:05:00+00:00;;2017;No;No;11;NONE;NONE,NONE;NONE,NONE;SPORT UTILITY,PASSENGER CAR;SPORT UTILITY,PASSENGER CAR;SPORT UTILITY,PASSENGER CAR;SPORT UTILITY,PASSENGER CAR
31739;0 FEET FROM SR 3977 (SE CARY PARKWAY);NO SPECIAL FEATURE;STRAIGHT,LEVEL;STATE SECONDARY ROUTE;TWO-WAY,NOT DIVIDED;GROOVED CONCRETE;DRY;DARK - LIGHTED ROADWAY;CLEAR;NO CONTROL PRESENT;;;-78.7721;35.7486;;112;0;0;1;;;;NONE;;SPORT UTILITY;PASSENGER CAR;SPORT UTILITY;;;NO;9112;2017-11-28;5:51:33 PM;2017-11-28T22:51:33+00:00;;2017;No;No;11;;NONE;NONE;SPORT UTILITY,PASSENGER CAR;SPORT UTILITY,PASSENGER CAR,SPORT UTILITY;SPORT UTILITY,PASSENGER CAR,SPORT UTILITY;SPORT UTILITY,PASSENGER CAR,SPORT UTILITY
31743;.1 MILES FROM US 64 WB HWY;NO SPECIAL FEATURE;STRAIGHT,GRADE;US ROUTE;TWO-WAY,DIVIDED,UNPROTECTED MEDIAN;COARSE ASPHALT;DRY;DARK - LIGHTED ROADWAY;CLEAR;STOP AND GO SIGNAL;;;-78.795;35.738;;;0;0;1;;NONE;;NONE;;SPORT UTILITY;SPORT UTILITY;;;;NO;9116;2017-11-29;5:52:14 PM;2017-11-29T22:52:14+00:00;;2017;No;No;11;NONE;NONE,NONE;NONE,NONE;SPORT UTILITY,SPORT UTILITY;SPORT UTILITY,SPORT UTILITY;SPORT UTILITY,SPORT UTILITY;SPORT UTILITY,SPORT UTILITY
31744;1 MILES FROM US 1 HWY;NO SPECIAL FEATURE;STRAIGHT,LEVEL;US ROUTE;TWO-WAY,DIVIDED,POSITIVE MEDIAN BARRIER;COARSE ASPHALT;DRY;DAYLIGHT;CLEAR;NO CONTROL PRESENT;;;-78.7909;35.7383;;;0;0;4;;NONE;;NONE;;PASSENGER CAR;VAN;;;;NO;9117;2017-11-29;4:18:42 PM;2017-11-29T21:18:42+00:00;;2017;No;No;11;NONE;NONE,NONE;NONE,NONE;PASSENGER CAR,VAN;PASSENGER CAR,VAN;PASSENGER CAR,VAN;PASSENGER CAR,VAN
31749;451 FEET FROM US 1;NO SPECIAL FEATURE;STRAIGHT,LEVEL;US ROUTE;TWO-WAY,DIVIDED,POSITIVE MEDIAN BARRIER;CONCRETE;DRY;DAWN;CLEAR;NO CONTROL PRESENT;;;-78.7705;35.7494;;;0;0;;;DARTING;;NONE;;PASSENGER CAR;;;;;NO;9122;2017-11-30;6:59:13 AM;2017-11-30T11:59:13+00:00;;2017;No;No;11;DARTING;DARTING,NONE;DARTING,NONE;PASSENGER CAR;PASSENGER CAR;PASSENGER CAR;PASSENGER CAR
31752;0 FEET FROM SR 1152 (HOLLY SPRINGSRD);FOUR-WAY INTERSECTION;STRAIGHT,LEVEL;STATE SECONDARY ROUTE;TWO-WAY,DIVIDED,UNPROTECTED MEDIAN;SMOOTH ASPHALT;DRY;DAYLIGHT;CLEAR;STOP AND GO SIGNAL;;;-78.772244;35.695263;;;0;0;;;NONE;;NONE;;PASSENGER CAR;SPORT UTILITY;;;;NO;9125;2017-11-29;8:02:52 AM;2017-11-29T13:02:52+00:00;;2017;No;No;11;NONE;NONE,NONE;NONE,NONE;PASSENGER CAR,SPORT UTILITY;PASSENGER CAR,SPORT UTILITY;PASSENGER CAR,SPORT UTILITY;PASSENGER CAR,SPORT UTILITY
31753;197 FEET FROM PVA RESTAURANT DEPOT (3901 GAT;DRIVEWAY, PUBLIC;STRAIGHT,LEVEL;PUBLIC VEHICULAR AREA;TWO-WAY,NOT DIVIDED;SMOOTH ASPHALT;DRY;DAYLIGHT;CLEAR;NO CONTROL PRESENT;;;-78.80164;35.84939;;;0;0;;;NONE;;NONE;;SPORT UTILITY;SPORT UTILITY;;;;NO;9126;2017-11-29;11:32 AM;2017-11-29T16:32:00+00:00;;2017;No;No;11;NONE;NONE,NONE;NONE,NONE;SPORT UTILITY,SPORT UTILITY;SPORT UTILITY,SPORT UTILITY;SPORT UTILITY,SPORT UTILITY;SPORT UTILITY,SPORT UTILITY
31755;CARY;NO SPECIAL FEATURE;STRAIGHT,LEVEL;STATE SECONDARY ROUTE;TWO-WAY,NOT DIVIDED;SMOOTH ASPHALT;DRY;DAYLIGHT;CLEAR;NO CONTROL PRESENT;;;-78.735399;35.754661;;;0;0;2;;NONE;;NONE;;PASSENGER CAR;SPORT UTILITY;PASSENGER CAR;;;NO;9128;2017-11-30;10:17 AM;2017-11-30T15:17:00+00:00;;2017;No;No;11;NONE;NONE,NONE;NONE,NONE;PASSENGER CAR,SPORT UTILITY;PASSENGER CAR,SPORT UTILITY,PASSENGER CAR;PASSENGER CAR,SPORT UTILITY,PASSENGER CAR;PASSENGER CAR,SPORT UTILITY,PASSENGER CAR
31756;100 FEET FROM SR 1152 (HOLLY SPRINGS RD);NO SPECIAL FEATURE;STRAIGHT,LEVEL;STATE SECONDARY ROUTE;TWO-WAY,DIVIDED,UNPROTECTED MEDIAN;SMOOTH ASPHALT;DRY;DAYLIGHT;CLEAR;FLASHING STOP AND GO SIGNAL;;;-78.7721;35.6942;;;0;0;1;;;;NONE;;TRUCK/TRAILER;SPORT UTILITY;;;;NO;9129;2017-11-30;12:50 PM;2017-11-30T17:50:00+00:00;;2017;No;No;11;;NONE;NONE;TRUCK/TRAILER,SPORT UTILITY;TRUCK/TRAILER,SPORT UTILITY;TRUCK/TRAILER,SPORT UTILITY;TRUCK/TRAILER,SPORT UTILITY
31758;100 FEET FROM PVA 330 CROSSROADS BLVD;NO SPECIAL FEATURE;STRAIGHT,LEVEL;PUBLIC VEHICULAR AREA;ONE-WAY,NOT DIVIDED;SMOOTH ASPHALT;DRY;DAYLIGHT;CLEAR;NO CONTROL PRESENT;;;-78.738164;35.759924;;;0;0;;;NONE;;NONE;;SPORT UTILITY;SPORT UTILITY;;;;NO;9131;2017-11-30;1:21:00 PM;2017-11-30T18:21:00+00:00;;2017;No;No;11;NONE;NONE,NONE;NONE,NONE;SPORT UTILITY,SPORT UTILITY;SPORT UTILITY,SPORT UTILITY;SPORT UTILITY,SPORT UTILITY;SPORT UTILITY,SPORT UTILITY
31761;200 FEET FROM PVA 6903 CARPENTER FIRE STATIO;NO SPECIAL FEATURE;STRAIGHT,LEVEL;PUBLIC VEHICULAR AREA;TWO-WAY,NOT DIVIDED;SMOOTH ASPHALT;DRY;DARK - LIGHTED ROADWAY;CLEAR;NO CONTROL PRESENT;35.827490691;-78.91603979;-78.8789;35.8235;P076;119;0;0;;;NONE;;NONE;;UNKNOWN;PASSENGER CAR;;;;NO;9134;2017-11-28;8:15:20 PM;2017-11-29T01:15:20+00:00;35.827490691, -78.91603979;2017;No;No;11;NONE;NONE,NONE;NONE,NONE;UNKNOWN,PASSENGER CAR;UNKNOWN,PASSENGER CAR;UNKNOWN,PASSENGER CAR;UNKNOWN,PASSENGER CAR
31768;CARY;FOUR-WAY INTERSECTION;STRAIGHT,LEVEL;STATE SECONDARY ROUTE;TWO-WAY,NOT DIVIDED;SMOOTH ASPHALT;DRY;DARK - LIGHTED ROADWAY;CLEAR;STOP AND GO SIGNAL;;;-78.76;35.8;;;0;1;3;;NONE;;NONE;;PASSENGER CAR;PASSENGER CAR;;;;NO;9141;2017-11-28;4:16:22 PM;2017-11-28T21:16:22+00:00;;2017;No;Yes;11;NONE;NONE,NONE;NONE,NONE;PASSENGER CAR,PASSENGER CAR;PASSENGER CAR,PASSENGER CAR;PASSENGER CAR,PASSENGER CAR;PASSENGER CAR,PASSENGER CAR
31774;CARY;FOUR-WAY INTERSECTION;STRAIGHT,GRADE;NC ROUTE;TWO-WAY,DIVIDED,UNPROTECTED MEDIAN;SMOOTH ASPHALT;DRY;DAYLIGHT;CLEAR;STOP AND GO SIGNAL;;;-78.801113;35.795618;;;0;0;2;;NONE;;NONE;;PASSENGER CAR;;;;;NO;9147;2017-11-29;7:57:28 AM;2017-11-29T12:57:28+00:00;;2017;No;No;11;NONE;NONE,NONE;NONE,NONE;PASSENGER CAR;PASSENGER CAR;PASSENGER CAR;PASSENGER CAR
31785;.104 MILES FROM US 1 HWY;NO SPECIAL FEATURE;STRAIGHT,LEVEL;US ROUTE;TWO-WAY,DIVIDED,POSITIVE MEDIAN BARRIER;GROOVED CONCRETE;DRY;DARK - LIGHTED ROADWAY;CLOUDY;NO CONTROL PRESENT;;;-78.773678;35.747766;;;0;0;;;NONE;;NONE;;PICKUP;PASSENGER CAR;;;;NO;9158;2017-12-02;10:51 PM;2017-12-03T03:51:00+00:00;;2017;No;No;12;NONE;NONE,NONE;NONE,NONE;PICKUP,PASSENGER CAR;PICKUP,PASSENGER CAR;PICKUP,PASSENGER CAR;PICKUP,PASSENGER CAR
31796;5 FEET FROM 1299 KILDAIRE FARM RD;DRIVEWAY, PUBLIC;STRAIGHT,GRADE;PUBLIC VEHICULAR AREA;TWO-WAY,NOT DIVIDED;SMOOTH ASPHALT;DRY;DAYLIGHT;CLEAR;STOP SIGN;;;-78.7833;35.7626;;112;0;1;;;NONE;;NONE;;PASSENGER CAR;;;;;NO;9169;2017-12-01;6:26:42 PM;2017-12-01T23:26:42+00:00;;2017;No;Yes;12;NONE;NONE,NONE;NONE,NONE;PASSENGER CAR;PASSENGER CAR;PASSENGER CAR;PASSENGER CAR
31804;50 FEET FROM PVA 1800 WALNUT ST;DRIVEWAY, PUBLIC;STRAIGHT,LEVEL;PUBLIC VEHICULAR AREA;TWO-WAY,NOT DIVIDED;SMOOTH ASPHALT;DRY;DAYLIGHT;CLEAR;NO CONTROL PRESENT;;;-78.7445;35.76;;118;0;2;1;;NONE;;NONE;NONE;PASSENGER CAR;;;;;NO;9177;2017-12-01;6:09:44 PM;2017-12-01T23:09:44+00:00;;2017;No;Yes;12;NONE;NONE,NONE;NONE,NONE,NONE;PASSENGER CAR;PASSENGER CAR;PASSENGER CAR;PASSENGER CAR
31808;1.5 MILES FROM SR 3097 (AVIATION PKY);NO SPECIAL FEATURE;CURVE,LEVEL;PUBLIC VEHICULAR AREA;ONE-WAY,NOT DIVIDED;SMOOTH ASPHALT;DRY;DAYLIGHT;CLEAR;NO CONTROL PRESENT;;;-78.8191;35.8272;;;0;0;2;;NONE;;NONE;;SPORT UTILITY;;;;;NO;9181;2017-11-25;11:25 AM;2017-11-25T16:25:00+00:00;;2017;No;No;11;NONE;NONE,NONE;NONE,NONE;SPORT UTILITY;SPORT UTILITY;SPORT UTILITY;SPORT UTILITY
31813;60 FEET FROM 929 KILDAIRE FARM RD;DRIVEWAY, PUBLIC;STRAIGHT,GRADE;PUBLIC VEHICULAR AREA;TWO-WAY,NOT DIVIDED;SMOOTH ASPHALT;DRY;DAYLIGHT;CLEAR;NO CONTROL PRESENT;;;-78.7811;35.7715;;;0;0;1;;NONE;;NONE;;PASSENGER CAR;PASSENGER CAR;;;;NO;9186;2017-11-30;4:20:06 PM;2017-11-30T21:20:06+00:00;;2017;No;No;11;NONE;NONE,NONE;NONE,NONE;PASSENGER CAR,PASSENGER CAR;PASSENGER CAR,PASSENGER CAR;PASSENGER CAR,PASSENGER CAR;PASSENGER CAR,PASSENGER CAR
31814;25 FEET FROM P.V.A. 1387 SE MAYNARD RD;NO SPECIAL FEATURE;STRAIGHT,LEVEL;PUBLIC VEHICULAR AREA;TWO-WAY,NOT DIVIDED;SMOOTH ASPHALT;DRY;DAYLIGHT;CLEAR;NO CONTROL PRESENT;;;-78.7642;35.789;;;0;0;1;;NONE;;NONE;;PASSENGER CAR;PASSENGER CAR;;;;NO;9187;2017-12-01;2:44:35 PM;2017-12-01T19:44:35+00:00;;2017;No;No;12;NONE;NONE,NONE;NONE,NONE;PASSENGER CAR,PASSENGER CAR;PASSENGER CAR,PASSENGER CAR;PASSENGER CAR,PASSENGER CAR;PASSENGER CAR,PASSENGER CAR
31823;CARY;;;;;;;;;;;;;;;;0;0;;;;;;;;;;;;;9196;2017-12-03;12:51 PM;2017-12-03T17:51:00+00:00;;2017;No;No;12;;;;;;;
31825;40 FEET FROM S.R. 1300 (KILDAIRE FARM RD);NO SPECIAL FEATURE;CURVE,LEVEL;STATE SECONDARY ROUTE;TWO-WAY,NOT DIVIDED;SMOOTH ASPHALT;DRY;DAYLIGHT;CLEAR;NO CONTROL PRESENT;;;-78.7807;35.783;;;0;0;;;;;INATTENTIVE (TALKING, EATING, ETC.);;PICKUP;SPORT UTILITY;;;;NO;9198;2017-12-04;8:28:23 AM;2017-12-04T13:28:23+00:00;;2017;No;No;12;;INATTENTIVE (TALKING, EATING, ETC.);INATTENTIVE (TALKING,EATING,ETC.);PICKUP,SPORT UTILITY;PICKUP,SPORT UTILITY;PICKUP,SPORT UTILITY;PICKUP,SPORT UTILITY
31828;.25 MILES FROM SR 1632 (LOUIS STEPHENS DR);NO SPECIAL FEATURE;STRAIGHT,LEVEL;STATE SECONDARY ROUTE;TWO-WAY,DIVIDED,UNPROTECTED MEDIAN;SMOOTH ASPHALT;DRY;DAYLIGHT;CLEAR;NO CONTROL PRESENT;;;-78.864762;35.822065;;121;0;0;2;;NONE;;NONE;;PICKUP;SINGLE UNIT TRUCK (2-AXLE- 6-TIRE);;;;MAINTENANCE WORK AREA;9201;2017-12-04;11:52 AM;2017-12-04T16:52:00+00:00;;2017;No;No;12;NONE;NONE,NONE;NONE,NONE;PICKUP,SINGLE UNIT TRUCK (2-AXLE- 6-TIRE);PICKUP,SINGLE UNIT TRUCK (2-AXLE- 6-TIRE);PICKUP,SINGLE UNIT TRUCK (2-AXLE- 6-TIRE);PICKUP,SINGLE UNIT TRUCK (2-AXLE- 6-TIRE)
31830;NEAR .10 MILES W OF W SR 1615 (GREEN LEVEL WEST RD);NO SPECIAL FEATURE;STRAIGHT,LEVEL;STATE SECONDARY ROUTE;TWO-WAY,DIVIDED,UNPROTECTED MEDIAN;SMOOTH ASPHALT;DRY;DAYLIGHT;CLEAR;NO CONTROL PRESENT;;;-78.88401;35.7841;;;0;0;1;;NONE;;NONE;;PASSENGER CAR;PASSENGER CAR;;;;CONSTRUCTION WORK AREA;9203;2017-12-04;2:18:40 PM;2017-12-04T19:18:40+00:00;;2017;No;No;12;NONE;NONE,NONE;NONE,NONE;PASSENGER CAR,PASSENGER CAR;PASSENGER CAR,PASSENGER CAR;PASSENGER CAR,PASSENGER CAR;PASSENGER CAR,PASSENGER CAR
31831;115 FEET FROM 100 HEMPSTEAD CT;NO SPECIAL FEATURE;STRAIGHT,GRADE;PUBLIC VEHICULAR AREA;ONE-WAY,NOT DIVIDED;SMOOTH ASPHALT;OTHER *;DAYLIGHT;CLOUDY;NO CONTROL PRESENT;35.821004211;-78.78177597;-78.782;35.8218;P080;111;0;0;;;NONE;;COMING FROM BEHIND PARKED VEHICLE;;LIGHT TRUCK (MINI-VAN- PANEL);;;;;NO;9204;2017-12-02;4:32:13 PM;2017-12-02T21:32:13+00:00;35.821004211, -78.78177597;2017;No;No;12;NONE;NONE,COMING FROM BEHIND PARKED VEHICLE;NONE,COMING FROM BEHIND PARKED VEHICLE;LIGHT TRUCK (MINI-VAN- PANEL);LIGHT TRUCK (MINI-VAN- PANEL);LIGHT TRUCK (MINI-VAN- PANEL);LIGHT TRUCK (MINI-VAN- PANEL)
31836;0 FEET FROM S.R. 1009 (TRYON RD);FOUR-WAY INTERSECTION;STRAIGHT,LEVEL;STATE SECONDARY ROUTE;TWO-WAY,DIVIDED,POSITIVE MEDIAN BARRIER;SMOOTH ASPHALT;DRY;DARK - LIGHTED ROADWAY;CLEAR;STOP AND GO SIGNAL;;;-78.7398;35.7449;;;0;1;;;NONE;;NONE;;PASSENGER CAR;PASSENGER CAR;;;;NO;9209;2017-12-04;9:57:01 PM;2017-12-05T02:57:01+00:00;;2017;No;Yes;12;NONE;NONE,NONE;NONE,NONE;PASSENGER CAR,PASSENGER CAR;PASSENGER CAR,PASSENGER CAR;PASSENGER CAR,PASSENGER CAR;PASSENGER CAR,PASSENGER CAR
31840;CARY;NO SPECIAL FEATURE;STRAIGHT,LEVEL;LOCAL STREET;TWO-WAY,DIVIDED,POSITIVE MEDIAN BARRIER;;DRY;DAYLIGHT;CLEAR;STOP AND GO SIGNAL;;;-78.781857;35.769407;;;0;0;;;NONE;;NONE;;PASSENGER CAR;PASSENGER CAR;;;;NO;9213;2017-11-05;1:21:01 PM;2017-11-05T18:21:01+00:00;;2017;No;No;11;NONE;NONE,NONE;NONE,NONE;PASSENGER CAR,PASSENGER CAR;PASSENGER CAR,PASSENGER CAR;PASSENGER CAR,PASSENGER CAR;PASSENGER CAR,PASSENGER CAR
31842;450 FEET FROM PVA-267 GRANDE HEIGHTS DR;DRIVEWAY, PUBLIC;STRAIGHT,LEVEL;PUBLIC VEHICULAR AREA;TWO-WAY,NOT DIVIDED;SMOOTH ASPHALT;DRY;DARK - LIGHTED ROADWAY;CLEAR;NO CONTROL PRESENT;;;-78.78;35.8;;;0;0;1;;NONE;;NONE;;SPORT UTILITY;SPORT UTILITY;;;;NO;9215;2017-12-01;10:16 PM;2017-12-02T03:16:00+00:00;;2017;No;No;12;NONE;NONE,NONE;NONE,NONE;SPORT UTILITY,SPORT UTILITY;SPORT UTILITY,SPORT UTILITY;SPORT UTILITY,SPORT UTILITY;SPORT UTILITY,SPORT UTILITY
31846;1 MILES FROM US HWY 1;NO SPECIAL FEATURE;STRAIGHT,LEVEL;US ROUTE;TWO-WAY,DIVIDED,POSITIVE MEDIAN BARRIER;SMOOTH ASPHALT;DRY;DUSK;CLEAR;NO CONTROL PRESENT;;;-78.7878;35.7398;;;0;0;1;;NONE;;NONE;;PASSENGER CAR;SPORT UTILITY;;;;NO;9219;2017-12-05;7:43:56 PM;2017-12-06T00:43:56+00:00;;2017;No;No;12;NONE;NONE,NONE;NONE,NONE;PASSENGER CAR,SPORT UTILITY;PASSENGER CAR,SPORT UTILITY;PASSENGER CAR,SPORT UTILITY;PASSENGER CAR,SPORT UTILITY
31850;50 FEET FROM SR 1655 (TRINITY RD);NO SPECIAL FEATURE;STRAIGHT,LEVEL;STATE SECONDARY ROUTE;TWO-WAY,NOT DIVIDED;SMOOTH ASPHALT;WET;DAYLIGHT;CLOUDY;NO CONTROL PRESENT;;;-78.7506;35.7954;;;0;0;;;NONE;;NONE;;PASSENGER CAR;VAN;;;;NO;9223;2017-12-06;9:04:39 AM;2017-12-06T14:04:39+00:00;;2017;No;No;12;NONE;NONE,NONE;NONE,NONE;PASSENGER CAR,VAN;PASSENGER CAR,VAN;PASSENGER CAR,VAN;PASSENGER CAR,VAN
31858;150 FEET FROM PVA (111 REALTORS WAY);DRIVEWAY, PUBLIC;STRAIGHT,LEVEL;PUBLIC VEHICULAR AREA;TWO-WAY,NOT DIVIDED;SMOOTH ASPHALT;DRY;DAYLIGHT;CLOUDY;NO CONTROL PRESENT;;;-78.7737;35.8309;;111;0;0;;;NONE;;NONE;;PASSENGER CAR;PASSENGER CAR;;;;NO;9231;2017-12-06;11:52 AM;2017-12-06T16:52:00+00:00;;2017;No;No;12;NONE;NONE,NONE;NONE,NONE;PASSENGER CAR,PASSENGER CAR;PASSENGER CAR,PASSENGER CAR;PASSENGER CAR,PASSENGER CAR;PASSENGER CAR,PASSENGER CAR
31859;CARY;FOUR-WAY INTERSECTION;STRAIGHT,LEVEL;STATE SECONDARY ROUTE;TWO-WAY,DIVIDED,POSITIVE MEDIAN BARRIER;SMOOTH ASPHALT;DRY;DARK - LIGHTED ROADWAY;CLOUDY;STOP AND GO SIGNAL;;;-78.763942;35.772529;;;0;0;;;NONE;;NONE;;PICKUP;SPORT UTILITY;;;;NO;9232;2017-11-10;11:05 AM;2017-11-10T16:05:00+00:00;;2017;No;No;11;NONE;NONE,NONE;NONE,NONE;PICKUP,SPORT UTILITY;PICKUP,SPORT UTILITY;PICKUP,SPORT UTILITY;PICKUP,SPORT UTILITY
31868;CARY;RELATED TO INTERSECTION;STRAIGHT,LEVEL;STATE SECONDARY ROUTE;TWO-WAY,DIVIDED,UNPROTECTED MEDIAN;SMOOTH ASPHALT;DRY;DAYLIGHT;CLOUDY;STOP SIGN;;;-78.7797;35.7409;;;0;0;1;;;;NONE;;SPORT UTILITY;SPORT UTILITY;;;;NO;9241;2017-12-07;8:33:17 AM;2017-12-07T13:33:17+00:00;;2017;No;No;12;;NONE;NONE;SPORT UTILITY,SPORT UTILITY;SPORT UTILITY,SPORT UTILITY;SPORT UTILITY,SPORT UTILITY;SPORT UTILITY,SPORT UTILITY
31872;75 FEET FROM S.R. 1613 (DAVIS DR);NO SPECIAL FEATURE;STRAIGHT,LEVEL;STATE SECONDARY ROUTE;TWO-WAY,DIVIDED,UNPROTECTED MEDIAN;SMOOTH ASPHALT;DRY;DAYLIGHT;CLEAR;NO CONTROL PRESENT;35.910464559;-78.58858194;-78.8482;35.7964;P119;RALW;0;0;;;NONE;;NONE;;PASSENGER CAR;PASSENGER CAR;;;;NO;9245;2017-12-05;2:04:09 PM;2017-12-05T19:04:09+00:00;35.910464559, -78.58858194;2017;No;No;12;NONE;NONE,NONE;NONE,NONE;PASSENGER CAR,PASSENGER CAR;PASSENGER CAR,PASSENGER CAR;PASSENGER CAR,PASSENGER CAR;PASSENGER CAR,PASSENGER CAR