tamainid;location_description;rdfeature;rdcharacter;rdclass;rdconfigur;rdsurface;rdcondition;lightcond;weather;trafcontrl;lat;lon;lon2;lat2;tract;zone;fatality;possblinj;numpassengers;numpedestrians;contrcir1_desc;contrcir2_desc;contrcir3_desc;contrcir4_desc;vehicle1;vehicle2;vehicle3;vehicle4;vehicle5;workarea;records;ta_date;ta_time;crash_date;geo_location;year;fatalities;injuries;month;contrfact1;contrfact2;contributing_factor;vehicleconcat1;vehicleconcat2;vehicleconcat3;vehicle_type
31876;20 FEET FROM OLDE WEATHERSTONE WAY;NO SPECIAL FEATURE;STRAIGHT,LEVEL;LOCAL STREET;TWO-WAY,NOT DIVIDED;SMOOTH ASPHALT;DRY;DAYLIGHT;CLEAR;NO CONTROL PRESENT;35.79175649;-78.81263716;-78.8125;35.7919;P065;114;0;0;47;;NONE;;NONE;;PASSENGER CAR;;;;;NO;9249;2017-12-05;3:56:58 PM;2017-12-05T20:56:58+00:00;35.79175649, -78.81263716;2017;No;No;12;NONE;NONE,NONE;NONE,NONE;PASSENGER CAR;PASSENGER CAR;PASSENGER CAR;PASSENGER CAR
31880;78 FEET FROM PVA BONEFISH GRILL (2060 RENAI;DRIVEWAY, PUBLIC;STRAIGHT,LEVEL;PUBLIC VEHICULAR AREA;TWO-WAY,NOT DIVIDED;SMOOTH ASPHALT;DRY;DAYLIGHT;CLOUDY;STOP SIGN;35.601953675;-78.79930456;-78.771365;35.827717;P119;RALW;0;0;;;NONE;;NONE;;SPORT UTILITY;PICKUP;;;;NO;9253;2017-12-07;7:40:30 AM;2017-12-07T12:40:30+00:00;35.601953675, -78.79930456;2017;No;No;12;NONE;NONE,NONE;NONE,NONE;SPORT UTILITY,PICKUP;SPORT UTILITY,PICKUP;SPORT UTILITY,PICKUP;SPORT UTILITY,PICKUP
31882;160 FEET FROM P.V.A. BASS PRO LN;FOUR-WAY INTERSECTION;STRAIGHT,GRADE;PUBLIC VEHICULAR AREA;TWO-WAY,NOT DIVIDED;SMOOTH ASPHALT;WET;DAYLIGHT;CLOUDY;STOP SIGN;;;-78.7693;35.8303;;;0;1;;;NONE;;NONE;;PICKUP;PASSENGER CAR;;;;NO;9255;2017-12-08;12:25 PM;2017-12-08T17:25:00+00:00;;2017;No;Yes;12;NONE;NONE,NONE;NONE,NONE;PICKUP,PASSENGER CAR;PICKUP,PASSENGER CAR;PICKUP,PASSENGER CAR;PICKUP,PASSENGER CAR
31883;CARY;FOUR-WAY INTERSECTION;STRAIGHT,LEVEL;LOCAL STREET;TWO-WAY,NOT DIVIDED;SMOOTH ASPHALT;WET;DARK - LIGHTED ROADWAY;RAIN;STOP SIGN;35.769593299;-78.84025103;-78.8403;35.7695;P066;117;0;0;2;;NONE;;NONE;;PASSENGER CAR;;;;;NO;9256;2017-12-08;9:22:18 AM;2017-12-08T14:22:18+00:00;35.769593299, -78.84025103;2017;No;No;12;NONE;NONE,NONE;NONE,NONE;PASSENGER CAR;PASSENGER CAR;PASSENGER CAR;PASSENGER CAR
31886;50 FEET FROM SR 1010 TEN TEN RD;NO SPECIAL FEATURE;STRAIGHT,LEVEL;STATE SECONDARY ROUTE;TWO-WAY,DIVIDED,POSITIVE MEDIAN BARRIER;SMOOTH ASPHALT;WET;DAYLIGHT;RAIN;STOP AND GO SIGNAL;;;-78.794015;35.703237;;;0;0;1;;NONE;;NONE;;SINGLE UNIT TRUCK (2-AXLE- 6-TIRE);PASSENGER CAR;;;;NO;9259;2017-12-08;11:48 AM;2017-12-08T16:48:00+00:00;;2017;No;No;12;NONE;NONE,NONE;NONE,NONE;SINGLE UNIT TRUCK (2-AXLE- 6-TIRE),PASSENGER CAR;SINGLE UNIT TRUCK (2-AXLE- 6-TIRE),PASSENGER CAR;SINGLE UNIT TRUCK (2-AXLE- 6-TIRE),PASSENGER CAR;SINGLE UNIT TRUCK (2-AXLE- 6-TIRE),PASSENGER CAR
31887;CARY;DRIVEWAY, PUBLIC;CURVE,LEVEL;PUBLIC VEHICULAR AREA;TWO-WAY,NOT DIVIDED;SMOOTH ASPHALT;WET;DAYLIGHT;RAIN;NO CONTROL PRESENT;;;-78.7433;35.7552;;;0;0;;;;;NONE;;UNKNOWN;PASSENGER CAR;;;;NO;9260;2017-12-08;1:39:52 PM;2017-12-08T18:39:52+00:00;;2017;No;No;12;;NONE;NONE;UNKNOWN,PASSENGER CAR;UNKNOWN,PASSENGER CAR;UNKNOWN,PASSENGER CAR;UNKNOWN,PASSENGER CAR
31889;.10 MILES FROM US 1 NORTH;NO SPECIAL FEATURE;STRAIGHT,LEVEL;US ROUTE;TWO-WAY,DIVIDED,POSITIVE MEDIAN BARRIER;SMOOTH ASPHALT;DRY;DARK - LIGHTED ROADWAY;CLEAR;NO CONTROL PRESENT;;;-78.745836;35.761435;;;0;0;2;;;;NONE;;PASSENGER CAR;PASSENGER CAR;;;;NO;9262;2017-12-07;2:56:30 PM;2017-12-07T19:56:30+00:00;;2017;No;No;12;;NONE;NONE;PASSENGER CAR,PASSENGER CAR;PASSENGER CAR,PASSENGER CAR;PASSENGER CAR,PASSENGER CAR;PASSENGER CAR,PASSENGER CAR
31893;300 FEET FROM P.V.A. 220 GRANDE HEIGHTS DR;NO SPECIAL FEATURE;STRAIGHT,LEVEL;PUBLIC VEHICULAR AREA;TWO-WAY,NOT DIVIDED;SMOOTH ASPHALT;WET;DARK - LIGHTED ROADWAY;RAIN;NO CONTROL PRESENT;;;-78.7799;35.8038;;;0;0;;;;;NONE;;PASSENGER CAR;PASSENGER CAR;;;;NO;9266;2017-12-08;7:22:32 PM;2017-12-09T00:22:32+00:00;;2017;No;No;12;;NONE;NONE;PASSENGER CAR,PASSENGER CAR;PASSENGER CAR,PASSENGER CAR;PASSENGER CAR,PASSENGER CAR;PASSENGER CAR,PASSENGER CAR
31896;5 FEET FROM SR 3977 (CARY PARKWAY);T-INTERSECTION;STRAIGHT,LEVEL;STATE SECONDARY ROUTE;TWO-WAY,DIVIDED,UNPROTECTED MEDIAN;SMOOTH ASPHALT;WET;DARK - LIGHTED ROADWAY;RAIN;NO CONTROL PRESENT;;;-78.764;35.7453;;;0;0;;;NONE;;NONE;;PICKUP;;;;;NO;9269;2017-12-09;2:23:36 AM;2017-12-09T07:23:36+00:00;;2017;No;No;12;NONE;NONE,NONE;NONE,NONE;PICKUP;PICKUP;PICKUP;PICKUP
31898;20 FEET FROM US 64;NO SPECIAL FEATURE;STRAIGHT,LEVEL;US ROUTE;TWO-WAY,DIVIDED,POSITIVE MEDIAN BARRIER;SMOOTH ASPHALT;WET;DAYLIGHT;RAIN;STOP AND GO SIGNAL;;;-78.805082;35.740509;;;0;0;1;;NONE;;NONE;;PICKUP;VAN;;;;NO;9271;2017-12-08;2:29:58 PM;2017-12-08T19:29:58+00:00;;2017;No;No;12;NONE;NONE,NONE;NONE,NONE;PICKUP,VAN;PICKUP,VAN;PICKUP,VAN;PICKUP,VAN
31900;CARY;FOUR-WAY INTERSECTION;STRAIGHT,LEVEL;LOCAL STREET;TWO-WAY,NOT DIVIDED;SMOOTH ASPHALT;WET;DARK - LIGHTED ROADWAY;SLEET, HAIL, FREEZING RAIN/DRIZZLE;STOP SIGN;35.73883214;-78.80988487;-78.81;35.7396;P041;116;0;0;;;NONE;;NONE;;PASSENGER CAR;PASSENGER CAR;;;;NO;9273;2017-12-08;5:30:29 PM;2017-12-08T22:30:29+00:00;35.73883214, -78.80988487;2017;No;No;12;NONE;NONE,NONE;NONE,NONE;PASSENGER CAR,PASSENGER CAR;PASSENGER CAR,PASSENGER CAR;PASSENGER CAR,PASSENGER CAR;PASSENGER CAR,PASSENGER CAR
31916;.2 MILES FROM PVA 107 EDINBURGH DR;NO SPECIAL FEATURE;STRAIGHT,LEVEL;PUBLIC VEHICULAR AREA;TWO-WAY,NOT DIVIDED;SMOOTH ASPHALT;WET;DARK - UNKNOWN LIGHTING;RAIN;NO CONTROL PRESENT;;;-78.7977;35.7358;;;0;0;;;;;NONE;;PASSENGER CAR;PASSENGER CAR;;;;NO;9289;2017-12-08;6:47:58 AM;2017-12-08T11:47:58+00:00;;2017;No;No;12;;NONE;NONE;PASSENGER CAR,PASSENGER CAR;PASSENGER CAR,PASSENGER CAR;PASSENGER CAR,PASSENGER CAR;PASSENGER CAR,PASSENGER CAR
31918;400 FEET FROM P.V.A (NEW KENT PL);NO SPECIAL FEATURE;STRAIGHT,LEVEL;PUBLIC VEHICULAR AREA;TWO-WAY,NOT DIVIDED;COARSE ASPHALT;WET;DAYLIGHT;RAIN;NO CONTROL PRESENT;;;-78.780323;35.761981;;;0;0;;;NONE;;NONE;;PASSENGER CAR;;;;;NO;9291;2017-12-10;9:47:59 AM;2017-12-10T14:47:59+00:00;;2017;No;No;12;NONE;NONE,NONE;NONE,NONE;PASSENGER CAR;PASSENGER CAR;PASSENGER CAR;PASSENGER CAR
31922;CARY;T-INTERSECTION;STRAIGHT,LEVEL;PUBLIC VEHICULAR AREA;TWO-WAY,NOT DIVIDED;SMOOTH ASPHALT;WET;DAYLIGHT;RAIN;STOP SIGN;;;-78.7608;35.7711;;;0;0;3;;;;NONE;;SPORT UTILITY;VAN;;;;NO;9295;2017-12-08;8:32:50 PM;2017-12-09T01:32:50+00:00;;2017;No;No;12;;NONE;NONE;SPORT UTILITY,VAN;SPORT UTILITY,VAN;SPORT UTILITY,VAN;SPORT UTILITY,VAN
31924;176 FEET FROM SR 3112 (NW CARY PKWY);NO SPECIAL FEATURE;STRAIGHT,GRADE;STATE SECONDARY ROUTE;TWO-WAY,NOT DIVIDED;SMOOTH ASPHALT;WET;DAYLIGHT;SLEET, HAIL, FREEZING RAIN/DRIZZLE;NO CONTROL PRESENT;;;-78.7831;35.8207;;111;0;0;;;NONE;;NONE;;SPORT UTILITY;SPORT UTILITY;;;;NO;9297;2017-12-08;3:34:05 PM;2017-12-08T20:34:05+00:00;;2017;No;No;12;NONE;NONE,NONE;NONE,NONE;SPORT UTILITY,SPORT UTILITY;SPORT UTILITY,SPORT UTILITY;SPORT UTILITY,SPORT UTILITY;SPORT UTILITY,SPORT UTILITY
31930;100 FEET FROM PVA (1390 NW MAYNARD RD;NO SPECIAL FEATURE;STRAIGHT,LEVEL;PUBLIC VEHICULAR AREA;TWO-WAY,NOT DIVIDED;SMOOTH ASPHALT;DRY;DAYLIGHT;CLEAR;NO CONTROL PRESENT;;;-78.8091;35.7881;;;0;0;;;NONE;;NONE;;PASSENGER CAR;;;;;NO;9303;2017-12-10;4:47:37 PM;2017-12-10T21:47:37+00:00;;2017;No;No;12;NONE;NONE,NONE;NONE,NONE;PASSENGER CAR;PASSENGER CAR;PASSENGER CAR;PASSENGER CAR
31932;10 FEET FROM SMOKEMONT DR;NO SPECIAL FEATURE;STRAIGHT,LEVEL;PRIVATE ROAD,DRIVEWAY;TWO-WAY,NOT DIVIDED;COARSE ASPHALT;DRY;DAYLIGHT;CLEAR;NO CONTROL PRESENT;35.76245871;-78.82814134;-78.8292;35.763;P010;117;0;0;;;NONE;;NONE;;PASSENGER CAR;SPORT UTILITY;;;;NO;9305;2017-12-11;8:16:43 AM;2017-12-11T13:16:43+00:00;35.76245871, -78.82814134;2017;No;No;12;NONE;NONE,NONE;NONE,NONE;PASSENGER CAR,SPORT UTILITY;PASSENGER CAR,SPORT UTILITY;PASSENGER CAR,SPORT UTILITY;PASSENGER CAR,SPORT UTILITY
31934;400 FEET FROM PVA OF 1002 E. CHATHAM ST;NO SPECIAL FEATURE;STRAIGHT,LEVEL;PUBLIC VEHICULAR AREA;ONE-WAY,NOT DIVIDED;GRAVEL;DRY;DARK - ROADWAY NOT LIGHTED;CLEAR;NO CONTROL PRESENT;35.601953675;-78.79930456;-78.749091;35.788084;P119;RALW;0;0;;;NONE;;NONE;;SPORT UTILITY;;;;;NO;9307;2017-12-11;9:08:47 PM;2017-12-12T02:08:47+00:00;35.601953675, -78.79930456;2017;No;No;12;NONE;NONE,NONE;NONE,NONE;SPORT UTILITY;SPORT UTILITY;SPORT UTILITY;SPORT UTILITY
31936;.1 MILES FROM US HWY 1;NO SPECIAL FEATURE;STRAIGHT,LEVEL;US ROUTE;TWO-WAY,DIVIDED,POSITIVE MEDIAN BARRIER;CONCRETE;DRY;DARK - ROADWAY NOT LIGHTED;CLEAR;NO CONTROL PRESENT;;;-78.7816;35.7431;;;0;0;;;;;NONE;;PASSENGER CAR;;;;;NO;9309;2017-12-11;6:02:49 PM;2017-12-11T23:02:49+00:00;;2017;No;No;12;;NONE;NONE;PASSENGER CAR;PASSENGER CAR;PASSENGER CAR;PASSENGER CAR
31942;.1 MILES FROM SR 1618;NO SPECIAL FEATURE;STRAIGHT,LEVEL;STATE SECONDARY ROUTE;TWO-WAY,DIVIDED,UNPROTECTED MEDIAN;COARSE ASPHALT;DRY;DAYLIGHT;CLEAR;NO CONTROL PRESENT;;;-78.8475;35.7819;;;0;0;;;NONE;;NONE;;PASSENGER CAR;PASSENGER CAR;SPORT UTILITY;;;NO;9315;2017-12-11;2:44:37 PM;2017-12-11T19:44:37+00:00;;2017;No;No;12;NONE;NONE,NONE;NONE,NONE;PASSENGER CAR,PASSENGER CAR;PASSENGER CAR,PASSENGER CAR,SPORT UTILITY;PASSENGER CAR,PASSENGER CAR,SPORT UTILITY;PASSENGER CAR,PASSENGER CAR,SPORT UTILITY
31958;480 FEET FROM N HARRISON AV (SR1652);NO SPECIAL FEATURE;STRAIGHT,LEVEL;STATE SECONDARY ROUTE;TWO-WAY,NOT DIVIDED;SMOOTH ASPHALT;DRY;DAYLIGHT;CLOUDY;NO CONTROL PRESENT;;;-78.7833;35.7892;;;0;0;;;;;NONE;;PASSENGER CAR;PASSENGER CAR;;;;NO;9331;2017-12-12;4:17:57 PM;2017-12-12T21:17:57+00:00;;2017;No;No;12;;NONE;NONE;PASSENGER CAR,PASSENGER CAR;PASSENGER CAR,PASSENGER CAR;PASSENGER CAR,PASSENGER CAR;PASSENGER CAR,PASSENGER CAR
31961;.25 MILES FROM 1298 SR 1315 (BUCK JONES RD);NO SPECIAL FEATURE;STRAIGHT,LEVEL;PUBLIC VEHICULAR AREA;TWO-WAY,NOT DIVIDED;SMOOTH ASPHALT;DRY;DARK - LIGHTED ROADWAY;CLEAR;NO CONTROL PRESENT;;;-78.7428;35.7658;;;0;0;;;NONE;;NONE;;PASSENGER CAR;SPORT UTILITY;;;;NO;9334;2017-12-12;10:35 PM;2017-12-13T03:35:00+00:00;;2017;No;No;12;NONE;NONE,NONE;NONE,NONE;PASSENGER CAR,SPORT UTILITY;PASSENGER CAR,SPORT UTILITY;PASSENGER CAR,SPORT UTILITY;PASSENGER CAR,SPORT UTILITY
31962;98 FEET FROM NC 54 (CHAPEL HILL RD);RELATED TO INTERSECTION;STRAIGHT,LEVEL;NC ROUTE;TWO-WAY,NOT DIVIDED;SMOOTH ASPHALT;DRY;DAYLIGHT;CLEAR;STOP AND GO SIGNAL;;;-78.7968;35.7989;;111;0;0;1;;NONE;;NONE;;PASSENGER CAR;PASSENGER CAR;;;;NO;9335;2017-12-12;3:28:28 PM;2017-12-12T20:28:28+00:00;;2017;No;No;12;NONE;NONE,NONE;NONE,NONE;PASSENGER CAR,PASSENGER CAR;PASSENGER CAR,PASSENGER CAR;PASSENGER CAR,PASSENGER CAR;PASSENGER CAR,PASSENGER CAR
31978;118 FEET FROM PVA 111 BROOKS PARK LN;NO SPECIAL FEATURE;STRAIGHT,LEVEL;PUBLIC VEHICULAR AREA;TWO-WAY,NOT DIVIDED;SMOOTH ASPHALT;DRY;DARK - LIGHTED ROADWAY;CLEAR;NO CONTROL PRESENT;;;-78.898825;35.795143;;122;0;0;;;NONE;;NONE;;PASSENGER CAR;PASSENGER CAR;;;;NO;9351;2017-12-12;4:47:50 PM;2017-12-12T21:47:50+00:00;;2017;No;No;12;NONE;NONE,NONE;NONE,NONE;PASSENGER CAR,PASSENGER CAR;PASSENGER CAR,PASSENGER CAR;PASSENGER CAR,PASSENGER CAR;PASSENGER CAR,PASSENGER CAR
31987;0 FEET FROM NC 55 HWY;FOUR-WAY INTERSECTION;STRAIGHT,LEVEL;NC ROUTE;TWO-WAY,DIVIDED,UNPROTECTED MEDIAN;SMOOTH ASPHALT;DRY;DAYLIGHT;CLEAR;STOP AND GO SIGNAL;35.787741693;-78.8708349;-78.8702;35.7866;P118;117;0;0;;;NONE;;NONE;;SPORT UTILITY;VAN;;;;NO;9360;2017-12-14;12:59 PM;2017-12-14T17:59:00+00:00;35.787741693, -78.8708349;2017;No;No;12;NONE;NONE,NONE;NONE,NONE;SPORT UTILITY,VAN;SPORT UTILITY,VAN;SPORT UTILITY,VAN;SPORT UTILITY,VAN
31992;200 FEET FROM 1105 WALNUT ST;DRIVEWAY, PUBLIC;STRAIGHT,LEVEL;PUBLIC VEHICULAR AREA;TWO-WAY,NOT DIVIDED;SMOOTH ASPHALT;DRY;DAYLIGHT;CLEAR;NO CONTROL PRESENT;;;-78.7607;35.7708;;;0;0;;;NONE;;NONE;;PASSENGER CAR;PASSENGER CAR;;;;NO;9365;2017-12-14;2:24:42 PM;2017-12-14T19:24:42+00:00;;2017;No;No;12;NONE;NONE,NONE;NONE,NONE;PASSENGER CAR,PASSENGER CAR;PASSENGER CAR,PASSENGER CAR;PASSENGER CAR,PASSENGER CAR;PASSENGER CAR,PASSENGER CAR
31996;250 FEET FROM NC 55 HWY;NO SPECIAL FEATURE;STRAIGHT,LEVEL;NC ROUTE;TWO-WAY,DIVIDED,UNPROTECTED MEDIAN;SMOOTH ASPHALT;DRY;DARK - ROADWAY NOT LIGHTED;CLEAR;NO CONTROL PRESENT;;;-78.874494;35.824011;;119;0;0;1;;DARTING;;NONE;;SPORT UTILITY;;;;;NO;9369;2017-12-15;2:11:03 AM;2017-12-15T07:11:03+00:00;;2017;No;No;12;DARTING;DARTING,NONE;DARTING,NONE;SPORT UTILITY;SPORT UTILITY;SPORT UTILITY;SPORT UTILITY
31997;CARY;;;;;;;;;;35.701040119;-78.79667978;;;P048;116;0;0;;;;;;;;;;;;;9370;2017-12-02;4:53:18 AM;2017-12-02T09:53:18+00:00;35.701040119, -78.79667978;2017;No;No;12;;;;;;;
32009;.21 MILES FROM SR 4067 (EDERLEE DR);FOUR-WAY INTERSECTION;STRAIGHT,LEVEL;STATE SECONDARY ROUTE;TWO-WAY,DIVIDED,UNPROTECTED MEDIAN;SMOOTH ASPHALT;DRY;DARK - LIGHTED ROADWAY;CLEAR;NO CONTROL PRESENT;;;-78.7947;35.7242;;;0;0;;;;;NONE;;PASSENGER CAR;;;;;NO;9382;2017-12-16;6:04:17 PM;2017-12-16T23:04:17+00:00;;2017;No;No;12;;NONE;NONE;PASSENGER CAR;PASSENGER CAR;PASSENGER CAR;PASSENGER CAR
32022;25 FEET FROM SR 1009 (TRYON RD);RELATED TO INTERSECTION;CURVE,GRADE;STATE SECONDARY ROUTE;TWO-WAY,DIVIDED,POSITIVE MEDIAN BARRIER;SMOOTH ASPHALT;DRY;DARK - LIGHTED ROADWAY;CLEAR;YIELD SIGN;;;-78.7792;35.736;;;0;0;;;NONE;;NONE;;SPORT UTILITY;PASSENGER CAR;;;;NO;9395;2017-12-15;6:27:22 PM;2017-12-15T23:27:22+00:00;;2017;No;No;12;NONE;NONE,NONE;NONE,NONE;SPORT UTILITY,PASSENGER CAR;SPORT UTILITY,PASSENGER CAR;SPORT UTILITY,PASSENGER CAR;SPORT UTILITY,PASSENGER CAR
32025;.3 MILES FROM P.V.A. CROSSROADS BLVD;NO SPECIAL FEATURE;STRAIGHT,LEVEL;PUBLIC VEHICULAR AREA;TWO-WAY,DIVIDED,UNPROTECTED MEDIAN;SMOOTH ASPHALT;DRY;DARK - LIGHTED ROADWAY;CLEAR;NO CONTROL PRESENT;;;-78.7407;35.7611;;;0;0;;;NONE;;NONE;;PASSENGER CAR;PASSENGER CAR;;;;NO;9398;2017-12-14;8:39:56 PM;2017-12-15T01:39:56+00:00;;2017;No;No;12;NONE;NONE,NONE;NONE,NONE;PASSENGER CAR,PASSENGER CAR;PASSENGER CAR,PASSENGER CAR;PASSENGER CAR,PASSENGER CAR;PASSENGER CAR,PASSENGER CAR
32036;400 FEET FROM P.V.A (123 MIDDLE CREEK PARK A;NO SPECIAL FEATURE;CURVE,LEVEL;LOCAL STREET;TWO-WAY,NOT DIVIDED;COARSE ASPHALT;WET;DAYLIGHT;CLEAR;NO CONTROL PRESENT;;;-78.45459;;;;0;1;;;NONE;;NONE;;PASSENGER CAR;;;;;NO;9409;2017-12-18;7:24:38 AM;2017-12-18T12:24:38+00:00;;2017;No;Yes;12;NONE;NONE,NONE;NONE,NONE;PASSENGER CAR;PASSENGER CAR;PASSENGER CAR;PASSENGER CAR
32039;125 FEET FROM SR 1152 (HOLLY SPRINGS RD);FOUR-WAY INTERSECTION;STRAIGHT,LEVEL;STATE SECONDARY ROUTE;TWO-WAY,NOT DIVIDED;COARSE ASPHALT;DRY;DAYLIGHT;CLEAR;STOP AND GO SIGNAL;;;-78.7443;35.7366;;112;0;0;;;;;NONE;;PASSENGER CAR;PICKUP;;;;NO;9412;2017-12-18;3:24:59 PM;2017-12-18T20:24:59+00:00;;2017;No;No;12;;NONE;NONE;PASSENGER CAR,PICKUP;PASSENGER CAR,PICKUP;PASSENGER CAR,PICKUP;PASSENGER CAR,PICKUP
32042;220 FEET FROM P.V.A (CIRCLE K);NO SPECIAL FEATURE;STRAIGHT,LEVEL;PUBLIC VEHICULAR AREA;TWO-WAY,NOT DIVIDED;SMOOTH ASPHALT;WET;DARK - LIGHTED ROADWAY;RAIN;NO CONTROL PRESENT;;;-78.7685;35.8301;;;0;0;;;NONE;;NONE;;PASSENGER CAR;PASSENGER CAR;;;;NO;9415;2017-12-17;3:28:14 AM;2017-12-17T08:28:14+00:00;;2017;No;No;12;NONE;NONE,NONE;NONE,NONE;PASSENGER CAR,PASSENGER CAR;PASSENGER CAR,PASSENGER CAR;PASSENGER CAR,PASSENGER CAR;PASSENGER CAR,PASSENGER CAR
32047;300 FEET FROM P.V.A. (880 E CHATHAM ST);NO SPECIAL FEATURE;STRAIGHT,LEVEL;PUBLIC VEHICULAR AREA;TWO-WAY,NOT DIVIDED;CONCRETE;DRY;DARK - LIGHTED ROADWAY;CLEAR;NO CONTROL PRESENT;;;-78.7575;35.7909;;;0;0;;;NONE;;NONE;;SINGLE UNIT TRUCK (2-AXLE- 6-TIRE);PASSENGER CAR;;;;NO;9419;2017-12-17;5:59:46 PM;2017-12-17T22:59:46+00:00;;2017;No;No;12;NONE;NONE,NONE;NONE,NONE;SINGLE UNIT TRUCK (2-AXLE- 6-TIRE),PASSENGER CAR;SINGLE UNIT TRUCK (2-AXLE- 6-TIRE),PASSENGER CAR;SINGLE UNIT TRUCK (2-AXLE- 6-TIRE),PASSENGER CAR;SINGLE UNIT TRUCK (2-AXLE- 6-TIRE),PASSENGER CAR
32056;.04 MILES FROM US 64 HWY;NO SPECIAL FEATURE;STRAIGHT,LEVEL;US ROUTE;TWO-WAY,DIVIDED,UNPROTECTED MEDIAN;SMOOTH ASPHALT;DRY;DAYLIGHT;CLEAR;NO CONTROL PRESENT;;;-78.8112;35.7417;;;0;0;;;;;NONE;;SPORT UTILITY;PASSENGER CAR;;;;NO;9428;2017-12-19;10:54 AM;2017-12-19T15:54:00+00:00;;2017;No;No;12;;NONE;NONE;SPORT UTILITY,PASSENGER CAR;SPORT UTILITY,PASSENGER CAR;SPORT UTILITY,PASSENGER CAR;SPORT UTILITY,PASSENGER CAR
32058;483 FEET FROM NC 55 HWY;T-INTERSECTION;STRAIGHT,LEVEL;NC ROUTE;TWO-WAY,DIVIDED,UNPROTECTED MEDIAN;SMOOTH ASPHALT;DRY;DAYLIGHT;CLEAR;STOP AND GO SIGNAL;;;-78.885092;35.8388;;;0;0;;;NONE;;NONE;;SPORT UTILITY;PICKUP;;;;NO;9430;2017-12-19;1:39:26 PM;2017-12-19T18:39:26+00:00;;2017;No;No;12;NONE;NONE,NONE;NONE,NONE;SPORT UTILITY,PICKUP;SPORT UTILITY,PICKUP;SPORT UTILITY,PICKUP;SPORT UTILITY,PICKUP
32067;20 FEET FROM SR 1415 (SE MAYNARD);NO SPECIAL FEATURE;STRAIGHT,LEVEL;STATE SECONDARY ROUTE;TWO-WAY,NOT DIVIDED;SMOOTH ASPHALT;WET;DAYLIGHT;RAIN;NO CONTROL PRESENT;35.766492827;-78.76854214;-78.7675;35.7669;P062;120;0;0;;;NONE;;NONE;;PASSENGER CAR;PASSENGER CAR;;;;NO;9439;2017-12-20;10:33 AM;2017-12-20T15:33:00+00:00;35.766492827, -78.76854214;2017;No;No;12;NONE;NONE,NONE;NONE,NONE;PASSENGER CAR,PASSENGER CAR;PASSENGER CAR,PASSENGER CAR;PASSENGER CAR,PASSENGER CAR;PASSENGER CAR,PASSENGER CAR
32076;111 FEET FROM SR 1652 (N HARRISON AVE);NO SPECIAL FEATURE;STRAIGHT,LEVEL;STATE SECONDARY ROUTE;TWO-WAY,DIVIDED,UNPROTECTED MEDIAN;SMOOTH ASPHALT;WET;DARK - LIGHTED ROADWAY;RAIN;NO CONTROL PRESENT;;;-78.76675;35.830567;;111;0;0;2;;NONE;;NONE;;PASSENGER CAR;PASSENGER CAR;;;;NO;9448;2017-12-20;6:23:39 PM;2017-12-20T23:23:39+00:00;;2017;No;No;12;NONE;NONE,NONE;NONE,NONE;PASSENGER CAR,PASSENGER CAR;PASSENGER CAR,PASSENGER CAR;PASSENGER CAR,PASSENGER CAR;PASSENGER CAR,PASSENGER CAR
32084;CARY;T-INTERSECTION;STRAIGHT,LEVEL;STATE SECONDARY ROUTE;TWO-WAY,NOT DIVIDED;SMOOTH ASPHALT;WET;DAYLIGHT;CLOUDY;STOP SIGN;35.771728758;-78.79521307;-78.7953;35.7714;P036;114;0;0;1;;;;NONE;;PASSENGER CAR;PASSENGER CAR;;;;NO;9456;2017-12-20;3:08:29 PM;2017-12-20T20:08:29+00:00;35.771728758, -78.79521307;2017;No;No;12;;NONE;NONE;PASSENGER CAR,PASSENGER CAR;PASSENGER CAR,PASSENGER CAR;PASSENGER CAR,PASSENGER CAR;PASSENGER CAR,PASSENGER CAR
32085;CARY;DRIVEWAY, PUBLIC;STRAIGHT,GRADE;PUBLIC VEHICULAR AREA;ONE-WAY,NOT DIVIDED;SMOOTH ASPHALT;WET;DARK - LIGHTED ROADWAY;RAIN;NO CONTROL PRESENT;;;-78.75923;35.776086;;;0;0;;;NONE;;NONE;;FIRETRUCK;PASSENGER CAR;;;;NO;9457;2017-12-20;7:04:31 PM;2017-12-21T00:04:31+00:00;;2017;No;No;12;NONE;NONE,NONE;NONE,NONE;FIRETRUCK,PASSENGER CAR;FIRETRUCK,PASSENGER CAR;FIRETRUCK,PASSENGER CAR;FIRETRUCK,PASSENGER CAR
32087;75 FEET FROM MORRISVILLE PKWY;NO SPECIAL FEATURE;STRAIGHT,LEVEL;LOCAL STREET;TWO-WAY,DIVIDED,POSITIVE MEDIAN BARRIER;SMOOTH ASPHALT;WET;DAYLIGHT;CLEAR;NO CONTROL PRESENT;;;-78.872;35.8138;;;0;0;1;;NONE;;NONE;;PASSENGER CAR;SPORT UTILITY;LIGHT TRUCK (MINI-VAN- PANEL);PASSENGER CAR;;NO;9459;2017-12-20;9:00:58 AM;2017-12-20T14:00:58+00:00;;2017;No;No;12;NONE;NONE,NONE;NONE,NONE;PASSENGER CAR,SPORT UTILITY;PASSENGER CAR,SPORT UTILITY,LIGHT TRUCK (MINI-VAN- PANEL);PASSENGER CAR,SPORT UTILITY,LIGHT TRUCK (MINI-VAN- PANEL),PASSENGER CAR;PASSENGER CAR,SPORT UTILITY,LIGHT TRUCK (MINI-VAN- PANEL),PASSENGER CAR