tamainid;location_description;rdfeature;rdcharacter;rdclass;rdconfigur;rdsurface;rdcondition;lightcond;weather;trafcontrl;lat;lon;lon2;lat2;tract;zone;fatality;possblinj;numpassengers;numpedestrians;contrcir1_desc;contrcir2_desc;contrcir3_desc;contrcir4_desc;vehicle1;vehicle2;vehicle3;vehicle4;vehicle5;workarea;records;ta_date;ta_time;crash_date;geo_location;year;fatalities;injuries;month;contrfact1;contrfact2;contributing_factor;vehicleconcat1;vehicleconcat2;vehicleconcat3;vehicle_type
32101;.2 MILES FROM SR 3097 (AVIATION PKWY);NO SPECIAL FEATURE;STRAIGHT,LEVEL;STATE SECONDARY ROUTE;TWO-WAY,NOT DIVIDED;SMOOTH ASPHALT;DRY;DAYLIGHT;CLEAR;NO CONTROL PRESENT;;;-78.802987;35.843518;;111;0;1;;;NONE;;NONE;;VAN;PASSENGER CAR;;;;NO;9473;2017-12-21;5:34:25 PM;2017-12-21T22:34:25+00:00;;2017;No;Yes;12;NONE;NONE,NONE;NONE,NONE;VAN,PASSENGER CAR;VAN,PASSENGER CAR;VAN,PASSENGER CAR;VAN,PASSENGER CAR
32108;391 FEET FROM P.V.A. WHITE OAK PARK (1236 SR;NO SPECIAL FEATURE;STRAIGHT,LEVEL;PUBLIC VEHICULAR AREA;TWO-WAY,NOT DIVIDED;SMOOTH ASPHALT;WET;DARK - LIGHTED ROADWAY;CLOUDY;NO CONTROL PRESENT;;;-78.8593;35.7744;;;0;1;;;NONE;;NONE;;;;;;;NO;9480;2017-12-20;6:26:11 PM;2017-12-20T23:26:11+00:00;;2017;No;Yes;12;NONE;NONE,NONE;NONE,NONE;;;;
32110;200 FEET FROM CROSSROADS BLVD;NO SPECIAL FEATURE;STRAIGHT,LEVEL;LOCAL STREET;TWO-WAY,DIVIDED,POSITIVE MEDIAN BARRIER;SMOOTH ASPHALT;DRY;DAYLIGHT;CLEAR;NO CONTROL PRESENT;;;-78.740787;35.761136;;;0;0;;;NONE;;NONE;;PASSENGER CAR;SPORT UTILITY;;;;NO;9482;2017-12-21;8:53:17 AM;2017-12-21T13:53:17+00:00;;2017;No;No;12;NONE;NONE,NONE;NONE,NONE;PASSENGER CAR,SPORT UTILITY;PASSENGER CAR,SPORT UTILITY;PASSENGER CAR,SPORT UTILITY;PASSENGER CAR,SPORT UTILITY
32113;40 FEET FROM HIGH HOUSE RD SR 1615;RELATED TO INTERSECTION;STRAIGHT,LEVEL;STATE SECONDARY ROUTE;TWO-WAY,DIVIDED,UNPROTECTED MEDIAN;SMOOTH ASPHALT;DRY;DAYLIGHT;CLOUDY;STOP AND GO SIGNAL;35.789054218;-78.82890126;-78.8285;35.7887;P067;121;0;0;1;;NONE;;NONE;;PASSENGER CAR;PASSENGER CAR;;;;NO;9485;2017-12-22;8:39:13 AM;2017-12-22T13:39:13+00:00;35.789054218, -78.82890126;2017;No;No;12;NONE;NONE,NONE;NONE,NONE;PASSENGER CAR,PASSENGER CAR;PASSENGER CAR,PASSENGER CAR;PASSENGER CAR,PASSENGER CAR;PASSENGER CAR,PASSENGER CAR
32129;185 FEET FROM CAITBOO AVE;NO SPECIAL FEATURE;STRAIGHT,LEVEL;LOCAL STREET;TWO-WAY,DIVIDED,UNPROTECTED MEDIAN;SMOOTH ASPHALT;DRY;DAYLIGHT;CLEAR;NO CONTROL PRESENT;;;-78.741917;35.760719;;118;0;0;1;;NONE;;NONE;;PASSENGER CAR;PASSENGER CAR;;;;NO;9501;2017-12-22;2:22:43 PM;2017-12-22T19:22:43+00:00;;2017;No;No;12;NONE;NONE,NONE;NONE,NONE;PASSENGER CAR,PASSENGER CAR;PASSENGER CAR,PASSENGER CAR;PASSENGER CAR,PASSENGER CAR;PASSENGER CAR,PASSENGER CAR
32141;CARY;T-INTERSECTION;CURVE,LEVEL;STATE SECONDARY ROUTE;TWO-WAY,DIVIDED,UNPROTECTED MEDIAN;SMOOTH ASPHALT;DRY;DAYLIGHT;CLEAR;STOP AND GO SIGNAL;;;-78.8571;35.7895;;121;0;0;;;NONE;;NONE;;PASSENGER CAR;SPORT UTILITY;;;;NO;9513;2017-12-21;3:26:10 PM;2017-12-21T20:26:10+00:00;;2017;No;No;12;NONE;NONE,NONE;NONE,NONE;PASSENGER CAR,SPORT UTILITY;PASSENGER CAR,SPORT UTILITY;PASSENGER CAR,SPORT UTILITY;PASSENGER CAR,SPORT UTILITY
32144;.33 MILES FROM HWY US 1;OFF-RAMP PROPER;STRAIGHT,GRADE;US ROUTE;ONE-WAY,NOT DIVIDED;SMOOTH ASPHALT;DRY;DAYLIGHT;CLEAR;STOP AND GO SIGNAL;;;-78.7947;35.7379;;;0;0;1;;;;NONE;;SPORT UTILITY;PASSENGER CAR;;;;NO;9516;2017-12-23;2:15:35 PM;2017-12-23T19:15:35+00:00;;2017;No;No;12;;NONE;NONE;SPORT UTILITY,PASSENGER CAR;SPORT UTILITY,PASSENGER CAR;SPORT UTILITY,PASSENGER CAR;SPORT UTILITY,PASSENGER CAR
32148;116 FEET FROM P.V.A. (2323 NW MAYNARD RD);NO SPECIAL FEATURE;STRAIGHT,LEVEL;PUBLIC VEHICULAR AREA;TWO-WAY,NOT DIVIDED;SMOOTH ASPHALT;DRY;DAYLIGHT;CLEAR;NO CONTROL PRESENT;;;-78.7843;35.8029;;;0;0;2;;NONE;;NONE;;SPORT UTILITY;PASSENGER CAR;;;;NO;9520;2017-12-26;1:11:45 PM;2017-12-26T18:11:45+00:00;;2017;No;No;12;NONE;NONE,NONE;NONE,NONE;SPORT UTILITY,PASSENGER CAR;SPORT UTILITY,PASSENGER CAR;SPORT UTILITY,PASSENGER CAR;SPORT UTILITY,PASSENGER CAR
32150;5 FEET FROM SR-1300 KILDAIRE FARM RD;FOUR-WAY INTERSECTION;STRAIGHT,LEVEL;STATE SECONDARY ROUTE;TWO-WAY,DIVIDED,UNPROTECTED MEDIAN;SMOOTH ASPHALT;DRY;DAYLIGHT;CLEAR;STOP AND GO SIGNAL;;;-78.7833;35.7395;;;0;0;;;NONE;;NONE;;PASSENGER CAR;PASSENGER CAR;;;;NO;9522;2017-12-26;2:44:56 PM;2017-12-26T19:44:56+00:00;;2017;No;No;12;NONE;NONE,NONE;NONE,NONE;PASSENGER CAR,PASSENGER CAR;PASSENGER CAR,PASSENGER CAR;PASSENGER CAR,PASSENGER CAR;PASSENGER CAR,PASSENGER CAR
32160;.10 MILES FROM I 40 RAMP EB TO HARRISON AVE;OFF-RAMP PROPER;STRAIGHT,GRADE;INTERSTATE;ONE-WAY,NOT DIVIDED;SMOOTH ASPHALT;DRY;DAYLIGHT;CLEAR;STOP AND GO SIGNAL;35.85320121;-78.80297768;-78.765085;35.831249;P088;WAKE;0;0;;;NONE;;NONE;;PASSENGER CAR;PASSENGER CAR;;;;NO;9532;2017-12-27;4:09:40 PM;2017-12-27T21:09:40+00:00;35.85320121, -78.80297768;2017;No;No;12;NONE;NONE,NONE;NONE,NONE;PASSENGER CAR,PASSENGER CAR;PASSENGER CAR,PASSENGER CAR;PASSENGER CAR,PASSENGER CAR;PASSENGER CAR,PASSENGER CAR
32165;50 FEET FROM NC 54 (CHAPEL HILL RD);NO SPECIAL FEATURE;STRAIGHT,LEVEL;NC ROUTE;TWO-WAY,NOT DIVIDED;SMOOTH ASPHALT;DRY;DAYLIGHT;CLEAR;NO CONTROL PRESENT;;;-78.7491;35.7932;;;0;1;;;;;NONE;;PASSENGER CAR;SPORT UTILITY;;;;NO;9537;2017-12-28;8:21:30 AM;2017-12-28T13:21:30+00:00;;2017;No;Yes;12;;NONE;NONE;PASSENGER CAR,SPORT UTILITY;PASSENGER CAR,SPORT UTILITY;PASSENGER CAR,SPORT UTILITY;PASSENGER CAR,SPORT UTILITY
32170;200 FEET FROM 275 CONVENTION DR (PVA);NO SPECIAL FEATURE;STRAIGHT,LEVEL;PUBLIC VEHICULAR AREA;TWO-WAY,NOT DIVIDED;SMOOTH ASPHALT;DRY;DAYLIGHT;CLEAR;NO CONTROL PRESENT;;;-78.7551;35.7756;;;0;0;;;;;NONE;;SPORT UTILITY;SPORT UTILITY;;;;NO;9542;2017-12-28;11:07 AM;2017-12-28T16:07:00+00:00;;2017;No;No;12;;NONE;NONE;SPORT UTILITY,SPORT UTILITY;SPORT UTILITY,SPORT UTILITY;SPORT UTILITY,SPORT UTILITY;SPORT UTILITY,SPORT UTILITY
32177;5 FEET FROM P.V.A. (97 CORNERSTONE DR);DRIVEWAY, PUBLIC;CURVE,LEVEL;PUBLIC VEHICULAR AREA;TWO-WAY,NOT DIVIDED;SMOOTH ASPHALT;DRY;DAYLIGHT;CLEAR;NO CONTROL PRESENT;;;-78.8513;35.791;;121;0;0;;;NONE;;NONE;;PASSENGER CAR;SPORT UTILITY;;;;NO;9549;2017-12-28;12:54 PM;2017-12-28T17:54:00+00:00;;2017;No;No;12;NONE;NONE,NONE;NONE,NONE;PASSENGER CAR,SPORT UTILITY;PASSENGER CAR,SPORT UTILITY;PASSENGER CAR,SPORT UTILITY;PASSENGER CAR,SPORT UTILITY
32180;CARY;NO SPECIAL FEATURE;STRAIGHT,LEVEL;LOCAL STREET;TWO-WAY,DIVIDED,POSITIVE MEDIAN BARRIER;COARSE ASPHALT;DRY;DAYLIGHT;CLEAR;NO CONTROL PRESENT;35.736014426;-78.78461828;-78.7851;35.7362;P053;116;0;0;;;NONE;;NONE;;PASSENGER CAR;PASSENGER CAR;;;;NO;9552;2017-12-29;12:02 PM;2017-12-29T17:02:00+00:00;35.736014426, -78.78461828;2017;No;No;12;NONE;NONE,NONE;NONE,NONE;PASSENGER CAR,PASSENGER CAR;PASSENGER CAR,PASSENGER CAR;PASSENGER CAR,PASSENGER CAR;PASSENGER CAR,PASSENGER CAR
32185;.1 MILES FROM PVA (681 CARY TOWNE BLVD);NO SPECIAL FEATURE;STRAIGHT,LEVEL;PUBLIC VEHICULAR AREA;TWO-WAY,NOT DIVIDED;SMOOTH ASPHALT;DRY;DAYLIGHT;CLEAR;NO CONTROL PRESENT;;;-78.7661;35.7765;;;0;0;;;NONE;;NONE;;PASSENGER CAR;SPORT UTILITY;;;;NO;9557;2017-12-30;11:18 AM;2017-12-30T16:18:00+00:00;;2017;No;No;12;NONE;NONE,NONE;NONE,NONE;PASSENGER CAR,SPORT UTILITY;PASSENGER CAR,SPORT UTILITY;PASSENGER CAR,SPORT UTILITY;PASSENGER CAR,SPORT UTILITY
32201;CARY;FOUR-WAY INTERSECTION;STRAIGHT,LEVEL;LOCAL STREET;TWO-WAY,NOT DIVIDED;SMOOTH ASPHALT;DRY;DARK - LIGHTED ROADWAY;CLEAR;STOP AND GO SIGNAL;35.776229805;-78.76027267;-78.7603;35.7761;P061;120;0;0;5;;NONE;;NONE;;PASSENGER CAR;PICKUP;;;;NO;9573;2017-12-29;8:56:28 PM;2017-12-30T01:56:28+00:00;35.776229805, -78.76027267;2017;No;No;12;NONE;NONE,NONE;NONE,NONE;PASSENGER CAR,PICKUP;PASSENGER CAR,PICKUP;PASSENGER CAR,PICKUP;PASSENGER CAR,PICKUP
32205;.25 MILES FROM SR 3014 MORRISVILLE CARPENTER;NO SPECIAL FEATURE;STRAIGHT,LEVEL;STATE SECONDARY ROUTE;TWO-WAY,NOT DIVIDED;SMOOTH ASPHALT;DRY;DARK - ROADWAY NOT LIGHTED;CLEAR;NO CONTROL PRESENT;;;-78.851574;35.821031;;121;0;0;1;;NONE;;NONE;;SPORT UTILITY;;;;;NO;9577;2018-01-01;7:47:55 PM;2018-01-02T00:47:55+00:00;;2018;No;No;1;NONE;NONE,NONE;NONE,NONE;SPORT UTILITY;SPORT UTILITY;SPORT UTILITY;SPORT UTILITY
32231;120 FEET FROM SR 1652 (N HARRISON AVE);;;;;;;;;;;;;;;;0;0;;;;;;;;;;;;;9603;2017-11-01;12:00 AM;2017-11-01T04:00:00+00:00;;2017;No;No;11;;;;;;;
32238;CARY;DRIVEWAY, PUBLIC;STRAIGHT,GRADE;PUBLIC VEHICULAR AREA;ONE-WAY,NOT DIVIDED;SMOOTH ASPHALT;DRY;DAYLIGHT;CLEAR;STOP SIGN;;;;35.760452;;118;0;0;;;;;NONE;;PASSENGER CAR;PASSENGER CAR;;;;NO;9610;2018-01-03;9:31:53 AM;2018-01-03T14:31:53+00:00;;2018;No;No;1;;NONE;NONE;PASSENGER CAR,PASSENGER CAR;PASSENGER CAR,PASSENGER CAR;PASSENGER CAR,PASSENGER CAR;PASSENGER CAR,PASSENGER CAR
32241;.15 MILES FROM SR1628 (O`KELLY CHAPEL RD);NO SPECIAL FEATURE;STRAIGHT,GRADE;STATE SECONDARY ROUTE;TWO-WAY,NOT DIVIDED;SMOOTH ASPHALT;SNOW;DAYLIGHT;CLEAR;NO CONTROL PRESENT;;;-78.8935;35.8445;;;0;0;;;;;COMING FROM BEHIND PARKED VEHICLE;;PASSENGER CAR;PASSENGER CAR;;;;NO;9613;2018-01-04;6:56:37 AM;2018-01-04T11:56:37+00:00;;2018;No;No;1;;COMING FROM BEHIND PARKED VEHICLE;COMING FROM BEHIND PARKED VEHICLE;PASSENGER CAR,PASSENGER CAR;PASSENGER CAR,PASSENGER CAR;PASSENGER CAR,PASSENGER CAR;PASSENGER CAR,PASSENGER CAR
32248;150 FEET FROM PVA (1105 WALNUT ST);NO SPECIAL FEATURE;STRAIGHT,LEVEL;PUBLIC VEHICULAR AREA;ONE-WAY,NOT DIVIDED;SMOOTH ASPHALT;DRY;DAYLIGHT;CLEAR;NO CONTROL PRESENT;;;-78.7621;35.7707;;;0;0;;;NONE;;NONE;;PASSENGER CAR;PICKUP;;;;NO;9620;2018-01-03;2:34:10 PM;2018-01-03T19:34:10+00:00;;2018;No;No;1;NONE;NONE,NONE;NONE,NONE;PASSENGER CAR,PICKUP;PASSENGER CAR,PICKUP;PASSENGER CAR,PICKUP;PASSENGER CAR,PICKUP
32249;20 FEET FROM SR 1600(GREEN LEVEL CHURCH RD);FOUR-WAY INTERSECTION;STRAIGHT,LEVEL;NC ROUTE;TWO-WAY,DIVIDED,UNPROTECTED MEDIAN;SMOOTH ASPHALT;SNOW;DARK - LIGHTED ROADWAY;SNOW;STOP AND GO SIGNAL;;;-78.9023;35.8224;;119;0;0;1;;NONE;;COMING FROM BEHIND PARKED VEHICLE;;PASSENGER CAR;PASSENGER CAR;;;;NO;9621;2018-01-03;2:44:58 AM;2018-01-03T07:44:58+00:00;;2018;No;No;1;NONE;NONE,COMING FROM BEHIND PARKED VEHICLE;NONE,COMING FROM BEHIND PARKED VEHICLE;PASSENGER CAR,PASSENGER CAR;PASSENGER CAR,PASSENGER CAR;PASSENGER CAR,PASSENGER CAR;PASSENGER CAR,PASSENGER CAR
32254;25 FEET FROM SR-1300 (KILDAIRE FARM RD);RELATED TO INTERSECTION;STRAIGHT,LEVEL;STATE SECONDARY ROUTE;TWO-WAY,DIVIDED,UNPROTECTED MEDIAN;SMOOTH ASPHALT;DRY;DAYLIGHT;CLEAR;STOP AND GO SIGNAL;;;-78.7787;35.7369;;;0;0;;;NONE;;NONE;;PASSENGER CAR;PASSENGER CAR;;;;NO;9626;2018-01-05;1:35:15 PM;2018-01-05T18:35:15+00:00;;2018;No;No;1;NONE;NONE,NONE;NONE,NONE;PASSENGER CAR,PASSENGER CAR;PASSENGER CAR,PASSENGER CAR;PASSENGER CAR,PASSENGER CAR;PASSENGER CAR,PASSENGER CAR
32266;50 FEET FROM P.V.A (1001 ST CHARLES PL);NO SPECIAL FEATURE;STRAIGHT,LEVEL;PUBLIC VEHICULAR AREA;ONE-WAY,NOT DIVIDED;SMOOTH ASPHALT;SNOW;DAYLIGHT;CLEAR;NO CONTROL PRESENT;;;-78.7823;35.8018;;;0;0;1;;NONE;;NONE;;SINGLE UNIT TRUCK (2-AXLE- 6-TIRE);PASSENGER CAR;;;;NO;9638;2018-01-06;12:16 PM;2018-01-06T17:16:00+00:00;;2018;No;No;1;NONE;NONE,NONE;NONE,NONE;SINGLE UNIT TRUCK (2-AXLE- 6-TIRE),PASSENGER CAR;SINGLE UNIT TRUCK (2-AXLE- 6-TIRE),PASSENGER CAR;SINGLE UNIT TRUCK (2-AXLE- 6-TIRE),PASSENGER CAR;SINGLE UNIT TRUCK (2-AXLE- 6-TIRE),PASSENGER CAR
32271;CARY;T-INTERSECTION;STRAIGHT,LEVEL;STATE SECONDARY ROUTE;TWO-WAY,NOT DIVIDED;SMOOTH ASPHALT;DRY;DARK - LIGHTED ROADWAY;CLEAR;NO CONTROL PRESENT;;;-78.749881;35.764179;;;0;0;;;NONE;;NONE;;SPORT UTILITY;PASSENGER CAR;;;;NO;9643;2018-01-06;10:23 AM;2018-01-06T15:23:00+00:00;;2018;No;No;1;NONE;NONE,NONE;NONE,NONE;SPORT UTILITY,PASSENGER CAR;SPORT UTILITY,PASSENGER CAR;SPORT UTILITY,PASSENGER CAR;SPORT UTILITY,PASSENGER CAR
32285;50 FEET FROM PVA (6770 MCCRIMON PKWY);NO SPECIAL FEATURE;CURVE,LEVEL;PUBLIC VEHICULAR AREA;TWO-WAY,NOT DIVIDED;COARSE ASPHALT;DRY;DAYLIGHT;CLOUDY;STOP SIGN;;;-78.891;35.8285;;;0;0;1;;NONE;;NONE;;PICKUP;PASSENGER CAR;;;;NO;9657;2018-01-03;12:34 PM;2018-01-03T17:34:00+00:00;;2018;No;No;1;NONE;NONE,NONE;NONE,NONE;PICKUP,PASSENGER CAR;PICKUP,PASSENGER CAR;PICKUP,PASSENGER CAR;PICKUP,PASSENGER CAR
32289;.5 MILES FROM LAKE PINE DRIVE;NO SPECIAL FEATURE;STRAIGHT,LEVEL;LOCAL STREET;TWO-WAY,NOT DIVIDED;SMOOTH ASPHALT;DRY;DARK - ROADWAY NOT LIGHTED;CLEAR;STOP SIGN;35.758558154;-78.80486225;-78.8063;35.7578;P037;115;0;0;;;NONE;;NONE;;PASSENGER CAR;;;;;NO;9661;2018-01-08;4:19:02 AM;2018-01-08T09:19:02+00:00;35.758558154, -78.80486225;2018;No;No;1;NONE;NONE,NONE;NONE,NONE;PASSENGER CAR;PASSENGER CAR;PASSENGER CAR;PASSENGER CAR
32293;.1 MILES FROM P.V.A. 1253 BUCK JONES RD (GRA;NO SPECIAL FEATURE;STRAIGHT,LEVEL;PUBLIC VEHICULAR AREA;TWO-WAY,NOT DIVIDED;SMOOTH ASPHALT;DRY;DAYLIGHT;CLEAR;NO CONTROL PRESENT;;;-78.7394;35.7657;;;0;0;2;;;;NONE;;PASSENGER CAR;PICKUP;;;;NO;9665;2018-01-07;2:34:15 PM;2018-01-07T19:34:15+00:00;;2018;No;No;1;;NONE;NONE;PASSENGER CAR,PICKUP;PASSENGER CAR,PICKUP;PASSENGER CAR,PICKUP;PASSENGER CAR,PICKUP
32296;.1 MILES FROM SR 1415 SW MAYNARD RD;NO SPECIAL FEATURE;STRAIGHT,LEVEL;STATE SECONDARY ROUTE;TWO-WAY,DIVIDED,POSITIVE MEDIAN BARRIER;SMOOTH ASPHALT;DRY;DAYLIGHT;CLEAR;NO CONTROL PRESENT;;;-78.7835;35.7714;;;0;2;1;;;;NONE;;SPORT UTILITY;PASSENGER CAR;;;;NO;9668;2018-01-08;4:35:21 PM;2018-01-08T21:35:21+00:00;;2018;No;Yes;1;;NONE;NONE;SPORT UTILITY,PASSENGER CAR;SPORT UTILITY,PASSENGER CAR;SPORT UTILITY,PASSENGER CAR;SPORT UTILITY,PASSENGER CAR
32299;185 FEET FROM P.V.A. HENRY ADAMS ELEMENTARY;NO SPECIAL FEATURE;STRAIGHT,LEVEL;PUBLIC VEHICULAR AREA;TWO-WAY,NOT DIVIDED;SMOOTH ASPHALT;DRY;DAYLIGHT;CLOUDY;NO CONTROL PRESENT;35.798861752;-78.30952008;-78.7611;35.7766;P119;120;0;1;;1;WRONG SIDE OF ROAD;DARTING;NONE;;PASSENGER CAR;;;;;NO;9671;2018-01-03;2:21:36 PM;2018-01-03T19:21:36+00:00;35.798861752, -78.30952008;2018;No;Yes;1;WRONG SIDE OF ROAD,DARTING;WRONG SIDE OF ROAD,DARTING,NONE;WRONG SIDE OF ROAD,DARTING,NONE;PASSENGER CAR;PASSENGER CAR;PASSENGER CAR;PASSENGER CAR
32305;150 FEET FROM US 64;NO SPECIAL FEATURE;STRAIGHT,LEVEL;US ROUTE;TWO-WAY,DIVIDED,UNPROTECTED MEDIAN;SMOOTH ASPHALT;DRY;DAYLIGHT;CLEAR;NO CONTROL PRESENT;;;-78.81295;35.742129;;;0;0;2;;;;NONE;;PASSENGER CAR;PASSENGER CAR;;;;NO;9677;2018-01-09;4:52:11 PM;2018-01-09T21:52:11+00:00;;2018;No;No;1;;NONE;NONE;PASSENGER CAR,PASSENGER CAR;PASSENGER CAR,PASSENGER CAR;PASSENGER CAR,PASSENGER CAR;PASSENGER CAR,PASSENGER CAR
32312;161 FEET FROM P.V.A. KANGAROO (4402 SR 1010);NO SPECIAL FEATURE;STRAIGHT,LEVEL;PUBLIC VEHICULAR AREA;TWO-WAY,NOT DIVIDED;SMOOTH ASPHALT;DRY;DAYLIGHT;CLEAR;NO CONTROL PRESENT;;;-78.7719;35.6946;;;0;0;;;NONE;;NONE;;PASSENGER CAR;;;;;NO;9684;2018-01-09;8:06:54 AM;2018-01-09T13:06:54+00:00;;2018;No;No;1;NONE;NONE,NONE;NONE,NONE;PASSENGER CAR;PASSENGER CAR;PASSENGER CAR;PASSENGER CAR
32316;.1 MILES FROM PVA(1020 BRADFORD PLAZA WAY);NO SPECIAL FEATURE;STRAIGHT,LEVEL;PUBLIC VEHICULAR AREA;ONE-WAY,NOT DIVIDED;SMOOTH ASPHALT;DRY;DARK - LIGHTED ROADWAY;CLOUDY;OTHER *;35.780725047;-78.70972114;-78.8453;35.7931;P119;RALW;0;0;;;NONE;;NONE;;PASSENGER CAR;SPORT UTILITY;;;;NO;9688;2018-01-10;6:23:21 PM;2018-01-10T23:23:21+00:00;35.780725047, -78.70972114;2018;No;No;1;NONE;NONE,NONE;NONE,NONE;PASSENGER CAR,SPORT UTILITY;PASSENGER CAR,SPORT UTILITY;PASSENGER CAR,SPORT UTILITY;PASSENGER CAR,SPORT UTILITY
32320;CARY;NO SPECIAL FEATURE;STRAIGHT,LEVEL;PUBLIC VEHICULAR AREA;TWO-WAY,NOT DIVIDED;SMOOTH ASPHALT;DRY;DARK - LIGHTED ROADWAY;CLEAR;NO CONTROL PRESENT;;;;;;;0;0;;;;;NONE;;TRUCK/TRAILER;LIGHT TRUCK (MINI-VAN- PANEL);;;;NO;9692;2018-01-11;4:42:03 AM;2018-01-11T09:42:03+00:00;;2018;No;No;1;;NONE;NONE;TRUCK/TRAILER,LIGHT TRUCK (MINI-VAN- PANEL);TRUCK/TRAILER,LIGHT TRUCK (MINI-VAN- PANEL);TRUCK/TRAILER,LIGHT TRUCK (MINI-VAN- PANEL);TRUCK/TRAILER,LIGHT TRUCK (MINI-VAN- PANEL)
32323;.1 MILES FROM PVA OF 540 NEW WAVERLY PL;NO SPECIAL FEATURE;STRAIGHT,LEVEL;STATE SECONDARY ROUTE;TWO-WAY,NOT DIVIDED;SMOOTH ASPHALT;DRY;DAYLIGHT;CLEAR;NO CONTROL PRESENT;;;-78.7763;35.7372;;;0;0;;;NONE;;NONE;;PASSENGER CAR;VAN;;;;NO;9695;2018-01-10;12:46 PM;2018-01-10T17:46:00+00:00;;2018;No;No;1;NONE;NONE,NONE;NONE,NONE;PASSENGER CAR,VAN;PASSENGER CAR,VAN;PASSENGER CAR,VAN;PASSENGER CAR,VAN
32326;NEAR .02 MILES E OF E SR-1010 (TEN TEN RD);NO SPECIAL FEATURE;STRAIGHT,LEVEL;STATE SECONDARY ROUTE;TWO-WAY,NOT DIVIDED;SMOOTH ASPHALT;DRY;DAWN;CLOUDY;NO CONTROL PRESENT;;;-78.755396;35.686191;;;0;0;;;NONE;;NONE;;SPORT UTILITY;PASSENGER CAR;;;;NO;9698;2018-01-11;7:37:45 AM;2018-01-11T12:37:45+00:00;;2018;No;No;1;NONE;NONE,NONE;NONE,NONE;SPORT UTILITY,PASSENGER CAR;SPORT UTILITY,PASSENGER CAR;SPORT UTILITY,PASSENGER CAR;SPORT UTILITY,PASSENGER CAR
32330;CARY;NO SPECIAL FEATURE;STRAIGHT,LEVEL;STATE SECONDARY ROUTE;TWO-WAY,NOT DIVIDED;COARSE ASPHALT;WET;DAYLIGHT;RAIN;STOP AND GO SIGNAL;;;-78.7313;35.7534;;;0;1;;;NONE;;NONE;;VAN;SPORT UTILITY;;;;NO;9702;2018-01-11;10:55 AM;2018-01-11T15:55:00+00:00;;2018;No;Yes;1;NONE;NONE,NONE;NONE,NONE;VAN,SPORT UTILITY;VAN,SPORT UTILITY;VAN,SPORT UTILITY;VAN,SPORT UTILITY
32340;CARY;NO SPECIAL FEATURE;STRAIGHT,LEVEL;STATE SECONDARY ROUTE;TWO-WAY,DIVIDED,UNPROTECTED MEDIAN;SMOOTH ASPHALT;WET;DARK - LIGHTED ROADWAY;CLEAR;STOP AND GO SIGNAL;;;-78.810012;35.783424;;;0;0;;;NONE;;NONE;;SPORT UTILITY;PICKUP;;;;NO;9712;2018-01-11;6:05:44 PM;2018-01-11T23:05:44+00:00;;2018;No;No;1;NONE;NONE,NONE;NONE,NONE;SPORT UTILITY,PICKUP;SPORT UTILITY,PICKUP;SPORT UTILITY,PICKUP;SPORT UTILITY,PICKUP
32342;.23 MILES FROM PVA 1400 CRESCENT GREEN;NO SPECIAL FEATURE;STRAIGHT,LEVEL;PUBLIC VEHICULAR AREA;TWO-WAY,NOT DIVIDED;SMOOTH ASPHALT;WET;DARK - LIGHTED ROADWAY;RAIN;NO CONTROL PRESENT;;;-78.7837;35.7349;;;0;0;;;;;NONE;;PASSENGER CAR;PASSENGER CAR;;;;NO;9714;2018-01-12;1:05:34 AM;2018-01-12T06:05:34+00:00;;2018;No;No;1;;NONE;NONE;PASSENGER CAR,PASSENGER CAR;PASSENGER CAR,PASSENGER CAR;PASSENGER CAR,PASSENGER CAR;PASSENGER CAR,PASSENGER CAR
32343;25 FEET FROM SR 1497 (CARY TOWNE BLVD);RELATED TO INTERSECTION;STRAIGHT,LEVEL;STATE SECONDARY ROUTE;TWO-WAY,DIVIDED,UNPROTECTED MEDIAN;SMOOTH ASPHALT;WET;DARK - LIGHTED ROADWAY;RAIN;STOP AND GO SIGNAL;;;-78.763882;35.77595;;;0;0;1;;NONE;;NONE;;PICKUP;PASSENGER CAR;;;;NO;9715;2018-01-11;9:00:33 PM;2018-01-12T02:00:33+00:00;;2018;No;No;1;NONE;NONE,NONE;NONE,NONE;PICKUP,PASSENGER CAR;PICKUP,PASSENGER CAR;PICKUP,PASSENGER CAR;PICKUP,PASSENGER CAR
32345;.1 MILES FROM PVA OF 123 MIDDLE CREEK PARK A;NO SPECIAL FEATURE;STRAIGHT,LEVEL;PUBLIC VEHICULAR AREA;TWO-WAY,NOT DIVIDED;SMOOTH ASPHALT;WET;DAYLIGHT;CLOUDY;NO CONTROL PRESENT;;;-78.7612;35.6687;;;0;0;;;NONE;;NONE;;PASSENGER CAR;PASSENGER CAR;;;;NO;9717;2018-01-11;4:25:02 PM;2018-01-11T21:25:02+00:00;;2018;No;No;1;NONE;NONE,NONE;NONE,NONE;PASSENGER CAR,PASSENGER CAR;PASSENGER CAR,PASSENGER CAR;PASSENGER CAR,PASSENGER CAR;PASSENGER CAR,PASSENGER CAR
32352;1 FEET FROM PVA OF 2000 WALNUT ST;NO SPECIAL FEATURE;STRAIGHT,LEVEL;PUBLIC VEHICULAR AREA;TWO-WAY,NOT DIVIDED;SMOOTH ASPHALT;WET;DAYLIGHT;RAIN;STOP SIGN;;;-78.7419;35.7577;;;0;0;;;NONE;;NONE;;PASSENGER CAR;PASSENGER CAR;;;;NO;9724;2018-01-12;1:35:58 PM;2018-01-12T18:35:58+00:00;;2018;No;No;1;NONE;NONE,NONE;NONE,NONE;PASSENGER CAR,PASSENGER CAR;PASSENGER CAR,PASSENGER CAR;PASSENGER CAR,PASSENGER CAR;PASSENGER CAR,PASSENGER CAR