tamainid;location_description;rdfeature;rdcharacter;rdclass;rdconfigur;rdsurface;rdcondition;lightcond;weather;trafcontrl;lat;lon;lon2;lat2;tract;zone;fatality;possblinj;numpassengers;numpedestrians;contrcir1_desc;contrcir2_desc;contrcir3_desc;contrcir4_desc;vehicle1;vehicle2;vehicle3;vehicle4;vehicle5;workarea;records;ta_date;ta_time;crash_date;geo_location;year;fatalities;injuries;month;contrfact1;contrfact2;contributing_factor;vehicleconcat1;vehicleconcat2;vehicleconcat3;vehicle_type
33072;CARY;FOUR-WAY INTERSECTION;STRAIGHT,LEVEL;STATE SECONDARY ROUTE;TWO-WAY,DIVIDED,UNPROTECTED MEDIAN;SMOOTH ASPHALT;DRY;DUSK;CLEAR;STOP AND GO SIGNAL;;;-78.777163;35.7292543;;;0;0;;;;;NONE;;PASSENGER CAR;SPORT UTILITY;;;;NO;10443;2018-03-10;6:39:01 PM;2018-03-10T23:39:01+00:00;;2018;No;No;3;;NONE;NONE;PASSENGER CAR,SPORT UTILITY;PASSENGER CAR,SPORT UTILITY;PASSENGER CAR,SPORT UTILITY;PASSENGER CAR,SPORT UTILITY
33077;400 FEET FROM GLENHOPE CT;DRIVEWAY, PUBLIC;STRAIGHT,LEVEL;PUBLIC VEHICULAR AREA;TWO-WAY,NOT DIVIDED;COARSE ASPHALT;WET;DAYLIGHT;RAIN;NO CONTROL PRESENT;35.775264008;-78.78709366;-78.7872;35.7762;P036;114;0;0;;;NONE;;NONE;;PASSENGER CAR;;;;;NO;10448;2018-03-11;1:44:09 PM;2018-03-11T17:44:09+00:00;35.775264008, -78.78709366;2018;No;No;3;NONE;NONE,NONE;NONE,NONE;PASSENGER CAR;PASSENGER CAR;PASSENGER CAR;PASSENGER CAR
33079;.1 MILES FROM P.V.A. OF 1393 KILDAIRE FARM R;NO SPECIAL FEATURE;STRAIGHT,LEVEL;PUBLIC VEHICULAR AREA;TWO-WAY,NOT DIVIDED;SMOOTH ASPHALT;DRY;DAYLIGHT;CLEAR;NO CONTROL PRESENT;35.798861752;-78.30952008;-78.7818;35.7586;P119;RALW;0;0;;;;;NONE;;PASSENGER CAR;SPORT UTILITY;;;;NO;10450;2018-03-10;11:22 AM;2018-03-10T16:22:00+00:00;35.798861752, -78.30952008;2018;No;No;3;;NONE;NONE;PASSENGER CAR,SPORT UTILITY;PASSENGER CAR,SPORT UTILITY;PASSENGER CAR,SPORT UTILITY;PASSENGER CAR,SPORT UTILITY
33081;25 FEET FROM P.V.A. (1140 PARKSIDE MAIN ST);NO SPECIAL FEATURE;STRAIGHT,LEVEL;PUBLIC VEHICULAR AREA;TWO-WAY,NOT DIVIDED;SMOOTH ASPHALT;DRY;DAYLIGHT;CLOUDY;NO CONTROL PRESENT;;;-78.8893;35.8483;;;0;0;1;;NONE;;NONE;;PASSENGER CAR;PASSENGER CAR;;;;NO;10452;2018-03-10;5:17:14 PM;2018-03-10T22:17:14+00:00;;2018;No;No;3;NONE;NONE,NONE;NONE,NONE;PASSENGER CAR,PASSENGER CAR;PASSENGER CAR,PASSENGER CAR;PASSENGER CAR,PASSENGER CAR;PASSENGER CAR,PASSENGER CAR
33082;CARY;FOUR-WAY INTERSECTION;STRAIGHT,LEVEL;STATE SECONDARY ROUTE;TWO-WAY,NOT DIVIDED;SMOOTH ASPHALT;DRY;DAYLIGHT;CLEAR;STOP AND GO SIGNAL;;;-78.7637;35.7919;;;0;1;;;NONE;;NONE;;PASSENGER CAR;PASSENGER CAR;;;;NO;10453;2018-03-10;4:56:24 PM;2018-03-10T21:56:24+00:00;;2018;No;Yes;3;NONE;NONE,NONE;NONE,NONE;PASSENGER CAR,PASSENGER CAR;PASSENGER CAR,PASSENGER CAR;PASSENGER CAR,PASSENGER CAR;PASSENGER CAR,PASSENGER CAR
33083;CARY;FOUR-WAY INTERSECTION;STRAIGHT,LEVEL;STATE SECONDARY ROUTE;TWO-WAY,DIVIDED,UNPROTECTED MEDIAN;SMOOTH ASPHALT;WET;DARK - LIGHTED ROADWAY;RAIN;STOP AND GO SIGNAL;;;-78.848058;35.813559;;121;0;0;;;NONE;;NONE;;PASSENGER CAR;PASSENGER CAR;;;;NO;10454;2018-03-11;7:51:59 PM;2018-03-11T23:51:59+00:00;;2018;No;No;3;NONE;NONE,NONE;NONE,NONE;PASSENGER CAR,PASSENGER CAR;PASSENGER CAR,PASSENGER CAR;PASSENGER CAR,PASSENGER CAR;PASSENGER CAR,PASSENGER CAR
33087;40 FEET FROM P.V.A 2010 KILDAIRE FARM RD;RELATED TO INTERSECTION;STRAIGHT,LEVEL;PUBLIC VEHICULAR AREA;TWO-WAY,NOT DIVIDED;SMOOTH ASPHALT;DRY;DAYLIGHT;CLEAR;NO CONTROL PRESENT;;;-78.78178;35.738148;;;0;0;1;;NONE;;NONE;;PASSENGER CAR;PASSENGER CAR;;;;NO;10458;2018-03-09;2:01:25 PM;2018-03-09T19:01:25+00:00;;2018;No;No;3;NONE;NONE,NONE;NONE,NONE;PASSENGER CAR,PASSENGER CAR;PASSENGER CAR,PASSENGER CAR;PASSENGER CAR,PASSENGER CAR;PASSENGER CAR,PASSENGER CAR
33098;100 FEET FROM HWY US 1 N;BRIDGE;STRAIGHT,LEVEL;US ROUTE;TWO-WAY,DIVIDED,POSITIVE MEDIAN BARRIER;SMOOTH ASPHALT;ICE;DARK - ROADWAY NOT LIGHTED;RAIN;NO CONTROL PRESENT;;;-78.7914;35.7379;;;0;0;;;NONE;;COMING FROM BEHIND PARKED VEHICLE;;PICKUP;;;;;NO;10469;2018-03-13;12:25 AM;2018-03-13T04:25:00+00:00;;2018;No;No;3;NONE;NONE,COMING FROM BEHIND PARKED VEHICLE;NONE,COMING FROM BEHIND PARKED VEHICLE;PICKUP;PICKUP;PICKUP;PICKUP
33102;5 FEET FROM US 54 (CHAPEL HILL RD);RELATED TO INTERSECTION;STRAIGHT,LEVEL;NC ROUTE;TWO-WAY,DIVIDED,UNPROTECTED MEDIAN;COARSE ASPHALT;WET;DAYLIGHT;RAIN;STOP AND GO SIGNAL;;;-78.751;35.7947;;;0;0;1;;NONE;;NONE;;PASSENGER CAR;PASSENGER CAR;;;;NO;10473;2018-03-12;7:29:14 AM;2018-03-12T11:29:14+00:00;;2018;No;No;3;NONE;NONE,NONE;NONE,NONE;PASSENGER CAR,PASSENGER CAR;PASSENGER CAR,PASSENGER CAR;PASSENGER CAR,PASSENGER CAR;PASSENGER CAR,PASSENGER CAR
33107;CARY;FOUR-WAY INTERSECTION;STRAIGHT,LEVEL;STATE SECONDARY ROUTE;TWO-WAY,DIVIDED,UNPROTECTED MEDIAN;COARSE ASPHALT;WET;DARK - LIGHTED ROADWAY;RAIN;STOP SIGN;;;-78.778648;35.734908;;;0;0;;;NOT VISIBLE (DARK CLOTHING, ETC.);NONE;NONE;;PASSENGER CAR;;;;;NO;10477;2018-03-12;8:37:19 PM;2018-03-13T00:37:19+00:00;;2018;No;No;3;NOT VISIBLE (DARK CLOTHING, ETC.),NONE;NOT VISIBLE (DARK CLOTHING, ETC.),NONE,NONE;NOT VISIBLE (DARK CLOTHING,ETC.),NONE,NONE;PASSENGER CAR;PASSENGER CAR;PASSENGER CAR;PASSENGER CAR
33108;100 FEET FROM HWY US 1N;BRIDGE;STRAIGHT,LEVEL;US ROUTE;TWO-WAY,DIVIDED,POSITIVE MEDIAN BARRIER;SMOOTH ASPHALT;ICE;DARK - ROADWAY NOT LIGHTED;RAIN;NO CONTROL PRESENT;;;-78.7914;35.7379;;;0;0;;;NONE;;COMING FROM BEHIND PARKED VEHICLE;;PICKUP;;;;;NO;10478;2018-03-13;12:47 AM;2018-03-13T04:47:00+00:00;;2018;No;No;3;NONE;NONE,COMING FROM BEHIND PARKED VEHICLE;NONE,COMING FROM BEHIND PARKED VEHICLE;PICKUP;PICKUP;PICKUP;PICKUP
33120;10 FEET FROM US1 HWY US1;RELATED TO INTERSECTION;STRAIGHT,BOTTOM (SAG);US ROUTE;ONE-WAY,NOT DIVIDED;SMOOTH ASPHALT;DRY;DAYLIGHT;CLEAR;STOP AND GO SIGNAL;;;-78.794354;35.73798;;;0;0;1;;NONE;;NONE;;SPORT UTILITY;PASSENGER CAR;;;;NO;10490;2018-03-13;4:24:12 PM;2018-03-13T20:24:12+00:00;;2018;No;No;3;NONE;NONE,NONE;NONE,NONE;SPORT UTILITY,PASSENGER CAR;SPORT UTILITY,PASSENGER CAR;SPORT UTILITY,PASSENGER CAR;SPORT UTILITY,PASSENGER CAR
33128;0 FEET FROM SR 1613 (DAVIS DR);T-INTERSECTION;STRAIGHT,LEVEL;STATE SECONDARY ROUTE;TWO-WAY,DIVIDED,UNPROTECTED MEDIAN;SMOOTH ASPHALT;DRY;DAYLIGHT;CLEAR;STOP SIGN;;;-78.8481;35.8111;;;0;0;43;;NONE;;NONE;;VAN;;;;;NO;10498;2018-03-07;3:15:56 PM;2018-03-07T20:15:56+00:00;;2018;No;No;3;NONE;NONE,NONE;NONE,NONE;VAN;VAN;VAN;VAN
33133;20 FEET FROM CROSSROADS BLVD;NO SPECIAL FEATURE;STRAIGHT,LEVEL;LOCAL STREET;TWO-WAY,NOT DIVIDED;SMOOTH ASPHALT;DRY;DAYLIGHT;CLEAR;NO CONTROL PRESENT;;;-78.73;35.75;;;0;0;1;;;;LYING AND/OR ILLEGALLY IN ROADWAY;;VAN;;;;;NO;10503;2018-03-13;6:17:42 PM;2018-03-13T22:17:42+00:00;;2018;No;No;3;;LYING AND/OR ILLEGALLY IN ROADWAY;LYING AND/OR ILLEGALLY IN ROADWAY;VAN;VAN;VAN;VAN
33137;.01 MILES FROM US 64 HWY;NO SPECIAL FEATURE;STRAIGHT,LEVEL;US ROUTE;TWO-WAY,DIVIDED,UNPROTECTED MEDIAN;SMOOTH ASPHALT;DRY;DAWN;CLEAR;NO CONTROL PRESENT;;;-78.8135;35.7421;;;0;0;;;;;NONE;;PICKUP;SPORT UTILITY;;;;NO;10507;2018-03-15;6:54:04 AM;2018-03-15T10:54:04+00:00;;2018;No;No;3;;NONE;NONE;PICKUP,SPORT UTILITY;PICKUP,SPORT UTILITY;PICKUP,SPORT UTILITY;PICKUP,SPORT UTILITY
33138;160 FEET FROM PVA RALEIGH WAKE BOARD OF REAL;DRIVEWAY, PUBLIC;STRAIGHT,LEVEL;PUBLIC VEHICULAR AREA;TWO-WAY,NOT DIVIDED;SMOOTH ASPHALT;DRY;DAYLIGHT;CLEAR;NO CONTROL PRESENT;;;-78.7737;35.8381;;;0;0;;;NONE;;NONE;;PASSENGER CAR;PASSENGER CAR;;;;NO;10508;2018-03-15;12:35 PM;2018-03-15T16:35:00+00:00;;2018;No;No;3;NONE;NONE,NONE;NONE,NONE;PASSENGER CAR,PASSENGER CAR;PASSENGER CAR,PASSENGER CAR;PASSENGER CAR,PASSENGER CAR;PASSENGER CAR,PASSENGER CAR
33146;350 FEET FROM SR 1300 (KILDAIRE FARM RD);NO SPECIAL FEATURE;STRAIGHT,LEVEL;STATE SECONDARY ROUTE;TWO-WAY,DIVIDED,UNPROTECTED MEDIAN;SMOOTH ASPHALT;DRY;DAYLIGHT;CLEAR;STOP AND GO SIGNAL;;;-78.7832;35.7591;;;0;0;;;NONE;;NONE;;SPORT UTILITY;PASSENGER CAR;SPORT UTILITY;;;NO;10516;2018-03-14;11:57 AM;2018-03-14T15:57:00+00:00;;2018;No;No;3;NONE;NONE,NONE;NONE,NONE;SPORT UTILITY,PASSENGER CAR;SPORT UTILITY,PASSENGER CAR,SPORT UTILITY;SPORT UTILITY,PASSENGER CAR,SPORT UTILITY;SPORT UTILITY,PASSENGER CAR,SPORT UTILITY
33156;130 FEET FROM SR1628 (O`KELLY CHAPEL RD);FOUR-WAY INTERSECTION;CURVE,GRADE;STATE SECONDARY ROUTE;TWO-WAY,DIVIDED,UNPROTECTED MEDIAN;SMOOTH ASPHALT;DRY;DAYLIGHT;CLEAR;STOP AND GO SIGNAL;;;-78.89082;35.845736;;;0;0;2;;NONE;;NONE;;PASSENGER CAR;SPORT UTILITY;;;;NO;10526;2018-03-13;4:51:11 PM;2018-03-13T20:51:11+00:00;;2018;No;No;3;NONE;NONE,NONE;NONE,NONE;PASSENGER CAR,SPORT UTILITY;PASSENGER CAR,SPORT UTILITY;PASSENGER CAR,SPORT UTILITY;PASSENGER CAR,SPORT UTILITY
33164;CARY;;;;;;;;;;;;;;;;0;0;;;;;;;SPORT UTILITY;PASSENGER CAR;;;;;10534;2018-03-09;5:38:10 PM;2018-03-09T22:38:10+00:00;;2018;No;No;3;;;;SPORT UTILITY,PASSENGER CAR;SPORT UTILITY,PASSENGER CAR;SPORT UTILITY,PASSENGER CAR;SPORT UTILITY,PASSENGER CAR
33166;300 FEET FROM SR 3014 (MORRISVILLE CARPENTER;NO SPECIAL FEATURE;STRAIGHT,LEVEL;STATE SECONDARY ROUTE;TWO-WAY,DIVIDED,UNPROTECTED MEDIAN;SMOOTH ASPHALT;DRY;DAYLIGHT;CLEAR;FLASHING STOP AND GO SIGNAL;;;-78.8664;35.8249;;;0;0;;;NONE;;NONE;;LIGHT TRUCK (MINI-VAN- PANEL);PASSENGER CAR;;;;NO;10536;2018-03-13;12:11 PM;2018-03-13T16:11:00+00:00;;2018;No;No;3;NONE;NONE,NONE;NONE,NONE;LIGHT TRUCK (MINI-VAN- PANEL),PASSENGER CAR;LIGHT TRUCK (MINI-VAN- PANEL),PASSENGER CAR;LIGHT TRUCK (MINI-VAN- PANEL),PASSENGER CAR;LIGHT TRUCK (MINI-VAN- PANEL),PASSENGER CAR
33168;CARY;FOUR-WAY INTERSECTION;STRAIGHT,LEVEL;STATE SECONDARY ROUTE;TWO-WAY,DIVIDED,UNPROTECTED MEDIAN;SMOOTH ASPHALT;DRY;DAYLIGHT;CLEAR;FLASHING STOP AND GO SIGNAL;;;-78.87142;35.802969;;;0;0;;;NONE;;NONE;;PICKUP;SPORT UTILITY;;;;NO;10538;2018-03-15;10:17 AM;2018-03-15T14:17:00+00:00;;2018;No;No;3;NONE;NONE,NONE;NONE,NONE;PICKUP,SPORT UTILITY;PICKUP,SPORT UTILITY;PICKUP,SPORT UTILITY;PICKUP,SPORT UTILITY
33172;CARY;DRIVEWAY, PRIVATE;STRAIGHT,LEVEL;PUBLIC VEHICULAR AREA;TWO-WAY,NOT DIVIDED;SMOOTH ASPHALT;DRY;DAYLIGHT;CLEAR;NO CONTROL PRESENT;;;-78.8972;35.7723;;;0;0;3;;NONE;;NONE;;SPORT UTILITY;PASSENGER CAR;;;;NO;10542;2018-03-16;11:59 AM;2018-03-16T15:59:00+00:00;;2018;No;No;3;NONE;NONE,NONE;NONE,NONE;SPORT UTILITY,PASSENGER CAR;SPORT UTILITY,PASSENGER CAR;SPORT UTILITY,PASSENGER CAR;SPORT UTILITY,PASSENGER CAR
33185;10 FEET FROM SR 1379 (PENNY RD);RELATED TO INTERSECTION;STRAIGHT,LEVEL;STATE SECONDARY ROUTE;TWO-WAY,DIVIDED,UNPROTECTED MEDIAN;SMOOTH ASPHALT;DRY;DAYLIGHT;CLEAR;STOP AND GO SIGNAL;;;-78.788193;35.716485;;;0;0;;;NONE;;NONE;;SPORT UTILITY;SPORT UTILITY;;;;NO;10555;2018-03-18;1:24:28 PM;2018-03-18T17:24:28+00:00;;2018;No;No;3;NONE;NONE,NONE;NONE,NONE;SPORT UTILITY,SPORT UTILITY;SPORT UTILITY,SPORT UTILITY;SPORT UTILITY,SPORT UTILITY;SPORT UTILITY,SPORT UTILITY
33186;.1 MILES FROM NORTHLANDS DR;NO SPECIAL FEATURE;CURVE,LEVEL;LOCAL STREET;TWO-WAY,NOT DIVIDED;SMOOTH ASPHALT;WET;DAYLIGHT;SNOW;NO CONTROL PRESENT;35.823107727;-78.90719332;-78.9087;35.8238;P076;119;0;0;;;NONE;;NONE;;VAN;VAN;;;;NO;10556;2018-03-12;5:35:04 PM;2018-03-12T21:35:04+00:00;35.823107727, -78.90719332;2018;No;No;3;NONE;NONE,NONE;NONE,NONE;VAN,VAN;VAN,VAN;VAN,VAN;VAN,VAN
33200;0 FEET FROM SR 1415 (SE MAYNARD RD);T-INTERSECTION;STRAIGHT,LEVEL;STATE SECONDARY ROUTE;TWO-WAY,DIVIDED,POSITIVE MEDIAN BARRIER;COARSE ASPHALT;DRY;DAYLIGHT;CLEAR;STOP AND GO SIGNAL;;;-78.7853;35.771;;;0;1;1;;NONE;;NONE;;VAN;SPORT UTILITY;;;;NO;10571;2018-03-17;6:36:04 PM;2018-03-17T22:36:04+00:00;;2018;No;Yes;3;NONE;NONE,NONE;NONE,NONE;VAN,SPORT UTILITY;VAN,SPORT UTILITY;VAN,SPORT UTILITY;VAN,SPORT UTILITY
33205;75 FEET FROM 1102 BUCK JONES RD (PVA);NO SPECIAL FEATURE;STRAIGHT,LEVEL;PUBLIC VEHICULAR AREA;TWO-WAY,NOT DIVIDED;COARSE ASPHALT;UNKNOWN;DARK - UNKNOWN LIGHTING;CLOUDY;NO CONTROL PRESENT;;;-78.7413;35.76914;;112;0;0;;;;;NONE;;;SPORT UTILITY;;;;NO;10576;2018-03-18;2:53:17 PM;2018-03-18T18:53:17+00:00;;2018;No;No;3;;NONE;NONE;SPORT UTILITY;SPORT UTILITY;SPORT UTILITY;SPORT UTILITY
33207;10 FEET FROM US HIGHWAY 1 SB;OFF-RAMP TERMINAL ON CROSSROAD;STRAIGHT,GRADE;US ROUTE;ONE-WAY,NOT DIVIDED;SMOOTH ASPHALT;DRY;DAYLIGHT;CLEAR;STOP AND GO SIGNAL;;;-78.794311;35.737944;;;0;0;1;;;;NONE;;VAN;SPORT UTILITY;;;;NO;10578;2018-03-19;11:06 AM;2018-03-19T15:06:00+00:00;;2018;No;No;3;;NONE;NONE;VAN,SPORT UTILITY;VAN,SPORT UTILITY;VAN,SPORT UTILITY;VAN,SPORT UTILITY
33212;CARY;FOUR-WAY INTERSECTION;STRAIGHT,LEVEL;NC ROUTE;TWO-WAY,NOT DIVIDED;SMOOTH ASPHALT;DRY;DAYLIGHT;CLEAR;STOP AND GO SIGNAL;35.764864931;-78.87499565;-78.8723;35.8136;P092;WAKE;0;0;2;;NONE;;NONE;;PASSENGER CAR;PASSENGER CAR;;;;NO;10583;2018-03-19;7:03:44 AM;2018-03-19T11:03:44+00:00;35.764864931, -78.87499565;2018;No;No;3;NONE;NONE,NONE;NONE,NONE;PASSENGER CAR,PASSENGER CAR;PASSENGER CAR,PASSENGER CAR;PASSENGER CAR,PASSENGER CAR;PASSENGER CAR,PASSENGER CAR
33222;50 FEET FROM NC 55 HWY;RELATED TO INTERSECTION;STRAIGHT,LEVEL;NC ROUTE;TWO-WAY,DIVIDED,UNPROTECTED MEDIAN;SMOOTH ASPHALT;WET;DAYLIGHT;RAIN;STOP AND GO SIGNAL;;;-78.8746;35.8235;;;0;0;1;;;;NONE;;PASSENGER CAR;SPORT UTILITY;;;;NO;10593;2018-03-20;8:03:18 AM;2018-03-20T12:03:18+00:00;;2018;No;No;3;;NONE;NONE;PASSENGER CAR,SPORT UTILITY;PASSENGER CAR,SPORT UTILITY;PASSENGER CAR,SPORT UTILITY;PASSENGER CAR,SPORT UTILITY
33226;200 FEET FROM PVA 1200 CRESCENT GREEN;DRIVEWAY, PUBLIC;STRAIGHT,LEVEL;PUBLIC VEHICULAR AREA;TWO-WAY,NOT DIVIDED;SMOOTH ASPHALT;WET;DARK - UNKNOWN LIGHTING;RAIN;NO CONTROL PRESENT;;;-78.7819;35.7341;;;0;0;;;NONE;;NONE;;SPORT UTILITY;;;;;NO;10597;2018-03-20;6:46:55 AM;2018-03-20T10:46:55+00:00;;2018;No;No;3;NONE;NONE,NONE;NONE,NONE;SPORT UTILITY;SPORT UTILITY;SPORT UTILITY;SPORT UTILITY
33227;300 FEET FROM NC 55;NO SPECIAL FEATURE;STRAIGHT,LEVEL;NC ROUTE;TWO-WAY,DIVIDED,UNPROTECTED MEDIAN;SMOOTH ASPHALT;WET;DAYLIGHT;CLOUDY;NO CONTROL PRESENT;35.79951698;-78.87090124;-78.8709;35.8001;;121;0;0;;;;;NONE;;SPORT UTILITY;SPORT UTILITY;;;;NO;10598;2018-03-20;12:56 PM;2018-03-20T16:56:00+00:00;35.79951698, -78.87090124;2018;No;No;3;;NONE;NONE;SPORT UTILITY,SPORT UTILITY;SPORT UTILITY,SPORT UTILITY;SPORT UTILITY,SPORT UTILITY;SPORT UTILITY,SPORT UTILITY
33229;70 FEET FROM SR 1010 (TEN TEN RD);FOUR-WAY INTERSECTION;STRAIGHT,LEVEL;STATE SECONDARY ROUTE;TWO-WAY,DIVIDED,UNPROTECTED MEDIAN;SMOOTH ASPHALT;DRY;DAYLIGHT;CLOUDY;STOP AND GO SIGNAL;;;-78.7718;35.6943;;;0;0;;;NONE;;NONE;;PASSENGER CAR;PICKUP;;;;NO;10600;2018-03-20;2:58:37 PM;2018-03-20T18:58:37+00:00;;2018;No;No;3;NONE;NONE,NONE;NONE,NONE;PASSENGER CAR,PICKUP;PASSENGER CAR,PICKUP;PASSENGER CAR,PICKUP;PASSENGER CAR,PICKUP
33236;0 FEET FROM SR 3081 (CHAPEL HILL RD);FOUR-WAY INTERSECTION;STRAIGHT,LEVEL;STATE SECONDARY ROUTE;TWO-WAY,NOT DIVIDED;SMOOTH ASPHALT;WET;DUSK;RAIN;NO CONTROL PRESENT;;;-78.7737;;;113;0;0;1;;NONE;;NONE;;PASSENGER CAR;PASSENGER CAR;;;;NO;10607;2018-03-21;7:00:01 AM;2018-03-21T11:00:01+00:00;;2018;No;No;3;NONE;NONE,NONE;NONE,NONE;PASSENGER CAR,PASSENGER CAR;PASSENGER CAR,PASSENGER CAR;PASSENGER CAR,PASSENGER CAR;PASSENGER CAR,PASSENGER CAR
33238;.3 MILES FROM REEDY CREEK RD;DRIVEWAY, PUBLIC;STRAIGHT,LEVEL;PUBLIC VEHICULAR AREA;TWO-WAY,NOT DIVIDED;COARSE ASPHALT;DRY;DAYLIGHT;CLEAR;NO CONTROL PRESENT;35.792424806;-78.76851176;;;P055;120;0;0;;;NONE;;NONE;;UNKNOWN;PASSENGER CAR;;;;NO;10609;2018-03-15;9:16:50 AM;2018-03-15T13:16:50+00:00;35.792424806, -78.76851176;2018;No;No;3;NONE;NONE,NONE;NONE,NONE;UNKNOWN,PASSENGER CAR;UNKNOWN,PASSENGER CAR;UNKNOWN,PASSENGER CAR;UNKNOWN,PASSENGER CAR
33240;421 FEET FROM SR 3090 (WESTON PKWY);NO SPECIAL FEATURE;STRAIGHT,GRADE;STATE SECONDARY ROUTE;TWO-WAY,DIVIDED,UNPROTECTED MEDIAN;SMOOTH ASPHALT;WET;DAYLIGHT;SNOW;HUMAN CONTROL;;;-78.7963;35.8297;;;0;0;;;NONE;;FAILURE TO YIELD RIGHT OF WAY;;SPORT UTILITY;PASSENGER CAR;;;;CONSTRUCTION WORK AREA;10611;2018-03-21;8:39:23 AM;2018-03-21T12:39:23+00:00;;2018;No;No;3;NONE;NONE,FAILURE TO YIELD RIGHT OF WAY;NONE,FAILURE TO YIELD RIGHT OF WAY;SPORT UTILITY,PASSENGER CAR;SPORT UTILITY,PASSENGER CAR;SPORT UTILITY,PASSENGER CAR;SPORT UTILITY,PASSENGER CAR
33242;76 FEET FROM SR 1652 (N HARRISON AVE);RELATED TO INTERSECTION;STRAIGHT,LEVEL;STATE SECONDARY ROUTE;TWO-WAY,NOT DIVIDED;SMOOTH ASPHALT;WET;DAYLIGHT;SLEET, HAIL, FREEZING RAIN/DRIZZLE;STOP AND GO SIGNAL;;;-78.766;35.8308;;111;0;0;;;NONE;;NONE;;PASSENGER CAR;PICKUP;;;;NO;10613;2018-03-21;12:11 PM;2018-03-21T16:11:00+00:00;;2018;No;No;3;NONE;NONE,NONE;NONE,NONE;PASSENGER CAR,PICKUP;PASSENGER CAR,PICKUP;PASSENGER CAR,PICKUP;PASSENGER CAR,PICKUP
33243;81 FEET FROM P.V.A.  (GRANDE CLASSIC WAY);NO SPECIAL FEATURE;STRAIGHT,LEVEL;PUBLIC VEHICULAR AREA;TWO-WAY,NOT DIVIDED;SMOOTH ASPHALT;WET;DAYLIGHT;CLOUDY;NO CONTROL PRESENT;;;-78.785;35.8038;;111;0;0;;;NONE;;NONE;;VAN;;;;;NO;10614;2018-03-21;1:06:28 PM;2018-03-21T17:06:28+00:00;;2018;No;No;3;NONE;NONE,NONE;NONE,NONE;VAN;VAN;VAN;VAN
33246;0 FEET FROM SR 1300 (KILDAIRE FARM RD);FOUR-WAY INTERSECTION;STRAIGHT,LEVEL;STATE SECONDARY ROUTE;TWO-WAY,NOT DIVIDED;SMOOTH ASPHALT;DRY;DAYLIGHT;CLEAR;STOP AND GO SIGNAL;;;-78.7818;35.7694;;112;0;0;;;NONE;;NONE;;SPORT UTILITY;SPORT UTILITY;;;;NO;10617;2018-03-21;1:58:09 PM;2018-03-21T17:58:09+00:00;;2018;No;No;3;NONE;NONE,NONE;NONE,NONE;SPORT UTILITY,SPORT UTILITY;SPORT UTILITY,SPORT UTILITY;SPORT UTILITY,SPORT UTILITY;SPORT UTILITY,SPORT UTILITY
33260;CARY;T-INTERSECTION;STRAIGHT,LEVEL;LOCAL STREET;TWO-WAY,NOT DIVIDED;SMOOTH ASPHALT;DRY;DAYLIGHT;CLEAR;;35.747642454;-78.751833;-78.7518;35.7476;P004;118;0;1;;;NONE;;NONE;;SPORT UTILITY;ALL TERRAIN VEHICLE (ATV);;;;NO;10631;2018-03-22;9:40:39 AM;2018-03-22T13:40:39+00:00;35.747642454, -78.751833;2018;No;Yes;3;NONE;NONE,NONE;NONE,NONE;SPORT UTILITY,ALL TERRAIN VEHICLE (ATV);SPORT UTILITY,ALL TERRAIN VEHICLE (ATV);SPORT UTILITY,ALL TERRAIN VEHICLE (ATV);SPORT UTILITY,ALL TERRAIN VEHICLE (ATV)
33270;.10 MILES FROM SR1415 (SE MAYNARD RD);NO SPECIAL FEATURE;STRAIGHT,LEVEL;STATE SECONDARY ROUTE;TWO-WAY,NOT DIVIDED;SMOOTH ASPHALT;DRY;DUSK;CLOUDY;NO CONTROL PRESENT;;;-78.7637;35.7718;;;0;0;;;NONE;;NONE;;OTHER *;PICKUP;;;;NO;10641;2018-03-20;12:16 PM;2018-03-20T16:16:00+00:00;;2018;No;No;3;NONE;NONE,NONE;NONE,NONE;OTHER *,PICKUP;OTHER *,PICKUP;OTHER *,PICKUP;OTHER *,PICKUP
33272;30 FEET FROM STRATH LN;NO SPECIAL FEATURE;STRAIGHT,LEVEL;PUBLIC VEHICULAR AREA;TWO-WAY,NOT DIVIDED;SMOOTH ASPHALT;DRY;DAYLIGHT;CLEAR;NO CONTROL PRESENT;35.757595515;-78.73236956;-78.7315;35.7564;P045;118;0;0;;;NONE;;NONE;;PASSENGER CAR;SPORT UTILITY;;;;NO;10643;2018-03-23;12:10 PM;2018-03-23T16:10:00+00:00;35.757595515, -78.73236956;2018;No;No;3;NONE;NONE,NONE;NONE,NONE;PASSENGER CAR,SPORT UTILITY;PASSENGER CAR,SPORT UTILITY;PASSENGER CAR,SPORT UTILITY;PASSENGER CAR,SPORT UTILITY
33273;CARY;;;;;;;;;;;;;;;;0;0;;;;;;;SPORT UTILITY;;;;;;10644;2018-03-19;12:00 AM;2018-03-19T04:00:00+00:00;;2018;No;No;3;;;;SPORT UTILITY;SPORT UTILITY;SPORT UTILITY;SPORT UTILITY
33276;.1133 MILES FROM P.V.A 2010 KILDAIRE FARM RD;DRIVEWAY, PUBLIC;STRAIGHT,LEVEL;PUBLIC VEHICULAR AREA;TWO-WAY,NOT DIVIDED;SMOOTH ASPHALT;DRY;DAYLIGHT;CLEAR;NO CONTROL PRESENT;;;-78.782073;35.73711;;;0;0;;;NONE;;NONE;;SPORT UTILITY;PASSENGER CAR;;;;NO;10647;2018-03-24;1:18:33 PM;2018-03-24T17:18:33+00:00;;2018;No;No;3;NONE;NONE,NONE;NONE,NONE;SPORT UTILITY,PASSENGER CAR;SPORT UTILITY,PASSENGER CAR;SPORT UTILITY,PASSENGER CAR;SPORT UTILITY,PASSENGER CAR