tamainid;location_description;rdfeature;rdcharacter;rdclass;rdconfigur;rdsurface;rdcondition;lightcond;weather;trafcontrl;lat;lon;lon2;lat2;tract;zone;fatality;possblinj;numpassengers;numpedestrians;contrcir1_desc;contrcir2_desc;contrcir3_desc;contrcir4_desc;vehicle1;vehicle2;vehicle3;vehicle4;vehicle5;workarea;records;ta_date;ta_time;crash_date;geo_location;year;fatalities;injuries;month;contrfact1;contrfact2;contributing_factor;vehicleconcat1;vehicleconcat2;vehicleconcat3;vehicle_type
33752;100 FEET FROM (P.V.A.) 600 STONE COVE LN;DRIVEWAY, PUBLIC;STRAIGHT,LEVEL;PUBLIC VEHICULAR AREA;TWO-WAY,NOT DIVIDED;SMOOTH ASPHALT;DRY;DAYLIGHT;CLEAR;NO CONTROL PRESENT;;;-78.849323;35.791049;;;0;0;;;NONE;;NONE;;PASSENGER CAR;PASSENGER CAR;;;;NO;11123;2018-04-24;4:02:31 AM;2018-04-24T08:02:31+00:00;;2018;No;No;4;NONE;NONE,NONE;NONE,NONE;PASSENGER CAR,PASSENGER CAR;PASSENGER CAR,PASSENGER CAR;PASSENGER CAR,PASSENGER CAR;PASSENGER CAR,PASSENGER CAR
33754;450 FEET FROM SR 3977 (SE CARY PKWY);BRIDGE;STRAIGHT,LEVEL;STATE SECONDARY ROUTE;TWO-WAY,NOT DIVIDED;GROOVED CONCRETE;DRY;DAYLIGHT;CLEAR;NO CONTROL PRESENT;;;-78.771993;35.748643;;;0;0;1;;NONE;;NONE;;SPORT UTILITY;SPORT UTILITY;;;;NO;11125;2018-05-02;5:59:14 PM;2018-05-02T21:59:14+00:00;;2018;No;No;5;NONE;NONE,NONE;NONE,NONE;SPORT UTILITY,SPORT UTILITY;SPORT UTILITY,SPORT UTILITY;SPORT UTILITY,SPORT UTILITY;SPORT UTILITY,SPORT UTILITY
33755;40 FEET FROM SR 1379 (PENNY RD);NO SPECIAL FEATURE;STRAIGHT,LEVEL;STATE SECONDARY ROUTE;TWO-WAY,DIVIDED,UNPROTECTED MEDIAN;SMOOTH ASPHALT;DRY;DAYLIGHT;CLEAR;STOP AND GO SIGNAL;;;-78.7885;35.7171;;;0;0;;;NONE;;NONE;;PASSENGER CAR;PASSENGER CAR;;;;NO;11126;2018-05-02;5:01:43 PM;2018-05-02T21:01:43+00:00;;2018;No;No;5;NONE;NONE,NONE;NONE,NONE;PASSENGER CAR,PASSENGER CAR;PASSENGER CAR,PASSENGER CAR;PASSENGER CAR,PASSENGER CAR;PASSENGER CAR,PASSENGER CAR
33760;.1 MILES FROM GLEN ECHO LN;NO SPECIAL FEATURE;STRAIGHT,LEVEL;PUBLIC VEHICULAR AREA;TWO-WAY,NOT DIVIDED;SMOOTH ASPHALT;DRY;DAYLIGHT;CLEAR;NO CONTROL PRESENT;;;-78.7754;35.7322;;;0;0;;;NONE;;NONE;;PASSENGER CAR;PICKUP;;;;NO;11131;2018-05-02;8:49:02 AM;2018-05-02T12:49:02+00:00;;2018;No;No;5;NONE;NONE,NONE;NONE,NONE;PASSENGER CAR,PICKUP;PASSENGER CAR,PICKUP;PASSENGER CAR,PICKUP;PASSENGER CAR,PICKUP
33765;100 FEET FROM 1118 PARKSIDE MAIN ST;NO SPECIAL FEATURE;STRAIGHT,LEVEL;PUBLIC VEHICULAR AREA;TWO-WAY,NOT DIVIDED;SMOOTH ASPHALT;DRY;DAYLIGHT;CLEAR;NO CONTROL PRESENT;35.851161044;-78.89248437;-78.7364;35.7604;P074;119;0;0;;;NONE;;NONE;;SPORT UTILITY;PICKUP;;;;NO;11136;2018-05-02;6:08:57 PM;2018-05-02T22:08:57+00:00;35.851161044, -78.89248437;2018;No;No;5;NONE;NONE,NONE;NONE,NONE;SPORT UTILITY,PICKUP;SPORT UTILITY,PICKUP;SPORT UTILITY,PICKUP;SPORT UTILITY,PICKUP
33768;0.1 MILES FROM P.V.A. (2458 SW CARY PKWY);NO SPECIAL FEATURE;STRAIGHT,LEVEL;PUBLIC VEHICULAR AREA;TWO-WAY,NOT DIVIDED;SMOOTH ASPHALT;DRY;DAYLIGHT;CLEAR;STOP SIGN;;;-78.8217;35.7639;;;0;0;;;NONE;;NONE;;PASSENGER CAR;PASSENGER CAR;;;;NO;11139;2018-05-05;4:34:26 PM;2018-05-05T20:34:26+00:00;;2018;No;No;5;NONE;NONE,NONE;NONE,NONE;PASSENGER CAR,PASSENGER CAR;PASSENGER CAR,PASSENGER CAR;PASSENGER CAR,PASSENGER CAR;PASSENGER CAR,PASSENGER CAR
33773;490 FEET FROM P.V.A (CEDAR FORK PARK);NO SPECIAL FEATURE;STRAIGHT,LEVEL;PUBLIC VEHICULAR AREA;TWO-WAY,NOT DIVIDED;GRAVEL;DRY;DAYLIGHT;CLEAR;NO CONTROL PRESENT;;;-78.8205;35.8243;;;0;1;1;;NONE;;NONE;;PASSENGER CAR;;;;;NO;11144;2018-05-05;3:34:51 PM;2018-05-05T19:34:51+00:00;;2018;No;Yes;5;NONE;NONE,NONE;NONE,NONE;PASSENGER CAR;PASSENGER CAR;PASSENGER CAR;PASSENGER CAR
33778;CARY;T-INTERSECTION;STRAIGHT,LEVEL;STATE SECONDARY ROUTE;TWO-WAY,DIVIDED,UNPROTECTED MEDIAN;COARSE ASPHALT;DRY;DAYLIGHT;CLEAR;STOP AND GO SIGNAL;;;-78.74566;35.762767;;;0;0;4;;NONE;;NONE;;SPORT UTILITY;PICKUP;;;;NO;11149;2018-05-05;8:47:29 PM;2018-05-06T00:47:29+00:00;;2018;No;No;5;NONE;NONE,NONE;NONE,NONE;SPORT UTILITY,PICKUP;SPORT UTILITY,PICKUP;SPORT UTILITY,PICKUP;SPORT UTILITY,PICKUP
33782;100 FEET FROM NC 55 HWY;NO SPECIAL FEATURE;CURVE,GRADE;NC ROUTE;ONE-WAY,NOT DIVIDED;SMOOTH ASPHALT;DRY;DAYLIGHT;CLOUDY;NO CONTROL PRESENT;;;-78.891;35.847;;;0;2;1;;NONE;;NONE;;PASSENGER CAR;;;;;NO;11153;2018-05-06;10:12 AM;2018-05-06T14:12:00+00:00;;2018;No;Yes;5;NONE;NONE,NONE;NONE,NONE;PASSENGER CAR;PASSENGER CAR;PASSENGER CAR;PASSENGER CAR
33788;50 FEET FROM SR1613 (DAVIS DR);NO SPECIAL FEATURE;STRAIGHT,HILLCREST;STATE SECONDARY ROUTE;TWO-WAY,DIVIDED,POSITIVE MEDIAN BARRIER;SMOOTH ASPHALT;DRY;DAYLIGHT;CLEAR;STOP AND GO SIGNAL;;;-78.848147;35.813709;;;0;0;;;NONE;;NONE;;PASSENGER CAR;SPORT UTILITY;;;;NO;11159;2018-05-06;2:51:04 PM;2018-05-06T18:51:04+00:00;;2018;No;No;5;NONE;NONE,NONE;NONE,NONE;PASSENGER CAR,SPORT UTILITY;PASSENGER CAR,SPORT UTILITY;PASSENGER CAR,SPORT UTILITY;PASSENGER CAR,SPORT UTILITY
33790;44 FEET FROM SR 1613 (DAVIS DR);RELATED TO INTERSECTION;STRAIGHT,LEVEL;STATE SECONDARY ROUTE;TWO-WAY,DIVIDED,UNPROTECTED MEDIAN;SMOOTH ASPHALT;DRY;DAYLIGHT;CLEAR;STOP AND GO SIGNAL;;;-78.8471;35.7909;;;0;0;;;NONE;;NONE;;PASSENGER CAR;SPORT UTILITY;;;;NO;11161;2018-05-06;4:35:39 PM;2018-05-06T20:35:39+00:00;;2018;No;No;5;NONE;NONE,NONE;NONE,NONE;PASSENGER CAR,SPORT UTILITY;PASSENGER CAR,SPORT UTILITY;PASSENGER CAR,SPORT UTILITY;PASSENGER CAR,SPORT UTILITY
33792;CARY;T-INTERSECTION;STRAIGHT,LEVEL;NC ROUTE;TWO-WAY,DIVIDED,UNPROTECTED MEDIAN;SMOOTH ASPHALT;DRY;DAYLIGHT;CLEAR;NO CONTROL PRESENT;35.83301318;-78.8802464;-78.880255;35.832994;P091;WAKE;0;1;1;;NONE;;NONE;;VAN;SPORT UTILITY;;;;NO;11163;2018-05-03;5:04:06 PM;2018-05-03T21:04:06+00:00;35.83301318, -78.8802464;2018;No;Yes;5;NONE;NONE,NONE;NONE,NONE;VAN,SPORT UTILITY;VAN,SPORT UTILITY;VAN,SPORT UTILITY;VAN,SPORT UTILITY
33795;CARY;NO SPECIAL FEATURE;STRAIGHT,LEVEL;LOCAL STREET;TWO-WAY,NOT DIVIDED;SMOOTH ASPHALT;DRY;DAYLIGHT;CLEAR;NO CONTROL PRESENT;35.80951834;-78.77210451;-78.772071;35.809542;P087;WAKE;0;1;6;;NONE;;NONE;;SPORT UTILITY;VAN;;;;NO;11166;2018-05-04;6:07:03 PM;2018-05-04T22:07:03+00:00;35.80951834, -78.77210451;2018;No;Yes;5;NONE;NONE,NONE;NONE,NONE;SPORT UTILITY,VAN;SPORT UTILITY,VAN;SPORT UTILITY,VAN;SPORT UTILITY,VAN
33804;20 FEET FROM ARVO LN;NO SPECIAL FEATURE;CURVE,LEVEL;LOCAL STREET;TWO-WAY,NOT DIVIDED;SMOOTH ASPHALT;DRY;DARK - LIGHTED ROADWAY;CLEAR;NO CONTROL PRESENT;35.766050714;-78.82209142;-78.8218;35.7662;P009;117;0;0;;;;;NONE;;PICKUP;;;;;NO;11175;2018-05-04;8:53:21 AM;2018-05-04T12:53:21+00:00;35.766050714, -78.82209142;2018;No;No;5;;NONE;NONE;PICKUP;PICKUP;PICKUP;PICKUP
33807;.1 MILES FROM NC 54 (CHAPEL HILL RD);NO SPECIAL FEATURE;STRAIGHT,GRADE;NC ROUTE;TWO-WAY,NOT DIVIDED;SMOOTH ASPHALT;DRY;DAYLIGHT;CLEAR;NO CONTROL PRESENT;;;-78.795;35.7976;;;0;0;;;NONE;;NONE;;PICKUP;;;;;NO;11178;2018-05-07;10:10 AM;2018-05-07T14:10:00+00:00;;2018;No;No;5;NONE;NONE,NONE;NONE,NONE;PICKUP;PICKUP;PICKUP;PICKUP
33812;.1 MILES FROM SR 1300 KILDAIRE FARM RD;NO SPECIAL FEATURE;STRAIGHT,LEVEL;STATE SECONDARY ROUTE;TWO-WAY,DIVIDED,POSITIVE MEDIAN BARRIER;SMOOTH ASPHALT;DRY;DAYLIGHT;CLEAR;STOP AND GO SIGNAL;;;-78.7838;35.7581;;;0;0;;;;;NONE;;PICKUP;PASSENGER CAR;;;;NO;11183;2018-05-07;3:16:53 PM;2018-05-07T19:16:53+00:00;;2018;No;No;5;;NONE;NONE;PICKUP,PASSENGER CAR;PICKUP,PASSENGER CAR;PICKUP,PASSENGER CAR;PICKUP,PASSENGER CAR
33815;CARY;RELATED TO INTERSECTION;STRAIGHT,LEVEL;LOCAL STREET;TWO-WAY,NOT DIVIDED;SMOOTH ASPHALT;DRY;DAYLIGHT;CLEAR;STOP AND GO SIGNAL;35.827261304;-78.7996995;-78.799;35.8262;P021;111;0;1;1;;NONE;;NONE;;PASSENGER CAR;PASSENGER CAR;;;;NO;11186;2018-05-07;5:33:52 PM;2018-05-07T21:33:52+00:00;35.827261304, -78.7996995;2018;No;Yes;5;NONE;NONE,NONE;NONE,NONE;PASSENGER CAR,PASSENGER CAR;PASSENGER CAR,PASSENGER CAR;PASSENGER CAR,PASSENGER CAR;PASSENGER CAR,PASSENGER CAR
33816;60 FEET FROM SR 1011 (E CHATHAM ST);NO SPECIAL FEATURE;STRAIGHT,LEVEL;STATE SECONDARY ROUTE;TWO-WAY,DIVIDED,UNPROTECTED MEDIAN;SMOOTH ASPHALT;DRY;DAYLIGHT;CLEAR;NO CONTROL PRESENT;;;-78.780843;35.787377;;;0;2;1;;NONE;;NONE;;PASSENGER CAR;PICKUP;PASSENGER CAR;;;NO;11187;2018-05-07;6:58:39 PM;2018-05-07T22:58:39+00:00;;2018;No;Yes;5;NONE;NONE,NONE;NONE,NONE;PASSENGER CAR,PICKUP;PASSENGER CAR,PICKUP,PASSENGER CAR;PASSENGER CAR,PICKUP,PASSENGER CAR;PASSENGER CAR,PICKUP,PASSENGER CAR
33820;250 FEET FROM CARY GLEN BLVD;NO SPECIAL FEATURE;STRAIGHT,LEVEL;LOCAL STREET;TWO-WAY,DIVIDED,UNPROTECTED MEDIAN;SMOOTH ASPHALT;DRY;DAYLIGHT;CLEAR;NO CONTROL PRESENT;;;-78.9151;35.8095;;;0;0;;;NONE;;NONE;;PASSENGER CAR;PASSENGER CAR;;;;NO;11191;2018-05-07;4:07:58 PM;2018-05-07T20:07:58+00:00;;2018;No;No;5;NONE;NONE,NONE;NONE,NONE;PASSENGER CAR,PASSENGER CAR;PASSENGER CAR,PASSENGER CAR;PASSENGER CAR,PASSENGER CAR;PASSENGER CAR,PASSENGER CAR
33822;204 FEET FROM P.V.A. (8745 HOLLY SPRINGS RD);NO SPECIAL FEATURE;STRAIGHT,GRADE;PUBLIC VEHICULAR AREA;TWO-WAY,NOT DIVIDED;COARSE ASPHALT;DRY;DAYLIGHT;CLEAR;NO CONTROL PRESENT;;;-78.7734;35.6933;;;0;0;;;;;NONE;;PASSENGER CAR;PASSENGER CAR;;;;NO;11193;2018-05-07;3:09:45 PM;2018-05-07T19:09:45+00:00;;2018;No;No;5;;NONE;NONE;PASSENGER CAR,PASSENGER CAR;PASSENGER CAR,PASSENGER CAR;PASSENGER CAR,PASSENGER CAR;PASSENGER CAR,PASSENGER CAR
33825;135 FEET FROM 2151 DAVIS DR;DRIVEWAY, PUBLIC;STRAIGHT,LEVEL;PUBLIC VEHICULAR AREA;TWO-WAY,NOT DIVIDED;SMOOTH ASPHALT;DRY;DAWN;CLEAR;NO CONTROL PRESENT;35.77032651;-78.84465389;-78.849275;35.779176;P071;117;0;0;;;NONE;;NONE;;PASSENGER CAR;VAN;;;;NO;11196;2018-04-30;9:53:22 AM;2018-04-30T13:53:22+00:00;35.77032651, -78.84465389;2018;No;No;4;NONE;NONE,NONE;NONE,NONE;PASSENGER CAR,VAN;PASSENGER CAR,VAN;PASSENGER CAR,VAN;PASSENGER CAR,VAN
33827;.01 MILES FROM (PVA) 123 MIDDLE CREEK PARK AV;NO SPECIAL FEATURE;STRAIGHT,LEVEL;PUBLIC VEHICULAR AREA;TWO-WAY,NOT DIVIDED;SMOOTH ASPHALT;DRY;DAYLIGHT;CLEAR;NO CONTROL PRESENT;;;-78.7612;35.6689;;;0;0;1;;NONE;;NONE;;PASSENGER CAR;PASSENGER CAR;;;;NO;11198;2018-05-07;12:34 PM;2018-05-07T16:34:00+00:00;;2018;No;No;5;NONE;NONE,NONE;NONE,NONE;PASSENGER CAR,PASSENGER CAR;PASSENGER CAR,PASSENGER CAR;PASSENGER CAR,PASSENGER CAR;PASSENGER CAR,PASSENGER CAR
33837;CARY;NO SPECIAL FEATURE;STRAIGHT,LEVEL;STATE SECONDARY ROUTE;TWO-WAY,NOT DIVIDED;SMOOTH ASPHALT;DRY;DAYLIGHT;CLEAR;NO CONTROL PRESENT;;;-78.78326;35.785053;;;0;0;;;NONE;;NONE;;SPORT UTILITY;PASSENGER CAR;;;;NO;11208;2018-05-09;9:04:02 AM;2018-05-09T13:04:02+00:00;;2018;No;No;5;NONE;NONE,NONE;NONE,NONE;SPORT UTILITY,PASSENGER CAR;SPORT UTILITY,PASSENGER CAR;SPORT UTILITY,PASSENGER CAR;SPORT UTILITY,PASSENGER CAR
33849;CARY;FOUR-WAY INTERSECTION;STRAIGHT,LEVEL;STATE SECONDARY ROUTE;TWO-WAY,NOT DIVIDED;SMOOTH ASPHALT;DRY;DAYLIGHT;CLEAR;STOP AND GO SIGNAL;35.754894787;-78.73029388;-78.7304;35.7548;;;0;0;;;NONE;;NONE;;PASSENGER CAR;PASSENGER CAR;;;;NO;11220;2018-05-08;5:10:03 PM;2018-05-08T21:10:03+00:00;35.754894787, -78.73029388;2018;No;No;5;NONE;NONE,NONE;NONE,NONE;PASSENGER CAR,PASSENGER CAR;PASSENGER CAR,PASSENGER CAR;PASSENGER CAR,PASSENGER CAR;PASSENGER CAR,PASSENGER CAR
33850;25 FEET FROM SR1617 (CARPENTER UPCHURCH RD);T-INTERSECTION;STRAIGHT,GRADE;STATE SECONDARY ROUTE;TWO-WAY,NOT DIVIDED;COARSE ASPHALT;DRY;DAYLIGHT;CLEAR;STOP AND GO SIGNAL;;;-78.857642;35.7907699;;121;0;0;2;;NONE;;NONE;;SPORT UTILITY;PASSENGER CAR;;;;NO;11221;2018-05-09;7:02:07 AM;2018-05-09T11:02:07+00:00;;2018;No;No;5;NONE;NONE,NONE;NONE,NONE;SPORT UTILITY,PASSENGER CAR;SPORT UTILITY,PASSENGER CAR;SPORT UTILITY,PASSENGER CAR;SPORT UTILITY,PASSENGER CAR
33858;CARY;T-INTERSECTION;STRAIGHT,LEVEL;NC ROUTE;TWO-WAY,NOT DIVIDED;SMOOTH ASPHALT;DRY;DARK - LIGHTED ROADWAY;CLEAR;NO CONTROL PRESENT;;;-78.786;35.791;;;0;0;1;;NONE;;NONE;;SPORT UTILITY;SPORT UTILITY;;;;NO;11229;2018-05-08;10:36 PM;2018-05-09T02:36:00+00:00;;2018;No;No;5;NONE;NONE,NONE;NONE,NONE;SPORT UTILITY,SPORT UTILITY;SPORT UTILITY,SPORT UTILITY;SPORT UTILITY,SPORT UTILITY;SPORT UTILITY,SPORT UTILITY
33872;300 FEET FROM P.V.A. (945 N HARRISON AVE);NO SPECIAL FEATURE;STRAIGHT,LEVEL;PUBLIC VEHICULAR AREA;TWO-WAY,NOT DIVIDED;SMOOTH ASPHALT;DRY;DAYLIGHT;CLEAR;NO CONTROL PRESENT;;;-78.784221;35.801598;;;0;0;;;NONE;;NONE;;PASSENGER CAR;PASSENGER CAR;;;;NO;11243;2018-05-10;4:22:03 PM;2018-05-10T20:22:03+00:00;;2018;No;No;5;NONE;NONE,NONE;NONE,NONE;PASSENGER CAR,PASSENGER CAR;PASSENGER CAR,PASSENGER CAR;PASSENGER CAR,PASSENGER CAR;PASSENGER CAR,PASSENGER CAR
33887;.01 MILES FROM NC 55 HWY;NO SPECIAL FEATURE;STRAIGHT,LEVEL;NC ROUTE;TWO-WAY,DIVIDED,UNPROTECTED MEDIAN;SMOOTH ASPHALT;DRY;DAYLIGHT;CLEAR;NO CONTROL PRESENT;35.801954756;-78.87129148;-78.871;35.802;P091;WAKE;0;0;2;;NONE;;NONE;;SPORT UTILITY;;;;;NO;11258;2018-05-11;1:15:25 PM;2018-05-11T17:15:25+00:00;35.801954756, -78.87129148;2018;No;No;5;NONE;NONE,NONE;NONE,NONE;SPORT UTILITY;SPORT UTILITY;SPORT UTILITY;SPORT UTILITY
33895;CARY;DRIVEWAY, PUBLIC;STRAIGHT,HILLCREST;PUBLIC VEHICULAR AREA;TWO-WAY,NOT DIVIDED;SMOOTH ASPHALT;DRY;DUSK;CLEAR;NO CONTROL PRESENT;;;-78.744678;35.756891;;;0;0;1;;;;NONE;;PASSENGER CAR;SPORT UTILITY;;;;NO;11266;2018-05-11;6:24:41 PM;2018-05-11T22:24:41+00:00;;2018;No;No;5;;NONE;NONE;PASSENGER CAR,SPORT UTILITY;PASSENGER CAR,SPORT UTILITY;PASSENGER CAR,SPORT UTILITY;PASSENGER CAR,SPORT UTILITY
33900;CARY;FOUR-WAY INTERSECTION;STRAIGHT,GRADE;STATE SECONDARY ROUTE;TWO-WAY,NOT DIVIDED;COARSE ASPHALT;DRY;DAYLIGHT;CLEAR;STOP AND GO SIGNAL;;;-78.847095;35.788126;;117;0;1;4;;;;NONE;;PASSENGER CAR;PASSENGER CAR;;;;NO;11271;2018-05-12;2:50:18 PM;2018-05-12T18:50:18+00:00;;2018;No;Yes;5;;NONE;NONE;PASSENGER CAR,PASSENGER CAR;PASSENGER CAR,PASSENGER CAR;PASSENGER CAR,PASSENGER CAR;PASSENGER CAR,PASSENGER CAR
33901;40 FEET FROM NC 54;RELATED TO INTERSECTION;STRAIGHT,LEVEL;NC ROUTE;TWO-WAY,DIVIDED,UNPROTECTED MEDIAN;SMOOTH ASPHALT;DRY;DAYLIGHT;CLEAR;NO CONTROL PRESENT;;;-78.8048;35.8029;;;0;0;;;NONE;;NONE;;PASSENGER CAR;SPORT UTILITY;SPORT UTILITY;;;NO;11272;2018-05-12;6:15:57 PM;2018-05-12T22:15:57+00:00;;2018;No;No;5;NONE;NONE,NONE;NONE,NONE;PASSENGER CAR,SPORT UTILITY;PASSENGER CAR,SPORT UTILITY,SPORT UTILITY;PASSENGER CAR,SPORT UTILITY,SPORT UTILITY;PASSENGER CAR,SPORT UTILITY,SPORT UTILITY
33902;282 FEET FROM WRENN DR;NO SPECIAL FEATURE;STRAIGHT,LEVEL;PRIVATE ROAD,DRIVEWAY;TWO-WAY,NOT DIVIDED;SMOOTH ASPHALT;DRY;DARK - LIGHTED ROADWAY;CLEAR;NO CONTROL PRESENT;35.764911724;-78.78735265;-78.78828;35.764918;P039;115;0;0;1;;NONE;;NONE;;PASSENGER CAR;;;;;NO;11273;2018-05-12;12:23 AM;2018-05-12T04:23:00+00:00;35.764911724, -78.78735265;2018;No;No;5;NONE;NONE,NONE;NONE,NONE;PASSENGER CAR;PASSENGER CAR;PASSENGER CAR;PASSENGER CAR
33916;.1 MILES FROM PVA (6770 MCCRIMMON PKWY);NO SPECIAL FEATURE;STRAIGHT,LEVEL;PUBLIC VEHICULAR AREA;TWO-WAY,NOT DIVIDED;COARSE ASPHALT;DRY;DAYLIGHT;CLEAR;NO CONTROL PRESENT;;;-78.8906;35.8294;;;0;0;;;NONE;;NONE;;SPORT UTILITY;SPORT UTILITY;;;;NO;11287;2018-05-10;12:00 AM;2018-05-10T04:00:00+00:00;;2018;No;No;5;NONE;NONE,NONE;NONE,NONE;SPORT UTILITY,SPORT UTILITY;SPORT UTILITY,SPORT UTILITY;SPORT UTILITY,SPORT UTILITY;SPORT UTILITY,SPORT UTILITY
33937;25 FEET FROM SR1011 (W CHATHAM ST);FOUR-WAY INTERSECTION;STRAIGHT,LEVEL;STATE SECONDARY ROUTE;TWO-WAY,NOT DIVIDED;SMOOTH ASPHALT;DRY;DAYLIGHT;CLOUDY;FLASHING STOP AND GO SIGNAL;;;-78.801335;35.776013;;;0;0;2;;NONE;;NONE;;PICKUP;PASSENGER CAR;;;;NO;11308;2018-05-15;12:46 PM;2018-05-15T16:46:00+00:00;;2018;No;No;5;NONE;NONE,NONE;NONE,NONE;PICKUP,PASSENGER CAR;PICKUP,PASSENGER CAR;PICKUP,PASSENGER CAR;PICKUP,PASSENGER CAR
33938;.1 MILES FROM COLLIER PL;NO SPECIAL FEATURE;STRAIGHT,GRADE;PUBLIC VEHICULAR AREA;TWO-WAY,NOT DIVIDED;SMOOTH ASPHALT;DRY;DARK - LIGHTED ROADWAY;CLEAR;NO CONTROL PRESENT;35.809463122;-78.78576667;-78.7878;35.8102;P024;111;0;0;;;;;NONE;;VAN;PASSENGER CAR;;;;NO;11309;2018-05-15;6:34:44 PM;2018-05-15T22:34:44+00:00;35.809463122, -78.78576667;2018;No;No;5;;NONE;NONE;VAN,PASSENGER CAR;VAN,PASSENGER CAR;VAN,PASSENGER CAR;VAN,PASSENGER CAR
33939;0 FEET FROM SR 3977 (SW CARY PKWY);FOUR-WAY INTERSECTION;STRAIGHT,LEVEL;STATE SECONDARY ROUTE;TWO-WAY,DIVIDED,POSITIVE MEDIAN BARRIER;SMOOTH ASPHALT;DRY;DAYLIGHT;CLOUDY;STOP AND GO SIGNAL;;;-78.7923;35.7572;;;0;0;;;NONE;;NONE;;PASSENGER CAR;PASSENGER CAR;;;;NO;11310;2018-05-15;7:31:04 AM;2018-05-15T11:31:04+00:00;;2018;No;No;5;NONE;NONE,NONE;NONE,NONE;PASSENGER CAR,PASSENGER CAR;PASSENGER CAR,PASSENGER CAR;PASSENGER CAR,PASSENGER CAR;PASSENGER CAR,PASSENGER CAR
33942;400 FEET FROM SR 1300 (KILDAIRE FARM RD);NO SPECIAL FEATURE;STRAIGHT,LEVEL;STATE SECONDARY ROUTE;TWO-WAY,NOT DIVIDED;SMOOTH ASPHALT;DRY;DAYLIGHT;CLEAR;NO CONTROL PRESENT;;;-78.7817;35.7701;;;0;0;;;NONE;;NONE;;SPORT UTILITY;VAN;;;;NO;11313;2018-05-15;3:31:47 PM;2018-05-15T19:31:47+00:00;;2018;No;No;5;NONE;NONE,NONE;NONE,NONE;SPORT UTILITY,VAN;SPORT UTILITY,VAN;SPORT UTILITY,VAN;SPORT UTILITY,VAN
33944;0 FEET FROM SR 1009 (TRYON RD);NO SPECIAL FEATURE;STRAIGHT,LEVEL;STATE SECONDARY ROUTE;TWO-WAY,DIVIDED,UNPROTECTED MEDIAN;SMOOTH ASPHALT;DRY;DAYLIGHT;CLEAR;STOP AND GO SIGNAL;;;-78.7815;35.7384;;;0;0;;;;;NONE;;PASSENGER CAR;PASSENGER CAR;;;;NO;11315;2018-05-15;4:47:35 PM;2018-05-15T20:47:35+00:00;;2018;No;No;5;;NONE;NONE;PASSENGER CAR,PASSENGER CAR;PASSENGER CAR,PASSENGER CAR;PASSENGER CAR,PASSENGER CAR;PASSENGER CAR,PASSENGER CAR
33945;0.1 MILES FROM 181 HIGH HOUSE RD (PVA);NO SPECIAL FEATURE;STRAIGHT,LEVEL;PUBLIC VEHICULAR AREA;TWO-WAY,NOT DIVIDED;SMOOTH ASPHALT;DRY;DAYLIGHT;CLEAR;NO CONTROL PRESENT;;;-78.7984;35.7817;;;0;0;;;;;NONE;;PASSENGER CAR;PASSENGER CAR;;;;NO;11316;2018-05-15;7:19:49 PM;2018-05-15T23:19:49+00:00;;2018;No;No;5;;NONE;NONE;PASSENGER CAR,PASSENGER CAR;PASSENGER CAR,PASSENGER CAR;PASSENGER CAR,PASSENGER CAR;PASSENGER CAR,PASSENGER CAR
33955;400 FEET FROM US 64 HWY;NO SPECIAL FEATURE;STRAIGHT,GRADE;US ROUTE;TWO-WAY,DIVIDED,UNPROTECTED MEDIAN;SMOOTH ASPHALT;DRY;DAYLIGHT;CLOUDY;NO CONTROL PRESENT;35.83004509;-78.84464287;-78.7959;35.7382;P073;121;0;0;;;NONE;;NONE;;PICKUP;PASSENGER CAR;;;;NO;11326;2018-05-16;5:25:17 PM;2018-05-16T21:25:17+00:00;35.83004509, -78.84464287;2018;No;No;5;NONE;NONE,NONE;NONE,NONE;PICKUP,PASSENGER CAR;PICKUP,PASSENGER CAR;PICKUP,PASSENGER CAR;PICKUP,PASSENGER CAR
33956;214 FEET FROM SR 1652 (N HARRISON AVE);NO SPECIAL FEATURE;STRAIGHT,LEVEL;STATE SECONDARY ROUTE;TWO-WAY,NOT DIVIDED;SMOOTH ASPHALT;DRY;DAYLIGHT;CLEAR;NO CONTROL PRESENT;;;-78.7679;35.8299;;111;0;0;;;NONE;;NONE;;PASSENGER CAR;PICKUP;;;;NO;11327;2018-05-16;5:04:04 PM;2018-05-16T21:04:04+00:00;;2018;No;No;5;NONE;NONE,NONE;NONE,NONE;PASSENGER CAR,PICKUP;PASSENGER CAR,PICKUP;PASSENGER CAR,PICKUP;PASSENGER CAR,PICKUP
33963;50 FEET FROM NC 54 (CHAPEL HILL RD);DRIVEWAY, PRIVATE;CURVE,GRADE;NC ROUTE;TWO-WAY,NOT DIVIDED;SMOOTH ASPHALT;DRY;DARK - LIGHTED ROADWAY;CLEAR;NO CONTROL PRESENT;;;-78.7799;35.7915;;;0;1;;;NONE;;NONE;;PASSENGER CAR;SPORT UTILITY;;;;NO;11334;2018-05-15;9:40:18 PM;2018-05-16T01:40:18+00:00;;2018;No;Yes;5;NONE;NONE,NONE;NONE,NONE;PASSENGER CAR,SPORT UTILITY;PASSENGER CAR,SPORT UTILITY;PASSENGER CAR,SPORT UTILITY;PASSENGER CAR,SPORT UTILITY
33965;100 FEET FROM SR 3081 (CHAPEL HILL RD);RELATED TO INTERSECTION;STRAIGHT,LEVEL;STATE SECONDARY ROUTE;TWO-WAY,DIVIDED,UNPROTECTED MEDIAN;SMOOTH ASPHALT;DRY;DAYLIGHT;CLOUDY;STOP AND GO SIGNAL;;;-78.764018;35.794926;;;0;0;;;NONE;;NONE;;PASSENGER CAR;PICKUP;SPORT UTILITY;SPORT UTILITY;;NO;11336;2018-05-16;7:25:56 AM;2018-05-16T11:25:56+00:00;;2018;No;No;5;NONE;NONE,NONE;NONE,NONE;PASSENGER CAR,PICKUP;PASSENGER CAR,PICKUP,SPORT UTILITY;PASSENGER CAR,PICKUP,SPORT UTILITY,SPORT UTILITY;PASSENGER CAR,PICKUP,SPORT UTILITY,SPORT UTILITY