tamainid;location_description;rdfeature;rdcharacter;rdclass;rdconfigur;rdsurface;rdcondition;lightcond;weather;trafcontrl;lat;lon;lon2;lat2;tract;zone;fatality;possblinj;numpassengers;numpedestrians;contrcir1_desc;contrcir2_desc;contrcir3_desc;contrcir4_desc;vehicle1;vehicle2;vehicle3;vehicle4;vehicle5;workarea;records;ta_date;ta_time;crash_date;geo_location;year;fatalities;injuries;month;contrfact1;contrfact2;contributing_factor;vehicleconcat1;vehicleconcat2;vehicleconcat3;vehicle_type
34469;.1 MILES FROM P.V.A. 1128 LEDSOME LN;DRIVEWAY, PUBLIC;STRAIGHT,LEVEL;PUBLIC VEHICULAR AREA;TWO-WAY,NOT DIVIDED;SMOOTH ASPHALT;DRY;DAYLIGHT;CLEAR;NO CONTROL PRESENT;;;-78.7483;35.7619;;;0;0;;;;;NONE;;SPORT UTILITY;;;;;NO;11840;2018-06-23;11:02 AM;2018-06-23T15:02:00+00:00;;2018;No;No;6;;NONE;NONE;SPORT UTILITY;SPORT UTILITY;SPORT UTILITY;SPORT UTILITY
34474;30 FEET FROM P.V.A. (1419 SE MAYNARD RD);NO SPECIAL FEATURE;STRAIGHT,LEVEL;PUBLIC VEHICULAR AREA;TWO-WAY,NOT DIVIDED;SMOOTH ASPHALT;DRY;DAYLIGHT;CLEAR;NO CONTROL PRESENT;;;-78.764;35.7911;;;0;0;;;NONE;;NONE;;PASSENGER CAR;PASSENGER CAR;;;;NO;11845;2018-06-22;4:40:41 PM;2018-06-22T20:40:41+00:00;;2018;No;No;6;NONE;NONE,NONE;NONE,NONE;PASSENGER CAR,PASSENGER CAR;PASSENGER CAR,PASSENGER CAR;PASSENGER CAR,PASSENGER CAR;PASSENGER CAR,PASSENGER CAR
34476;CARY;FOUR-WAY INTERSECTION;STRAIGHT,LEVEL;STATE SECONDARY ROUTE;TWO-WAY,DIVIDED,UNPROTECTED MEDIAN;SMOOTH ASPHALT;DRY;DAYLIGHT;CLEAR;STOP AND GO SIGNAL;;;-78.838416;35.792813;;;0;0;1;;NONE;;NONE;;PASSENGER CAR;SPORT UTILITY;;;;NO;11847;2018-06-23;11:35 AM;2018-06-23T15:35:00+00:00;;2018;No;No;6;NONE;NONE,NONE;NONE,NONE;PASSENGER CAR,SPORT UTILITY;PASSENGER CAR,SPORT UTILITY;PASSENGER CAR,SPORT UTILITY;PASSENGER CAR,SPORT UTILITY
34479;238 FEET FROM SW CARY PARKWAY;NO SPECIAL FEATURE;STRAIGHT,LEVEL;LOCAL STREET;TWO-WAY,DIVIDED,UNPROTECTED MEDIAN;SMOOTH ASPHALT;DRY;DAYLIGHT;CLEAR;NO CONTROL PRESENT;;;-78.831102;35.770636;;;0;0;2;;;;NONE;;PASSENGER CAR;;;;;NO;11850;2018-06-23;9:37:31 AM;2018-06-23T13:37:31+00:00;;2018;No;No;6;;NONE;NONE;PASSENGER CAR;PASSENGER CAR;PASSENGER CAR;PASSENGER CAR
34490;110 FEET FROM SR 1652 (N HARRISON AVE);RELATED TO INTERSECTION;STRAIGHT,LEVEL;STATE SECONDARY ROUTE;TWO-WAY,NOT DIVIDED;SMOOTH ASPHALT;DRY;DAYLIGHT;CLEAR;STOP AND GO SIGNAL;;;-78.7701;35.8268;;;0;0;1;;NONE;;NONE;;PASSENGER CAR;PASSENGER CAR;PASSENGER CAR;;;NO;11861;2018-06-24;4:50:34 PM;2018-06-24T20:50:34+00:00;;2018;No;No;6;NONE;NONE,NONE;NONE,NONE;PASSENGER CAR,PASSENGER CAR;PASSENGER CAR,PASSENGER CAR,PASSENGER CAR;PASSENGER CAR,PASSENGER CAR,PASSENGER CAR;PASSENGER CAR,PASSENGER CAR,PASSENGER CAR
34501;100 FEET FROM PVA (1380 NW MAYNARD RD);NO SPECIAL FEATURE;STRAIGHT,LEVEL;PUBLIC VEHICULAR AREA;TWO-WAY,NOT DIVIDED;SMOOTH ASPHALT;DRY;DAYLIGHT;CLEAR;NO CONTROL PRESENT;;;-78.8094;35.7875;;;0;0;;;NONE;;NONE;;PASSENGER CAR;PICKUP;;;;NO;11872;2018-06-25;8:18:32 PM;2018-06-26T00:18:32+00:00;;2018;No;No;6;NONE;NONE,NONE;NONE,NONE;PASSENGER CAR,PICKUP;PASSENGER CAR,PICKUP;PASSENGER CAR,PICKUP;PASSENGER CAR,PICKUP
34503;.3 MILES FROM PVA (1105 WALNUT ST);NO SPECIAL FEATURE;STRAIGHT,LEVEL;PUBLIC VEHICULAR AREA;ONE-WAY,NOT DIVIDED;SMOOTH ASPHALT;DRY;DAYLIGHT;CLEAR;NO CONTROL PRESENT;;;-78.759664;35.772869;;;0;0;;;NONE;;NONE;;PASSENGER CAR;PASSENGER CAR;;;;NO;11874;2018-06-25;11:58 PM;2018-06-26T03:58:00+00:00;;2018;No;No;6;NONE;NONE,NONE;NONE,NONE;PASSENGER CAR,PASSENGER CAR;PASSENGER CAR,PASSENGER CAR;PASSENGER CAR,PASSENGER CAR;PASSENGER CAR,PASSENGER CAR
34505;100 FEET FROM NC 54;RELATED TO INTERSECTION;STRAIGHT,LEVEL;NC ROUTE;TWO-WAY,NOT DIVIDED;SMOOTH ASPHALT;DRY;DAYLIGHT;CLEAR;STOP AND GO SIGNAL;;;-78.7807;35.7914;;;0;0;;;;;NONE;;PASSENGER CAR;PICKUP;PASSENGER CAR;;;NO;11876;2018-06-25;11:13 PM;2018-06-26T03:13:00+00:00;;2018;No;No;6;;NONE;NONE;PASSENGER CAR,PICKUP;PASSENGER CAR,PICKUP,PASSENGER CAR;PASSENGER CAR,PICKUP,PASSENGER CAR;PASSENGER CAR,PICKUP,PASSENGER CAR
34506;10 FEET FROM I-40;RELATED TO INTERSECTION;CURVE,HILLCREST;INTERSTATE;ONE-WAY,NOT DIVIDED;SMOOTH ASPHALT;DRY;DARK - LIGHTED ROADWAY;CLEAR;STOP AND GO SIGNAL;;;-78.765;35.8314;;;0;0;;;;;NONE;;PASSENGER CAR;PASSENGER CAR;;;;NO;11877;2018-06-25;10:57 PM;2018-06-26T02:57:00+00:00;;2018;No;No;6;;NONE;NONE;PASSENGER CAR,PASSENGER CAR;PASSENGER CAR,PASSENGER CAR;PASSENGER CAR,PASSENGER CAR;PASSENGER CAR,PASSENGER CAR
34510;4 FEET FROM SR4067 (REGENCY PKWY);RELATED TO INTERSECTION;CURVE,LEVEL;STATE SECONDARY ROUTE;ONE-WAY,NOT DIVIDED;SMOOTH ASPHALT;DRY;DAYLIGHT;CLOUDY;YIELD SIGN;;;-78.792401;35.728094;;;0;0;;;NONE;;NONE;;PASSENGER CAR;SPORT UTILITY;;;;NO;11881;2018-06-25;6:49:03 AM;2018-06-25T10:49:03+00:00;;2018;No;No;6;NONE;NONE,NONE;NONE,NONE;PASSENGER CAR,SPORT UTILITY;PASSENGER CAR,SPORT UTILITY;PASSENGER CAR,SPORT UTILITY;PASSENGER CAR,SPORT UTILITY
34519;0.14 MILES FROM NC 55 HWY;NO SPECIAL FEATURE;STRAIGHT,LEVEL;NC ROUTE;TWO-WAY,DIVIDED,UNPROTECTED MEDIAN;SMOOTH ASPHALT;WET;DAYLIGHT;RAIN;NO CONTROL PRESENT;;;-78.8706;35.7899;;;0;0;;;NONE;;NONE;;PASSENGER CAR;PASSENGER CAR;;;;NO;11890;2018-06-26;11:41 AM;2018-06-26T15:41:00+00:00;;2018;No;No;6;NONE;NONE,NONE;NONE,NONE;PASSENGER CAR,PASSENGER CAR;PASSENGER CAR,PASSENGER CAR;PASSENGER CAR,PASSENGER CAR;PASSENGER CAR,PASSENGER CAR
34522;.5 MILES FROM SR 1613 (DAVIS DR);NO SPECIAL FEATURE;STRAIGHT,LEVEL;STATE SECONDARY ROUTE;TWO-WAY,NOT DIVIDED;SMOOTH ASPHALT;DRY;DAYLIGHT;CLEAR;NO CONTROL PRESENT;;;-78.8439;35.7638;;;0;1;1;;OTHER *;;NONE;;PASSENGER CAR;;;;;NO;11893;2018-06-25;1:52:57 PM;2018-06-25T17:52:57+00:00;;2018;No;Yes;6;OTHER *;OTHER *,NONE;OTHER *,NONE;PASSENGER CAR;PASSENGER CAR;PASSENGER CAR;PASSENGER CAR
34525;CARY;FOUR-WAY INTERSECTION;STRAIGHT,LEVEL;STATE SECONDARY ROUTE;TWO-WAY,NOT DIVIDED;SMOOTH ASPHALT;WET;DAYLIGHT;CLOUDY;STOP AND GO SIGNAL;;;-78.7334;35.7544;;;0;0;;;NONE;;NONE;;PASSENGER CAR;PASSENGER CAR;;;;NO;11896;2018-06-26;5:26:36 PM;2018-06-26T21:26:36+00:00;;2018;No;No;6;NONE;NONE,NONE;NONE,NONE;PASSENGER CAR,PASSENGER CAR;PASSENGER CAR,PASSENGER CAR;PASSENGER CAR,PASSENGER CAR;PASSENGER CAR,PASSENGER CAR
34529;400 FEET FROM SR 3081 (CHAPEL HILL RD);NO SPECIAL FEATURE;STRAIGHT,LEVEL;STATE SECONDARY ROUTE;TWO-WAY,NOT DIVIDED;SMOOTH ASPHALT;WET;DAYLIGHT;RAIN;NO CONTROL PRESENT;;;-78.788184;35.792724;;;0;0;1;;NONE;;NONE;;SPORT UTILITY;SPORT UTILITY;;;;NO;11900;2018-06-26;2:29:51 PM;2018-06-26T18:29:51+00:00;;2018;No;No;6;NONE;NONE,NONE;NONE,NONE;SPORT UTILITY,SPORT UTILITY;SPORT UTILITY,SPORT UTILITY;SPORT UTILITY,SPORT UTILITY;SPORT UTILITY,SPORT UTILITY
34531;50 FEET FROM SR 1300 (WALNUT ST);OTHER *;CURVE,LEVEL;STATE SECONDARY ROUTE;TWO-WAY,DIVIDED,UNPROTECTED MEDIAN;SMOOTH ASPHALT;DRY;DAYLIGHT;CLEAR;YIELD SIGN;;;-78.764148;35.772327;;;0;0;;;NONE;;NONE;;PASSENGER CAR;;;;;NO;11902;2018-06-21;10:47 AM;2018-06-21T14:47:00+00:00;;2018;No;No;6;NONE;NONE,NONE;NONE,NONE;PASSENGER CAR;PASSENGER CAR;PASSENGER CAR;PASSENGER CAR
34539;.10 MILES FROM US 1 SOUTH;NO SPECIAL FEATURE;STRAIGHT,LEVEL;US ROUTE;TWO-WAY,DIVIDED,POSITIVE MEDIAN BARRIER;SMOOTH ASPHALT;DRY;DAYLIGHT;CLEAR;NO CONTROL PRESENT;;;-78.7608;35.746;;;0;0;1;;;;NONE;;PASSENGER CAR;PICKUP;;;;NO;11910;2018-06-27;11:38 AM;2018-06-27T15:38:00+00:00;;2018;No;No;6;;NONE;NONE;PASSENGER CAR,PICKUP;PASSENGER CAR,PICKUP;PASSENGER CAR,PICKUP;PASSENGER CAR,PICKUP
34543;.1 MILES FROM PVA 2370 WALNUT ST;NO SPECIAL FEATURE;STRAIGHT,LEVEL;PUBLIC VEHICULAR AREA;TWO-WAY,NOT DIVIDED;SMOOTH ASPHALT;DRY;DAYLIGHT;CLEAR;NO CONTROL PRESENT;;;-78.7465;35.752;;;0;0;;;NONE;;NONE;;PASSENGER CAR;PASSENGER CAR;;;;NO;11914;2018-06-27;4:46:43 PM;2018-06-27T20:46:43+00:00;;2018;No;No;6;NONE;NONE,NONE;NONE,NONE;PASSENGER CAR,PASSENGER CAR;PASSENGER CAR,PASSENGER CAR;PASSENGER CAR,PASSENGER CAR;PASSENGER CAR,PASSENGER CAR
34546;0 FEET FROM BOND LAKE DR;FOUR-WAY INTERSECTION;CURVE,LEVEL;LOCAL STREET;TWO-WAY,DIVIDED,POSITIVE MEDIAN BARRIER;COARSE ASPHALT;DRY;DAYLIGHT;CLEAR;STOP SIGN;35.774174915;-78.83368746;-78.833651;35.774312;P064;117;0;0;1;;NONE;;NONE;;SPORT UTILITY;PASSENGER CAR;;;;NO;11917;2018-06-15;7:43:20 PM;2018-06-15T23:43:20+00:00;35.774174915, -78.83368746;2018;No;No;6;NONE;NONE,NONE;NONE,NONE;SPORT UTILITY,PASSENGER CAR;SPORT UTILITY,PASSENGER CAR;SPORT UTILITY,PASSENGER CAR;SPORT UTILITY,PASSENGER CAR
34557;.2 MILES FROM US 1 HWY;NO SPECIAL FEATURE;STRAIGHT,LEVEL;US ROUTE;TWO-WAY,DIVIDED,POSITIVE MEDIAN BARRIER;CONCRETE;DRY;DAYLIGHT;CLEAR;NO CONTROL PRESENT;;;-78.743691;35.7615269;;;0;1;;;NONE;;NONE;;PASSENGER CAR;PICKUP;;;;NO;11928;2018-06-28;5:19:03 PM;2018-06-28T21:19:03+00:00;;2018;No;Yes;6;NONE;NONE,NONE;NONE,NONE;PASSENGER CAR,PICKUP;PASSENGER CAR,PICKUP;PASSENGER CAR,PICKUP;PASSENGER CAR,PICKUP
34564;100 FEET FROM PARK VALLEY LN;NO SPECIAL FEATURE;STRAIGHT,LEVEL;LOCAL STREET;TWO-WAY,NOT DIVIDED;SMOOTH ASPHALT;DRY;DAYLIGHT;CLEAR;NO CONTROL PRESENT;35.777694994;-78.86764729;-78.867;35.777;P013;117;0;0;;;NONE;;NONE;;PASSENGER CAR;;;;;NO;11935;2018-06-29;5:51:32 PM;2018-06-29T21:51:32+00:00;35.777694994, -78.86764729;2018;No;No;6;NONE;NONE,NONE;NONE,NONE;PASSENGER CAR;PASSENGER CAR;PASSENGER CAR;PASSENGER CAR
34569;200 FEET FROM P.V.A. 1305 KILDAIRE FARM RD;DRIVEWAY, PUBLIC;STRAIGHT,LEVEL;PUBLIC VEHICULAR AREA;ONE-WAY,NOT DIVIDED;SMOOTH ASPHALT;DRY;DAYLIGHT;CLEAR;NO CONTROL PRESENT;;;;;;112;0;0;;;;;NONE;;PASSENGER CAR;SPORT UTILITY;;;;NO;11940;2018-06-29;1:21:57 PM;2018-06-29T17:21:57+00:00;;2018;No;No;6;;NONE;NONE;PASSENGER CAR,SPORT UTILITY;PASSENGER CAR,SPORT UTILITY;PASSENGER CAR,SPORT UTILITY;PASSENGER CAR,SPORT UTILITY
34572;75 FEET FROM SR 1313 (WALNUT ST);FOUR-WAY INTERSECTION;STRAIGHT,LEVEL;STATE SECONDARY ROUTE;TWO-WAY,DIVIDED,UNPROTECTED MEDIAN;SMOOTH ASPHALT;DRY;DAYLIGHT;CLEAR;STOP AND GO SIGNAL;;;-78.7421;35.746;;;0;0;;;NONE;;NONE;;PASSENGER CAR;PICKUP;;;;NO;11943;2018-06-29;7:12:06 PM;2018-06-29T23:12:06+00:00;;2018;No;No;6;NONE;NONE,NONE;NONE,NONE;PASSENGER CAR,PICKUP;PASSENGER CAR,PICKUP;PASSENGER CAR,PICKUP;PASSENGER CAR,PICKUP
34577;60 FEET FROM PVA (2700 MACEDONIA RD);NO SPECIAL FEATURE;STRAIGHT,LEVEL;PUBLIC VEHICULAR AREA;TWO-WAY,NOT DIVIDED;SMOOTH ASPHALT;DRY;DAYLIGHT;CLEAR;NO CONTROL PRESENT;;;-78.7403;35.7495;;;0;0;;;NONE;;NONE;;PASSENGER CAR;PASSENGER CAR;;;;NO;11948;2018-06-29;5:19:24 PM;2018-06-29T21:19:24+00:00;;2018;No;No;6;NONE;NONE,NONE;NONE,NONE;PASSENGER CAR,PASSENGER CAR;PASSENGER CAR,PASSENGER CAR;PASSENGER CAR,PASSENGER CAR;PASSENGER CAR,PASSENGER CAR
34584;CARY;NO SPECIAL FEATURE;STRAIGHT,LEVEL;LOCAL STREET;TWO-WAY,NOT DIVIDED;SMOOTH ASPHALT;DRY;DAYLIGHT;CLEAR;NO CONTROL PRESENT;35.75742917;-78.78111996;-78.7809;35.7577;P005;115;0;0;1;;NONE;;NONE;;SPORT UTILITY;PASSENGER CAR;;;;NO;11955;2018-06-29;1:58:54 PM;2018-06-29T17:58:54+00:00;35.75742917, -78.78111996;2018;No;No;6;NONE;NONE,NONE;NONE,NONE;SPORT UTILITY,PASSENGER CAR;SPORT UTILITY,PASSENGER CAR;SPORT UTILITY,PASSENGER CAR;SPORT UTILITY,PASSENGER CAR
34585;50 FEET FROM SR 1652 (N.HARRISON AV);RELATED TO INTERSECTION;STRAIGHT,LEVEL;STATE SECONDARY ROUTE;TWO-WAY,NOT DIVIDED;SMOOTH ASPHALT;DRY;DAYLIGHT;CLEAR;STOP AND GO SIGNAL;;;-78.7686;35.8301;;;0;0;;;NONE;;NONE;;SPORT UTILITY;PASSENGER CAR;;;;NO;11956;2018-06-29;5:13:57 PM;2018-06-29T21:13:57+00:00;;2018;No;No;6;NONE;NONE,NONE;NONE,NONE;SPORT UTILITY,PASSENGER CAR;SPORT UTILITY,PASSENGER CAR;SPORT UTILITY,PASSENGER CAR;SPORT UTILITY,PASSENGER CAR
34607;CARY;NO SPECIAL FEATURE;STRAIGHT,GRADE;LOCAL STREET;TWO-WAY,DIVIDED,UNPROTECTED MEDIAN;SMOOTH ASPHALT;DRY;DAYLIGHT;CLEAR;NO CONTROL PRESENT;35.82106639;-78.80868082;-78.8085;35.821;P021;111;0;1;;;;;NONE;;PASSENGER CAR;PICKUP;;;;NO;11978;2018-07-03;8:50:10 AM;2018-07-03T12:50:10+00:00;35.82106639, -78.80868082;2018;No;Yes;7;;NONE;NONE;PASSENGER CAR,PICKUP;PASSENGER CAR,PICKUP;PASSENGER CAR,PICKUP;PASSENGER CAR,PICKUP
34610;50 FEET FROM VILLAGE CROSS WAY;NO SPECIAL FEATURE;STRAIGHT,LEVEL;LOCAL STREET;TWO-WAY,NOT DIVIDED;SMOOTH ASPHALT;DRY;DAYLIGHT;CLEAR;NO CONTROL PRESENT;35.750941703;-78.74315454;-78.7434;35.7509;P046;118;0;0;;;NONE;;NONE;;SINGLE UNIT TRUCK (2-AXLE- 6-TIRE);SINGLE UNIT TRUCK (2-AXLE- 6-TIRE);;;;NO;11981;2018-06-29;1:05:41 PM;2018-06-29T17:05:41+00:00;35.750941703, -78.74315454;2018;No;No;6;NONE;NONE,NONE;NONE,NONE;SINGLE UNIT TRUCK (2-AXLE- 6-TIRE),SINGLE UNIT TRUCK (2-AXLE- 6-TIRE);SINGLE UNIT TRUCK (2-AXLE- 6-TIRE),SINGLE UNIT TRUCK (2-AXLE- 6-TIRE);SINGLE UNIT TRUCK (2-AXLE- 6-TIRE),SINGLE UNIT TRUCK (2-AXLE- 6-TIRE);SINGLE UNIT TRUCK (2-AXLE- 6-TIRE),SINGLE UNIT TRUCK (2-AXLE- 6-TIRE)
34612;50 FEET FROM SR 1653 (EVANS RD);NO SPECIAL FEATURE;STRAIGHT,LEVEL;STATE SECONDARY ROUTE;TWO-WAY,DIVIDED,UNPROTECTED MEDIAN;SMOOTH ASPHALT;DRY;DAYLIGHT;CLEAR;NO CONTROL PRESENT;;;-78.805906;35.826686;;;0;0;;;NONE;;NONE;;PICKUP;PASSENGER CAR;;;;NO;11983;2018-06-28;4:16:01 PM;2018-06-28T20:16:01+00:00;;2018;No;No;6;NONE;NONE,NONE;NONE,NONE;PICKUP,PASSENGER CAR;PICKUP,PASSENGER CAR;PICKUP,PASSENGER CAR;PICKUP,PASSENGER CAR
34614;CARY;FOUR-WAY INTERSECTION;STRAIGHT,LEVEL;STATE SECONDARY ROUTE;TWO-WAY,DIVIDED,UNPROTECTED MEDIAN;SMOOTH ASPHALT;DRY;DAYLIGHT;CLEAR;STOP AND GO SIGNAL;;;-78.7443;35.7368;;;0;1;;;NONE;;NONE;;PASSENGER CAR;PASSENGER CAR;;;;NO;11985;2018-07-04;2:31:18 PM;2018-07-04T18:31:18+00:00;;2018;No;Yes;7;NONE;NONE,NONE;NONE,NONE;PASSENGER CAR,PASSENGER CAR;PASSENGER CAR,PASSENGER CAR;PASSENGER CAR,PASSENGER CAR;PASSENGER CAR,PASSENGER CAR
34616;70 FEET FROM SR 1423 (PINEY PLAINS RD);NO SPECIAL FEATURE;STRAIGHT,LEVEL;STATE SECONDARY ROUTE;TWO-WAY,NOT DIVIDED;SMOOTH ASPHALT;DRY;DAYLIGHT;CLEAR;NO CONTROL PRESENT;;;-78.755;35.7447;;;0;0;;;NONE;;NONE;;PASSENGER CAR;PASSENGER CAR;PASSENGER CAR;;;NO;11987;2018-07-04;4:25:55 PM;2018-07-04T20:25:55+00:00;;2018;No;No;7;NONE;NONE,NONE;NONE,NONE;PASSENGER CAR,PASSENGER CAR;PASSENGER CAR,PASSENGER CAR,PASSENGER CAR;PASSENGER CAR,PASSENGER CAR,PASSENGER CAR;PASSENGER CAR,PASSENGER CAR,PASSENGER CAR
34617;.15 MILES FROM SR #1300 (KILDAIRE FARM RD);NO SPECIAL FEATURE;STRAIGHT,LEVEL;STATE SECONDARY ROUTE;TWO-WAY,NOT DIVIDED;SMOOTH ASPHALT;DRY;DAYLIGHT;CLEAR;STOP AND GO SIGNAL;;;-78.7817;35.7714;;;0;0;;;NONE;;NONE;;PASSENGER CAR;PASSENGER CAR;;;;NO;11988;2018-07-03;2:46:03 PM;2018-07-03T18:46:03+00:00;;2018;No;No;7;NONE;NONE,NONE;NONE,NONE;PASSENGER CAR,PASSENGER CAR;PASSENGER CAR,PASSENGER CAR;PASSENGER CAR,PASSENGER CAR;PASSENGER CAR,PASSENGER CAR
34624;100 FEET FROM PVA (875 S.E. MAYNARD RD);NO SPECIAL FEATURE;STRAIGHT,LEVEL;PUBLIC VEHICULAR AREA;TWO-WAY,NOT DIVIDED;SMOOTH ASPHALT;DRY;DARK - LIGHTED ROADWAY;CLEAR;STOP SIGN;;;-78.764682;35.777176;;;0;0;;;NONE;;NONE;;SPORT UTILITY;SPORT UTILITY;;;;NO;11995;2018-07-04;3:22:03 AM;2018-07-04T07:22:03+00:00;;2018;No;No;7;NONE;NONE,NONE;NONE,NONE;SPORT UTILITY,SPORT UTILITY;SPORT UTILITY,SPORT UTILITY;SPORT UTILITY,SPORT UTILITY;SPORT UTILITY,SPORT UTILITY
34625;CARY;FOUR-WAY INTERSECTION;STRAIGHT,LEVEL;STATE SECONDARY ROUTE;TWO-WAY,DIVIDED,UNPROTECTED MEDIAN;SMOOTH ASPHALT;DRY;DAYLIGHT;CLEAR;STOP AND GO SIGNAL;;;-78.748848;35.763913;;112;0;1;2;;;;NONE;;PASSENGER CAR;PASSENGER CAR;;;;NO;11996;2018-07-04;12:00 AM;2018-07-04T04:00:00+00:00;;2018;No;Yes;7;;NONE;NONE;PASSENGER CAR,PASSENGER CAR;PASSENGER CAR,PASSENGER CAR;PASSENGER CAR,PASSENGER CAR;PASSENGER CAR,PASSENGER CAR
34633;300 FEET FROM P.V.A. OF 575 NEW WAVERLY PL;NO SPECIAL FEATURE;STRAIGHT,LEVEL;PUBLIC VEHICULAR AREA;TWO-WAY,NOT DIVIDED;SMOOTH ASPHALT;DRY;DAYLIGHT;CLEAR;NO CONTROL PRESENT;;;-78.7769;35.7381;;;0;0;;;NONE;;NONE;;PASSENGER CAR;PASSENGER CAR;;;;NO;12004;2018-07-05;12:41 PM;2018-07-05T16:41:00+00:00;;2018;No;No;7;NONE;NONE,NONE;NONE,NONE;PASSENGER CAR,PASSENGER CAR;PASSENGER CAR,PASSENGER CAR;PASSENGER CAR,PASSENGER CAR;PASSENGER CAR,PASSENGER CAR
34636;100 FEET FROM I-40 ONRAMP;ON-RAMP ENTRY;CURVE,GRADE;INTERSTATE;ONE-WAY,NOT DIVIDED;SMOOTH ASPHALT;DRY;DAYLIGHT;CLEAR;NO CONTROL PRESENT;;;-78.7645;35.831;;;0;0;;;NONE;;NONE;;PASSENGER CAR;PASSENGER CAR;;;;NO;12007;2018-07-05;12:00 PM;2018-07-05T16:00:00+00:00;;2018;No;No;7;NONE;NONE,NONE;NONE,NONE;PASSENGER CAR,PASSENGER CAR;PASSENGER CAR,PASSENGER CAR;PASSENGER CAR,PASSENGER CAR;PASSENGER CAR,PASSENGER CAR
34642;.16 MILES FROM SR3112 (NW CARY PARKWAY);NO SPECIAL FEATURE;STRAIGHT,LEVEL;STATE SECONDARY ROUTE;TWO-WAY,DIVIDED,UNPROTECTED MEDIAN;SMOOTH ASPHALT;DRY;DAYLIGHT;CLEAR;STOP AND GO SIGNAL;;;-78.8;35.81;;;0;1;;;NONE;;NONE;;PASSENGER CAR;PASSENGER CAR;;;;NO;12013;2018-07-06;10:40 AM;2018-07-06T14:40:00+00:00;;2018;No;Yes;7;NONE;NONE,NONE;NONE,NONE;PASSENGER CAR,PASSENGER CAR;PASSENGER CAR,PASSENGER CAR;PASSENGER CAR,PASSENGER CAR;PASSENGER CAR,PASSENGER CAR
34647;30 FEET FROM SR 1652 (N. HARRISON AVE);FOUR-WAY INTERSECTION;STRAIGHT,LEVEL;STATE SECONDARY ROUTE;TWO-WAY,NOT DIVIDED;SMOOTH ASPHALT;WET;DAYLIGHT;RAIN;STOP AND GO SIGNAL;;;-78.7832;35.7921;;;0;0;;;NONE;;NONE;;SPORT UTILITY;PASSENGER CAR;;;;NO;12018;2018-07-06;4:48:00 PM;2018-07-06T20:48:00+00:00;;2018;No;No;7;NONE;NONE,NONE;NONE,NONE;SPORT UTILITY,PASSENGER CAR;SPORT UTILITY,PASSENGER CAR;SPORT UTILITY,PASSENGER CAR;SPORT UTILITY,PASSENGER CAR
34651;20 FEET FROM SR 1415 (SE MAYNARD RD);RELATED TO INTERSECTION;STRAIGHT,LEVEL;STATE SECONDARY ROUTE;TWO-WAY,DIVIDED,UNPROTECTED MEDIAN;SMOOTH ASPHALT;DRY;DAYLIGHT;CLEAR;STOP AND GO SIGNAL;;;-78.763771;35.792225;;;0;0;;;NONE;;NONE;;PASSENGER CAR;PICKUP;;;;NO;12022;2018-07-08;4:40:21 PM;2018-07-08T20:40:21+00:00;;2018;No;No;7;NONE;NONE,NONE;NONE,NONE;PASSENGER CAR,PICKUP;PASSENGER CAR,PICKUP;PASSENGER CAR,PICKUP;PASSENGER CAR,PICKUP
34664;250 FEET FROM BERRY CHASE WAY;DRIVEWAY, PUBLIC;STRAIGHT,LEVEL;LOCAL STREET;TWO-WAY,NOT DIVIDED;SMOOTH ASPHALT;DRY;DAYLIGHT;CLEAR;NO CONTROL PRESENT;35.835806426;-78.85334799;-78.852676;35.836164;P073;121;0;0;1;;NONE;;NONE;;VAN;PICKUP;;;;NO;12035;2018-07-08;2:36:40 PM;2018-07-08T18:36:40+00:00;35.835806426, -78.85334799;2018;No;No;7;NONE;NONE,NONE;NONE,NONE;VAN,PICKUP;VAN,PICKUP;VAN,PICKUP;VAN,PICKUP
34667;0 FEET FROM SR 1313;NO SPECIAL FEATURE;STRAIGHT,LEVEL;STATE SECONDARY ROUTE;TWO-WAY,DIVIDED,UNPROTECTED MEDIAN;SMOOTH ASPHALT;DRY;DAYLIGHT;CLEAR;STOP AND GO SIGNAL;;;-78.742606;35.759219;;;0;1;;;NONE;;NONE;;PASSENGER CAR;SPORT UTILITY;SPORT UTILITY;;;NO;12038;2018-07-08;12:09 PM;2018-07-08T16:09:00+00:00;;2018;No;Yes;7;NONE;NONE,NONE;NONE,NONE;PASSENGER CAR,SPORT UTILITY;PASSENGER CAR,SPORT UTILITY,SPORT UTILITY;PASSENGER CAR,SPORT UTILITY,SPORT UTILITY;PASSENGER CAR,SPORT UTILITY,SPORT UTILITY
34671;300 FEET FROM SR 3799 (SE CARY PKWY);NO SPECIAL FEATURE;STRAIGHT,LEVEL;STATE SECONDARY ROUTE;TWO-WAY,DIVIDED,UNPROTECTED MEDIAN;SMOOTH ASPHALT;DRY;DAYLIGHT;CLEAR;STOP SIGN;;;-78.7619;35.7424;;;0;0;2;;;;NONE;;PASSENGER CAR;PASSENGER CAR;;;;NO;12042;2018-07-09;6:37:33 PM;2018-07-09T22:37:33+00:00;;2018;No;No;7;;NONE;NONE;PASSENGER CAR,PASSENGER CAR;PASSENGER CAR,PASSENGER CAR;PASSENGER CAR,PASSENGER CAR;PASSENGER CAR,PASSENGER CAR
34674;0 FEET FROM HAVENSITE CT;T-INTERSECTION;STRAIGHT,LEVEL;LOCAL STREET;TWO-WAY,NOT DIVIDED;SMOOTH ASPHALT;DRY;DAYLIGHT;CLEAR;STOP SIGN;;;-78.8032;35.794;;;0;1;1;1;NONE;;NONE;;PASSENGER CAR;;;;;NO;12045;2018-07-07;8:03:25 PM;2018-07-08T00:03:25+00:00;;2018;No;Yes;7;NONE;NONE,NONE;NONE,NONE;PASSENGER CAR;PASSENGER CAR;PASSENGER CAR;PASSENGER CAR