tamainid;location_description;rdfeature;rdcharacter;rdclass;rdconfigur;rdsurface;rdcondition;lightcond;weather;trafcontrl;lat;lon;lon2;lat2;tract;zone;fatality;possblinj;numpassengers;numpedestrians;contrcir1_desc;contrcir2_desc;contrcir3_desc;contrcir4_desc;vehicle1;vehicle2;vehicle3;vehicle4;vehicle5;workarea;records;ta_date;ta_time;crash_date;geo_location;year;fatalities;injuries;month;contrfact1;contrfact2;contributing_factor;vehicleconcat1;vehicleconcat2;vehicleconcat3;vehicle_type
35521;250 FEET FROM NC 55 HWY;NO SPECIAL FEATURE;STRAIGHT,LEVEL;NC ROUTE;TWO-WAY,DIVIDED,UNPROTECTED MEDIAN;SMOOTH ASPHALT;DRY;DAYLIGHT;CLOUDY;NO CONTROL PRESENT;;;-78.8776;35.8301;;;0;0;;;;;NONE;;SPORT UTILITY;TRUCK/TRAILER;;;;NO;12892;2018-09-11;7:14:07 AM;2018-09-11T11:14:07+00:00;;2018;No;No;9;;NONE;NONE;SPORT UTILITY,TRUCK/TRAILER;SPORT UTILITY,TRUCK/TRAILER;SPORT UTILITY,TRUCK/TRAILER;SPORT UTILITY,TRUCK/TRAILER
35527;CARY;;;;;;;;;;;;;;;;0;0;;;;;;;;;;;;;12898;2018-09-11;2:29:26 PM;2018-09-11T18:29:26+00:00;;2018;No;No;9;;;;;;;
35533;100 FEET FROM DILLARD DR;DRIVEWAY, PUBLIC;STRAIGHT,LEVEL;LOCAL STREET;TWO-WAY,DIVIDED,UNPROTECTED MEDIAN;SMOOTH ASPHALT;WET;DAYLIGHT;CLOUDY;STOP SIGN;;;-78.7393;35.7554;;;0;0;;;NONE;;NONE;;SPORT UTILITY;PASSENGER CAR;;;;NO;12904;2018-09-11;5:01:16 PM;2018-09-11T21:01:16+00:00;;2018;No;No;9;NONE;NONE,NONE;NONE,NONE;SPORT UTILITY,PASSENGER CAR;SPORT UTILITY,PASSENGER CAR;SPORT UTILITY,PASSENGER CAR;SPORT UTILITY,PASSENGER CAR
35535;CARY;T-INTERSECTION;CURVE,GRADE;STATE SECONDARY ROUTE;TWO-WAY,DIVIDED,UNPROTECTED MEDIAN;SMOOTH ASPHALT;DRY;DAYLIGHT;CLOUDY;STOP SIGN;;;-78.8349;35.7911;;;0;0;;;NONE;;NONE;;SPORT UTILITY;PICKUP;;;;CONSTRUCTION WORK AREA;12906;2018-09-11;3:18:53 PM;2018-09-11T19:18:53+00:00;;2018;No;No;9;NONE;NONE,NONE;NONE,NONE;SPORT UTILITY,PICKUP;SPORT UTILITY,PICKUP;SPORT UTILITY,PICKUP;SPORT UTILITY,PICKUP
35536;CARY;NO SPECIAL FEATURE;STRAIGHT,LEVEL;NC ROUTE;TWO-WAY,DIVIDED,POSITIVE MEDIAN BARRIER;SMOOTH ASPHALT;DRY;DAYLIGHT;CLOUDY;STOP SIGN;35.83301318;-78.8802464;-78.8804;35.833;P091;WAKE;0;0;2;;NONE;;NONE;;VAN;SPORT UTILITY;;;;NO;12907;2018-09-11;6:14:45 PM;2018-09-11T22:14:45+00:00;35.83301318, -78.8802464;2018;No;No;9;NONE;NONE,NONE;NONE,NONE;VAN,SPORT UTILITY;VAN,SPORT UTILITY;VAN,SPORT UTILITY;VAN,SPORT UTILITY
35537;0 FEET FROM SR 3977 (CARY PKWY);;;;;;;;;;;;;;;;0;0;;;;;;;;;;;;;12908;2018-08-21;3:24:23 PM;2018-08-21T19:24:23+00:00;;2018;No;No;8;;;;;;;
35539;0 FEET FROM OLD RALEIGH RD;FOUR-WAY INTERSECTION;STRAIGHT,LEVEL;LOCAL STREET;TWO-WAY,DIVIDED,UNPROTECTED MEDIAN;SMOOTH ASPHALT;DRY;DAYLIGHT;CLEAR;NO CONTROL PRESENT;;;-78.813632;35.739488;;;0;0;1;;NONE;;NONE;;PICKUP;PASSENGER CAR;;;;NO;12910;2018-09-11;10:22 AM;2018-09-11T14:22:00+00:00;;2018;No;No;9;NONE;NONE,NONE;NONE,NONE;PICKUP,PASSENGER CAR;PICKUP,PASSENGER CAR;PICKUP,PASSENGER CAR;PICKUP,PASSENGER CAR
35545;100 FEET FROM 4402 SR 1010;DRIVEWAY, PUBLIC;STRAIGHT,LEVEL;PUBLIC VEHICULAR AREA;TWO-WAY,NOT DIVIDED;SMOOTH ASPHALT;DRY;DAYLIGHT;CLEAR;STOP SIGN;;;-78.7712;35.6944;;;0;0;;;NONE;;NONE;;SPORT UTILITY;SPORT UTILITY;;;;NO;12916;2018-09-12;5:28:21 PM;2018-09-12T21:28:21+00:00;;2018;No;No;9;NONE;NONE,NONE;NONE,NONE;SPORT UTILITY,SPORT UTILITY;SPORT UTILITY,SPORT UTILITY;SPORT UTILITY,SPORT UTILITY;SPORT UTILITY,SPORT UTILITY
35546;.1 MILES FROM NC 55 HWY;RELATED TO INTERSECTION;STRAIGHT,LEVEL;NC ROUTE;TWO-WAY,DIVIDED,UNPROTECTED MEDIAN;SMOOTH ASPHALT;DRY;DAYLIGHT;CLOUDY;STOP AND GO SIGNAL;;;-78.8724;35.8121;;;0;0;;;NONE;;NONE;;PASSENGER CAR;PASSENGER CAR;;;;NO;12917;2018-09-12;5:11:08 PM;2018-09-12T21:11:08+00:00;;2018;No;No;9;NONE;NONE,NONE;NONE,NONE;PASSENGER CAR,PASSENGER CAR;PASSENGER CAR,PASSENGER CAR;PASSENGER CAR,PASSENGER CAR;PASSENGER CAR,PASSENGER CAR
35548;75 FEET FROM PVA OF CIRCLE K;DRIVEWAY, PUBLIC;STRAIGHT,LEVEL;PUBLIC VEHICULAR AREA;TWO-WAY,NOT DIVIDED;COARSE ASPHALT;DRY;DAYLIGHT;CLEAR;NO CONTROL PRESENT;35.782962813;-78.97704365;-78.783898;35.8030096;;111;0;0;;;NONE;;NONE;;PASSENGER CAR;;;;;NO;12919;2018-09-12;4:33:08 PM;2018-09-12T20:33:08+00:00;35.782962813, -78.97704365;2018;No;No;9;NONE;NONE,NONE;NONE,NONE;PASSENGER CAR;PASSENGER CAR;PASSENGER CAR;PASSENGER CAR
35550;CARY;DRIVEWAY, PUBLIC;STRAIGHT,LEVEL;PUBLIC VEHICULAR AREA;TWO-WAY,NOT DIVIDED;CONCRETE;DRY;DARK - LIGHTED ROADWAY;CLOUDY;NO CONTROL PRESENT;;;-78.7386;35.7454;;;0;0;;;NONE;;NONE;;PASSENGER CAR;PASSENGER CAR;;;;NO;12921;2018-09-11;11:06 PM;2018-09-12T03:06:00+00:00;;2018;No;No;9;NONE;NONE,NONE;NONE,NONE;PASSENGER CAR,PASSENGER CAR;PASSENGER CAR,PASSENGER CAR;PASSENGER CAR,PASSENGER CAR;PASSENGER CAR,PASSENGER CAR
35559;40 FEET FROM S.R. 1300 (KILDAIRE FARM RD);NO SPECIAL FEATURE;STRAIGHT,LEVEL;STATE SECONDARY ROUTE;TWO-WAY,NOT DIVIDED;SMOOTH ASPHALT;DRY;DAYLIGHT;CLEAR;STOP AND GO SIGNAL;;;-78.783;35.7576;;;0;0;1;;NONE;;NONE;;SPORT UTILITY;SPORT UTILITY;;;;NO;12930;2018-09-12;8:56:17 AM;2018-09-12T12:56:17+00:00;;2018;No;No;9;NONE;NONE,NONE;NONE,NONE;SPORT UTILITY,SPORT UTILITY;SPORT UTILITY,SPORT UTILITY;SPORT UTILITY,SPORT UTILITY;SPORT UTILITY,SPORT UTILITY
35561;.1 MILES FROM US1;NO SPECIAL FEATURE;STRAIGHT,LEVEL;US ROUTE;TWO-WAY,DIVIDED,POSITIVE MEDIAN BARRIER;SMOOTH ASPHALT;DRY;DAYLIGHT;CLEAR;NO CONTROL PRESENT;;;-78.7424;35.763;;;0;0;;;NONE;;NONE;;SINGLE UNIT TRUCK (2-AXLE- 6-TIRE);PASSENGER CAR;;;;NO;12932;2018-09-12;9:58:08 AM;2018-09-12T13:58:08+00:00;;2018;No;No;9;NONE;NONE,NONE;NONE,NONE;SINGLE UNIT TRUCK (2-AXLE- 6-TIRE),PASSENGER CAR;SINGLE UNIT TRUCK (2-AXLE- 6-TIRE),PASSENGER CAR;SINGLE UNIT TRUCK (2-AXLE- 6-TIRE),PASSENGER CAR;SINGLE UNIT TRUCK (2-AXLE- 6-TIRE),PASSENGER CAR
35563;132 FEET FROM P.V.A. (2323 NW MAYNARD RD);NO SPECIAL FEATURE;STRAIGHT,LEVEL;PUBLIC VEHICULAR AREA;TWO-WAY,NOT DIVIDED;SMOOTH ASPHALT;DRY;DAYLIGHT;CLOUDY;NO CONTROL PRESENT;;;-78.7842;35.8029;;111;0;0;;;NONE;;NONE;;SPORT UTILITY;PASSENGER CAR;;;;NO;12934;2018-09-13;6:14:48 AM;2018-09-13T10:14:48+00:00;;2018;No;No;9;NONE;NONE,NONE;NONE,NONE;SPORT UTILITY,PASSENGER CAR;SPORT UTILITY,PASSENGER CAR;SPORT UTILITY,PASSENGER CAR;SPORT UTILITY,PASSENGER CAR
35568;.545 MILES FROM US 1 HWY;NO SPECIAL FEATURE;STRAIGHT,LEVEL;US ROUTE;TWO-WAY,DIVIDED,POSITIVE MEDIAN BARRIER;GROOVED CONCRETE;WET;DARK - ROADWAY NOT LIGHTED;RAIN;NO CONTROL PRESENT;;;-78.812249;35.726685;;;0;0;;;NONE;;NONE;;PASSENGER CAR;;;;;NO;12939;2018-09-16;9:41:43 PM;2018-09-17T01:41:43+00:00;;2018;No;No;9;NONE;NONE,NONE;NONE,NONE;PASSENGER CAR;PASSENGER CAR;PASSENGER CAR;PASSENGER CAR
35589;100 FEET FROM P.V.A. (HARRIS TEETER);NO SPECIAL FEATURE;STRAIGHT,LEVEL;PUBLIC VEHICULAR AREA;TWO-WAY,NOT DIVIDED;SMOOTH ASPHALT;WET;DARK - LIGHTED ROADWAY;RAIN;NO CONTROL PRESENT;;;-78.7646;35.7499;;;0;0;;;NONE;;NONE;;SPORT UTILITY;SPORT UTILITY;;;;NO;12960;2018-09-15;7:20:17 PM;2018-09-15T23:20:17+00:00;;2018;No;No;9;NONE;NONE,NONE;NONE,NONE;SPORT UTILITY,SPORT UTILITY;SPORT UTILITY,SPORT UTILITY;SPORT UTILITY,SPORT UTILITY;SPORT UTILITY,SPORT UTILITY
35602;220 FEET FROM SR 1497 (CARY TOWNE BLVD);;STRAIGHT,LEVEL;STATE SECONDARY ROUTE;TWO-WAY,DIVIDED,UNPROTECTED MEDIAN;SMOOTH ASPHALT;DRY;DAYLIGHT;CLEAR;NO CONTROL PRESENT;;;-78.7634;35.7759;;;0;0;1;;NONE;;NONE;;EMS VEHICLE- AMBULANCE- RESCUE SQUAD;PASSENGER CAR;;;;NO;12973;2018-09-12;11:49 AM;2018-09-12T15:49:00+00:00;;2018;No;No;9;NONE;NONE,NONE;NONE,NONE;EMS VEHICLE- AMBULANCE- RESCUE SQUAD,PASSENGER CAR;EMS VEHICLE- AMBULANCE- RESCUE SQUAD,PASSENGER CAR;EMS VEHICLE- AMBULANCE- RESCUE SQUAD,PASSENGER CAR;EMS VEHICLE- AMBULANCE- RESCUE SQUAD,PASSENGER CAR
35604;220 FEET FROM PVA (600 WESTON PKWY);NO SPECIAL FEATURE;STRAIGHT,LEVEL;PUBLIC VEHICULAR AREA;TWO-WAY,NOT DIVIDED;SMOOTH ASPHALT;WET;DARK - LIGHTED ROADWAY;RAIN;NO CONTROL PRESENT;;;-78.7715;35.8296;;;0;0;;;UNKNOWN;;NONE;;;PASSENGER CAR;;;;NO;12975;2018-09-17;11:02 AM;2018-09-17T15:02:00+00:00;;2018;No;No;9;UNKNOWN;UNKNOWN,NONE;UNKNOWN,NONE;PASSENGER CAR;PASSENGER CAR;PASSENGER CAR;PASSENGER CAR
35609;430 FEET FROM NC 54 HWY NE MAYNARD RD;NO SPECIAL FEATURE;STRAIGHT,LEVEL;NC ROUTE;TWO-WAY,DIVIDED,UNPROTECTED MEDIAN;SMOOTH ASPHALT;DRY;DAYLIGHT;CLEAR;NO CONTROL PRESENT;;;-78.765;35.7975;;;0;0;;;NONE;;NONE;;PICKUP;PASSENGER CAR;;;;NO;12980;2018-09-10;3:58:24 PM;2018-09-10T19:58:24+00:00;;2018;No;No;9;NONE;NONE,NONE;NONE,NONE;PICKUP,PASSENGER CAR;PICKUP,PASSENGER CAR;PICKUP,PASSENGER CAR;PICKUP,PASSENGER CAR
35612;60 FEET FROM SR 1313 WALNUT ST;NO SPECIAL FEATURE;STRAIGHT,LEVEL;STATE SECONDARY ROUTE;TWO-WAY,NOT DIVIDED;SMOOTH ASPHALT;DRY;DAYLIGHT;CLEAR;NO CONTROL PRESENT;;;-78.7609;35.7692;;;0;0;;;NONE;;NONE;;SPORT UTILITY;SPORT UTILITY;;;;NO;12983;2018-09-12;3:11:40 PM;2018-09-12T19:11:40+00:00;;2018;No;No;9;NONE;NONE,NONE;NONE,NONE;SPORT UTILITY,SPORT UTILITY;SPORT UTILITY,SPORT UTILITY;SPORT UTILITY,SPORT UTILITY;SPORT UTILITY,SPORT UTILITY
35614;30 FEET FROM SR 1628 (OKELLY CHAPEL RD);NO SPECIAL FEATURE;STRAIGHT,LEVEL;STATE SECONDARY ROUTE;TWO-WAY,NOT DIVIDED;SMOOTH ASPHALT;WET;DAYLIGHT;RAIN;STOP AND GO SIGNAL;;;-78.8993;35.8422;;;0;0;;;NONE;;NONE;;PASSENGER CAR;SPORT UTILITY;;;;NO;12985;2018-09-17;1:14:11 PM;2018-09-17T17:14:11+00:00;;2018;No;No;9;NONE;NONE,NONE;NONE,NONE;PASSENGER CAR,SPORT UTILITY;PASSENGER CAR,SPORT UTILITY;PASSENGER CAR,SPORT UTILITY;PASSENGER CAR,SPORT UTILITY
35615;100 FEET FROM BLOSSOM GROVE DR;NO SPECIAL FEATURE;STRAIGHT,LEVEL;LOCAL STREET;TWO-WAY,NOT DIVIDED;SMOOTH ASPHALT;UNKNOWN;UNKNOWN;CLEAR;NO CONTROL PRESENT;35.824234375;-78.89784412;-78.8985;35.8241;P016;119;0;0;;;UNKNOWN;;;;SPORT UTILITY;;;;;NO;12986;2018-09-17;2:19:49 PM;2018-09-17T18:19:49+00:00;35.824234375, -78.89784412;2018;No;No;9;UNKNOWN;UNKNOWN;UNKNOWN;SPORT UTILITY;SPORT UTILITY;SPORT UTILITY;SPORT UTILITY
35617;5 FEET FROM US 1;NO SPECIAL FEATURE;STRAIGHT,LEVEL;US ROUTE;TWO-WAY,DIVIDED,POSITIVE MEDIAN BARRIER;SMOOTH ASPHALT;DRY;DAYLIGHT;CLEAR;NO CONTROL PRESENT;;;-78.745055;35.762362;;112;0;0;5;;NONE;;NONE;;VAN;PICKUP;;;;NO;12988;2018-09-18;8:22:41 AM;2018-09-18T12:22:41+00:00;;2018;No;No;9;NONE;NONE,NONE;NONE,NONE;VAN,PICKUP;VAN,PICKUP;VAN,PICKUP;VAN,PICKUP
35620;60 FEET FROM NC54 (NW MAYNARD RD);NO SPECIAL FEATURE;STRAIGHT,LEVEL;NC ROUTE;TWO-WAY,DIVIDED,UNPROTECTED MEDIAN;SMOOTH ASPHALT;DRY;DAYLIGHT;CLEAR;STOP AND GO SIGNAL;;;-78.7958;35.799;;;0;1;1;;NONE;;NONE;;PASSENGER CAR;PASSENGER CAR;;;;NO;12991;2018-09-12;2:40:02 PM;2018-09-12T18:40:02+00:00;;2018;No;Yes;9;NONE;NONE,NONE;NONE,NONE;PASSENGER CAR,PASSENGER CAR;PASSENGER CAR,PASSENGER CAR;PASSENGER CAR,PASSENGER CAR;PASSENGER CAR,PASSENGER CAR
35622;CARY;FOUR-WAY INTERSECTION;STRAIGHT,LEVEL;STATE SECONDARY ROUTE;TWO-WAY,DIVIDED,UNPROTECTED MEDIAN;SMOOTH ASPHALT;DRY;DAYLIGHT;CLEAR;STOP AND GO SIGNAL;;;-78.764155;35.775817;;;0;2;1;;NONE;;NONE;;SPORT UTILITY;PASSENGER CAR;PASSENGER CAR;;;NO;12993;2018-09-17;9:40:37 AM;2018-09-17T13:40:37+00:00;;2018;No;Yes;9;NONE;NONE,NONE;NONE,NONE;SPORT UTILITY,PASSENGER CAR;SPORT UTILITY,PASSENGER CAR,PASSENGER CAR;SPORT UTILITY,PASSENGER CAR,PASSENGER CAR;SPORT UTILITY,PASSENGER CAR,PASSENGER CAR
35633;CARY;;;;;;;;;;;;;;;;0;0;;;;;;;SPORT UTILITY;;;;;;13004;2018-09-12;2:18:07 PM;2018-09-12T18:18:07+00:00;;2018;No;No;9;;;;SPORT UTILITY;SPORT UTILITY;SPORT UTILITY;SPORT UTILITY
35635;CARY;T-INTERSECTION;STRAIGHT,LEVEL;STATE SECONDARY ROUTE;TWO-WAY,NOT DIVIDED;SMOOTH ASPHALT;DRY;DAYLIGHT;CLEAR;NO CONTROL PRESENT;;;-78.8018;35.892;;111;0;0;;;NONE;;NONE;;SPORT UTILITY;PASSENGER CAR;;;;NO;13006;2018-09-19;11:01 AM;2018-09-19T15:01:00+00:00;;2018;No;No;9;NONE;NONE,NONE;NONE,NONE;SPORT UTILITY,PASSENGER CAR;SPORT UTILITY,PASSENGER CAR;SPORT UTILITY,PASSENGER CAR;SPORT UTILITY,PASSENGER CAR
35637;130 FEET FROM PVA 0F 1405 SR 1300 (KILDAIRE;DRIVEWAY, PUBLIC;STRAIGHT,LEVEL;PUBLIC VEHICULAR AREA;TWO-WAY,NOT DIVIDED;COARSE ASPHALT;DRY;DAYLIGHT;CLEAR;NO CONTROL PRESENT;;;-78.782958;35.0;;;0;0;;;NONE;;NONE;;UNKNOWN;SPORT UTILITY;;;;NO;13008;2018-09-18;1:29:54 PM;2018-09-18T17:29:54+00:00;;2018;No;No;9;NONE;NONE,NONE;NONE,NONE;UNKNOWN,SPORT UTILITY;UNKNOWN,SPORT UTILITY;UNKNOWN,SPORT UTILITY;UNKNOWN,SPORT UTILITY
35642;63 FEET FROM NC54 (NW MAYNARD RD);FOUR-WAY INTERSECTION;STRAIGHT,GRADE;NC ROUTE;TWO-WAY,DIVIDED,POSITIVE MEDIAN BARRIER;SMOOTH ASPHALT;DRY;DAYLIGHT;CLEAR;STOP AND GO SIGNAL;;;-78.799062;35.7984868;;111;0;0;2;;NONE;;NONE;;SPORT UTILITY;PICKUP;PASSENGER CAR;;;NO;13013;2018-09-19;5:45:03 PM;2018-09-19T21:45:03+00:00;;2018;No;No;9;NONE;NONE,NONE;NONE,NONE;SPORT UTILITY,PICKUP;SPORT UTILITY,PICKUP,PASSENGER CAR;SPORT UTILITY,PICKUP,PASSENGER CAR;SPORT UTILITY,PICKUP,PASSENGER CAR
35655;25 FEET FROM SR1653 (EVANS RD);NO SPECIAL FEATURE;STRAIGHT,LEVEL;STATE SECONDARY ROUTE;TWO-WAY,DIVIDED,UNPROTECTED MEDIAN;SMOOTH ASPHALT;DRY;DAYLIGHT;CLEAR;NO CONTROL PRESENT;;;-78.795;35.7997;;;0;0;;;NONE;;NONE;;SPORT UTILITY;PASSENGER CAR;;;;NO;13026;2018-09-18;4:12:26 PM;2018-09-18T20:12:26+00:00;;2018;No;No;9;NONE;NONE,NONE;NONE,NONE;SPORT UTILITY,PASSENGER CAR;SPORT UTILITY,PASSENGER CAR;SPORT UTILITY,PASSENGER CAR;SPORT UTILITY,PASSENGER CAR
35660;CARY;NO SPECIAL FEATURE;STRAIGHT,LEVEL;LOCAL STREET;TWO-WAY,DIVIDED,UNPROTECTED MEDIAN;SMOOTH ASPHALT;DRY;DARK - LIGHTED ROADWAY;CLEAR;STOP SIGN;35.757615983;-78.73308365;-78.732057;35.756002;P045;118;0;1;;;NONE;;NONE;;PASSENGER CAR;SPORT UTILITY;;;;NO;13031;2018-09-19;5:20:38 AM;2018-09-19T09:20:38+00:00;35.757615983, -78.73308365;2018;No;Yes;9;NONE;NONE,NONE;NONE,NONE;PASSENGER CAR,SPORT UTILITY;PASSENGER CAR,SPORT UTILITY;PASSENGER CAR,SPORT UTILITY;PASSENGER CAR,SPORT UTILITY
35664;145 FEET FROM P.V.A. 226 ASHEVILLE AV;NO SPECIAL FEATURE;STRAIGHT,LEVEL;PUBLIC VEHICULAR AREA;ONE-WAY,NOT DIVIDED;SMOOTH ASPHALT;DRY;DAYLIGHT;CLEAR;NO CONTROL PRESENT;;;-78.7845;35.74;;;0;0;;;NONE;;NONE;;PASSENGER CAR;PASSENGER CAR;;;;NO;13035;2018-09-21;11:58 AM;2018-09-21T15:58:00+00:00;;2018;No;No;9;NONE;NONE,NONE;NONE,NONE;PASSENGER CAR,PASSENGER CAR;PASSENGER CAR,PASSENGER CAR;PASSENGER CAR,PASSENGER CAR;PASSENGER CAR,PASSENGER CAR
35668;.12 MILES FROM SR 1415 (SE MAYNARD RD);DRIVEWAY, PUBLIC;STRAIGHT,LEVEL;STATE SECONDARY ROUTE;TWO-WAY,NOT DIVIDED;SMOOTH ASPHALT;DRY;DAYLIGHT;CLEAR;NO CONTROL PRESENT;;;-78.7641;35.7743;;;0;0;;;NONE;;NONE;;PASSENGER CAR;PASSENGER CAR;PASSENGER CAR;;;NO;13039;2018-09-19;2:28:29 PM;2018-09-19T18:28:29+00:00;;2018;No;No;9;NONE;NONE,NONE;NONE,NONE;PASSENGER CAR,PASSENGER CAR;PASSENGER CAR,PASSENGER CAR,PASSENGER CAR;PASSENGER CAR,PASSENGER CAR,PASSENGER CAR;PASSENGER CAR,PASSENGER CAR,PASSENGER CAR
35674;200 FEET FROM US 1;NO SPECIAL FEATURE;STRAIGHT,LEVEL;US ROUTE;TWO-WAY,DIVIDED,POSITIVE MEDIAN BARRIER;CONCRETE;DRY;DAYLIGHT;CLEAR;NO CONTROL PRESENT;;;-78.769637;35.749607;;;0;0;;;NONE;;NONE;;PASSENGER CAR;PASSENGER CAR;;;;NO;13045;2018-09-18;9:04:22 AM;2018-09-18T13:04:22+00:00;;2018;No;No;9;NONE;NONE,NONE;NONE,NONE;PASSENGER CAR,PASSENGER CAR;PASSENGER CAR,PASSENGER CAR;PASSENGER CAR,PASSENGER CAR;PASSENGER CAR,PASSENGER CAR
35679;80 FEET FROM US HWY 1;NO SPECIAL FEATURE;STRAIGHT,LEVEL;US ROUTE;TWO-WAY,DIVIDED,POSITIVE MEDIAN BARRIER;COARSE ASPHALT;DRY;DAYLIGHT;CLEAR;NO CONTROL PRESENT;;;-78.774437;35.747191;;;0;0;;;NONE;;NONE;;LIGHT TRUCK (MINI-VAN- PANEL);PASSENGER CAR;;;;NO;13050;2018-09-18;12:30 PM;2018-09-18T16:30:00+00:00;;2018;No;No;9;NONE;NONE,NONE;NONE,NONE;LIGHT TRUCK (MINI-VAN- PANEL),PASSENGER CAR;LIGHT TRUCK (MINI-VAN- PANEL),PASSENGER CAR;LIGHT TRUCK (MINI-VAN- PANEL),PASSENGER CAR;LIGHT TRUCK (MINI-VAN- PANEL),PASSENGER CAR
35681;100 FEET FROM US HWY 64 RAMP;MERGE LANE BETWEEN ON AND OFF RAMP;CURVE,GRADE;US ROUTE;TWO-WAY,DIVIDED,UNPROTECTED MEDIAN;COARSE ASPHALT;DRY;DAYLIGHT;CLEAR;STOP AND GO SIGNAL;;;-78.79432;35.737979;;;0;0;1;;NONE;;NONE;;SPORT UTILITY;SPORT UTILITY;;;;NO;13052;2018-09-22;3:45:26 PM;2018-09-22T19:45:26+00:00;;2018;No;No;9;NONE;NONE,NONE;NONE,NONE;SPORT UTILITY,SPORT UTILITY;SPORT UTILITY,SPORT UTILITY;SPORT UTILITY,SPORT UTILITY;SPORT UTILITY,SPORT UTILITY
35683;0 FEET FROM 64 HWY;NO SPECIAL FEATURE;STRAIGHT,LEVEL;US ROUTE;TWO-WAY,DIVIDED,UNPROTECTED MEDIAN;SMOOTH ASPHALT;DRY;DAYLIGHT;CLEAR;NO CONTROL PRESENT;;;-78.798345;35.738749;;;0;0;;;NONE;;NONE;;LIGHT TRUCK (MINI-VAN- PANEL);PASSENGER CAR;;;;NO;13054;2018-09-21;12:25 PM;2018-09-21T16:25:00+00:00;;2018;No;No;9;NONE;NONE,NONE;NONE,NONE;LIGHT TRUCK (MINI-VAN- PANEL),PASSENGER CAR;LIGHT TRUCK (MINI-VAN- PANEL),PASSENGER CAR;LIGHT TRUCK (MINI-VAN- PANEL),PASSENGER CAR;LIGHT TRUCK (MINI-VAN- PANEL),PASSENGER CAR
35688;300 FEET FROM PVA OF BELK;DRIVEWAY, PUBLIC;STRAIGHT,LEVEL;PUBLIC VEHICULAR AREA;TWO-WAY,NOT DIVIDED;COARSE ASPHALT;DRY;DAYLIGHT;CLEAR;NO CONTROL PRESENT;;;-78.771786;35.7738597;;120;0;0;2;;NONE;;NONE;;PASSENGER CAR;PASSENGER CAR;;;;NO;13059;2018-09-21;4:56:53 PM;2018-09-21T20:56:53+00:00;;2018;No;No;9;NONE;NONE,NONE;NONE,NONE;PASSENGER CAR,PASSENGER CAR;PASSENGER CAR,PASSENGER CAR;PASSENGER CAR,PASSENGER CAR;PASSENGER CAR,PASSENGER CAR
35690;1.34 MILES FROM US 1 HWY;NO SPECIAL FEATURE;STRAIGHT,LEVEL;US ROUTE;TWO-WAY,DIVIDED,POSITIVE MEDIAN BARRIER;GROOVED CONCRETE;DRY;DAYLIGHT;CLEAR;NO CONTROL PRESENT;;;-78.800737;35.733017;;;0;0;1;;NONE;;NONE;;PICKUP;SPORT UTILITY;;;;NO;13061;2018-09-22;9:20:46 PM;2018-09-23T01:20:46+00:00;;2018;No;No;9;NONE;NONE,NONE;NONE,NONE;PICKUP,SPORT UTILITY;PICKUP,SPORT UTILITY;PICKUP,SPORT UTILITY;PICKUP,SPORT UTILITY
35695;20 FEET FROM SR 1009 (TRYON RD);RELATED TO INTERSECTION;CURVE,BOTTOM (SAG);STATE SECONDARY ROUTE;TWO-WAY,DIVIDED,UNPROTECTED MEDIAN;SMOOTH ASPHALT;DRY;DAYLIGHT;CLEAR;YIELD SIGN;;;-78.7802;35.739142;;;0;1;1;;NONE;;NONE;;SPORT UTILITY;PASSENGER CAR;;;;NO;13066;2018-09-22;11:26 AM;2018-09-22T15:26:00+00:00;;2018;No;Yes;9;NONE;NONE,NONE;NONE,NONE;SPORT UTILITY,PASSENGER CAR;SPORT UTILITY,PASSENGER CAR;SPORT UTILITY,PASSENGER CAR;SPORT UTILITY,PASSENGER CAR
35696;50 FEET FROM P.V.A (1405 KILDAIRE FARM RD);NO SPECIAL FEATURE;STRAIGHT,LEVEL;PUBLIC VEHICULAR AREA;TWO-WAY,NOT DIVIDED;COARSE ASPHALT;DRY;DAYLIGHT;CLEAR;NO CONTROL PRESENT;;;-78.78244;35.757295;;;0;0;;;NONE;;NONE;;PICKUP;PICKUP;;;;NO;13067;2018-09-23;5:02:04 PM;2018-09-23T21:02:04+00:00;;2018;No;No;9;NONE;NONE,NONE;NONE,NONE;PICKUP,PICKUP;PICKUP,PICKUP;PICKUP,PICKUP;PICKUP,PICKUP
35708;453 FEET FROM US 1 HWY;NO SPECIAL FEATURE;STRAIGHT,LEVEL;US ROUTE;TWO-WAY,DIVIDED,POSITIVE MEDIAN BARRIER;GROOVED CONCRETE;DRY;DAYLIGHT;CLEAR;NO CONTROL PRESENT;;;-78.770653;35.749442;;;0;0;;;NONE;;NONE;;PASSENGER CAR;SPORT UTILITY;;;;NO;13079;2018-09-24;8:26:52 PM;2018-09-25T00:26:52+00:00;;2018;No;No;9;NONE;NONE,NONE;NONE,NONE;PASSENGER CAR,SPORT UTILITY;PASSENGER CAR,SPORT UTILITY;PASSENGER CAR,SPORT UTILITY;PASSENGER CAR,SPORT UTILITY
35709;420 FEET FROM P.V.A (WOODFIELD WESTON CORNER;NO SPECIAL FEATURE;STRAIGHT,LEVEL;PUBLIC VEHICULAR AREA;TWO-WAY,NOT DIVIDED;SMOOTH ASPHALT;DRY;UNKNOWN;CLEAR;NO CONTROL PRESENT;;;-78.805;35.8265;;;0;0;;;NONE;;NONE;;PASSENGER CAR;PASSENGER CAR;;;;NO;13080;2018-09-24;12:35 AM;2018-09-24T04:35:00+00:00;;2018;No;No;9;NONE;NONE,NONE;NONE,NONE;PASSENGER CAR,PASSENGER CAR;PASSENGER CAR,PASSENGER CAR;PASSENGER CAR,PASSENGER CAR;PASSENGER CAR,PASSENGER CAR