tamainid;location_description;rdfeature;rdcharacter;rdclass;rdconfigur;rdsurface;rdcondition;lightcond;weather;trafcontrl;lat;lon;lon2;lat2;tract;zone;fatality;possblinj;numpassengers;numpedestrians;contrcir1_desc;contrcir2_desc;contrcir3_desc;contrcir4_desc;vehicle1;vehicle2;vehicle3;vehicle4;vehicle5;workarea;records;ta_date;ta_time;crash_date;geo_location;year;fatalities;injuries;month;contrfact1;contrfact2;contributing_factor;vehicleconcat1;vehicleconcat2;vehicleconcat3;vehicle_type
36287;CARY;DRIVEWAY, PUBLIC;STRAIGHT,LEVEL;PUBLIC VEHICULAR AREA;TWO-WAY,NOT DIVIDED;SMOOTH ASPHALT;DRY;DAYLIGHT;CLEAR;NO CONTROL PRESENT;;;-78.78215;35.770949;;;0;1;;1;COMING FROM BEHIND PARKED VEHICLE;;NONE;;LIGHT TRUCK (MINI-VAN- PANEL);;;;;NO;13658;2018-10-24;1:14:00 PM;2018-10-24T17:14:00+00:00;;2018;No;Yes;10;COMING FROM BEHIND PARKED VEHICLE;COMING FROM BEHIND PARKED VEHICLE,NONE;COMING FROM BEHIND PARKED VEHICLE,NONE;LIGHT TRUCK (MINI-VAN- PANEL);LIGHT TRUCK (MINI-VAN- PANEL);LIGHT TRUCK (MINI-VAN- PANEL);LIGHT TRUCK (MINI-VAN- PANEL)
36293;238 FEET FROM SR 1652 (N HARRISON AVE);RELATED TO INTERSECTION;STRAIGHT,LEVEL;STATE SECONDARY ROUTE;TWO-WAY,NOT DIVIDED;SMOOTH ASPHALT;DRY;DAYLIGHT;CLEAR;NO CONTROL PRESENT;;;-78.768;35.83;;111;0;1;;;NONE;;NONE;;PASSENGER CAR;PASSENGER CAR;;;;NO;13664;2018-11-01;5:28:12 PM;2018-11-01T21:28:12+00:00;;2018;No;Yes;11;NONE;NONE,NONE;NONE,NONE;PASSENGER CAR,PASSENGER CAR;PASSENGER CAR,PASSENGER CAR;PASSENGER CAR,PASSENGER CAR;PASSENGER CAR,PASSENGER CAR
36294;104 FEET FROM US 1 HWY;NO SPECIAL FEATURE;STRAIGHT,LEVEL;US ROUTE;TWO-WAY,DIVIDED,POSITIVE MEDIAN BARRIER;GROOVED CONCRETE;DRY;DAWN;CLEAR;NO CONTROL PRESENT;;;-78.744441;35.76219;;;0;1;;;;;NONE;;PASSENGER CAR;PASSENGER CAR;;;;NO;13665;2018-11-01;1:44:52 PM;2018-11-01T17:44:52+00:00;;2018;No;Yes;11;;NONE;NONE;PASSENGER CAR,PASSENGER CAR;PASSENGER CAR,PASSENGER CAR;PASSENGER CAR,PASSENGER CAR;PASSENGER CAR,PASSENGER CAR
36301;200 FEET FROM PVA 2300 AUTO PARK BLVD;DRIVEWAY, PUBLIC;STRAIGHT,LEVEL;PUBLIC VEHICULAR AREA;TWO-WAY,NOT DIVIDED;SMOOTH ASPHALT;DRY;DAYLIGHT;CLEAR;NO CONTROL PRESENT;;;-78.8138;35.7373;;116;0;0;;;NONE;;NONE;;PASSENGER CAR;PASSENGER CAR;;;;NO;13672;2018-11-01;2:18:56 PM;2018-11-01T18:18:56+00:00;;2018;No;No;11;NONE;NONE,NONE;NONE,NONE;PASSENGER CAR,PASSENGER CAR;PASSENGER CAR,PASSENGER CAR;PASSENGER CAR,PASSENGER CAR;PASSENGER CAR,PASSENGER CAR
36304;0 FEET FROM SR 1387 (WEST LAKE RD);T-INTERSECTION;STRAIGHT,LEVEL;STATE SECONDARY ROUTE;TWO-WAY,DIVIDED,POSITIVE MEDIAN BARRIER;SMOOTH ASPHALT;DRY;DAYLIGHT;CLEAR;STOP SIGN;;;-78.7556;35.6852;;;0;0;1;;NONE;;NONE;;PASSENGER CAR;PASSENGER CAR;;;;NO;13675;2018-11-01;1:26:29 PM;2018-11-01T17:26:29+00:00;;2018;No;No;11;NONE;NONE,NONE;NONE,NONE;PASSENGER CAR,PASSENGER CAR;PASSENGER CAR,PASSENGER CAR;PASSENGER CAR,PASSENGER CAR;PASSENGER CAR,PASSENGER CAR
36305;65 FEET FROM NC 55 HWY;NO SPECIAL FEATURE;STRAIGHT,GRADE;NC ROUTE;TWO-WAY,DIVIDED,UNPROTECTED MEDIAN;SMOOTH ASPHALT;WET;DARK - LIGHTED ROADWAY;RAIN;NO CONTROL PRESENT;35.86272279;-78.8935169;-78.8934;35.8627;P091;WAKE;0;0;;;NONE;;COMING FROM BEHIND PARKED VEHICLE;;LIGHT TRUCK (MINI-VAN- PANEL);PASSENGER CAR;;;;NO;13676;2018-11-01;6:30:03 PM;2018-11-01T22:30:03+00:00;35.86272279, -78.8935169;2018;No;No;11;NONE;NONE,COMING FROM BEHIND PARKED VEHICLE;NONE,COMING FROM BEHIND PARKED VEHICLE;LIGHT TRUCK (MINI-VAN- PANEL),PASSENGER CAR;LIGHT TRUCK (MINI-VAN- PANEL),PASSENGER CAR;LIGHT TRUCK (MINI-VAN- PANEL),PASSENGER CAR;LIGHT TRUCK (MINI-VAN- PANEL),PASSENGER CAR
37305;.25 MILES FROM PVA (906 MAYNARD RD);NO SPECIAL FEATURE;STRAIGHT,LEVEL;PUBLIC VEHICULAR AREA;TWO-WAY,NOT DIVIDED;SMOOTH ASPHALT;WET;DARK - ROADWAY NOT LIGHTED;CLEAR;NO CONTROL PRESENT;;;-78.768714;35.800242;;;0;0;;;NONE;;NONE;;PASSENGER CAR;SINGLE UNIT TRUCK (2-AXLE- 6-TIRE);;;;NO;13683;2018-11-01;9:23:45 PM;2018-11-02T01:23:45+00:00;;2018;No;No;11;NONE;NONE,NONE;NONE,NONE;PASSENGER CAR,SINGLE UNIT TRUCK (2-AXLE- 6-TIRE);PASSENGER CAR,SINGLE UNIT TRUCK (2-AXLE- 6-TIRE);PASSENGER CAR,SINGLE UNIT TRUCK (2-AXLE- 6-TIRE);PASSENGER CAR,SINGLE UNIT TRUCK (2-AXLE- 6-TIRE)
37307;150 FEET FROM P.V.A. (121 WILKINSON AVE);DRIVEWAY, PUBLIC;STRAIGHT,LEVEL;PUBLIC VEHICULAR AREA;TWO-WAY,NOT DIVIDED;CONCRETE;DRY;DAYLIGHT;CLEAR;NO CONTROL PRESENT;35.868555657;-78.73610667;-78.779095;35.790574;P087;WAKE;0;0;;;NONE;;NONE;;PASSENGER CAR;SPORT UTILITY;;;;NO;13685;2018-11-02;12:04 PM;2018-11-02T16:04:00+00:00;35.868555657, -78.73610667;2018;No;No;11;NONE;NONE,NONE;NONE,NONE;PASSENGER CAR,SPORT UTILITY;PASSENGER CAR,SPORT UTILITY;PASSENGER CAR,SPORT UTILITY;PASSENGER CAR,SPORT UTILITY
37308;0 FEET FROM SR 1370 (TRYON RD);T-INTERSECTION;CURVE,GRADE;STATE SECONDARY ROUTE;TWO-WAY,DIVIDED,POSITIVE MEDIAN BARRIER;SMOOTH ASPHALT;DRY;DAYLIGHT;CLOUDY;STOP SIGN;;;-78.7597;35.7446;;;0;0;;;NONE;;NONE;;PASSENGER CAR;PASSENGER CAR;;;;NO;13686;2018-11-02;12:09 PM;2018-11-02T16:09:00+00:00;;2018;No;No;11;NONE;NONE,NONE;NONE,NONE;PASSENGER CAR,PASSENGER CAR;PASSENGER CAR,PASSENGER CAR;PASSENGER CAR,PASSENGER CAR;PASSENGER CAR,PASSENGER CAR
37311;20 FEET FROM SR-1009 (TRYON RD);RELATED TO INTERSECTION;STRAIGHT,LEVEL;STATE SECONDARY ROUTE;TWO-WAY,DIVIDED,UNPROTECTED MEDIAN;SMOOTH ASPHALT;WET;DAYLIGHT;RAIN;STOP AND GO SIGNAL;;;-78.7876;35.7367;;;0;0;;;NONE;;NONE;;PASSENGER CAR;PASSENGER CAR;;;;NO;13689;2018-11-02;5:23:31 PM;2018-11-02T21:23:31+00:00;;2018;No;No;11;NONE;NONE,NONE;NONE,NONE;PASSENGER CAR,PASSENGER CAR;PASSENGER CAR,PASSENGER CAR;PASSENGER CAR,PASSENGER CAR;PASSENGER CAR,PASSENGER CAR
37312;300 FEET FROM SR 1009 (TRYON RD);NO SPECIAL FEATURE;STRAIGHT,LEVEL;STATE SECONDARY ROUTE;TWO-WAY,NOT DIVIDED;SMOOTH ASPHALT;WET;DAYLIGHT;RAIN;NO CONTROL PRESENT;;;-78.7395;35.7457;;;0;0;1;;NONE;;NONE;;PASSENGER CAR;PICKUP;;;;NO;13690;2018-11-02;4:22:16 PM;2018-11-02T20:22:16+00:00;;2018;No;No;11;NONE;NONE,NONE;NONE,NONE;PASSENGER CAR,PICKUP;PASSENGER CAR,PICKUP;PASSENGER CAR,PICKUP;PASSENGER CAR,PICKUP
37314;.1 MILES FROM CAITBOO AVE;NO SPECIAL FEATURE;STRAIGHT,LEVEL;LOCAL STREET;TWO-WAY,NOT DIVIDED;SMOOTH ASPHALT;WET;DAYLIGHT;RAIN;STOP AND GO SIGNAL;35.757763947;-78.73637239;-78.741;35.7594;P045;118;0;0;;;NONE;;NONE;;SPORT UTILITY;VAN;;;;NO;13692;2018-11-02;5:33:49 PM;2018-11-02T21:33:49+00:00;35.757763947, -78.73637239;2018;No;No;11;NONE;NONE,NONE;NONE,NONE;SPORT UTILITY,VAN;SPORT UTILITY,VAN;SPORT UTILITY,VAN;SPORT UTILITY,VAN
37316;CARY;FOUR-WAY INTERSECTION;STRAIGHT,LEVEL;STATE SECONDARY ROUTE;TWO-WAY,NOT DIVIDED;SMOOTH ASPHALT;DRY;DARK - LIGHTED ROADWAY;CLEAR;STOP SIGN;;;-78.806;35.773;;;0;0;2;;NONE;;NONE;;PASSENGER CAR;PASSENGER CAR;;;;NO;13694;2018-11-02;11:53 PM;2018-11-03T03:53:00+00:00;;2018;No;No;11;NONE;NONE,NONE;NONE,NONE;PASSENGER CAR,PASSENGER CAR;PASSENGER CAR,PASSENGER CAR;PASSENGER CAR,PASSENGER CAR;PASSENGER CAR,PASSENGER CAR
37321;100 FEET FROM BRADFORD VIEW DR;DRIVEWAY, PUBLIC;STRAIGHT,LEVEL;LOCAL STREET;TWO-WAY,NOT DIVIDED;SMOOTH ASPHALT;DRY;DAYLIGHT;CLEAR;NO CONTROL PRESENT;35.792951229;-78.84517015;-78.846749;35.794402;P078;121;0;0;1;;NONE;;NONE;;PASSENGER CAR;PICKUP;;;;NO;13699;2018-11-04;12:09 PM;2018-11-04T17:09:00+00:00;35.792951229, -78.84517015;2018;No;No;11;NONE;NONE,NONE;NONE,NONE;PASSENGER CAR,PICKUP;PASSENGER CAR,PICKUP;PASSENGER CAR,PICKUP;PASSENGER CAR,PICKUP
37334;0 FEET FROM SR 1009 (TRYON RD);NO SPECIAL FEATURE;STRAIGHT,LEVEL;STATE SECONDARY ROUTE;TWO-WAY,DIVIDED,POSITIVE MEDIAN BARRIER;SMOOTH ASPHALT;DRY;DARK - LIGHTED ROADWAY;CLEAR;STOP AND GO SIGNAL;;;-78.7441;35.7456;;;0;0;1;;;;NONE;;SPORT UTILITY;PICKUP;;;;NO;13712;2018-11-03;6:49:44 PM;2018-11-03T22:49:44+00:00;;2018;No;No;11;;NONE;NONE;SPORT UTILITY,PICKUP;SPORT UTILITY,PICKUP;SPORT UTILITY,PICKUP;SPORT UTILITY,PICKUP
37338;.193 MILES FROM US 1;NO SPECIAL FEATURE;STRAIGHT,LEVEL;US ROUTE;TWO-WAY,DIVIDED,POSITIVE MEDIAN BARRIER;CONCRETE;WET;DAYLIGHT;RAIN;NO CONTROL PRESENT;;;-78.748173;35.760778;;;0;0;;;NONE;;NONE;;PASSENGER CAR;PICKUP;;;;NO;13716;2018-11-05;6:39:11 AM;2018-11-05T11:39:11+00:00;;2018;No;No;11;NONE;NONE,NONE;NONE,NONE;PASSENGER CAR,PICKUP;PASSENGER CAR,PICKUP;PASSENGER CAR,PICKUP;PASSENGER CAR,PICKUP
37340;50 FEET FROM SR 1600 (GREEN LEVEL CHURCH RD;NO SPECIAL FEATURE;STRAIGHT,LEVEL;STATE SECONDARY ROUTE;TWO-WAY,DIVIDED,UNPROTECTED MEDIAN;SMOOTH ASPHALT;WET;DAYLIGHT;RAIN;STOP AND GO SIGNAL;;;-78.9023;35.8229;;;0;0;;;NONE;;NONE;;SPORT UTILITY;PASSENGER CAR;;;;NO;13718;2018-11-05;9:19:37 AM;2018-11-05T14:19:37+00:00;;2018;No;No;11;NONE;NONE,NONE;NONE,NONE;SPORT UTILITY,PASSENGER CAR;SPORT UTILITY,PASSENGER CAR;SPORT UTILITY,PASSENGER CAR;SPORT UTILITY,PASSENGER CAR
37344;50 FEET FROM SR 1628 (OKELLY CHAPEL RD);NO SPECIAL FEATURE;STRAIGHT,LEVEL;STATE SECONDARY ROUTE;TWO-WAY,NOT DIVIDED;SMOOTH ASPHALT;WET;DAYLIGHT;RAIN;STOP AND GO SIGNAL;;;-78.9015;35.842;;;0;0;2;;NONE;;NONE;;PASSENGER CAR;SPORT UTILITY;;;;NO;13722;2018-11-05;7:28:18 AM;2018-11-05T12:28:18+00:00;;2018;No;No;11;NONE;NONE,NONE;NONE,NONE;PASSENGER CAR,SPORT UTILITY;PASSENGER CAR,SPORT UTILITY;PASSENGER CAR,SPORT UTILITY;PASSENGER CAR,SPORT UTILITY
37347;200 FEET FROM PVA ENTRANCE 1350 NORWELL BLVD;NO SPECIAL FEATURE;STRAIGHT,LEVEL;LOCAL STREET;TWO-WAY,DIVIDED,UNPROTECTED MEDIAN;SMOOTH ASPHALT;WET;DAYLIGHT;RAIN;NO CONTROL PRESENT;;;-78.7905;35.8274;;;0;1;;;;;NONE;;PASSENGER CAR;;;;;NO;13725;2018-11-05;8:29:24 AM;2018-11-05T13:29:24+00:00;;2018;No;Yes;11;;NONE;NONE;PASSENGER CAR;PASSENGER CAR;PASSENGER CAR;PASSENGER CAR
37350;300 FEET FROM CROSSROADS BLVD;FOUR-WAY INTERSECTION;STRAIGHT,LEVEL;LOCAL STREET;TWO-WAY,DIVIDED,UNPROTECTED MEDIAN;COARSE ASPHALT;WET;DAYLIGHT;CLOUDY;FLASHING STOP AND GO SIGNAL;;;-78.736;35.760292;;;0;0;;;NONE;;NONE;;SPORT UTILITY;PASSENGER CAR;;;;NO;13728;2018-11-05;11:50 AM;2018-11-05T16:50:00+00:00;;2018;No;No;11;NONE;NONE,NONE;NONE,NONE;SPORT UTILITY,PASSENGER CAR;SPORT UTILITY,PASSENGER CAR;SPORT UTILITY,PASSENGER CAR;SPORT UTILITY,PASSENGER CAR
37352;100 FEET FROM PVA 111 (E CHATHAM ST);NO SPECIAL FEATURE;STRAIGHT,LEVEL;PUBLIC VEHICULAR AREA;ONE-WAY,NOT DIVIDED;SMOOTH ASPHALT;DRY;DAYLIGHT;CLEAR;NO CONTROL PRESENT;;;-78.780516;35.78776;;;0;0;2;;NONE;;NONE;;PICKUP;PASSENGER CAR;;;;NO;13730;2018-11-03;3:18:46 PM;2018-11-03T19:18:46+00:00;;2018;No;No;11;NONE;NONE,NONE;NONE,NONE;PICKUP,PASSENGER CAR;PICKUP,PASSENGER CAR;PICKUP,PASSENGER CAR;PICKUP,PASSENGER CAR
37353;0 FEET FROM (SR 1652) N HARRISON AVE;ON-RAMP ENTRY;STRAIGHT,LEVEL;STATE SECONDARY ROUTE;TWO-WAY,DIVIDED,UNPROTECTED MEDIAN;COARSE ASPHALT;DRY;DAYLIGHT;CLEAR;STOP AND GO SIGNAL;;;-78.764743;35.831301;;111;0;0;1;;NONE;;NONE;;PASSENGER CAR;PASSENGER CAR;;;;NO;13731;2018-11-04;1:49:12 PM;2018-11-04T18:49:12+00:00;;2018;No;No;11;NONE;NONE,NONE;NONE,NONE;PASSENGER CAR,PASSENGER CAR;PASSENGER CAR,PASSENGER CAR;PASSENGER CAR,PASSENGER CAR;PASSENGER CAR,PASSENGER CAR
37356;CARY;RELATED TO INTERSECTION;STRAIGHT,LEVEL;STATE SECONDARY ROUTE;TWO-WAY,DIVIDED,UNPROTECTED MEDIAN;COARSE ASPHALT;DRY;DARK - LIGHTED ROADWAY;CLEAR;STOP AND GO SIGNAL;;;-78.7416;35.7556;;;0;0;;;;;NONE;;PASSENGER CAR;SPORT UTILITY;;;;NO;13734;2018-11-05;6:55:47 PM;2018-11-05T23:55:47+00:00;;2018;No;No;11;;NONE;NONE;PASSENGER CAR,SPORT UTILITY;PASSENGER CAR,SPORT UTILITY;PASSENGER CAR,SPORT UTILITY;PASSENGER CAR,SPORT UTILITY
37359;.5 MILES FROM TEN TEN RD;NO SPECIAL FEATURE;STRAIGHT,LEVEL;STATE SECONDARY ROUTE;TWO-WAY,DIVIDED,UNPROTECTED MEDIAN;SMOOTH ASPHALT;WET;DARK - ROADWAY NOT LIGHTED;RAIN;NO CONTROL PRESENT;35.697450093;-78.77552946;-78.7743;35.6965;P052;116;0;1;1;;NONE;;NONE;;PASSENGER CAR;PASSENGER CAR;PASSENGER CAR;PASSENGER CAR;;NO;13737;2018-11-05;5:34:34 PM;2018-11-05T22:34:34+00:00;35.697450093, -78.77552946;2018;No;Yes;11;NONE;NONE,NONE;NONE,NONE;PASSENGER CAR,PASSENGER CAR;PASSENGER CAR,PASSENGER CAR,PASSENGER CAR;PASSENGER CAR,PASSENGER CAR,PASSENGER CAR,PASSENGER CAR;PASSENGER CAR,PASSENGER CAR,PASSENGER CAR,PASSENGER CAR
37361;404 FEET FROM SR 1415 (SE MAYNARD RD);NO SPECIAL FEATURE;STRAIGHT,LEVEL;STATE SECONDARY ROUTE;TWO-WAY,NOT DIVIDED;SMOOTH ASPHALT;DRY;DAYLIGHT;CLOUDY;NO CONTROL PRESENT;;;-78.7642;35.777;;;0;1;1;;NONE;;NONE;;PASSENGER CAR;SPORT UTILITY;;;;NO;13739;2018-11-02;11:09 AM;2018-11-02T15:09:00+00:00;;2018;No;Yes;11;NONE;NONE,NONE;NONE,NONE;PASSENGER CAR,SPORT UTILITY;PASSENGER CAR,SPORT UTILITY;PASSENGER CAR,SPORT UTILITY;PASSENGER CAR,SPORT UTILITY
37362;.08 MILES FROM NC 54 (NE MAYNARD RD);NO SPECIAL FEATURE;STRAIGHT,GRADE;NC ROUTE;TWO-WAY,DIVIDED,UNPROTECTED MEDIAN;SMOOTH ASPHALT;DRY;DAYLIGHT;CLEAR;NO CONTROL PRESENT;;;-78.765922;35.799335;;113;0;0;;;;;NONE;;SPORT UTILITY;PASSENGER CAR;;;;NO;13740;2018-11-01;7:48:53 AM;2018-11-01T11:48:53+00:00;;2018;No;No;11;;NONE;NONE;SPORT UTILITY,PASSENGER CAR;SPORT UTILITY,PASSENGER CAR;SPORT UTILITY,PASSENGER CAR;SPORT UTILITY,PASSENGER CAR
37367;60 FEET FROM (PVA) 1105 WALNUT ST;DRIVEWAY, PUBLIC;STRAIGHT,GRADE;PUBLIC VEHICULAR AREA;TWO-WAY,NOT DIVIDED;SMOOTH ASPHALT;WET;DARK - LIGHTED ROADWAY;CLOUDY;NO CONTROL PRESENT;;;-78.756;35.775;;;0;0;1;;NONE;;NONE;;PASSENGER CAR;SPORT UTILITY;;;;NO;13745;2018-11-06;7:08:26 PM;2018-11-07T00:08:26+00:00;;2018;No;No;11;NONE;NONE,NONE;NONE,NONE;PASSENGER CAR,SPORT UTILITY;PASSENGER CAR,SPORT UTILITY;PASSENGER CAR,SPORT UTILITY;PASSENGER CAR,SPORT UTILITY
37370;.1 MILES FROM P.V.A. 2021 WALNUT ST;NO SPECIAL FEATURE;STRAIGHT,LEVEL;PUBLIC VEHICULAR AREA;TWO-WAY,NOT DIVIDED;SMOOTH ASPHALT;WET;DAYLIGHT;RAIN;NO CONTROL PRESENT;;;-78.74;35.7579;;;0;0;2;;NONE;;NONE;;VAN;PASSENGER CAR;;;;NO;13748;2018-11-06;3:05:07 PM;2018-11-06T20:05:07+00:00;;2018;No;No;11;NONE;NONE,NONE;NONE,NONE;VAN,PASSENGER CAR;VAN,PASSENGER CAR;VAN,PASSENGER CAR;VAN,PASSENGER CAR
37372;CARY;NO SPECIAL FEATURE;STRAIGHT,LEVEL;STATE SECONDARY ROUTE;TWO-WAY,DIVIDED,UNPROTECTED MEDIAN;SMOOTH ASPHALT;DRY;DARK - ROADWAY NOT LIGHTED;CLEAR;NO CONTROL PRESENT;;;-78.7993;35.799;;;0;0;4;;NONE;;NONE;;PASSENGER CAR;PASSENGER CAR;;;;NO;13750;2018-11-06;9:32:05 PM;2018-11-07T02:32:05+00:00;;2018;No;No;11;NONE;NONE,NONE;NONE,NONE;PASSENGER CAR,PASSENGER CAR;PASSENGER CAR,PASSENGER CAR;PASSENGER CAR,PASSENGER CAR;PASSENGER CAR,PASSENGER CAR
37385;0 FEET FROM SR 1300 (KILDAIRE FARM RD);T-INTERSECTION;STRAIGHT,LEVEL;STATE SECONDARY ROUTE;TWO-WAY,DIVIDED,UNPROTECTED MEDIAN;SMOOTH ASPHALT;DRY;DUSK;CLEAR;STOP SIGN;;;-78.779964;35.74073;;115;0;1;1;;NONE;;NONE;;SPORT UTILITY;PASSENGER CAR;;;;NO;13763;2018-11-07;5:01:33 PM;2018-11-07T22:01:33+00:00;;2018;No;Yes;11;NONE;NONE,NONE;NONE,NONE;SPORT UTILITY,PASSENGER CAR;SPORT UTILITY,PASSENGER CAR;SPORT UTILITY,PASSENGER CAR;SPORT UTILITY,PASSENGER CAR
37387;CARY;T-INTERSECTION;STRAIGHT,LEVEL;US ROUTE;TWO-WAY,DIVIDED,UNPROTECTED MEDIAN;SMOOTH ASPHALT;DRY;DAYLIGHT;CLEAR;STOP AND GO SIGNAL;;;-78.8047;35.7404;;;0;1;1;;NONE;;NONE;;PASSENGER CAR;PASSENGER CAR;PASSENGER CAR;;;NO;13765;2018-11-07;3:27:29 PM;2018-11-07T20:27:29+00:00;;2018;No;Yes;11;NONE;NONE,NONE;NONE,NONE;PASSENGER CAR,PASSENGER CAR;PASSENGER CAR,PASSENGER CAR,PASSENGER CAR;PASSENGER CAR,PASSENGER CAR,PASSENGER CAR;PASSENGER CAR,PASSENGER CAR,PASSENGER CAR
37390;20 FEET FROM SR 1307(W. CHATHAM ST);FOUR-WAY INTERSECTION;STRAIGHT,LEVEL;STATE SECONDARY ROUTE;TWO-WAY,NOT DIVIDED;SMOOTH ASPHALT;DRY;DAYLIGHT;CLEAR;STOP AND GO SIGNAL;;;-78.781203;35.787593;;;0;0;;;NONE;;NONE;;PICKUP;SINGLE UNIT TRUCK (2-AXLE- 6-TIRE);;;;NO;13768;2018-11-07;12:25 PM;2018-11-07T17:25:00+00:00;;2018;No;No;11;NONE;NONE,NONE;NONE,NONE;PICKUP,SINGLE UNIT TRUCK (2-AXLE- 6-TIRE);PICKUP,SINGLE UNIT TRUCK (2-AXLE- 6-TIRE);PICKUP,SINGLE UNIT TRUCK (2-AXLE- 6-TIRE);PICKUP,SINGLE UNIT TRUCK (2-AXLE- 6-TIRE)
37393;1 MILES FROM US 1;NO SPECIAL FEATURE;STRAIGHT,LEVEL;US ROUTE;TWO-WAY,DIVIDED,POSITIVE MEDIAN BARRIER;SMOOTH ASPHALT;DRY;DAYLIGHT;CLEAR;NO CONTROL PRESENT;;;-78.78673;35.740774;;;0;0;;;NONE;;NONE;;PASSENGER CAR;PASSENGER CAR;;;;NO;13771;2018-11-07;10:01 AM;2018-11-07T15:01:00+00:00;;2018;No;No;11;NONE;NONE,NONE;NONE,NONE;PASSENGER CAR,PASSENGER CAR;PASSENGER CAR,PASSENGER CAR;PASSENGER CAR,PASSENGER CAR;PASSENGER CAR,PASSENGER CAR
37396;100 FEET FROM SR 1152 WALNUT ST;NO SPECIAL FEATURE;STRAIGHT,LEVEL;STATE SECONDARY ROUTE;TWO-WAY,DIVIDED,POSITIVE MEDIAN BARRIER;SMOOTH ASPHALT;DRY;DAYLIGHT;CLEAR;NO CONTROL PRESENT;35.761866007;-78.40290327;-78.743519;35.760479;P119;RALW;0;1;;;NONE;;NONE;;PASSENGER CAR;PASSENGER CAR;;;;NO;13774;2018-11-07;2:07:10 PM;2018-11-07T19:07:10+00:00;35.761866007, -78.40290327;2018;No;Yes;11;NONE;NONE,NONE;NONE,NONE;PASSENGER CAR,PASSENGER CAR;PASSENGER CAR,PASSENGER CAR;PASSENGER CAR,PASSENGER CAR;PASSENGER CAR,PASSENGER CAR
37398;CARY;NO SPECIAL FEATURE;STRAIGHT,LEVEL;STATE SECONDARY ROUTE;TWO-WAY,DIVIDED,POSITIVE MEDIAN BARRIER;SMOOTH ASPHALT;WET;DAYLIGHT;RAIN;STOP SIGN;35.945504617;-78.56081774;-78.763784;35.74518;P119;RALW;0;0;;;NONE;;NONE;;PICKUP;PASSENGER CAR;;;;NO;13776;2018-11-06;3:24:44 PM;2018-11-06T20:24:44+00:00;35.945504617, -78.56081774;2018;No;No;11;NONE;NONE,NONE;NONE,NONE;PICKUP,PASSENGER CAR;PICKUP,PASSENGER CAR;PICKUP,PASSENGER CAR;PICKUP,PASSENGER CAR
37400;50 FEET FROM SW CARY PKWY SR 3977;NO SPECIAL FEATURE;STRAIGHT,LEVEL;STATE SECONDARY ROUTE;TWO-WAY,DIVIDED,UNPROTECTED MEDIAN;SMOOTH ASPHALT;DRY;DAYLIGHT;CLEAR;STOP AND GO SIGNAL;35.780513002;-78.83740876;-78.8372;35.7806;P018;117;0;1;;;NONE;;NONE;;PASSENGER CAR;PASSENGER CAR;;;;NO;13778;2018-11-07;12:45 PM;2018-11-07T17:45:00+00:00;35.780513002, -78.83740876;2018;No;Yes;11;NONE;NONE,NONE;NONE,NONE;PASSENGER CAR,PASSENGER CAR;PASSENGER CAR,PASSENGER CAR;PASSENGER CAR,PASSENGER CAR;PASSENGER CAR,PASSENGER CAR
37401;350 FEET FROM FIELD ST;NO SPECIAL FEATURE;STRAIGHT,LEVEL;LOCAL STREET;TWO-WAY,NOT DIVIDED;SMOOTH ASPHALT;DRY;DAYLIGHT;CLEAR;NO CONTROL PRESENT;35.791599019;-78.77610988;-78.775118;35.791557;P033;113;0;0;;;NONE;;NONE;;SPORT UTILITY;PASSENGER CAR;;;;NO;13779;2018-11-07;1:05:20 PM;2018-11-07T18:05:20+00:00;35.791599019, -78.77610988;2018;No;No;11;NONE;NONE,NONE;NONE,NONE;SPORT UTILITY,PASSENGER CAR;SPORT UTILITY,PASSENGER CAR;SPORT UTILITY,PASSENGER CAR;SPORT UTILITY,PASSENGER CAR
37404;.1 MILES FROM P.V.A. 1255 CRESCENT GREEN;NO SPECIAL FEATURE;STRAIGHT,LEVEL;PUBLIC VEHICULAR AREA;TWO-WAY,NOT DIVIDED;SMOOTH ASPHALT;DRY;DAYLIGHT;CLEAR;NO CONTROL PRESENT;;;-78.7839;35.7315;;;0;0;;;NONE;;NONE;;SPORT UTILITY;PASSENGER CAR;;;;NO;13782;2018-11-08;5:19:50 PM;2018-11-08T22:19:50+00:00;;2018;No;No;11;NONE;NONE,NONE;NONE,NONE;SPORT UTILITY,PASSENGER CAR;SPORT UTILITY,PASSENGER CAR;SPORT UTILITY,PASSENGER CAR;SPORT UTILITY,PASSENGER CAR
37440;0 FEET FROM SR 3977(SE CARY PKWY);T-INTERSECTION;STRAIGHT,LEVEL;STATE SECONDARY ROUTE;;SMOOTH ASPHALT;WET;DAYLIGHT;RAIN;STOP SIGN;;;-78.763818;35.745185;;;0;0;;;NONE;;NONE;;PASSENGER CAR;PASSENGER CAR;;;;NO;13818;2018-11-12;12:21 PM;2018-11-12T17:21:00+00:00;;2018;No;No;11;NONE;NONE,NONE;NONE,NONE;PASSENGER CAR,PASSENGER CAR;PASSENGER CAR,PASSENGER CAR;PASSENGER CAR,PASSENGER CAR;PASSENGER CAR,PASSENGER CAR
37449;250 FEET FROM SR 1615 (HIGH HOUSE RD);NO SPECIAL FEATURE;STRAIGHT,LEVEL;STATE SECONDARY ROUTE;TWO-WAY,DIVIDED,UNPROTECTED MEDIAN;SMOOTH ASPHALT;DRY;DAYLIGHT;CLEAR;NO CONTROL PRESENT;;;-78.850631;35.790136;;121;0;0;;;NONE;;NONE;;PASSENGER CAR;PASSENGER CAR;;;;NO;13827;2018-11-10;2:10:42 PM;2018-11-10T19:10:42+00:00;;2018;No;No;11;NONE;NONE,NONE;NONE,NONE;PASSENGER CAR,PASSENGER CAR;PASSENGER CAR,PASSENGER CAR;PASSENGER CAR,PASSENGER CAR;PASSENGER CAR,PASSENGER CAR