tamainid;location_description;rdfeature;rdcharacter;rdclass;rdconfigur;rdsurface;rdcondition;lightcond;weather;trafcontrl;lat;lon;lon2;lat2;tract;zone;fatality;possblinj;numpassengers;numpedestrians;contrcir1_desc;contrcir2_desc;contrcir3_desc;contrcir4_desc;vehicle1;vehicle2;vehicle3;vehicle4;vehicle5;workarea;records;ta_date;ta_time;crash_date;geo_location;year;fatalities;injuries;month;contrfact1;contrfact2;contributing_factor;vehicleconcat1;vehicleconcat2;vehicleconcat3;vehicle_type
37642;100 FEET FROM SR 1618 (WALDO ROOD BLVD);RELATED TO INTERSECTION;STRAIGHT,LEVEL;STATE SECONDARY ROUTE;TWO-WAY,NOT DIVIDED;SMOOTH ASPHALT;WET;DAYLIGHT;RAIN;STOP AND GO SIGNAL;;;-78.8378;35.7804;;;0;0;;;NONE;;NONE;;PASSENGER CAR;PASSENGER CAR;;;;NO;14020;2018-11-24;10:20 AM;2018-11-24T15:20:00+00:00;;2018;No;No;11;NONE;NONE,NONE;NONE,NONE;PASSENGER CAR,PASSENGER CAR;PASSENGER CAR,PASSENGER CAR;PASSENGER CAR,PASSENGER CAR;PASSENGER CAR,PASSENGER CAR
37644;200 FEET FROM US1;NO SPECIAL FEATURE;STRAIGHT,LEVEL;US ROUTE;TWO-WAY,DIVIDED,POSITIVE MEDIAN BARRIER;SMOOTH ASPHALT;WET;DAYLIGHT;RAIN;NO CONTROL PRESENT;;;-78.7506;35.7589;;;0;0;;;NONE;;NONE;;PASSENGER CAR;;;;;NO;14022;2018-11-24;11:35 AM;2018-11-24T16:35:00+00:00;;2018;No;No;11;NONE;NONE,NONE;NONE,NONE;PASSENGER CAR;PASSENGER CAR;PASSENGER CAR;PASSENGER CAR
37648;130 FEET FROM LOFTY RIDGE PL;NO SPECIAL FEATURE;STRAIGHT,LEVEL;LOCAL STREET;TWO-WAY,NOT DIVIDED;SMOOTH ASPHALT;DRY;DAYLIGHT;CLEAR;NO CONTROL PRESENT;35.834583156;-78.87419453;-78.874088;35.834756;P073;121;0;0;;;NONE;;NONE;;SPORT UTILITY;VAN;;;;NO;14026;2018-11-25;9:14:45 AM;2018-11-25T14:14:45+00:00;35.834583156, -78.87419453;2018;No;No;11;NONE;NONE,NONE;NONE,NONE;SPORT UTILITY,VAN;SPORT UTILITY,VAN;SPORT UTILITY,VAN;SPORT UTILITY,VAN
37662;446 FEET FROM P.V.A. (1920 NW MAYNARD RD);NO SPECIAL FEATURE;STRAIGHT,LEVEL;PUBLIC VEHICULAR AREA;TWO-WAY,NOT DIVIDED;SMOOTH ASPHALT;DRY;DARK - LIGHTED ROADWAY;CLEAR;NO CONTROL PRESENT;;;-78.793;35.7985;;111;0;0;;;NONE;;NONE;;PICKUP;PASSENGER CAR;;;;NO;14040;2018-11-23;7:16:45 PM;2018-11-24T00:16:45+00:00;;2018;No;No;11;NONE;NONE,NONE;NONE,NONE;PICKUP,PASSENGER CAR;PICKUP,PASSENGER CAR;PICKUP,PASSENGER CAR;PICKUP,PASSENGER CAR
37663;5 FEET FROM US 1;OFF-RAMP TERMINAL ON CROSSROAD;CURVE,BOTTOM (SAG);US ROUTE;TWO-WAY,DIVIDED,POSITIVE MEDIAN BARRIER;CONCRETE;DRY;DAYLIGHT;CLEAR;STOP AND GO SIGNAL;;;-78.7941;35.738;;;0;0;;;NONE;;NONE;;PASSENGER CAR;PASSENGER CAR;;;;NO;14041;2018-11-21;8:47:59 AM;2018-11-21T13:47:59+00:00;;2018;No;No;11;NONE;NONE,NONE;NONE,NONE;PASSENGER CAR,PASSENGER CAR;PASSENGER CAR,PASSENGER CAR;PASSENGER CAR,PASSENGER CAR;PASSENGER CAR,PASSENGER CAR
37672;.1 MILES FROM NC54;NO SPECIAL FEATURE;STRAIGHT,LEVEL;NC ROUTE;TWO-WAY,NOT DIVIDED;SMOOTH ASPHALT;WET;DAYLIGHT;RAIN;NO CONTROL PRESENT;35.584032568;-78.67597456;-78.7869;35.7919;P119;RALW;0;0;;;NONE;;NONE;;PICKUP;PASSENGER CAR;;;;NO;14050;2018-11-26;1:28:11 PM;2018-11-26T18:28:11+00:00;35.584032568, -78.67597456;2018;No;No;11;NONE;NONE,NONE;NONE,NONE;PICKUP,PASSENGER CAR;PICKUP,PASSENGER CAR;PICKUP,PASSENGER CAR;PICKUP,PASSENGER CAR
37674;CARY;;;;;;;;;;;;;;;;0;0;;;;;;;;;;;;;14052;2018-11-26;5:39:36 PM;2018-11-26T22:39:36+00:00;;2018;No;No;11;;;;;;;
37681;CARY;FOUR-WAY INTERSECTION;STRAIGHT,LEVEL;LOCAL STREET;TWO-WAY,NOT DIVIDED;SMOOTH ASPHALT;DRY;DAYLIGHT;CLEAR;STOP AND GO SIGNAL;35.811739288;-78.79487902;-78.7947;35.8117;P024;111;0;0;;;;;NONE;;SPORT UTILITY;PASSENGER CAR;;;;NO;14059;2018-11-25;4:43:49 PM;2018-11-25T21:43:49+00:00;35.811739288, -78.79487902;2018;No;No;11;;NONE;NONE;SPORT UTILITY,PASSENGER CAR;SPORT UTILITY,PASSENGER CAR;SPORT UTILITY,PASSENGER CAR;SPORT UTILITY,PASSENGER CAR
37697;CARY;FOUR-WAY INTERSECTION;STRAIGHT,GRADE;LOCAL STREET;TWO-WAY,DIVIDED,UNPROTECTED MEDIAN;SMOOTH ASPHALT;DRY;DAYLIGHT;CLOUDY;STOP SIGN;35.737890376;-78.77946603;-78.779;35.738;P053;116;0;0;;;NONE;;NONE;;SPORT UTILITY;SPORT UTILITY;;;;NO;14075;2018-11-27;1:13:01 PM;2018-11-27T18:13:01+00:00;35.737890376, -78.77946603;2018;No;No;11;NONE;NONE,NONE;NONE,NONE;SPORT UTILITY,SPORT UTILITY;SPORT UTILITY,SPORT UTILITY;SPORT UTILITY,SPORT UTILITY;SPORT UTILITY,SPORT UTILITY
37700;0 FEET FROM WALNUT ST (SR1313);T-INTERSECTION;STRAIGHT,LEVEL;STATE SECONDARY ROUTE;TWO-WAY,NOT DIVIDED;SMOOTH ASPHALT;DRY;DAYLIGHT;CLEAR;NO CONTROL PRESENT;35.774495701;-78.76688293;-78.7669;35.7744;P061;120;0;0;;;;;NONE;;PASSENGER CAR;PASSENGER CAR;;;;NO;14078;2018-11-28;7:26:41 AM;2018-11-28T12:26:41+00:00;35.774495701, -78.76688293;2018;No;No;11;;NONE;NONE;PASSENGER CAR,PASSENGER CAR;PASSENGER CAR,PASSENGER CAR;PASSENGER CAR,PASSENGER CAR;PASSENGER CAR,PASSENGER CAR
37710;.1 MILES FROM SR 1615 (HIGH HOUSE RD);NO SPECIAL FEATURE;STRAIGHT,LEVEL;STATE SECONDARY ROUTE;TWO-WAY,DIVIDED,UNPROTECTED MEDIAN;SMOOTH ASPHALT;DRY;DAYLIGHT;CLEAR;NO CONTROL PRESENT;;;-78.8222;35.7858;;;0;0;1;;NONE;;NONE;;PASSENGER CAR;;;;;NO;14088;2018-11-28;1:48:46 PM;2018-11-28T18:48:46+00:00;;2018;No;No;11;NONE;NONE,NONE;NONE,NONE;PASSENGER CAR;PASSENGER CAR;PASSENGER CAR;PASSENGER CAR
37725;15 FEET FROM SR 1415 (SE MAYNARD RD);NO SPECIAL FEATURE;CURVE,GRADE;STATE SECONDARY ROUTE;TWO-WAY,NOT DIVIDED;SMOOTH ASPHALT;DRY;DAYLIGHT;CLEAR;NO CONTROL PRESENT;;;-78.7677;35.7671;;;0;0;1;;NONE;;NONE;;PASSENGER CAR;;;;;MAINTENANCE WORK AREA;14103;2018-11-28;3:59:01 PM;2018-11-28T20:59:01+00:00;;2018;No;No;11;NONE;NONE,NONE;NONE,NONE;PASSENGER CAR;PASSENGER CAR;PASSENGER CAR;PASSENGER CAR
37726;.1 MILES FROM PVA (2350 WALNUT ST);NO SPECIAL FEATURE;STRAIGHT,LEVEL;PUBLIC VEHICULAR AREA;TWO-WAY,NOT DIVIDED;SMOOTH ASPHALT;DRY;DAYLIGHT;CLEAR;STOP SIGN;;;-78.744159;35.755444;;;0;0;;;NONE;;NONE;;SPORT UTILITY;SPORT UTILITY;;;;NO;14104;2018-11-28;3:07:54 PM;2018-11-28T20:07:54+00:00;;2018;No;No;11;NONE;NONE,NONE;NONE,NONE;SPORT UTILITY,SPORT UTILITY;SPORT UTILITY,SPORT UTILITY;SPORT UTILITY,SPORT UTILITY;SPORT UTILITY,SPORT UTILITY
37732;.1 MILES FROM AERIAL CENTER PKWY;NO SPECIAL FEATURE;STRAIGHT,LEVEL;LOCAL STREET;TWO-WAY,DIVIDED,UNPROTECTED MEDIAN;SMOOTH ASPHALT;WET;DAYLIGHT;CLEAR;NO CONTROL PRESENT;;;-78.8159;35.8573;;111;0;0;1;;NONE;;NONE;;PICKUP;PASSENGER CAR;;;;NO;14110;2018-11-30;8:57:31 AM;2018-11-30T13:57:31+00:00;;2018;No;No;11;NONE;NONE,NONE;NONE,NONE;PICKUP,PASSENGER CAR;PICKUP,PASSENGER CAR;PICKUP,PASSENGER CAR;PICKUP,PASSENGER CAR
37737;200 FEET FROM SR-1002 AVIATION PKWY;BRIDGE;STRAIGHT,LEVEL;STATE SECONDARY ROUTE;TWO-WAY,NOT DIVIDED;SMOOTH ASPHALT;DRY;DAYLIGHT;CLOUDY;NO CONTROL PRESENT;;;-78.807959;35.840788;;;0;0;;;NONE;;NONE;;VAN;PASSENGER CAR;;;;NO;14115;2018-11-30;9:18:37 AM;2018-11-30T14:18:37+00:00;;2018;No;No;11;NONE;NONE,NONE;NONE,NONE;VAN,PASSENGER CAR;VAN,PASSENGER CAR;VAN,PASSENGER CAR;VAN,PASSENGER CAR
37745;50 FEET FROM S.R. 1652 (HARRISON AV);NO SPECIAL FEATURE;STRAIGHT,LEVEL;STATE SECONDARY ROUTE;TWO-WAY,NOT DIVIDED;SMOOTH ASPHALT;WET;DARK - LIGHTED ROADWAY;CLEAR;NO CONTROL PRESENT;;;-78.7833;35.7878;;;0;0;1;;;;NONE;;VAN;;;;;NO;14123;2018-12-01;4:05:03 AM;2018-12-01T09:05:03+00:00;;2018;No;No;12;;NONE;NONE;VAN;VAN;VAN;VAN
37748;30 FEET FROM 1000CRESCENT GREEN;NO SPECIAL FEATURE;STRAIGHT,LEVEL;PUBLIC VEHICULAR AREA;TWO-WAY,NOT DIVIDED;SMOOTH ASPHALT;WET;DAYLIGHT;CLOUDY;NO CONTROL PRESENT;35.736014398;-78.78461828;-78.7785;35.733;;;0;0;4;;NONE;;NONE;;PASSENGER CAR;SPORT UTILITY;;;;NO;14126;2018-12-02;10:08 AM;2018-12-02T15:08:00+00:00;35.736014398, -78.78461828;2018;No;No;12;NONE;NONE,NONE;NONE,NONE;PASSENGER CAR,SPORT UTILITY;PASSENGER CAR,SPORT UTILITY;PASSENGER CAR,SPORT UTILITY;PASSENGER CAR,SPORT UTILITY
37761;320 FEET FROM SR 3060 (MORRISVILLE PKWY);NO SPECIAL FEATURE;STRAIGHT,LEVEL;STATE SECONDARY ROUTE;TWO-WAY,DIVIDED,UNPROTECTED MEDIAN;COARSE ASPHALT;WET;DAYLIGHT;RAIN;NO CONTROL PRESENT;;;-78.856136;35.814331;;;0;0;1;;;;NONE;;PASSENGER CAR;PASSENGER CAR;;;;NO;14139;2018-12-01;3:54:23 PM;2018-12-01T20:54:23+00:00;;2018;No;No;12;;NONE;NONE;PASSENGER CAR,PASSENGER CAR;PASSENGER CAR,PASSENGER CAR;PASSENGER CAR,PASSENGER CAR;PASSENGER CAR,PASSENGER CAR
37763;.06 MILES FROM SR 1300 (KILDAIRE FARM RD);DRIVEWAY, PUBLIC;STRAIGHT,LEVEL;STATE SECONDARY ROUTE;TWO-WAY,NOT DIVIDED;SMOOTH ASPHALT;DRY;DARK - LIGHTED ROADWAY;CLOUDY;NO CONTROL PRESENT;;;-78.783453;35.762623;;;0;0;1;;;;NONE;;PASSENGER CAR;PASSENGER CAR;;;;NO;14141;2018-11-30;9:58:26 PM;2018-12-01T02:58:26+00:00;;2018;No;No;11;;NONE;NONE;PASSENGER CAR,PASSENGER CAR;PASSENGER CAR,PASSENGER CAR;PASSENGER CAR,PASSENGER CAR;PASSENGER CAR,PASSENGER CAR
37771;200 FEET FROM PVA 270 GRANDE HEIGHTS DR;NO SPECIAL FEATURE;STRAIGHT,LEVEL;PUBLIC VEHICULAR AREA;TWO-WAY,NOT DIVIDED;SMOOTH ASPHALT;DRY;DARK - LIGHTED ROADWAY;CLEAR;NO CONTROL PRESENT;;;-78.7815;35.8055;;;0;0;;;;;NONE;;PICKUP;PASSENGER CAR;;;;NO;14149;2018-12-02;8:14:16 PM;2018-12-03T01:14:16+00:00;;2018;No;No;12;;NONE;NONE;PICKUP,PASSENGER CAR;PICKUP,PASSENGER CAR;PICKUP,PASSENGER CAR;PICKUP,PASSENGER CAR
37773;20 FEET FROM CROSSROADS MANOR CT;FOUR-WAY INTERSECTION;STRAIGHT,HILLCREST;LOCAL STREET;TWO-WAY,DIVIDED,UNPROTECTED MEDIAN;SMOOTH ASPHALT;DRY;DAYLIGHT;CLEAR;STOP AND GO SIGNAL;;;-78.741119;35.75038;;;0;1;;;NONE;;NONE;;PASSENGER CAR;PASSENGER CAR;;;;NO;14151;2018-11-30;9:14:05 AM;2018-11-30T14:14:05+00:00;;2018;No;Yes;11;NONE;NONE,NONE;NONE,NONE;PASSENGER CAR,PASSENGER CAR;PASSENGER CAR,PASSENGER CAR;PASSENGER CAR,PASSENGER CAR;PASSENGER CAR,PASSENGER CAR
37784;.2 MILES FROM GREGSON DR (200 BLOCK);NO SPECIAL FEATURE;STRAIGHT,LEVEL;LOCAL STREET;TWO-WAY,NOT DIVIDED;SMOOTH ASPHALT;WET;DAYLIGHT;CLEAR;NO CONTROL PRESENT;35.739570068;-78.8050496;-78.805099;35.739881;P041;116;0;0;1;;NONE;;NONE;;PASSENGER CAR;SPORT UTILITY;;;;NO;14162;2018-12-03;8:08:02 AM;2018-12-03T13:08:02+00:00;35.739570068, -78.8050496;2018;No;No;12;NONE;NONE,NONE;NONE,NONE;PASSENGER CAR,SPORT UTILITY;PASSENGER CAR,SPORT UTILITY;PASSENGER CAR,SPORT UTILITY;PASSENGER CAR,SPORT UTILITY
37789;20 FEET FROM SR 1300 (KILDAIRE FARM RD);RELATED TO INTERSECTION;STRAIGHT,LEVEL;STATE SECONDARY ROUTE;TWO-WAY,NOT DIVIDED;SMOOTH ASPHALT;WET;DARK - LIGHTED ROADWAY;CLOUDY;STOP AND GO SIGNAL;;;-78.7819;35.7691;;;0;0;1;;NONE;;NONE;;PASSENGER CAR;VAN;;;;NO;14167;2018-12-02;9:06:12 PM;2018-12-03T02:06:12+00:00;;2018;No;No;12;NONE;NONE,NONE;NONE,NONE;PASSENGER CAR,VAN;PASSENGER CAR,VAN;PASSENGER CAR,VAN;PASSENGER CAR,VAN
37791;.2 MILES FROM SR 1010 (TEN TEN RD);NO SPECIAL FEATURE;STRAIGHT,LEVEL;STATE SECONDARY ROUTE;TWO-WAY,DIVIDED,UNPROTECTED MEDIAN;COARSE ASPHALT;DRY;DAYLIGHT;CLOUDY;NO CONTROL PRESENT;;;-78.787652;35.702217;;;0;0;4;;NONE;;NONE;;PASSENGER CAR;SPORT UTILITY;;;;NO;14169;2018-12-03;12:23 PM;2018-12-03T17:23:00+00:00;;2018;No;No;12;NONE;NONE,NONE;NONE,NONE;PASSENGER CAR,SPORT UTILITY;PASSENGER CAR,SPORT UTILITY;PASSENGER CAR,SPORT UTILITY;PASSENGER CAR,SPORT UTILITY
37792;CARY;RELATED TO INTERSECTION;STRAIGHT,LEVEL;NC ROUTE;TWO-WAY,DIVIDED,UNPROTECTED MEDIAN;SMOOTH ASPHALT;DRY;DARK - LIGHTED ROADWAY;CLEAR;STOP AND GO SIGNAL;;;-78.8822;35.8351;;;0;0;;;NONE;;NONE;;PASSENGER CAR;PASSENGER CAR;;;;NO;14170;2018-12-03;5:55:42 PM;2018-12-03T22:55:42+00:00;;2018;No;No;12;NONE;NONE,NONE;NONE,NONE;PASSENGER CAR,PASSENGER CAR;PASSENGER CAR,PASSENGER CAR;PASSENGER CAR,PASSENGER CAR;PASSENGER CAR,PASSENGER CAR
37796;CARY;NO SPECIAL FEATURE;STRAIGHT,LEVEL;STATE SECONDARY ROUTE;TWO-WAY,NOT DIVIDED;SMOOTH ASPHALT;DRY;DUSK;CLEAR;STOP SIGN;;;-78.796;35.6944;;;0;1;4;;NONE;;NONE;;PASSENGER CAR;SPORT UTILITY;;;;NO;14174;2018-12-03;4:51:05 PM;2018-12-03T21:51:05+00:00;;2018;No;Yes;12;NONE;NONE,NONE;NONE,NONE;PASSENGER CAR,SPORT UTILITY;PASSENGER CAR,SPORT UTILITY;PASSENGER CAR,SPORT UTILITY;PASSENGER CAR,SPORT UTILITY
37798;200 FEET FROM US 1 HWY;OFF-RAMP PROPER;CURVE,GRADE;US ROUTE;ONE-WAY,NOT DIVIDED;SMOOTH ASPHALT;DRY;DAYLIGHT;CLEAR;STOP AND GO SIGNAL;35.736943252;-78.79379275;-78.7933;35.7382;P043;116;0;1;1;;NONE;;NONE;;PICKUP;SPORT UTILITY;;;;NO;14176;2018-12-04;9:10:26 AM;2018-12-04T14:10:26+00:00;35.736943252, -78.79379275;2018;No;Yes;12;NONE;NONE,NONE;NONE,NONE;PICKUP,SPORT UTILITY;PICKUP,SPORT UTILITY;PICKUP,SPORT UTILITY;PICKUP,SPORT UTILITY
37803;0 FEET FROM SR 1615 (HIGH HOUSE RD);FOUR-WAY INTERSECTION;STRAIGHT,LEVEL;STATE SECONDARY ROUTE;TWO-WAY,DIVIDED,UNPROTECTED MEDIAN;SMOOTH ASPHALT;DRY;DAYLIGHT;CLEAR;STOP SIGN;;;-78.824966;35.786552;;;0;0;;;NONE;;NONE;;SPORT UTILITY;PASSENGER CAR;;;;NO;14181;2018-12-04;11:09 AM;2018-12-04T16:09:00+00:00;;2018;No;No;12;NONE;NONE,NONE;NONE,NONE;SPORT UTILITY,PASSENGER CAR;SPORT UTILITY,PASSENGER CAR;SPORT UTILITY,PASSENGER CAR;SPORT UTILITY,PASSENGER CAR
37810;CARY;FOUR-WAY INTERSECTION;STRAIGHT,LEVEL;STATE SECONDARY ROUTE;TWO-WAY,NOT DIVIDED;SMOOTH ASPHALT;DRY;DARK - LIGHTED ROADWAY;CLEAR;STOP AND GO SIGNAL;;;-78.750859;35.794771;;;0;0;;;NONE;;NONE;;PASSENGER CAR;SPORT UTILITY;;;;NO;14188;2018-12-04;10:18 PM;2018-12-05T03:18:00+00:00;;2018;No;No;12;NONE;NONE,NONE;NONE,NONE;PASSENGER CAR,SPORT UTILITY;PASSENGER CAR,SPORT UTILITY;PASSENGER CAR,SPORT UTILITY;PASSENGER CAR,SPORT UTILITY
37812;02 FEET FROM SR-1300 (KILDAIRE FARM RD);NO SPECIAL FEATURE;STRAIGHT,LEVEL;STATE SECONDARY ROUTE;TWO-WAY,NOT DIVIDED;SMOOTH ASPHALT;DRY;DAYLIGHT;CLEAR;NO CONTROL PRESENT;;;-78.782;35.7457;;;0;0;;;NONE;;NONE;;PASSENGER CAR;PASSENGER CAR;SPORT UTILITY;;;INTERMITTENT/MOVING WORK (E.G. PATCHING POTHO;14190;2018-12-04;11:00 AM;2018-12-04T16:00:00+00:00;;2018;No;No;12;NONE;NONE,NONE;NONE,NONE;PASSENGER CAR,PASSENGER CAR;PASSENGER CAR,PASSENGER CAR,SPORT UTILITY;PASSENGER CAR,PASSENGER CAR,SPORT UTILITY;PASSENGER CAR,PASSENGER CAR,SPORT UTILITY
37813;160 FEET FROM 3200 GATEWAY CENTRE BLVD (PVA);NO SPECIAL FEATURE;STRAIGHT,LEVEL;PUBLIC VEHICULAR AREA;TWO-WAY,NOT DIVIDED;SMOOTH ASPHALT;DRY;DAYLIGHT;CLEAR;NO CONTROL PRESENT;;;-78.8407;35.8503;;;0;0;1;;;;NONE;;SPORT UTILITY;PASSENGER CAR;;;;NO;14191;2018-12-04;12:12 PM;2018-12-04T17:12:00+00:00;;2018;No;No;12;;NONE;NONE;SPORT UTILITY,PASSENGER CAR;SPORT UTILITY,PASSENGER CAR;SPORT UTILITY,PASSENGER CAR;SPORT UTILITY,PASSENGER CAR
37823;365 FEET FROM N HARRISON AV (SR1652);NO SPECIAL FEATURE;STRAIGHT,LEVEL;STATE SECONDARY ROUTE;TWO-WAY,NOT DIVIDED;SMOOTH ASPHALT;DRY;DAYLIGHT;CLOUDY;NO CONTROL PRESENT;;;-78.7833;35.7898;;;0;0;1;;;;NONE;;PASSENGER CAR;PASSENGER CAR;;;;NO;14201;2018-12-05;1:29:11 PM;2018-12-05T18:29:11+00:00;;2018;No;No;12;;NONE;NONE;PASSENGER CAR,PASSENGER CAR;PASSENGER CAR,PASSENGER CAR;PASSENGER CAR,PASSENGER CAR;PASSENGER CAR,PASSENGER CAR
37825;1 MILES FROM US 1 HWY;NO SPECIAL FEATURE;STRAIGHT,LEVEL;US ROUTE;TWO-WAY,DIVIDED,POSITIVE MEDIAN BARRIER;SMOOTH ASPHALT;DRY;DAYLIGHT;CLEAR;NO CONTROL PRESENT;;;-78.7485;35.76;;;0;0;;;NONE;;NONE;;PASSENGER CAR;PICKUP;;;;NO;14203;2018-12-05;5:15:52 PM;2018-12-05T22:15:52+00:00;;2018;No;No;12;NONE;NONE,NONE;NONE,NONE;PASSENGER CAR,PICKUP;PASSENGER CAR,PICKUP;PASSENGER CAR,PICKUP;PASSENGER CAR,PICKUP
37828;1 MILES FROM US1 N;NO SPECIAL FEATURE;STRAIGHT,LEVEL;US ROUTE;TWO-WAY,DIVIDED,POSITIVE MEDIAN BARRIER;CONCRETE;DRY;DAYLIGHT;CLEAR;NO CONTROL PRESENT;;;-78.7485;35.76;;;0;0;;;NONE;;NONE;;SPORT UTILITY;PASSENGER CAR;PASSENGER CAR;PICKUP;PASSENGER CAR;NO;14206;2018-12-05;4:32:23 PM;2018-12-05T21:32:23+00:00;;2018;No;No;12;NONE;NONE,NONE;NONE,NONE;SPORT UTILITY,PASSENGER CAR;SPORT UTILITY,PASSENGER CAR,PASSENGER CAR;SPORT UTILITY,PASSENGER CAR,PASSENGER CAR,PICKUP;SPORT UTILITY,PASSENGER CAR,PASSENGER CAR,PICKUP,PASSENGER CAR
37833;.09 MILES FROM PVA OF 215 TALS ROCK WAY;NO SPECIAL FEATURE;STRAIGHT,LEVEL;PUBLIC VEHICULAR AREA;TWO-WAY,NOT DIVIDED;CONCRETE;DRY;DAYLIGHT;CLEAR;NO CONTROL PRESENT;35.827490691;-78.91603979;-78.904599;35.82207;P076;119;0;0;;;NONE;;NONE;;PASSENGER CAR;PASSENGER CAR;;;;NO;14211;2018-12-05;9:17:02 AM;2018-12-05T14:17:02+00:00;35.827490691, -78.91603979;2018;No;No;12;NONE;NONE,NONE;NONE,NONE;PASSENGER CAR,PASSENGER CAR;PASSENGER CAR,PASSENGER CAR;PASSENGER CAR,PASSENGER CAR;PASSENGER CAR,PASSENGER CAR
37843;395 FEET FROM P.V.A. (2323 NW MAYNARD RD);NO SPECIAL FEATURE;STRAIGHT,LEVEL;PUBLIC VEHICULAR AREA;TWO-WAY,NOT DIVIDED;SMOOTH ASPHALT;DRY;DARK - LIGHTED ROADWAY;CLEAR;NO CONTROL PRESENT;;;-78.78439;35.80278;;111;0;0;;;NONE;;NONE;;PASSENGER CAR;SPORT UTILITY;;;;NO;14221;2018-11-28;9:17:49 PM;2018-11-29T02:17:49+00:00;;2018;No;No;11;NONE;NONE,NONE;NONE,NONE;PASSENGER CAR,SPORT UTILITY;PASSENGER CAR,SPORT UTILITY;PASSENGER CAR,SPORT UTILITY;PASSENGER CAR,SPORT UTILITY
37845;.4 MILES FROM PVA OF 6770 MCCRIMMON PKWY;NO SPECIAL FEATURE;STRAIGHT,LEVEL;PUBLIC VEHICULAR AREA;TWO-WAY,NOT DIVIDED;SMOOTH ASPHALT;DRY;DAYLIGHT;CLEAR;NO CONTROL PRESENT;;;-78.8905;35.8298;;;0;0;;;NONE;;NONE;;SPORT UTILITY;SPORT UTILITY;;;;NO;14223;2018-12-05;5:29:18 PM;2018-12-05T22:29:18+00:00;;2018;No;No;12;NONE;NONE,NONE;NONE,NONE;SPORT UTILITY,SPORT UTILITY;SPORT UTILITY,SPORT UTILITY;SPORT UTILITY,SPORT UTILITY;SPORT UTILITY,SPORT UTILITY
37847;100 FEET FROM SR 1379 PENNY RD;NO SPECIAL FEATURE;STRAIGHT,LEVEL;STATE SECONDARY ROUTE;TWO-WAY,NOT DIVIDED;SMOOTH ASPHALT;DRY;DARK - LIGHTED ROADWAY;CLEAR;NO CONTROL PRESENT;;;-78.789995;35.716796;;;0;0;;;NONE;;NONE;;PASSENGER CAR;;;;;NO;14225;2018-12-06;11:18 PM;2018-12-07T04:18:00+00:00;;2018;No;No;12;NONE;NONE,NONE;NONE,NONE;PASSENGER CAR;PASSENGER CAR;PASSENGER CAR;PASSENGER CAR
37850;84 FEET FROM NC 54 (CHAPEL HILL RD);RELATED TO INTERSECTION;STRAIGHT,LEVEL;NC ROUTE;TWO-WAY,NOT DIVIDED;SMOOTH ASPHALT;DRY;DAYLIGHT;CLEAR;STOP AND GO SIGNAL;;;-78.7966;35.7989;;111;0;0;;;NONE;;NONE;;PASSENGER CAR;PASSENGER CAR;;;;NO;14228;2018-12-07;9:38:33 AM;2018-12-07T14:38:33+00:00;;2018;No;No;12;NONE;NONE,NONE;NONE,NONE;PASSENGER CAR,PASSENGER CAR;PASSENGER CAR,PASSENGER CAR;PASSENGER CAR,PASSENGER CAR;PASSENGER CAR,PASSENGER CAR
37852;81 FEET FROM S.R. 3120 (MORRISVILLE PKWY);NO SPECIAL FEATURE;STRAIGHT,LEVEL;STATE SECONDARY ROUTE;TWO-WAY,NOT DIVIDED;SMOOTH ASPHALT;DRY;DAYLIGHT;CLEAR;NO CONTROL PRESENT;;;-78.8716;35.8138;;;0;0;2;;NONE;;NONE;;PASSENGER CAR;PICKUP;SPORT UTILITY;VAN;;NO;14230;2018-12-07;7:15:18 AM;2018-12-07T12:15:18+00:00;;2018;No;No;12;NONE;NONE,NONE;NONE,NONE;PASSENGER CAR,PICKUP;PASSENGER CAR,PICKUP,SPORT UTILITY;PASSENGER CAR,PICKUP,SPORT UTILITY,VAN;PASSENGER CAR,PICKUP,SPORT UTILITY,VAN
37853;10 FEET FROM SR 3011 (JENKS CARPENTER RD);;;;;;;;;;;;;;;;0;0;;;;;;;;;;;;;14231;2018-11-02;2:06:11 AM;2018-11-02T06:06:11+00:00;;2018;No;No;11;;;;;;;
37857;.1 MILES FROM E CHATAM ST;NO SPECIAL FEATURE;STRAIGHT,LEVEL;LOCAL STREET;TWO-WAY,NOT DIVIDED;COARSE ASPHALT;DRY;DAYLIGHT;CLOUDY;NO CONTROL PRESENT;35.787927238;-78.78119715;-78.7795;35.7887;P125;120;0;0;;;NONE;;;;LIGHT TRUCK (MINI-VAN- PANEL);SPORT UTILITY;;;;NO;14235;2018-12-08;3:27:35 PM;2018-12-08T20:27:35+00:00;35.787927238, -78.78119715;2018;No;No;12;NONE;NONE;NONE;LIGHT TRUCK (MINI-VAN- PANEL),SPORT UTILITY;LIGHT TRUCK (MINI-VAN- PANEL),SPORT UTILITY;LIGHT TRUCK (MINI-VAN- PANEL),SPORT UTILITY;LIGHT TRUCK (MINI-VAN- PANEL),SPORT UTILITY