tamainid;location_description;rdfeature;rdcharacter;rdclass;rdconfigur;rdsurface;rdcondition;lightcond;weather;trafcontrl;lat;lon;lon2;lat2;tract;zone;fatality;possblinj;numpassengers;numpedestrians;contrcir1_desc;contrcir2_desc;contrcir3_desc;contrcir4_desc;vehicle1;vehicle2;vehicle3;vehicle4;vehicle5;workarea;records;ta_date;ta_time;crash_date;geo_location;year;fatalities;injuries;month;contrfact1;contrfact2;contributing_factor;vehicleconcat1;vehicleconcat2;vehicleconcat3;vehicle_type
38288;100 FEET FROM PVA 3000 RISE DR;NO SPECIAL FEATURE;OTHER *;PUBLIC VEHICULAR AREA;TWO-WAY,NOT DIVIDED;CONCRETE;DRY;DARK - LIGHTED ROADWAY;CLEAR;NO CONTROL PRESENT;;;-78.8211;35.8155;;111;0;0;;;NONE;;NONE;;PASSENGER CAR;PASSENGER CAR;;;;NO;14666;2019-01-07;8:17:24 AM;2019-01-07T13:17:24+00:00;;2019;No;No;1;NONE;NONE,NONE;NONE,NONE;PASSENGER CAR,PASSENGER CAR;PASSENGER CAR,PASSENGER CAR;PASSENGER CAR,PASSENGER CAR;PASSENGER CAR,PASSENGER CAR
38298;.1 MILES FROM SR 1009;NO SPECIAL FEATURE;STRAIGHT,GRADE;STATE SECONDARY ROUTE;TWO-WAY,DIVIDED,POSITIVE MEDIAN BARRIER;COARSE ASPHALT;DRY;DAYLIGHT;CLEAR;NO CONTROL PRESENT;;;-78.7367;35.7453;;118;0;0;;;NONE;;NONE;;PASSENGER CAR;PASSENGER CAR;;;;NO;14676;2019-01-07;3:55:32 PM;2019-01-07T20:55:32+00:00;;2019;No;No;1;NONE;NONE,NONE;NONE,NONE;PASSENGER CAR,PASSENGER CAR;PASSENGER CAR,PASSENGER CAR;PASSENGER CAR,PASSENGER CAR;PASSENGER CAR,PASSENGER CAR
38299;20 FEET FROM 600 STONE COVE LN;NO SPECIAL FEATURE;STRAIGHT,LEVEL;PUBLIC VEHICULAR AREA;TWO-WAY,NOT DIVIDED;SMOOTH ASPHALT;DRY;DAYLIGHT;CLEAR;NO CONTROL PRESENT;;;-78.8492;35.7913;;121;0;0;1;;NONE;;NONE;;PASSENGER CAR;SPORT UTILITY;;;;NO;14677;2019-01-08;12:47 PM;2019-01-08T17:47:00+00:00;;2019;No;No;1;NONE;NONE,NONE;NONE,NONE;PASSENGER CAR,SPORT UTILITY;PASSENGER CAR,SPORT UTILITY;PASSENGER CAR,SPORT UTILITY;PASSENGER CAR,SPORT UTILITY
38305;78 FEET FROM SR 1615 (HIGH HOUSE RD);RELATED TO INTERSECTION;STRAIGHT,LEVEL;STATE SECONDARY ROUTE;TWO-WAY,DIVIDED,POSITIVE MEDIAN BARRIER;SMOOTH ASPHALT;DRY;DAYLIGHT;CLEAR;NO CONTROL PRESENT;;;-78.829229;35.789348;;114;0;0;;;NONE;;FAILURE TO YIELD RIGHT OF WAY;NONE;PASSENGER CAR;PASSENGER CAR;;;;CONSTRUCTION WORK AREA;14683;2019-01-08;2:43:57 PM;2019-01-08T19:43:57+00:00;;2019;No;No;1;NONE;NONE,FAILURE TO YIELD RIGHT OF WAY;NONE,FAILURE TO YIELD RIGHT OF WAY,NONE;PASSENGER CAR,PASSENGER CAR;PASSENGER CAR,PASSENGER CAR;PASSENGER CAR,PASSENGER CAR;PASSENGER CAR,PASSENGER CAR
38310;10 FEET FROM US 1 OFF RAMP;OFF-RAMP TERMINAL ON CROSSROAD;CURVE,LEVEL;US ROUTE;ONE-WAY,NOT DIVIDED;SMOOTH ASPHALT;DRY;DAYLIGHT;CLOUDY;STOP SIGN;;;-78.745;35.7631;;112;0;1;2;;NONE;;NONE;;PASSENGER CAR;LIGHT TRUCK (MINI-VAN- PANEL);;;;NO;14688;2019-01-03;2:48:12 PM;2019-01-03T19:48:12+00:00;;2019;No;Yes;1;NONE;NONE,NONE;NONE,NONE;PASSENGER CAR,LIGHT TRUCK (MINI-VAN- PANEL);PASSENGER CAR,LIGHT TRUCK (MINI-VAN- PANEL);PASSENGER CAR,LIGHT TRUCK (MINI-VAN- PANEL);PASSENGER CAR,LIGHT TRUCK (MINI-VAN- PANEL)
38317;0 FEET FROM VANDIVER WAY;T-INTERSECTION;STRAIGHT,LEVEL;LOCAL STREET;TWO-WAY,NOT DIVIDED;SMOOTH ASPHALT;DRY;DAYLIGHT;CLEAR;STOP SIGN;35.785816593;-78.93329061;-78.933226;35.785869;P075;122;0;0;;;NONE;;NONE;;PICKUP;PICKUP;;;;NO;14695;2019-01-09;8:26:30 AM;2019-01-09T13:26:30+00:00;35.785816593, -78.93329061;2019;No;No;1;NONE;NONE,NONE;NONE,NONE;PICKUP,PICKUP;PICKUP,PICKUP;PICKUP,PICKUP;PICKUP,PICKUP
38324;.16 MILES FROM SR 3112 (NW CARY PKWY);NO SPECIAL FEATURE;STRAIGHT,GRADE;STATE SECONDARY ROUTE;TWO-WAY,DIVIDED,POSITIVE MEDIAN BARRIER;SMOOTH ASPHALT;DRY;DAYLIGHT;CLEAR;NO CONTROL PRESENT;;;-78.8088;35.8115;;111;0;0;;;NONE;;NONE;;PASSENGER CAR;PASSENGER CAR;PASSENGER CAR;PASSENGER CAR;;NO;14702;2019-01-10;12:39 PM;2019-01-10T17:39:00+00:00;;2019;No;No;1;NONE;NONE,NONE;NONE,NONE;PASSENGER CAR,PASSENGER CAR;PASSENGER CAR,PASSENGER CAR,PASSENGER CAR;PASSENGER CAR,PASSENGER CAR,PASSENGER CAR,PASSENGER CAR;PASSENGER CAR,PASSENGER CAR,PASSENGER CAR,PASSENGER CAR
38328;30 FEET FROM SR 1011 (E. CHATHAM ST);DRIVEWAY, PUBLIC;STRAIGHT,GRADE;STATE SECONDARY ROUTE;TWO-WAY,NOT DIVIDED;SMOOTH ASPHALT;DRY;DAYLIGHT;CLEAR;NO CONTROL PRESENT;;;-78.7742;35.7881;;120;0;0;;;NONE;;NONE;;VAN;PASSENGER CAR;;;;NO;14706;2019-01-10;10:40 AM;2019-01-10T15:40:00+00:00;;2019;No;No;1;NONE;NONE,NONE;NONE,NONE;VAN,PASSENGER CAR;VAN,PASSENGER CAR;VAN,PASSENGER CAR;VAN,PASSENGER CAR
38329;CARY;FOUR-WAY INTERSECTION;STRAIGHT,GRADE;STATE SECONDARY ROUTE;TWO-WAY,DIVIDED,UNPROTECTED MEDIAN;COARSE ASPHALT;DRY;DAYLIGHT;CLEAR;YIELD SIGN;;;-78.780738;35.7391571;;116;0;0;;;NONE;;NONE;;PASSENGER CAR;PASSENGER CAR;;;;NO;14707;2019-01-10;11:54 AM;2019-01-10T16:54:00+00:00;;2019;No;No;1;NONE;NONE,NONE;NONE,NONE;PASSENGER CAR,PASSENGER CAR;PASSENGER CAR,PASSENGER CAR;PASSENGER CAR,PASSENGER CAR;PASSENGER CAR,PASSENGER CAR
38334;1 MILES FROM SR 1617(CARPENTER UPCHURCH RD);NO SPECIAL FEATURE;STRAIGHT,LEVEL;STATE SECONDARY ROUTE;TWO-WAY,NOT DIVIDED;SMOOTH ASPHALT;DRY;DAYLIGHT;CLEAR;NO CONTROL PRESENT;;;-78.8668;35.7986;;121;0;0;2;;NONE;;NONE;;PASSENGER CAR;SPORT UTILITY;;;;NO;14712;2019-01-11;7:02:33 AM;2019-01-11T12:02:33+00:00;;2019;No;No;1;NONE;NONE,NONE;NONE,NONE;PASSENGER CAR,SPORT UTILITY;PASSENGER CAR,SPORT UTILITY;PASSENGER CAR,SPORT UTILITY;PASSENGER CAR,SPORT UTILITY
38346;CARY;NO SPECIAL FEATURE;STRAIGHT,LEVEL;US ROUTE;TWO-WAY,DIVIDED,UNPROTECTED MEDIAN;SMOOTH ASPHALT;DRY;DARK - LIGHTED ROADWAY;CLEAR;STOP AND GO SIGNAL;;;-78.809836;35.741459;;116;0;0;;;NONE;;NONE;;PICKUP;SPORT UTILITY;;;;NO;14724;2019-01-11;9:42:13 PM;2019-01-12T02:42:13+00:00;;2019;No;No;1;NONE;NONE,NONE;NONE,NONE;PICKUP,SPORT UTILITY;PICKUP,SPORT UTILITY;PICKUP,SPORT UTILITY;PICKUP,SPORT UTILITY
38347;97 FEET FROM SR 3073 (NW MAYNARD RD);NO SPECIAL FEATURE;STRAIGHT,HILLCREST;STATE SECONDARY ROUTE;TWO-WAY,DIVIDED,UNPROTECTED MEDIAN;SMOOTH ASPHALT;DRY;DAYLIGHT;CLEAR;STOP AND GO SIGNAL;;;-78.805077;35.777185;;114;0;0;1;;NONE;;NONE;;PASSENGER CAR;;;;;NO;14725;2019-01-11;7:23:07 PM;2019-01-12T00:23:07+00:00;;2019;No;No;1;NONE;NONE,NONE;NONE,NONE;PASSENGER CAR;PASSENGER CAR;PASSENGER CAR;PASSENGER CAR
38352;100 FEET FROM SR 1613 (DAVIS DR);NO SPECIAL FEATURE;CURVE,LEVEL;STATE SECONDARY ROUTE;TWO-WAY,NOT DIVIDED;SMOOTH ASPHALT;WET;DARK - ROADWAY NOT LIGHTED;CLOUDY;NO CONTROL PRESENT;;;-78.8432;35.7681;;117;0;0;2;;NONE;;NONE;;VAN;PASSENGER CAR;;;;NO;14730;2019-01-13;6:59:25 PM;2019-01-13T23:59:25+00:00;;2019;No;No;1;NONE;NONE,NONE;NONE,NONE;VAN,PASSENGER CAR;VAN,PASSENGER CAR;VAN,PASSENGER CAR;VAN,PASSENGER CAR
38356;50 FEET FROM SR 1613 (DAVIS DR);NO SPECIAL FEATURE;STRAIGHT,LEVEL;STATE SECONDARY ROUTE;TWO-WAY,DIVIDED,POSITIVE MEDIAN BARRIER;SMOOTH ASPHALT;DRY;DARK - ROADWAY NOT LIGHTED;CLEAR;NO CONTROL PRESENT;;;-78.8512;35.8274;;121;0;0;;;NONE;;NONE;;SPORT UTILITY;SPORT UTILITY;;;;NO;14734;2019-01-09;5:49:05 PM;2019-01-09T22:49:05+00:00;;2019;No;No;1;NONE;NONE,NONE;NONE,NONE;SPORT UTILITY,SPORT UTILITY;SPORT UTILITY,SPORT UTILITY;SPORT UTILITY,SPORT UTILITY;SPORT UTILITY,SPORT UTILITY
38367;162 FEET FROM SR 1307 (100 CHATHAM ST);NO SPECIAL FEATURE;STRAIGHT,LEVEL;STATE SECONDARY ROUTE;TWO-WAY,NOT DIVIDED;SMOOTH ASPHALT;DRY;DAYLIGHT;CLEAR;NO CONTROL PRESENT;;;-78.7817;35.7872;;120;0;0;1;;NONE;;NONE;;SPORT UTILITY;PASSENGER CAR;;;;NO;14745;2019-01-12;11:24 AM;2019-01-12T16:24:00+00:00;;2019;No;No;1;NONE;NONE,NONE;NONE,NONE;SPORT UTILITY,PASSENGER CAR;SPORT UTILITY,PASSENGER CAR;SPORT UTILITY,PASSENGER CAR;SPORT UTILITY,PASSENGER CAR
38370;50 FEET FROM US 1;OFF-RAMP PROPER;CURVE,BOTTOM (SAG);US ROUTE;ONE-WAY,NOT DIVIDED;COARSE ASPHALT;DRY;DAYLIGHT;CLEAR;STOP AND GO SIGNAL;;;-78.7947;35.7379;;115;0;0;3;;NONE;;NONE;;PICKUP;PASSENGER CAR;;;;NO;14748;2019-01-14;4:31:09 PM;2019-01-14T21:31:09+00:00;;2019;No;No;1;NONE;NONE,NONE;NONE,NONE;PICKUP,PASSENGER CAR;PICKUP,PASSENGER CAR;PICKUP,PASSENGER CAR;PICKUP,PASSENGER CAR
38377;CARY;NO SPECIAL FEATURE;STRAIGHT,LEVEL;NC ROUTE;TWO-WAY,NOT DIVIDED;COARSE ASPHALT;WET;DARK - LIGHTED ROADWAY;CLEAR;STOP AND GO SIGNAL;;;-78.7964;35.7987;;111;0;0;2;;NONE;;NONE;;PASSENGER CAR;PASSENGER CAR;;;;NO;14755;2019-01-13;12:00 AM;2019-01-13T05:00:00+00:00;;2019;No;No;1;NONE;NONE,NONE;NONE,NONE;PASSENGER CAR,PASSENGER CAR;PASSENGER CAR,PASSENGER CAR;PASSENGER CAR,PASSENGER CAR;PASSENGER CAR,PASSENGER CAR
38379;CARY;FOUR-WAY INTERSECTION;STRAIGHT,LEVEL;LOCAL STREET;TWO-WAY,DIVIDED,UNPROTECTED MEDIAN;SMOOTH ASPHALT;DRY;DARK - LIGHTED ROADWAY;CLEAR;STOP AND GO SIGNAL;;;-78.863758;35.824566;;121;0;0;;;;;NONE;;SPORT UTILITY;PASSENGER CAR;;;;NO;14757;2019-01-14;11:27 PM;2019-01-15T04:27:00+00:00;;2019;No;No;1;;NONE;NONE;SPORT UTILITY,PASSENGER CAR;SPORT UTILITY,PASSENGER CAR;SPORT UTILITY,PASSENGER CAR;SPORT UTILITY,PASSENGER CAR
38385;50 FEET FROM SR 3081 (CHAPEL HILL RD);NO SPECIAL FEATURE;STRAIGHT,LEVEL;STATE SECONDARY ROUTE;TWO-WAY,NOT DIVIDED;SMOOTH ASPHALT;DRY;DAYLIGHT;CLEAR;NO CONTROL PRESENT;;;-78.793279;35.796396;;111;0;0;;;NONE;;NONE;;PASSENGER CAR;SPORT UTILITY;;;;NO;14763;2019-01-15;4:58:13 PM;2019-01-15T21:58:13+00:00;;2019;No;No;1;NONE;NONE,NONE;NONE,NONE;PASSENGER CAR,SPORT UTILITY;PASSENGER CAR,SPORT UTILITY;PASSENGER CAR,SPORT UTILITY;PASSENGER CAR,SPORT UTILITY
38393;CARY;OFF-RAMP PROPER;CURVE,GRADE;US ROUTE;ONE-WAY,NOT DIVIDED;COARSE ASPHALT;DRY;DAYLIGHT;CLEAR;STOP AND GO SIGNAL;;;-78.795483;35.7379552;;116;0;0;1;;NONE;;NONE;;PASSENGER CAR;PASSENGER CAR;;;;NO;14771;2019-01-16;11:58 AM;2019-01-16T16:58:00+00:00;;2019;No;No;1;NONE;NONE,NONE;NONE,NONE;PASSENGER CAR,PASSENGER CAR;PASSENGER CAR,PASSENGER CAR;PASSENGER CAR,PASSENGER CAR;PASSENGER CAR,PASSENGER CAR
38402;440 FEET FROM PVA OF 3434 SR 1300 (KILDAIRE;DRIVEWAY, PUBLIC;STRAIGHT,GRADE;PUBLIC VEHICULAR AREA;TWO-WAY,NOT DIVIDED;COARSE ASPHALT;DRY;DAYLIGHT;CLEAR;NO CONTROL PRESENT;;;-78.796602;35.7051151;;116;0;0;;;NONE;;NONE;;PASSENGER CAR;PASSENGER CAR;;;;NO;14780;2019-01-17;9:19:10 AM;2019-01-17T14:19:10+00:00;;2019;No;No;1;NONE;NONE,NONE;NONE,NONE;PASSENGER CAR,PASSENGER CAR;PASSENGER CAR,PASSENGER CAR;PASSENGER CAR,PASSENGER CAR;PASSENGER CAR,PASSENGER CAR
38404;40 FEET FROM ROYAL TOWER WAY;NO SPECIAL FEATURE;STRAIGHT,LEVEL;LOCAL STREET;TWO-WAY,NOT DIVIDED;SMOOTH ASPHALT;DRY;DAYLIGHT;CLEAR;NO CONTROL PRESENT;;;-78.840541;35.765287;;117;0;0;;;NONE;;NONE;;VAN;PASSENGER CAR;;;;NO;14782;2019-01-15;4:41:53 PM;2019-01-15T21:41:53+00:00;;2019;No;No;1;NONE;NONE,NONE;NONE,NONE;VAN,PASSENGER CAR;VAN,PASSENGER CAR;VAN,PASSENGER CAR;VAN,PASSENGER CAR
38406;275 FEET FROM SR 1747 (NE MAYNARD RD);NO SPECIAL FEATURE;STRAIGHT,LEVEL;STATE SECONDARY ROUTE;TWO-WAY,NOT DIVIDED;SMOOTH ASPHALT;WET;DARK - LIGHTED ROADWAY;RAIN;NO CONTROL PRESENT;;;-78.7779;35.8031;;113;0;0;;;NONE;;NONE;;PASSENGER CAR;;;;;NO;14784;2019-01-17;8:51:35 PM;2019-01-18T01:51:35+00:00;;2019;No;No;1;NONE;NONE,NONE;NONE,NONE;PASSENGER CAR;PASSENGER CAR;PASSENGER CAR;PASSENGER CAR
38407;300 FEET FROM PVA (425 EMISSARY DRIVE);NO SPECIAL FEATURE;STRAIGHT,LEVEL;PUBLIC VEHICULAR AREA;TWO-WAY,NOT DIVIDED;SMOOTH ASPHALT;DRY;DAYLIGHT;CLEAR;NO CONTROL PRESENT;;;-78.9032;35.8238;;119;0;0;1;;NONE;;NONE;;PASSENGER CAR;PASSENGER CAR;;;;NO;14785;2019-01-15;8:04:11 PM;2019-01-16T01:04:11+00:00;;2019;No;No;1;NONE;NONE,NONE;NONE,NONE;PASSENGER CAR,PASSENGER CAR;PASSENGER CAR,PASSENGER CAR;PASSENGER CAR,PASSENGER CAR;PASSENGER CAR,PASSENGER CAR
38414;CARY;NO SPECIAL FEATURE;STRAIGHT,LEVEL;STATE SECONDARY ROUTE;TWO-WAY,DIVIDED,POSITIVE MEDIAN BARRIER;SMOOTH ASPHALT;DRY;DAYLIGHT;CLEAR;STOP AND GO SIGNAL;;;-78.741295;35.753043;;118;0;0;;;NONE;;NONE;;PASSENGER CAR;PICKUP;;;;NO;14792;2019-01-17;3:53:48 PM;2019-01-17T20:53:48+00:00;;2019;No;No;1;NONE;NONE,NONE;NONE,NONE;PASSENGER CAR,PICKUP;PASSENGER CAR,PICKUP;PASSENGER CAR,PICKUP;PASSENGER CAR,PICKUP
38418;0 FEET FROM SR 1011 (E. CHATHAM ST);FOUR-WAY INTERSECTION;STRAIGHT,GRADE;STATE SECONDARY ROUTE;TWO-WAY,NOT DIVIDED;SMOOTH ASPHALT;DRY;DAYLIGHT;CLEAR;STOP SIGN;;;-78.7503;35.7899;;120;0;0;;;NONE;;NONE;;SPORT UTILITY;PASSENGER CAR;;;;NO;14796;2019-01-17;7:03:46 AM;2019-01-17T12:03:46+00:00;;2019;No;No;1;NONE;NONE,NONE;NONE,NONE;SPORT UTILITY,PASSENGER CAR;SPORT UTILITY,PASSENGER CAR;SPORT UTILITY,PASSENGER CAR;SPORT UTILITY,PASSENGER CAR
38428;130 FEET FROM MORRISVILLE PKWY;NO SPECIAL FEATURE;CURVE,GRADE;LOCAL STREET;TWO-WAY,DIVIDED,UNPROTECTED MEDIAN;COARSE ASPHALT;DRY;DAYLIGHT;CLEAR;NO CONTROL PRESENT;;;-78.852387;35.815104;;121;0;0;;;;;NONE;;PASSENGER CAR;;;;;NO;14806;2019-01-19;7:52:30 AM;2019-01-19T12:52:30+00:00;;2019;No;No;1;;NONE;NONE;PASSENGER CAR;PASSENGER CAR;PASSENGER CAR;PASSENGER CAR
38432;.1 MILES FROM US 64 HWY;NO SPECIAL FEATURE;STRAIGHT,LEVEL;US ROUTE;TWO-WAY,DIVIDED,UNPROTECTED MEDIAN;SMOOTH ASPHALT;DRY;DAYLIGHT;CLEAR;NO CONTROL PRESENT;;;-78.798042;35.738868;;116;0;0;1;;NONE;;NONE;;PICKUP;PASSENGER CAR;;;;NO;14810;2019-01-21;5:00:55 PM;2019-01-21T22:00:55+00:00;;2019;No;No;1;NONE;NONE,NONE;NONE,NONE;PICKUP,PASSENGER CAR;PICKUP,PASSENGER CAR;PICKUP,PASSENGER CAR;PICKUP,PASSENGER CAR
38433;100 FEET FROM 1724 WALNUT ST;NO SPECIAL FEATURE;STRAIGHT,LEVEL;PUBLIC VEHICULAR AREA;TWO-WAY,NOT DIVIDED;SMOOTH ASPHALT;WET;DAYLIGHT;CLOUDY;NO CONTROL PRESENT;;;-78.7492;35.763;;112;0;0;3;;NONE;;NONE;;SPORT UTILITY;PASSENGER CAR;;;;NO;14811;2019-01-20;10:36 AM;2019-01-20T15:36:00+00:00;;2019;No;No;1;NONE;NONE,NONE;NONE,NONE;SPORT UTILITY,PASSENGER CAR;SPORT UTILITY,PASSENGER CAR;SPORT UTILITY,PASSENGER CAR;SPORT UTILITY,PASSENGER CAR
38444;200 FEET FROM P.V.A (JOINT VENTURE JEWELRY);NO SPECIAL FEATURE;STRAIGHT,LEVEL;PUBLIC VEHICULAR AREA;TWO-WAY,NOT DIVIDED;SMOOTH ASPHALT;DRY;DAYLIGHT;CLOUDY;NO CONTROL PRESENT;;;-78.7804;35.8042;;113;0;0;;;NONE;;NONE;;PASSENGER CAR;PASSENGER CAR;;;;NO;14822;2019-01-19;4:18:27 PM;2019-01-19T21:18:27+00:00;;2019;No;No;1;NONE;NONE,NONE;NONE,NONE;PASSENGER CAR,PASSENGER CAR;PASSENGER CAR,PASSENGER CAR;PASSENGER CAR,PASSENGER CAR;PASSENGER CAR,PASSENGER CAR
38447;20 FEET FROM SR 1009 (TRYON RD);FOUR-WAY INTERSECTION;STRAIGHT,LEVEL;STATE SECONDARY ROUTE;TWO-WAY,DIVIDED,UNPROTECTED MEDIAN;COARSE ASPHALT;DRY;DARK - LIGHTED ROADWAY;CLEAR;STOP AND GO SIGNAL;;;-78.744245;35.745854;;118;0;1;;;NONE;;NONE;;PASSENGER CAR;PASSENGER CAR;;;;NO;14825;2019-01-21;10:04 PM;2019-01-22T03:04:00+00:00;;2019;No;Yes;1;NONE;NONE,NONE;NONE,NONE;PASSENGER CAR,PASSENGER CAR;PASSENGER CAR,PASSENGER CAR;PASSENGER CAR,PASSENGER CAR;PASSENGER CAR,PASSENGER CAR
38454;CARY;FOUR-WAY INTERSECTION;STRAIGHT,LEVEL;STATE SECONDARY ROUTE;TWO-WAY,NOT DIVIDED;SMOOTH ASPHALT;DRY;DAYLIGHT;CLEAR;STOP AND GO SIGNAL;;;-78.7375;35.7457;;118;0;0;;;NONE;;NONE;;PASSENGER CAR;PASSENGER CAR;;;;NO;14832;2019-01-22;7:08:19 PM;2019-01-23T00:08:19+00:00;;2019;No;No;1;NONE;NONE,NONE;NONE,NONE;PASSENGER CAR,PASSENGER CAR;PASSENGER CAR,PASSENGER CAR;PASSENGER CAR,PASSENGER CAR;PASSENGER CAR,PASSENGER CAR
38455;CARY;NO SPECIAL FEATURE;STRAIGHT,LEVEL;STATE SECONDARY ROUTE;TWO-WAY,DIVIDED,UNPROTECTED MEDIAN;SMOOTH ASPHALT;DRY;DARK - LIGHTED ROADWAY;CLEAR;NO CONTROL PRESENT;;;-78.7815;35.7769;;120;0;0;1;;NONE;;NONE;;PICKUP;;;;;NO;14833;2019-01-22;6:42:48 PM;2019-01-22T23:42:48+00:00;;2019;No;No;1;NONE;NONE,NONE;NONE,NONE;PICKUP;PICKUP;PICKUP;PICKUP
38461;37 FEET FROM S.R. 1613 (DAVIS DR);FOUR-WAY INTERSECTION;STRAIGHT,GRADE;STATE SECONDARY ROUTE;TWO-WAY,DIVIDED,UNPROTECTED MEDIAN;SMOOTH ASPHALT;DRY;DAYLIGHT;CLEAR;STOP AND GO SIGNAL;;;-78.8473;35.794;;121;0;0;;;NONE;;NONE;;PASSENGER CAR;PICKUP;;;;NO;14839;2019-01-22;3:33:52 PM;2019-01-22T20:33:52+00:00;;2019;No;No;1;NONE;NONE,NONE;NONE,NONE;PASSENGER CAR,PICKUP;PASSENGER CAR,PICKUP;PASSENGER CAR,PICKUP;PASSENGER CAR,PICKUP
38467;300 FEET FROM 2500 CARPENTER UPCHURCH RD;DRIVEWAY, PUBLIC;STRAIGHT,LEVEL;PUBLIC VEHICULAR AREA;TWO-WAY,NOT DIVIDED;SMOOTH ASPHALT;WET;DAYLIGHT;RAIN;NO CONTROL PRESENT;35.808095886;-78.87058866;-78.868989;35.803864;P092;WAKE;0;0;;1;NONE;;NONE;;PASSENGER CAR;;;;;NO;14845;2019-01-04;1:53:42 PM;2019-01-04T18:53:42+00:00;35.808095886, -78.87058866;2019;No;No;1;NONE;NONE,NONE;NONE,NONE;PASSENGER CAR;PASSENGER CAR;PASSENGER CAR;PASSENGER CAR
38468;300 FEET FROM P.V.A. OF 2010 KILDAIRE FARM R;NO SPECIAL FEATURE;STRAIGHT,LEVEL;PUBLIC VEHICULAR AREA;TWO-WAY,NOT DIVIDED;SMOOTH ASPHALT;DRY;DAYLIGHT;CLEAR;NO CONTROL PRESENT;;;;;;116;0;0;;;NONE;;NONE;;PICKUP;PICKUP;;;;NO;14846;2019-01-24;3:47:50 PM;2019-01-24T20:47:50+00:00;;2019;No;No;1;NONE;NONE,NONE;NONE,NONE;PICKUP,PICKUP;PICKUP,PICKUP;PICKUP,PICKUP;PICKUP,PICKUP
38469;0 FEET FROM SR 1313 (WALNUT ST);NO SPECIAL FEATURE;STRAIGHT,LEVEL;STATE SECONDARY ROUTE;TWO-WAY,NOT DIVIDED;SMOOTH ASPHALT;DRY;DAYLIGHT;CLEAR;STOP AND GO SIGNAL;;;-78.7404;35.7555;;118;0;3;1;;;;NONE;;PASSENGER CAR;PASSENGER CAR;;;;NO;14847;2019-01-24;3:28:08 PM;2019-01-24T20:28:08+00:00;;2019;No;Yes;1;;NONE;NONE;PASSENGER CAR,PASSENGER CAR;PASSENGER CAR,PASSENGER CAR;PASSENGER CAR,PASSENGER CAR;PASSENGER CAR,PASSENGER CAR
38470;15 FEET FROM SR 1652 (N HARRISON AV);RAILROAD CROSSING;STRAIGHT,LEVEL;STATE SECONDARY ROUTE;TWO-WAY,NOT DIVIDED;SMOOTH ASPHALT;WET;DARK - LIGHTED ROADWAY;RAIN;RR GATE AND FLASHER;;;-78.783493;35.789051;;114;0;0;1;;NONE;;NONE;;VAN;;;;;NO;14848;2019-01-24;3:55:58 AM;2019-01-24T08:55:58+00:00;;2019;No;No;1;NONE;NONE,NONE;NONE,NONE;VAN;VAN;VAN;VAN
38475;30 FEET FROM SR 1010 (TEN TEN RD);RELATED TO INTERSECTION;STRAIGHT,LEVEL;STATE SECONDARY ROUTE;TWO-WAY,DIVIDED,UNPROTECTED MEDIAN;SMOOTH ASPHALT;DRY;DAYLIGHT;CLEAR;NO CONTROL PRESENT;;;-78.770192;35.693875;;116;0;0;;;NONE;;NONE;;PASSENGER CAR;PASSENGER CAR;;;;NO;14853;2019-01-24;2:04:27 PM;2019-01-24T19:04:27+00:00;;2019;No;No;1;NONE;NONE,NONE;NONE,NONE;PASSENGER CAR,PASSENGER CAR;PASSENGER CAR,PASSENGER CAR;PASSENGER CAR,PASSENGER CAR;PASSENGER CAR,PASSENGER CAR
38476;CARY;NO SPECIAL FEATURE;STRAIGHT,LEVEL;STATE SECONDARY ROUTE;TWO-WAY,DIVIDED,POSITIVE MEDIAN BARRIER;SMOOTH ASPHALT;WET;DAWN;RAIN;STOP AND GO SIGNAL;;;-78.741491;35.755765;;118;0;0;;;NONE;;NONE;;PASSENGER CAR;PICKUP;;;;NO;14854;2019-01-24;6:45:05 AM;2019-01-24T11:45:05+00:00;;2019;No;No;1;NONE;NONE,NONE;NONE,NONE;PASSENGER CAR,PICKUP;PASSENGER CAR,PICKUP;PASSENGER CAR,PICKUP;PASSENGER CAR,PICKUP
38480;1.48 MILES FROM US 1;NO SPECIAL FEATURE;STRAIGHT,LEVEL;US ROUTE;ONE-WAY,NOT DIVIDED;CONCRETE;WET;DAYLIGHT;RAIN;NO CONTROL PRESENT;;;-78.749187;35.759781;;112;0;1;;;NONE;;NONE;;PICKUP;PASSENGER CAR;;;;NO;14858;2019-01-24;7:52:30 AM;2019-01-24T12:52:30+00:00;;2019;No;Yes;1;NONE;NONE,NONE;NONE,NONE;PICKUP,PASSENGER CAR;PICKUP,PASSENGER CAR;PICKUP,PASSENGER CAR;PICKUP,PASSENGER CAR
38482;100 FEET FROM SR 1415 (SE MAYNARD RD);NO SPECIAL FEATURE;STRAIGHT,LEVEL;STATE SECONDARY ROUTE;TWO-WAY,DIVIDED,UNPROTECTED MEDIAN;SMOOTH ASPHALT;DRY;DAYLIGHT;CLEAR;NO CONTROL PRESENT;;;-78.763818;35.770966;;120;0;1;;;NONE;;NONE;;SPORT UTILITY;SPORT UTILITY;;;;NO;14860;2019-01-25;12:08 PM;2019-01-25T17:08:00+00:00;;2019;No;Yes;1;NONE;NONE,NONE;NONE,NONE;SPORT UTILITY,SPORT UTILITY;SPORT UTILITY,SPORT UTILITY;SPORT UTILITY,SPORT UTILITY;SPORT UTILITY,SPORT UTILITY