tamainid;location_description;rdfeature;rdcharacter;rdclass;rdconfigur;rdsurface;rdcondition;lightcond;weather;trafcontrl;lat;lon;lon2;lat2;tract;zone;fatality;possblinj;numpassengers;numpedestrians;contrcir1_desc;contrcir2_desc;contrcir3_desc;contrcir4_desc;vehicle1;vehicle2;vehicle3;vehicle4;vehicle5;workarea;records;ta_date;ta_time;crash_date;geo_location;year;fatalities;injuries;month;contrfact1;contrfact2;contributing_factor;vehicleconcat1;vehicleconcat2;vehicleconcat3;vehicle_type
41320;.05 MILES FROM SR 1621 (GREEN HOPE SCHOOL RD);RELATED TO INTERSECTION;STRAIGHT,HILLCREST;STATE SECONDARY ROUTE;TWO-WAY,DIVIDED,UNPROTECTED MEDIAN;SMOOTH ASPHALT;DRY;DAYLIGHT;CLEAR;STOP AND GO SIGNAL;;;-78.871536;35.802918;;;0;0;4;;NONE;;NONE;;SPORT UTILITY;PASSENGER CAR;;;;NO;17698;2019-08-23;7:52:38 PM;2019-08-23T23:52:38+00:00;;2019;No;No;8;NONE;NONE,NONE;NONE,NONE;SPORT UTILITY,PASSENGER CAR;SPORT UTILITY,PASSENGER CAR;SPORT UTILITY,PASSENGER CAR;SPORT UTILITY,PASSENGER CAR
41326;15 FEET FROM NC 54 HWY;RELATED TO INTERSECTION;STRAIGHT,GRADE;NC ROUTE;TWO-WAY,DIVIDED,UNPROTECTED MEDIAN;SMOOTH ASPHALT;WET;DAYLIGHT;CLOUDY;STOP AND GO SIGNAL;;;-78.779;35.8029;;;0;1;;;NONE;;NONE;;PICKUP;SPORT UTILITY;;;;NO;17704;2019-08-24;2:51:10 PM;2019-08-24T18:51:10+00:00;;2019;No;Yes;8;NONE;NONE,NONE;NONE,NONE;PICKUP,SPORT UTILITY;PICKUP,SPORT UTILITY;PICKUP,SPORT UTILITY;PICKUP,SPORT UTILITY
41328;.11 MILES FROM P.V.A (D&S CAFETERIA);NO SPECIAL FEATURE;STRAIGHT,LEVEL;PUBLIC VEHICULAR AREA;TWO-WAY,NOT DIVIDED;SMOOTH ASPHALT;WET;DAYLIGHT;RAIN;NO CONTROL PRESENT;;;-78.741;35.767;;;0;0;;;NONE;;NONE;;PASSENGER CAR;VAN;;;;NO;17706;2019-08-24;7:05:54 PM;2019-08-24T23:05:54+00:00;;2019;No;No;8;NONE;NONE,NONE;NONE,NONE;PASSENGER CAR,VAN;PASSENGER CAR,VAN;PASSENGER CAR,VAN;PASSENGER CAR,VAN
41330;.15 MILES FROM SW CARY PARKWAY;NO SPECIAL FEATURE;STRAIGHT,LEVEL;STATE SECONDARY ROUTE;TWO-WAY,DIVIDED,UNPROTECTED MEDIAN;SMOOTH ASPHALT;DRY;DAYLIGHT;CLOUDY;STOP AND GO SIGNAL;;;-78.83742;35.780301;;;0;0;2;;NONE;;NONE;;SPORT UTILITY;PASSENGER CAR;;;;NO;17708;2019-08-25;3:08:28 PM;2019-08-25T19:08:28+00:00;;2019;No;No;8;NONE;NONE,NONE;NONE,NONE;SPORT UTILITY,PASSENGER CAR;SPORT UTILITY,PASSENGER CAR;SPORT UTILITY,PASSENGER CAR;SPORT UTILITY,PASSENGER CAR
41332;450 FEET FROM US 64 HWY;RELATED TO INTERSECTION;STRAIGHT,LEVEL;US ROUTE;TWO-WAY,DIVIDED,UNPROTECTED MEDIAN;SMOOTH ASPHALT;DRY;DAYLIGHT;CLEAR;STOP AND GO SIGNAL;35.737208891;-78.7908604;-78.794;35.738;P042;115;0;0;;;NONE;;NONE;;PASSENGER CAR;SPORT UTILITY;;;;NO;17710;2019-08-26;7:33:14 AM;2019-08-26T11:33:14+00:00;35.737208891, -78.7908604;2019;No;No;8;NONE;NONE,NONE;NONE,NONE;PASSENGER CAR,SPORT UTILITY;PASSENGER CAR,SPORT UTILITY;PASSENGER CAR,SPORT UTILITY;PASSENGER CAR,SPORT UTILITY
41336;0 FEET FROM NC 54 (CHAPEL HILL RD);FOUR-WAY INTERSECTION;STRAIGHT,LEVEL;NC ROUTE;TWO-WAY,NOT DIVIDED;SMOOTH ASPHALT;DRY;DAYLIGHT;CLEAR;STOP AND GO SIGNAL;;;-78.796431;35.798798;;111;0;0;;;NONE;;NONE;;PASSENGER CAR;PICKUP;;;;NO;17714;2019-08-26;8:50:37 AM;2019-08-26T12:50:37+00:00;;2019;No;No;8;NONE;NONE,NONE;NONE,NONE;PASSENGER CAR,PICKUP;PASSENGER CAR,PICKUP;PASSENGER CAR,PICKUP;PASSENGER CAR,PICKUP
41337;300 FEET FROM AMBASSADOR LOOP;NO SPECIAL FEATURE;STRAIGHT,LEVEL;LOCAL STREET;TWO-WAY,NOT DIVIDED;SMOOTH ASPHALT;DRY;DAYLIGHT;CLEAR;NO CONTROL PRESENT;35.788641712;-78.78120324;-78.779681;35.788595;P060;113;0;0;;;NONE;;NONE;;LIGHT TRUCK (MINI-VAN- PANEL);;;;;NO;17715;2019-08-25;2:36:38 PM;2019-08-25T18:36:38+00:00;35.788641712, -78.78120324;2019;No;No;8;NONE;NONE,NONE;NONE,NONE;LIGHT TRUCK (MINI-VAN- PANEL);LIGHT TRUCK (MINI-VAN- PANEL);LIGHT TRUCK (MINI-VAN- PANEL);LIGHT TRUCK (MINI-VAN- PANEL)
41339;360 FEET FROM WOODFIELD LAKE RD;NO SPECIAL FEATURE;STRAIGHT,LEVEL;LOCAL STREET;TWO-WAY,NOT DIVIDED;SMOOTH ASPHALT;DRY;DAYLIGHT;CLEAR;NO CONTROL PRESENT;35.750077989;-78.74608602;-78.7449;35.7499;P046;118;0;0;;;;;NONE;;PASSENGER CAR;PASSENGER CAR;;;;NO;17717;2019-08-26;9:19:32 AM;2019-08-26T13:19:32+00:00;35.750077989, -78.74608602;2019;No;No;8;;NONE;NONE;PASSENGER CAR,PASSENGER CAR;PASSENGER CAR,PASSENGER CAR;PASSENGER CAR,PASSENGER CAR;PASSENGER CAR,PASSENGER CAR
41343;.25 MILES FROM SR 1615 HIGH HOUSE ROAD;;;;;;;;;;;;;;;121;0;0;;;;;;;;;;;;;17721;2019-08-20;11:04 PM;2019-08-21T03:04:00+00:00;;2019;No;No;8;;;;;;;
41354;50 FEET FROM TATE ST;RELATED TO INTERSECTION;STRAIGHT,LEVEL;LOCAL STREET;;SMOOTH ASPHALT;DRY;DAYLIGHT;CLEAR;STOP SIGN;;;-78.763753;35.788101;;;0;0;;;NONE;;NONE;;SPORT UTILITY;;;;;NO;17732;2019-08-27;10:01 AM;2019-08-27T14:01:00+00:00;;2019;No;No;8;NONE;NONE,NONE;NONE,NONE;SPORT UTILITY;SPORT UTILITY;SPORT UTILITY;SPORT UTILITY
41356;CARY;ALLEY INTERSECTION;STRAIGHT,LEVEL;STATE SECONDARY ROUTE;TWO-WAY,DIVIDED,UNPROTECTED MEDIAN;SMOOTH ASPHALT;DRY;DAYLIGHT;CLEAR;STOP SIGN;;;-78.8033;35.7941;;114;0;0;1;;NONE;;NONE;;PASSENGER CAR;SPORT UTILITY;;;;NO;17734;2019-08-27;1:15:46 PM;2019-08-27T17:15:46+00:00;;2019;No;No;8;NONE;NONE,NONE;NONE,NONE;PASSENGER CAR,SPORT UTILITY;PASSENGER CAR,SPORT UTILITY;PASSENGER CAR,SPORT UTILITY;PASSENGER CAR,SPORT UTILITY
41362;.13 MILES FROM PVA (6770 MCCRIMMON PKWY);NO SPECIAL FEATURE;STRAIGHT,LEVEL;PUBLIC VEHICULAR AREA;TWO-WAY,NOT DIVIDED;SMOOTH ASPHALT;DRY;DARK - LIGHTED ROADWAY;CLEAR;NO CONTROL PRESENT;;;-78.8901;35.8295;;;0;0;3;;NONE;;NONE;;PASSENGER CAR;PASSENGER CAR;;;;NO;17740;2019-08-27;9:36:30 PM;2019-08-28T01:36:30+00:00;;2019;No;No;8;NONE;NONE,NONE;NONE,NONE;PASSENGER CAR,PASSENGER CAR;PASSENGER CAR,PASSENGER CAR;PASSENGER CAR,PASSENGER CAR;PASSENGER CAR,PASSENGER CAR
41366;0 FEET FROM SR1415 (SW MAYNARD RD);FOUR-WAY INTERSECTION;STRAIGHT,LEVEL;STATE SECONDARY ROUTE;TWO-WAY,NOT DIVIDED;SMOOTH ASPHALT;DRY;DARK - LIGHTED ROADWAY;CLOUDY;STOP AND GO SIGNAL;;;-78.80475;35.77698;;;0;0;2;;;;NONE;;SPORT UTILITY;PASSENGER CAR;;;;NO;17744;2019-08-28;5:54:56 AM;2019-08-28T09:54:56+00:00;;2019;No;No;8;;NONE;NONE;SPORT UTILITY,PASSENGER CAR;SPORT UTILITY,PASSENGER CAR;SPORT UTILITY,PASSENGER CAR;SPORT UTILITY,PASSENGER CAR
41373;0.16 MILES FROM SR 1313 (WALNUT STREET);NO SPECIAL FEATURE;STRAIGHT,LEVEL;STATE SECONDARY ROUTE;TWO-WAY,NOT DIVIDED;SMOOTH ASPHALT;DRY;DAYLIGHT;CLEAR;NO CONTROL PRESENT;;;-78.7545;35.7658;;112;0;0;;;NONE;;NONE;;PASSENGER CAR;PASSENGER CAR;;;;NO;17751;2019-08-23;8:50:25 AM;2019-08-23T12:50:25+00:00;;2019;No;No;8;NONE;NONE,NONE;NONE,NONE;PASSENGER CAR,PASSENGER CAR;PASSENGER CAR,PASSENGER CAR;PASSENGER CAR,PASSENGER CAR;PASSENGER CAR,PASSENGER CAR
41374;.1 MILES FROM SR 1009 (TRYON RD);NO SPECIAL FEATURE;STRAIGHT,GRADE;STATE SECONDARY ROUTE;TWO-WAY,DIVIDED,UNPROTECTED MEDIAN;COARSE ASPHALT;DRY;DAYLIGHT;CLEAR;STOP AND GO SIGNAL;;;-78.779913;35.7403997;;;0;0;1;;NONE;;NONE;;PASSENGER CAR;SPORT UTILITY;;;;NO;17752;2019-08-28;2:43:49 PM;2019-08-28T18:43:49+00:00;;2019;No;No;8;NONE;NONE,NONE;NONE,NONE;PASSENGER CAR,SPORT UTILITY;PASSENGER CAR,SPORT UTILITY;PASSENGER CAR,SPORT UTILITY;PASSENGER CAR,SPORT UTILITY
41377;.01 MILES FROM NC 55 HWY;NO SPECIAL FEATURE;STRAIGHT,LEVEL;NC ROUTE;TWO-WAY,DIVIDED,UNPROTECTED MEDIAN;COARSE ASPHALT;WET;DAYLIGHT;RAIN;NO CONTROL PRESENT;35.889162378;-78.89578578;-78.873;35.82;P095;DURH;0;0;1;;NONE;;NONE;;PASSENGER CAR;PASSENGER CAR;PICKUP;;;NO;17755;2019-08-28;5:40:24 PM;2019-08-28T21:40:24+00:00;35.889162378, -78.89578578;2019;No;No;8;NONE;NONE,NONE;NONE,NONE;PASSENGER CAR,PASSENGER CAR;PASSENGER CAR,PASSENGER CAR,PICKUP;PASSENGER CAR,PASSENGER CAR,PICKUP;PASSENGER CAR,PASSENGER CAR,PICKUP
41382;CARY;OFF-RAMP PROPER;CURVE,LEVEL;US ROUTE;ONE-WAY,NOT DIVIDED;SMOOTH ASPHALT;DRY;DAYLIGHT;CLEAR;STOP AND GO SIGNAL;;;-78.794302;35.737989;;;0;0;;;NONE;;NONE;;PASSENGER CAR;PASSENGER CAR;;;;NO;17760;2019-08-28;2:38:11 PM;2019-08-28T18:38:11+00:00;;2019;No;No;8;NONE;NONE,NONE;NONE,NONE;PASSENGER CAR,PASSENGER CAR;PASSENGER CAR,PASSENGER CAR;PASSENGER CAR,PASSENGER CAR;PASSENGER CAR,PASSENGER CAR
41390;150 FEET FROM PVA OF 2323 NW MAYNARD RD;NO SPECIAL FEATURE;STRAIGHT,LEVEL;PUBLIC VEHICULAR AREA;ONE-WAY,NOT DIVIDED;SMOOTH ASPHALT;DRY;DAYLIGHT;CLEAR;NO CONTROL PRESENT;;;;;;;0;0;;;NONE;;NONE;;UNKNOWN;SPORT UTILITY;;;;NO;17768;2019-08-29;7:01:11 PM;2019-08-29T23:01:11+00:00;;2019;No;No;8;NONE;NONE,NONE;NONE,NONE;UNKNOWN,SPORT UTILITY;UNKNOWN,SPORT UTILITY;UNKNOWN,SPORT UTILITY;UNKNOWN,SPORT UTILITY
41397;250 FEET FROM SR 1632 (LOUIS STEPHENS DR);NO SPECIAL FEATURE;STRAIGHT,LEVEL;STATE SECONDARY ROUTE;TWO-WAY,NOT DIVIDED;SMOOTH ASPHALT;DRY;DAYLIGHT;CLOUDY;NO CONTROL PRESENT;;;-78.862055;35.831981;;;0;0;;;OTHER *;;NONE;;;;;;;NO;17775;2019-08-28;9:34:40 PM;2019-08-29T01:34:40+00:00;;2019;No;No;8;OTHER *;OTHER *,NONE;OTHER *,NONE;;;;
41409;0 FEET FROM SR1009 (TRYON RD);T-INTERSECTION;CURVE,GRADE;STATE SECONDARY ROUTE;TWO-WAY,DIVIDED,POSITIVE MEDIAN BARRIER;SMOOTH ASPHALT;DRY;DAYLIGHT;CLEAR;STOP AND GO SIGNAL;;;-78.7851;35.7374;;;0;0;;;NONE;;NONE;;PICKUP;;;;;NO;17787;2019-08-29;2:19:48 PM;2019-08-29T18:19:48+00:00;;2019;No;No;8;NONE;NONE,NONE;NONE,NONE;PICKUP;PICKUP;PICKUP;PICKUP
41416;CARY;;;;;;;;;;;;;;;;0;0;;;;;;;;;;;;;17794;2019-08-24;8:06:24 PM;2019-08-25T00:06:24+00:00;;2019;No;No;8;;;;;;;
41417;.2 MILES FROM P.V.A. 2430 WALNUT ST;NO SPECIAL FEATURE;STRAIGHT,LEVEL;PUBLIC VEHICULAR AREA;TWO-WAY,NOT DIVIDED;SMOOTH ASPHALT;DRY;DAYLIGHT;CLEAR;NO CONTROL PRESENT;;;-78.7434;35.7528;;;0;0;;;NONE;;NONE;;VAN;VAN;;;;NO;17795;2019-08-30;6:46:31 PM;2019-08-30T22:46:31+00:00;;2019;No;No;8;NONE;NONE,NONE;NONE,NONE;VAN,VAN;VAN,VAN;VAN,VAN;VAN,VAN
41425;.25 MILES FROM P.V.A. 1400 CRESCENT GREEN;NO SPECIAL FEATURE;STRAIGHT,LEVEL;PUBLIC VEHICULAR AREA;TWO-WAY,NOT DIVIDED;SMOOTH ASPHALT;DRY;DAYLIGHT;CLEAR;NO CONTROL PRESENT;;;-78.7838;35.7349;;;0;0;;;NONE;;NONE;;PICKUP;SPORT UTILITY;;;;NO;17803;2019-08-30;2:13:09 PM;2019-08-30T18:13:09+00:00;;2019;No;No;8;NONE;NONE,NONE;NONE,NONE;PICKUP,SPORT UTILITY;PICKUP,SPORT UTILITY;PICKUP,SPORT UTILITY;PICKUP,SPORT UTILITY
41431;17 FEET FROM CROSSROADS BLVD;NO SPECIAL FEATURE;STRAIGHT,LEVEL;PUBLIC VEHICULAR AREA;TWO-WAY,DIVIDED,POSITIVE MEDIAN BARRIER;SMOOTH ASPHALT;DRY;DARK - LIGHTED ROADWAY;CLEAR;NO CONTROL PRESENT;;;-78.733224;35.757731;;;0;0;2;;NONE;;NONE;;PICKUP;PASSENGER CAR;;;;NO;17809;2019-09-02;8:27:27 PM;2019-09-03T00:27:27+00:00;;2019;No;No;9;NONE;NONE,NONE;NONE,NONE;PICKUP,PASSENGER CAR;PICKUP,PASSENGER CAR;PICKUP,PASSENGER CAR;PICKUP,PASSENGER CAR
41445;0 FEET FROM SR 3081 (CHAPEL HILL RD);T-INTERSECTION;STRAIGHT,LEVEL;STATE SECONDARY ROUTE;TWO-WAY,NOT DIVIDED;SMOOTH ASPHALT;DRY;DAYLIGHT;CLEAR;STOP SIGN;;;-78.776092;35.791779;;113;0;2;;;NONE;;NONE;;PASSENGER CAR;PASSENGER CAR;;;;NO;17823;2019-08-30;8:29:17 AM;2019-08-30T12:29:17+00:00;;2019;No;Yes;8;NONE;NONE,NONE;NONE,NONE;PASSENGER CAR,PASSENGER CAR;PASSENGER CAR,PASSENGER CAR;PASSENGER CAR,PASSENGER CAR;PASSENGER CAR,PASSENGER CAR
41446;0.17 MILES FROM CANIFF LN;NO SPECIAL FEATURE;STRAIGHT,GRADE;LOCAL STREET;TWO-WAY,NOT DIVIDED;SMOOTH ASPHALT;DRY;DAYLIGHT;CLEAR;NO CONTROL PRESENT;35.782623262;-78.87258702;-78.8743;35.7829;P118;117;0;0;;;NONE;;NONE;;PASSENGER CAR;PASSENGER CAR;;;;NO;17824;2019-08-27;8:51:38 AM;2019-08-27T12:51:38+00:00;35.782623262, -78.87258702;2019;No;No;8;NONE;NONE,NONE;NONE,NONE;PASSENGER CAR,PASSENGER CAR;PASSENGER CAR,PASSENGER CAR;PASSENGER CAR,PASSENGER CAR;PASSENGER CAR,PASSENGER CAR
41447;.15 MILES FROM SR 1315 (BUCK JONES RD);DRIVEWAY, PUBLIC;STRAIGHT,LEVEL;STATE SECONDARY ROUTE;TWO-WAY,NOT DIVIDED;SMOOTH ASPHALT;DRY;DAYLIGHT;CLEAR;STOP SIGN;;;-78.7423;35.7655;;;0;2;1;;NONE;;NONE;;PASSENGER CAR;PASSENGER CAR;;;;NO;17825;2019-08-30;4:22:16 PM;2019-08-30T20:22:16+00:00;;2019;No;Yes;8;NONE;NONE,NONE;NONE,NONE;PASSENGER CAR,PASSENGER CAR;PASSENGER CAR,PASSENGER CAR;PASSENGER CAR,PASSENGER CAR;PASSENGER CAR,PASSENGER CAR
41463;CARY;;;;;;;;;;;;;;;;0;0;;;;;;;VAN;;;;;;17841;2019-09-04;12:44 PM;2019-09-04T16:44:00+00:00;;2019;No;No;9;;;;VAN;VAN;VAN;VAN
41466;0 FEET FROM SR 3977 (SW CARY PKWY);NO SPECIAL FEATURE;STRAIGHT,GRADE;STATE SECONDARY ROUTE;TWO-WAY,DIVIDED,UNPROTECTED MEDIAN;SMOOTH ASPHALT;DRY;DAYLIGHT;CLEAR;NO CONTROL PRESENT;;;-78.81637;35.757081;;115;0;0;;;NONE;;NONE;;PASSENGER CAR;PASSENGER CAR;;;;NO;17844;2019-09-03;10:07 PM;2019-09-04T02:07:00+00:00;;2019;No;No;9;NONE;NONE,NONE;NONE,NONE;PASSENGER CAR,PASSENGER CAR;PASSENGER CAR,PASSENGER CAR;PASSENGER CAR,PASSENGER CAR;PASSENGER CAR,PASSENGER CAR
41473;234 FEET FROM SR1652 (N HARRISON AV);BRIDGE;STRAIGHT,LEVEL;STATE SECONDARY ROUTE;TWO-WAY,NOT DIVIDED;SMOOTH ASPHALT;DRY;DAYLIGHT;CLEAR;STOP AND GO SIGNAL;;;-78.76395;35.831566;;;0;0;;;NONE;;NONE;;PASSENGER CAR;PICKUP;;;;NO;17851;2019-09-03;5:19:44 PM;2019-09-03T21:19:44+00:00;;2019;No;No;9;NONE;NONE,NONE;NONE,NONE;PASSENGER CAR,PICKUP;PASSENGER CAR,PICKUP;PASSENGER CAR,PICKUP;PASSENGER CAR,PICKUP
41476;100 FEET FROM PVA 2010 KILDAIRE FARM RD;NO SPECIAL FEATURE;STRAIGHT,LEVEL;PUBLIC VEHICULAR AREA;ONE-WAY,NOT DIVIDED;SMOOTH ASPHALT;DRY;DAYLIGHT;CLEAR;NO CONTROL PRESENT;;;-78.781222;35.736927;;;0;0;;;NONE;;NONE;;PASSENGER CAR;SPORT UTILITY;;;;NO;17854;2019-09-04;7:35:32 PM;2019-09-04T23:35:32+00:00;;2019;No;No;9;NONE;NONE,NONE;NONE,NONE;PASSENGER CAR,SPORT UTILITY;PASSENGER CAR,SPORT UTILITY;PASSENGER CAR,SPORT UTILITY;PASSENGER CAR,SPORT UTILITY
41491;CARY;FOUR-WAY INTERSECTION;STRAIGHT,LEVEL;LOCAL STREET;TWO-WAY,DIVIDED,UNPROTECTED MEDIAN;SMOOTH ASPHALT;DRY;DAYLIGHT;CLEAR;STOP AND GO SIGNAL;35.775896615;-78.76417339;-78.764162;35.775854;P061;120;0;1;3;;NONE;;NONE;;SPORT UTILITY;PASSENGER CAR;;;;NO;17869;2019-09-03;2:36:54 PM;2019-09-03T18:36:54+00:00;35.775896615, -78.76417339;2019;No;Yes;9;NONE;NONE,NONE;NONE,NONE;SPORT UTILITY,PASSENGER CAR;SPORT UTILITY,PASSENGER CAR;SPORT UTILITY,PASSENGER CAR;SPORT UTILITY,PASSENGER CAR
41493;CARY;NO SPECIAL FEATURE;STRAIGHT,LEVEL;STATE SECONDARY ROUTE;TWO-WAY,DIVIDED,POSITIVE MEDIAN BARRIER;SMOOTH ASPHALT;WET;DAYLIGHT;RAIN;STOP AND GO SIGNAL;;;-78.740523;35.745698;;;0;0;;;NONE;;NONE;;PASSENGER CAR;SPORT UTILITY;;;;NO;17871;2019-09-05;7:31:51 PM;2019-09-05T23:31:51+00:00;;2019;No;No;9;NONE;NONE,NONE;NONE,NONE;PASSENGER CAR,SPORT UTILITY;PASSENGER CAR,SPORT UTILITY;PASSENGER CAR,SPORT UTILITY;PASSENGER CAR,SPORT UTILITY
41496;.1 MILES FROM SR 3081 (CHAPEL HILL RD);NO SPECIAL FEATURE;STRAIGHT,LEVEL;STATE SECONDARY ROUTE;TWO-WAY,NOT DIVIDED;SMOOTH ASPHALT;DRY;DARK - ROADWAY NOT LIGHTED;CLEAR;NO CONTROL PRESENT;;;-78.776768;35.790672;;;0;1;;;NONE;;NONE;;SPORT UTILITY;;;;;NO;17874;2019-09-04;7:13:31 AM;2019-09-04T11:13:31+00:00;;2019;No;Yes;9;NONE;NONE,NONE;NONE,NONE;SPORT UTILITY;SPORT UTILITY;SPORT UTILITY;SPORT UTILITY
41499;.1 MILES FROM PVA (103 SW MAYNARD RD);DRIVEWAY, PRIVATE;STRAIGHT,LEVEL;PUBLIC VEHICULAR AREA;TWO-WAY,NOT DIVIDED;COARSE ASPHALT;DRY;DAYLIGHT;CLEAR;NO CONTROL PRESENT;;;-78.7824;35.771;;;0;0;;;NONE;;NONE;;PASSENGER CAR;PICKUP;;;;NO;17877;2019-09-03;1:32:24 PM;2019-09-03T17:32:24+00:00;;2019;No;No;9;NONE;NONE,NONE;NONE,NONE;PASSENGER CAR,PICKUP;PASSENGER CAR,PICKUP;PASSENGER CAR,PICKUP;PASSENGER CAR,PICKUP
41503;300 FEET FROM SR 1300 (KILDAIRE FARM RD);NO SPECIAL FEATURE;CURVE,LEVEL;NC ROUTE;TWO-WAY,DIVIDED,UNPROTECTED MEDIAN;SMOOTH ASPHALT;DRY;DAYLIGHT;CLEAR;NO CONTROL PRESENT;;;-78.7972;35.6905;;;0;0;;;NONE;;NONE;;PICKUP;;;;;NO;17881;2019-09-06;11:24 AM;2019-09-06T15:24:00+00:00;;2019;No;No;9;NONE;NONE,NONE;NONE,NONE;PICKUP;PICKUP;PICKUP;PICKUP
41504;0.15 MILES FROM NC 55 HWY;;;;;;;;;;;;;;;;0;0;;;;;;;;;;;;;17882;2019-09-03;1:14:54 PM;2019-09-03T17:14:54+00:00;;2019;No;No;9;;;;;;;
41505;200 FEET FROM P.V.A. 2900 REGENCY PKWY;NO SPECIAL FEATURE;STRAIGHT,LEVEL;PUBLIC VEHICULAR AREA;TWO-WAY,NOT DIVIDED;SMOOTH ASPHALT;DRY;DAYLIGHT;CLEAR;NO CONTROL PRESENT;;;-78.789;35.73301;;;0;0;;;NONE;;NONE;;PICKUP;PICKUP;;;;NO;17883;2019-09-06;10:28 AM;2019-09-06T14:28:00+00:00;;2019;No;No;9;NONE;NONE,NONE;NONE,NONE;PICKUP,PICKUP;PICKUP,PICKUP;PICKUP,PICKUP;PICKUP,PICKUP
41509;400 FEET FROM SR 1415 (MAYNARD RD);NO SPECIAL FEATURE;STRAIGHT,LEVEL;STATE SECONDARY ROUTE;TWO-WAY,DIVIDED,UNPROTECTED MEDIAN;SMOOTH ASPHALT;DRY;DARK - LIGHTED ROADWAY;CLEAR;NO CONTROL PRESENT;;;-78.803468;35.77648;;;0;0;;;NONE;;NONE;;PASSENGER CAR;;;;;NO;17887;2019-08-26;2:16:36 PM;2019-08-26T18:16:36+00:00;;2019;No;No;8;NONE;NONE,NONE;NONE,NONE;PASSENGER CAR;PASSENGER CAR;PASSENGER CAR;PASSENGER CAR
41511;25 FEET FROM QUEENSFERRY RD;NO SPECIAL FEATURE;STRAIGHT,LEVEL;LOCAL STREET;TWO-WAY,NOT DIVIDED;SMOOTH ASPHALT;DRY;DAYLIGHT;CLEAR;STOP SIGN;;;-78.7863;35.7511;;;0;0;;;NONE;;NONE;;PASSENGER CAR;;;;;NO;17889;2019-09-07;9:59:20 AM;2019-09-07T13:59:20+00:00;;2019;No;No;9;NONE;NONE,NONE;NONE,NONE;PASSENGER CAR;PASSENGER CAR;PASSENGER CAR;PASSENGER CAR
41512;CARY;T-INTERSECTION;CURVE,GRADE;STATE SECONDARY ROUTE;TWO-WAY,NOT DIVIDED;SMOOTH ASPHALT;DRY;DAYLIGHT;CLEAR;STOP SIGN;;;-78.78165;35.778661;;;0;0;2;;NONE;;NONE;;SPORT UTILITY;SPORT UTILITY;;;;NO;17890;2019-09-02;12:03 PM;2019-09-02T16:03:00+00:00;;2019;No;No;9;NONE;NONE,NONE;NONE,NONE;SPORT UTILITY,SPORT UTILITY;SPORT UTILITY,SPORT UTILITY;SPORT UTILITY,SPORT UTILITY;SPORT UTILITY,SPORT UTILITY
41523;0 FEET FROM SR 1415 (NW MAYNARD RD);RELATED TO INTERSECTION;STRAIGHT,LEVEL;STATE SECONDARY ROUTE;TWO-WAY,NOT DIVIDED;SMOOTH ASPHALT;DRY;DAYLIGHT;CLEAR;STOP SIGN;;;-78.785236;35.802343;;111;0;0;;;NONE;;NONE;;PASSENGER CAR;PASSENGER CAR;;;;NO;17901;2019-09-08;6:25:27 PM;2019-09-08T22:25:27+00:00;;2019;No;No;9;NONE;NONE,NONE;NONE,NONE;PASSENGER CAR,PASSENGER CAR;PASSENGER CAR,PASSENGER CAR;PASSENGER CAR,PASSENGER CAR;PASSENGER CAR,PASSENGER CAR
41533;20 FEET FROM US 1;OFF-RAMP PROPER;CURVE,GRADE;US ROUTE;TWO-WAY,DIVIDED,UNPROTECTED MEDIAN;SMOOTH ASPHALT;DRY;DAYLIGHT;CLEAR;STOP AND GO SIGNAL;;;-78.748661;35.763756;;;0;1;2;;NONE;;NONE;;PASSENGER CAR;PASSENGER CAR;;;;NO;17911;2019-09-07;6:01:55 PM;2019-09-07T22:01:55+00:00;;2019;No;Yes;9;NONE;NONE,NONE;NONE,NONE;PASSENGER CAR,PASSENGER CAR;PASSENGER CAR,PASSENGER CAR;PASSENGER CAR,PASSENGER CAR;PASSENGER CAR,PASSENGER CAR
41540;CARY;T-INTERSECTION;STRAIGHT,LEVEL;PUBLIC VEHICULAR AREA;TWO-WAY,NOT DIVIDED;SMOOTH ASPHALT;DRY;DAYLIGHT;CLEAR;STOP SIGN;;;-78.760484;35.791528;;;0;0;;;NONE;;NONE;;SPORT UTILITY;PASSENGER CAR;PASSENGER CAR;;;NO;17918;2019-09-09;12:18 PM;2019-09-09T16:18:00+00:00;;2019;No;No;9;NONE;NONE,NONE;NONE,NONE;SPORT UTILITY,PASSENGER CAR;SPORT UTILITY,PASSENGER CAR,PASSENGER CAR;SPORT UTILITY,PASSENGER CAR,PASSENGER CAR;SPORT UTILITY,PASSENGER CAR,PASSENGER CAR
41541;.1 MILES FROM NC 55 HWY;NO SPECIAL FEATURE;STRAIGHT,LEVEL;NC ROUTE;TWO-WAY,DIVIDED,UNPROTECTED MEDIAN;SMOOTH ASPHALT;DRY;DAYLIGHT;CLEAR;NO CONTROL PRESENT;;;-78.888028;35.842591;;;0;0;;;NONE;;NONE;;POLICE;PASSENGER CAR;;;;NO;17919;2019-09-09;12:55 PM;2019-09-09T16:55:00+00:00;;2019;No;No;9;NONE;NONE,NONE;NONE,NONE;POLICE,PASSENGER CAR;POLICE,PASSENGER CAR;POLICE,PASSENGER CAR;POLICE,PASSENGER CAR
41543;425 FEET FROM P.V.A. (1120 SE CARY PKWY);NO SPECIAL FEATURE;STRAIGHT,LEVEL;PUBLIC VEHICULAR AREA;TWO-WAY,NOT DIVIDED;COARSE ASPHALT;DRY;DAYLIGHT;CLOUDY;NO CONTROL PRESENT;;;-78.7625;35.7424;;;0;0;;;NONE;;NONE;;SPORT UTILITY;PICKUP;;;;NO;17921;2019-09-09;11:27 AM;2019-09-09T15:27:00+00:00;;2019;No;No;9;NONE;NONE,NONE;NONE,NONE;SPORT UTILITY,PICKUP;SPORT UTILITY,PICKUP;SPORT UTILITY,PICKUP;SPORT UTILITY,PICKUP