tamainid;location_description;rdfeature;rdcharacter;rdclass;rdconfigur;rdsurface;rdcondition;lightcond;weather;trafcontrl;lat;lon;lon2;lat2;tract;zone;fatality;possblinj;numpassengers;numpedestrians;contrcir1_desc;contrcir2_desc;contrcir3_desc;contrcir4_desc;vehicle1;vehicle2;vehicle3;vehicle4;vehicle5;workarea;records;ta_date;ta_time;crash_date;geo_location;year;fatalities;injuries;month;contrfact1;contrfact2;contributing_factor;vehicleconcat1;vehicleconcat2;vehicleconcat3;vehicle_type
43056;.2 MILES FROM US 1 HWY;NO SPECIAL FEATURE;STRAIGHT,LEVEL;US ROUTE;TWO-WAY,DIVIDED,POSITIVE MEDIAN BARRIER;COARSE ASPHALT;DRY;DAYLIGHT;CLEAR;NO CONTROL PRESENT;;;-78.7469;35.7608;;112;0;0;;;;;NONE;;SPORT UTILITY;SPORT UTILITY;;;;NO;19431;2019-12-16;7:57:06 AM;2019-12-16T12:57:06+00:00;;2019;No;No;12;;NONE;NONE;SPORT UTILITY,SPORT UTILITY;SPORT UTILITY,SPORT UTILITY;SPORT UTILITY,SPORT UTILITY;SPORT UTILITY,SPORT UTILITY
43058;0 FEET FROM SR 1415 (SE MAYNARD RD);FOUR-WAY INTERSECTION;STRAIGHT,LEVEL;STATE SECONDARY ROUTE;TWO-WAY,NOT DIVIDED;SMOOTH ASPHALT;DRY;DAYLIGHT;CLEAR;STOP AND GO SIGNAL;;;-78.781731;35.771187;;120;0;0;1;;NONE;;NONE;;SPORT UTILITY;PASSENGER CAR;;;;NO;19433;2019-12-16;11:17 AM;2019-12-16T16:17:00+00:00;;2019;No;No;12;NONE;NONE,NONE;NONE,NONE;SPORT UTILITY,PASSENGER CAR;SPORT UTILITY,PASSENGER CAR;SPORT UTILITY,PASSENGER CAR;SPORT UTILITY,PASSENGER CAR
43059;15 FEET FROM WARREN AV;NO SPECIAL FEATURE;STRAIGHT,LEVEL;LOCAL STREET;TWO-WAY,NOT DIVIDED;SMOOTH ASPHALT;DRY;DAYLIGHT;CLEAR;STOP SIGN;35.774737086;-78.77508408;-78.775036;35.774443;P062;120;0;0;;;NONE;;NONE;;PASSENGER CAR;UNKNOWN;;;;NO;19434;2019-12-16;4:27:36 PM;2019-12-16T21:27:36+00:00;35.774737086, -78.77508408;2019;No;No;12;NONE;NONE,NONE;NONE,NONE;PASSENGER CAR,UNKNOWN;PASSENGER CAR,UNKNOWN;PASSENGER CAR,UNKNOWN;PASSENGER CAR,UNKNOWN
43060;250 FEET FROM SR 1652 (N HARRISON AV0;RAILROAD CROSSING;STRAIGHT,LEVEL;STATE SECONDARY ROUTE;TWO-WAY,NOT DIVIDED;SMOOTH ASPHALT;DRY;DARK - LIGHTED ROADWAY;CLEAR;RR GATE AND FLASHER;;;-78.783;35.789;;;0;0;3;;NONE;;NONE;;PASSENGER CAR;;;;;NO;19435;2019-12-17;12:08 AM;2019-12-17T05:08:00+00:00;;2019;No;No;12;NONE;NONE,NONE;NONE,NONE;PASSENGER CAR;PASSENGER CAR;PASSENGER CAR;PASSENGER CAR
43063;66 FEET FROM WOODFIELD LAKE RD;TRAFFIC CIRCLE/ROUNDABOUT;CURVE,LEVEL;PRIVATE ROAD,DRIVEWAY;ONE-WAY,NOT DIVIDED;SMOOTH ASPHALT;DRY;DAYLIGHT;CLEAR;NO CONTROL PRESENT;35.749940708;-78.74523294;-78.74524;35.749931;P046;118;0;0;;;NONE;;NONE;;UNKNOWN;SPORT UTILITY;;;;NO;19438;2019-12-16;9:59:55 AM;2019-12-16T14:59:55+00:00;35.749940708, -78.74523294;2019;No;No;12;NONE;NONE,NONE;NONE,NONE;UNKNOWN,SPORT UTILITY;UNKNOWN,SPORT UTILITY;UNKNOWN,SPORT UTILITY;UNKNOWN,SPORT UTILITY
43066;0.11 MILES FROM GRANDE MEADOW WAY;NO SPECIAL FEATURE;STRAIGHT,GRADE;PUBLIC VEHICULAR AREA;ONE-WAY,NOT DIVIDED;SMOOTH ASPHALT;DRY;DARK - LIGHTED ROADWAY;CLEAR;NO CONTROL PRESENT;35.803043111;-78.78678742;-78.789;35.803;P024;111;0;0;;;NONE;;NONE;;PASSENGER CAR;PASSENGER CAR;;;;NO;19441;2019-12-14;3:57:15 AM;2019-12-14T08:57:15+00:00;35.803043111, -78.78678742;2019;No;No;12;NONE;NONE,NONE;NONE,NONE;PASSENGER CAR,PASSENGER CAR;PASSENGER CAR,PASSENGER CAR;PASSENGER CAR,PASSENGER CAR;PASSENGER CAR,PASSENGER CAR
43069;10 FEET FROM WESTON PKWY;NO SPECIAL FEATURE;STRAIGHT,HILLCREST;LOCAL STREET;TWO-WAY,DIVIDED,UNPROTECTED MEDIAN;SMOOTH ASPHALT;DRY;DAYLIGHT;CLEAR;NO CONTROL PRESENT;;;-78.8085;35.8211;;;0;0;2;;;;NONE;;PASSENGER CAR;SPORT UTILITY;;;;NO;19444;2019-12-16;12:11 PM;2019-12-16T17:11:00+00:00;;2019;No;No;12;;NONE;NONE;PASSENGER CAR,SPORT UTILITY;PASSENGER CAR,SPORT UTILITY;PASSENGER CAR,SPORT UTILITY;PASSENGER CAR,SPORT UTILITY
43073;CARY;RELATED TO INTERSECTION;STRAIGHT,GRADE;STATE SECONDARY ROUTE;TWO-WAY,DIVIDED,UNPROTECTED MEDIAN;;DRY;DUSK;CLEAR;NO CONTROL PRESENT;;;-78.792311;35.77161;;;0;2;;;NONE;;NONE;;PICKUP;PASSENGER CAR;;;;NO;19448;2019-12-16;5:47:37 PM;2019-12-16T22:47:37+00:00;;2019;No;Yes;12;NONE;NONE,NONE;NONE,NONE;PICKUP,PASSENGER CAR;PICKUP,PASSENGER CAR;PICKUP,PASSENGER CAR;PICKUP,PASSENGER CAR
43082;.3 MILES FROM SR 1642 (HIGH HOUSE RD);RELATED TO INTERSECTION;STRAIGHT,LEVEL;STATE SECONDARY ROUTE;TWO-WAY,DIVIDED,UNPROTECTED MEDIAN;COARSE ASPHALT;WET;DAYLIGHT;RAIN;STOP AND GO SIGNAL;;;-78.838;35.792;;;0;0;1;;NONE;;NONE;;VAN;PASSENGER CAR;;;;NO;19457;2019-12-17;9:54:05 AM;2019-12-17T14:54:05+00:00;;2019;No;No;12;NONE;NONE,NONE;NONE,NONE;VAN,PASSENGER CAR;VAN,PASSENGER CAR;VAN,PASSENGER CAR;VAN,PASSENGER CAR
43088;CARY;RELATED TO INTERSECTION;STRAIGHT,LEVEL;STATE SECONDARY ROUTE;TWO-WAY,DIVIDED,UNPROTECTED MEDIAN;SMOOTH ASPHALT;WET;DARK - LIGHTED ROADWAY;CLOUDY;STOP AND GO SIGNAL;;;-78.78263;35.76914;;;0;0;;;NONE;;NONE;;PASSENGER CAR;PASSENGER CAR;;;;NO;19463;2019-12-17;5:10:49 PM;2019-12-17T22:10:49+00:00;;2019;No;No;12;NONE;NONE,NONE;NONE,NONE;PASSENGER CAR,PASSENGER CAR;PASSENGER CAR,PASSENGER CAR;PASSENGER CAR,PASSENGER CAR;PASSENGER CAR,PASSENGER CAR
43092;424 FEET FROM GRANDE VALLEY CIR;NO SPECIAL FEATURE;STRAIGHT,LEVEL;LOCAL STREET;TWO-WAY,NOT DIVIDED;SMOOTH ASPHALT;WET;DAYLIGHT;RAIN;NO CONTROL PRESENT;35.803574549;-78.78658532;-78.78769;35.804377;P024;111;0;0;;;NONE;;NONE;;SPORT UTILITY;PASSENGER CAR;;;;NO;19467;2019-12-17;3:10:00 PM;2019-12-17T20:10:00+00:00;35.803574549, -78.78658532;2019;No;No;12;NONE;NONE,NONE;NONE,NONE;SPORT UTILITY,PASSENGER CAR;SPORT UTILITY,PASSENGER CAR;SPORT UTILITY,PASSENGER CAR;SPORT UTILITY,PASSENGER CAR
43094;50 FEET FROM  SR-1497 CARY TOWNE BLVD;RELATED TO INTERSECTION;STRAIGHT,LEVEL;STATE SECONDARY ROUTE;TWO-WAY,NOT DIVIDED;SMOOTH ASPHALT;WET;DARK - LIGHTED ROADWAY;CLOUDY;NO CONTROL PRESENT;;;-78.765055;35.775835;;;0;0;;;;;NONE;;PASSENGER CAR;PASSENGER CAR;;;;NO;19469;2019-12-17;11:32 PM;2019-12-18T04:32:00+00:00;;2019;No;No;12;;NONE;NONE;PASSENGER CAR,PASSENGER CAR;PASSENGER CAR,PASSENGER CAR;PASSENGER CAR,PASSENGER CAR;PASSENGER CAR,PASSENGER CAR
43095;10 FEET FROM WESTON PKWY;NO SPECIAL FEATURE;CURVE,GRADE;LOCAL STREET;TWO-WAY,DIVIDED,POSITIVE MEDIAN BARRIER;SMOOTH ASPHALT;WET;DAYLIGHT;RAIN;STOP AND GO SIGNAL;;;-78.8058;35.8265;;;0;0;;;NONE;;NONE;;PASSENGER CAR;PASSENGER CAR;;;;NO;19470;2019-12-17;11:25 AM;2019-12-17T16:25:00+00:00;;2019;No;No;12;NONE;NONE,NONE;NONE,NONE;PASSENGER CAR,PASSENGER CAR;PASSENGER CAR,PASSENGER CAR;PASSENGER CAR,PASSENGER CAR;PASSENGER CAR,PASSENGER CAR
43101;200 FEET FROM SR 1300 KILDAIRE FARM RD;NO SPECIAL FEATURE;STRAIGHT,LEVEL;STATE SECONDARY ROUTE;TWO-WAY,DIVIDED,UNPROTECTED MEDIAN;SMOOTH ASPHALT;DRY;DAYLIGHT;CLEAR;NO CONTROL PRESENT;;;-78.782869;35.756493;;;0;1;1;;NONE;;NONE;;SPORT UTILITY;VAN;;;;NO;19476;2019-12-18;10:43 AM;2019-12-18T15:43:00+00:00;;2019;No;Yes;12;NONE;NONE,NONE;NONE,NONE;SPORT UTILITY,VAN;SPORT UTILITY,VAN;SPORT UTILITY,VAN;SPORT UTILITY,VAN
43110;CARY;;;;;;;;;;35.737933405;-78.79567263;;;P041;116;0;0;;;;;;;;;;;;;19485;2019-12-10;4:07:32 PM;2019-12-10T21:07:32+00:00;35.737933405, -78.79567263;2019;No;No;12;;;;;;;
43112;1.11 MILES FROM I 40;OFF-RAMP TERMINAL ON CROSSROAD;STRAIGHT,BOTTOM (SAG);INTERSTATE;TWO-WAY,DIVIDED,POSITIVE MEDIAN BARRIER;CONCRETE;DRY;DARK - LIGHTED ROADWAY;CLEAR;NO CONTROL PRESENT;;;-78.739114;35.765419;;;0;0;;;NONE;;NONE;;PASSENGER CAR;PASSENGER CAR;;;;NO;19487;2019-12-18;6:18:10 PM;2019-12-18T23:18:10+00:00;;2019;No;No;12;NONE;NONE,NONE;NONE,NONE;PASSENGER CAR,PASSENGER CAR;PASSENGER CAR,PASSENGER CAR;PASSENGER CAR,PASSENGER CAR;PASSENGER CAR,PASSENGER CAR
43113;250 FEET FROM SR1635 (MCCRIMMON PKWY);NO SPECIAL FEATURE;STRAIGHT,GRADE;STATE SECONDARY ROUTE;TWO-WAY,DIVIDED,POSITIVE MEDIAN BARRIER;SMOOTH ASPHALT;DRY;DUSK;CLEAR;NO CONTROL PRESENT;;;-78.8863;35.8286;;;0;0;;;NONE;;NONE;;PASSENGER CAR;SPORT UTILITY;;;;NO;19488;2019-12-18;6:46:29 AM;2019-12-18T11:46:29+00:00;;2019;No;No;12;NONE;NONE,NONE;NONE,NONE;PASSENGER CAR,SPORT UTILITY;PASSENGER CAR,SPORT UTILITY;PASSENGER CAR,SPORT UTILITY;PASSENGER CAR,SPORT UTILITY
43121;200 FEET FROM MORRISVILLE CARPENTER RD;RELATED TO INTERSECTION;STRAIGHT,GRADE;LOCAL STREET;TWO-WAY,NOT DIVIDED;SMOOTH ASPHALT;WET;DARK - ROADWAY NOT LIGHTED;RAIN;STOP AND GO SIGNAL;;;-78.873031;35.820408;;;0;0;2;;NONE;;NONE;;PASSENGER CAR;PASSENGER CAR;;;;NO;19496;2019-12-17;4:14:22 PM;2019-12-17T21:14:22+00:00;;2019;No;No;12;NONE;NONE,NONE;NONE,NONE;PASSENGER CAR,PASSENGER CAR;PASSENGER CAR,PASSENGER CAR;PASSENGER CAR,PASSENGER CAR;PASSENGER CAR,PASSENGER CAR
43122;100 FEET FROM PVA 2750 NC 55 HWY;DRIVEWAY, PUBLIC;STRAIGHT,LEVEL;PUBLIC VEHICULAR AREA;TWO-WAY,NOT DIVIDED;SMOOTH ASPHALT;DRY;DARK - LIGHTED ROADWAY;CLEAR;STOP SIGN;;;-78.8702;35.7864;;;0;0;1;;NONE;;NONE;;SPORT UTILITY;PASSENGER CAR;;;;NO;19497;2019-12-19;6:36:56 PM;2019-12-19T23:36:56+00:00;;2019;No;No;12;NONE;NONE,NONE;NONE,NONE;SPORT UTILITY,PASSENGER CAR;SPORT UTILITY,PASSENGER CAR;SPORT UTILITY,PASSENGER CAR;SPORT UTILITY,PASSENGER CAR
43125;0 FEET FROM SR 1313 (WALNUT ST);FOUR-WAY INTERSECTION;STRAIGHT,LEVEL;STATE SECONDARY ROUTE;TWO-WAY,DIVIDED,UNPROTECTED MEDIAN;COARSE ASPHALT;WET;DARK - LIGHTED ROADWAY;RAIN;STOP AND GO SIGNAL;;;-78.7414;35.7557;;;0;2;1;;NONE;;NONE;;PASSENGER CAR;PASSENGER CAR;;;;NO;19500;2019-12-13;4:50:10 PM;2019-12-13T21:50:10+00:00;;2019;No;Yes;12;NONE;NONE,NONE;NONE,NONE;PASSENGER CAR,PASSENGER CAR;PASSENGER CAR,PASSENGER CAR;PASSENGER CAR,PASSENGER CAR;PASSENGER CAR,PASSENGER CAR
43126;CARY;RELATED TO INTERSECTION;STRAIGHT,LEVEL;STATE SECONDARY ROUTE;TWO-WAY,DIVIDED,UNPROTECTED MEDIAN;SMOOTH ASPHALT;DRY;DAYLIGHT;CLEAR;STOP AND GO SIGNAL;;;-78.76213;35.74488;;;0;0;;;NONE;;NONE;;PICKUP;PASSENGER CAR;;;;NO;19501;2019-12-18;3:09:16 PM;2019-12-18T20:09:16+00:00;;2019;No;No;12;NONE;NONE,NONE;NONE,NONE;PICKUP,PASSENGER CAR;PICKUP,PASSENGER CAR;PICKUP,PASSENGER CAR;PICKUP,PASSENGER CAR
43143;200 FEET FROM P.V.A. 17001 SEARSTONE DR;NO SPECIAL FEATURE;STRAIGHT,LEVEL;PUBLIC VEHICULAR AREA;TWO-WAY,NOT DIVIDED;SMOOTH ASPHALT;DRY;DAYLIGHT;CLEAR;NO CONTROL PRESENT;;;-78.8447;35.7883;;117;0;0;;;NONE;;NONE;;PASSENGER CAR;PASSENGER CAR;;;;NO;19518;2019-12-21;11:07 AM;2019-12-21T16:07:00+00:00;;2019;No;No;12;NONE;NONE,NONE;NONE,NONE;PASSENGER CAR,PASSENGER CAR;PASSENGER CAR,PASSENGER CAR;PASSENGER CAR,PASSENGER CAR;PASSENGER CAR,PASSENGER CAR
43145;CARY;FOUR-WAY INTERSECTION;STRAIGHT,LEVEL;STATE SECONDARY ROUTE;TWO-WAY,DIVIDED,POSITIVE MEDIAN BARRIER;SMOOTH ASPHALT;DRY;DARK - LIGHTED ROADWAY;CLEAR;STOP AND GO SIGNAL;;;-78.761941;35.770532;;;0;0;1;;NONE;;NONE;;VAN;PASSENGER CAR;;;;NO;19520;2019-12-22;8:38:45 PM;2019-12-23T01:38:45+00:00;;2019;No;No;12;NONE;NONE,NONE;NONE,NONE;VAN,PASSENGER CAR;VAN,PASSENGER CAR;VAN,PASSENGER CAR;VAN,PASSENGER CAR
43149;40 FEET FROM REEDY CREEK RD;NO SPECIAL FEATURE;STRAIGHT,GRADE;LOCAL STREET;TWO-WAY,NOT DIVIDED;SMOOTH ASPHALT;DRY;DAYLIGHT;CLEAR;NO CONTROL PRESENT;35.7940721;-78.76766824;-78.7675;35.7943;P033;113;0;4;2;;NONE;;NONE;;PASSENGER CAR;PASSENGER CAR;;;;NO;19524;2019-12-18;11:40 AM;2019-12-18T16:40:00+00:00;35.7940721, -78.76766824;2019;No;Yes;12;NONE;NONE,NONE;NONE,NONE;PASSENGER CAR,PASSENGER CAR;PASSENGER CAR,PASSENGER CAR;PASSENGER CAR,PASSENGER CAR;PASSENGER CAR,PASSENGER CAR
43156;CARY;FOUR-WAY INTERSECTION;STRAIGHT,GRADE;STATE SECONDARY ROUTE;TWO-WAY,NOT DIVIDED;SMOOTH ASPHALT;DRY;DARK - LIGHTED ROADWAY;CLEAR;STOP AND GO SIGNAL;;;-78.739;35.746;;;0;1;2;;NONE;;NONE;;VAN;SPORT UTILITY;;;;NO;19531;2019-12-17;3:23:32 AM;2019-12-17T08:23:32+00:00;;2019;No;Yes;12;NONE;NONE,NONE;NONE,NONE;VAN,SPORT UTILITY;VAN,SPORT UTILITY;VAN,SPORT UTILITY;VAN,SPORT UTILITY
43159;25 FEET FROM SR 1613 (DAVIS DRIVE);RAILROAD CROSSING;STRAIGHT,LEVEL;STATE SECONDARY ROUTE;TWO-WAY,DIVIDED,POSITIVE MEDIAN BARRIER;SMOOTH ASPHALT;DRY;DAYLIGHT;CLEAR;SCHOOL ZONE SIGNS;;;-78.8488;35.7802;;;0;0;;;NONE;;NONE;;PASSENGER CAR;PASSENGER CAR;;;;NO;19534;2019-12-18;10:26 AM;2019-12-18T15:26:00+00:00;;2019;No;No;12;NONE;NONE,NONE;NONE,NONE;PASSENGER CAR,PASSENGER CAR;PASSENGER CAR,PASSENGER CAR;PASSENGER CAR,PASSENGER CAR;PASSENGER CAR,PASSENGER CAR
43161;344 FEET FROM P.V.A. (240 CROSSROADS BLVD);NO SPECIAL FEATURE;STRAIGHT,LEVEL;PUBLIC VEHICULAR AREA;TWO-WAY,NOT DIVIDED;COARSE ASPHALT;WET;DAYLIGHT;RAIN;NO CONTROL PRESENT;;;-78.7394;35.7601;;;0;0;;;NONE;;NONE;;PASSENGER CAR;;;;;NO;19536;2019-12-23;11:42 AM;2019-12-23T16:42:00+00:00;;2019;No;No;12;NONE;NONE,NONE;NONE,NONE;PASSENGER CAR;PASSENGER CAR;PASSENGER CAR;PASSENGER CAR
43163;CARY;NO SPECIAL FEATURE;STRAIGHT,GRADE;STATE SECONDARY ROUTE;TWO-WAY,DIVIDED,UNPROTECTED MEDIAN;SMOOTH ASPHALT;WET;DAYLIGHT;RAIN;NO CONTROL PRESENT;;;-78.8004;35.7552;;;0;0;1;;NONE;;NONE;;PASSENGER CAR;LIGHT TRUCK (MINI-VAN- PANEL);;;;NO;19538;2019-12-23;12:27 PM;2019-12-23T17:27:00+00:00;;2019;No;No;12;NONE;NONE,NONE;NONE,NONE;PASSENGER CAR,LIGHT TRUCK (MINI-VAN- PANEL);PASSENGER CAR,LIGHT TRUCK (MINI-VAN- PANEL);PASSENGER CAR,LIGHT TRUCK (MINI-VAN- PANEL);PASSENGER CAR,LIGHT TRUCK (MINI-VAN- PANEL)
43171;300 FEET FROM COLONADES WAY;NO SPECIAL FEATURE;STRAIGHT,LEVEL;LOCAL STREET;TWO-WAY,DIVIDED,UNPROTECTED MEDIAN;COARSE ASPHALT;DRY;DARK - LIGHTED ROADWAY;CLEAR;NO CONTROL PRESENT;35.740455902;-78.7760054;-78.777568;35.739968;P053;116;0;0;;;NONE;;NONE;;PASSENGER CAR;PASSENGER CAR;;;;NO;19546;2019-12-21;8:20:16 PM;2019-12-22T01:20:16+00:00;35.740455902, -78.7760054;2019;No;No;12;NONE;NONE,NONE;NONE,NONE;PASSENGER CAR,PASSENGER CAR;PASSENGER CAR,PASSENGER CAR;PASSENGER CAR,PASSENGER CAR;PASSENGER CAR,PASSENGER CAR
43173;361 FEET FROM SR1415 (SE MAYNARD RD);NO SPECIAL FEATURE;STRAIGHT,LEVEL;STATE SECONDARY ROUTE;TWO-WAY,NOT DIVIDED;SMOOTH ASPHALT;WET;DARK - LIGHTED ROADWAY;CLEAR;NO CONTROL PRESENT;;;-78.764;35.774;;120;0;0;;;NONE;;NONE;;SPORT UTILITY;PASSENGER CAR;;;;NO;19548;2019-12-23;7:31:14 PM;2019-12-24T00:31:14+00:00;;2019;No;No;12;NONE;NONE,NONE;NONE,NONE;SPORT UTILITY,PASSENGER CAR;SPORT UTILITY,PASSENGER CAR;SPORT UTILITY,PASSENGER CAR;SPORT UTILITY,PASSENGER CAR
43176;CARY;T-INTERSECTION;STRAIGHT,GRADE;STATE SECONDARY ROUTE;TWO-WAY,NOT DIVIDED;SMOOTH ASPHALT;WET;DARK - LIGHTED ROADWAY;CLOUDY;STOP SIGN;;;-78.795237;35.771634;;;0;0;;;NONE;;NONE;;VAN;SPORT UTILITY;;;;NO;19551;2019-12-23;9:50:40 PM;2019-12-24T02:50:40+00:00;;2019;No;No;12;NONE;NONE,NONE;NONE,NONE;VAN,SPORT UTILITY;VAN,SPORT UTILITY;VAN,SPORT UTILITY;VAN,SPORT UTILITY
43186;400 FEET FROM US HWY 1;NO SPECIAL FEATURE;STRAIGHT,LEVEL;US ROUTE;TWO-WAY,DIVIDED,POSITIVE MEDIAN BARRIER;COARSE ASPHALT;DRY;DAWN;CLEAR;NO CONTROL PRESENT;;;-78.799713;35.733465;;;0;0;;;NONE;;NONE;;PASSENGER CAR;;;;;NO;19561;2019-12-24;2:40:13 AM;2019-12-24T07:40:13+00:00;;2019;No;No;12;NONE;NONE,NONE;NONE,NONE;PASSENGER CAR;PASSENGER CAR;PASSENGER CAR;PASSENGER CAR
43191;327 FEET FROM MEETING ST;NO SPECIAL FEATURE;STRAIGHT,LEVEL;LOCAL STREET;TWO-WAY,NOT DIVIDED;SMOOTH ASPHALT;DRY;DAYLIGHT;CLEAR;STOP SIGN;;;-78.7442;35.7571;;;0;1;;;NONE;;NONE;;PASSENGER CAR;PASSENGER CAR;;;;NO;19566;2019-12-26;2:07:05 PM;2019-12-26T19:07:05+00:00;;2019;No;Yes;12;NONE;NONE,NONE;NONE,NONE;PASSENGER CAR,PASSENGER CAR;PASSENGER CAR,PASSENGER CAR;PASSENGER CAR,PASSENGER CAR;PASSENGER CAR,PASSENGER CAR
43212;75 FEET FROM P.V.A. (4103 CAROLINA LILY ST);DRIVEWAY, PUBLIC;STRAIGHT,LEVEL;PUBLIC VEHICULAR AREA;TWO-WAY,NOT DIVIDED;SMOOTH ASPHALT;DRY;DARK - LIGHTED ROADWAY;CLEAR;NO CONTROL PRESENT;;;-78.885269;35.832685;;119;0;0;;;NONE;;NONE;;PASSENGER CAR;SPORT UTILITY;PASSENGER CAR;;;NO;19587;2019-12-27;11:45 PM;2019-12-28T04:45:00+00:00;;2019;No;No;12;NONE;NONE,NONE;NONE,NONE;PASSENGER CAR,SPORT UTILITY;PASSENGER CAR,SPORT UTILITY,PASSENGER CAR;PASSENGER CAR,SPORT UTILITY,PASSENGER CAR;PASSENGER CAR,SPORT UTILITY,PASSENGER CAR
43216;.1 MILES FROM SR 1313 (WALNUT ST);NO SPECIAL FEATURE;STRAIGHT,LEVEL;STATE SECONDARY ROUTE;TWO-WAY,DIVIDED,POSITIVE MEDIAN BARRIER;SMOOTH ASPHALT;DRY;DAYLIGHT;CLOUDY;NO CONTROL PRESENT;;;;;;;0;0;;;NONE;;NONE;;PASSENGER CAR;PASSENGER CAR;;;;NO;19591;2019-12-29;10:03 AM;2019-12-29T15:03:00+00:00;;2019;No;No;12;NONE;NONE,NONE;NONE,NONE;PASSENGER CAR,PASSENGER CAR;PASSENGER CAR,PASSENGER CAR;PASSENGER CAR,PASSENGER CAR;PASSENGER CAR,PASSENGER CAR
43219;43 FEET FROM SR 1313 (WALNUT ST);NO SPECIAL FEATURE;STRAIGHT,GRADE;STATE SECONDARY ROUTE;TWO-WAY,DIVIDED,UNPROTECTED MEDIAN;COARSE ASPHALT;DRY;DARK - LIGHTED ROADWAY;CLEAR;STOP AND GO SIGNAL;;;-78.742996;35.7591849;;;0;0;;;NONE;;NONE;;PASSENGER CAR;PASSENGER CAR;;;;NO;19594;2019-12-27;6:16:59 PM;2019-12-27T23:16:59+00:00;;2019;No;No;12;NONE;NONE,NONE;NONE,NONE;PASSENGER CAR,PASSENGER CAR;PASSENGER CAR,PASSENGER CAR;PASSENGER CAR,PASSENGER CAR;PASSENGER CAR,PASSENGER CAR
43220;.2 MILES FROM LOCHMERE DR;NO SPECIAL FEATURE;CURVE,LEVEL;LOCAL STREET;TWO-WAY,NOT DIVIDED;SMOOTH ASPHALT;DRY;DARK - LIGHTED ROADWAY;CLEAR;NO CONTROL PRESENT;;;-78.7629;35.7265;;;0;0;1;;NONE;;NONE;;PASSENGER CAR;;;;;NO;19595;2019-12-27;11:01 PM;2019-12-28T04:01:00+00:00;;2019;No;No;12;NONE;NONE,NONE;NONE,NONE;PASSENGER CAR;PASSENGER CAR;PASSENGER CAR;PASSENGER CAR
43226;.2 MILES FROM US 1;NO SPECIAL FEATURE;STRAIGHT,GRADE;US ROUTE;TWO-WAY,DIVIDED,UNPROTECTED MEDIAN;COARSE ASPHALT;DRY;DARK - LIGHTED ROADWAY;CLEAR;NO CONTROL PRESENT;;;-78.739525;35.7648718;;;0;0;2;;NONE;;NONE;;PASSENGER CAR;PASSENGER CAR;;;;NO;19601;2019-12-27;5:37:46 PM;2019-12-27T22:37:46+00:00;;2019;No;No;12;NONE;NONE,NONE;NONE,NONE;PASSENGER CAR,PASSENGER CAR;PASSENGER CAR,PASSENGER CAR;PASSENGER CAR,PASSENGER CAR;PASSENGER CAR,PASSENGER CAR
43227;CARY;FOUR-WAY INTERSECTION;STRAIGHT,LEVEL;NC ROUTE;TWO-WAY,DIVIDED,POSITIVE MEDIAN BARRIER;SMOOTH ASPHALT;WET;DUSK;RAIN;STOP AND GO SIGNAL;;;-78.767801;35.801387;;;0;0;1;;NONE;;NONE;;PICKUP;PASSENGER CAR;;;;NO;19602;2019-12-29;6:23:55 PM;2019-12-29T23:23:55+00:00;;2019;No;No;12;NONE;NONE,NONE;NONE,NONE;PICKUP,PASSENGER CAR;PICKUP,PASSENGER CAR;PICKUP,PASSENGER CAR;PICKUP,PASSENGER CAR
43228;.20 MILES FROM SR1521(LAKE PINE DR);RELATED TO INTERSECTION;STRAIGHT,GRADE;STATE SECONDARY ROUTE;TWO-WAY,NOT DIVIDED;SMOOTH ASPHALT;DRY;DAYLIGHT;CLEAR;STOP AND GO SIGNAL;;;-78.8084;35.7542;;;0;0;1;;NONE;;NONE;;PASSENGER CAR;PASSENGER CAR;;;;NO;19603;2019-12-29;2:06:59 PM;2019-12-29T19:06:59+00:00;;2019;No;No;12;NONE;NONE,NONE;NONE,NONE;PASSENGER CAR,PASSENGER CAR;PASSENGER CAR,PASSENGER CAR;PASSENGER CAR,PASSENGER CAR;PASSENGER CAR,PASSENGER CAR
43229;85 FEET FROM NC 55 HWY;NO SPECIAL FEATURE;STRAIGHT,LEVEL;NC ROUTE;TWO-WAY,DIVIDED,UNPROTECTED MEDIAN;SMOOTH ASPHALT;DRY;DARK - ROADWAY NOT LIGHTED;CLEAR;NO CONTROL PRESENT;35.836701179;-78.88305472;-78.883;35.8363;P082;119;0;2;5;;;;NONE;;SPORT UTILITY;SPORT UTILITY;;;;NO;19604;2019-12-27;5:08:22 PM;2019-12-27T22:08:22+00:00;35.836701179, -78.88305472;2019;No;Yes;12;;NONE;NONE;SPORT UTILITY,SPORT UTILITY;SPORT UTILITY,SPORT UTILITY;SPORT UTILITY,SPORT UTILITY;SPORT UTILITY,SPORT UTILITY
43237;CARY;RELATED TO INTERSECTION;STRAIGHT,GRADE;STATE SECONDARY ROUTE;TWO-WAY,DIVIDED,UNPROTECTED MEDIAN;SMOOTH ASPHALT;WET;DAYLIGHT;CLOUDY;NO CONTROL PRESENT;;;-78.78894;35.81939;;;0;0;;;NONE;;NONE;;PASSENGER CAR;;;;;NO;19612;2019-12-30;9:57:31 AM;2019-12-30T14:57:31+00:00;;2019;No;No;12;NONE;NONE,NONE;NONE,NONE;PASSENGER CAR;PASSENGER CAR;PASSENGER CAR;PASSENGER CAR