tamainid;location_description;rdfeature;rdcharacter;rdclass;rdconfigur;rdsurface;rdcondition;lightcond;weather;trafcontrl;lat;lon;lon2;lat2;tract;zone;fatality;possblinj;numpassengers;numpedestrians;contrcir1_desc;contrcir2_desc;contrcir3_desc;contrcir4_desc;vehicle1;vehicle2;vehicle3;vehicle4;vehicle5;workarea;records;ta_date;ta_time;crash_date;geo_location;year;fatalities;injuries;month;contrfact1;contrfact2;contributing_factor;vehicleconcat1;vehicleconcat2;vehicleconcat3;vehicle_type
43431;CARY;FOUR-WAY INTERSECTION;STRAIGHT,LEVEL;STATE SECONDARY ROUTE;TWO-WAY,DIVIDED,UNPROTECTED MEDIAN;SMOOTH ASPHALT;WET;DARK - LIGHTED ROADWAY;CLOUDY;STOP AND GO SIGNAL;;;-78.850598;35.790104;;121;0;0;;;NONE;;NONE;;PASSENGER CAR;SPORT UTILITY;;;;NO;19806;2020-01-13;7:26:57 PM;2020-01-14T00:26:57+00:00;;2020;No;No;1;NONE;NONE,NONE;NONE,NONE;PASSENGER CAR,SPORT UTILITY;PASSENGER CAR,SPORT UTILITY;PASSENGER CAR,SPORT UTILITY;PASSENGER CAR,SPORT UTILITY
43433;CARY;FOUR-WAY INTERSECTION;STRAIGHT,LEVEL;STATE SECONDARY ROUTE;TWO-WAY,NOT DIVIDED;COARSE ASPHALT;WET;DARK - UNKNOWN LIGHTING;CLOUDY;NO CONTROL PRESENT;;;-78.7946;35.7007;;116;0;2;;;;;NONE;;SPORT UTILITY;SPORT UTILITY;;;;NO;19808;2020-01-13;5:54:37 PM;2020-01-13T22:54:37+00:00;;2020;No;Yes;1;;NONE;NONE;SPORT UTILITY,SPORT UTILITY;SPORT UTILITY,SPORT UTILITY;SPORT UTILITY,SPORT UTILITY;SPORT UTILITY,SPORT UTILITY
43436;48 FEET FROM WESTON PKWY;NO SPECIAL FEATURE;STRAIGHT,GRADE;LOCAL STREET;TWO-WAY,DIVIDED,UNPROTECTED MEDIAN;SMOOTH ASPHALT;DRY;DARK - LIGHTED ROADWAY;CLEAR;NO CONTROL PRESENT;35.829014808;-78.79775834;-78.7977;35.8289;P021;111;0;0;;;DARTING;;NONE;;PASSENGER CAR;;;;;NO;19811;2020-01-05;5:42:32 AM;2020-01-05T10:42:32+00:00;35.829014808, -78.79775834;2020;No;No;1;DARTING;DARTING,NONE;DARTING,NONE;PASSENGER CAR;PASSENGER CAR;PASSENGER CAR;PASSENGER CAR
43439;0 FEET FROM SR 1652 (N HARRISON AV);RELATED TO INTERSECTION;STRAIGHT,GRADE;STATE SECONDARY ROUTE;TWO-WAY,NOT DIVIDED;SMOOTH ASPHALT;WET;DAYLIGHT;CLEAR;STOP AND GO SIGNAL;;;-78.7685;35.8298;;;0;0;;;;;NONE;;PASSENGER CAR;PASSENGER CAR;;;;NO;19814;2020-01-06;9:31:14 AM;2020-01-06T14:31:14+00:00;;2020;No;No;1;;NONE;NONE;PASSENGER CAR,PASSENGER CAR;PASSENGER CAR,PASSENGER CAR;PASSENGER CAR,PASSENGER CAR;PASSENGER CAR,PASSENGER CAR
43446;200 FEET FROM NC 55 HWY;NO SPECIAL FEATURE;STRAIGHT,LEVEL;NC ROUTE;TWO-WAY,DIVIDED,UNPROTECTED MEDIAN;SMOOTH ASPHALT;WET;DAYLIGHT;RAIN;NO CONTROL PRESENT;;;-78.894321;35.858021;;;0;0;;;NONE;;NONE;;PASSENGER CAR;VAN;;;;NO;19821;2020-01-14;8:38:32 AM;2020-01-14T13:38:32+00:00;;2020;No;No;1;NONE;NONE,NONE;NONE,NONE;PASSENGER CAR,VAN;PASSENGER CAR,VAN;PASSENGER CAR,VAN;PASSENGER CAR,VAN
43452;200 FEET FROM P.V.A. 204 CROSSROADS BLVD;NO SPECIAL FEATURE;STRAIGHT,LEVEL;PUBLIC VEHICULAR AREA;TWO-WAY,NOT DIVIDED;SMOOTH ASPHALT;DRY;DAYLIGHT;CLEAR;NO CONTROL PRESENT;;;-78.7412;35.7604;;;0;0;;;NONE;;NONE;;PASSENGER CAR;SPORT UTILITY;;;;NO;19827;2020-01-14;4:05:46 PM;2020-01-14T21:05:46+00:00;;2020;No;No;1;NONE;NONE,NONE;NONE,NONE;PASSENGER CAR,SPORT UTILITY;PASSENGER CAR,SPORT UTILITY;PASSENGER CAR,SPORT UTILITY;PASSENGER CAR,SPORT UTILITY
43458;.02 MILES FROM NC 55 HWY;NO SPECIAL FEATURE;STRAIGHT,LEVEL;NC ROUTE;TWO-WAY,DIVIDED,UNPROTECTED MEDIAN;SMOOTH ASPHALT;DRY;DAYLIGHT;CLOUDY;NO CONTROL PRESENT;35.799517008;-78.87090124;-78.87135;35.80449;P091;WAKE;0;0;2;;NONE;;NONE;;SPORT UTILITY;PASSENGER CAR;;;;NO;19833;2020-01-15;9:31:41 AM;2020-01-15T14:31:41+00:00;35.799517008, -78.87090124;2020;No;No;1;NONE;NONE,NONE;NONE,NONE;SPORT UTILITY,PASSENGER CAR;SPORT UTILITY,PASSENGER CAR;SPORT UTILITY,PASSENGER CAR;SPORT UTILITY,PASSENGER CAR
43462;5 FEET FROM SR-1652 N HARRISON AV;RELATED TO INTERSECTION;STRAIGHT,LEVEL;STATE SECONDARY ROUTE;TWO-WAY,NOT DIVIDED;SMOOTH ASPHALT;DRY;DARK - LIGHTED ROADWAY;CLOUDY;STOP AND GO SIGNAL;;;-78.770155;35.82745;;111;0;0;;;;;NONE;;VAN;PASSENGER CAR;PASSENGER CAR;;;NO;19837;2020-01-14;7:37:18 PM;2020-01-15T00:37:18+00:00;;2020;No;No;1;;NONE;NONE;VAN,PASSENGER CAR;VAN,PASSENGER CAR,PASSENGER CAR;VAN,PASSENGER CAR,PASSENGER CAR;VAN,PASSENGER CAR,PASSENGER CAR
43463;50 FEET FROM SR-1652 N HARRISON AV;NO SPECIAL FEATURE;STRAIGHT,LEVEL;STATE SECONDARY ROUTE;TWO-WAY,NOT DIVIDED;SMOOTH ASPHALT;DRY;DARK - ROADWAY NOT LIGHTED;CLEAR;NO CONTROL PRESENT;;;-78.761076;35.832759;;111;0;0;;;;;NONE;;VAN;PASSENGER CAR;;;;NO;19838;2020-01-14;10:45 PM;2020-01-15T03:45:00+00:00;;2020;No;No;1;;NONE;NONE;VAN,PASSENGER CAR;VAN,PASSENGER CAR;VAN,PASSENGER CAR;VAN,PASSENGER CAR
43467;0 FEET FROM SR 1313 (WALNUT STREET);T-INTERSECTION;STRAIGHT,LEVEL;STATE SECONDARY ROUTE;TWO-WAY,DIVIDED,UNPROTECTED MEDIAN;SMOOTH ASPHALT;DRY;DAYLIGHT;CLEAR;STOP AND GO SIGNAL;;;-78.7441;35.7609;;112;0;0;2;;NONE;;NONE;;PASSENGER CAR;PASSENGER CAR;;;;NO;19842;2020-01-08;9:37:42 AM;2020-01-08T14:37:42+00:00;;2020;No;No;1;NONE;NONE,NONE;NONE,NONE;PASSENGER CAR,PASSENGER CAR;PASSENGER CAR,PASSENGER CAR;PASSENGER CAR,PASSENGER CAR;PASSENGER CAR,PASSENGER CAR
43470;CARY;RELATED TO INTERSECTION;STRAIGHT,LEVEL;STATE SECONDARY ROUTE;TWO-WAY,NOT DIVIDED;SMOOTH ASPHALT;WET;DARK - LIGHTED ROADWAY;CLEAR;FLASHING STOP AND GO SIGNAL;;;-78.77;35.8271;;;0;0;;;NONE;;NONE;;PASSENGER CAR;;;;;NO;19845;2020-01-14;1:13:57 PM;2020-01-14T18:13:57+00:00;;2020;No;No;1;NONE;NONE,NONE;NONE,NONE;PASSENGER CAR;PASSENGER CAR;PASSENGER CAR;PASSENGER CAR
43478;100 FEET FROM SR 1390 (OPTIMIST FARM RD);NO SPECIAL FEATURE;CURVE,GRADE;STATE SECONDARY ROUTE;TWO-WAY,NOT DIVIDED;SMOOTH ASPHALT;WET;DAYLIGHT;RAIN;NO CONTROL PRESENT;;;-78.751338;35.661556;;;0;0;;;NONE;;NONE;;SPORT UTILITY;;;;;NO;19853;2020-01-14;1:22:46 PM;2020-01-14T18:22:46+00:00;;2020;No;No;1;NONE;NONE,NONE;NONE,NONE;SPORT UTILITY;SPORT UTILITY;SPORT UTILITY;SPORT UTILITY
43486;75 FEET FROM SR 1313 (WALNUT STREET);NO SPECIAL FEATURE;STRAIGHT,HILLCREST;STATE SECONDARY ROUTE;TWO-WAY,NOT DIVIDED;COARSE ASPHALT;DRY;DAYLIGHT;CLEAR;NO CONTROL PRESENT;;;-78.752543;35.765055;;;0;2;1;;NONE;;NONE;;SPORT UTILITY;PASSENGER CAR;;;;NO;19861;2020-01-17;10:25 AM;2020-01-17T15:25:00+00:00;;2020;No;Yes;1;NONE;NONE,NONE;NONE,NONE;SPORT UTILITY,PASSENGER CAR;SPORT UTILITY,PASSENGER CAR;SPORT UTILITY,PASSENGER CAR;SPORT UTILITY,PASSENGER CAR
43496;100 FEET FROM HARRISON AVE TO I40 E BOUND;ON-RAMP ENTRY;STRAIGHT,LEVEL;OTHER *;ONE-WAY,NOT DIVIDED;COARSE ASPHALT;DRY;DARK - ROADWAY NOT LIGHTED;CLEAR;NO CONTROL PRESENT;;;-78.763;35.831;;;0;0;;;NONE;;NONE;;PASSENGER CAR;PASSENGER CAR;;;;NO;19871;2020-01-20;10:35 PM;2020-01-21T03:35:00+00:00;;2020;No;No;1;NONE;NONE,NONE;NONE,NONE;PASSENGER CAR,PASSENGER CAR;PASSENGER CAR,PASSENGER CAR;PASSENGER CAR,PASSENGER CAR;PASSENGER CAR,PASSENGER CAR
43499;CARY;T-INTERSECTION;STRAIGHT,LEVEL;STATE SECONDARY ROUTE;TWO-WAY,NOT DIVIDED;SMOOTH ASPHALT;DRY;DAYLIGHT;CLEAR;STOP AND GO SIGNAL;;;-78.780433;35.782493;;;0;0;1;;NONE;;NONE;;SPORT UTILITY;PASSENGER CAR;;;;NO;19874;2020-01-19;2:05:51 PM;2020-01-19T19:05:51+00:00;;2020;No;No;1;NONE;NONE,NONE;NONE,NONE;SPORT UTILITY,PASSENGER CAR;SPORT UTILITY,PASSENGER CAR;SPORT UTILITY,PASSENGER CAR;SPORT UTILITY,PASSENGER CAR
43504;10 FEET FROM SR 1415 (SE MAYNARD RD);RELATED TO INTERSECTION;STRAIGHT,LEVEL;STATE SECONDARY ROUTE;TWO-WAY,DIVIDED,UNPROTECTED MEDIAN;SMOOTH ASPHALT;DRY;DARK - LIGHTED ROADWAY;CLEAR;STOP AND GO SIGNAL;;;-78.764135;35.772675;;120;0;0;;;NONE;;NONE;;SPORT UTILITY;;;;;NO;19879;2020-01-20;6:29:23 AM;2020-01-20T11:29:23+00:00;;2020;No;No;1;NONE;NONE,NONE;NONE,NONE;SPORT UTILITY;SPORT UTILITY;SPORT UTILITY;SPORT UTILITY
43506;468 FEET FROM CONNORS CIR;NO SPECIAL FEATURE;STRAIGHT,LEVEL;LOCAL STREET;TWO-WAY,NOT DIVIDED;SMOOTH ASPHALT;DRY;DARK - ROADWAY NOT LIGHTED;CLEAR;NO CONTROL PRESENT;;;-78.778;35.754;;;0;0;1;;NONE;;NONE;;SPORT UTILITY;;;;;NO;19881;2020-01-19;2:59:14 PM;2020-01-19T19:59:14+00:00;;2020;No;No;1;NONE;NONE,NONE;NONE,NONE;SPORT UTILITY;SPORT UTILITY;SPORT UTILITY;SPORT UTILITY
43508;193 FEET FROM P.V.A. (1297 BUCK JONES RD);DRIVEWAY, PUBLIC;STRAIGHT,LEVEL;PUBLIC VEHICULAR AREA;TWO-WAY,NOT DIVIDED;SMOOTH ASPHALT;DRY;DAYLIGHT;CLEAR;NO CONTROL PRESENT;;;-78.741;35.756;;;0;0;;;NONE;;NONE;;VAN;PICKUP;;;;NO;19883;2020-01-20;3:23:58 PM;2020-01-20T20:23:58+00:00;;2020;No;No;1;NONE;NONE,NONE;NONE,NONE;VAN,PICKUP;VAN,PICKUP;VAN,PICKUP;VAN,PICKUP
43516;.181 MILES FROM SR1652 (N HARRISON AV);NO SPECIAL FEATURE;STRAIGHT,LEVEL;STATE SECONDARY ROUTE;TWO-WAY,DIVIDED,UNPROTECTED MEDIAN;SMOOTH ASPHALT;DRY;DARK - LIGHTED ROADWAY;CLEAR;NO CONTROL PRESENT;;;-78.767158;35.830502;;;0;0;;;NONE;;NONE;;PASSENGER CAR;SPORT UTILITY;;;;NO;19891;2020-01-16;5:59:09 AM;2020-01-16T10:59:09+00:00;;2020;No;No;1;NONE;NONE,NONE;NONE,NONE;PASSENGER CAR,SPORT UTILITY;PASSENGER CAR,SPORT UTILITY;PASSENGER CAR,SPORT UTILITY;PASSENGER CAR,SPORT UTILITY
43521;CARY;FOUR-WAY INTERSECTION;STRAIGHT,LEVEL;STATE SECONDARY ROUTE;TWO-WAY,NOT DIVIDED;SMOOTH ASPHALT;DRY;DAYLIGHT;CLEAR;STOP AND GO SIGNAL;;;-78.778622;35.787478;;120;0;1;;;;;NONE;;SPORT UTILITY;PASSENGER CAR;;;;NO;19896;2020-01-16;4:08:59 PM;2020-01-16T21:08:59+00:00;;2020;No;Yes;1;;NONE;NONE;SPORT UTILITY,PASSENGER CAR;SPORT UTILITY,PASSENGER CAR;SPORT UTILITY,PASSENGER CAR;SPORT UTILITY,PASSENGER CAR
43531;319 FEET FROM P.V.A. TARGET(2021 WALNUT ST);NO SPECIAL FEATURE;STRAIGHT,LEVEL;PUBLIC VEHICULAR AREA;TWO-WAY,NOT DIVIDED;SMOOTH ASPHALT;DRY;DAYLIGHT;CLOUDY;NO CONTROL PRESENT;;;-78.73871;35.757891;;;0;0;;;NONE;;NONE;;UNKNOWN;PASSENGER CAR;;;;NO;19906;2020-01-18;3:40:33 PM;2020-01-18T20:40:33+00:00;;2020;No;No;1;NONE;NONE,NONE;NONE,NONE;UNKNOWN,PASSENGER CAR;UNKNOWN,PASSENGER CAR;UNKNOWN,PASSENGER CAR;UNKNOWN,PASSENGER CAR
43537;300 FEET FROM SR 1415 (SE MAYNARD RD);NO SPECIAL FEATURE;STRAIGHT,LEVEL;STATE SECONDARY ROUTE;TWO-WAY,DIVIDED,UNPROTECTED MEDIAN;SMOOTH ASPHALT;WET;DARK - LIGHTED ROADWAY;RAIN;NO CONTROL PRESENT;;;-78.765;35.7916;;;0;0;;;NONE;;NONE;;PICKUP;PASSENGER CAR;;;;NO;19912;2020-01-18;7:27:13 PM;2020-01-19T00:27:13+00:00;;2020;No;No;1;NONE;NONE,NONE;NONE,NONE;PICKUP,PASSENGER CAR;PICKUP,PASSENGER CAR;PICKUP,PASSENGER CAR;PICKUP,PASSENGER CAR
43540;300 FEET FROM SR 1300 (KILDAIRE FARM RD);RELATED TO INTERSECTION;STRAIGHT,LEVEL;STATE SECONDARY ROUTE;TWO-WAY,DIVIDED,UNPROTECTED MEDIAN;COARSE ASPHALT;DRY;DAYLIGHT;CLEAR;STOP AND GO SIGNAL;;;-78.779136;35.736134;;;0;0;1;;NONE;;NONE;;PASSENGER CAR;SPORT UTILITY;;;;NO;19915;2020-01-19;1:34:09 PM;2020-01-19T18:34:09+00:00;;2020;No;No;1;NONE;NONE,NONE;NONE,NONE;PASSENGER CAR,SPORT UTILITY;PASSENGER CAR,SPORT UTILITY;PASSENGER CAR,SPORT UTILITY;PASSENGER CAR,SPORT UTILITY
43541;0.15 MILES FROM SR 1628 (OKELLY CHAPEL RD);NO SPECIAL FEATURE;STRAIGHT,HILLCREST;STATE SECONDARY ROUTE;TWO-WAY,DIVIDED,UNPROTECTED MEDIAN;SMOOTH ASPHALT;DRY;DAYLIGHT;CLEAR;NO CONTROL PRESENT;;;-78.888;35.8456;;119;0;1;;;NONE;;NONE;;PASSENGER CAR;;;;;NO;19916;2020-01-10;3:20:59 PM;2020-01-10T20:20:59+00:00;;2020;No;Yes;1;NONE;NONE,NONE;NONE,NONE;PASSENGER CAR;PASSENGER CAR;PASSENGER CAR;PASSENGER CAR
43542;300 FEET FROM P.V.A. (6430 TRYON RD);NO SPECIAL FEATURE;STRAIGHT,LEVEL;PUBLIC VEHICULAR AREA;TWO-WAY,NOT DIVIDED;COARSE ASPHALT;DRY;DAYLIGHT;CLEAR;NO CONTROL PRESENT;;;-78.761;35.7455;;118;0;0;2;;;;NONE;;SPORT UTILITY;PASSENGER CAR;;;;NO;19917;2020-01-19;1:54:04 PM;2020-01-19T18:54:04+00:00;;2020;No;No;1;;NONE;NONE;SPORT UTILITY,PASSENGER CAR;SPORT UTILITY,PASSENGER CAR;SPORT UTILITY,PASSENGER CAR;SPORT UTILITY,PASSENGER CAR
43546;104 FEET FROM P.V.A. (1809 WALNUT ST);NO SPECIAL FEATURE;STRAIGHT,LEVEL;PUBLIC VEHICULAR AREA;TWO-WAY,NOT DIVIDED;SMOOTH ASPHALT;DRY;DARK - LIGHTED ROADWAY;CLEAR;NO CONTROL PRESENT;;;-78.743;35.7603;;;0;0;;;NONE;;NONE;;PICKUP;PASSENGER CAR;;;;NO;19921;2020-01-20;10:40 PM;2020-01-21T03:40:00+00:00;;2020;No;No;1;NONE;NONE,NONE;NONE,NONE;PICKUP,PASSENGER CAR;PICKUP,PASSENGER CAR;PICKUP,PASSENGER CAR;PICKUP,PASSENGER CAR
43558;30 FEET FROM US 1 HWY;NO SPECIAL FEATURE;STRAIGHT,LEVEL;US ROUTE;TWO-WAY,DIVIDED,POSITIVE MEDIAN BARRIER;SMOOTH ASPHALT;DRY;DARK - ROADWAY NOT LIGHTED;CLEAR;NO CONTROL PRESENT;;;-78.7925;35.7375;;;0;0;;;NONE;;NONE;;PASSENGER CAR;PASSENGER CAR;;;;NO;19933;2020-01-22;5:51:19 PM;2020-01-22T22:51:19+00:00;;2020;No;No;1;NONE;NONE,NONE;NONE,NONE;PASSENGER CAR,PASSENGER CAR;PASSENGER CAR,PASSENGER CAR;PASSENGER CAR,PASSENGER CAR;PASSENGER CAR,PASSENGER CAR
43565;20 FEET FROM SR 1009 (TRYON RD);NO SPECIAL FEATURE;STRAIGHT,LEVEL;STATE SECONDARY ROUTE;TWO-WAY,DIVIDED,POSITIVE MEDIAN BARRIER;SMOOTH ASPHALT;WET;DAYLIGHT;RAIN;YIELD SIGN;;;-78.780319;35.739254;;;0;0;1;;NONE;;NONE;;PASSENGER CAR;PASSENGER CAR;;;;NO;19940;2020-01-14;2:05:02 PM;2020-01-14T19:05:02+00:00;;2020;No;No;1;NONE;NONE,NONE;NONE,NONE;PASSENGER CAR,PASSENGER CAR;PASSENGER CAR,PASSENGER CAR;PASSENGER CAR,PASSENGER CAR;PASSENGER CAR,PASSENGER CAR
43566;305 FEET FROM SR1011 (OLD APEX RD);NO SPECIAL FEATURE;STRAIGHT,GRADE;STATE SECONDARY ROUTE;TWO-WAY,NOT DIVIDED;SMOOTH ASPHALT;DRY;DAYLIGHT;CLOUDY;NO CONTROL PRESENT;;;-78.8178;35.7637;;;0;0;;;NONE;;NONE;;LIGHT TRUCK (MINI-VAN- PANEL);;;;;NO;19941;2020-01-23;9:05:41 AM;2020-01-23T14:05:41+00:00;;2020;No;No;1;NONE;NONE,NONE;NONE,NONE;LIGHT TRUCK (MINI-VAN- PANEL);LIGHT TRUCK (MINI-VAN- PANEL);LIGHT TRUCK (MINI-VAN- PANEL);LIGHT TRUCK (MINI-VAN- PANEL)
43568;.1 MILES FROM SR 1010 (TEN TEN RD);NO SPECIAL FEATURE;STRAIGHT,LEVEL;STATE SECONDARY ROUTE;TWO-WAY,NOT DIVIDED;SMOOTH ASPHALT;DRY;DAYLIGHT;CLOUDY;STOP SIGN;;;-78.7956;35.7034;;;0;0;;;NONE;;NONE;;PASSENGER CAR;PASSENGER CAR;;;;NO;19943;2020-01-23;12:34 PM;2020-01-23T17:34:00+00:00;;2020;No;No;1;NONE;NONE,NONE;NONE,NONE;PASSENGER CAR,PASSENGER CAR;PASSENGER CAR,PASSENGER CAR;PASSENGER CAR,PASSENGER CAR;PASSENGER CAR,PASSENGER CAR
43569;.26 MILES FROM  US 1 EXIT 98 RAMP SB;ON-RAMP ENTRY;STRAIGHT,LEVEL;US ROUTE;TWO-WAY,DIVIDED,UNPROTECTED MEDIAN;SMOOTH ASPHALT;DRY;DAYLIGHT;CLEAR;STOP AND GO SIGNAL;35.739288506;-78.7894014;-78.7943;35.7379;P042;115;0;0;;;NONE;;NONE;;SPORT UTILITY;VAN;;;;NO;19944;2020-01-23;11:29 AM;2020-01-23T16:29:00+00:00;35.739288506, -78.7894014;2020;No;No;1;NONE;NONE,NONE;NONE,NONE;SPORT UTILITY,VAN;SPORT UTILITY,VAN;SPORT UTILITY,VAN;SPORT UTILITY,VAN
43578;400 FEET FROM P.V.A. (920 W CHATHAM ST);NO SPECIAL FEATURE;STRAIGHT,GRADE;PUBLIC VEHICULAR AREA;TWO-WAY,NOT DIVIDED;SMOOTH ASPHALT;UNKNOWN;UNKNOWN;CLEAR;NO CONTROL PRESENT;;;-78.7993;35.7802;;;0;0;;;NONE;;NONE;;PASSENGER CAR;PICKUP;;;;NO;19953;2019-12-19;4:00:11 PM;2019-12-19T21:00:11+00:00;;2019;No;No;12;NONE;NONE,NONE;NONE,NONE;PASSENGER CAR,PICKUP;PASSENGER CAR,PICKUP;PASSENGER CAR,PICKUP;PASSENGER CAR,PICKUP
43581;.2 MILES FROM P.V.A. (101 KEMPWOOD DR);DRIVEWAY, PUBLIC;STRAIGHT,GRADE;PUBLIC VEHICULAR AREA;TWO-WAY,NOT DIVIDED;SMOOTH ASPHALT;DRY;DARK - LIGHTED ROADWAY;CLEAR;NO CONTROL PRESENT;;;-78.78702;35.808565;;111;0;0;;;NONE;;NONE;;PICKUP;PASSENGER CAR;;;;NO;19955;2020-01-23;9:57:59 PM;2020-01-24T02:57:59+00:00;;2020;No;No;1;NONE;NONE,NONE;NONE,NONE;PICKUP,PASSENGER CAR;PICKUP,PASSENGER CAR;PICKUP,PASSENGER CAR;PICKUP,PASSENGER CAR
43587;.1 MILES FROM CAITBOO AVE;NO SPECIAL FEATURE;STRAIGHT,LEVEL;PUBLIC VEHICULAR AREA;TWO-WAY,DIVIDED,UNPROTECTED MEDIAN;SMOOTH ASPHALT;DRY;DAYLIGHT;CLEAR;YIELD SIGN;35.759541366;-78.74137283;-78.7416;35.761;P120;118;0;0;;;NONE;;NONE;;SPORT UTILITY;VAN;;;;NO;19961;2020-01-22;9:19:38 AM;2020-01-22T14:19:38+00:00;35.759541366, -78.74137283;2020;No;No;1;NONE;NONE,NONE;NONE,NONE;SPORT UTILITY,VAN;SPORT UTILITY,VAN;SPORT UTILITY,VAN;SPORT UTILITY,VAN
43590;300 FEET FROM NANNY REAMS LN;NO SPECIAL FEATURE;STRAIGHT,LEVEL;LOCAL STREET;TWO-WAY,NOT DIVIDED;SMOOTH ASPHALT;DRY;DARK - LIGHTED ROADWAY;CLEAR;NO CONTROL PRESENT;35.814291452;-78.86891334;-78.8695;35.8142;P069;121;0;0;;;NONE;;NONE;;PASSENGER CAR;PASSENGER CAR;;;;NO;19964;2020-01-26;8:43:42 PM;2020-01-27T01:43:42+00:00;35.814291452, -78.86891334;2020;No;No;1;NONE;NONE,NONE;NONE,NONE;PASSENGER CAR,PASSENGER CAR;PASSENGER CAR,PASSENGER CAR;PASSENGER CAR,PASSENGER CAR;PASSENGER CAR,PASSENGER CAR
43597;24 FEET FROM MAPLE AV;NO SPECIAL FEATURE;STRAIGHT,LEVEL;LOCAL STREET;TWO-WAY,NOT DIVIDED;COARSE ASPHALT;DRY;DAYLIGHT;CLEAR;NO CONTROL PRESENT;35.789724426;-78.76539206;-78.765745;35.789769;P056;120;0;0;;;NONE;;NONE;;SPORT UTILITY;PICKUP;;;;NO;19971;2020-01-26;1:33:48 PM;2020-01-26T18:33:48+00:00;35.789724426, -78.76539206;2020;No;No;1;NONE;NONE,NONE;NONE,NONE;SPORT UTILITY,PICKUP;SPORT UTILITY,PICKUP;SPORT UTILITY,PICKUP;SPORT UTILITY,PICKUP
43605;49 FEET FROM BURNLEY DR;NO SPECIAL FEATURE;STRAIGHT,LEVEL;LOCAL STREET;TWO-WAY,NOT DIVIDED;SMOOTH ASPHALT;DRY;DAYLIGHT;CLEAR;NO CONTROL PRESENT;35.754936931;-78.8211637;-78.821;35.755;P040;115;0;0;1;;NONE;;NONE;;PASSENGER CAR;;;;;NO;19979;2020-01-26;6:07:03 AM;2020-01-26T11:07:03+00:00;35.754936931, -78.8211637;2020;No;No;1;NONE;NONE,NONE;NONE,NONE;PASSENGER CAR;PASSENGER CAR;PASSENGER CAR;PASSENGER CAR
43614;300 FEET FROM SR 1615 (HIGH HOUSE RD);NO SPECIAL FEATURE;STRAIGHT,LEVEL;STATE SECONDARY ROUTE;TWO-WAY,NOT DIVIDED;SMOOTH ASPHALT;WET;DARK - LIGHTED ROADWAY;RAIN;NO CONTROL PRESENT;;;-78.8667;35.7888;;121;0;0;1;;NONE;;NONE;;PASSENGER CAR;PASSENGER CAR;;;;NO;19988;2020-01-27;7:00:11 PM;2020-01-28T00:00:11+00:00;;2020;No;No;1;NONE;NONE,NONE;NONE,NONE;PASSENGER CAR,PASSENGER CAR;PASSENGER CAR,PASSENGER CAR;PASSENGER CAR,PASSENGER CAR;PASSENGER CAR,PASSENGER CAR
43615;75 FEET FROM SR1152 (HOLLY SPRINGS RD);RELATED TO INTERSECTION;STRAIGHT,LEVEL;STATE SECONDARY ROUTE;TWO-WAY,NOT DIVIDED;COARSE ASPHALT;WET;DARK - LIGHTED ROADWAY;RAIN;STOP AND GO SIGNAL;;;-78.7725;35.6947;;116;0;0;1;;;;NONE;;PASSENGER CAR;VAN;;;;NO;19989;2020-01-27;5:45:15 PM;2020-01-27T22:45:15+00:00;;2020;No;No;1;;NONE;NONE;PASSENGER CAR,VAN;PASSENGER CAR,VAN;PASSENGER CAR,VAN;PASSENGER CAR,VAN
43617;100 FEET FROM P.V.A. (6309 CARPENTER FIRE S);NO SPECIAL FEATURE;STRAIGHT,LEVEL;PUBLIC VEHICULAR AREA;TWO-WAY,NOT DIVIDED;SMOOTH ASPHALT;WET;DARK - LIGHTED ROADWAY;CLEAR;NO CONTROL PRESENT;;;-78.8784;35.8238;;;0;0;;;NONE;;NONE;;VAN;LIGHT TRUCK (MINI-VAN- PANEL);;;;NO;19991;2020-01-27;12:41 AM;2020-01-27T05:41:00+00:00;;2020;No;No;1;NONE;NONE,NONE;NONE,NONE;VAN,LIGHT TRUCK (MINI-VAN- PANEL);VAN,LIGHT TRUCK (MINI-VAN- PANEL);VAN,LIGHT TRUCK (MINI-VAN- PANEL);VAN,LIGHT TRUCK (MINI-VAN- PANEL)
43628;.17 MILES FROM SR 1009 (TRYON RD);NO SPECIAL FEATURE;STRAIGHT,LEVEL;STATE SECONDARY ROUTE;TWO-WAY,DIVIDED,UNPROTECTED MEDIAN;SMOOTH ASPHALT;DRY;DAYLIGHT;CLEAR;NO CONTROL PRESENT;;;-78.7592;35.7448;;;0;0;1;;NONE;;NONE;;VAN;PASSENGER CAR;;;;UTILITY WORK AREA;20002;2020-01-28;10:55 AM;2020-01-28T15:55:00+00:00;;2020;No;No;1;NONE;NONE,NONE;NONE,NONE;VAN,PASSENGER CAR;VAN,PASSENGER CAR;VAN,PASSENGER CAR;VAN,PASSENGER CAR
43633;50 FEET FROM PVA OF 700 CARY TOWNE BLVD;NO SPECIAL FEATURE;STRAIGHT,LEVEL;PUBLIC VEHICULAR AREA;TWO-WAY,NOT DIVIDED;SMOOTH ASPHALT;DRY;DAYLIGHT;CLEAR;NO CONTROL PRESENT;;;-78.76639;35.77527;;120;0;0;1;;;;NONE;;PASSENGER CAR;SPORT UTILITY;;;;NO;20007;2020-01-29;2:44:22 PM;2020-01-29T19:44:22+00:00;;2020;No;No;1;;NONE;NONE;PASSENGER CAR,SPORT UTILITY;PASSENGER CAR,SPORT UTILITY;PASSENGER CAR,SPORT UTILITY;PASSENGER CAR,SPORT UTILITY