tamainid;location_description;rdfeature;rdcharacter;rdclass;rdconfigur;rdsurface;rdcondition;lightcond;weather;trafcontrl;lat;lon;lon2;lat2;tract;zone;fatality;possblinj;numpassengers;numpedestrians;contrcir1_desc;contrcir2_desc;contrcir3_desc;contrcir4_desc;vehicle1;vehicle2;vehicle3;vehicle4;vehicle5;workarea;records;ta_date;ta_time;crash_date;geo_location;year;fatalities;injuries;month;contrfact1;contrfact2;contributing_factor;vehicleconcat1;vehicleconcat2;vehicleconcat3;vehicle_type
45060;0 FEET FROM DOGWOOD FOREST DR;FOUR-WAY INTERSECTION;STRAIGHT,LEVEL;LOCAL STREET;TWO-WAY,DIVIDED,POSITIVE MEDIAN BARRIER;SMOOTH ASPHALT;DRY;DAYLIGHT;CLEAR;STOP AND GO SIGNAL;35.787187392;-78.81186171;-78.809898;35.786213;P065;114;0;0;;;NONE;;NONE;;PASSENGER CAR;;;;;NO;21432;2020-07-19;7:32:11 AM;2020-07-19T11:32:11+00:00;35.787187392, -78.81186171;2020;No;No;7;NONE;NONE,NONE;NONE,NONE;PASSENGER CAR;PASSENGER CAR;PASSENGER CAR;PASSENGER CAR
45062;CARY;FOUR-WAY INTERSECTION;STRAIGHT,LEVEL;STATE SECONDARY ROUTE;TWO-WAY,DIVIDED,UNPROTECTED MEDIAN;COARSE ASPHALT;DRY;DAYLIGHT;CLEAR;STOP AND GO SIGNAL;;;-78.74888;35.76394;;;0;0;3;;NONE;;NONE;;SPORT UTILITY;PASSENGER CAR;;;;NO;21434;2020-07-19;5:26:57 PM;2020-07-19T21:26:57+00:00;;2020;No;No;7;NONE;NONE,NONE;NONE,NONE;SPORT UTILITY,PASSENGER CAR;SPORT UTILITY,PASSENGER CAR;SPORT UTILITY,PASSENGER CAR;SPORT UTILITY,PASSENGER CAR
45065;.25 MILES FROM QUEENSFERRY RD;NO SPECIAL FEATURE;STRAIGHT,LEVEL;LOCAL STREET;TWO-WAY,NOT DIVIDED;SMOOTH ASPHALT;DRY;DAYLIGHT;CLEAR;NO CONTROL PRESENT;35.751494443;-78.7962724;-78.79744;35.75093;P042;115;0;0;;;NONE;;;;PASSENGER CAR;PASSENGER CAR;;;;NO;21437;2020-07-19;1:21:56 PM;2020-07-19T17:21:56+00:00;35.751494443, -78.7962724;2020;No;No;7;NONE;NONE;NONE;PASSENGER CAR,PASSENGER CAR;PASSENGER CAR,PASSENGER CAR;PASSENGER CAR,PASSENGER CAR;PASSENGER CAR,PASSENGER CAR
45071;10 FEET FROM US 1;RELATED TO INTERSECTION;CURVE,BOTTOM (SAG);US ROUTE;TWO-WAY,DIVIDED,POSITIVE MEDIAN BARRIER;SMOOTH ASPHALT;DRY;DAYLIGHT;CLEAR;STOP AND GO SIGNAL;;;-78.7944;35.737944;;;0;0;;;NONE;;NONE;;PASSENGER CAR;PASSENGER CAR;;;;NO;21443;2020-07-21;8:59:38 AM;2020-07-21T12:59:38+00:00;;2020;No;No;7;NONE;NONE,NONE;NONE,NONE;PASSENGER CAR,PASSENGER CAR;PASSENGER CAR,PASSENGER CAR;PASSENGER CAR,PASSENGER CAR;PASSENGER CAR,PASSENGER CAR
45080;.1 MILES FROM US 64;FOUR-WAY INTERSECTION;STRAIGHT,LEVEL;US ROUTE;TWO-WAY,DIVIDED,UNPROTECTED MEDIAN;SMOOTH ASPHALT;DRY;DAYLIGHT;CLEAR;STOP AND GO SIGNAL;;;-78.7951;35.7376;;;0;1;;;;;NONE;;SPORT UTILITY;SPORT UTILITY;;;;NO;21452;2020-07-16;11:47 AM;2020-07-16T15:47:00+00:00;;2020;No;Yes;7;;NONE;NONE;SPORT UTILITY,SPORT UTILITY;SPORT UTILITY,SPORT UTILITY;SPORT UTILITY,SPORT UTILITY;SPORT UTILITY,SPORT UTILITY
45088;15 FEET FROM US 1 OFF RAMP;RELATED TO INTERSECTION;STRAIGHT,BOTTOM (SAG);US ROUTE;ONE-WAY,NOT DIVIDED;CONCRETE;DRY;DAYLIGHT;CLEAR;FLASHING STOP AND GO SIGNAL;;;-78.794248;35.738085;;;0;0;;;NONE;;NONE;;PASSENGER CAR;PASSENGER CAR;;;;NO;21460;2020-07-22;5:48:50 PM;2020-07-22T21:48:50+00:00;;2020;No;No;7;NONE;NONE,NONE;NONE,NONE;PASSENGER CAR,PASSENGER CAR;PASSENGER CAR,PASSENGER CAR;PASSENGER CAR,PASSENGER CAR;PASSENGER CAR,PASSENGER CAR
45095;0 FEET FROM HIGHCROFT DR;FOUR-WAY INTERSECTION;STRAIGHT,LEVEL;LOCAL STREET;TWO-WAY,NOT DIVIDED;SMOOTH ASPHALT;DRY;DAYLIGHT;CLEAR;STOP SIGN;;;-78.8842;35.831;;119;0;0;;;NONE;;NONE;;PASSENGER CAR;PASSENGER CAR;;;;NO;21467;2020-07-22;4:23:30 PM;2020-07-22T20:23:30+00:00;;2020;No;No;7;NONE;NONE,NONE;NONE,NONE;PASSENGER CAR,PASSENGER CAR;PASSENGER CAR,PASSENGER CAR;PASSENGER CAR,PASSENGER CAR;PASSENGER CAR,PASSENGER CAR
45097;60 FEET FROM SR 1300 (KILDAIRE FARM RD);RELATED TO INTERSECTION;STRAIGHT,GRADE;STATE SECONDARY ROUTE;TWO-WAY,NOT DIVIDED;SMOOTH ASPHALT;DRY;DAYLIGHT;CLOUDY;STOP AND GO SIGNAL;;;-78.781781;35.770884;;;0;0;1;;NONE;;NONE;;PASSENGER CAR;PICKUP;;;;NO;21469;2020-07-16;8:11:56 AM;2020-07-16T12:11:56+00:00;;2020;No;No;7;NONE;NONE,NONE;NONE,NONE;PASSENGER CAR,PICKUP;PASSENGER CAR,PICKUP;PASSENGER CAR,PICKUP;PASSENGER CAR,PICKUP
45098;200 FEET FROM PVA OF 102 RAMSEY CT;NO SPECIAL FEATURE;STRAIGHT,LEVEL;PUBLIC VEHICULAR AREA;TWO-WAY,NOT DIVIDED;SMOOTH ASPHALT;DRY;DAYLIGHT;CLOUDY;NO CONTROL PRESENT;;;-78.74405;35.76921;;;0;0;;;NONE;;NONE;;SPORT UTILITY;PASSENGER CAR;;;;NO;21470;2020-07-23;3:50:31 PM;2020-07-23T19:50:31+00:00;;2020;No;No;7;NONE;NONE,NONE;NONE,NONE;SPORT UTILITY,PASSENGER CAR;SPORT UTILITY,PASSENGER CAR;SPORT UTILITY,PASSENGER CAR;SPORT UTILITY,PASSENGER CAR
45104;0 FEET FROM SR 1011 (E CHATHAM ST);T-INTERSECTION;STRAIGHT,LEVEL;STATE SECONDARY ROUTE;TWO-WAY,NOT DIVIDED;SMOOTH ASPHALT;DRY;DAYLIGHT;CLEAR;NO CONTROL PRESENT;;;-78.7504;35.7899;;;0;0;1;;NONE;;NONE;;PASSENGER CAR;PASSENGER CAR;;;;NO;21476;2020-07-22;8:03:37 AM;2020-07-22T12:03:37+00:00;;2020;No;No;7;NONE;NONE,NONE;NONE,NONE;PASSENGER CAR,PASSENGER CAR;PASSENGER CAR,PASSENGER CAR;PASSENGER CAR,PASSENGER CAR;PASSENGER CAR,PASSENGER CAR
45109;.2 MILES FROM P.V.A. (400 JAMES JACKSON AVE);NO SPECIAL FEATURE;STRAIGHT,LEVEL;PUBLIC VEHICULAR AREA;TWO-WAY,NOT DIVIDED;COARSE ASPHALT;WET;DAYLIGHT;RAIN;NO CONTROL PRESENT;;;-78.80663;35.79851;;;0;0;;;NONE;;NONE;;PICKUP;;;;;NO;21481;2020-07-24;11:10 AM;2020-07-24T15:10:00+00:00;;2020;No;No;7;NONE;NONE,NONE;NONE,NONE;PICKUP;PICKUP;PICKUP;PICKUP
45121;CARY;;;;;;;;;;;;;;;;0;1;;;;;;;PASSENGER CAR;PASSENGER CAR;;;;;21493;2020-07-05;7:12:21 AM;2020-07-05T11:12:21+00:00;;2020;No;Yes;7;;;;PASSENGER CAR,PASSENGER CAR;PASSENGER CAR,PASSENGER CAR;PASSENGER CAR,PASSENGER CAR;PASSENGER CAR,PASSENGER CAR
45135;0 FEET FROM US 64 HWY W;FOUR-WAY INTERSECTION;STRAIGHT,GRADE;US ROUTE;TWO-WAY,DIVIDED,UNPROTECTED MEDIAN;SMOOTH ASPHALT;DRY;DAYLIGHT;CLEAR;STOP AND GO SIGNAL;;;-78.795;35.7378;;;0;0;;;NONE;;NONE;;PICKUP;SPORT UTILITY;;;;NO;21507;2020-07-27;8:41:20 PM;2020-07-28T00:41:20+00:00;;2020;No;No;7;NONE;NONE,NONE;NONE,NONE;PICKUP,SPORT UTILITY;PICKUP,SPORT UTILITY;PICKUP,SPORT UTILITY;PICKUP,SPORT UTILITY
45137;50 FEET FROM 2010 KILDAIRE FARM RD;NO SPECIAL FEATURE;STRAIGHT,LEVEL;PUBLIC VEHICULAR AREA;ONE-WAY,NOT DIVIDED;SMOOTH ASPHALT;DRY;DAYLIGHT;CLEAR;NO CONTROL PRESENT;;;-78.781595;35.737047;;;0;0;;;NONE;;NONE;;PASSENGER CAR;PICKUP;;;;NO;21509;2020-07-28;1:46:45 PM;2020-07-28T17:46:45+00:00;;2020;No;No;7;NONE;NONE,NONE;NONE,NONE;PASSENGER CAR,PICKUP;PASSENGER CAR,PICKUP;PASSENGER CAR,PICKUP;PASSENGER CAR,PICKUP
45138;CARY;NO SPECIAL FEATURE;STRAIGHT,LEVEL;US ROUTE;TWO-WAY,DIVIDED,POSITIVE MEDIAN BARRIER;SMOOTH ASPHALT;DRY;DAYLIGHT;CLEAR;NO CONTROL PRESENT;;;-78.7918;35.738;;;0;0;;;NONE;;FAILURE TO YIELD RIGHT OF WAY;;PASSENGER CAR;;;;;MAINTENANCE WORK AREA;21510;2020-07-28;10:06 AM;2020-07-28T14:06:00+00:00;;2020;No;No;7;NONE;NONE,FAILURE TO YIELD RIGHT OF WAY;NONE,FAILURE TO YIELD RIGHT OF WAY;PASSENGER CAR;PASSENGER CAR;PASSENGER CAR;PASSENGER CAR
45139;CARY;;;;;;;;;;;;;;;;0;0;;;;;;;;;;;;;21511;2020-07-23;8:10:57 AM;2020-07-23T12:10:57+00:00;;2020;No;No;7;;;;;;;
45140;.1 MILES FROM US 1 HWY;NO SPECIAL FEATURE;STRAIGHT,LEVEL;US ROUTE;TWO-WAY,DIVIDED,POSITIVE MEDIAN BARRIER;SMOOTH ASPHALT;DRY;DAYLIGHT;CLEAR;NO CONTROL PRESENT;;;-78.7911;35.7358;;;0;0;1;;NONE;;NONE;;PICKUP;PICKUP;;;;NO;21512;2020-07-28;7:43:16 AM;2020-07-28T11:43:16+00:00;;2020;No;No;7;NONE;NONE,NONE;NONE,NONE;PICKUP,PICKUP;PICKUP,PICKUP;PICKUP,PICKUP;PICKUP,PICKUP
45150;1 MILES FROM US 1 HWY;NO SPECIAL FEATURE;STRAIGHT,LEVEL;US ROUTE;TWO-WAY,DIVIDED,POSITIVE MEDIAN BARRIER;SMOOTH ASPHALT;DRY;DAYLIGHT;CLEAR;NO CONTROL PRESENT;;;-78.8065;35.73;;116;0;0;1;;NONE;;NONE;;SPORT UTILITY;PASSENGER CAR;;;;NO;21522;2020-07-24;4:18:59 PM;2020-07-24T20:18:59+00:00;;2020;No;No;7;NONE;NONE,NONE;NONE,NONE;SPORT UTILITY,PASSENGER CAR;SPORT UTILITY,PASSENGER CAR;SPORT UTILITY,PASSENGER CAR;SPORT UTILITY,PASSENGER CAR
45156;CARY;OFF-RAMP TERMINAL ON CROSSROAD;CURVE,GRADE;US ROUTE;ONE-WAY,NOT DIVIDED;COARSE ASPHALT;DRY;DAYLIGHT;CLOUDY;STOP AND GO SIGNAL;35.736943252;-78.79379275;-78.794189;35.738183;P043;116;0;1;;;NONE;;NONE;;PASSENGER CAR;PASSENGER CAR;;;;NO;21528;2020-07-30;11:36 AM;2020-07-30T15:36:00+00:00;35.736943252, -78.79379275;2020;No;Yes;7;NONE;NONE,NONE;NONE,NONE;PASSENGER CAR,PASSENGER CAR;PASSENGER CAR,PASSENGER CAR;PASSENGER CAR,PASSENGER CAR;PASSENGER CAR,PASSENGER CAR
45157;200 FEET FROM PVA (802 E CHATHAM ST);DRIVEWAY, PUBLIC;STRAIGHT,LEVEL;PUBLIC VEHICULAR AREA;TWO-WAY,NOT DIVIDED;SMOOTH ASPHALT;DRY;DAYLIGHT;CLEAR;NO CONTROL PRESENT;;;-78.7635;35.7916;;;0;0;;;NONE;;NONE;;SPORT UTILITY;PASSENGER CAR;;;;NO;21529;2020-07-28;5:49:20 PM;2020-07-28T21:49:20+00:00;;2020;No;No;7;NONE;NONE,NONE;NONE,NONE;SPORT UTILITY,PASSENGER CAR;SPORT UTILITY,PASSENGER CAR;SPORT UTILITY,PASSENGER CAR;SPORT UTILITY,PASSENGER CAR
45163;300 FEET FROM PVA (8010 TRYON WOODS DR);DRIVEWAY, PUBLIC;STRAIGHT,LEVEL;PUBLIC VEHICULAR AREA;TWO-WAY,NOT DIVIDED;SMOOTH ASPHALT;DRY;DAYLIGHT;CLEAR;NO CONTROL PRESENT;;;-78.742;35.7462;;;0;0;;;NONE;;NONE;;SPORT UTILITY;PASSENGER CAR;;;;NO;21535;2020-07-17;10:05 AM;2020-07-17T14:05:00+00:00;;2020;No;No;7;NONE;NONE,NONE;NONE,NONE;SPORT UTILITY,PASSENGER CAR;SPORT UTILITY,PASSENGER CAR;SPORT UTILITY,PASSENGER CAR;SPORT UTILITY,PASSENGER CAR
45168;300 FEET FROM P.V.A.(3710 DAVIS DR);DRIVEWAY, PUBLIC;STRAIGHT,LEVEL;PUBLIC VEHICULAR AREA;TWO-WAY,NOT DIVIDED;SMOOTH ASPHALT;DRY;DAYLIGHT;CLEAR;NO CONTROL PRESENT;;;-78.85;35.8279;;121;0;0;;;NONE;;NONE;;SPORT UTILITY;SPORT UTILITY;;;;NO;21540;2020-07-31;1:26:30 PM;2020-07-31T17:26:30+00:00;;2020;No;No;7;NONE;NONE,NONE;NONE,NONE;SPORT UTILITY,SPORT UTILITY;SPORT UTILITY,SPORT UTILITY;SPORT UTILITY,SPORT UTILITY;SPORT UTILITY,SPORT UTILITY
45169;CARY;FOUR-WAY INTERSECTION;STRAIGHT,LEVEL;STATE SECONDARY ROUTE;TWO-WAY,DIVIDED,UNPROTECTED MEDIAN;SMOOTH ASPHALT;DRY;DAYLIGHT;CLEAR;STOP AND GO SIGNAL;;;-78.764;35.7762;;;0;0;;;NONE;;NONE;;PASSENGER CAR;PASSENGER CAR;;;;NO;21541;2020-07-30;4:52:46 PM;2020-07-30T20:52:46+00:00;;2020;No;No;7;NONE;NONE,NONE;NONE,NONE;PASSENGER CAR,PASSENGER CAR;PASSENGER CAR,PASSENGER CAR;PASSENGER CAR,PASSENGER CAR;PASSENGER CAR,PASSENGER CAR
45185;.08 MILES FROM P.V.A. 700 SPATRACUS CT;NO SPECIAL FEATURE;STRAIGHT,LEVEL;PUBLIC VEHICULAR AREA;TWO-WAY,NOT DIVIDED;SMOOTH ASPHALT;DRY;DARK - LIGHTED ROADWAY;CLEAR;NO CONTROL PRESENT;;;-78.75384;35.73914;;;0;0;;;UNKNOWN;NONE;NONE;;PASSENGER CAR;PASSENGER CAR;;;;NO;21557;2020-08-01;1:05:01 AM;2020-08-01T05:05:01+00:00;;2020;No;No;8;UNKNOWN,NONE;UNKNOWN,NONE,NONE;UNKNOWN,NONE,NONE;PASSENGER CAR,PASSENGER CAR;PASSENGER CAR,PASSENGER CAR;PASSENGER CAR,PASSENGER CAR;PASSENGER CAR,PASSENGER CAR
45189;0 FEET FROM MEETING ST;NO SPECIAL FEATURE;STRAIGHT,LEVEL;LOCAL STREET;TWO-WAY,NOT DIVIDED;SMOOTH ASPHALT;DRY;DAYLIGHT;CLEAR;STOP AND GO SIGNAL;35.759565079;-78.74137444;-78.7412;35.7606;P120;118;0;0;;;NONE;;NONE;;PASSENGER CAR;PASSENGER CAR;;;;NO;21561;2020-08-01;3:23:59 PM;2020-08-01T19:23:59+00:00;35.759565079, -78.74137444;2020;No;No;8;NONE;NONE,NONE;NONE,NONE;PASSENGER CAR,PASSENGER CAR;PASSENGER CAR,PASSENGER CAR;PASSENGER CAR,PASSENGER CAR;PASSENGER CAR,PASSENGER CAR
45203;319 FEET FROM SR 1152 (HOLLY SPRINGS RD);;;;;;;;;;;;;;;;0;0;;;;;;;PASSENGER CAR;;;;;;21575;2020-07-18;5:53:16 PM;2020-07-18T21:53:16+00:00;;2020;No;No;7;;;;PASSENGER CAR;PASSENGER CAR;PASSENGER CAR;PASSENGER CAR
45204;50 FEET FROM LONGCHAMP LN;NO SPECIAL FEATURE;STRAIGHT,LEVEL;LOCAL STREET;TWO-WAY,NOT DIVIDED;SMOOTH ASPHALT;WET;DARK - LIGHTED ROADWAY;RAIN;NO CONTROL PRESENT;35.825186069;-78.91232981;-78.91243;35.82533;P076;119;0;0;;;NONE;;NONE;;;SPORT UTILITY;;;;NO;21576;2020-08-03;8:57:36 PM;2020-08-04T00:57:36+00:00;35.825186069, -78.91232981;2020;No;No;8;NONE;NONE,NONE;NONE,NONE;SPORT UTILITY;SPORT UTILITY;SPORT UTILITY;SPORT UTILITY
45211;.13 MILES FROM P.V.A. (2025 RENAISSANCE PARK;NO SPECIAL FEATURE;STRAIGHT,LEVEL;PUBLIC VEHICULAR AREA;TWO-WAY,NOT DIVIDED;SMOOTH ASPHALT;DRY;DAYLIGHT;CLEAR;NO CONTROL PRESENT;;;-78.7724;35.8274;;;0;0;;;NONE;;NONE;;PASSENGER CAR;PASSENGER CAR;;;;NO;21583;2020-08-04;9:49:09 AM;2020-08-04T13:49:09+00:00;;2020;No;No;8;NONE;NONE,NONE;NONE,NONE;PASSENGER CAR,PASSENGER CAR;PASSENGER CAR,PASSENGER CAR;PASSENGER CAR,PASSENGER CAR;PASSENGER CAR,PASSENGER CAR
45217;300 FEET FROM SR 3014 (MORR CARP RD);NO SPECIAL FEATURE;STRAIGHT,LEVEL;STATE SECONDARY ROUTE;TWO-WAY,NOT DIVIDED;SMOOTH ASPHALT;DRY;DAYLIGHT;CLEAR;NO CONTROL PRESENT;;;-78.86214;35.8243;;;0;0;1;;NONE;;NONE;;PASSENGER CAR;;;;;NO;21589;2020-08-05;7:20:46 PM;2020-08-05T23:20:46+00:00;;2020;No;No;8;NONE;NONE,NONE;NONE,NONE;PASSENGER CAR;PASSENGER CAR;PASSENGER CAR;PASSENGER CAR
45224;150 FEET FROM SR 1415 (SW MAYNARD RD);NO SPECIAL FEATURE;STRAIGHT,LEVEL;STATE SECONDARY ROUTE;TWO-WAY,DIVIDED,UNPROTECTED MEDIAN;SMOOTH ASPHALT;DRY;DAYLIGHT;CLEAR;NO CONTROL PRESENT;;;-78.7827;35.7714;;;0;0;;;NONE;;NONE;;PASSENGER CAR;PASSENGER CAR;;;;NO;21596;2020-08-07;8:32:02 AM;2020-08-07T12:32:02+00:00;;2020;No;No;8;NONE;NONE,NONE;NONE,NONE;PASSENGER CAR,PASSENGER CAR;PASSENGER CAR,PASSENGER CAR;PASSENGER CAR,PASSENGER CAR;PASSENGER CAR,PASSENGER CAR
45231;100 FEET FROM PVA (356 CROSSROADS BLVD);NO SPECIAL FEATURE;STRAIGHT,LEVEL;PUBLIC VEHICULAR AREA;UNKNOWN;SMOOTH ASPHALT;DRY;DAYLIGHT;CLEAR;NO CONTROL PRESENT;;;-78.7376;35.7599;;;0;0;2;;NONE;;NONE;;SPORT UTILITY;SPORT UTILITY;;;;NO;21603;2020-08-07;2:27:46 PM;2020-08-07T18:27:46+00:00;;2020;No;No;8;NONE;NONE,NONE;NONE,NONE;SPORT UTILITY,SPORT UTILITY;SPORT UTILITY,SPORT UTILITY;SPORT UTILITY,SPORT UTILITY;SPORT UTILITY,SPORT UTILITY
45234;150 FEET FROM SR 3073 (NW MAYNARD RD);NO SPECIAL FEATURE;STRAIGHT,LEVEL;STATE SECONDARY ROUTE;TWO-WAY,DIVIDED,UNPROTECTED MEDIAN;COARSE ASPHALT;DRY;DUSK;CLEAR;NO CONTROL PRESENT;;;-78.806063;35.7951197;;114;0;1;;;NONE;;NONE;;PICKUP;;;;;NO;21606;2020-08-06;8:26:02 PM;2020-08-07T00:26:02+00:00;;2020;No;Yes;8;NONE;NONE,NONE;NONE,NONE;PICKUP;PICKUP;PICKUP;PICKUP
45243;32 FEET FROM P.V.A PURE GOLD(301 N HARRISON;NO SPECIAL FEATURE;STRAIGHT,LEVEL;PUBLIC VEHICULAR AREA;TWO-WAY,NOT DIVIDED;SMOOTH ASPHALT;DRY;DAYLIGHT;CLEAR;NO CONTROL PRESENT;;;-78.783908;35.788567;;;0;0;;;NONE;;NONE;;PICKUP;PASSENGER CAR;;;;NO;21615;2020-08-09;5:18:09 PM;2020-08-09T21:18:09+00:00;;2020;No;No;8;NONE;NONE,NONE;NONE,NONE;PICKUP,PASSENGER CAR;PICKUP,PASSENGER CAR;PICKUP,PASSENGER CAR;PICKUP,PASSENGER CAR
45248;16 FEET FROM SR 1300 (KILDAIRE FARM RD);RELATED TO INTERSECTION;STRAIGHT,LEVEL;STATE SECONDARY ROUTE;TWO-WAY,NOT DIVIDED;SMOOTH ASPHALT;DRY;DAYLIGHT;CLEAR;STOP AND GO SIGNAL;;;-78.7942;35.7026;;116;0;1;;;NONE;;NONE;;SPORT UTILITY;SPORT UTILITY;;;;NO;21620;2020-08-05;10:51 AM;2020-08-05T14:51:00+00:00;;2020;No;Yes;8;NONE;NONE,NONE;NONE,NONE;SPORT UTILITY,SPORT UTILITY;SPORT UTILITY,SPORT UTILITY;SPORT UTILITY,SPORT UTILITY;SPORT UTILITY,SPORT UTILITY
45255;75 FEET FROM PVA 1330 SE MAYNARD RD;NO SPECIAL FEATURE;STRAIGHT,GRADE;PUBLIC VEHICULAR AREA;TWO-WAY,NOT DIVIDED;COARSE ASPHALT;DRY;DAYLIGHT;CLEAR;NO CONTROL PRESENT;;;-78.763257;35.786333;;120;0;0;;;NONE;;NONE;;PASSENGER CAR;PICKUP;;;;NO;21627;2020-08-10;7:41:53 PM;2020-08-10T23:41:53+00:00;;2020;No;No;8;NONE;NONE,NONE;NONE,NONE;PASSENGER CAR,PICKUP;PASSENGER CAR,PICKUP;PASSENGER CAR,PICKUP;PASSENGER CAR,PICKUP
45256;200 FEET FROM GREENGATE CT;NO SPECIAL FEATURE;STRAIGHT,GRADE;LOCAL STREET;TWO-WAY,NOT DIVIDED;SMOOTH ASPHALT;DRY;DAYLIGHT;CLEAR;NO CONTROL PRESENT;;;-78.799284;35.775636;;;0;0;;;NONE;;NONE;;PICKUP;PASSENGER CAR;;;;NO;21628;2020-08-11;6:53:49 PM;2020-08-11T22:53:49+00:00;;2020;No;No;8;NONE;NONE,NONE;NONE,NONE;PICKUP,PASSENGER CAR;PICKUP,PASSENGER CAR;PICKUP,PASSENGER CAR;PICKUP,PASSENGER CAR
45257;NEAR .82 MILES S OF S NC 55 HWY;NO SPECIAL FEATURE;STRAIGHT,LEVEL;NC ROUTE;TWO-WAY,NOT DIVIDED;SMOOTH ASPHALT;DRY;DAYLIGHT;CLEAR;NO CONTROL PRESENT;;;-78.875;35.7634;;;0;0;;;NONE;;NONE;;PASSENGER CAR;PICKUP;;;;NO;21629;2020-08-11;8:33:19 AM;2020-08-11T12:33:19+00:00;;2020;No;No;8;NONE;NONE,NONE;NONE,NONE;PASSENGER CAR,PICKUP;PASSENGER CAR,PICKUP;PASSENGER CAR,PICKUP;PASSENGER CAR,PICKUP
45264;.25 MILES FROM AIRGATE DRIVE;DRIVEWAY, PUBLIC;STRAIGHT,LEVEL;PUBLIC VEHICULAR AREA;TWO-WAY,NOT DIVIDED;SMOOTH ASPHALT;DRY;DARK - LIGHTED ROADWAY;CLEAR;NO CONTROL PRESENT;;;-78.81462;35.864538;;;0;0;;;NONE;;NONE;;SPORT UTILITY;SPORT UTILITY;;;;NO;21636;2020-08-13;4:07:35 AM;2020-08-13T08:07:35+00:00;;2020;No;No;8;NONE;NONE,NONE;NONE,NONE;SPORT UTILITY,SPORT UTILITY;SPORT UTILITY,SPORT UTILITY;SPORT UTILITY,SPORT UTILITY;SPORT UTILITY,SPORT UTILITY
45275;75 FEET FROM P.V.A. (700 AFTON MEADOW LN);NO SPECIAL FEATURE;STRAIGHT,LEVEL;PUBLIC VEHICULAR AREA;TWO-WAY,NOT DIVIDED;SMOOTH ASPHALT;DRY;DAYLIGHT;CLEAR;NO CONTROL PRESENT;35.594955694;-78.78697635;-78.796791;35.702572;P119;RALW;0;0;;;NONE;;NONE;;VAN;PASSENGER CAR;;;;NO;21647;2020-08-11;5:16:32 PM;2020-08-11T21:16:32+00:00;35.594955694, -78.78697635;2020;No;No;8;NONE;NONE,NONE;NONE,NONE;VAN,PASSENGER CAR;VAN,PASSENGER CAR;VAN,PASSENGER CAR;VAN,PASSENGER CAR
45279;CARY;FOUR-WAY INTERSECTION;STRAIGHT,LEVEL;STATE SECONDARY ROUTE;TWO-WAY,DIVIDED,UNPROTECTED MEDIAN;SMOOTH ASPHALT;DRY;DAYLIGHT;CLEAR;STOP AND GO SIGNAL;;;-78.773116;35.749479;;;0;1;;;NONE;;NONE;;SPORT UTILITY;SPORT UTILITY;;;;NO;21651;2020-08-14;2:05:02 PM;2020-08-14T18:05:02+00:00;;2020;No;Yes;8;NONE;NONE,NONE;NONE,NONE;SPORT UTILITY,SPORT UTILITY;SPORT UTILITY,SPORT UTILITY;SPORT UTILITY,SPORT UTILITY;SPORT UTILITY,SPORT UTILITY
45287;.5 MILES FROM US 1 NB;NO SPECIAL FEATURE;STRAIGHT,LEVEL;US ROUTE;TWO-WAY,DIVIDED,POSITIVE MEDIAN BARRIER;CONCRETE;WET;DARK - LIGHTED ROADWAY;RAIN;NO CONTROL PRESENT;;;-78.78144;35.74336;;;0;0;;;NONE;;NONE;;PASSENGER CAR;;;;;NO;21659;2020-08-16;2:42:28 AM;2020-08-16T06:42:28+00:00;;2020;No;No;8;NONE;NONE,NONE;NONE,NONE;PASSENGER CAR;PASSENGER CAR;PASSENGER CAR;PASSENGER CAR
45289;CARY;NO SPECIAL FEATURE;STRAIGHT,LEVEL;STATE SECONDARY ROUTE;TWO-WAY,DIVIDED,UNPROTECTED MEDIAN;SMOOTH ASPHALT;DRY;DAYLIGHT;CLEAR;NO CONTROL PRESENT;;;-78.774254;35.755673;;;0;0;2;;NONE;;NONE;;SPORT UTILITY;VAN;VAN;;;NO;21661;2020-08-16;8:25:07 PM;2020-08-17T00:25:07+00:00;;2020;No;No;8;NONE;NONE,NONE;NONE,NONE;SPORT UTILITY,VAN;SPORT UTILITY,VAN,VAN;SPORT UTILITY,VAN,VAN;SPORT UTILITY,VAN,VAN
45290;.31 MILES FROM COORSDALE DR;NO SPECIAL FEATURE;STRAIGHT,LEVEL;LOCAL STREET;TWO-WAY,NOT DIVIDED;SMOOTH ASPHALT;DRY;DAYLIGHT;CLEAR;NO CONTROL PRESENT;;;-78.7723;35.754;;;0;0;;;NONE;;NONE;;PASSENGER CAR;PASSENGER CAR;;;;NO;21662;2020-08-15;3:29:14 PM;2020-08-15T19:29:14+00:00;;2020;No;No;8;NONE;NONE,NONE;NONE,NONE;PASSENGER CAR,PASSENGER CAR;PASSENGER CAR,PASSENGER CAR;PASSENGER CAR,PASSENGER CAR;PASSENGER CAR,PASSENGER CAR
45295;.15 MILES FROM 3112 (NW CARY PKWY);NO SPECIAL FEATURE;STRAIGHT,LEVEL;STATE SECONDARY ROUTE;TWO-WAY,DIVIDED,POSITIVE MEDIAN BARRIER;SMOOTH ASPHALT;WET;DAYLIGHT;RAIN;NO CONTROL PRESENT;;;-78.836708;35.776493;;;0;0;;;NONE;;COMING FROM BEHIND PARKED VEHICLE;;PASSENGER CAR;PICKUP;;;;NO;21667;2020-08-17;7:54:08 PM;2020-08-17T23:54:08+00:00;;2020;No;No;8;NONE;NONE,COMING FROM BEHIND PARKED VEHICLE;NONE,COMING FROM BEHIND PARKED VEHICLE;PASSENGER CAR,PICKUP;PASSENGER CAR,PICKUP;PASSENGER CAR,PICKUP;PASSENGER CAR,PICKUP