tamainid;location_description;rdfeature;rdcharacter;rdclass;rdconfigur;rdsurface;rdcondition;lightcond;weather;trafcontrl;lat;lon;lon2;lat2;tract;zone;fatality;possblinj;numpassengers;numpedestrians;contrcir1_desc;contrcir2_desc;contrcir3_desc;contrcir4_desc;vehicle1;vehicle2;vehicle3;vehicle4;vehicle5;workarea;records;ta_date;ta_time;crash_date;geo_location;year;fatalities;injuries;month;contrfact1;contrfact2;contributing_factor;vehicleconcat1;vehicleconcat2;vehicleconcat3;vehicle_type
46300;383 FEET FROM P.V.A. AMAZON(1200 INNOVATION);DRIVEWAY, PUBLIC;STRAIGHT,LEVEL;PUBLIC VEHICULAR AREA;TWO-WAY,NOT DIVIDED;SMOOTH ASPHALT;DRY;DAYLIGHT;CLEAR;NO CONTROL PRESENT;35.86521075;-78.51824064;-78.82149;35.87062;P119;RALW;0;0;;;;;NONE;;UNKNOWN;SPORT UTILITY;;;;NO;22672;2020-12-14;8:56:48 AM;2020-12-14T13:56:48+00:00;35.86521075, -78.51824064;2020;No;No;12;;NONE;NONE;UNKNOWN,SPORT UTILITY;UNKNOWN,SPORT UTILITY;UNKNOWN,SPORT UTILITY;UNKNOWN,SPORT UTILITY
46326;.25 MILES FROM SR 1300 (KILDIRE FARD RD.);NO SPECIAL FEATURE;STRAIGHT,LEVEL;STATE SECONDARY ROUTE;TWO-WAY,NOT DIVIDED;SMOOTH ASPHALT;DRY;DAYLIGHT;CLEAR;STOP SIGN;;;-78.794365;35.705476;;116;0;0;3;;NONE;;NONE;;PICKUP;SPORT UTILITY;;;;NO;22698;2020-12-15;3:47:16 PM;2020-12-15T20:47:16+00:00;;2020;No;No;12;NONE;NONE,NONE;NONE,NONE;PICKUP,SPORT UTILITY;PICKUP,SPORT UTILITY;PICKUP,SPORT UTILITY;PICKUP,SPORT UTILITY
46335;.2 MILES FROM SR 1652 (N HARRISON AVE);RELATED TO INTERSECTION;STRAIGHT,LEVEL;STATE SECONDARY ROUTE;TWO-WAY,NOT DIVIDED;COARSE ASPHALT;DRY;DARK - LIGHTED ROADWAY;CLEAR;STOP AND GO SIGNAL;;;;35.827;;;0;0;;;NONE;;NONE;;VAN;PASSENGER CAR;;;;NO;22707;2020-12-17;9:40:38 PM;2020-12-18T02:40:38+00:00;;2020;No;No;12;NONE;NONE,NONE;NONE,NONE;VAN,PASSENGER CAR;VAN,PASSENGER CAR;VAN,PASSENGER CAR;VAN,PASSENGER CAR
46339;450 FEET FROM (PVA) 301 W LOCHMERE DR;DRIVEWAY, PUBLIC;STRAIGHT,LEVEL;PUBLIC VEHICULAR AREA;TWO-WAY,NOT DIVIDED;SMOOTH ASPHALT;DRY;DAYLIGHT;CLEAR;NO CONTROL PRESENT;;;-78.782649;35.728804;;;0;0;1;;NONE;;NONE;;SINGLE UNIT TRUCK (2-AXLE- 6-TIRE);PICKUP;;;;NO;22711;2020-12-18;9:03:59 AM;2020-12-18T14:03:59+00:00;;2020;No;No;12;NONE;NONE,NONE;NONE,NONE;SINGLE UNIT TRUCK (2-AXLE- 6-TIRE),PICKUP;SINGLE UNIT TRUCK (2-AXLE- 6-TIRE),PICKUP;SINGLE UNIT TRUCK (2-AXLE- 6-TIRE),PICKUP;SINGLE UNIT TRUCK (2-AXLE- 6-TIRE),PICKUP
46344;CARY;NO SPECIAL FEATURE;STRAIGHT,LEVEL;LOCAL STREET;TWO-WAY,DIVIDED,UNPROTECTED MEDIAN;COARSE ASPHALT;DRY;DAYLIGHT;CLEAR;STOP SIGN;;;-78.768878;35.742054;;;0;0;;1;NONE;;NONE;;VAN;;;;;NO;22716;2020-12-18;1:48:38 PM;2020-12-18T18:48:38+00:00;;2020;No;No;12;NONE;NONE,NONE;NONE,NONE;VAN;VAN;VAN;VAN
46353;20 FEET FROM SR 1652 (N HARRISON AVE);RELATED TO INTERSECTION;STRAIGHT,LEVEL;STATE SECONDARY ROUTE;TWO-WAY,DIVIDED,UNPROTECTED MEDIAN;SMOOTH ASPHALT;DRY;DARK - LIGHTED ROADWAY;CLEAR;STOP AND GO SIGNAL;;;-78.783;35.8029;;111;0;0;;;;;NONE;;SPORT UTILITY;SPORT UTILITY;;;;NO;22725;2020-12-18;5:08:11 PM;2020-12-18T22:08:11+00:00;;2020;No;No;12;;NONE;NONE;SPORT UTILITY,SPORT UTILITY;SPORT UTILITY,SPORT UTILITY;SPORT UTILITY,SPORT UTILITY;SPORT UTILITY,SPORT UTILITY
46357;40 FEET FROM SR 1613 (DAVIS DR);NO SPECIAL FEATURE;CURVE,LEVEL;STATE SECONDARY ROUTE;TWO-WAY,DIVIDED,UNPROTECTED MEDIAN;SMOOTH ASPHALT;DRY;DARK - LIGHTED ROADWAY;CLEAR;NO CONTROL PRESENT;;;-78.8436;35.7648;;117;0;3;2;;;;NONE;;PASSENGER CAR;PICKUP;;;;NO;22729;2020-12-17;4:45:55 PM;2020-12-17T21:45:55+00:00;;2020;No;Yes;12;;NONE;NONE;PASSENGER CAR,PICKUP;PASSENGER CAR,PICKUP;PASSENGER CAR,PICKUP;PASSENGER CAR,PICKUP
46370;CARY;T-INTERSECTION;STRAIGHT,LEVEL;STATE SECONDARY ROUTE;TWO-WAY,DIVIDED,POSITIVE MEDIAN BARRIER;SMOOTH ASPHALT;DRY;DAYLIGHT;CLOUDY;STOP AND GO SIGNAL;;;-78.785;35.737359;;116;0;0;;;NONE;;NONE;;SPORT UTILITY;LIGHT TRUCK (MINI-VAN- PANEL);SPORT UTILITY;;;NO;22742;2020-12-21;7:48:51 AM;2020-12-21T12:48:51+00:00;;2020;No;No;12;NONE;NONE,NONE;NONE,NONE;SPORT UTILITY,LIGHT TRUCK (MINI-VAN- PANEL);SPORT UTILITY,LIGHT TRUCK (MINI-VAN- PANEL),SPORT UTILITY;SPORT UTILITY,LIGHT TRUCK (MINI-VAN- PANEL),SPORT UTILITY;SPORT UTILITY,LIGHT TRUCK (MINI-VAN- PANEL),SPORT UTILITY
46377;0 MILES FROM SR 1613 (DAVIS DR);FOUR-WAY INTERSECTION;STRAIGHT,GRADE;STATE SECONDARY ROUTE;TWO-WAY,DIVIDED,UNPROTECTED MEDIAN;SMOOTH ASPHALT;WET;DARK - LIGHTED ROADWAY;CLOUDY;STOP AND GO SIGNAL;;;-78.848;35.8136;;;0;0;;;NONE;;NONE;;PASSENGER CAR;PASSENGER CAR;PASSENGER CAR;;;NO;22749;2020-12-20;11:46 PM;2020-12-21T04:46:00+00:00;;2020;No;No;12;NONE;NONE,NONE;NONE,NONE;PASSENGER CAR,PASSENGER CAR;PASSENGER CAR,PASSENGER CAR,PASSENGER CAR;PASSENGER CAR,PASSENGER CAR,PASSENGER CAR;PASSENGER CAR,PASSENGER CAR,PASSENGER CAR
46381;.26 MILES FROM SR 1415 (NE MAYNARD RD);NO SPECIAL FEATURE;STRAIGHT,LEVEL;STATE SECONDARY ROUTE;TWO-WAY,DIVIDED,UNPROTECTED MEDIAN;COARSE ASPHALT;DRY;DARK - LIGHTED ROADWAY;CLEAR;STOP AND GO SIGNAL;;;-78.78186;35.80277;;;0;0;;;NONE;;NONE;;PASSENGER CAR;PASSENGER CAR;;;;NO;22753;2020-12-19;6:52:02 PM;2020-12-19T23:52:02+00:00;;2020;No;No;12;NONE;NONE,NONE;NONE,NONE;PASSENGER CAR,PASSENGER CAR;PASSENGER CAR,PASSENGER CAR;PASSENGER CAR,PASSENGER CAR;PASSENGER CAR,PASSENGER CAR
46384;0 MILES FROM SR 1613 (DAVIS DR);FOUR-WAY INTERSECTION;STRAIGHT,GRADE;STATE SECONDARY ROUTE;TWO-WAY,DIVIDED,UNPROTECTED MEDIAN;SMOOTH ASPHALT;WET;DARK - LIGHTED ROADWAY;CLOUDY;STOP AND GO SIGNAL;;;-78.848;35.8136;;;0;0;;;NONE;;NONE;;PASSENGER CAR;;;;;NO;22756;2020-12-20;9:51:48 PM;2020-12-21T02:51:48+00:00;;2020;No;No;12;NONE;NONE,NONE;NONE,NONE;PASSENGER CAR;PASSENGER CAR;PASSENGER CAR;PASSENGER CAR
46388;0 FEET FROM SR 1497 (CARY TOWNE BLVD);FOUR-WAY INTERSECTION;STRAIGHT,LEVEL;STATE SECONDARY ROUTE;TWO-WAY,DIVIDED,UNPROTECTED MEDIAN;SMOOTH ASPHALT;DRY;DARK - LIGHTED ROADWAY;CLEAR;STOP AND GO SIGNAL;;;-78.7672;35.7754;;120;0;0;;;;;NONE;;PASSENGER CAR;PASSENGER CAR;;;;NO;22760;2020-12-19;7:00:57 PM;2020-12-20T00:00:57+00:00;;2020;No;No;12;;NONE;NONE;PASSENGER CAR,PASSENGER CAR;PASSENGER CAR,PASSENGER CAR;PASSENGER CAR,PASSENGER CAR;PASSENGER CAR,PASSENGER CAR
46398;250 FEET FROM P.V.A. (2750 NC 55 HWY);NO SPECIAL FEATURE;STRAIGHT,LEVEL;PUBLIC VEHICULAR AREA;TWO-WAY,NOT DIVIDED;SMOOTH ASPHALT;DRY;DARK - LIGHTED ROADWAY;CLEAR;NO CONTROL PRESENT;;;-78.869973;35.7865393;;117;0;0;2;;NONE;;NONE;;PASSENGER CAR;PASSENGER CAR;;;;NO;22770;2020-12-22;5:46:09 PM;2020-12-22T22:46:09+00:00;;2020;No;No;12;NONE;NONE,NONE;NONE,NONE;PASSENGER CAR,PASSENGER CAR;PASSENGER CAR,PASSENGER CAR;PASSENGER CAR,PASSENGER CAR;PASSENGER CAR,PASSENGER CAR
46400;0 FEET FROM SR1300 (KILDAIRE FARM RD);FOUR-WAY INTERSECTION;STRAIGHT,LEVEL;STATE SECONDARY ROUTE;TWO-WAY,DIVIDED,UNPROTECTED MEDIAN;SMOOTH ASPHALT;DRY;DAYLIGHT;CLEAR;STOP AND GO SIGNAL;;;-78.7818;35.7694;;;0;1;;;NONE;;NONE;;SPORT UTILITY;PASSENGER CAR;;;;NO;22772;2020-12-22;7:31:13 AM;2020-12-22T12:31:13+00:00;;2020;No;Yes;12;NONE;NONE,NONE;NONE,NONE;SPORT UTILITY,PASSENGER CAR;SPORT UTILITY,PASSENGER CAR;SPORT UTILITY,PASSENGER CAR;SPORT UTILITY,PASSENGER CAR
46406;0 FEET FROM CRESCENT GREEN;FOUR-WAY INTERSECTION;STRAIGHT,LEVEL;LOCAL STREET;TWO-WAY,DIVIDED,UNPROTECTED MEDIAN;SMOOTH ASPHALT;DRY;DAYLIGHT;CLEAR;STOP SIGN;35.736014398;-78.78461828;-78.7844;35.736;P053;116;0;1;;;NONE;;NONE;;PASSENGER CAR;;;;;NO;22778;2020-12-22;12:19 PM;2020-12-22T17:19:00+00:00;35.736014398, -78.78461828;2020;No;Yes;12;NONE;NONE,NONE;NONE,NONE;PASSENGER CAR;PASSENGER CAR;PASSENGER CAR;PASSENGER CAR
46412;10 FEET FROM SR 3073 (NW MAYNARD RD);FOUR-WAY INTERSECTION;STRAIGHT,LEVEL;STATE SECONDARY ROUTE;TWO-WAY,DIVIDED,UNPROTECTED MEDIAN;SMOOTH ASPHALT;DRY;DARK - LIGHTED ROADWAY;CLEAR;STOP AND GO SIGNAL;;;-78.80999;35.78352;;114;0;0;;;NONE;;NONE;;SPORT UTILITY;;;;;NO;22784;2020-12-22;5:04:26 AM;2020-12-22T10:04:26+00:00;;2020;No;No;12;NONE;NONE,NONE;NONE,NONE;SPORT UTILITY;SPORT UTILITY;SPORT UTILITY;SPORT UTILITY
46427;.16 MILES FROM S.R. 1423 (PINEY PLAINS RD);NO SPECIAL FEATURE;STRAIGHT,LEVEL;STATE SECONDARY ROUTE;TWO-WAY,NOT DIVIDED;SMOOTH ASPHALT;DRY;DUSK;CLEAR;NO CONTROL PRESENT;;;-78.746152;35.758929;;;0;1;;;;;NONE;;PASSENGER CAR;;;;;NO;22799;2020-12-26;4:52:16 PM;2020-12-26T21:52:16+00:00;;2020;No;Yes;12;;NONE;NONE;PASSENGER CAR;PASSENGER CAR;PASSENGER CAR;PASSENGER CAR
46432;.25 MILES FROM PVA (1020 BRADFORD PLAZA WAY);DRIVEWAY, PUBLIC;STRAIGHT,LEVEL;PUBLIC VEHICULAR AREA;TWO-WAY,NOT DIVIDED;SMOOTH ASPHALT;DRY;DAYLIGHT;CLEAR;NO CONTROL PRESENT;;;-78.84439;35.793734;;121;0;0;;;NONE;;NONE;;PASSENGER CAR;PASSENGER CAR;;;;NO;22804;2020-12-28;12:16 PM;2020-12-28T17:16:00+00:00;;2020;No;No;12;NONE;NONE,NONE;NONE,NONE;PASSENGER CAR,PASSENGER CAR;PASSENGER CAR,PASSENGER CAR;PASSENGER CAR,PASSENGER CAR;PASSENGER CAR,PASSENGER CAR
46436;0 FEET FROM SR 1613 (DAVIS DR);T-INTERSECTION;STRAIGHT,GRADE;STATE SECONDARY ROUTE;TWO-WAY,DIVIDED,UNPROTECTED MEDIAN;SMOOTH ASPHALT;DRY;DARK - LIGHTED ROADWAY;CLEAR;NO CONTROL PRESENT;;;-78.8474;35.817;;;0;0;;;NONE;;NONE;;SPORT UTILITY;;;;;NO;22808;2020-12-28;2:11:49 AM;2020-12-28T07:11:49+00:00;;2020;No;No;12;NONE;NONE,NONE;NONE,NONE;SPORT UTILITY;SPORT UTILITY;SPORT UTILITY;SPORT UTILITY
46437;0 FEET FROM SR 1652(N HARRISON AV);RELATED TO INTERSECTION;STRAIGHT,LEVEL;STATE SECONDARY ROUTE;TWO-WAY,NOT DIVIDED;SMOOTH ASPHALT;DRY;DARK - LIGHTED ROADWAY;CLEAR;STOP AND GO SIGNAL;;;-78.782888;35.802574;;;0;3;1;;;;NONE;;SPORT UTILITY;SPORT UTILITY;;;;NO;22809;2020-12-21;8:20:24 PM;2020-12-22T01:20:24+00:00;;2020;No;Yes;12;;NONE;NONE;SPORT UTILITY,SPORT UTILITY;SPORT UTILITY,SPORT UTILITY;SPORT UTILITY,SPORT UTILITY;SPORT UTILITY,SPORT UTILITY
46438;0 FEET FROM SR 1152 (HOLLY SPRINGS RD);FOUR-WAY INTERSECTION;STRAIGHT,LEVEL;STATE SECONDARY ROUTE;TWO-WAY,DIVIDED,UNPROTECTED MEDIAN;SMOOTH ASPHALT;DRY;DARK - LIGHTED ROADWAY;CLEAR;STOP AND GO SIGNAL;;;-78.772239;35.695207;;;0;0;1;;NONE;;NONE;;PASSENGER CAR;PASSENGER CAR;;;;NO;22810;2020-12-28;7:45:15 PM;2020-12-29T00:45:15+00:00;;2020;No;No;12;NONE;NONE,NONE;NONE,NONE;PASSENGER CAR,PASSENGER CAR;PASSENGER CAR,PASSENGER CAR;PASSENGER CAR,PASSENGER CAR;PASSENGER CAR,PASSENGER CAR
46439;1 MILES FROM US 1 HWY;NO SPECIAL FEATURE;STRAIGHT,LEVEL;US ROUTE;TWO-WAY,DIVIDED,POSITIVE MEDIAN BARRIER;SMOOTH ASPHALT;DRY;DAYLIGHT;CLEAR;NO CONTROL PRESENT;;;-78.790092;35.739883;;115;0;0;;;NONE;;NONE;;PASSENGER CAR;;;;;NO;22811;2020-12-28;7:25:23 PM;2020-12-29T00:25:23+00:00;;2020;No;No;12;NONE;NONE,NONE;NONE,NONE;PASSENGER CAR;PASSENGER CAR;PASSENGER CAR;PASSENGER CAR
46444;300 FEET FROM PVA (681 CARY TOWNE BLVD );NO SPECIAL FEATURE;STRAIGHT,LEVEL;PUBLIC VEHICULAR AREA;TWO-WAY,NOT DIVIDED;SMOOTH ASPHALT;DRY;DAYLIGHT;CLOUDY;NO CONTROL PRESENT;;;;;;;0;0;;;NONE;;NONE;;PASSENGER CAR;PASSENGER CAR;;;;NO;22816;2020-12-23;5:33:37 PM;2020-12-23T22:33:37+00:00;;2020;No;No;12;NONE;NONE,NONE;NONE,NONE;PASSENGER CAR,PASSENGER CAR;PASSENGER CAR,PASSENGER CAR;PASSENGER CAR,PASSENGER CAR;PASSENGER CAR,PASSENGER CAR
46447;155 FEET FROM SR 1313, WALNUT ST;NO SPECIAL FEATURE;STRAIGHT,GRADE;STATE SECONDARY ROUTE;TWO-WAY,DIVIDED,UNPROTECTED MEDIAN;SMOOTH ASPHALT;DRY;DAYLIGHT;CLOUDY;STOP AND GO SIGNAL;;;;;;;0;0;1;;NONE;;NONE;;PASSENGER CAR;VAN;;;;NO;22819;2020-12-30;3:11:08 PM;2020-12-30T20:11:08+00:00;;2020;No;No;12;NONE;NONE,NONE;NONE,NONE;PASSENGER CAR,VAN;PASSENGER CAR,VAN;PASSENGER CAR,VAN;PASSENGER CAR,VAN
46457;450 FEET FROM SR 1613 (DAVIS DR);NO SPECIAL FEATURE;CURVE,LEVEL;STATE SECONDARY ROUTE;TWO-WAY,NOT DIVIDED;SMOOTH ASPHALT;DRY;DAYLIGHT;CLEAR;NO CONTROL PRESENT;;;-78.842959;35.767254;;;0;0;;;NONE;;WRONG SIDE OF ROAD;;PASSENGER CAR;;;;;NO;22829;2020-12-25;10:34 AM;2020-12-25T15:34:00+00:00;;2020;No;No;12;NONE;NONE,WRONG SIDE OF ROAD;NONE,WRONG SIDE OF ROAD;PASSENGER CAR;PASSENGER CAR;PASSENGER CAR;PASSENGER CAR
46458;320 FEET FROM SR 3081 (CHAPEL HILL RD);NO SPECIAL FEATURE;STRAIGHT,LEVEL;STATE SECONDARY ROUTE;TWO-WAY,DIVIDED,UNPROTECTED MEDIAN;COARSE ASPHALT;WET;DARK - LIGHTED ROADWAY;RAIN;NO CONTROL PRESENT;;;-78.760158;35.796138;;113;0;0;1;;NONE;;NONE;;PICKUP;PASSENGER CAR;;;;NO;22830;2021-01-01;10:20 AM;2021-01-01T15:20:00+00:00;;2021;No;No;1;NONE;NONE,NONE;NONE,NONE;PICKUP,PASSENGER CAR;PICKUP,PASSENGER CAR;PICKUP,PASSENGER CAR;PICKUP,PASSENGER CAR
46461;175 FEET FROM PVA (5856 TRYON RD);NO SPECIAL FEATURE;STRAIGHT,LEVEL;PUBLIC VEHICULAR AREA;ONE-WAY,NOT DIVIDED;SMOOTH ASPHALT;WET;DAYLIGHT;CLOUDY;NO CONTROL PRESENT;;;-78.7398;35.7463;;118;0;0;1;;NONE;;NONE;;PASSENGER CAR;SPORT UTILITY;;;;NO;22833;2021-01-01;11:10 AM;2021-01-01T16:10:00+00:00;;2021;No;No;1;NONE;NONE,NONE;NONE,NONE;PASSENGER CAR,SPORT UTILITY;PASSENGER CAR,SPORT UTILITY;PASSENGER CAR,SPORT UTILITY;PASSENGER CAR,SPORT UTILITY
46468;.25 MILES FROM PVA (1020 BRADFORD PLAZA WAY);;;;;;;;;;;;-78.84439;35.793734;;;0;0;;;;;;;UNKNOWN;;;;;;22840;2021-01-02;12:06 PM;2021-01-02T17:06:00+00:00;;2021;No;No;1;;;;UNKNOWN;UNKNOWN;UNKNOWN;UNKNOWN
46479;0 MILES FROM SR 1300 (KILDAIRE FARM RD);RELATED TO INTERSECTION;CURVE,GRADE;STATE SECONDARY ROUTE;TWO-WAY,DIVIDED,UNPROTECTED MEDIAN;COARSE ASPHALT;WET;DARK - LIGHTED ROADWAY;CLOUDY;STOP AND GO SIGNAL;;;-78.779927;35.739421;;;0;0;1;;NONE;;NONE;;PASSENGER CAR;PASSENGER CAR;;;;NO;22851;2021-01-01;5:57:16 PM;2021-01-01T22:57:16+00:00;;2021;No;No;1;NONE;NONE,NONE;NONE,NONE;PASSENGER CAR,PASSENGER CAR;PASSENGER CAR,PASSENGER CAR;PASSENGER CAR,PASSENGER CAR;PASSENGER CAR,PASSENGER CAR
46485;496 FEET FROM SR1011 (OLD APEX RD);NO SPECIAL FEATURE;STRAIGHT,LEVEL;STATE SECONDARY ROUTE;TWO-WAY,NOT DIVIDED;SMOOTH ASPHALT;WET;DAYLIGHT;RAIN;NO CONTROL PRESENT;;;-78.824955;35.761224;;117;0;0;;;NONE;;NONE;;PASSENGER CAR;PASSENGER CAR;;;;NO;22857;2021-01-03;10:15 AM;2021-01-03T15:15:00+00:00;;2021;No;No;1;NONE;NONE,NONE;NONE,NONE;PASSENGER CAR,PASSENGER CAR;PASSENGER CAR,PASSENGER CAR;PASSENGER CAR,PASSENGER CAR;PASSENGER CAR,PASSENGER CAR
46488;499 FEET FROM WHITEHAVEN LANE;NO SPECIAL FEATURE;STRAIGHT,LEVEL;LOCAL STREET;TWO-WAY,NOT DIVIDED;SMOOTH ASPHALT;DRY;DAYLIGHT;CLEAR;NO CONTROL PRESENT;;;-78.863503;35.767547;;;0;0;;;NONE;;NONE;;PASSENGER CAR;SPORT UTILITY;;;;NO;22860;2021-01-04;12:23 PM;2021-01-04T17:23:00+00:00;;2021;No;No;1;NONE;NONE,NONE;NONE,NONE;PASSENGER CAR,SPORT UTILITY;PASSENGER CAR,SPORT UTILITY;PASSENGER CAR,SPORT UTILITY;PASSENGER CAR,SPORT UTILITY
46489;CARY;T-INTERSECTION;STRAIGHT,LEVEL;STATE SECONDARY ROUTE;TWO-WAY,NOT DIVIDED;SMOOTH ASPHALT;DRY;DARK - ROADWAY NOT LIGHTED;CLEAR;STOP SIGN;;;-78.763692;35.789892;;120;0;0;;;NOT VISIBLE (DARK CLOTHING, ETC.);;NONE;;PICKUP;;;;;NO;22861;2021-01-04;7:45:52 AM;2021-01-04T12:45:52+00:00;;2021;No;No;1;NOT VISIBLE (DARK CLOTHING, ETC.);NOT VISIBLE (DARK CLOTHING, ETC.),NONE;NOT VISIBLE (DARK CLOTHING,ETC.),NONE;PICKUP;PICKUP;PICKUP;PICKUP
46490;50 FEET FROM SR 1731 (O KELLY CHAPEL RD);NO SPECIAL FEATURE;CURVE,LEVEL;STATE SECONDARY ROUTE;TWO-WAY,DIVIDED,UNPROTECTED MEDIAN;SMOOTH ASPHALT;WET;DAYLIGHT;RAIN;NO CONTROL PRESENT;;;-78.91597;35.84532;;119;0;0;;;NONE;;LYING AND/OR ILLEGALLY IN ROADWAY;;SPORT UTILITY;;;;;NO;22862;2021-01-02;2:12:16 PM;2021-01-02T19:12:16+00:00;;2021;No;No;1;NONE;NONE,LYING AND/OR ILLEGALLY IN ROADWAY;NONE,LYING AND/OR ILLEGALLY IN ROADWAY;SPORT UTILITY;SPORT UTILITY;SPORT UTILITY;SPORT UTILITY
46491;0.8 MILES FROM US-1 NB;NO SPECIAL FEATURE;STRAIGHT,LEVEL;US ROUTE;TWO-WAY,DIVIDED,POSITIVE MEDIAN BARRIER;CONCRETE;DRY;DAYLIGHT;CLEAR;NO CONTROL PRESENT;35.612118724;-78.66582805;-78.753121;35.75798;P119;RALW;0;0;;;NONE;;NONE;;SPORT UTILITY;SPORT UTILITY;;;;NO;22863;2021-01-04;8:03:06 AM;2021-01-04T13:03:06+00:00;35.612118724, -78.66582805;2021;No;No;1;NONE;NONE,NONE;NONE,NONE;SPORT UTILITY,SPORT UTILITY;SPORT UTILITY,SPORT UTILITY;SPORT UTILITY,SPORT UTILITY;SPORT UTILITY,SPORT UTILITY
46500;375 FEET FROM SR 3977 (SE CARY PKWY);NO SPECIAL FEATURE;STRAIGHT,LEVEL;STATE SECONDARY ROUTE;TWO-WAY,DIVIDED,UNPROTECTED MEDIAN;SMOOTH ASPHALT;DRY;DAYLIGHT;CLEAR;NO CONTROL PRESENT;;;-78.7649;35.7456;;118;0;0;;;NONE;;NONE;;SPORT UTILITY;PASSENGER CAR;;;;NO;22872;2021-01-06;9:20:59 AM;2021-01-06T14:20:59+00:00;;2021;No;No;1;NONE;NONE,NONE;NONE,NONE;SPORT UTILITY,PASSENGER CAR;SPORT UTILITY,PASSENGER CAR;SPORT UTILITY,PASSENGER CAR;SPORT UTILITY,PASSENGER CAR
46501;.25 MILES FROM SR 1010 (TEN TEN RD.);NO SPECIAL FEATURE;STRAIGHT,LEVEL;STATE SECONDARY ROUTE;TWO-WAY,NOT DIVIDED;SMOOTH ASPHALT;DRY;DAYLIGHT;CLEAR;NO CONTROL PRESENT;;;-78.77269;35.69546;;116;0;0;;;NONE;;NONE;;PASSENGER CAR;PASSENGER CAR;;;;NO;22873;2021-01-06;8:35:58 AM;2021-01-06T13:35:58+00:00;;2021;No;No;1;NONE;NONE,NONE;NONE,NONE;PASSENGER CAR,PASSENGER CAR;PASSENGER CAR,PASSENGER CAR;PASSENGER CAR,PASSENGER CAR;PASSENGER CAR,PASSENGER CAR
46510;.2 MILES FROM DANFORTH DR;NO SPECIAL FEATURE;STRAIGHT,LEVEL;LOCAL STREET;TWO-WAY,NOT DIVIDED;COARSE ASPHALT;DRY;DAYLIGHT;CLEAR;NO CONTROL PRESENT;35.778366834;-78.79814076;-78.7976;35.7779;P036;114;0;0;;;NONE;;NONE;;PICKUP;;;;;NO;22882;2021-01-07;2:01:28 PM;2021-01-07T19:01:28+00:00;35.778366834, -78.79814076;2021;No;No;1;NONE;NONE,NONE;NONE,NONE;PICKUP;PICKUP;PICKUP;PICKUP
46513;50 FEET FROM    SR 3112 (NW CARY PKWY);NO SPECIAL FEATURE;CURVE,GRADE;STATE SECONDARY ROUTE;TWO-WAY,DIVIDED,UNPROTECTED MEDIAN;SMOOTH ASPHALT;ICE;DAYLIGHT;CLEAR;NO CONTROL PRESENT;;;-78.8184;35.79423;;121;0;0;;;NONE;;COMING FROM BEHIND PARKED VEHICLE;;PICKUP;;;;;NO;22885;2021-01-07;7:59:50 AM;2021-01-07T12:59:50+00:00;;2021;No;No;1;NONE;NONE,COMING FROM BEHIND PARKED VEHICLE;NONE,COMING FROM BEHIND PARKED VEHICLE;PICKUP;PICKUP;PICKUP;PICKUP
46514;CARY;FOUR-WAY INTERSECTION;STRAIGHT,GRADE;STATE SECONDARY ROUTE;TWO-WAY,DIVIDED,UNPROTECTED MEDIAN;SMOOTH ASPHALT;DRY;DAYLIGHT;CLEAR;STOP AND GO SIGNAL;;;-78.8474;35.7939;;;0;0;1;;;;NONE;;PASSENGER CAR;PASSENGER CAR;;;;NO;22886;2021-01-07;12:13 PM;2021-01-07T17:13:00+00:00;;2021;No;No;1;;NONE;NONE;PASSENGER CAR,PASSENGER CAR;PASSENGER CAR,PASSENGER CAR;PASSENGER CAR,PASSENGER CAR;PASSENGER CAR,PASSENGER CAR
46520;250 FEET FROM EUPHORIA CIR;NO SPECIAL FEATURE;STRAIGHT,LEVEL;LOCAL STREET;TWO-WAY,NOT DIVIDED;SMOOTH ASPHALT;DRY;DAYLIGHT;CLEAR;NO CONTROL PRESENT;35.775007805;-78.88203941;-78.883;35.7751;P118;117;0;0;;;NONE;;NONE;;PASSENGER CAR;UNKNOWN;;;;NO;22892;2021-01-05;2:20:05 PM;2021-01-05T19:20:05+00:00;35.775007805, -78.88203941;2021;No;No;1;NONE;NONE,NONE;NONE,NONE;PASSENGER CAR,UNKNOWN;PASSENGER CAR,UNKNOWN;PASSENGER CAR,UNKNOWN;PASSENGER CAR,UNKNOWN
46523;0 FEET FROM SR 1009 (TRYON RD);;;;;;;;;;;;-78.779927;35.739421;;;0;0;;;;;;;;;;;;;22895;2021-01-01;1:53:06 PM;2021-01-01T18:53:06+00:00;;2021;No;No;1;;;;;;;
46525;CARY;T-INTERSECTION;CURVE,HILLCREST;STATE SECONDARY ROUTE;TWO-WAY,DIVIDED,UNPROTECTED MEDIAN;SMOOTH ASPHALT;WET;DARK - LIGHTED ROADWAY;RAIN;STOP SIGN;;;-78.76661;35.80045;;;0;2;;;NONE;;NONE;;PICKUP;PASSENGER CAR;;;;NO;22897;2021-01-08;6:55:38 PM;2021-01-08T23:55:38+00:00;;2021;No;Yes;1;NONE;NONE,NONE;NONE,NONE;PICKUP,PASSENGER CAR;PICKUP,PASSENGER CAR;PICKUP,PASSENGER CAR;PICKUP,PASSENGER CAR