tamainid;location_description;rdfeature;rdcharacter;rdclass;rdconfigur;rdsurface;rdcondition;lightcond;weather;trafcontrl;lat;lon;lon2;lat2;tract;zone;fatality;possblinj;numpassengers;numpedestrians;contrcir1_desc;contrcir2_desc;contrcir3_desc;contrcir4_desc;vehicle1;vehicle2;vehicle3;vehicle4;vehicle5;workarea;records;ta_date;ta_time;crash_date;geo_location;year;fatalities;injuries;month;contrfact1;contrfact2;contributing_factor;vehicleconcat1;vehicleconcat2;vehicleconcat3;vehicle_type
46757;0 FEET FROM S.R. 1009 (TRYON RD);FOUR-WAY INTERSECTION;STRAIGHT,LEVEL;STATE SECONDARY ROUTE;TWO-WAY,DIVIDED,UNPROTECTED MEDIAN;SMOOTH ASPHALT;DRY;DAYLIGHT;CLEAR;STOP AND GO SIGNAL;;;-78.76261;35.743472;;;0;3;2;;NONE;;NONE;;PASSENGER CAR;PASSENGER CAR;PASSENGER CAR;;;NO;23129;2021-02-06;2:46:37 PM;2021-02-06T19:46:37+00:00;;2021;No;Yes;2;NONE;NONE,NONE;NONE,NONE;PASSENGER CAR,PASSENGER CAR;PASSENGER CAR,PASSENGER CAR,PASSENGER CAR;PASSENGER CAR,PASSENGER CAR,PASSENGER CAR;PASSENGER CAR,PASSENGER CAR,PASSENGER CAR
46760;150 FEET FROM SR 1615 (HIGH HOUSE);NO SPECIAL FEATURE;CURVE,GRADE;STATE SECONDARY ROUTE;TWO-WAY,DIVIDED,POSITIVE MEDIAN BARRIER;SMOOTH ASPHALT;ICE;DARK - LIGHTED ROADWAY;CLEAR;NO CONTROL PRESENT;;;-78.83439;35.790855;;;0;0;;;;;COMING FROM BEHIND PARKED VEHICLE;COMING FROM BEHIND PARKED VEHICLE;PASSENGER CAR;;;;;NO;23132;2021-02-08;6:31:27 AM;2021-02-08T11:31:27+00:00;;2021;No;No;2;;COMING FROM BEHIND PARKED VEHICLE;COMING FROM BEHIND PARKED VEHICLE,COMING FROM BEHIND PARKED VEHICLE;PASSENGER CAR;PASSENGER CAR;PASSENGER CAR;PASSENGER CAR
46765;270 FEET FROM P.V.A. (340 CROSSROADS BLVD);NO SPECIAL FEATURE;STRAIGHT,LEVEL;PUBLIC VEHICULAR AREA;TWO-WAY,NOT DIVIDED;SMOOTH ASPHALT;DRY;DAYLIGHT;CLEAR;NO CONTROL PRESENT;;;-78.737985;35.759209;;;0;0;;;NONE;;NONE;;PASSENGER CAR;SPORT UTILITY;;;;NO;23137;2021-02-08;4:31:41 PM;2021-02-08T21:31:41+00:00;;2021;No;No;2;NONE;NONE,NONE;NONE,NONE;PASSENGER CAR,SPORT UTILITY;PASSENGER CAR,SPORT UTILITY;PASSENGER CAR,SPORT UTILITY;PASSENGER CAR,SPORT UTILITY
46771;CARY;RELATED TO INTERSECTION;STRAIGHT,LEVEL;STATE SECONDARY ROUTE;TWO-WAY,DIVIDED,UNPROTECTED MEDIAN;SMOOTH ASPHALT;DRY;DAYLIGHT;CLEAR;STOP SIGN;;;-78.759671;35.744634;;;0;0;1;;NONE;;NONE;;PICKUP;SPORT UTILITY;;;;NO;23143;2021-02-09;3:39:28 PM;2021-02-09T20:39:28+00:00;;2021;No;No;2;NONE;NONE,NONE;NONE,NONE;PICKUP,SPORT UTILITY;PICKUP,SPORT UTILITY;PICKUP,SPORT UTILITY;PICKUP,SPORT UTILITY
46772;CARY;FOUR-WAY INTERSECTION;STRAIGHT,GRADE;STATE SECONDARY ROUTE;TWO-WAY,NOT DIVIDED;SMOOTH ASPHALT;DRY;DAYLIGHT;CLEAR;NO CONTROL PRESENT;;;-78.78313;35.793574;;113;0;0;;;NONE;;NONE;;SPORT UTILITY;SPORT UTILITY;;;;NO;23144;2021-02-09;2:49:43 PM;2021-02-09T19:49:43+00:00;;2021;No;No;2;NONE;NONE,NONE;NONE,NONE;SPORT UTILITY,SPORT UTILITY;SPORT UTILITY,SPORT UTILITY;SPORT UTILITY,SPORT UTILITY;SPORT UTILITY,SPORT UTILITY
46778;1.4 MILES FROM US HWY 1 OFF RAMP;OFF-RAMP PROPER;CURVE,GRADE;US ROUTE;ONE-WAY,NOT DIVIDED;COARSE ASPHALT;DRY;DAYLIGHT;CLOUDY;STOP AND GO SIGNAL;;;-78.794375;35.737989;;;0;0;;;NONE;;NONE;;PASSENGER CAR;PICKUP;;;;NO;23150;2021-02-10;11:36 AM;2021-02-10T16:36:00+00:00;;2021;No;No;2;NONE;NONE,NONE;NONE,NONE;PASSENGER CAR,PICKUP;PASSENGER CAR,PICKUP;PASSENGER CAR,PICKUP;PASSENGER CAR,PICKUP
46783;CARY;T-INTERSECTION;STRAIGHT,LEVEL;STATE SECONDARY ROUTE;TWO-WAY,DIVIDED,UNPROTECTED MEDIAN;SMOOTH ASPHALT;WET;DAYLIGHT;RAIN;STOP SIGN;;;-78.858203;35.789179;;;0;0;;;NONE;;NONE;;PASSENGER CAR;SPORT UTILITY;;;;CONSTRUCTION WORK AREA;23155;2021-02-11;1:20:24 PM;2021-02-11T18:20:24+00:00;;2021;No;No;2;NONE;NONE,NONE;NONE,NONE;PASSENGER CAR,SPORT UTILITY;PASSENGER CAR,SPORT UTILITY;PASSENGER CAR,SPORT UTILITY;PASSENGER CAR,SPORT UTILITY
46785;.17 MILES FROM US 64;NO SPECIAL FEATURE;STRAIGHT,LEVEL;US ROUTE;TWO-WAY,DIVIDED,POSITIVE MEDIAN BARRIER;SMOOTH ASPHALT;DRY;DAYLIGHT;CLEAR;STOP AND GO SIGNAL;;;-78.80656;35.740792;;;0;0;;;NONE;;NONE;;PASSENGER CAR;PASSENGER CAR;;;;NO;23157;2021-02-10;6:52:40 PM;2021-02-10T23:52:40+00:00;;2021;No;No;2;NONE;NONE,NONE;NONE,NONE;PASSENGER CAR,PASSENGER CAR;PASSENGER CAR,PASSENGER CAR;PASSENGER CAR,PASSENGER CAR;PASSENGER CAR,PASSENGER CAR
46794;300 FEET FROM SR 1313 (WALNUT ST);OFF-RAMP TERMINAL ON CROSSROAD;STRAIGHT,LEVEL;STATE SECONDARY ROUTE;TWO-WAY,DIVIDED,UNPROTECTED MEDIAN;SMOOTH ASPHALT;WET;DAYLIGHT;RAIN;STOP AND GO SIGNAL;;;-78.7441;35.7608;;;0;1;;;NONE;;NONE;;PASSENGER CAR;SPORT UTILITY;;;;NO;23166;2021-02-12;11:11 AM;2021-02-12T16:11:00+00:00;;2021;No;Yes;2;NONE;NONE,NONE;NONE,NONE;PASSENGER CAR,SPORT UTILITY;PASSENGER CAR,SPORT UTILITY;PASSENGER CAR,SPORT UTILITY;PASSENGER CAR,SPORT UTILITY
46797;50 FEET FROM PVA 1101 WALNUT ST;NO SPECIAL FEATURE;STRAIGHT,LEVEL;PUBLIC VEHICULAR AREA;TWO-WAY,NOT DIVIDED;CONCRETE;WET;DAYLIGHT;RAIN;NO CONTROL PRESENT;;;-78.764167;35.77623;;;0;0;;;NONE;;NONE;;PICKUP;PASSENGER CAR;;;;NO;23169;2021-02-11;3:14:11 PM;2021-02-11T20:14:11+00:00;;2021;No;No;2;NONE;NONE,NONE;NONE,NONE;PICKUP,PASSENGER CAR;PICKUP,PASSENGER CAR;PICKUP,PASSENGER CAR;PICKUP,PASSENGER CAR
46798;CARY;FOUR-WAY INTERSECTION;STRAIGHT,LEVEL;LOCAL STREET;TWO-WAY,DIVIDED,POSITIVE MEDIAN BARRIER;SMOOTH ASPHALT;WET;DAYLIGHT;RAIN;STOP AND GO SIGNAL;;;-78.811903;35.816513;;;0;0;;;NONE;;NONE;;PASSENGER CAR;SPORT UTILITY;;;;NO;23170;2021-02-12;4:04:51 PM;2021-02-12T21:04:51+00:00;;2021;No;No;2;NONE;NONE,NONE;NONE,NONE;PASSENGER CAR,SPORT UTILITY;PASSENGER CAR,SPORT UTILITY;PASSENGER CAR,SPORT UTILITY;PASSENGER CAR,SPORT UTILITY
46803;20 FEET FROM NC 54 (NE MAYNARD RD);RELATED TO INTERSECTION;STRAIGHT,GRADE;NC ROUTE;TWO-WAY,DIVIDED,UNPROTECTED MEDIAN;SMOOTH ASPHALT;WET;DARK - LIGHTED ROADWAY;RAIN;STOP AND GO SIGNAL;;;-78.78264;35.80271;;113;0;1;3;;NONE;;NONE;;VAN;PASSENGER CAR;;;;NO;23175;2021-02-12;7:31:51 PM;2021-02-13T00:31:51+00:00;;2021;No;Yes;2;NONE;NONE,NONE;NONE,NONE;VAN,PASSENGER CAR;VAN,PASSENGER CAR;VAN,PASSENGER CAR;VAN,PASSENGER CAR
46811;200 FEET FROM P.V.A. 1225 KILDAIRE FARM RD;NO SPECIAL FEATURE;STRAIGHT,LEVEL;PUBLIC VEHICULAR AREA;TWO-WAY,NOT DIVIDED;SMOOTH ASPHALT;WET;DAYLIGHT;RAIN;NO CONTROL PRESENT;;;-78.782284;35.762703;;112;0;0;;;NONE;;NONE;;PASSENGER CAR;PASSENGER CAR;;;;NO;23183;2021-02-14;6:51:13 PM;2021-02-14T23:51:13+00:00;;2021;No;No;2;NONE;NONE,NONE;NONE,NONE;PASSENGER CAR,PASSENGER CAR;PASSENGER CAR,PASSENGER CAR;PASSENGER CAR,PASSENGER CAR;PASSENGER CAR,PASSENGER CAR
46814;100 FEET FROM P.V.A 3460 TEN TEN RD;NO SPECIAL FEATURE;STRAIGHT,LEVEL;PUBLIC VEHICULAR AREA;TWO-WAY,NOT DIVIDED;SMOOTH ASPHALT;DRY;DAYLIGHT;CLEAR;STOP SIGN;35.973047186;-78.67448141;-78.793747;35.701973;P119;RALW;0;0;1;;NONE;;NONE;;PASSENGER CAR;PICKUP;;;;NO;23186;2021-02-08;3:35:41 PM;2021-02-08T20:35:41+00:00;35.973047186, -78.67448141;2021;No;No;2;NONE;NONE,NONE;NONE,NONE;PASSENGER CAR,PICKUP;PASSENGER CAR,PICKUP;PASSENGER CAR,PICKUP;PASSENGER CAR,PICKUP
46823;CARY;FOUR-WAY INTERSECTION;STRAIGHT,LEVEL;STATE SECONDARY ROUTE;TWO-WAY,DIVIDED,UNPROTECTED MEDIAN;SMOOTH ASPHALT;WET;DUSK;RAIN;STOP SIGN;;;-78.823034;35.763951;;117;0;0;1;;NONE;;NONE;;PASSENGER CAR;PASSENGER CAR;;;;NO;23195;2021-02-14;4:12:46 PM;2021-02-14T21:12:46+00:00;;2021;No;No;2;NONE;NONE,NONE;NONE,NONE;PASSENGER CAR,PASSENGER CAR;PASSENGER CAR,PASSENGER CAR;PASSENGER CAR,PASSENGER CAR;PASSENGER CAR,PASSENGER CAR
46831;170 FEET FROM P.V.A. (401 KITTY HAWK DR);NO SPECIAL FEATURE;STRAIGHT,LEVEL;PUBLIC VEHICULAR AREA;TWO-WAY,NOT DIVIDED;CONCRETE;DRY;DAYLIGHT;CLEAR;NO CONTROL PRESENT;35.891318849;-78.8033865;-78.803515;35.89239;P019;111;0;0;;;NONE;;NONE;;VAN;;;;;NO;23203;2021-02-15;11:54 AM;2021-02-15T16:54:00+00:00;35.891318849, -78.8033865;2021;No;No;2;NONE;NONE,NONE;NONE,NONE;VAN;VAN;VAN;VAN
46835;65 FEET FROM NW CARY PKWY;NO SPECIAL FEATURE;STRAIGHT,GRADE;LOCAL STREET;TWO-WAY,DIVIDED,UNPROTECTED MEDIAN;COARSE ASPHALT;DRY;DAYLIGHT;CLEAR;NO CONTROL PRESENT;35.820649446;-78.78167826;-78.7818;35.8205;P080;111;0;0;;;NONE;;;;PICKUP;;;;;NO;23207;2021-02-08;7:47:41 AM;2021-02-08T12:47:41+00:00;35.820649446, -78.78167826;2021;No;No;2;NONE;NONE;NONE;PICKUP;PICKUP;PICKUP;PICKUP
46836;250 FEET FROM S.R. 1415 (SE MAYNARD RD);NO SPECIAL FEATURE;STRAIGHT,LEVEL;STATE SECONDARY ROUTE;TWO-WAY,NOT DIVIDED;SMOOTH ASPHALT;WET;DARK - LIGHTED ROADWAY;SLEET, HAIL, FREEZING RAIN/DRIZZLE;NO CONTROL PRESENT;;;-78.764215;35.776477;;;0;0;;;NONE;;COMING FROM BEHIND PARKED VEHICLE;;PASSENGER CAR;PICKUP;;;;NO;23208;2021-02-14;7:02:50 PM;2021-02-15T00:02:50+00:00;;2021;No;No;2;NONE;NONE,COMING FROM BEHIND PARKED VEHICLE;NONE,COMING FROM BEHIND PARKED VEHICLE;PASSENGER CAR,PICKUP;PASSENGER CAR,PICKUP;PASSENGER CAR,PICKUP;PASSENGER CAR,PICKUP
46838;300 FEET FROM P.V.A. HASTINGS PL;NO SPECIAL FEATURE;STRAIGHT,LEVEL;PUBLIC VEHICULAR AREA;TWO-WAY,NOT DIVIDED;SMOOTH ASPHALT;WET;DUSK;RAIN;NO CONTROL PRESENT;35.888906945;-78.91292235;-78.78887;35.76738;P095;DURH;0;0;;;NONE;;NONE;;PASSENGER CAR;PASSENGER CAR;;;;NO;23210;2021-02-15;4:52:18 PM;2021-02-15T21:52:18+00:00;35.888906945, -78.91292235;2021;No;No;2;NONE;NONE,NONE;NONE,NONE;PASSENGER CAR,PASSENGER CAR;PASSENGER CAR,PASSENGER CAR;PASSENGER CAR,PASSENGER CAR;PASSENGER CAR,PASSENGER CAR
46839;75 FEET FROM SR1617 (CARPENTER UPCHURCH RD);NO SPECIAL FEATURE;CURVE,LEVEL;STATE SECONDARY ROUTE;TWO-WAY,NOT DIVIDED;SMOOTH ASPHALT;WET;DAYLIGHT;CLOUDY;NO CONTROL PRESENT;35.791743286;-78.85714591;-78.857249;35.791929;P092;WAKE;0;0;5;;NONE;;NONE;;SPORT UTILITY;PICKUP;;;;NO;23211;2021-02-16;7:56:58 AM;2021-02-16T12:56:58+00:00;35.791743286, -78.85714591;2021;No;No;2;NONE;NONE,NONE;NONE,NONE;SPORT UTILITY,PICKUP;SPORT UTILITY,PICKUP;SPORT UTILITY,PICKUP;SPORT UTILITY,PICKUP
46842;CARY;NO SPECIAL FEATURE;STRAIGHT,LEVEL;PUBLIC VEHICULAR AREA;TWO-WAY,NOT DIVIDED;CONCRETE;DRY;DAYLIGHT;CLEAR;NO CONTROL PRESENT;;;-78.779948;35.742602;;;0;0;;;NONE;;NONE;;PASSENGER CAR;PASSENGER CAR;;;;NO;23214;2021-02-17;8:57:18 AM;2021-02-17T13:57:18+00:00;;2021;No;No;2;NONE;NONE,NONE;NONE,NONE;PASSENGER CAR,PASSENGER CAR;PASSENGER CAR,PASSENGER CAR;PASSENGER CAR,PASSENGER CAR;PASSENGER CAR,PASSENGER CAR
46845;.2 MILES FROM S.R. 1002 (AVIATION PKWY);FOUR-WAY INTERSECTION;STRAIGHT,LEVEL;STATE SECONDARY ROUTE;TWO-WAY,NOT DIVIDED;SMOOTH ASPHALT;DRY;DAYLIGHT;CLEAR;NO CONTROL PRESENT;;;-78.8198;35.8272;;;0;0;1;;;;NONE;;PICKUP;VAN;PICKUP;;;NO;23217;2021-02-16;3:47:10 PM;2021-02-16T20:47:10+00:00;;2021;No;No;2;;NONE;NONE;PICKUP,VAN;PICKUP,VAN,PICKUP;PICKUP,VAN,PICKUP;PICKUP,VAN,PICKUP
46847;50 FEET FROM SR 1011 (W CHATHAM ST);;;;;;;;;;;;;;;;0;0;;;;;;;;;;;;;23219;2021-02-17;9:03:49 PM;2021-02-18T02:03:49+00:00;;2021;No;No;2;;;;;;;
46848;30 FEET FROM SR 3977 (SW CARY PKWY);NO SPECIAL FEATURE;CURVE,GRADE;STATE SECONDARY ROUTE;TWO-WAY,DIVIDED,UNPROTECTED MEDIAN;COARSE ASPHALT;DRY;DARK - LIGHTED ROADWAY;CLEAR;NO CONTROL PRESENT;;;-78.821278;35.761266;;;0;0;;;NONE;;NONE;;PASSENGER CAR;;;;;NO;23220;2021-02-18;12:10 AM;2021-02-18T05:10:00+00:00;;2021;No;No;2;NONE;NONE,NONE;NONE,NONE;PASSENGER CAR;PASSENGER CAR;PASSENGER CAR;PASSENGER CAR
46851;.12 MILES FROM SE CARY PKWY 3977;RELATED TO INTERSECTION;STRAIGHT,LEVEL;STATE SECONDARY ROUTE;TWO-WAY,DIVIDED,UNPROTECTED MEDIAN;CONCRETE;DRY;DAYLIGHT;CLEAR;FLASHING STOP AND GO SIGNAL;;;-78.78276;35.758081;;116;0;0;5;;NONE;;NONE;;FIRETRUCK;PASSENGER CAR;;;;NO;23223;2021-02-16;6:01:55 PM;2021-02-16T23:01:55+00:00;;2021;No;No;2;NONE;NONE,NONE;NONE,NONE;FIRETRUCK,PASSENGER CAR;FIRETRUCK,PASSENGER CAR;FIRETRUCK,PASSENGER CAR;FIRETRUCK,PASSENGER CAR
46857;0 FEET FROM SR 1009 (TRYON RD);FOUR-WAY INTERSECTION;STRAIGHT,GRADE;STATE SECONDARY ROUTE;TWO-WAY,DIVIDED,UNPROTECTED MEDIAN;SMOOTH ASPHALT;WET;DAYLIGHT;RAIN;STOP AND GO SIGNAL;;;-78.737636;35.745692;;118;0;1;;;NONE;;NONE;;PASSENGER CAR;PASSENGER CAR;;;;NO;23229;2021-02-18;3:00:57 PM;2021-02-18T20:00:57+00:00;;2021;No;Yes;2;NONE;NONE,NONE;NONE,NONE;PASSENGER CAR,PASSENGER CAR;PASSENGER CAR,PASSENGER CAR;PASSENGER CAR,PASSENGER CAR;PASSENGER CAR,PASSENGER CAR
46861;50 FEET FROM PVA OF 1105 N HARRISON AV;NO SPECIAL FEATURE;STRAIGHT,LEVEL;PUBLIC VEHICULAR AREA;TWO-WAY,NOT DIVIDED;SMOOTH ASPHALT;WET;DAYLIGHT;RAIN;NO CONTROL PRESENT;;;-78.78342;35.805566;;111;0;0;;;;;NONE;;SPORT UTILITY;PASSENGER CAR;;;;NO;23233;2021-02-18;8:26:21 PM;2021-02-19T01:26:21+00:00;;2021;No;No;2;;NONE;NONE;SPORT UTILITY,PASSENGER CAR;SPORT UTILITY,PASSENGER CAR;SPORT UTILITY,PASSENGER CAR;SPORT UTILITY,PASSENGER CAR
46868;0.24 MILES FROM CROSSROADS BLVD;;;;;;;;;;;;;;;;0;0;;;;;;;SPORT UTILITY;;;;;;23240;2021-02-20;7:25:44 PM;2021-02-21T00:25:44+00:00;;2021;No;No;2;;;;SPORT UTILITY;SPORT UTILITY;SPORT UTILITY;SPORT UTILITY
46874;0 FEET FROM SR 3977 (SW CARY PKWY);NO SPECIAL FEATURE;STRAIGHT,LEVEL;STATE SECONDARY ROUTE;TWO-WAY,DIVIDED,UNPROTECTED MEDIAN;SMOOTH ASPHALT;DRY;DARK - LIGHTED ROADWAY;CLEAR;STOP SIGN;;;-78.82284;35.76404;;;0;1;;;;;NONE;;PASSENGER CAR;PASSENGER CAR;;;;NO;23246;2021-02-20;9:52:42 PM;2021-02-21T02:52:42+00:00;;2021;No;Yes;2;;NONE;NONE;PASSENGER CAR,PASSENGER CAR;PASSENGER CAR,PASSENGER CAR;PASSENGER CAR,PASSENGER CAR;PASSENGER CAR,PASSENGER CAR
46877;254 FEET FROM P.V.A 1104 LEDSOME LN;NO SPECIAL FEATURE;STRAIGHT,LEVEL;PUBLIC VEHICULAR AREA;TWO-WAY,NOT DIVIDED;SMOOTH ASPHALT;DRY;DAYLIGHT;CLEAR;NO CONTROL PRESENT;;;-78.7484;35.763;;;0;0;;;NONE;;NONE;;SPORT UTILITY;PASSENGER CAR;;;;NO;23249;2021-02-21;4:20:46 PM;2021-02-21T21:20:46+00:00;;2021;No;No;2;NONE;NONE,NONE;NONE,NONE;SPORT UTILITY,PASSENGER CAR;SPORT UTILITY,PASSENGER CAR;SPORT UTILITY,PASSENGER CAR;SPORT UTILITY,PASSENGER CAR
46882;0.11 MILES FROM SR 1415 (SW MAYNARD RD);NO SPECIAL FEATURE;CURVE,LEVEL;STATE SECONDARY ROUTE;TWO-WAY,DIVIDED,UNPROTECTED MEDIAN;SMOOTH ASPHALT;DRY;DAYLIGHT;CLEAR;NO CONTROL PRESENT;;;-78.7883;35.7715;;114;0;0;;;NONE;;NONE;;PASSENGER CAR;;;;;NO;23254;2021-02-16;10:59 AM;2021-02-16T15:59:00+00:00;;2021;No;No;2;NONE;NONE,NONE;NONE,NONE;PASSENGER CAR;PASSENGER CAR;PASSENGER CAR;PASSENGER CAR
46891;195 FEET FROM SR1300 (KILDAIRE FARM RD);RELATED TO INTERSECTION;STRAIGHT,LEVEL;STATE SECONDARY ROUTE;TWO-WAY,NOT DIVIDED;SMOOTH ASPHALT;DRY;DAYLIGHT;CLEAR;STOP AND GO SIGNAL;;;-78.779935;35.740098;;;0;0;1;;NONE;;NONE;;PICKUP;SPORT UTILITY;;;;NO;23263;2021-02-21;2:32:38 PM;2021-02-21T19:32:38+00:00;;2021;No;No;2;NONE;NONE,NONE;NONE,NONE;PICKUP,SPORT UTILITY;PICKUP,SPORT UTILITY;PICKUP,SPORT UTILITY;PICKUP,SPORT UTILITY
46898;20 FEET FROM OLD BELLOWS CT;T-INTERSECTION;STRAIGHT,GRADE;LOCAL STREET;TWO-WAY,NOT DIVIDED;SMOOTH ASPHALT;DRY;DAYLIGHT;CLEAR;STOP SIGN;35.800583654;-78.74761402;-78.747631;35.800709;P034;113;0;0;;;NONE;;NONE;;PASSENGER CAR;;;;;NO;23270;2021-02-17;11:01 AM;2021-02-17T16:01:00+00:00;35.800583654, -78.74761402;2021;No;No;2;NONE;NONE,NONE;NONE,NONE;PASSENGER CAR;PASSENGER CAR;PASSENGER CAR;PASSENGER CAR
46902;200 FEET FROM SR 1313 (WALNUT ST);DRIVEWAY, PUBLIC;CURVE,LEVEL;STATE SECONDARY ROUTE;TWO-WAY,DIVIDED,UNPROTECTED MEDIAN;SMOOTH ASPHALT;DRY;DAYLIGHT;CLEAR;NO CONTROL PRESENT;;;-78.74649;35.76318;;112;0;0;;;NONE;;NONE;;PASSENGER CAR;PASSENGER CAR;;;;NO;23274;2021-02-23;12:34 PM;2021-02-23T17:34:00+00:00;;2021;No;No;2;NONE;NONE,NONE;NONE,NONE;PASSENGER CAR,PASSENGER CAR;PASSENGER CAR,PASSENGER CAR;PASSENGER CAR,PASSENGER CAR;PASSENGER CAR,PASSENGER CAR
46907;.1 MILES FROM P.V.A. (2468 WALNUT ST);FOUR-WAY INTERSECTION;STRAIGHT,LEVEL;PUBLIC VEHICULAR AREA;TWO-WAY,NOT DIVIDED;COARSE ASPHALT;DRY;DAYLIGHT;CLEAR;NO CONTROL PRESENT;;;-78.742872;35.752686;;;0;0;;;NONE;;NONE;;PASSENGER CAR;PASSENGER CAR;;;;NO;23279;2021-02-24;1:42:50 PM;2021-02-24T18:42:50+00:00;;2021;No;No;2;NONE;NONE,NONE;NONE,NONE;PASSENGER CAR,PASSENGER CAR;PASSENGER CAR,PASSENGER CAR;PASSENGER CAR,PASSENGER CAR;PASSENGER CAR,PASSENGER CAR
46909;.21 MILES FROM PVA 2400 AUTO PARK BLVD;NO SPECIAL FEATURE;STRAIGHT,LEVEL;PUBLIC VEHICULAR AREA;TWO-WAY,NOT DIVIDED;COARSE ASPHALT;DRY;UNKNOWN;CLEAR;NO CONTROL PRESENT;;;-78.8155;35.7275;;;0;0;;;NONE;;NONE;;PASSENGER CAR;PICKUP;;;;NO;23281;2021-02-19;6:22:17 PM;2021-02-19T23:22:17+00:00;;2021;No;No;2;NONE;NONE,NONE;NONE,NONE;PASSENGER CAR,PICKUP;PASSENGER CAR,PICKUP;PASSENGER CAR,PICKUP;PASSENGER CAR,PICKUP
46914;.1 MILES FROM PVA OF 681 CARY TOWNE BLVD;NO SPECIAL FEATURE;STRAIGHT,LEVEL;PUBLIC VEHICULAR AREA;TWO-WAY,NOT DIVIDED;SMOOTH ASPHALT;DRY;DAYLIGHT;CLEAR;NO CONTROL PRESENT;;;-78.76589;35.77634;;;0;0;;;;;NONE;;PASSENGER CAR;PASSENGER CAR;;;;NO;23286;2021-02-24;6:04:32 PM;2021-02-24T23:04:32+00:00;;2021;No;No;2;;NONE;NONE;PASSENGER CAR,PASSENGER CAR;PASSENGER CAR,PASSENGER CAR;PASSENGER CAR,PASSENGER CAR;PASSENGER CAR,PASSENGER CAR
46916;350 FEET FROM SR 1009 (TRYON RD);FOUR-WAY INTERSECTION;STRAIGHT,LEVEL;STATE SECONDARY ROUTE;TWO-WAY,DIVIDED,UNPROTECTED MEDIAN;SMOOTH ASPHALT;DRY;DAYLIGHT;CLEAR;STOP AND GO SIGNAL;;;-78.7376;35.7457;;118;0;0;;;NONE;;NONE;;PASSENGER CAR;PASSENGER CAR;;;;NO;23288;2021-02-24;5:00:10 PM;2021-02-24T22:00:10+00:00;;2021;No;No;2;NONE;NONE,NONE;NONE,NONE;PASSENGER CAR,PASSENGER CAR;PASSENGER CAR,PASSENGER CAR;PASSENGER CAR,PASSENGER CAR;PASSENGER CAR,PASSENGER CAR
46920;.1 MILES FROM P.V.A. (3100 REXFORD LN);NO SPECIAL FEATURE;STRAIGHT,LEVEL;PUBLIC VEHICULAR AREA;TWO-WAY,NOT DIVIDED;SMOOTH ASPHALT;DRY;DAYLIGHT;CLEAR;NO CONTROL PRESENT;;;-78.796937;35.701852;;;0;0;;;NONE;;NONE;;PASSENGER CAR;;;;;NO;23292;2021-02-25;10:27 AM;2021-02-25T15:27:00+00:00;;2021;No;No;2;NONE;NONE,NONE;NONE,NONE;PASSENGER CAR;PASSENGER CAR;PASSENGER CAR;PASSENGER CAR
46928;350 FEET FROM US 1;NO SPECIAL FEATURE;STRAIGHT,LEVEL;US ROUTE;TWO-WAY,DIVIDED,POSITIVE MEDIAN BARRIER;SMOOTH ASPHALT;WET;DARK - LIGHTED ROADWAY;RAIN;NO CONTROL PRESENT;;;-78.7954;35.7359;;116;0;1;;;;;NONE;;PASSENGER CAR;;;;;NO;23300;2021-02-18;5:47:10 AM;2021-02-18T10:47:10+00:00;;2021;No;Yes;2;;NONE;NONE;PASSENGER CAR;PASSENGER CAR;PASSENGER CAR;PASSENGER CAR
46930;CARY;FOUR-WAY INTERSECTION;STRAIGHT,LEVEL;STATE SECONDARY ROUTE;TWO-WAY,DIVIDED,UNPROTECTED MEDIAN;COARSE ASPHALT;DRY;DAYLIGHT;CLEAR;STOP AND GO SIGNAL;;;-78.872636;35.813784;;;0;0;2;;NONE;;NONE;;SPORT UTILITY;PASSENGER CAR;;;;NO;23302;2021-02-25;2:18:14 PM;2021-02-25T19:18:14+00:00;;2021;No;No;2;NONE;NONE,NONE;NONE,NONE;SPORT UTILITY,PASSENGER CAR;SPORT UTILITY,PASSENGER CAR;SPORT UTILITY,PASSENGER CAR;SPORT UTILITY,PASSENGER CAR
46937;0 FEET FROM S HARRISON AV;NO SPECIAL FEATURE;STRAIGHT,GRADE;LOCAL STREET;TWO-WAY,NOT DIVIDED;SMOOTH ASPHALT;DRY;DAYLIGHT;CLEAR;STOP AND GO SIGNAL;35.783075741;-78.78335968;-78.783297;35.78308;P035;114;0;1;;;NONE;;NONE;;PASSENGER CAR;PASSENGER CAR;;;;NO;23309;2021-02-24;1:02:50 PM;2021-02-24T18:02:50+00:00;35.783075741, -78.78335968;2021;No;Yes;2;NONE;NONE,NONE;NONE,NONE;PASSENGER CAR,PASSENGER CAR;PASSENGER CAR,PASSENGER CAR;PASSENGER CAR,PASSENGER CAR;PASSENGER CAR,PASSENGER CAR
46948;CARY;FOUR-WAY INTERSECTION;STRAIGHT,LEVEL;STATE SECONDARY ROUTE;TWO-WAY,DIVIDED,UNPROTECTED MEDIAN;SMOOTH ASPHALT;DRY;DAYLIGHT;CLOUDY;STOP AND GO SIGNAL;;;-78.744247;35.745801;;;0;0;;;NONE;;NONE;;PASSENGER CAR;PASSENGER CAR;;;;NO;23320;2021-02-27;11:14 AM;2021-02-27T16:14:00+00:00;;2021;No;No;2;NONE;NONE,NONE;NONE,NONE;PASSENGER CAR,PASSENGER CAR;PASSENGER CAR,PASSENGER CAR;PASSENGER CAR,PASSENGER CAR;PASSENGER CAR,PASSENGER CAR