tamainid;location_description;rdfeature;rdcharacter;rdclass;rdconfigur;rdsurface;rdcondition;lightcond;weather;trafcontrl;lat;lon;lon2;lat2;tract;zone;fatality;possblinj;numpassengers;numpedestrians;contrcir1_desc;contrcir2_desc;contrcir3_desc;contrcir4_desc;vehicle1;vehicle2;vehicle3;vehicle4;vehicle5;workarea;records;ta_date;ta_time;crash_date;geo_location;year;fatalities;injuries;month;contrfact1;contrfact2;contributing_factor;vehicleconcat1;vehicleconcat2;vehicleconcat3;vehicle_type
46950;0.2 MILES FROM US 1 HWY;NO SPECIAL FEATURE;STRAIGHT,LEVEL;US ROUTE;TWO-WAY,DIVIDED,POSITIVE MEDIAN BARRIER;CONCRETE;DRY;DAYLIGHT;CLOUDY;NO CONTROL PRESENT;;;-78.7803;35.7441;;;0;0;;;NONE;;NONE;;SPORT UTILITY;PASSENGER CAR;;;;NO;23322;2021-02-26;9:35:19 AM;2021-02-26T14:35:19+00:00;;2021;No;No;2;NONE;NONE,NONE;NONE,NONE;SPORT UTILITY,PASSENGER CAR;SPORT UTILITY,PASSENGER CAR;SPORT UTILITY,PASSENGER CAR;SPORT UTILITY,PASSENGER CAR
46954;50 FEET FROM P.V.A. (7307 TRYON RD);NO SPECIAL FEATURE;STRAIGHT,LEVEL;PUBLIC VEHICULAR AREA;TWO-WAY,NOT DIVIDED;;DRY;DAYLIGHT;CLEAR;NO CONTROL PRESENT;;;-78.785233;35.736855;;;0;0;;;NONE;;NONE;;PASSENGER CAR;PASSENGER CAR;;;;NO;23326;2021-02-27;12:25 PM;2021-02-27T17:25:00+00:00;;2021;No;No;2;NONE;NONE,NONE;NONE,NONE;PASSENGER CAR,PASSENGER CAR;PASSENGER CAR,PASSENGER CAR;PASSENGER CAR,PASSENGER CAR;PASSENGER CAR,PASSENGER CAR
46957;25 FEET FROM SR 1415 (SE MAYNARD RD);NO SPECIAL FEATURE;STRAIGHT,LEVEL;STATE SECONDARY ROUTE;TWO-WAY,NOT DIVIDED;SMOOTH ASPHALT;DRY;DAYLIGHT;CLEAR;NO CONTROL PRESENT;;;-78.764011;35.788493;;120;0;1;;;NONE;;NONE;;PASSENGER CAR;PICKUP;;;;NO;23329;2021-02-27;4:52:31 PM;2021-02-27T21:52:31+00:00;;2021;No;Yes;2;NONE;NONE,NONE;NONE,NONE;PASSENGER CAR,PICKUP;PASSENGER CAR,PICKUP;PASSENGER CAR,PICKUP;PASSENGER CAR,PICKUP
46960;100 FEET FROM SR 1313 (WALNUT ST);RELATED TO INTERSECTION;STRAIGHT,LEVEL;STATE SECONDARY ROUTE;TWO-WAY,DIVIDED,POSITIVE MEDIAN BARRIER;SMOOTH ASPHALT;DRY;DAYLIGHT;CLEAR;STOP AND GO SIGNAL;;;-78.745998;35.763061;;112;0;0;3;;NONE;;NONE;;PASSENGER CAR;PASSENGER CAR;;;;NO;23332;2021-02-27;1:02:00 PM;2021-02-27T18:02:00+00:00;;2021;No;No;2;NONE;NONE,NONE;NONE,NONE;PASSENGER CAR,PASSENGER CAR;PASSENGER CAR,PASSENGER CAR;PASSENGER CAR,PASSENGER CAR;PASSENGER CAR,PASSENGER CAR
46961;175 FEET FROM SR3081 (CHAPEL HILL RD);NO SPECIAL FEATURE;STRAIGHT,LEVEL;STATE SECONDARY ROUTE;TWO-WAY,NOT DIVIDED;SMOOTH ASPHALT;DRY;DAYLIGHT;CLEAR;NO CONTROL PRESENT;;;-78.774811;35.791838;;113;0;1;1;;NONE;;NONE;;VAN;PASSENGER CAR;;;;NO;23333;2021-02-27;6:00:50 PM;2021-02-27T23:00:50+00:00;;2021;No;Yes;2;NONE;NONE,NONE;NONE,NONE;VAN,PASSENGER CAR;VAN,PASSENGER CAR;VAN,PASSENGER CAR;VAN,PASSENGER CAR
46963;200 FEET FROM SR 1625(GREEN LEVEL CHURCH RD);NO SPECIAL FEATURE;STRAIGHT,HILLCREST;STATE SECONDARY ROUTE;TWO-WAY,DIVIDED,UNPROTECTED MEDIAN;COARSE ASPHALT;DRY;DAYLIGHT;CLEAR;NO CONTROL PRESENT;35.789764664;-78.85176957;-78.902893;35.815102;P017;121;0;0;1;;NONE;;NONE;;PASSENGER CAR;;;;;NO;23335;2021-02-28;12:21 PM;2021-02-28T17:21:00+00:00;35.789764664, -78.85176957;2021;No;No;2;NONE;NONE,NONE;NONE,NONE;PASSENGER CAR;PASSENGER CAR;PASSENGER CAR;PASSENGER CAR
46966;100 FEET FROM P.V.A. 2100 AUTOPARK BLVD;NO SPECIAL FEATURE;STRAIGHT,LEVEL;PUBLIC VEHICULAR AREA;TWO-WAY,NOT DIVIDED;SMOOTH ASPHALT;DRY;DARK - LIGHTED ROADWAY;CLEAR;NO CONTROL PRESENT;;;-78.813086;35.738856;;116;0;0;1;;NONE;;NONE;;PASSENGER CAR;PASSENGER CAR;;;;NO;23338;2021-02-28;9:41:27 PM;2021-03-01T02:41:27+00:00;;2021;No;No;2;NONE;NONE,NONE;NONE,NONE;PASSENGER CAR,PASSENGER CAR;PASSENGER CAR,PASSENGER CAR;PASSENGER CAR,PASSENGER CAR;PASSENGER CAR,PASSENGER CAR
46974;0 FEET FROM SR 1415(SW MAYNARD RD);FOUR-WAY INTERSECTION;STRAIGHT,LEVEL;STATE SECONDARY ROUTE;TWO-WAY,DIVIDED,UNPROTECTED MEDIAN;SMOOTH ASPHALT;DRY;DAYLIGHT;CLEAR;STOP AND GO SIGNAL;;;-78.790303;;;;0;0;2;;NONE;;NONE;;SPORT UTILITY;PICKUP;;;;NO;23346;2021-03-01;1:00:03 PM;2021-03-01T18:00:03+00:00;;2021;No;No;3;NONE;NONE,NONE;NONE,NONE;SPORT UTILITY,PICKUP;SPORT UTILITY,PICKUP;SPORT UTILITY,PICKUP;SPORT UTILITY,PICKUP
46980;.08 MILES FROM 2861 JONES FRANKLIN RD;NO SPECIAL FEATURE;STRAIGHT,LEVEL;PUBLIC VEHICULAR AREA;TWO-WAY,NOT DIVIDED;SMOOTH ASPHALT;DRY;DAYLIGHT;CLEAR;NO CONTROL PRESENT;35.745643629;-78.73767857;-78.73773;35.74362;P046;118;0;0;;;NONE;;NONE;;VAN;SPORT UTILITY;;;;NO;23352;2021-02-28;8:15:48 AM;2021-02-28T13:15:48+00:00;35.745643629, -78.73767857;2021;No;No;2;NONE;NONE,NONE;NONE,NONE;VAN,SPORT UTILITY;VAN,SPORT UTILITY;VAN,SPORT UTILITY;VAN,SPORT UTILITY
46984;425 FEET FROM CLAYFIRE DR;NO SPECIAL FEATURE;STRAIGHT,LEVEL;LOCAL STREET;TWO-WAY,NOT DIVIDED;SMOOTH ASPHALT;DRY;DAYLIGHT;CLEAR;NO CONTROL PRESENT;35.841003733;-78.88129866;-78.882579;35.840438;P124;119;0;0;;;NONE;;NONE;;;;;;;CONSTRUCTION WORK AREA;23356;2021-03-02;10:53 AM;2021-03-02T15:53:00+00:00;35.841003733, -78.88129866;2021;No;No;3;NONE;NONE,NONE;NONE,NONE;;;;
46985;400 FEET FROM SR 1652 (N HARRISON AV);NO SPECIAL FEATURE;STRAIGHT,LEVEL;STATE SECONDARY ROUTE;TWO-WAY,NOT DIVIDED;SMOOTH ASPHALT;DRY;DAYLIGHT;CLOUDY;NO CONTROL PRESENT;;;-78.783243;35.789623;;;0;0;;;NONE;;NONE;;PASSENGER CAR;PASSENGER CAR;;;;NO;23357;2021-03-02;3:30:10 PM;2021-03-02T20:30:10+00:00;;2021;No;No;3;NONE;NONE,NONE;NONE,NONE;PASSENGER CAR,PASSENGER CAR;PASSENGER CAR,PASSENGER CAR;PASSENGER CAR,PASSENGER CAR;PASSENGER CAR,PASSENGER CAR
46991;.23 MILES FROM US 1 HWY N;NO SPECIAL FEATURE;STRAIGHT,LEVEL;US ROUTE;TWO-WAY,DIVIDED,UNPROTECTED MEDIAN;COARSE ASPHALT;DRY;DAYLIGHT;CLEAR;NO CONTROL PRESENT;;;-78.783768;35.737978;;;0;0;2;;NONE;;NONE;;PASSENGER CAR;PASSENGER CAR;;;;NO;23363;2021-02-26;3:09:56 PM;2021-02-26T20:09:56+00:00;;2021;No;No;2;NONE;NONE,NONE;NONE,NONE;PASSENGER CAR,PASSENGER CAR;PASSENGER CAR,PASSENGER CAR;PASSENGER CAR,PASSENGER CAR;PASSENGER CAR,PASSENGER CAR
46994;0 FEET FROM SR 3081 (CHAPEL HILL RD);T-INTERSECTION;STRAIGHT,LEVEL;STATE SECONDARY ROUTE;TWO-WAY,NOT DIVIDED;SMOOTH ASPHALT;DRY;DAYLIGHT;CLEAR;STOP SIGN;;;-78.77608;35.79182;;113;0;0;;;NONE;;NONE;;PASSENGER CAR;SPORT UTILITY;;;;NO;23366;2021-03-02;11:57 AM;2021-03-02T16:57:00+00:00;;2021;No;No;3;NONE;NONE,NONE;NONE,NONE;PASSENGER CAR,SPORT UTILITY;PASSENGER CAR,SPORT UTILITY;PASSENGER CAR,SPORT UTILITY;PASSENGER CAR,SPORT UTILITY
46997;400 FEET FROM SR 1415 (SE MAYNARD RD);T-INTERSECTION;STRAIGHT,GRADE;STATE SECONDARY ROUTE;TWO-WAY,NOT DIVIDED;SMOOTH ASPHALT;DRY;DAYLIGHT;CLEAR;NO CONTROL PRESENT;;;-78.763808;35.790802;;;0;0;1;;NONE;;NONE;;PASSENGER CAR;PASSENGER CAR;;;;NO;23369;2021-02-23;8:28:06 AM;2021-02-23T13:28:06+00:00;;2021;No;No;2;NONE;NONE,NONE;NONE,NONE;PASSENGER CAR,PASSENGER CAR;PASSENGER CAR,PASSENGER CAR;PASSENGER CAR,PASSENGER CAR;PASSENGER CAR,PASSENGER CAR
47000;CARY;FOUR-WAY INTERSECTION;STRAIGHT,LEVEL;NC ROUTE;TWO-WAY,DIVIDED,UNPROTECTED MEDIAN;SMOOTH ASPHALT;DRY;DAYLIGHT;CLEAR;STOP AND GO SIGNAL;;;-78.8712;35.803;;;0;0;2;;NONE;;NONE;;PASSENGER CAR;SPORT UTILITY;;;;NO;23372;2021-03-03;4:24:58 PM;2021-03-03T21:24:58+00:00;;2021;No;No;3;NONE;NONE,NONE;NONE,NONE;PASSENGER CAR,SPORT UTILITY;PASSENGER CAR,SPORT UTILITY;PASSENGER CAR,SPORT UTILITY;PASSENGER CAR,SPORT UTILITY
47004;100 FEET FROM PVA 112 STARFLOWER CT;NO SPECIAL FEATURE;STRAIGHT,LEVEL;PUBLIC VEHICULAR AREA;ONE-WAY,NOT DIVIDED;SMOOTH ASPHALT;DRY;DAYLIGHT;CLEAR;NO CONTROL PRESENT;;;-78.75597;35.665919;;;0;0;;;NONE;;NONE;;PASSENGER CAR;PASSENGER CAR;;;;NO;23376;2021-02-26;2:05:36 PM;2021-02-26T19:05:36+00:00;;2021;No;No;2;NONE;NONE,NONE;NONE,NONE;PASSENGER CAR,PASSENGER CAR;PASSENGER CAR,PASSENGER CAR;PASSENGER CAR,PASSENGER CAR;PASSENGER CAR,PASSENGER CAR
47011;250 FEET FROM MADISON AV;NO SPECIAL FEATURE;CURVE,GRADE;LOCAL STREET;TWO-WAY,NOT DIVIDED;SMOOTH ASPHALT;DRY;DAYLIGHT;CLEAR;NO CONTROL PRESENT;35.788722664;-78.79396124;-78.793095;35.788533;P026;114;0;0;;;NONE;;NONE;;PASSENGER CAR;;;;;NO;23383;2021-03-04;11:18 AM;2021-03-04T16:18:00+00:00;35.788722664, -78.79396124;2021;No;No;3;NONE;NONE,NONE;NONE,NONE;PASSENGER CAR;PASSENGER CAR;PASSENGER CAR;PASSENGER CAR
47014;430 FEET FROM P.V.A. (801 BASS PRO LN);NO SPECIAL FEATURE;STRAIGHT,LEVEL;PUBLIC VEHICULAR AREA;TWO-WAY,NOT DIVIDED;SMOOTH ASPHALT;DRY;DAYLIGHT;CLEAR;STOP SIGN;35.601953675;-78.79930456;-78.770162;35.8293578;P119;RALW;0;0;;;NONE;;NONE;;SPORT UTILITY;VAN;;;;NO;23386;2021-03-04;7:48:22 AM;2021-03-04T12:48:22+00:00;35.601953675, -78.79930456;2021;No;No;3;NONE;NONE,NONE;NONE,NONE;SPORT UTILITY,VAN;SPORT UTILITY,VAN;SPORT UTILITY,VAN;SPORT UTILITY,VAN
47016;200 FEET FROM PVA OF 100 CENTREWEST CT;NO SPECIAL FEATURE;STRAIGHT,LEVEL;PUBLIC VEHICULAR AREA;TWO-WAY,NOT DIVIDED;SMOOTH ASPHALT;DRY;DAYLIGHT;CLEAR;NO CONTROL PRESENT;;;-78.80434;35.82034;;111;0;0;;;;;NONE;;;;;;;NO;23388;2021-03-05;2:19:22 PM;2021-03-05T19:19:22+00:00;;2021;No;No;3;;NONE;NONE;;;;
47018;50 FEET FROM BASS PRO LN;NO SPECIAL FEATURE;STRAIGHT,GRADE;LOCAL STREET;TWO-WAY,DIVIDED,POSITIVE MEDIAN BARRIER;SMOOTH ASPHALT;DRY;DARK - LIGHTED ROADWAY;CLEAR;STOP AND GO SIGNAL;;;-78.76885;35.82995;;;0;0;;;NONE;;NONE;;PASSENGER CAR;;;;;NO;23390;2021-03-06;1:40:07 AM;2021-03-06T06:40:07+00:00;;2021;No;No;3;NONE;NONE,NONE;NONE,NONE;PASSENGER CAR;PASSENGER CAR;PASSENGER CAR;PASSENGER CAR
47020;50 FEET FROM P.V.A. NOTTINGHAM DR;NO SPECIAL FEATURE;STRAIGHT,LEVEL;PUBLIC VEHICULAR AREA;TWO-WAY,NOT DIVIDED;SMOOTH ASPHALT;DRY;DAYLIGHT;CLEAR;NO CONTROL PRESENT;;;-78.741324;35.767427;;112;0;0;;;NONE;;NONE;;PASSENGER CAR;PASSENGER CAR;;;;NO;23392;2021-03-06;12:00 PM;2021-03-06T17:00:00+00:00;;2021;No;No;3;NONE;NONE,NONE;NONE,NONE;PASSENGER CAR,PASSENGER CAR;PASSENGER CAR,PASSENGER CAR;PASSENGER CAR,PASSENGER CAR;PASSENGER CAR,PASSENGER CAR
47032;.25 MILES FROM PVA 7129 OKELLY CHAPEL RD;NO SPECIAL FEATURE;STRAIGHT,LEVEL;PUBLIC VEHICULAR AREA;TWO-WAY,NOT DIVIDED;COARSE ASPHALT;DRY;DAYLIGHT;CLEAR;;;;-78.885504;35.844364;;119;0;0;;;;;NONE;;PASSENGER CAR;SPORT UTILITY;;;;NO;23404;2021-03-06;10:51 AM;2021-03-06T15:51:00+00:00;;2021;No;No;3;;NONE;NONE;PASSENGER CAR,SPORT UTILITY;PASSENGER CAR,SPORT UTILITY;PASSENGER CAR,SPORT UTILITY;PASSENGER CAR,SPORT UTILITY
47040;.5 MILES FROM US 1 SB;NO SPECIAL FEATURE;STRAIGHT,LEVEL;US ROUTE;TWO-WAY,DIVIDED,POSITIVE MEDIAN BARRIER;SMOOTH ASPHALT;DRY;DAYLIGHT;CLEAR;NO CONTROL PRESENT;;;-78.760611;35.754517;;112;0;0;;;NONE;;INATTENTIVE (TALKING, EATING, ETC.);;SINGLE UNIT TRUCK (2-AXLE- 6-TIRE);PASSENGER CAR;;;;NO;23412;2021-03-08;11:02 AM;2021-03-08T16:02:00+00:00;;2021;No;No;3;NONE;NONE,INATTENTIVE (TALKING, EATING, ETC.);NONE,INATTENTIVE (TALKING,EATING,ETC.);SINGLE UNIT TRUCK (2-AXLE- 6-TIRE),PASSENGER CAR;SINGLE UNIT TRUCK (2-AXLE- 6-TIRE),PASSENGER CAR;SINGLE UNIT TRUCK (2-AXLE- 6-TIRE),PASSENGER CAR;SINGLE UNIT TRUCK (2-AXLE- 6-TIRE),PASSENGER CAR
47042;223 FEET FROM SR 3081 (CHAPEL HILL RD);NO SPECIAL FEATURE;STRAIGHT,LEVEL;NC ROUTE;TWO-WAY,DIVIDED,UNPROTECTED MEDIAN;SMOOTH ASPHALT;DRY;DAYLIGHT;CLEAR;STOP AND GO SIGNAL;;;-78.796932;35.799007;;;0;0;;;NONE;;NONE;;PASSENGER CAR;PASSENGER CAR;;;;NO;23414;2021-03-07;5:24:42 PM;2021-03-07T22:24:42+00:00;;2021;No;No;3;NONE;NONE,NONE;NONE,NONE;PASSENGER CAR,PASSENGER CAR;PASSENGER CAR,PASSENGER CAR;PASSENGER CAR,PASSENGER CAR;PASSENGER CAR,PASSENGER CAR
47043;CARY;RELATED TO INTERSECTION;STRAIGHT,LEVEL;STATE SECONDARY ROUTE;TWO-WAY,NOT DIVIDED;COARSE ASPHALT;DRY;DAYLIGHT;CLEAR;STOP AND GO SIGNAL;;;-78.75477;35.745492;;;0;0;;;NONE;;NONE;;PICKUP;PASSENGER CAR;;;;NO;23415;2021-03-08;2:50:51 PM;2021-03-08T19:50:51+00:00;;2021;No;No;3;NONE;NONE,NONE;NONE,NONE;PICKUP,PASSENGER CAR;PICKUP,PASSENGER CAR;PICKUP,PASSENGER CAR;PICKUP,PASSENGER CAR
47056;0.1 MILES FROM PVA (1298 BUCK JONES ROAD);NO SPECIAL FEATURE;STRAIGHT,LEVEL;PUBLIC VEHICULAR AREA;TWO-WAY,NOT DIVIDED;SMOOTH ASPHALT;DRY;DARK - LIGHTED ROADWAY;CLEAR;NO CONTROL PRESENT;;;-78.742532;35.765869;;;0;0;1;;NONE;;NONE;;PICKUP;PASSENGER CAR;;;;NO;23428;2021-03-10;8:01:26 PM;2021-03-11T01:01:26+00:00;;2021;No;No;3;NONE;NONE,NONE;NONE,NONE;PICKUP,PASSENGER CAR;PICKUP,PASSENGER CAR;PICKUP,PASSENGER CAR;PICKUP,PASSENGER CAR
47060;75 FEET FROM BRANNIFF DR;NO SPECIAL FEATURE;STRAIGHT,LEVEL;LOCAL STREET;TWO-WAY,NOT DIVIDED;SMOOTH ASPHALT;DRY;DAYLIGHT;CLEAR;NO CONTROL PRESENT;35.795789567;-78.77160406;-78.772589;35.795596;P031;113;0;0;;;NONE;;NONE;;PASSENGER CAR;PASSENGER CAR;;;;NO;23432;2021-03-10;6:18:26 PM;2021-03-10T23:18:26+00:00;35.795789567, -78.77160406;2021;No;No;3;NONE;NONE,NONE;NONE,NONE;PASSENGER CAR,PASSENGER CAR;PASSENGER CAR,PASSENGER CAR;PASSENGER CAR,PASSENGER CAR;PASSENGER CAR,PASSENGER CAR
47062;CARY;NO SPECIAL FEATURE;STRAIGHT,LEVEL;US ROUTE;TWO-WAY,DIVIDED,UNPROTECTED MEDIAN;COARSE ASPHALT;DRY;DUSK;CLEAR;STOP AND GO SIGNAL;;;-78.7952;35.7378;;;0;1;;;NONE;;NONE;;PASSENGER CAR;SPORT UTILITY;;;;NO;23434;2021-03-10;6:39:32 PM;2021-03-10T23:39:32+00:00;;2021;No;Yes;3;NONE;NONE,NONE;NONE,NONE;PASSENGER CAR,SPORT UTILITY;PASSENGER CAR,SPORT UTILITY;PASSENGER CAR,SPORT UTILITY;PASSENGER CAR,SPORT UTILITY
47075;400 FEET FROM SR 1300 (KILDAIRE FARM RD);NO SPECIAL FEATURE;STRAIGHT,LEVEL;STATE SECONDARY ROUTE;TWO-WAY,DIVIDED,UNPROTECTED MEDIAN;SMOOTH ASPHALT;DRY;DAYLIGHT;CLEAR;NO CONTROL PRESENT;;;-78.779334;35.723164;;;0;0;;;NONE;;NONE;;PASSENGER CAR;;;;;NO;23447;2021-03-13;8:13:12 AM;2021-03-13T13:13:12+00:00;;2021;No;No;3;NONE;NONE,NONE;NONE,NONE;PASSENGER CAR;PASSENGER CAR;PASSENGER CAR;PASSENGER CAR
20601;100 FEET FROM SR 1313 (WALNUT ST);NO SPECIAL FEATURE;STRAIGHT,LEVEL;STATE SECONDARY ROUTE;TWO-WAY,NOT DIVIDED;SMOOTH ASPHALT;DRY;DARK - LIGHTED ROADWAY;CLEAR;NO CONTROL PRESENT;35.781199781;-78.77553476;-78.7752;35.781;P058;120;0;0;;;NONE;;NONE;;PICKUP;;;;;NO;3;2016-01-01;11:21 PM;2016-01-02T04:21:00+00:00;35.781199781, -78.77553476;2016;No;No;1;NONE;NONE,NONE;NONE,NONE;PICKUP;PICKUP;PICKUP;PICKUP
20602;50 FEET FROM MALTLAND DR;NO SPECIAL FEATURE;STRAIGHT,LEVEL;LOCAL STREET;TWO-WAY,NOT DIVIDED;SMOOTH ASPHALT;DRY;DARK - ROADWAY NOT LIGHTED;CLEAR;NO CONTROL PRESENT;35.722948562;-78.75760964;-78.7569;35.7246;P047;118;0;0;;;NONE;;NONE;;UNKNOWN;PASSENGER CAR;;;;NO;4;2016-01-03;6:44:45 PM;2016-01-03T23:44:45+00:00;35.722948562, -78.75760964;2016;No;No;1;NONE;NONE,NONE;NONE,NONE;UNKNOWN,PASSENGER CAR;UNKNOWN,PASSENGER CAR;UNKNOWN,PASSENGER CAR;UNKNOWN,PASSENGER CAR
20620;.273 MILES FROM SR#1613 (DAVIS DR);NO SPECIAL FEATURE;STRAIGHT,LEVEL;STATE SECONDARY ROUTE;TWO-WAY,DIVIDED,UNPROTECTED MEDIAN;SMOOTH ASPHALT;DRY;DAYLIGHT;CLEAR;NO CONTROL PRESENT;35.81114451;-78.84811601;-78.848758;35.805481;P079;121;0;0;1;;NONE;;NONE;;SPORT UTILITY;;;;;NO;15;2016-01-03;3:25:35 PM;2016-01-03T20:25:35+00:00;35.81114451, -78.84811601;2016;No;No;1;NONE;NONE,NONE;NONE,NONE;SPORT UTILITY;SPORT UTILITY;SPORT UTILITY;SPORT UTILITY
20623;CARY;T-INTERSECTION;STRAIGHT,HILLCREST;STATE SECONDARY ROUTE;TWO-WAY,NOT DIVIDED;SMOOTH ASPHALT;DRY;DAYLIGHT;CLEAR;NO CONTROL PRESENT;;;-78.743;35.7649;;;0;0;4;;;;NONE;;PASSENGER CAR;PICKUP;;;;NO;16;2016-01-01;12:52 PM;2016-01-01T17:52:00+00:00;;2016;No;No;1;;NONE;NONE;PASSENGER CAR,PICKUP;PASSENGER CAR,PICKUP;PASSENGER CAR,PICKUP;PASSENGER CAR,PICKUP
20627;.1 MILES FROM SR 1313 WALNUT ST;BRIDGE;STRAIGHT,LEVEL;STATE SECONDARY ROUTE;TWO-WAY,DIVIDED,UNPROTECTED MEDIAN;SMOOTH ASPHALT;DRY;DAYLIGHT;CLEAR;NO CONTROL PRESENT;35.764075041;-78.74811555;-78.7446;35.7617;P083;112;0;0;2;;;;;;PASSENGER CAR;PICKUP;PASSENGER CAR;;;NO;19;2016-01-03;3:06:21 PM;2016-01-03T20:06:21+00:00;35.764075041, -78.74811555;2016;No;No;1;;;;PASSENGER CAR,PICKUP;PASSENGER CAR,PICKUP,PASSENGER CAR;PASSENGER CAR,PICKUP,PASSENGER CAR;PASSENGER CAR,PICKUP,PASSENGER CAR
20630;CARY;FOUR-WAY INTERSECTION;STRAIGHT,LEVEL;STATE SECONDARY ROUTE;TWO-WAY,NOT DIVIDED;SMOOTH ASPHALT;DRY;DAYLIGHT;CLEAR;STOP AND GO SIGNAL;35.751034839;-78.78289863;-78.783;35.7502;P005;115;0;1;;;;;NONE;;PICKUP;PASSENGER CAR;;;;NO;22;2016-01-04;9:58:13 AM;2016-01-04T14:58:13+00:00;35.751034839, -78.78289863;2016;No;Yes;1;;NONE;NONE;PICKUP,PASSENGER CAR;PICKUP,PASSENGER CAR;PICKUP,PASSENGER CAR;PICKUP,PASSENGER CAR
20634;.50 MILES FROM WESTON PKWY;NO SPECIAL FEATURE;CURVE,GRADE;LOCAL STREET;TWO-WAY,DIVIDED,POSITIVE MEDIAN BARRIER;COARSE ASPHALT;DRY;DARK - LIGHTED ROADWAY;CLEAR;NO CONTROL PRESENT;35.82901478;-78.79775834;-78.801;35.826;P021;111;0;1;;;NONE;;NONE;;PASSENGER CAR;;;;;NO;26;2016-01-05;2:28:24 AM;2016-01-05T07:28:24+00:00;35.82901478, -78.79775834;2016;No;Yes;1;NONE;NONE,NONE;NONE,NONE;PASSENGER CAR;PASSENGER CAR;PASSENGER CAR;PASSENGER CAR
20642;CARY;NO SPECIAL FEATURE;STRAIGHT,LEVEL;PUBLIC VEHICULAR AREA;TWO-WAY,NOT DIVIDED;SMOOTH ASPHALT;DRY;DARK - LIGHTED ROADWAY;CLEAR;NO CONTROL PRESENT;35.739497009;-78.75407234;-78.7539;35.739;P004;118;0;0;;;NONE;;NONE;;PASSENGER CAR;PASSENGER CAR;;;;NO;34;2016-01-06;4:11:25 AM;2016-01-06T09:11:25+00:00;35.739497009, -78.75407234;2016;No;No;1;NONE;NONE,NONE;NONE,NONE;PASSENGER CAR,PASSENGER CAR;PASSENGER CAR,PASSENGER CAR;PASSENGER CAR,PASSENGER CAR;PASSENGER CAR,PASSENGER CAR
20646;0 FEET FROM SR 3977 (CARY PARKWAY);FOUR-WAY INTERSECTION;STRAIGHT,LEVEL;STATE SECONDARY ROUTE;TWO-WAY,DIVIDED,UNPROTECTED MEDIAN;SMOOTH ASPHALT;DRY;DAYLIGHT;CLEAR;STOP AND GO SIGNAL;35.816229903;-78.80005444;-78.800095;35.816422;P022;111;0;1;;2;NONE;;NONE;;SPORT UTILITY;;;;;NO;37;2016-01-05;9:06:35 AM;2016-01-05T14:06:35+00:00;35.816229903, -78.80005444;2016;No;Yes;1;NONE;NONE,NONE;NONE,NONE;SPORT UTILITY;SPORT UTILITY;SPORT UTILITY;SPORT UTILITY
20647;0 FEET FROM RP 3977 (SE CARY PKWY);NO SPECIAL FEATURE;CURVE,GRADE;STATE SECONDARY ROUTE;TWO-WAY,DIVIDED,UNPROTECTED MEDIAN;SMOOTH ASPHALT;DRY;DAYLIGHT;CLEAR;NO CONTROL PRESENT;35.745374903;-78.76714371;-78.767216;35.7461;P004;118;0;2;;;NONE;;NONE;;PASSENGER CAR;PASSENGER CAR;;;;NO;38;2016-01-04;12:00 PM;2016-01-04T17:00:00+00:00;35.745374903, -78.76714371;2016;No;Yes;1;NONE;NONE,NONE;NONE,NONE;PASSENGER CAR,PASSENGER CAR;PASSENGER CAR,PASSENGER CAR;PASSENGER CAR,PASSENGER CAR;PASSENGER CAR,PASSENGER CAR
20652;75 FEET FROM SR#3977 (SE CARY PARKWAY);NO SPECIAL FEATURE;STRAIGHT,LEVEL;STATE SECONDARY ROUTE;TWO-WAY,DIVIDED,UNPROTECTED MEDIAN;SMOOTH ASPHALT;DRY;DAYLIGHT;CLEAR;NO CONTROL PRESENT;35.748613249;-78.77190784;-78.7736;35.7502;P027;112;0;0;;;;;NONE;;PASSENGER CAR;PASSENGER CAR;;;;NO;43;2016-01-06;11:33 AM;2016-01-06T16:33:00+00:00;35.748613249, -78.77190784;2016;No;No;1;;NONE;NONE;PASSENGER CAR,PASSENGER CAR;PASSENGER CAR,PASSENGER CAR;PASSENGER CAR,PASSENGER CAR;PASSENGER CAR,PASSENGER CAR
20653;30 FEET FROM SR 1009 (TRYON RD);FOUR-WAY INTERSECTION;STRAIGHT,LEVEL;STATE SECONDARY ROUTE;TWO-WAY,DIVIDED,UNPROTECTED MEDIAN;SMOOTH ASPHALT;DRY;DAYLIGHT;CLEAR;STOP AND GO SIGNAL;35.745547544;-78.75467572;-78.7543;35.746;P004;118;0;0;;;;;NONE;;PASSENGER CAR;PASSENGER CAR;;;;NO;44;2016-01-06;12:28 PM;2016-01-06T17:28:00+00:00;35.745547544, -78.75467572;2016;No;No;1;;NONE;NONE;PASSENGER CAR,PASSENGER CAR;PASSENGER CAR,PASSENGER CAR;PASSENGER CAR,PASSENGER CAR;PASSENGER CAR,PASSENGER CAR