tamainid;location_description;rdfeature;rdcharacter;rdclass;rdconfigur;rdsurface;rdcondition;lightcond;weather;trafcontrl;lat;lon;lon2;lat2;tract;zone;fatality;possblinj;numpassengers;numpedestrians;contrcir1_desc;contrcir2_desc;contrcir3_desc;contrcir4_desc;vehicle1;vehicle2;vehicle3;vehicle4;vehicle5;workarea;records;ta_date;ta_time;crash_date;geo_location;year;fatalities;injuries;month;contrfact1;contrfact2;contributing_factor;vehicleconcat1;vehicleconcat2;vehicleconcat3;vehicle_type
20657;0 FEET FROM SR  1300 (KILDAIRE FARM RD);T-INTERSECTION;CURVE,LEVEL;STATE SECONDARY ROUTE;TWO-WAY,NOT DIVIDED;SMOOTH ASPHALT;DRY;DARK - LIGHTED ROADWAY;CLEAR;STOP SIGN;35.705920731;-78.79558961;-78.7946;35.7059;P052;116;0;1;;;NONE;;NONE;;PASSENGER CAR;PASSENGER CAR;;;;NO;48;2016-01-06;5:34:02 PM;2016-01-06T22:34:02+00:00;35.705920731, -78.79558961;2016;No;Yes;1;NONE;NONE,NONE;NONE,NONE;PASSENGER CAR,PASSENGER CAR;PASSENGER CAR,PASSENGER CAR;PASSENGER CAR,PASSENGER CAR;PASSENGER CAR,PASSENGER CAR
20663;.2 MILES FROM RDU CENTER DR;FOUR-WAY INTERSECTION;STRAIGHT,LEVEL;LOCAL STREET;TWO-WAY,DIVIDED,UNPROTECTED MEDIAN;SMOOTH ASPHALT;DRY;DAYLIGHT;CLEAR;NO CONTROL PRESENT;35.852739216;-78.7970536;-78.7958;35.8512;P088;WAKE;0;0;;;NONE;;NONE;;PASSENGER CAR;SPORT UTILITY;;;;NO;54;2016-01-06;11:04 AM;2016-01-06T16:04:00+00:00;35.852739216, -78.7970536;2016;No;No;1;NONE;NONE,NONE;NONE,NONE;PASSENGER CAR,SPORT UTILITY;PASSENGER CAR,SPORT UTILITY;PASSENGER CAR,SPORT UTILITY;PASSENGER CAR,SPORT UTILITY
20670;0 FEET FROM SR 1009 (TRYON RD);FOUR-WAY INTERSECTION;STRAIGHT,LEVEL;STATE SECONDARY ROUTE;TWO-WAY,DIVIDED,UNPROTECTED MEDIAN;SMOOTH ASPHALT;DRY;DAYLIGHT;CLOUDY;STOP AND GO SIGNAL;35.737363625;-78.78505697;-78.787551;35.736764;P044;115;0;2;1;;NONE;;NONE;;PASSENGER CAR;PASSENGER CAR;;;;NO;61;2016-01-07;11:58 AM;2016-01-07T16:58:00+00:00;35.737363625, -78.78505697;2016;No;Yes;1;NONE;NONE,NONE;NONE,NONE;PASSENGER CAR,PASSENGER CAR;PASSENGER CAR,PASSENGER CAR;PASSENGER CAR,PASSENGER CAR;PASSENGER CAR,PASSENGER CAR
20674;75 FEET FROM 1616 EVANS RD (PVA);NO SPECIAL FEATURE;STRAIGHT,LEVEL;PUBLIC VEHICULAR AREA;TWO-WAY,NOT DIVIDED;SMOOTH ASPHALT;DRY;DAYLIGHT;CLEAR;NO CONTROL PRESENT;;;-752015.06;2059565.0;;;0;0;;;NONE;;NONE;;SPORT UTILITY;PASSENGER CAR;;;;NO;65;2016-01-07;2:42:56 PM;2016-01-07T19:42:56+00:00;;2016;No;No;1;NONE;NONE,NONE;NONE,NONE;SPORT UTILITY,PASSENGER CAR;SPORT UTILITY,PASSENGER CAR;SPORT UTILITY,PASSENGER CAR;SPORT UTILITY,PASSENGER CAR
20679;100 FEET FROM SR 1300 (KILDAIRE FARM RD);NO SPECIAL FEATURE;STRAIGHT,LEVEL;STATE SECONDARY ROUTE;TWO-WAY,DIVIDED,UNPROTECTED MEDIAN;SMOOTH ASPHALT;WET;DAYLIGHT;RAIN;NO CONTROL PRESENT;35.739716842;-78.77993913;-78.77986;35.73922;P044;115;0;0;;;;;NONE;;PASSENGER CAR;PASSENGER CAR;;;;NO;68;2016-01-08;11:35 AM;2016-01-08T16:35:00+00:00;35.739716842, -78.77993913;2016;No;No;1;;NONE;NONE;PASSENGER CAR,PASSENGER CAR;PASSENGER CAR,PASSENGER CAR;PASSENGER CAR,PASSENGER CAR;PASSENGER CAR,PASSENGER CAR
20688;164 FEET FROM SE CARY PKWY (SR 3977);NO SPECIAL FEATURE;CURVE,LEVEL;STATE SECONDARY ROUTE;TWO-WAY,DIVIDED,UNPROTECTED MEDIAN;SMOOTH ASPHALT;WET;DAYLIGHT;CLOUDY;NO CONTROL PRESENT;35.757685285;-78.77673543;-78.774783;35.75648;P027;112;0;0;;;NONE;;FAILURE TO YIELD RIGHT OF WAY;;SPORT UTILITY;PICKUP;;;;UTILITY WORK AREA;77;2016-01-09;12:16 PM;2016-01-09T17:16:00+00:00;35.757685285, -78.77673543;2016;No;No;1;NONE;NONE,FAILURE TO YIELD RIGHT OF WAY;NONE,FAILURE TO YIELD RIGHT OF WAY;SPORT UTILITY,PICKUP;SPORT UTILITY,PICKUP;SPORT UTILITY,PICKUP;SPORT UTILITY,PICKUP
20695;130 FEET FROM 2121 WALNUT ST;DRIVEWAY, PUBLIC;STRAIGHT,LEVEL;PUBLIC VEHICULAR AREA;TWO-WAY,NOT DIVIDED;COARSE ASPHALT;WET;DAYLIGHT;RAIN;NO CONTROL PRESENT;35.755814836;-78.74147742;-78.7407;35.756;P045;118;0;0;;;;;NONE;;PASSENGER CAR;PASSENGER CAR;;;;NO;84;2016-01-09;10:28 AM;2016-01-09T15:28:00+00:00;35.755814836, -78.74147742;2016;No;No;1;;NONE;NONE;PASSENGER CAR,PASSENGER CAR;PASSENGER CAR,PASSENGER CAR;PASSENGER CAR,PASSENGER CAR;PASSENGER CAR,PASSENGER CAR
20697;180 FEET FROM 980 KILDAIRE FARM RD;DRIVEWAY, PUBLIC;STRAIGHT,LEVEL;PUBLIC VEHICULAR AREA;TWO-WAY,DIVIDED,UNPROTECTED MEDIAN;SMOOTH ASPHALT;DRY;DAYLIGHT;CLEAR;NO CONTROL PRESENT;35.801428815;-78.74351438;-78.781652;35.775246;P034;113;0;0;1;;NONE;;NONE;;PASSENGER CAR;PASSENGER CAR;;;;NO;86;2016-01-10;2:04:08 PM;2016-01-10T19:04:08+00:00;35.801428815, -78.74351438;2016;No;No;1;NONE;NONE,NONE;NONE,NONE;PASSENGER CAR,PASSENGER CAR;PASSENGER CAR,PASSENGER CAR;PASSENGER CAR,PASSENGER CAR;PASSENGER CAR,PASSENGER CAR
20700;50 FEET FROM NC 55 HWY;NO SPECIAL FEATURE;STRAIGHT,LEVEL;NC ROUTE;TWO-WAY,NOT DIVIDED;SMOOTH ASPHALT;WET;DAYLIGHT;RAIN;NO CONTROL PRESENT;35.764864931;-78.87499565;-78.8753;35.763;P092;WAKE;0;0;3;;NONE;;NONE;;SPORT UTILITY;PASSENGER CAR;;;;NO;88;2016-01-08;5:34:32 PM;2016-01-08T22:34:32+00:00;35.764864931, -78.87499565;2016;No;No;1;NONE;NONE,NONE;NONE,NONE;SPORT UTILITY,PASSENGER CAR;SPORT UTILITY,PASSENGER CAR;SPORT UTILITY,PASSENGER CAR;SPORT UTILITY,PASSENGER CAR
20706;100 FEET FROM HIGH HOUSE RD(SR#1615);NO SPECIAL FEATURE;STRAIGHT,LEVEL;STATE SECONDARY ROUTE;TWO-WAY,DIVIDED,UNPROTECTED MEDIAN;SMOOTH ASPHALT;DRY;DARK - LIGHTED ROADWAY;CLEAR;STOP AND GO SIGNAL;35.790015602;-78.82976075;-78.8292;35.7894;P067;121;0;0;1;;NONE;;NONE;;SPORT UTILITY;SPORT UTILITY;;;;NO;94;2016-01-07;5:26:15 PM;2016-01-07T22:26:15+00:00;35.790015602, -78.82976075;2016;No;No;1;NONE;NONE,NONE;NONE,NONE;SPORT UTILITY,SPORT UTILITY;SPORT UTILITY,SPORT UTILITY;SPORT UTILITY,SPORT UTILITY;SPORT UTILITY,SPORT UTILITY
20715;30 FEET FROM COLONADES WAY;T-INTERSECTION;STRAIGHT,GRADE;LOCAL STREET;TWO-WAY,DIVIDED,UNPROTECTED MEDIAN;SMOOTH ASPHALT;WET;DARK - LIGHTED ROADWAY;RAIN;STOP SIGN;35.737890376;-78.77946603;-78.7794;35.7382;P053;116;0;0;1;;NONE;;NONE;;PICKUP;PASSENGER CAR;;;;NO;103;2016-01-09;9:30:09 PM;2016-01-10T02:30:09+00:00;35.737890376, -78.77946603;2016;No;No;1;NONE;NONE,NONE;NONE,NONE;PICKUP,PASSENGER CAR;PICKUP,PASSENGER CAR;PICKUP,PASSENGER CAR;PICKUP,PASSENGER CAR
20721;CARY;RELATED TO INTERSECTION;STRAIGHT,LEVEL;STATE SECONDARY ROUTE;TWO-WAY,NOT DIVIDED;SMOOTH ASPHALT;WET;DARK - LIGHTED ROADWAY;FOG, SMOG, SMOKE;STOP SIGN;35.789239;-78.76378256;-78.7637;35.7892;P056;120;0;0;2;;NONE;;NONE;;SPORT UTILITY;PASSENGER CAR;;;;NO;109;2016-01-09;9:56:58 PM;2016-01-10T02:56:58+00:00;35.789239, -78.76378256;2016;No;No;1;NONE;NONE,NONE;NONE,NONE;SPORT UTILITY,PASSENGER CAR;SPORT UTILITY,PASSENGER CAR;SPORT UTILITY,PASSENGER CAR;SPORT UTILITY,PASSENGER CAR
20723;.10 MILES FROM SR-1009 (TRYON RD);NO SPECIAL FEATURE;STRAIGHT,GRADE;STATE SECONDARY ROUTE;TWO-WAY,DIVIDED,UNPROTECTED MEDIAN;SMOOTH ASPHALT;DRY;DAYLIGHT;CLEAR;NO CONTROL PRESENT;35.739671634;-78.77990094;-78.778;35.7399;P044;115;0;0;1;;;;NONE;;SPORT UTILITY;PASSENGER CAR;;;;NO;111;2016-01-11;1:41:21 PM;2016-01-11T18:41:21+00:00;35.739671634, -78.77990094;2016;No;No;1;;NONE;NONE;SPORT UTILITY,PASSENGER CAR;SPORT UTILITY,PASSENGER CAR;SPORT UTILITY,PASSENGER CAR;SPORT UTILITY,PASSENGER CAR
20735;.10 MILES FROM SR-1415 (SE MAYNARD RD);NO SPECIAL FEATURE;STRAIGHT,LEVEL;STATE SECONDARY ROUTE;TWO-WAY,NOT DIVIDED;SMOOTH ASPHALT;DRY;DAYLIGHT;CLEAR;NO CONTROL PRESENT;35.771314236;-78.78533169;-78.779394;35.770205;P036;114;0;0;;;;;NONE;;PASSENGER CAR;PASSENGER CAR;;;;NO;123;2016-01-11;5:59:37 AM;2016-01-11T10:59:37+00:00;35.771314236, -78.78533169;2016;No;No;1;;NONE;NONE;PASSENGER CAR,PASSENGER CAR;PASSENGER CAR,PASSENGER CAR;PASSENGER CAR,PASSENGER CAR;PASSENGER CAR,PASSENGER CAR
20751;150 FEET FROM SR 1312 (S ACADEMY ST);OTHER *;STRAIGHT,LEVEL;STATE SECONDARY ROUTE;ONE-WAY,NOT DIVIDED;GRAVEL;DRY;DAYLIGHT;CLOUDY;WARNING SIGN;35.697766351;-78.64911673;-78.781;35.783;P119;RALW;0;0;;;NONE;;FAILURE TO YIELD RIGHT OF WAY;LYING AND/OR ILLEGALLY IN ROADWAY;OTHER *;VAN;;;;CONSTRUCTION WORK AREA;138;2016-01-07;4:00:19 PM;2016-01-07T21:00:19+00:00;35.697766351, -78.64911673;2016;No;No;1;NONE;NONE,FAILURE TO YIELD RIGHT OF WAY;NONE,FAILURE TO YIELD RIGHT OF WAY,LYING AND/OR ILLEGALLY IN ROADWAY;OTHER *,VAN;OTHER *,VAN;OTHER *,VAN;OTHER *,VAN
20756;0 FEET FROM DILLARD DR;T-INTERSECTION;STRAIGHT,LEVEL;LOCAL STREET;TWO-WAY,NOT DIVIDED;SMOOTH ASPHALT;DRY;DAYLIGHT;CLEAR;STOP SIGN;35.75517218;-78.73756005;-78.737565;35.755244;P045;118;0;1;1;;;;NONE;;PASSENGER CAR;VAN;;;;NO;143;2016-01-14;12:44 PM;2016-01-14T17:44:00+00:00;35.75517218, -78.73756005;2016;No;Yes;1;;NONE;NONE;PASSENGER CAR,VAN;PASSENGER CAR,VAN;PASSENGER CAR,VAN;PASSENGER CAR,VAN
20761;300 FEET FROM PVA 4801 SW CARY PKWY;DRIVEWAY, PUBLIC;STRAIGHT,LEVEL;PUBLIC VEHICULAR AREA;TWO-WAY,NOT DIVIDED;SMOOTH ASPHALT;DRY;DAYLIGHT;CLEAR;NO CONTROL PRESENT;;;-78.8299;35.789;;;0;0;1;;NONE;;NONE;;PASSENGER CAR;SPORT UTILITY;;;;NO;148;2016-01-13;4:49:37 PM;2016-01-13T21:49:37+00:00;;2016;No;No;1;NONE;NONE,NONE;NONE,NONE;PASSENGER CAR,SPORT UTILITY;PASSENGER CAR,SPORT UTILITY;PASSENGER CAR,SPORT UTILITY;PASSENGER CAR,SPORT UTILITY
20763;121 FEET FROM SR 1655 TRINITY RD;RELATED TO INTERSECTION;STRAIGHT,LEVEL;STATE SECONDARY ROUTE;TWO-WAY,NOT DIVIDED;SMOOTH ASPHALT;DRY;DAYLIGHT;CLEAR;STOP AND GO SIGNAL;35.795209266;-78.75071206;-78.7508;35.795;P034;113;0;0;1;;;;NONE;;SPORT UTILITY;SPORT UTILITY;;;;NO;150;2016-01-14;1:33:16 PM;2016-01-14T18:33:16+00:00;35.795209266, -78.75071206;2016;No;No;1;;NONE;NONE;SPORT UTILITY,SPORT UTILITY;SPORT UTILITY,SPORT UTILITY;SPORT UTILITY,SPORT UTILITY;SPORT UTILITY,SPORT UTILITY
20780;10 FEET FROM 115 GREGORY DR;NO SPECIAL FEATURE;CURVE,GRADE;LOCAL STREET;TWO-WAY,NOT DIVIDED;SMOOTH ASPHALT;WET;DARK - LIGHTED ROADWAY;CLOUDY;NO CONTROL PRESENT;35.795444043;-78.77463027;-78.774645;35.794314;P031;113;0;0;;;NONE;;NONE;;PASSENGER CAR;;;;;NO;167;2016-01-16;1:52:13 AM;2016-01-16T06:52:13+00:00;35.795444043, -78.77463027;2016;No;No;1;NONE;NONE,NONE;NONE,NONE;PASSENGER CAR;PASSENGER CAR;PASSENGER CAR;PASSENGER CAR
20785;25 FEET FROM PVA OF 12000 CRESCENT GREEN;NO SPECIAL FEATURE;STRAIGHT,LEVEL;PUBLIC VEHICULAR AREA;ONE-WAY,NOT DIVIDED;SMOOTH ASPHALT;UNKNOWN;UNKNOWN;OTHER *;NO CONTROL PRESENT;;;-78.7833;35.7328;;116;0;0;;;NONE;;NONE;;UNKNOWN;PASSENGER CAR;;;;NO;172;2016-01-15;7:28:12 PM;2016-01-16T00:28:12+00:00;;2016;No;No;1;NONE;NONE,NONE;NONE,NONE;UNKNOWN,PASSENGER CAR;UNKNOWN,PASSENGER CAR;UNKNOWN,PASSENGER CAR;UNKNOWN,PASSENGER CAR
20786;20 FEET FROM SR3112 (NW CARY PKWY);RELATED TO INTERSECTION;CURVE,LEVEL;STATE SECONDARY ROUTE;TWO-WAY,NOT DIVIDED;SMOOTH ASPHALT;DRY;DAYLIGHT;CLEAR;NO CONTROL PRESENT;35.817940225;-78.79185367;-78.7917;35.8178;P022;111;0;0;;;;;NONE;;PASSENGER CAR;;;;;NO;173;2016-01-16;11:08 AM;2016-01-16T16:08:00+00:00;35.817940225, -78.79185367;2016;No;No;1;;NONE;NONE;PASSENGER CAR;PASSENGER CAR;PASSENGER CAR;PASSENGER CAR
20787;50 FEET FROM N ACADEMY ST;NO SPECIAL FEATURE;STRAIGHT,LEVEL;LOCAL STREET;TWO-WAY,NOT DIVIDED;SMOOTH ASPHALT;DRY;DAYLIGHT;CLEAR;NO CONTROL PRESENT;35.790715529;-78.7811833;-78.7811;35.7903;P060;113;0;0;;;NONE;;NONE;;PASSENGER CAR;;;;;NO;174;2016-01-18;9:33:18 AM;2016-01-18T14:33:18+00:00;35.790715529, -78.7811833;2016;No;No;1;NONE;NONE,NONE;NONE,NONE;PASSENGER CAR;PASSENGER CAR;PASSENGER CAR;PASSENGER CAR
20789;285 FEET FROM 1393 KILDAIRE FARM RD;DRIVEWAY, PUBLIC;STRAIGHT,GRADE;PUBLIC VEHICULAR AREA;TWO-WAY,NOT DIVIDED;COARSE ASPHALT;DRY;DAYLIGHT;CLEAR;NO CONTROL PRESENT;35.760212065;-78.78200353;-78.782;35.7588;P027;112;0;0;1;;;;NONE;;SPORT UTILITY;SPORT UTILITY;;;;NO;176;2016-01-18;1:23:55 PM;2016-01-18T18:23:55+00:00;35.760212065, -78.78200353;2016;No;No;1;;NONE;NONE;SPORT UTILITY,SPORT UTILITY;SPORT UTILITY,SPORT UTILITY;SPORT UTILITY,SPORT UTILITY;SPORT UTILITY,SPORT UTILITY
20791;150 FEET FROM NC 55 HWY;NO SPECIAL FEATURE;STRAIGHT,LEVEL;NC ROUTE;TWO-WAY,DIVIDED,UNPROTECTED MEDIAN;COARSE ASPHALT;DRY;DAYLIGHT;CLEAR;STOP AND GO SIGNAL;35.803068961;-78.87128172;-78.87138;35.803579;P091;WAKE;0;0;2;;;;NONE;;PASSENGER CAR;PASSENGER CAR;;;;NO;178;2016-01-18;10:00 PM;2016-01-19T03:00:00+00:00;35.803068961, -78.87128172;2016;No;No;1;;NONE;NONE;PASSENGER CAR,PASSENGER CAR;PASSENGER CAR,PASSENGER CAR;PASSENGER CAR,PASSENGER CAR;PASSENGER CAR,PASSENGER CAR
20805;200 FEET FROM 201 CROSSROADS BLVD;DRIVEWAY, PUBLIC;STRAIGHT,LEVEL;PUBLIC VEHICULAR AREA;TWO-WAY,NOT DIVIDED;COARSE ASPHALT;WET;DAYLIGHT;CLOUDY;NO CONTROL PRESENT;35.754908262;-78.73025042;-78.7414;35.7622;P093;WAKE;0;0;3;;;;NONE;;PASSENGER CAR;PASSENGER CAR;;;;NO;192;2016-01-17;2:39:35 PM;2016-01-17T19:39:35+00:00;35.754908262, -78.73025042;2016;No;No;1;;NONE;NONE;PASSENGER CAR,PASSENGER CAR;PASSENGER CAR,PASSENGER CAR;PASSENGER CAR,PASSENGER CAR;PASSENGER CAR,PASSENGER CAR
20811;263 FEET FROM PVA OF 115 PARKWAY OFFICE CT;NO SPECIAL FEATURE;STRAIGHT,LEVEL;PUBLIC VEHICULAR AREA;TWO-WAY,NOT DIVIDED;SMOOTH ASPHALT;DRY;DAYLIGHT;CLEAR;NO CONTROL PRESENT;;;-78.766;35.7454;;;0;0;;;;;NONE;;PASSENGER CAR;PASSENGER CAR;;;;NO;198;2016-01-18;4:09:56 PM;2016-01-18T21:09:56+00:00;;2016;No;No;1;;NONE;NONE;PASSENGER CAR,PASSENGER CAR;PASSENGER CAR,PASSENGER CAR;PASSENGER CAR,PASSENGER CAR;PASSENGER CAR,PASSENGER CAR
20815;.2 MILES FROM SR 1613 (DAVIS DR);NO SPECIAL FEATURE;STRAIGHT,GRADE;STATE SECONDARY ROUTE;TWO-WAY,DIVIDED,UNPROTECTED MEDIAN;SMOOTH ASPHALT;DRY;DAYLIGHT;CLEAR;STOP AND GO SIGNAL;35.79614544;-78.84815389;-78.848;35.7955;P078;121;0;0;;;NONE;;NONE;;PASSENGER CAR;;;;;NO;202;2016-01-19;11:31 AM;2016-01-19T16:31:00+00:00;35.79614544, -78.84815389;2016;No;No;1;NONE;NONE,NONE;NONE,NONE;PASSENGER CAR;PASSENGER CAR;PASSENGER CAR;PASSENGER CAR
20819;150 FEET FROM SR 1313 (WALNUT ST);NO SPECIAL FEATURE;STRAIGHT,GRADE;STATE SECONDARY ROUTE;TWO-WAY,NOT DIVIDED;SMOOTH ASPHALT;DRY;DARK - LIGHTED ROADWAY;CLEAR;NO CONTROL PRESENT;35.764975104;-78.75212575;-78.752843;35.765171;P003;112;0;0;;;NONE;;NONE;;PASSENGER CAR;PASSENGER CAR;;;;NO;206;2016-01-19;6:20:00 PM;2016-01-19T23:20:00+00:00;35.764975104, -78.75212575;2016;No;No;1;NONE;NONE,NONE;NONE,NONE;PASSENGER CAR,PASSENGER CAR;PASSENGER CAR,PASSENGER CAR;PASSENGER CAR,PASSENGER CAR;PASSENGER CAR,PASSENGER CAR
20825;150 FEET FROM PVA OF 4202 TEN-TEN RD;NO SPECIAL FEATURE;STRAIGHT,LEVEL;PUBLIC VEHICULAR AREA;;CONCRETE;DRY;DAYLIGHT;CLEAR;NO CONTROL PRESENT;;;;;;116;0;0;2;;NONE;;NONE;;PASSENGER CAR;;;;;NO;212;2016-01-19;2:12:28 PM;2016-01-19T19:12:28+00:00;;2016;No;No;1;NONE;NONE,NONE;NONE,NONE;PASSENGER CAR;PASSENGER CAR;PASSENGER CAR;PASSENGER CAR
20831;.14 MILES FROM SR 1423 (PINEY PLAINS RD);NO SPECIAL FEATURE;STRAIGHT,LEVEL;STATE SECONDARY ROUTE;TWO-WAY,NOT DIVIDED;SMOOTH ASPHALT;DRY;DARK - ROADWAY NOT LIGHTED;CLEAR;NO CONTROL PRESENT;35.745547544;-78.75467572;-78.753819;35.747648;P004;118;0;0;;;DARTING;;NONE;;PASSENGER CAR;;;;;NO;218;2016-01-19;3:13:55 AM;2016-01-19T08:13:55+00:00;35.745547544, -78.75467572;2016;No;No;1;DARTING;DARTING,NONE;DARTING,NONE;PASSENGER CAR;PASSENGER CAR;PASSENGER CAR;PASSENGER CAR
20839;30 FEET FROM DAYMIRE GLEN LN;NO SPECIAL FEATURE;STRAIGHT,LEVEL;LOCAL STREET;TWO-WAY,NOT DIVIDED;SMOOTH ASPHALT;DRY;DAYLIGHT;CLOUDY;NO CONTROL PRESENT;35.783079854;-78.84872755;-78.8486;35.7832;P018;117;0;0;;;NONE;;NONE;;PICKUP;PASSENGER CAR;;;;NO;226;2016-01-21;9:26:30 AM;2016-01-21T14:26:30+00:00;35.783079854, -78.84872755;2016;No;No;1;NONE;NONE,NONE;NONE,NONE;PICKUP,PASSENGER CAR;PICKUP,PASSENGER CAR;PICKUP,PASSENGER CAR;PICKUP,PASSENGER CAR
20841;250 FEET FROM ARBOR VIEW DR;DRIVEWAY, PUBLIC;STRAIGHT,LEVEL;PUBLIC VEHICULAR AREA;TWO-WAY,NOT DIVIDED;SMOOTH ASPHALT;DRY;DAYLIGHT;CLEAR;NO CONTROL PRESENT;35.796232976;-78.87188313;-78.872;35.7952;P077;122;0;0;;;NONE;;NONE;;SPORT UTILITY;;;;;NO;228;2016-01-20;5:35:04 PM;2016-01-20T22:35:04+00:00;35.796232976, -78.87188313;2016;No;No;1;NONE;NONE,NONE;NONE,NONE;SPORT UTILITY;SPORT UTILITY;SPORT UTILITY;SPORT UTILITY
20842;100 FEET FROM MISTY CT;NO SPECIAL FEATURE;STRAIGHT,LEVEL;LOCAL STREET;TWO-WAY,NOT DIVIDED;SMOOTH ASPHALT;DRY;DARK - UNKNOWN LIGHTING;CLEAR;NO CONTROL PRESENT;35.795438155;-78.77311577;-744634.88;2067354.88;P031;113;0;0;;;NONE;;NONE;;PASSENGER CAR;UNKNOWN;;;;NO;229;2016-01-19;2:06:48 PM;2016-01-19T19:06:48+00:00;35.795438155, -78.77311577;2016;No;No;1;NONE;NONE,NONE;NONE,NONE;PASSENGER CAR,UNKNOWN;PASSENGER CAR,UNKNOWN;PASSENGER CAR,UNKNOWN;PASSENGER CAR,UNKNOWN
20843;.10 MILES FROM 7169 OKELLY CHAPEL RD;NO SPECIAL FEATURE;STRAIGHT,LEVEL;PUBLIC VEHICULAR AREA;UNKNOWN;SMOOTH ASPHALT;DRY;DARK - LIGHTED ROADWAY;CLEAR;NO CONTROL PRESENT;35.845768237;-78.89077828;-78.8886;35.8447;P091;WAKE;0;0;;;NONE;;NONE;;;PASSENGER CAR;;;;NO;230;2016-01-21;7:53:49 PM;2016-01-22T00:53:49+00:00;35.845768237, -78.89077828;2016;No;No;1;NONE;NONE,NONE;NONE,NONE;PASSENGER CAR;PASSENGER CAR;PASSENGER CAR;PASSENGER CAR
20848;75 FEET FROM SR 1300 (KILDAIRE FARM RD);NO SPECIAL FEATURE;STRAIGHT,LEVEL;STATE SECONDARY ROUTE;TWO-WAY,DIVIDED,UNPROTECTED MEDIAN;SMOOTH ASPHALT;DRY;DAYLIGHT;CLEAR;NO CONTROL PRESENT;35.703277126;-78.79428433;-78.7931;35.7025;P052;116;0;0;;;;;NONE;;SPORT UTILITY;PASSENGER CAR;;;;NO;235;2016-01-19;11:28 PM;2016-01-20T04:28:00+00:00;35.703277126, -78.79428433;2016;No;No;1;;NONE;NONE;SPORT UTILITY,PASSENGER CAR;SPORT UTILITY,PASSENGER CAR;SPORT UTILITY,PASSENGER CAR;SPORT UTILITY,PASSENGER CAR
20849;20 FEET FROM PVA 3430 TEN TEN RD;DRIVEWAY, PUBLIC;STRAIGHT,LEVEL;PUBLIC VEHICULAR AREA;TWO-WAY,DIVIDED,UNPROTECTED MEDIAN;SMOOTH ASPHALT;DRY;DAYLIGHT;CLOUDY;NO CONTROL PRESENT;;;-78.7933;35.7022;;;0;0;;;NONE;;NONE;;PASSENGER CAR;PASSENGER CAR;;;;NO;236;2016-01-20;3:14:09 PM;2016-01-20T20:14:09+00:00;;2016;No;No;1;NONE;NONE,NONE;NONE,NONE;PASSENGER CAR,PASSENGER CAR;PASSENGER CAR,PASSENGER CAR;PASSENGER CAR,PASSENGER CAR;PASSENGER CAR,PASSENGER CAR
20851;400 FEET FROM NC 55 HWY;NO SPECIAL FEATURE;STRAIGHT,GRADE;NC ROUTE;TWO-WAY,NOT DIVIDED;SMOOTH ASPHALT;DRY;DARK - LIGHTED ROADWAY;CLEAR;NO CONTROL PRESENT;35.794647722;-78.8705187;-78.871;35.7963;P091;WAKE;0;0;;;NONE;;NONE;;PASSENGER CAR;PASSENGER CAR;;;;NO;238;2016-01-20;6:23:08 PM;2016-01-20T23:23:08+00:00;35.794647722, -78.8705187;2016;No;No;1;NONE;NONE,NONE;NONE,NONE;PASSENGER CAR,PASSENGER CAR;PASSENGER CAR,PASSENGER CAR;PASSENGER CAR,PASSENGER CAR;PASSENGER CAR,PASSENGER CAR
20853;5 FEET FROM U.S 1 HWY;RELATED TO INTERSECTION;CURVE,HILLCREST;US ROUTE;ONE-WAY,NOT DIVIDED;SMOOTH ASPHALT;DRY;DAYLIGHT;CLEAR;YIELD SIGN;35.73543473;-78.79608706;-78.745;35.7631;P043;116;0;0;;;;;NONE;;PICKUP;PASSENGER CAR;;;;NO;240;2016-01-21;11:50 AM;2016-01-21T16:50:00+00:00;35.73543473, -78.79608706;2016;No;No;1;;NONE;NONE;PICKUP,PASSENGER CAR;PICKUP,PASSENGER CAR;PICKUP,PASSENGER CAR;PICKUP,PASSENGER CAR
20862;100 FEET FROM SR 3977 (SW CARY PKWY);NO SPECIAL FEATURE;STRAIGHT,LEVEL;STATE SECONDARY ROUTE;TWO-WAY,DIVIDED,UNPROTECTED MEDIAN;SMOOTH ASPHALT;ICE;DAYLIGHT;SLEET, HAIL, FREEZING RAIN/DRIZZLE;NO CONTROL PRESENT;35.945503754;-78.56081436;-78.819;35.749;P119;RALW;0;0;;;;;NONE;;SPORT UTILITY;;;;;NO;249;2016-01-22;11:47 AM;2016-01-22T16:47:00+00:00;35.945503754, -78.56081436;2016;No;No;1;;NONE;NONE;SPORT UTILITY;SPORT UTILITY;SPORT UTILITY;SPORT UTILITY