tamainid;location_description;rdfeature;rdcharacter;rdclass;rdconfigur;rdsurface;rdcondition;lightcond;weather;trafcontrl;lat;lon;lon2;lat2;tract;zone;fatality;possblinj;numpassengers;numpedestrians;contrcir1_desc;contrcir2_desc;contrcir3_desc;contrcir4_desc;vehicle1;vehicle2;vehicle3;vehicle4;vehicle5;workarea;records;ta_date;ta_time;crash_date;geo_location;year;fatalities;injuries;month;contrfact1;contrfact2;contributing_factor;vehicleconcat1;vehicleconcat2;vehicleconcat3;vehicle_type
21115;25 FEET FROM LOCHMERE DR.;NO SPECIAL FEATURE;CURVE,HILLCREST;LOCAL STREET;TWO-WAY,DIVIDED,UNPROTECTED MEDIAN;SMOOTH ASPHALT;SLUSH;DAYLIGHT;SLEET, HAIL, FREEZING RAIN/DRIZZLE;NO CONTROL PRESENT;35.727595281;-78.76930573;-78.7696;35.7274;P047;118;0;0;;;NONE;;COMING FROM BEHIND PARKED VEHICLE;;SPORT UTILITY;;;;;NO;500;2016-02-15;2:33:41 PM;2016-02-15T19:33:41+00:00;35.727595281, -78.76930573;2016;No;No;2;NONE;NONE,COMING FROM BEHIND PARKED VEHICLE;NONE,COMING FROM BEHIND PARKED VEHICLE;SPORT UTILITY;SPORT UTILITY;SPORT UTILITY;SPORT UTILITY
21116;CARY;RELATED TO INTERSECTION;STRAIGHT,LEVEL;STATE SECONDARY ROUTE;TWO-WAY,DIVIDED,UNPROTECTED MEDIAN;SMOOTH ASPHALT;SLUSH;DAYLIGHT;SLEET, HAIL, FREEZING RAIN/DRIZZLE;DOUBLE YELLOW LINE, NO PASSING ZONE;35.791811514;-78.77606084;-78.7761;35.7917;P033;113;0;0;;;NONE;;NONE;;PASSENGER CAR;PASSENGER CAR;;;;NO;501;2016-02-15;1:08:20 PM;2016-02-15T18:08:20+00:00;35.791811514, -78.77606084;2016;No;No;2;NONE;NONE,NONE;NONE,NONE;PASSENGER CAR,PASSENGER CAR;PASSENGER CAR,PASSENGER CAR;PASSENGER CAR,PASSENGER CAR;PASSENGER CAR,PASSENGER CAR
21119;30 FEET FROM SR1415 (SE MAYNARD RD);RELATED TO INTERSECTION;STRAIGHT,LEVEL;STATE SECONDARY ROUTE;TWO-WAY,DIVIDED,UNPROTECTED MEDIAN;SMOOTH ASPHALT;WET;DARK - LIGHTED ROADWAY;CLOUDY;STOP AND GO SIGNAL;35.771195714;-78.78172784;-78.7816;35.7712;P062;120;0;0;1;;;;NONE;;PASSENGER CAR;PICKUP;;;;NO;503;2016-02-15;6:03:06 PM;2016-02-15T23:03:06+00:00;35.771195714, -78.78172784;2016;No;No;2;;NONE;NONE;PASSENGER CAR,PICKUP;PASSENGER CAR,PICKUP;PASSENGER CAR,PICKUP;PASSENGER CAR,PICKUP
21120;.69 MILES FROM US 1 HWY;NO SPECIAL FEATURE;STRAIGHT,LEVEL;US ROUTE;TWO-WAY,DIVIDED,POSITIVE MEDIAN BARRIER;SMOOTH ASPHALT;ICE;DAYLIGHT;SLEET, HAIL, FREEZING RAIN/DRIZZLE;NO CONTROL PRESENT;35.736701222;-78.78832394;-78.8042;35.731;P042;115;0;0;;;NONE;;COMING FROM BEHIND PARKED VEHICLE;;SPORT UTILITY;;;;;NO;504;2016-02-15;10:44 AM;2016-02-15T15:44:00+00:00;35.736701222, -78.78832394;2016;No;No;2;NONE;NONE,COMING FROM BEHIND PARKED VEHICLE;NONE,COMING FROM BEHIND PARKED VEHICLE;SPORT UTILITY;SPORT UTILITY;SPORT UTILITY;SPORT UTILITY
21123;499 FEET FROM US 1;OFF-RAMP PROPER;CURVE,GRADE;US ROUTE;ONE-WAY,NOT DIVIDED;SMOOTH ASPHALT;ICE;DAYLIGHT;SLEET, HAIL, FREEZING RAIN/DRIZZLE;NO CONTROL PRESENT;;;-78.746;35.7601;;;0;0;;;NONE;;NONE;;PASSENGER CAR;;;;;NO;507;2016-02-15;1:54:53 AM;2016-02-15T06:54:53+00:00;;2016;No;No;2;NONE;NONE,NONE;NONE,NONE;PASSENGER CAR;PASSENGER CAR;PASSENGER CAR;PASSENGER CAR
21126;.11 MILES FROM HWY US 1 S;NO SPECIAL FEATURE;STRAIGHT,LEVEL;US ROUTE;TWO-WAY,DIVIDED,POSITIVE MEDIAN BARRIER;SMOOTH ASPHALT;ICE;DAWN;SLEET, HAIL, FREEZING RAIN/DRIZZLE;NO CONTROL PRESENT;35.73479613;-78.7977301;-78.7939;35.7367;P043;116;0;0;;;;;NONE;;PASSENGER CAR;;;;;NO;510;2016-02-15;6:14:21 AM;2016-02-15T11:14:21+00:00;35.73479613, -78.7977301;2016;No;No;2;;NONE;NONE;PASSENGER CAR;PASSENGER CAR;PASSENGER CAR;PASSENGER CAR
21135;0.10 MILES FROM SR 1009 (TRYON RD);NO SPECIAL FEATURE;CURVE,HILLCREST;STATE SECONDARY ROUTE;TWO-WAY,DIVIDED,UNPROTECTED MEDIAN;SMOOTH ASPHALT;WET;DAYLIGHT;CLOUDY;NO CONTROL PRESENT;35.742082402;-78.76887099;-78.7702;35.7416;P004;118;0;0;2;;;;NONE;;SPORT UTILITY;SPORT UTILITY;;;;NO;520;2016-02-16;10:27 AM;2016-02-16T15:27:00+00:00;35.742082402, -78.76887099;2016;No;No;2;;NONE;NONE;SPORT UTILITY,SPORT UTILITY;SPORT UTILITY,SPORT UTILITY;SPORT UTILITY,SPORT UTILITY;SPORT UTILITY,SPORT UTILITY
21137;100 FEET FROM PVA 1791 NW MAYNARD RD;DRIVEWAY, PUBLIC;STRAIGHT,LEVEL;PUBLIC VEHICULAR AREA;TWO-WAY,NOT DIVIDED;COARSE ASPHALT;DRY;DAYLIGHT;CLOUDY;NO CONTROL PRESENT;;;-78.8016;35.7955;;;0;0;;;NONE;;NONE;;PASSENGER CAR;SPORT UTILITY;;;;NO;522;2016-02-17;10:31 AM;2016-02-17T15:31:00+00:00;;2016;No;No;2;NONE;NONE,NONE;NONE,NONE;PASSENGER CAR,SPORT UTILITY;PASSENGER CAR,SPORT UTILITY;PASSENGER CAR,SPORT UTILITY;PASSENGER CAR,SPORT UTILITY
21138;CARY;T-INTERSECTION;CURVE,GRADE;LOCAL STREET;TWO-WAY,DIVIDED,UNPROTECTED MEDIAN;SMOOTH ASPHALT;DRY;DARK - LIGHTED ROADWAY;CLEAR;NO CONTROL PRESENT;;;-78.7768;35.7269;;;0;0;;;NONE;;NONE;;PASSENGER CAR;PASSENGER CAR;;;;NO;523;2016-02-17;11:39 PM;2016-02-18T04:39:00+00:00;;2016;No;No;2;NONE;NONE,NONE;NONE,NONE;PASSENGER CAR,PASSENGER CAR;PASSENGER CAR,PASSENGER CAR;PASSENGER CAR,PASSENGER CAR;PASSENGER CAR,PASSENGER CAR
21141;CARY;NO SPECIAL FEATURE;STRAIGHT,LEVEL;STATE SECONDARY ROUTE;TWO-WAY,DIVIDED,UNPROTECTED MEDIAN;SMOOTH ASPHALT;DRY;DAYLIGHT;CLEAR;NO CONTROL PRESENT;35.790308719;-78.83025877;-78.8304;35.7903;P067;121;0;0;1;;NONE;;NONE;;PASSENGER CAR;PASSENGER CAR;;;;NO;526;2016-02-16;11:27 AM;2016-02-16T16:27:00+00:00;35.790308719, -78.83025877;2016;No;No;2;NONE;NONE,NONE;NONE,NONE;PASSENGER CAR,PASSENGER CAR;PASSENGER CAR,PASSENGER CAR;PASSENGER CAR,PASSENGER CAR;PASSENGER CAR,PASSENGER CAR
21144;.10 MILES FROM 900 CENTERGREEN PKWY;DRIVEWAY, PUBLIC;STRAIGHT,LEVEL;PUBLIC VEHICULAR AREA;TWO-WAY,NOT DIVIDED;SMOOTH ASPHALT;DRY;DAYLIGHT;CLEAR;NO CONTROL PRESENT;35.827261304;-78.7996995;-78.814;35.7821;P021;111;0;0;;;NONE;;NONE;;PASSENGER CAR;SPORT UTILITY;PICKUP;;;NO;529;2016-02-16;5:09:52 PM;2016-02-16T22:09:52+00:00;35.827261304, -78.7996995;2016;No;No;2;NONE;NONE,NONE;NONE,NONE;PASSENGER CAR,SPORT UTILITY;PASSENGER CAR,SPORT UTILITY,PICKUP;PASSENGER CAR,SPORT UTILITY,PICKUP;PASSENGER CAR,SPORT UTILITY,PICKUP
21149;130 FEET FROM DAVENBURY WAY;NO SPECIAL FEATURE;STRAIGHT,LEVEL;LOCAL STREET;TWO-WAY,NOT DIVIDED;SMOOTH ASPHALT;DRY;DAYLIGHT;CLEAR;NO CONTROL PRESENT;35.792746899;-78.80253569;-78.8028;35.7926;P063;114;0;0;;;NONE;;NONE;;PASSENGER CAR;PASSENGER CAR;;;;NO;534;2016-02-17;5:49:21 PM;2016-02-17T22:49:21+00:00;35.792746899, -78.80253569;2016;No;No;2;NONE;NONE,NONE;NONE,NONE;PASSENGER CAR,PASSENGER CAR;PASSENGER CAR,PASSENGER CAR;PASSENGER CAR,PASSENGER CAR;PASSENGER CAR,PASSENGER CAR
21152;0 FEET FROM SR 1010 (TEN TEN RD);FOUR-WAY INTERSECTION;STRAIGHT,LEVEL;STATE SECONDARY ROUTE;TWO-WAY,NOT DIVIDED;SMOOTH ASPHALT;DRY;DAYLIGHT;CLEAR;STOP AND GO SIGNAL;;;-78.7934;35.7029;;;0;0;;;;;NONE;;PASSENGER CAR;PICKUP;;;;NO;537;2016-02-16;8:02:37 PM;2016-02-17T01:02:37+00:00;;2016;No;No;2;;NONE;NONE;PASSENGER CAR,PICKUP;PASSENGER CAR,PICKUP;PASSENGER CAR,PICKUP;PASSENGER CAR,PICKUP
21153;NEAR .01 MILES W OF W SR 3112 (NW CARY PKWY);RELATED TO INTERSECTION;CURVE,GRADE;STATE SECONDARY ROUTE;TWO-WAY,DIVIDED,UNPROTECTED MEDIAN;SMOOTH ASPHALT;DRY;DAYLIGHT;CLEAR;STOP AND GO SIGNAL;;;-78.817777;35.801296;;;0;0;1;;NONE;;NONE;;SPORT UTILITY;PICKUP;;;;NO;538;2016-02-18;9:28:00 AM;2016-02-18T14:28:00+00:00;;2016;No;No;2;NONE;NONE,NONE;NONE,NONE;SPORT UTILITY,PICKUP;SPORT UTILITY,PICKUP;SPORT UTILITY,PICKUP;SPORT UTILITY,PICKUP
21156;40 FEET FROM SR-1010 (TEN TEN RD);RELATED TO INTERSECTION;STRAIGHT,LEVEL;STATE SECONDARY ROUTE;TWO-WAY,NOT DIVIDED;SMOOTH ASPHALT;DRY;DAYLIGHT;CLEAR;NO CONTROL PRESENT;;;-78.7839;35.7011;;;0;0;2;;NONE;;NONE;;PASSENGER CAR;SPORT UTILITY;PASSENGER CAR;;;NO;541;2016-02-18;4:55:49 PM;2016-02-18T21:55:49+00:00;;2016;No;No;2;NONE;NONE,NONE;NONE,NONE;PASSENGER CAR,SPORT UTILITY;PASSENGER CAR,SPORT UTILITY,PASSENGER CAR;PASSENGER CAR,SPORT UTILITY,PASSENGER CAR;PASSENGER CAR,SPORT UTILITY,PASSENGER CAR
21159;.3 MILES FROM PVA OF  10140 GREEN LEVEL CHUR;NO SPECIAL FEATURE;STRAIGHT,LEVEL;PUBLIC VEHICULAR AREA;TWO-WAY,NOT DIVIDED;CONCRETE;DRY;DAYLIGHT;CLEAR;NO CONTROL PRESENT;35.595748997;-78.78834506;-78.90136;35.820795;P119;RALW;0;0;;;NONE;;NONE;;PASSENGER CAR;PASSENGER CAR;;;;NO;544;2016-02-18;1:40:52 PM;2016-02-18T18:40:52+00:00;35.595748997, -78.78834506;2016;No;No;2;NONE;NONE,NONE;NONE,NONE;PASSENGER CAR,PASSENGER CAR;PASSENGER CAR,PASSENGER CAR;PASSENGER CAR,PASSENGER CAR;PASSENGER CAR,PASSENGER CAR
21162;200 FEET FROM US 1 HWY;NO SPECIAL FEATURE;STRAIGHT,LEVEL;US ROUTE;TWO-WAY,DIVIDED,POSITIVE MEDIAN BARRIER;GROOVED CONCRETE;DRY;DARK - LIGHTED ROADWAY;CLEAR;NO CONTROL PRESENT;35.764008041;-78.74877098;-78.743424;35.763183;P028;112;0;0;;;NONE;;NONE;;PASSENGER CAR;;;;;NO;547;2016-02-17;9:33:49 PM;2016-02-18T02:33:49+00:00;35.764008041, -78.74877098;2016;No;No;2;NONE;NONE,NONE;NONE,NONE;PASSENGER CAR;PASSENGER CAR;PASSENGER CAR;PASSENGER CAR
21164;CARY;NO SPECIAL FEATURE;STRAIGHT,LEVEL;LOCAL STREET;TWO-WAY,NOT DIVIDED;CONCRETE;DRY;DAYLIGHT;CLEAR;STOP SIGN;35.842968803;-78.90968631;-78.909688;35.8428745;P074;119;0;0;1;;NONE;;NONE;;PASSENGER CAR;PASSENGER CAR;;;;NO;549;2016-02-16;4:40:14 PM;2016-02-16T21:40:14+00:00;35.842968803, -78.90968631;2016;No;No;2;NONE;NONE,NONE;NONE,NONE;PASSENGER CAR,PASSENGER CAR;PASSENGER CAR,PASSENGER CAR;PASSENGER CAR,PASSENGER CAR;PASSENGER CAR,PASSENGER CAR
21165;20 FEET FROM LAWDRAKER RD;T-INTERSECTION;STRAIGHT,LEVEL;LOCAL STREET;TWO-WAY,NOT DIVIDED;SMOOTH ASPHALT;DRY;DAYLIGHT;CLEAR;STOP SIGN;;;-78.7642;35.6909;;;0;0;;;NONE;;NONE;;PASSENGER CAR;VAN;;;;NO;550;2016-02-18;12:06 PM;2016-02-18T17:06:00+00:00;;2016;No;No;2;NONE;NONE,NONE;NONE,NONE;PASSENGER CAR,VAN;PASSENGER CAR,VAN;PASSENGER CAR,VAN;PASSENGER CAR,VAN
21166;15 FEET FROM SR 1415 SE MAYNARD RD;RELATED TO INTERSECTION;STRAIGHT,GRADE;STATE SECONDARY ROUTE;TWO-WAY,DIVIDED,POSITIVE MEDIAN BARRIER;SMOOTH ASPHALT;DRY;DAYLIGHT;CLEAR;STOP AND GO SIGNAL;35.775896615;-78.76417339;-78.7642;35.7759;P061;120;0;0;;;NONE;;NONE;;VAN;PASSENGER CAR;;;;NO;551;2016-02-19;10:21 AM;2016-02-19T15:21:00+00:00;35.775896615, -78.76417339;2016;No;No;2;NONE;NONE,NONE;NONE,NONE;VAN,PASSENGER CAR;VAN,PASSENGER CAR;VAN,PASSENGER CAR;VAN,PASSENGER CAR
21170;200 FEET FROM PVA OF 1299 KILDAIRE FARM RD;NO SPECIAL FEATURE;STRAIGHT,LEVEL;PUBLIC VEHICULAR AREA;ONE-WAY,NOT DIVIDED;SMOOTH ASPHALT;DRY;DAYLIGHT;CLEAR;NO CONTROL PRESENT;;;;;;112;0;0;;;NONE;;NONE;;SPORT UTILITY;PASSENGER CAR;;;;NO;555;2016-02-19;9:44:12 AM;2016-02-19T14:44:12+00:00;;2016;No;No;2;NONE;NONE,NONE;NONE,NONE;SPORT UTILITY,PASSENGER CAR;SPORT UTILITY,PASSENGER CAR;SPORT UTILITY,PASSENGER CAR;SPORT UTILITY,PASSENGER CAR
21174;400 FEET FROM SR1624 CARPENTER FIRE STATION;FOUR-WAY INTERSECTION;STRAIGHT,HILLCREST;STATE SECONDARY ROUTE;TWO-WAY,NOT DIVIDED;SMOOTH ASPHALT;DRY;DAYLIGHT;CLEAR;STOP AND GO SIGNAL;35.823260832;-78.87419825;-78.8746;35.8242;P091;WAKE;0;0;1;;NONE;;NONE;;PASSENGER CAR;SPORT UTILITY;;;;NO;559;2016-02-18;6:57:14 AM;2016-02-18T11:57:14+00:00;35.823260832, -78.87419825;2016;No;No;2;NONE;NONE,NONE;NONE,NONE;PASSENGER CAR,SPORT UTILITY;PASSENGER CAR,SPORT UTILITY;PASSENGER CAR,SPORT UTILITY;PASSENGER CAR,SPORT UTILITY
21177;150 FEET FROM YATES STORE RD;NO SPECIAL FEATURE;STRAIGHT,LEVEL;LOCAL STREET;TWO-WAY,DIVIDED,UNPROTECTED MEDIAN;SMOOTH ASPHALT;DRY;DARK - LIGHTED ROADWAY;CLEAR;NO CONTROL PRESENT;35.835963495;-78.912025;-78.9123;35.8354;P076;119;0;0;;;NONE;;NONE;;PASSENGER CAR;;;;;NO;562;2016-02-18;7:03:21 PM;2016-02-19T00:03:21+00:00;35.835963495, -78.912025;2016;No;No;2;NONE;NONE,NONE;NONE,NONE;PASSENGER CAR;PASSENGER CAR;PASSENGER CAR;PASSENGER CAR
21182;150 FEET FROM HUNTER ST;NO SPECIAL FEATURE;STRAIGHT,HILLCREST;LOCAL STREET;TWO-WAY,NOT DIVIDED;SMOOTH ASPHALT;DRY;DAYLIGHT;CLEAR;NO CONTROL PRESENT;35.785030731;-78.77544489;-78.7754;35.7846;P059;120;0;0;;;;;NONE;;PASSENGER CAR;VAN;;;;NO;566;2016-02-21;12:38 PM;2016-02-21T17:38:00+00:00;35.785030731, -78.77544489;2016;No;No;2;;NONE;NONE;PASSENGER CAR,VAN;PASSENGER CAR,VAN;PASSENGER CAR,VAN;PASSENGER CAR,VAN
21185;CARY;FOUR-WAY INTERSECTION;STRAIGHT,LEVEL;NC ROUTE;TWO-WAY,DIVIDED,UNPROTECTED MEDIAN;SMOOTH ASPHALT;DRY;DARK - LIGHTED ROADWAY;CLEAR;STOP AND GO SIGNAL;35.764864904;-78.87499565;-78.89;35.84;P092;WAKE;0;0;2;;NONE;;NONE;;PASSENGER CAR;PASSENGER CAR;;;;NO;568;2016-02-20;11:44 PM;2016-02-21T04:44:00+00:00;35.764864904, -78.87499565;2016;No;No;2;NONE;NONE,NONE;NONE,NONE;PASSENGER CAR,PASSENGER CAR;PASSENGER CAR,PASSENGER CAR;PASSENGER CAR,PASSENGER CAR;PASSENGER CAR,PASSENGER CAR
21186;.25 MILES FROM (SR1313) WALNUT ST;NO SPECIAL FEATURE;STRAIGHT,LEVEL;STATE SECONDARY ROUTE;TWO-WAY,NOT DIVIDED;SMOOTH ASPHALT;DRY;DAYLIGHT;CLEAR;;35.779994323;-78.77393328;-78.774028;35.779911;;;0;0;;;;;NONE;;SPORT UTILITY;PASSENGER CAR;;;;NO;569;2016-02-21;11:19 AM;2016-02-21T16:19:00+00:00;35.779994323, -78.77393328;2016;No;No;2;;NONE;NONE;SPORT UTILITY,PASSENGER CAR;SPORT UTILITY,PASSENGER CAR;SPORT UTILITY,PASSENGER CAR;SPORT UTILITY,PASSENGER CAR
21187;100 FEET FROM WALNUT ST;NO SPECIAL FEATURE;STRAIGHT,LEVEL;STATE SECONDARY ROUTE;TWO-WAY,DIVIDED,UNPROTECTED MEDIAN;SMOOTH ASPHALT;WET;DAYLIGHT;RAIN;NO CONTROL PRESENT;35.769017252;-78.75991055;-78.76;35.7695;P003;112;0;2;2;;NONE;;NONE;;PICKUP;PASSENGER CAR;;;;NO;570;2016-02-21;4:26:47 PM;2016-02-21T21:26:47+00:00;35.769017252, -78.75991055;2016;No;Yes;2;NONE;NONE,NONE;NONE,NONE;PICKUP,PASSENGER CAR;PICKUP,PASSENGER CAR;PICKUP,PASSENGER CAR;PICKUP,PASSENGER CAR
21200;CARY;DRIVEWAY, PUBLIC;STRAIGHT,LEVEL;PUBLIC VEHICULAR AREA;ONE-WAY,NOT DIVIDED;SMOOTH ASPHALT;DRY;DAYLIGHT;CLEAR;NO CONTROL PRESENT;;;-78.782525;35.761386;;112;0;0;1;;;;NONE;;PASSENGER CAR;SPORT UTILITY;;;;NO;583;2016-02-17;4:19:32 PM;2016-02-17T21:19:32+00:00;;2016;No;No;2;;NONE;NONE;PASSENGER CAR,SPORT UTILITY;PASSENGER CAR,SPORT UTILITY;PASSENGER CAR,SPORT UTILITY;PASSENGER CAR,SPORT UTILITY
21204;49 FEET FROM SW CARY PKWY;NO SPECIAL FEATURE;STRAIGHT,LEVEL;STATE SECONDARY ROUTE;TWO-WAY,NOT DIVIDED;SMOOTH ASPHALT;DRY;DAYLIGHT;CLEAR;STOP AND GO SIGNAL;;;-78.82166;35.761902;;;0;0;1;;NONE;;NONE;;SPORT UTILITY;SPORT UTILITY;;;;NO;587;2016-02-21;10:29 PM;2016-02-22T03:29:00+00:00;;2016;No;No;2;NONE;NONE,NONE;NONE,NONE;SPORT UTILITY,SPORT UTILITY;SPORT UTILITY,SPORT UTILITY;SPORT UTILITY,SPORT UTILITY;SPORT UTILITY,SPORT UTILITY
21213;20 FEET FROM SR1300 (KILDAIRE FARM RD);RELATED TO INTERSECTION;STRAIGHT,LEVEL;STATE SECONDARY ROUTE;TWO-WAY,NOT DIVIDED;SMOOTH ASPHALT;DRY;DAYLIGHT;CLOUDY;NO CONTROL PRESENT;35.740658825;-78.7800162;-78.7799;35.7406;P044;115;0;0;;;;;NONE;;PASSENGER CAR;SPORT UTILITY;;;;NO;596;2016-02-22;11:49 AM;2016-02-22T16:49:00+00:00;35.740658825, -78.7800162;2016;No;No;2;;NONE;NONE;PASSENGER CAR,SPORT UTILITY;PASSENGER CAR,SPORT UTILITY;PASSENGER CAR,SPORT UTILITY;PASSENGER CAR,SPORT UTILITY
21221;.25 MILES FROM 1011 N HARRISON AVE;NO SPECIAL FEATURE;CURVE,LEVEL;PUBLIC VEHICULAR AREA;ONE-WAY,NOT DIVIDED;SMOOTH ASPHALT;WET;DAYLIGHT;CLOUDY;NO CONTROL PRESENT;35.802643366;-78.78298182;-78.7835;35.8036;P032;113;0;0;;;NONE;;NONE;;PASSENGER CAR;PICKUP;;;;NO;604;2016-02-21;5:30:50 PM;2016-02-21T22:30:50+00:00;35.802643366, -78.78298182;2016;No;No;2;NONE;NONE,NONE;NONE,NONE;PASSENGER CAR,PICKUP;PASSENGER CAR,PICKUP;PASSENGER CAR,PICKUP;PASSENGER CAR,PICKUP
21227;10 FEET FROM SR 1615 (HIGH HOUSE RD);FOUR-WAY INTERSECTION;STRAIGHT,LEVEL;STATE SECONDARY ROUTE;TWO-WAY,NOT DIVIDED;SMOOTH ASPHALT;WET;DAYLIGHT;CLOUDY;STOP AND GO SIGNAL;35.791399535;-78.84721906;-78.847491;35.791314;P078;121;0;0;3;;NONE;;NONE;;SPORT UTILITY;PASSENGER CAR;VAN;;;NO;610;2016-02-23;7:27:57 AM;2016-02-23T12:27:57+00:00;35.791399535, -78.84721906;2016;No;No;2;NONE;NONE,NONE;NONE,NONE;SPORT UTILITY,PASSENGER CAR;SPORT UTILITY,PASSENGER CAR,VAN;SPORT UTILITY,PASSENGER CAR,VAN;SPORT UTILITY,PASSENGER CAR,VAN
21229;20 FEET FROM SR 1011 (W CHATHAM ST);NO SPECIAL FEATURE;STRAIGHT,GRADE;STATE SECONDARY ROUTE;TWO-WAY,NOT DIVIDED;SMOOTH ASPHALT;WET;DAYLIGHT;CLOUDY;NO CONTROL PRESENT;35.784425712;-78.79212789;-78.7921;35.7844;P036;114;0;0;;;NONE;;NONE;;SPORT UTILITY;PASSENGER CAR;;;;NO;612;2016-02-23;11:47 AM;2016-02-23T16:47:00+00:00;35.784425712, -78.79212789;2016;No;No;2;NONE;NONE,NONE;NONE,NONE;SPORT UTILITY,PASSENGER CAR;SPORT UTILITY,PASSENGER CAR;SPORT UTILITY,PASSENGER CAR;SPORT UTILITY,PASSENGER CAR
21251;116 FEET FROM P.V.A. (1805 N. HARRISON AVE);DRIVEWAY, PRIVATE;STRAIGHT,LEVEL;PUBLIC VEHICULAR AREA;TWO-WAY,NOT DIVIDED;SMOOTH ASPHALT;DRY;DAYLIGHT;CLEAR;NO CONTROL PRESENT;;;-78.769135;35.829727;;111;0;0;;;NONE;;NONE;;PASSENGER CAR;SPORT UTILITY;;;;NO;634;2016-02-25;10:34 AM;2016-02-25T15:34:00+00:00;;2016;No;No;2;NONE;NONE,NONE;NONE,NONE;PASSENGER CAR,SPORT UTILITY;PASSENGER CAR,SPORT UTILITY;PASSENGER CAR,SPORT UTILITY;PASSENGER CAR,SPORT UTILITY
21252;70 FEET FROM SR 1652 (N HARRISON AV);NO SPECIAL FEATURE;STRAIGHT,LEVEL;STATE SECONDARY ROUTE;TWO-WAY,NOT DIVIDED;SMOOTH ASPHALT;DRY;DAYLIGHT;CLEAR;NO CONTROL PRESENT;35.827442326;-78.77013489;-78.7701;35.8275;P029;111;0;0;;;NONE;;NONE;;VAN;SPORT UTILITY;;;;NO;635;2016-02-25;1:10:01 PM;2016-02-25T18:10:01+00:00;35.827442326, -78.77013489;2016;No;No;2;NONE;NONE,NONE;NONE,NONE;VAN,SPORT UTILITY;VAN,SPORT UTILITY;VAN,SPORT UTILITY;VAN,SPORT UTILITY
21255;145 FEET FROM SR 1653 (EVANS RD);NO SPECIAL FEATURE;STRAIGHT,LEVEL;STATE SECONDARY ROUTE;TWO-WAY,NOT DIVIDED;SMOOTH ASPHALT;DRY;DARK - LIGHTED ROADWAY;CLEAR;NO CONTROL PRESENT;35.811739288;-78.79487902;-78.7951;35.8117;P024;111;0;0;;;NONE;;NONE;;PICKUP;;;;;NO;638;2016-02-25;6:43:19 PM;2016-02-25T23:43:19+00:00;35.811739288, -78.79487902;2016;No;No;2;NONE;NONE,NONE;NONE,NONE;PICKUP;PICKUP;PICKUP;PICKUP
21268;0 FEET FROM SR 1300 (KILDAIRE FARM RD);;;;;;;;;;35.757912985;-78.78301415;-78.783137;35.757896;P027;112;0;0;;;;;;;;;;;;;651;2016-02-24;7:56:35 PM;2016-02-25T00:56:35+00:00;35.757912985, -78.78301415;2016;No;No;2;;;;;;;
21269;CARY;;;;;;;;;;;;;;;;0;0;;;;;;;;;;;;;652;2016-02-23;11:57 PM;2016-02-24T04:57:00+00:00;;2016;No;No;2;;;;;;;
21283;.10 MILES FROM (SR1300) KILDAIRE FARM RD;NO SPECIAL FEATURE;STRAIGHT,LEVEL;STATE SECONDARY ROUTE;TWO-WAY,NOT DIVIDED;SMOOTH ASPHALT;DRY;DAYLIGHT;CLEAR;STOP AND GO SIGNAL;35.736773713;-78.78001031;-78.7794;35.7364;;;0;0;;;;;NONE;;PASSENGER CAR;SPORT UTILITY;;;;NO;666;2016-02-27;11:46 AM;2016-02-27T16:46:00+00:00;35.736773713, -78.78001031;2016;No;No;2;;NONE;NONE;PASSENGER CAR,SPORT UTILITY;PASSENGER CAR,SPORT UTILITY;PASSENGER CAR,SPORT UTILITY;PASSENGER CAR,SPORT UTILITY
21294;25 FEET FROM (PVA) 5801 TRYON RD;DRIVEWAY, PUBLIC;STRAIGHT,GRADE;PUBLIC VEHICULAR AREA;TWO-WAY,NOT DIVIDED;CONCRETE;DRY;DAYLIGHT;CLEAR;NO CONTROL PRESENT;35.745291186;-78.738502;-78.7388;35.7454;;;0;1;5;;;;NONE;;PICKUP;SPORT UTILITY;;;;NO;677;2016-02-28;2:02:38 PM;2016-02-28T19:02:38+00:00;35.745291186, -78.738502;2016;No;Yes;2;;NONE;NONE;PICKUP,SPORT UTILITY;PICKUP,SPORT UTILITY;PICKUP,SPORT UTILITY;PICKUP,SPORT UTILITY