tamainid;location_description;rdfeature;rdcharacter;rdclass;rdconfigur;rdsurface;rdcondition;lightcond;weather;trafcontrl;lat;lon;lon2;lat2;tract;zone;fatality;possblinj;numpassengers;numpedestrians;contrcir1_desc;contrcir2_desc;contrcir3_desc;contrcir4_desc;vehicle1;vehicle2;vehicle3;vehicle4;vehicle5;workarea;records;ta_date;ta_time;crash_date;geo_location;year;fatalities;injuries;month;contrfact1;contrfact2;contributing_factor;vehicleconcat1;vehicleconcat2;vehicleconcat3;vehicle_type
21297;.1 MILES FROM PVA OF 2010 KILDAIRE FARM RD;NO SPECIAL FEATURE;STRAIGHT,LEVEL;PUBLIC VEHICULAR AREA;TWO-WAY,NOT DIVIDED;SMOOTH ASPHALT;DRY;DAYLIGHT;CLEAR;NO CONTROL PRESENT;35.737272276;-78.78216601;-78.7819;35.7372;P053;116;0;0;;;;;NONE;;PASSENGER CAR;PASSENGER CAR;;;;NO;680;2016-02-28;11:35 AM;2016-02-28T16:35:00+00:00;35.737272276, -78.78216601;2016;No;No;2;;NONE;NONE;PASSENGER CAR,PASSENGER CAR;PASSENGER CAR,PASSENGER CAR;PASSENGER CAR,PASSENGER CAR;PASSENGER CAR,PASSENGER CAR
21299;.10 MILES FROM (SR4067) REGENCY PKWY;NO SPECIAL FEATURE;STRAIGHT,LEVEL;LOCAL STREET;TWO-WAY,NOT DIVIDED;COARSE ASPHALT;DRY;DAYLIGHT;CLEAR;NO CONTROL PRESENT;35.732034354;-78.78973239;-78.79;35.73;P053;116;0;1;;;;;NONE;;PICKUP;PASSENGER CAR;;;;NO;682;2016-02-29;9:10:41 AM;2016-02-29T14:10:41+00:00;35.732034354, -78.78973239;2016;No;Yes;2;;NONE;NONE;PICKUP,PASSENGER CAR;PICKUP,PASSENGER CAR;PICKUP,PASSENGER CAR;PICKUP,PASSENGER CAR
21309;.2 MILES FROM PVA;DRIVEWAY, PRIVATE;STRAIGHT,LEVEL;PRIVATE ROAD,DRIVEWAY;TWO-WAY,NOT DIVIDED;SMOOTH ASPHALT;DRY;OTHER *;CLEAR;NO CONTROL PRESENT;;;-78.45571;354727.69;;;0;0;;;NONE;;NONE;;;;;;;NO;692;2016-02-28;2:03:08 PM;2016-02-28T19:03:08+00:00;;2016;No;No;2;NONE;NONE,NONE;NONE,NONE;;;;
21318;.10 MILES FROM ( PVA ) 980 KILDAIRE FARM RD;DRIVEWAY, PUBLIC;STRAIGHT,LEVEL;PUBLIC VEHICULAR AREA;TWO-WAY,NOT DIVIDED;SMOOTH ASPHALT;DRY;DAYLIGHT;CLEAR;NO CONTROL PRESENT;35.772385094;-78.78315023;-78.783;35.7718;;;0;0;;;NONE;;NONE;;PICKUP;PASSENGER CAR;;;;NO;701;2016-03-01;4:27:42 PM;2016-03-01T21:27:42+00:00;35.772385094, -78.78315023;2016;No;No;3;NONE;NONE,NONE;NONE,NONE;PICKUP,PASSENGER CAR;PICKUP,PASSENGER CAR;PICKUP,PASSENGER CAR;PICKUP,PASSENGER CAR
21322;CARY;;;;;;;;;;;;;;;;0;0;;;;;;;PICKUP;PASSENGER CAR;;;;;705;2016-02-16;10:58 PM;2016-02-17T03:58:00+00:00;;2016;No;No;2;;;;PICKUP,PASSENGER CAR;PICKUP,PASSENGER CAR;PICKUP,PASSENGER CAR;PICKUP,PASSENGER CAR
21329;72 FEET FROM SR 1300 KILDAIRE FARM RD;NO SPECIAL FEATURE;CURVE,GRADE;STATE SECONDARY ROUTE;TWO-WAY,NOT DIVIDED;SMOOTH ASPHALT;WET;DARK - LIGHTED ROADWAY;RAIN;NO CONTROL PRESENT;35.778680941;-78.78164275;-78.7816;35.7739;P062;120;0;0;;;;;NONE;;PASSENGER CAR;;;;;NO;712;2016-03-02;1:28:25 AM;2016-03-02T06:28:25+00:00;35.778680941, -78.78164275;2016;No;No;3;;NONE;NONE;PASSENGER CAR;PASSENGER CAR;PASSENGER CAR;PASSENGER CAR
21331;30 FEET FROM S.R. 1010 (TEN TEN RD);RELATED TO INTERSECTION;STRAIGHT,LEVEL;STATE SECONDARY ROUTE;TWO-WAY,DIVIDED,UNPROTECTED MEDIAN;SMOOTH ASPHALT;DRY;DAYLIGHT;CLEAR;STOP AND GO SIGNAL;35.695212916;-78.77222537;-78.7718;35.6949;P049;116;0;0;;;;;NONE;;PASSENGER CAR;PASSENGER CAR;;;;NO;714;2016-03-01;3:17:18 PM;2016-03-01T20:17:18+00:00;35.695212916, -78.77222537;2016;No;No;3;;NONE;NONE;PASSENGER CAR,PASSENGER CAR;PASSENGER CAR,PASSENGER CAR;PASSENGER CAR,PASSENGER CAR;PASSENGER CAR,PASSENGER CAR
21335;.2 MILES FROM COLONADES WAY;NO SPECIAL FEATURE;STRAIGHT,LEVEL;LOCAL STREET;TWO-WAY,NOT DIVIDED;COARSE ASPHALT;DRY;DAYLIGHT;CLEAR;NO CONTROL PRESENT;35.740455929;-78.77600537;-78.778314;35.739663;P053;116;0;1;;;NONE;;NONE;;PASSENGER CAR;PASSENGER CAR;;;;NO;718;2016-02-26;5:10:38 PM;2016-02-26T22:10:38+00:00;35.740455929, -78.77600537;2016;No;Yes;2;NONE;NONE,NONE;NONE,NONE;PASSENGER CAR,PASSENGER CAR;PASSENGER CAR,PASSENGER CAR;PASSENGER CAR,PASSENGER CAR;PASSENGER CAR,PASSENGER CAR
21338;100 FEET FROM SR 1313 (WALNUT ST);NO SPECIAL FEATURE;STRAIGHT,LEVEL;STATE SECONDARY ROUTE;TWO-WAY,NOT DIVIDED;SMOOTH ASPHALT;DRY;DAYLIGHT;CLEAR;NO CONTROL PRESENT;35.763854198;-78.74727397;-78.745423;35.762577;P083;112;0;1;;;;;NONE;;SPORT UTILITY;PASSENGER CAR;;;;CONSTRUCTION WORK AREA;721;2016-03-02;1:04:33 PM;2016-03-02T18:04:33+00:00;35.763854198, -78.74727397;2016;No;Yes;3;;NONE;NONE;SPORT UTILITY,PASSENGER CAR;SPORT UTILITY,PASSENGER CAR;SPORT UTILITY,PASSENGER CAR;SPORT UTILITY,PASSENGER CAR
21341;30 FEET FROM SR 1313 (WALNUT ST);RELATED TO INTERSECTION;STRAIGHT,LEVEL;STATE SECONDARY ROUTE;TWO-WAY,DIVIDED,UNPROTECTED MEDIAN;SMOOTH ASPHALT;DRY;DARK - LIGHTED ROADWAY;CLEAR;STOP AND GO SIGNAL;35.755790897;-78.74144717;-78.741;35.7562;P045;118;0;0;;;NONE;;NONE;;PASSENGER CAR;LIGHT TRUCK (MINI-VAN- PANEL);;;;NO;724;2016-03-02;9:15:50 PM;2016-03-03T02:15:50+00:00;35.755790897, -78.74144717;2016;No;No;3;NONE;NONE,NONE;NONE,NONE;PASSENGER CAR,LIGHT TRUCK (MINI-VAN- PANEL);PASSENGER CAR,LIGHT TRUCK (MINI-VAN- PANEL);PASSENGER CAR,LIGHT TRUCK (MINI-VAN- PANEL);PASSENGER CAR,LIGHT TRUCK (MINI-VAN- PANEL)
21351;CARY;;;;;;;;;;;;;;;;0;0;;;;;;;;;;;;;734;2016-03-02;12:00 AM;2016-03-02T05:00:00+00:00;;2016;No;No;3;;;;;;;
21359;CARY;;;;;;;;;;;;;;;;0;0;;;;;;;;;;;;;742;2016-03-04;3:13:34 PM;2016-03-04T20:13:34+00:00;;2016;No;No;3;;;;;;;
21361;.1 MILES FROM PVA OF 2010 KILDAIRE FARM RD;NO SPECIAL FEATURE;STRAIGHT,LEVEL;PUBLIC VEHICULAR AREA;ONE-WAY,NOT DIVIDED;SMOOTH ASPHALT;DRY;DAYLIGHT;CLEAR;NO CONTROL PRESENT;35.737272276;-78.78216601;-78.7816;35.7366;P053;116;0;0;;;;;NONE;;;PICKUP;;;;NO;744;2016-03-05;3:36:52 PM;2016-03-05T20:36:52+00:00;35.737272276, -78.78216601;2016;No;No;3;;NONE;NONE;PICKUP;PICKUP;PICKUP;PICKUP
21363;200 FEET FROM SR 1315 (BUCK JONES RD);NO SPECIAL FEATURE;STRAIGHT,LEVEL;STATE SECONDARY ROUTE;TWO-WAY,NOT DIVIDED;SMOOTH ASPHALT;DRY;DAYLIGHT;CLEAR;NO CONTROL PRESENT;35.764065191;-78.74339687;-78.7435;35.7645;P083;112;0;1;;;;;NONE;;SPORT UTILITY;PASSENGER CAR;PASSENGER CAR;;;NO;746;2016-03-04;1:44:43 PM;2016-03-04T18:44:43+00:00;35.764065191, -78.74339687;2016;No;Yes;3;;NONE;NONE;SPORT UTILITY,PASSENGER CAR;SPORT UTILITY,PASSENGER CAR,PASSENGER CAR;SPORT UTILITY,PASSENGER CAR,PASSENGER CAR;SPORT UTILITY,PASSENGER CAR,PASSENGER CAR
21367;20 FEET FROM WALKER ST;NO SPECIAL FEATURE;STRAIGHT,GRADE;LOCAL STREET;TWO-WAY,NOT DIVIDED;SMOOTH ASPHALT;DRY;DAYLIGHT;CLEAR;NO CONTROL PRESENT;35.754810525;-78.6412092;-78.779;35.785;P119;RALW;0;2;;;NONE;;NONE;;PASSENGER CAR;SPORT UTILITY;;;;NO;750;2016-03-04;8:52:54 PM;2016-03-05T01:52:54+00:00;35.754810525, -78.6412092;2016;No;Yes;3;NONE;NONE,NONE;NONE,NONE;PASSENGER CAR,SPORT UTILITY;PASSENGER CAR,SPORT UTILITY;PASSENGER CAR,SPORT UTILITY;PASSENGER CAR,SPORT UTILITY
21368;.25 MILES FROM SR 1624 (CARPENTER FIRE STATIO;FOUR-WAY INTERSECTION;STRAIGHT,LEVEL;STATE SECONDARY ROUTE;TWO-WAY,NOT DIVIDED;SMOOTH ASPHALT;DRY;DAYLIGHT;CLEAR;STOP AND GO SIGNAL;35.824173629;-78.87860573;-78.874488;35.823358;P091;WAKE;0;1;;;NONE;;NONE;;PASSENGER CAR;PASSENGER CAR;;;;NO;751;2016-03-04;7:40:01 PM;2016-03-05T00:40:01+00:00;35.824173629, -78.87860573;2016;No;Yes;3;NONE;NONE,NONE;NONE,NONE;PASSENGER CAR,PASSENGER CAR;PASSENGER CAR,PASSENGER CAR;PASSENGER CAR,PASSENGER CAR;PASSENGER CAR,PASSENGER CAR
21369;30 FEET FROM GREEN LEVEL CHURCH RD (SR1600);NO SPECIAL FEATURE;STRAIGHT,LEVEL;STATE SECONDARY ROUTE;TWO-WAY,NOT DIVIDED;SMOOTH ASPHALT;DRY;DARK - LIGHTED ROADWAY;CLEAR;NO CONTROL PRESENT;35.790794139;-78.90155079;-78.9016;35.7904;P077;122;0;0;2;;NONE;;NONE;;PASSENGER CAR;PASSENGER CAR;;;;NO;752;2016-03-04;2:33:11 AM;2016-03-04T07:33:11+00:00;35.790794139, -78.90155079;2016;No;No;3;NONE;NONE,NONE;NONE,NONE;PASSENGER CAR,PASSENGER CAR;PASSENGER CAR,PASSENGER CAR;PASSENGER CAR,PASSENGER CAR;PASSENGER CAR,PASSENGER CAR
21375;100 FEET FROM (SR-1011) E CHATHAM ST;NO SPECIAL FEATURE;STRAIGHT,LEVEL;STATE SECONDARY ROUTE;TWO-WAY,NOT DIVIDED;SMOOTH ASPHALT;DRY;DAYLIGHT;CLEAR;NO CONTROL PRESENT;35.790930462;-78.75628012;-78.756513;35.790972;;;0;0;;;;;NONE;;PASSENGER CAR;PASSENGER CAR;;;;NO;758;2016-03-05;7:46:23 AM;2016-03-05T12:46:23+00:00;35.790930462, -78.75628012;2016;No;No;3;;NONE;NONE;PASSENGER CAR,PASSENGER CAR;PASSENGER CAR,PASSENGER CAR;PASSENGER CAR,PASSENGER CAR;PASSENGER CAR,PASSENGER CAR
21381;285 FEET FROM SR #1313 (WALNUT ST);NO SPECIAL FEATURE;STRAIGHT,LEVEL;STATE SECONDARY ROUTE;TWO-WAY,DIVIDED,POSITIVE MEDIAN BARRIER;SMOOTH ASPHALT;WET;DARK - LIGHTED ROADWAY;CLOUDY;STOP AND GO SIGNAL;35.764318063;-78.74981875;-78.7491;35.7639;P083;112;0;0;2;;NONE;;NONE;;PASSENGER CAR;PASSENGER CAR;;;;NO;764;2016-03-06;2:13:38 AM;2016-03-06T07:13:38+00:00;35.764318063, -78.74981875;2016;No;No;3;NONE;NONE,NONE;NONE,NONE;PASSENGER CAR,PASSENGER CAR;PASSENGER CAR,PASSENGER CAR;PASSENGER CAR,PASSENGER CAR;PASSENGER CAR,PASSENGER CAR
21382;15 FEET FROM 802 E CHATHAM ST;NO SPECIAL FEATURE;STRAIGHT,LEVEL;PUBLIC VEHICULAR AREA;TWO-WAY,NOT DIVIDED;SMOOTH ASPHALT;DRY;DAYLIGHT;CLEAR;;35.790930462;-78.75628012;-78.763346;35.791787;P002;120;0;0;3;;;;NONE;;PASSENGER CAR;SINGLE UNIT TRUCK (2-AXLE- 6-TIRE);;;;NO;765;2016-03-05;3:04:24 PM;2016-03-05T20:04:24+00:00;35.790930462, -78.75628012;2016;No;No;3;;NONE;NONE;PASSENGER CAR,SINGLE UNIT TRUCK (2-AXLE- 6-TIRE);PASSENGER CAR,SINGLE UNIT TRUCK (2-AXLE- 6-TIRE);PASSENGER CAR,SINGLE UNIT TRUCK (2-AXLE- 6-TIRE);PASSENGER CAR,SINGLE UNIT TRUCK (2-AXLE- 6-TIRE)
21384;CARY;NO SPECIAL FEATURE;STRAIGHT,GRADE;PUBLIC VEHICULAR AREA;ONE-WAY,NOT DIVIDED;SMOOTH ASPHALT;DRY;DAYLIGHT;CLOUDY;NO CONTROL PRESENT;35.832147518;-78.76261516;-78.769;35.8296;P087;WAKE;0;0;;;;;NONE;;PASSENGER CAR;PICKUP;;;;NO;767;2016-03-06;10:21 AM;2016-03-06T15:21:00+00:00;35.832147518, -78.76261516;2016;No;No;3;;NONE;NONE;PASSENGER CAR,PICKUP;PASSENGER CAR,PICKUP;PASSENGER CAR,PICKUP;PASSENGER CAR,PICKUP
21386;0.1 MILES FROM SR1615 (HIGH HOUSE RD);NO SPECIAL FEATURE;STRAIGHT,LEVEL;STATE SECONDARY ROUTE;TWO-WAY,NOT DIVIDED;SMOOTH ASPHALT;DRY;DAYLIGHT;CLOUDY;NO CONTROL PRESENT;35.785682976;-78.82150579;-78.8255;35.7868;P065;114;0;0;1;;;;NONE;;PASSENGER CAR;PASSENGER CAR;PASSENGER CAR;;;NO;769;2016-03-06;1:34:50 PM;2016-03-06T18:34:50+00:00;35.785682976, -78.82150579;2016;No;No;3;;NONE;NONE;PASSENGER CAR,PASSENGER CAR;PASSENGER CAR,PASSENGER CAR,PASSENGER CAR;PASSENGER CAR,PASSENGER CAR,PASSENGER CAR;PASSENGER CAR,PASSENGER CAR,PASSENGER CAR
21388;30 FEET FROM SR3977 (SE CARY PKWY);RELATED TO INTERSECTION;STRAIGHT,LEVEL;STATE SECONDARY ROUTE;TWO-WAY,DIVIDED,UNPROTECTED MEDIAN;SMOOTH ASPHALT;DRY;DAYLIGHT;CLEAR;STOP AND GO SIGNAL;35.944639471;-78.56202346;-78.7737;35.7543;P119;RALW;0;0;;;;;NONE;;PASSENGER CAR;VAN;;;;NO;771;2016-03-07;9:23:03 AM;2016-03-07T14:23:03+00:00;35.944639471, -78.56202346;2016;No;No;3;;NONE;NONE;PASSENGER CAR,VAN;PASSENGER CAR,VAN;PASSENGER CAR,VAN;PASSENGER CAR,VAN
21396;CARY;END OR BEGINNING-DIVIDED HIGHWAY;STRAIGHT,LEVEL;STATE SECONDARY ROUTE;TWO-WAY,DIVIDED,POSITIVE MEDIAN BARRIER;SMOOTH ASPHALT;DRY;DAYLIGHT;CLEAR;DOUBLE YELLOW LINE, NO PASSING ZONE;35.80598929;-78.78187679;-78.782982;35.801639;P032;113;0;0;;;NONE;;NONE;;PASSENGER CAR;PASSENGER CAR;;;;NO;779;2016-03-07;12:40 AM;2016-03-07T05:40:00+00:00;35.80598929, -78.78187679;2016;No;No;3;NONE;NONE,NONE;NONE,NONE;PASSENGER CAR,PASSENGER CAR;PASSENGER CAR,PASSENGER CAR;PASSENGER CAR,PASSENGER CAR;PASSENGER CAR,PASSENGER CAR
21404;5 FEET FROM CORNING RD;RELATED TO INTERSECTION;STRAIGHT,LEVEL;LOCAL STREET;TWO-WAY,NOT DIVIDED;SMOOTH ASPHALT;DRY;DAYLIGHT;CLEAR;STOP AND GO SIGNAL;35.754732393;-78.7354044;-78.7353;35.7546;P045;118;0;1;;;NONE;;NONE;;SPORT UTILITY;;;;;NO;787;2016-03-04;1:01:49 PM;2016-03-04T18:01:49+00:00;35.754732393, -78.7354044;2016;No;Yes;3;NONE;NONE,NONE;NONE,NONE;SPORT UTILITY;SPORT UTILITY;SPORT UTILITY;SPORT UTILITY
21407;.1 MILES FROM PVA (1500 EVANS RD);DRIVEWAY, PUBLIC;STRAIGHT,LEVEL;PUBLIC VEHICULAR AREA;TWO-WAY,NOT DIVIDED;SMOOTH ASPHALT;DRY;DAYLIGHT;CLEAR;NO CONTROL PRESENT;35.810407635;-78.79937237;-78.7795;35.781;P023;111;0;0;;;NONE;;NONE;;SPORT UTILITY;PASSENGER CAR;;;;NO;790;2016-03-09;1:00:28 PM;2016-03-09T18:00:28+00:00;35.810407635, -78.79937237;2016;No;No;3;NONE;NONE,NONE;NONE,NONE;SPORT UTILITY,PASSENGER CAR;SPORT UTILITY,PASSENGER CAR;SPORT UTILITY,PASSENGER CAR;SPORT UTILITY,PASSENGER CAR
21408;CARY;NO SPECIAL FEATURE;STRAIGHT,LEVEL;STATE SECONDARY ROUTE;TWO-WAY,NOT DIVIDED;SMOOTH ASPHALT;DRY;DAYLIGHT;CLEAR;NO CONTROL PRESENT;35.862629595;-78.89715519;-78.897157;35.862648;P074;119;0;0;2;;NONE;;NONE;;PASSENGER CAR;VAN;;;;NO;791;2016-03-08;1:27:33 PM;2016-03-08T18:27:33+00:00;35.862629595, -78.89715519;2016;No;No;3;NONE;NONE,NONE;NONE,NONE;PASSENGER CAR,VAN;PASSENGER CAR,VAN;PASSENGER CAR,VAN;PASSENGER CAR,VAN
21412;110 FEET FROM NW CARY PKWY;RELATED TO INTERSECTION;STRAIGHT,GRADE;LOCAL STREET;TWO-WAY,NOT DIVIDED;GROOVED CONCRETE;DRY;DAYLIGHT;CLEAR;NO CONTROL PRESENT;35.820643909;-78.78310091;-78.7826;35.8206;P080;111;0;1;;;NONE;;NONE;;LIGHT TRUCK (MINI-VAN- PANEL);PASSENGER CAR;;;;NO;795;2016-03-09;4:55:56 PM;2016-03-09T21:55:56+00:00;35.820643909, -78.78310091;2016;No;Yes;3;NONE;NONE,NONE;NONE,NONE;LIGHT TRUCK (MINI-VAN- PANEL),PASSENGER CAR;LIGHT TRUCK (MINI-VAN- PANEL),PASSENGER CAR;LIGHT TRUCK (MINI-VAN- PANEL),PASSENGER CAR;LIGHT TRUCK (MINI-VAN- PANEL),PASSENGER CAR
21418;159 FEET FROM P.V.A. (1803 N HARRISON AVE);DRIVEWAY, PRIVATE;STRAIGHT,LEVEL;PUBLIC VEHICULAR AREA;TWO-WAY,NOT DIVIDED;SMOOTH ASPHALT;DRY;DAYLIGHT;CLEAR;NO CONTROL PRESENT;;;-78.770096;35.829211;;111;0;0;;;NONE;;NONE;;SPORT UTILITY;PASSENGER CAR;;;;NO;801;2016-03-10;11:26 AM;2016-03-10T16:26:00+00:00;;2016;No;No;3;NONE;NONE,NONE;NONE,NONE;SPORT UTILITY,PASSENGER CAR;SPORT UTILITY,PASSENGER CAR;SPORT UTILITY,PASSENGER CAR;SPORT UTILITY,PASSENGER CAR
21420;300 FEET FROM SR3977(SW CARY PKWY);NO SPECIAL FEATURE;STRAIGHT,LEVEL;STATE SECONDARY ROUTE;TWO-WAY,DIVIDED,UNPROTECTED MEDIAN;COARSE ASPHALT;DRY;DAYLIGHT;CLEAR;NO CONTROL PRESENT;35.775958549;-78.83782288;-78.83;35.78;P066;117;0;0;2;;NONE;;NONE;;PASSENGER CAR;SPORT UTILITY;;;;NO;803;2016-03-10;5:01:13 PM;2016-03-10T22:01:13+00:00;35.775958549, -78.83782288;2016;No;No;3;NONE;NONE,NONE;NONE,NONE;PASSENGER CAR,SPORT UTILITY;PASSENGER CAR,SPORT UTILITY;PASSENGER CAR,SPORT UTILITY;PASSENGER CAR,SPORT UTILITY
21423;200 FEET FROM P.V.A. (CARY HIGH SCHOOL);NO SPECIAL FEATURE;STRAIGHT,LEVEL;PUBLIC VEHICULAR AREA;TWO-WAY,NOT DIVIDED;SMOOTH ASPHALT;DRY;DAYLIGHT;CLEAR;NO CONTROL PRESENT;35.771529213;-78.76602719;-78.7655;35.7729;P062;120;0;0;;;NONE;;NONE;;PASSENGER CAR;SPORT UTILITY;;;;NO;806;2016-03-10;3:08:05 PM;2016-03-10T20:08:05+00:00;35.771529213, -78.76602719;2016;No;No;3;NONE;NONE,NONE;NONE,NONE;PASSENGER CAR,SPORT UTILITY;PASSENGER CAR,SPORT UTILITY;PASSENGER CAR,SPORT UTILITY;PASSENGER CAR,SPORT UTILITY
21437;0 FEET FROM SR 1300 (KILDAIRE FARM RD);FOUR-WAY INTERSECTION;STRAIGHT,LEVEL;STATE SECONDARY ROUTE;TWO-WAY,DIVIDED,UNPROTECTED MEDIAN;SMOOTH ASPHALT;DRY;DAYLIGHT;CLEAR;STOP AND GO SIGNAL;;;-78.7943;35.7032;;116;0;4;2;;NONE;;NONE;;PICKUP;PASSENGER CAR;;;;NO;820;2016-03-09;5:15:16 PM;2016-03-09T22:15:16+00:00;;2016;No;Yes;3;NONE;NONE,NONE;NONE,NONE;PICKUP,PASSENGER CAR;PICKUP,PASSENGER CAR;PICKUP,PASSENGER CAR;PICKUP,PASSENGER CAR
21439;120 FEET FROM P.V.A. (270 GRANDE HEIGHTS DR);NO SPECIAL FEATURE;STRAIGHT,LEVEL;PUBLIC VEHICULAR AREA;TWO-WAY,NOT DIVIDED;SMOOTH ASPHALT;DRY;DAYLIGHT;CLEAR;NO CONTROL PRESENT;35.804715662;-78.78056828;-747884.94;2065064.88;P032;113;0;0;;;NONE;;NONE;;PASSENGER CAR;PASSENGER CAR;;;;NO;822;2016-03-11;4:40:12 PM;2016-03-11T21:40:12+00:00;35.804715662, -78.78056828;2016;No;No;3;NONE;NONE,NONE;NONE,NONE;PASSENGER CAR,PASSENGER CAR;PASSENGER CAR,PASSENGER CAR;PASSENGER CAR,PASSENGER CAR;PASSENGER CAR,PASSENGER CAR
21440;CARY;T-INTERSECTION;STRAIGHT,LEVEL;STATE SECONDARY ROUTE;TWO-WAY,DIVIDED,POSITIVE MEDIAN BARRIER;SMOOTH ASPHALT;DRY;DAYLIGHT;CLEAR;STOP AND GO SIGNAL;35.7836951;-78.80576593;-78.847;35.7913;P026;114;0;0;2;;NONE;;NONE;;PASSENGER CAR;PASSENGER CAR;;;;NO;823;2016-03-12;2:55:32 PM;2016-03-12T19:55:32+00:00;35.7836951, -78.80576593;2016;No;No;3;NONE;NONE,NONE;NONE,NONE;PASSENGER CAR,PASSENGER CAR;PASSENGER CAR,PASSENGER CAR;PASSENGER CAR,PASSENGER CAR;PASSENGER CAR,PASSENGER CAR
21442;CARY;FOUR-WAY INTERSECTION;STRAIGHT,LEVEL;STATE SECONDARY ROUTE;TWO-WAY,DIVIDED,UNPROTECTED MEDIAN;SMOOTH ASPHALT;DRY;DAYLIGHT;CLEAR;STOP AND GO SIGNAL;35.802614562;-78.7830055;-78.7807;35.8025;P032;113;0;2;;;NONE;;NONE;;PASSENGER CAR;PASSENGER CAR;;;;NO;825;2016-03-13;3:20:57 PM;2016-03-13T19:20:57+00:00;35.802614562, -78.7830055;2016;No;Yes;3;NONE;NONE,NONE;NONE,NONE;PASSENGER CAR,PASSENGER CAR;PASSENGER CAR,PASSENGER CAR;PASSENGER CAR,PASSENGER CAR;PASSENGER CAR,PASSENGER CAR
21450;40 FEET FROM SR 1652 (N HARRISON AV);RELATED TO INTERSECTION;STRAIGHT,LEVEL;STATE SECONDARY ROUTE;TWO-WAY,NOT DIVIDED;SMOOTH ASPHALT;DRY;DAYLIGHT;CLEAR;STOP AND GO SIGNAL;35.83150727;-78.76325125;-78.762;35.8323;P029;111;0;0;;;NONE;;NONE;;PASSENGER CAR;SPORT UTILITY;;;;NO;833;2016-03-11;6:42:58 PM;2016-03-11T23:42:58+00:00;35.83150727, -78.76325125;2016;No;No;3;NONE;NONE,NONE;NONE,NONE;PASSENGER CAR,SPORT UTILITY;PASSENGER CAR,SPORT UTILITY;PASSENGER CAR,SPORT UTILITY;PASSENGER CAR,SPORT UTILITY
21451;20 FEET FROM SR#1300 (KILDAIRE FARM ROAD);DRIVEWAY, PUBLIC;STRAIGHT,LEVEL;STATE SECONDARY ROUTE;TWO-WAY,DIVIDED,POSITIVE MEDIAN BARRIER;SMOOTH ASPHALT;DRY;DAYLIGHT;CLEAR;STOP SIGN;35.704248428;-78.79455807;-78.7945;35.7043;P052;116;0;0;;;;;NONE;;PICKUP;PICKUP;;;;NO;834;2016-03-11;5:56:46 PM;2016-03-11T22:56:46+00:00;35.704248428, -78.79455807;2016;No;No;3;;NONE;NONE;PICKUP,PICKUP;PICKUP,PICKUP;PICKUP,PICKUP;PICKUP,PICKUP
21454;0 FEET FROM SR 1615 (HIGH HOUSE RD);T-INTERSECTION;STRAIGHT,LEVEL;STATE SECONDARY ROUTE;TWO-WAY,NOT DIVIDED;SMOOTH ASPHALT;DRY;DAYLIGHT;CLEAR;NO CONTROL PRESENT;35.785682976;-78.82150579;-78.821595;35.78563;P065;114;0;0;;;NONE;;NONE;;PASSENGER CAR;SPORT UTILITY;;;;NO;837;2016-03-05;3:13:32 PM;2016-03-05T20:13:32+00:00;35.785682976, -78.82150579;2016;No;No;3;NONE;NONE,NONE;NONE,NONE;PASSENGER CAR,SPORT UTILITY;PASSENGER CAR,SPORT UTILITY;PASSENGER CAR,SPORT UTILITY;PASSENGER CAR,SPORT UTILITY
21455;14 FEET FROM GREGORY DR;NO SPECIAL FEATURE;CURVE,LEVEL;LOCAL STREET;TWO-WAY,NOT DIVIDED;SMOOTH ASPHALT;DRY;DARK - LIGHTED ROADWAY;CLEAR;NO CONTROL PRESENT;35.805023452;-78.77497034;-78.7748;35.805;P030;113;0;0;;;;;NONE;;PASSENGER CAR;PASSENGER CAR;;;;NO;838;2016-03-12;4:25:29 AM;2016-03-12T09:25:29+00:00;35.805023452, -78.77497034;2016;No;No;3;;NONE;NONE;PASSENGER CAR,PASSENGER CAR;PASSENGER CAR,PASSENGER CAR;PASSENGER CAR,PASSENGER CAR;PASSENGER CAR,PASSENGER CAR
21456;.17 MILES FROM SR-1313 (WALNUT ST);FOUR-WAY INTERSECTION;STRAIGHT,LEVEL;STATE SECONDARY ROUTE;TWO-WAY,DIVIDED,UNPROTECTED MEDIAN;SMOOTH ASPHALT;DRY;DAYLIGHT;CLEAR;STOP AND GO SIGNAL;;;-78.7403;35.753;;;0;0;2;;;;NONE;;PASSENGER CAR;PASSENGER CAR;;;;NO;839;2016-03-12;3:10:09 PM;2016-03-12T20:10:09+00:00;;2016;No;No;3;;NONE;NONE;PASSENGER CAR,PASSENGER CAR;PASSENGER CAR,PASSENGER CAR;PASSENGER CAR,PASSENGER CAR;PASSENGER CAR,PASSENGER CAR
21463;30 FEET FROM P.V.A.(750 E CHATHAM ST);DRIVEWAY, PUBLIC;STRAIGHT,LEVEL;PUBLIC VEHICULAR AREA;TWO-WAY,NOT DIVIDED;SMOOTH ASPHALT;DRY;DUSK;CLEAR;NO CONTROL PRESENT;35.791357889;-78.76487985;-78.7645;35.7918;P056;120;0;0;;;NONE;;NONE;;SPORT UTILITY;PASSENGER CAR;;;;NO;846;2016-03-13;8:46:15 PM;2016-03-14T00:46:15+00:00;35.791357889, -78.76487985;2016;No;No;3;NONE;NONE,NONE;NONE,NONE;SPORT UTILITY,PASSENGER CAR;SPORT UTILITY,PASSENGER CAR;SPORT UTILITY,PASSENGER CAR;SPORT UTILITY,PASSENGER CAR