tamainid;location_description;rdfeature;rdcharacter;rdclass;rdconfigur;rdsurface;rdcondition;lightcond;weather;trafcontrl;lat;lon;lon2;lat2;tract;zone;fatality;possblinj;numpassengers;numpedestrians;contrcir1_desc;contrcir2_desc;contrcir3_desc;contrcir4_desc;vehicle1;vehicle2;vehicle3;vehicle4;vehicle5;workarea;records;ta_date;ta_time;crash_date;geo_location;year;fatalities;injuries;month;contrfact1;contrfact2;contributing_factor;vehicleconcat1;vehicleconcat2;vehicleconcat3;vehicle_type
21470;20 FEET FROM PVA 986 HIGH HOUSE RD;NO SPECIAL FEATURE;STRAIGHT,LEVEL;PUBLIC VEHICULAR AREA;TWO-WAY,NOT DIVIDED;SMOOTH ASPHALT;DRY;DAYLIGHT;CLEAR;STOP SIGN;;;-78.827;35.7896;;;0;0;;;NONE;;NONE;;SPORT UTILITY;PASSENGER CAR;;;;NO;853;2016-03-11;12:30 PM;2016-03-11T17:30:00+00:00;;2016;No;No;3;NONE;NONE,NONE;NONE,NONE;SPORT UTILITY,PASSENGER CAR;SPORT UTILITY,PASSENGER CAR;SPORT UTILITY,PASSENGER CAR;SPORT UTILITY,PASSENGER CAR
21474;25 FEET FROM SR 1313 (WALNUT ST);NO SPECIAL FEATURE;STRAIGHT,LEVEL;STATE SECONDARY ROUTE;TWO-WAY,NOT DIVIDED;SMOOTH ASPHALT;DRY;DAYLIGHT;CLOUDY;NO CONTROL PRESENT;35.774885371;-78.79942716;-78.7714;35.778;P036;114;0;0;1;;NONE;;NONE;;PASSENGER CAR;PASSENGER CAR;;;;NO;857;2016-03-14;2:47:51 PM;2016-03-14T18:47:51+00:00;35.774885371, -78.79942716;2016;No;No;3;NONE;NONE,NONE;NONE,NONE;PASSENGER CAR,PASSENGER CAR;PASSENGER CAR,PASSENGER CAR;PASSENGER CAR,PASSENGER CAR;PASSENGER CAR,PASSENGER CAR
21481;CARY;NO SPECIAL FEATURE;STRAIGHT,LEVEL;LOCAL STREET;TWO-WAY,NOT DIVIDED;SMOOTH ASPHALT;DRY;DUSK;CLEAR;NO CONTROL PRESENT;35.791036893;-78.8096783;-78.8102;35.7914;;;0;0;2;;NONE;;NONE;;PASSENGER CAR;;;;;NO;864;2016-03-14;7:11:22 PM;2016-03-14T23:11:22+00:00;35.791036893, -78.8096783;2016;No;No;3;NONE;NONE,NONE;NONE,NONE;PASSENGER CAR;PASSENGER CAR;PASSENGER CAR;PASSENGER CAR
21486;300 FEET FROM SR 1009 (TRYON RD);NO SPECIAL FEATURE;STRAIGHT,LEVEL;STATE SECONDARY ROUTE;TWO-WAY,DIVIDED,UNPROTECTED MEDIAN;SMOOTH ASPHALT;DRY;DAYLIGHT;CLEAR;NO CONTROL PRESENT;;;-78.739554;35.745615;;;0;1;;;;;NONE;;PASSENGER CAR;SPORT UTILITY;;;;NO;869;2016-03-15;4:36:39 PM;2016-03-15T20:36:39+00:00;;2016;No;Yes;3;;NONE;NONE;PASSENGER CAR,SPORT UTILITY;PASSENGER CAR,SPORT UTILITY;PASSENGER CAR,SPORT UTILITY;PASSENGER CAR,SPORT UTILITY
21488;.5 MILES FROM U.S. 1 HWY;NO SPECIAL FEATURE;STRAIGHT,LEVEL;US ROUTE;TWO-WAY,DIVIDED,POSITIVE MEDIAN BARRIER;CONCRETE;DRY;DAYLIGHT;CLEAR;NO CONTROL PRESENT;;;-78.7561;35.7569;;;0;3;3;;;;NONE;;PASSENGER CAR;PASSENGER CAR;PASSENGER CAR;;;NO;871;2016-03-15;6:21:09 PM;2016-03-15T22:21:09+00:00;;2016;No;Yes;3;;NONE;NONE;PASSENGER CAR,PASSENGER CAR;PASSENGER CAR,PASSENGER CAR,PASSENGER CAR;PASSENGER CAR,PASSENGER CAR,PASSENGER CAR;PASSENGER CAR,PASSENGER CAR,PASSENGER CAR
21492;400 FEET FROM TOMS CREEK RD;NO SPECIAL FEATURE;STRAIGHT,LEVEL;LOCAL STREET;TWO-WAY,NOT DIVIDED;SMOOTH ASPHALT;DRY;DAYLIGHT;CLEAR;NO CONTROL PRESENT;35.823532324;-78.92398588;-78.9225;35.8235;P123;119;0;0;;;NONE;;NONE;;PICKUP;SPORT UTILITY;;;;NO;875;2016-03-16;10:01 AM;2016-03-16T14:01:00+00:00;35.823532324, -78.92398588;2016;No;No;3;NONE;NONE,NONE;NONE,NONE;PICKUP,SPORT UTILITY;PICKUP,SPORT UTILITY;PICKUP,SPORT UTILITY;PICKUP,SPORT UTILITY
21494;50 FEET FROM (SR1628) O`KELLY CHAPEL RD;FOUR-WAY INTERSECTION;STRAIGHT,LEVEL;STATE SECONDARY ROUTE;TWO-WAY,DIVIDED,UNPROTECTED MEDIAN;SMOOTH ASPHALT;DRY;DAYLIGHT;CLEAR;STOP AND GO SIGNAL;35.842192614;-78.89989354;-78.9004;35.8421;;;0;0;;;NONE;;NONE;;SPORT UTILITY;PASSENGER CAR;SPORT UTILITY;;;CONSTRUCTION WORK AREA;877;2016-03-16;7:40:16 AM;2016-03-16T11:40:16+00:00;35.842192614, -78.89989354;2016;No;No;3;NONE;NONE,NONE;NONE,NONE;SPORT UTILITY,PASSENGER CAR;SPORT UTILITY,PASSENGER CAR,SPORT UTILITY;SPORT UTILITY,PASSENGER CAR,SPORT UTILITY;SPORT UTILITY,PASSENGER CAR,SPORT UTILITY
21501;20 FEET FROM SR 3127 (MCCRIMMON PKWY);FOUR-WAY INTERSECTION;STRAIGHT,HILLCREST;STATE SECONDARY ROUTE;TWO-WAY,DIVIDED,UNPROTECTED MEDIAN;COARSE ASPHALT;DRY;DAYLIGHT;CLEAR;STOP AND GO SIGNAL;35.829176016;-78.9003444;-78.9001;35.829;P016;119;0;0;;;;;NONE;;;;;;;NO;884;2016-03-14;4:22:06 PM;2016-03-14T20:22:06+00:00;35.829176016, -78.9003444;2016;No;No;3;;NONE;NONE;;;;
21503;25 FEET FROM SR 1009 (TRYON RD);RELATED TO INTERSECTION;STRAIGHT,LEVEL;STATE SECONDARY ROUTE;TWO-WAY,DIVIDED,UNPROTECTED MEDIAN;SMOOTH ASPHALT;DRY;DAYLIGHT;CLEAR;STOP AND GO SIGNAL;;;-78.794393;35.737819;;;0;0;;;;;NONE;;PASSENGER CAR;PASSENGER CAR;;;;NO;886;2016-03-16;4:16:11 PM;2016-03-16T20:16:11+00:00;;2016;No;No;3;;NONE;NONE;PASSENGER CAR,PASSENGER CAR;PASSENGER CAR,PASSENGER CAR;PASSENGER CAR,PASSENGER CAR;PASSENGER CAR,PASSENGER CAR
21507;0 FEET FROM SR 3112 (NW CARY PKWY);T-INTERSECTION;STRAIGHT,GRADE;STATE SECONDARY ROUTE;TWO-WAY,DIVIDED,UNPROTECTED MEDIAN;SMOOTH ASPHALT;DRY;DAYLIGHT;CLEAR;STOP SIGN;;;-78.80608;35.813166;;;0;0;;;NONE;;NONE;;PASSENGER CAR;PASSENGER CAR;;;;NO;889;2016-03-17;9:57:40 AM;2016-03-17T13:57:40+00:00;;2016;No;No;3;NONE;NONE,NONE;NONE,NONE;PASSENGER CAR,PASSENGER CAR;PASSENGER CAR,PASSENGER CAR;PASSENGER CAR,PASSENGER CAR;PASSENGER CAR,PASSENGER CAR
21511;.1 MILES FROM S.R. 1152 (HOLLY SPRINGS RD);NO SPECIAL FEATURE;STRAIGHT,LEVEL;STATE SECONDARY ROUTE;TWO-WAY,NOT DIVIDED;SMOOTH ASPHALT;DRY;DAYLIGHT;CLEAR;NO CONTROL PRESENT;;;-78.741;35.7437;;;0;0;1;;;;NONE;;PASSENGER CAR;PASSENGER CAR;;;;NO;893;2016-03-17;3:28:27 PM;2016-03-17T19:28:27+00:00;;2016;No;No;3;;NONE;NONE;PASSENGER CAR,PASSENGER CAR;PASSENGER CAR,PASSENGER CAR;PASSENGER CAR,PASSENGER CAR;PASSENGER CAR,PASSENGER CAR
21514;.2 MILES FROM SR 1613 (DAVIS DR);RELATED TO INTERSECTION;STRAIGHT,GRADE;STATE SECONDARY ROUTE;TWO-WAY,DIVIDED,UNPROTECTED MEDIAN;SMOOTH ASPHALT;DRY;DAYLIGHT;CLEAR;STOP AND GO SIGNAL;35.792704839;-78.84709564;-78.8476;35.7945;P078;121;0;2;2;;NONE;;NONE;;PASSENGER CAR;PASSENGER CAR;VAN;PASSENGER CAR;;NO;896;2016-03-16;5:35:15 PM;2016-03-16T21:35:15+00:00;35.792704839, -78.84709564;2016;No;Yes;3;NONE;NONE,NONE;NONE,NONE;PASSENGER CAR,PASSENGER CAR;PASSENGER CAR,PASSENGER CAR,VAN;PASSENGER CAR,PASSENGER CAR,VAN,PASSENGER CAR;PASSENGER CAR,PASSENGER CAR,VAN,PASSENGER CAR
21532;65 FEET FROM P.V.A. (1387 SE MAYNARD RD);NO SPECIAL FEATURE;STRAIGHT,LEVEL;PUBLIC VEHICULAR AREA;TWO-WAY,NOT DIVIDED;SMOOTH ASPHALT;DRY;DAYLIGHT;CLEAR;NO CONTROL PRESENT;35.788779029;-78.7644258;-78.76419;35.7884;P056;120;0;0;1;;NONE;;NONE;;PASSENGER CAR;PASSENGER CAR;;;;NO;914;2016-03-18;1:39:45 PM;2016-03-18T17:39:45+00:00;35.788779029, -78.7644258;2016;No;No;3;NONE;NONE,NONE;NONE,NONE;PASSENGER CAR,PASSENGER CAR;PASSENGER CAR,PASSENGER CAR;PASSENGER CAR,PASSENGER CAR;PASSENGER CAR,PASSENGER CAR
21533;25 FEET FROM COLONDADES WAY;T-INTERSECTION;STRAIGHT,GRADE;LOCAL STREET;TWO-WAY,DIVIDED,POSITIVE MEDIAN BARRIER;SMOOTH ASPHALT;DRY;DAYLIGHT;CLEAR;STOP SIGN;35.737890376;-78.77946603;-78.79628;35.737785;P053;116;0;0;1;;;;NONE;;PASSENGER CAR;PASSENGER CAR;;;;NO;915;2016-03-18;2:14:25 PM;2016-03-18T18:14:25+00:00;35.737890376, -78.77946603;2016;No;No;3;;NONE;NONE;PASSENGER CAR,PASSENGER CAR;PASSENGER CAR,PASSENGER CAR;PASSENGER CAR,PASSENGER CAR;PASSENGER CAR,PASSENGER CAR
21536;200 FEET FROM DOWNING FORREST PL;NO SPECIAL FEATURE;STRAIGHT,LEVEL;LOCAL STREET;TWO-WAY,NOT DIVIDED;SMOOTH ASPHALT;DRY;DAYLIGHT;CLEAR;NO CONTROL PRESENT;;;-78.867857;35.775214;;;0;1;;;NONE;;NONE;;SPORT UTILITY;;;;;NO;918;2016-03-14;7:01:33 PM;2016-03-14T23:01:33+00:00;;2016;No;Yes;3;NONE;NONE,NONE;NONE,NONE;SPORT UTILITY;SPORT UTILITY;SPORT UTILITY;SPORT UTILITY
21541;.29 MILES FROM US 1 EXIT 98 RAMP SB;OFF-RAMP PROPER;CURVE,GRADE;STATE SECONDARY ROUTE;ONE-WAY,NOT DIVIDED;SMOOTH ASPHALT;DRY;DAYLIGHT;CLEAR;STOP AND GO SIGNAL;35.739288861;-78.78940012;-78.7949;35.738;P042;115;0;0;;;NONE;;NONE;;PASSENGER CAR;PASSENGER CAR;;;;NO;923;2016-03-19;2:35:51 PM;2016-03-19T18:35:51+00:00;35.739288861, -78.78940012;2016;No;No;3;NONE;NONE,NONE;NONE,NONE;PASSENGER CAR,PASSENGER CAR;PASSENGER CAR,PASSENGER CAR;PASSENGER CAR,PASSENGER CAR;PASSENGER CAR,PASSENGER CAR
21542;30 FEET FROM US 64 HWY;NO SPECIAL FEATURE;STRAIGHT,LEVEL;US ROUTE;TWO-WAY,DIVIDED,UNPROTECTED MEDIAN;SMOOTH ASPHALT;DRY;DARK - LIGHTED ROADWAY;CLOUDY;STOP AND GO SIGNAL;35.737208864;-78.79086044;-78.7965;35.7383;P042;115;0;0;1;;;;NONE;;PASSENGER CAR;SPORT UTILITY;;;;NO;924;2016-03-19;9:23:41 PM;2016-03-20T01:23:41+00:00;35.737208864, -78.79086044;2016;No;No;3;;NONE;NONE;PASSENGER CAR,SPORT UTILITY;PASSENGER CAR,SPORT UTILITY;PASSENGER CAR,SPORT UTILITY;PASSENGER CAR,SPORT UTILITY
21544;340 FEET FROM CARMICHAEL CT;NO SPECIAL FEATURE;STRAIGHT,LEVEL;LOCAL STREET;TWO-WAY,NOT DIVIDED;SMOOTH ASPHALT;WET;DAWN;CLOUDY;NO CONTROL PRESENT;35.757328913;-78.7932213;-78.7922;35.7578;P006;115;0;0;1;;NONE;;NONE;;PASSENGER CAR;;;;;NO;926;2016-03-20;8:13:15 AM;2016-03-20T12:13:15+00:00;35.757328913, -78.7932213;2016;No;No;3;NONE;NONE,NONE;NONE,NONE;PASSENGER CAR;PASSENGER CAR;PASSENGER CAR;PASSENGER CAR
21546;CARY;NO SPECIAL FEATURE;STRAIGHT,LEVEL;STATE SECONDARY ROUTE;TWO-WAY,DIVIDED,UNPROTECTED MEDIAN;SMOOTH ASPHALT;DRY;DAYLIGHT;CLEAR;STOP AND GO SIGNAL;35.824548612;-78.86381944;-78.8638;35.8245;;;0;0;2;;NONE;;NONE;;PASSENGER CAR;PASSENGER CAR;;;;NO;928;2016-03-20;9:04:04 AM;2016-03-20T13:04:04+00:00;35.824548612, -78.86381944;2016;No;No;3;NONE;NONE,NONE;NONE,NONE;PASSENGER CAR,PASSENGER CAR;PASSENGER CAR,PASSENGER CAR;PASSENGER CAR,PASSENGER CAR;PASSENGER CAR,PASSENGER CAR
21554;CARY;OFF-RAMP TERMINAL ON CROSSROAD;STRAIGHT,LEVEL;STATE SECONDARY ROUTE;TWO-WAY,DIVIDED,UNPROTECTED MEDIAN;SMOOTH ASPHALT;DRY;DAYLIGHT;CLOUDY;STOP SIGN;;;-78.7449;35.7631;;;0;1;5;;NONE;;NONE;;PICKUP;VAN;;;;NO;936;2016-03-20;1:41:00 PM;2016-03-20T17:41:00+00:00;;2016;No;Yes;3;NONE;NONE,NONE;NONE,NONE;PICKUP,VAN;PICKUP,VAN;PICKUP,VAN;PICKUP,VAN
21558;110 FEET FROM HARRISON OAKS BLVD;RELATED TO INTERSECTION;STRAIGHT,GRADE;LOCAL STREET;TWO-WAY,DIVIDED,POSITIVE MEDIAN BARRIER;SMOOTH ASPHALT;DRY;DAYLIGHT;CLEAR;NO CONTROL PRESENT;;;-78.768;35.8309;;;0;0;;;NONE;;NONE;;PASSENGER CAR;PASSENGER CAR;;;;NO;940;2016-03-21;12:38 PM;2016-03-21T16:38:00+00:00;;2016;No;No;3;NONE;NONE,NONE;NONE,NONE;PASSENGER CAR,PASSENGER CAR;PASSENGER CAR,PASSENGER CAR;PASSENGER CAR,PASSENGER CAR;PASSENGER CAR,PASSENGER CAR
21559;40 FEET FROM 1807 N HARRISON AVE;NO SPECIAL FEATURE;STRAIGHT,LEVEL;PUBLIC VEHICULAR AREA;TWO-WAY,NOT DIVIDED;CONCRETE;DRY;DAYLIGHT;CLEAR;NO CONTROL PRESENT;;;-78.7684;35.8301;;;0;0;1;;NONE;;NONE;;PICKUP;PASSENGER CAR;;;;NO;941;2016-03-21;7:01:08 AM;2016-03-21T11:01:08+00:00;;2016;No;No;3;NONE;NONE,NONE;NONE,NONE;PICKUP,PASSENGER CAR;PICKUP,PASSENGER CAR;PICKUP,PASSENGER CAR;PICKUP,PASSENGER CAR
21560;CARY;T-INTERSECTION;CURVE,GRADE;LOCAL STREET;TWO-WAY,DIVIDED,UNPROTECTED MEDIAN;COARSE ASPHALT;DRY;DAYLIGHT;CLEAR;NO CONTROL PRESENT;35.817917149;-78.7918061;-78.7918;35.8176;P022;111;0;0;;;;;NONE;;PASSENGER CAR;PASSENGER CAR;;;;NO;942;2016-03-21;5:44:25 PM;2016-03-21T21:44:25+00:00;35.817917149, -78.7918061;2016;No;No;3;;NONE;NONE;PASSENGER CAR,PASSENGER CAR;PASSENGER CAR,PASSENGER CAR;PASSENGER CAR,PASSENGER CAR;PASSENGER CAR,PASSENGER CAR
21568;0 FEET FROM SR 1628 (OKELLY CHAPEL RD);FOUR-WAY INTERSECTION;STRAIGHT,LEVEL;STATE SECONDARY ROUTE;TWO-WAY,NOT DIVIDED;SMOOTH ASPHALT;DRY;DAYLIGHT;CLEAR;STOP SIGN;;;-78.9097;35.8429;;;0;2;2;;;;NONE;;PICKUP;PASSENGER CAR;;;;NO;950;2016-03-18;10:04 PM;2016-03-19T02:04:00+00:00;;2016;No;Yes;3;;NONE;NONE;PICKUP,PASSENGER CAR;PICKUP,PASSENGER CAR;PICKUP,PASSENGER CAR;PICKUP,PASSENGER CAR
21569;108 FEET FROM SR 3081 (CHAPEL HILL RD);NO SPECIAL FEATURE;STRAIGHT,LEVEL;STATE SECONDARY ROUTE;TWO-WAY,NOT DIVIDED;SMOOTH ASPHALT;DRY;DAYLIGHT;CLEAR;NO CONTROL PRESENT;35.791811514;-78.77606084;-78.77649;35.791728;P033;113;0;0;2;;NONE;;NONE;;PASSENGER CAR;PICKUP;SPORT UTILITY;;;NO;951;2016-03-18;5:57:24 AM;2016-03-18T09:57:24+00:00;35.791811514, -78.77606084;2016;No;No;3;NONE;NONE,NONE;NONE,NONE;PASSENGER CAR,PICKUP;PASSENGER CAR,PICKUP,SPORT UTILITY;PASSENGER CAR,PICKUP,SPORT UTILITY;PASSENGER CAR,PICKUP,SPORT UTILITY
21580;150 FEET FROM PVA 1255 CRESENT GREEN DRIVE;NO SPECIAL FEATURE;STRAIGHT,GRADE;PUBLIC VEHICULAR AREA;TWO-WAY,NOT DIVIDED;SMOOTH ASPHALT;DRY;DAYLIGHT;CLEAR;NO CONTROL PRESENT;;;-78.784122;35.73221;;;0;0;;;;;NONE;;SPORT UTILITY;PASSENGER CAR;;;;NO;962;2016-03-22;12:31 PM;2016-03-22T16:31:00+00:00;;2016;No;No;3;;NONE;NONE;SPORT UTILITY,PASSENGER CAR;SPORT UTILITY,PASSENGER CAR;SPORT UTILITY,PASSENGER CAR;SPORT UTILITY,PASSENGER CAR
21602;0 FEET FROM SR 1009 (TRYON RD);FOUR-WAY INTERSECTION;STRAIGHT,LEVEL;STATE SECONDARY ROUTE;TWO-WAY,DIVIDED,UNPROTECTED MEDIAN;SMOOTH ASPHALT;DRY;DARK - LIGHTED ROADWAY;CLEAR;STOP AND GO SIGNAL;35.74564363;-78.7376786;-78.7377;35.7456;P046;118;0;0;;;NONE;;NONE;;PICKUP;PASSENGER CAR;;;;NO;984;2016-03-23;8:43:44 PM;2016-03-24T00:43:44+00:00;35.74564363, -78.7376786;2016;No;No;3;NONE;NONE,NONE;NONE,NONE;PICKUP,PASSENGER CAR;PICKUP,PASSENGER CAR;PICKUP,PASSENGER CAR;PICKUP,PASSENGER CAR
21603;50 FEET FROM HWY 64;RELATED TO INTERSECTION;STRAIGHT,LEVEL;US ROUTE;TWO-WAY,DIVIDED,UNPROTECTED MEDIAN;SMOOTH ASPHALT;DRY;DAYLIGHT;CLEAR;STOP AND GO SIGNAL;35.740491875;-78.78498756;-78.794;35.737;P044;115;0;0;;;;;NONE;;PASSENGER CAR;PASSENGER CAR;;;;NO;985;2016-03-24;8:42:58 AM;2016-03-24T12:42:58+00:00;35.740491875, -78.78498756;2016;No;No;3;;NONE;NONE;PASSENGER CAR,PASSENGER CAR;PASSENGER CAR,PASSENGER CAR;PASSENGER CAR,PASSENGER CAR;PASSENGER CAR,PASSENGER CAR
21617;5 FEET FROM (SR-1415) SE MAYNARD RD;NO SPECIAL FEATURE;STRAIGHT,LEVEL;STATE SECONDARY ROUTE;TWO-WAY,NOT DIVIDED;SMOOTH ASPHALT;WET;DARK - LIGHTED ROADWAY;RAIN;STOP AND GO SIGNAL;;;-78.764041;35.772407;;;0;0;3;;;;NONE;;PASSENGER CAR;PASSENGER CAR;;;;NO;999;2016-03-27;8:53:01 PM;2016-03-28T00:53:01+00:00;;2016;No;No;3;;NONE;NONE;PASSENGER CAR,PASSENGER CAR;PASSENGER CAR,PASSENGER CAR;PASSENGER CAR,PASSENGER CAR;PASSENGER CAR,PASSENGER CAR
21640;375 FEET FROM BRANNIFF DR;NO SPECIAL FEATURE;STRAIGHT,LEVEL;LOCAL STREET;TWO-WAY,NOT DIVIDED;SMOOTH ASPHALT;WET;DAYLIGHT;CLOUDY;NO CONTROL PRESENT;35.795789567;-78.77160406;-78.770038;35.796219;P031;113;0;0;;;UNKNOWN;;;;PASSENGER CAR;PASSENGER CAR;;;;NO;1022;2016-03-27;7:07:45 AM;2016-03-27T11:07:45+00:00;35.795789567, -78.77160406;2016;No;No;3;UNKNOWN;UNKNOWN;UNKNOWN;PASSENGER CAR,PASSENGER CAR;PASSENGER CAR,PASSENGER CAR;PASSENGER CAR,PASSENGER CAR;PASSENGER CAR,PASSENGER CAR
21644;35 FEET FROM SR 1313 (WALNUT ST);RELATED TO INTERSECTION;STRAIGHT,LEVEL;STATE SECONDARY ROUTE;TWO-WAY,DIVIDED,UNPROTECTED MEDIAN;SMOOTH ASPHALT;DRY;DAYLIGHT;CLEAR;STOP AND GO SIGNAL;;;-78.7411;35.7526;;;0;0;2;;;;NONE;;LIGHT TRUCK (MINI-VAN- PANEL);SPORT UTILITY;PASSENGER CAR;;;NO;1026;2016-03-28;2:02:39 PM;2016-03-28T18:02:39+00:00;;2016;No;No;3;;NONE;NONE;LIGHT TRUCK (MINI-VAN- PANEL),SPORT UTILITY;LIGHT TRUCK (MINI-VAN- PANEL),SPORT UTILITY,PASSENGER CAR;LIGHT TRUCK (MINI-VAN- PANEL),SPORT UTILITY,PASSENGER CAR;LIGHT TRUCK (MINI-VAN- PANEL),SPORT UTILITY,PASSENGER CAR
21647;200 FEET FROM CARY TOWNE BLVD;NO SPECIAL FEATURE;STRAIGHT,LEVEL;LOCAL STREET;TWO-WAY,NOT DIVIDED;SMOOTH ASPHALT;DRY;DAYLIGHT;CLEAR;STOP AND GO SIGNAL;35.775865401;-78.7629539;-78.7657;35.7759;P061;120;0;1;;;NONE;;NONE;;PASSENGER CAR;PASSENGER CAR;;;;NO;1029;2016-03-28;3:20:21 PM;2016-03-28T19:20:21+00:00;35.775865401, -78.7629539;2016;No;Yes;3;NONE;NONE,NONE;NONE,NONE;PASSENGER CAR,PASSENGER CAR;PASSENGER CAR,PASSENGER CAR;PASSENGER CAR,PASSENGER CAR;PASSENGER CAR,PASSENGER CAR
21652;60 FEET FROM SR-1009 (TRYON RD);RELATED TO INTERSECTION;STRAIGHT,LEVEL;STATE SECONDARY ROUTE;TWO-WAY,DIVIDED,UNPROTECTED MEDIAN;SMOOTH ASPHALT;DRY;DARK - LIGHTED ROADWAY;CLEAR;STOP AND GO SIGNAL;;;-78.7627;35.7432;;;0;0;;;;;NONE;;PASSENGER CAR;PASSENGER CAR;;;;NO;1034;2016-03-28;7:08:20 PM;2016-03-28T23:08:20+00:00;;2016;No;No;3;;NONE;NONE;PASSENGER CAR,PASSENGER CAR;PASSENGER CAR,PASSENGER CAR;PASSENGER CAR,PASSENGER CAR;PASSENGER CAR,PASSENGER CAR
21670;50 FEET FROM SR 1009 (TRYON RD);RELATED TO INTERSECTION;STRAIGHT,HILLCREST;STATE SECONDARY ROUTE;TWO-WAY,DIVIDED,UNPROTECTED MEDIAN;SMOOTH ASPHALT;DRY;DAYLIGHT;CLEAR;STOP AND GO SIGNAL;;;-78.7553;35.7454;;;0;0;;;NONE;;NONE;;SPORT UTILITY;PASSENGER CAR;;;;NO;1052;2016-03-31;1:50:37 PM;2016-03-31T17:50:37+00:00;;2016;No;No;3;NONE;NONE,NONE;NONE,NONE;SPORT UTILITY,PASSENGER CAR;SPORT UTILITY,PASSENGER CAR;SPORT UTILITY,PASSENGER CAR;SPORT UTILITY,PASSENGER CAR
21673;CARY;T-INTERSECTION;STRAIGHT,LEVEL;LOCAL STREET;TWO-WAY,NOT DIVIDED;SMOOTH ASPHALT;DRY;DAYLIGHT;CLEAR;STOP SIGN;;;-78.7599;35.7707;;;0;0;;;;;NONE;;SPORT UTILITY;PASSENGER CAR;;;;NO;1055;2016-03-31;6:07:01 PM;2016-03-31T22:07:01+00:00;;2016;No;No;3;;NONE;NONE;SPORT UTILITY,PASSENGER CAR;SPORT UTILITY,PASSENGER CAR;SPORT UTILITY,PASSENGER CAR;SPORT UTILITY,PASSENGER CAR
21675;300 FEET FROM 102 FINCASTLE DR;DRIVEWAY, PRIVATE;STRAIGHT,GRADE;;TWO-WAY,NOT DIVIDED;SMOOTH ASPHALT;DRY;UNKNOWN;CLEAR;NO CONTROL PRESENT;;;-78.758971;35.797104;;113;0;0;;;UNKNOWN;;NONE;;;PASSENGER CAR;;;;NO;1057;2016-03-31;4:35:24 PM;2016-03-31T20:35:24+00:00;;2016;No;No;3;UNKNOWN;UNKNOWN,NONE;UNKNOWN,NONE;PASSENGER CAR;PASSENGER CAR;PASSENGER CAR;PASSENGER CAR
21685;30 FEET FROM SR 1009 (TRYON RD.);RELATED TO INTERSECTION;STRAIGHT,LEVEL;STATE SECONDARY ROUTE;TWO-WAY,NOT DIVIDED;SMOOTH ASPHALT;DRY;DAYLIGHT;CLEAR;STOP AND GO SIGNAL;;;-78.734;35.7456;;;0;0;2;;NONE;;NONE;;PICKUP;PASSENGER CAR;;;;NO;1067;2016-04-02;11:06 AM;2016-04-02T15:06:00+00:00;;2016;No;No;4;NONE;NONE,NONE;NONE,NONE;PICKUP,PASSENGER CAR;PICKUP,PASSENGER CAR;PICKUP,PASSENGER CAR;PICKUP,PASSENGER CAR
21691;CARY;NO SPECIAL FEATURE;STRAIGHT,LEVEL;PUBLIC VEHICULAR AREA;ONE-WAY,NOT DIVIDED;SMOOTH ASPHALT;DRY;DAYLIGHT;CLEAR;NO CONTROL PRESENT;;;-78.761207;35.774682;;;0;0;2;;;;NONE;;PASSENGER CAR;PASSENGER CAR;;;;NO;1073;2016-04-03;5:51:51 PM;2016-04-03T21:51:51+00:00;;2016;No;No;4;;NONE;NONE;PASSENGER CAR,PASSENGER CAR;PASSENGER CAR,PASSENGER CAR;PASSENGER CAR,PASSENGER CAR;PASSENGER CAR,PASSENGER CAR
21699;140 FEET FROM P.V.A. (1607 WALNUT ST);NO SPECIAL FEATURE;STRAIGHT,LEVEL;PUBLIC VEHICULAR AREA;ONE-WAY,NOT DIVIDED;SMOOTH ASPHALT;DRY;DAYLIGHT;CLEAR;STOP SIGN;;;-78.7486;35.7644;;;0;0;6;;NONE;;NONE;;PASSENGER CAR;PASSENGER CAR;;;;NO;1081;2016-04-03;12:56 PM;2016-04-03T16:56:00+00:00;;2016;No;No;4;NONE;NONE,NONE;NONE,NONE;PASSENGER CAR,PASSENGER CAR;PASSENGER CAR,PASSENGER CAR;PASSENGER CAR,PASSENGER CAR;PASSENGER CAR,PASSENGER CAR
21705;250 FEET FROM P.V.A. (BEST BUY);NO SPECIAL FEATURE;STRAIGHT,LEVEL;PUBLIC VEHICULAR AREA;TWO-WAY,NOT DIVIDED;SMOOTH ASPHALT;DRY;DAYLIGHT;CLEAR;NO CONTROL PRESENT;;;-78.7392;35.7618;;;0;0;4;;NONE;;NONE;;SPORT UTILITY;PASSENGER CAR;;;;NO;1087;2016-04-03;2:02:30 PM;2016-04-03T18:02:30+00:00;;2016;No;No;4;NONE;NONE,NONE;NONE,NONE;SPORT UTILITY,PASSENGER CAR;SPORT UTILITY,PASSENGER CAR;SPORT UTILITY,PASSENGER CAR;SPORT UTILITY,PASSENGER CAR