tamainid;location_description;rdfeature;rdcharacter;rdclass;rdconfigur;rdsurface;rdcondition;lightcond;weather;trafcontrl;lat;lon;lon2;lat2;tract;zone;fatality;possblinj;numpassengers;numpedestrians;contrcir1_desc;contrcir2_desc;contrcir3_desc;contrcir4_desc;vehicle1;vehicle2;vehicle3;vehicle4;vehicle5;workarea;records;ta_date;ta_time;crash_date;geo_location;year;fatalities;injuries;month;contrfact1;contrfact2;contributing_factor;vehicleconcat1;vehicleconcat2;vehicleconcat3;vehicle_type
22131;440 FEET FROM SR 1011 (W CHATHAM ST);NO SPECIAL FEATURE;STRAIGHT,GRADE;STATE SECONDARY ROUTE;TWO-WAY,NOT DIVIDED;SMOOTH ASPHALT;WET;DAYLIGHT;RAIN;NO CONTROL PRESENT;;;-78.7889;35.7866;;;0;0;;;NONE;;NONE;;SPORT UTILITY;PASSENGER CAR;;;;NO;1512;2016-05-05;3:04:20 PM;2016-05-05T19:04:20+00:00;;2016;No;No;5;NONE;NONE,NONE;NONE,NONE;SPORT UTILITY,PASSENGER CAR;SPORT UTILITY,PASSENGER CAR;SPORT UTILITY,PASSENGER CAR;SPORT UTILITY,PASSENGER CAR
22139;160 FEET FROM PVA OF 1001 HIGH HOUSE RD;NO SPECIAL FEATURE;STRAIGHT,LEVEL;PUBLIC VEHICULAR AREA;TWO-WAY,NOT DIVIDED;SMOOTH ASPHALT;DRY;DAYLIGHT;CLEAR;NO CONTROL PRESENT;;;-78.83;35.7897;;;0;0;1;;COMING FROM BEHIND PARKED VEHICLE;;NONE;;PASSENGER CAR;PASSENGER CAR;;;;NO;1520;2016-05-04;4:11:25 PM;2016-05-04T20:11:25+00:00;;2016;No;No;5;COMING FROM BEHIND PARKED VEHICLE;COMING FROM BEHIND PARKED VEHICLE,NONE;COMING FROM BEHIND PARKED VEHICLE,NONE;PASSENGER CAR,PASSENGER CAR;PASSENGER CAR,PASSENGER CAR;PASSENGER CAR,PASSENGER CAR;PASSENGER CAR,PASSENGER CAR
22141;CARY;;;;;;;;;;;;;;;;0;0;;;;;;;SPORT UTILITY;;;;;;1522;2016-04-22;6:21:55 PM;2016-04-22T22:21:55+00:00;;2016;No;No;4;;;;SPORT UTILITY;SPORT UTILITY;SPORT UTILITY;SPORT UTILITY
22143;10 FEET FROM SR-3977 (SW CARY PKWY);NO SPECIAL FEATURE;STRAIGHT,GRADE;STATE SECONDARY ROUTE;TWO-WAY,DIVIDED,UNPROTECTED MEDIAN;SMOOTH ASPHALT;WET;DARK - LIGHTED ROADWAY;RAIN;NO CONTROL PRESENT;35.757663233;-78.78451937;-78.7839;35.7578;P006;115;0;1;;;NONE;;NONE;;PASSENGER CAR;PASSENGER CAR;;;;NO;1524;2016-05-05;8:43:39 PM;2016-05-06T00:43:39+00:00;35.757663233, -78.78451937;2016;No;Yes;5;NONE;NONE,NONE;NONE,NONE;PASSENGER CAR,PASSENGER CAR;PASSENGER CAR,PASSENGER CAR;PASSENGER CAR,PASSENGER CAR;PASSENGER CAR,PASSENGER CAR
22147;75 FEET FROM PARKBRANCH LN;NO SPECIAL FEATURE;CURVE,LEVEL;LOCAL STREET;TWO-WAY,NOT DIVIDED;SMOOTH ASPHALT;DRY;DARK - LIGHTED ROADWAY;CLEAR;NO CONTROL PRESENT;35.779379542;-78.86680042;-78.866978;35.779501;P013;117;0;0;;;NONE;;NONE;;PASSENGER CAR;;;;;NO;1528;2016-05-06;2:39:59 AM;2016-05-06T06:39:59+00:00;35.779379542, -78.86680042;2016;No;No;5;NONE;NONE,NONE;NONE,NONE;PASSENGER CAR;PASSENGER CAR;PASSENGER CAR;PASSENGER CAR
22152;200 FEET FROM COORSDALE DR;NO SPECIAL FEATURE;CURVE,LEVEL;LOCAL STREET;TWO-WAY,NOT DIVIDED;SMOOTH ASPHALT;DRY;UNKNOWN;CLEAR;NO CONTROL PRESENT;;;-78.774967;35.752543;;;0;0;;;;;NONE;;;;;;;NO;1533;2016-05-08;2:35:52 PM;2016-05-08T18:35:52+00:00;;2016;No;No;5;;NONE;NONE;;;;
22157;20 FEET FROM PVA 2101 DAVIS DR;DRIVEWAY, PUBLIC;STRAIGHT,LEVEL;PUBLIC VEHICULAR AREA;TWO-WAY,NOT DIVIDED;SMOOTH ASPHALT;DRY;DAYLIGHT;CLEAR;STOP SIGN;;;-78.8485;35.7768;;;0;0;;;NONE;;NONE;;PASSENGER CAR;SPORT UTILITY;;;;NO;1538;2016-05-06;3:31:26 PM;2016-05-06T19:31:26+00:00;;2016;No;No;5;NONE;NONE,NONE;NONE,NONE;PASSENGER CAR,SPORT UTILITY;PASSENGER CAR,SPORT UTILITY;PASSENGER CAR,SPORT UTILITY;PASSENGER CAR,SPORT UTILITY
22163;15 FEET FROM CORNING RD;T-INTERSECTION;STRAIGHT,LEVEL;LOCAL STREET;TWO-WAY,NOT DIVIDED;SMOOTH ASPHALT;DRY;DAYLIGHT;CLOUDY;STOP SIGN;35.753207209;-78.73552991;-78.7352;35.7552;P045;118;0;0;;;NONE;;NONE;;PASSENGER CAR;SPORT UTILITY;;;;NO;1544;2016-05-06;2:46:00 PM;2016-05-06T18:46:00+00:00;35.753207209, -78.73552991;2016;No;No;5;NONE;NONE,NONE;NONE,NONE;PASSENGER CAR,SPORT UTILITY;PASSENGER CAR,SPORT UTILITY;PASSENGER CAR,SPORT UTILITY;PASSENGER CAR,SPORT UTILITY
22171;100 FEET FROM BROOKGREEN DR (LOCAL);NO SPECIAL FEATURE;STRAIGHT,GRADE;LOCAL STREET;TWO-WAY,NOT DIVIDED;SMOOTH ASPHALT;DRY;DARK - LIGHTED ROADWAY;CLEAR;NO CONTROL PRESENT;35.765101669;-78.80332412;-78.802;35.765;P037;115;0;0;;;;;NONE;;PASSENGER CAR;PASSENGER CAR;;;;NO;1552;2016-05-05;11:59 PM;2016-05-06T03:59:00+00:00;35.765101669, -78.80332412;2016;No;No;5;;NONE;NONE;PASSENGER CAR,PASSENGER CAR;PASSENGER CAR,PASSENGER CAR;PASSENGER CAR,PASSENGER CAR;PASSENGER CAR,PASSENGER CAR
22174;288 FEET FROM P.V.A. (2865 JONES FRANKLIN RD;NO SPECIAL FEATURE;STRAIGHT,LEVEL;PUBLIC VEHICULAR AREA;TWO-WAY,NOT DIVIDED;SMOOTH ASPHALT;DRY;DAYLIGHT;CLOUDY;NO CONTROL PRESENT;;;-78.73;35.74;;118;0;0;;;NONE;;NONE;;PICKUP;PASSENGER CAR;;;;NO;1555;2016-05-06;11:06 AM;2016-05-06T15:06:00+00:00;;2016;No;No;5;NONE;NONE,NONE;NONE,NONE;PICKUP,PASSENGER CAR;PICKUP,PASSENGER CAR;PICKUP,PASSENGER CAR;PICKUP,PASSENGER CAR
22180;100 FEET FROM 524 OLD APEX RD (PVA);NO SPECIAL FEATURE;STRAIGHT,LEVEL;PUBLIC VEHICULAR AREA;TWO-WAY,NOT DIVIDED;GRAVEL;UNKNOWN;DARK - ROADWAY NOT LIGHTED;CLOUDY;NO CONTROL PRESENT;;;-78.7918;35.7867;;;0;0;;;;;NONE;;SINGLE UNIT TRUCK (2-AXLE- 6-TIRE);SINGLE UNIT TRUCK (2-AXLE- 6-TIRE);;;;NO;1561;2016-05-09;12:09 PM;2016-05-09T16:09:00+00:00;;2016;No;No;5;;NONE;NONE;SINGLE UNIT TRUCK (2-AXLE- 6-TIRE),SINGLE UNIT TRUCK (2-AXLE- 6-TIRE);SINGLE UNIT TRUCK (2-AXLE- 6-TIRE),SINGLE UNIT TRUCK (2-AXLE- 6-TIRE);SINGLE UNIT TRUCK (2-AXLE- 6-TIRE),SINGLE UNIT TRUCK (2-AXLE- 6-TIRE);SINGLE UNIT TRUCK (2-AXLE- 6-TIRE),SINGLE UNIT TRUCK (2-AXLE- 6-TIRE)
22181;332 FEET FROM SR-1300 (KILDAIRE FARM RD);FOUR-WAY INTERSECTION;STRAIGHT,LEVEL;STATE SECONDARY ROUTE;TWO-WAY,NOT DIVIDED;SMOOTH ASPHALT;DRY;DAYLIGHT;CLEAR;STOP AND GO SIGNAL;;;-78.7808;35.7691;;;0;0;;;;;NONE;;PASSENGER CAR;PASSENGER CAR;;;;NO;1562;2016-05-09;11:00 AM;2016-05-09T15:00:00+00:00;;2016;No;No;5;;NONE;NONE;PASSENGER CAR,PASSENGER CAR;PASSENGER CAR,PASSENGER CAR;PASSENGER CAR,PASSENGER CAR;PASSENGER CAR,PASSENGER CAR
22182;CARY;NO SPECIAL FEATURE;STRAIGHT,HILLCREST;STATE SECONDARY ROUTE;TWO-WAY,DIVIDED,POSITIVE MEDIAN BARRIER;SMOOTH ASPHALT;DRY;DAYLIGHT;CLEAR;STOP AND GO SIGNAL;;;-78.900436;35.829248;;;0;0;;;NONE;;NONE;;SPORT UTILITY;PASSENGER CAR;;;;NO;1563;2016-05-09;1:06:06 PM;2016-05-09T17:06:06+00:00;;2016;No;No;5;NONE;NONE,NONE;NONE,NONE;SPORT UTILITY,PASSENGER CAR;SPORT UTILITY,PASSENGER CAR;SPORT UTILITY,PASSENGER CAR;SPORT UTILITY,PASSENGER CAR
22186;200 FEET FROM SR3112 (NW CARY PKWY);NO SPECIAL FEATURE;STRAIGHT,LEVEL;STATE SECONDARY ROUTE;TWO-WAY,DIVIDED,UNPROTECTED MEDIAN;SMOOTH ASPHALT;DRY;DAYLIGHT;CLOUDY;NO CONTROL PRESENT;;;-78.82808;35.789669;;;0;0;;;NONE;;NONE;;SPORT UTILITY;PASSENGER CAR;;;;NO;1567;2016-05-09;3:57:56 PM;2016-05-09T19:57:56+00:00;;2016;No;No;5;NONE;NONE,NONE;NONE,NONE;SPORT UTILITY,PASSENGER CAR;SPORT UTILITY,PASSENGER CAR;SPORT UTILITY,PASSENGER CAR;SPORT UTILITY,PASSENGER CAR
22187;.25 MILES FROM KAREN CT;NO SPECIAL FEATURE;STRAIGHT,LEVEL;LOCAL STREET;TWO-WAY,NOT DIVIDED;SMOOTH ASPHALT;DRY;DAYLIGHT;CLEAR;NO CONTROL PRESENT;;;-78.746;35.7666;;;0;0;;;NONE;;NONE;;PASSENGER CAR;;;;;NO;1568;2016-05-09;7:24:06 PM;2016-05-09T23:24:06+00:00;;2016;No;No;5;NONE;NONE,NONE;NONE,NONE;PASSENGER CAR;PASSENGER CAR;PASSENGER CAR;PASSENGER CAR
22189;1 MILES FROM SR # 1002 (AVIATION PKWY);NO SPECIAL FEATURE;STRAIGHT,LEVEL;STATE SECONDARY ROUTE;TWO-WAY,NOT DIVIDED;SMOOTH ASPHALT;DRY;DAYLIGHT;CLEAR;NO CONTROL PRESENT;;;-78.8059;35.8418;;;0;0;;;NONE;;NONE;;PASSENGER CAR;PASSENGER CAR;;;;NO;1570;2016-05-09;5:20:05 PM;2016-05-09T21:20:05+00:00;;2016;No;No;5;NONE;NONE,NONE;NONE,NONE;PASSENGER CAR,PASSENGER CAR;PASSENGER CAR,PASSENGER CAR;PASSENGER CAR,PASSENGER CAR;PASSENGER CAR,PASSENGER CAR
22192;.10 MILES FROM P.V.A. 1273 NW MAYNARD RD;NO SPECIAL FEATURE;STRAIGHT,LEVEL;PUBLIC VEHICULAR AREA;TWO-WAY,NOT DIVIDED;SMOOTH ASPHALT;DRY;DAYLIGHT;CLEAR;NO CONTROL PRESENT;35.595749024;-78.78834502;-78.8118;35.7849;P119;RALW;0;0;2;;NONE;;NONE;;SPORT UTILITY;PASSENGER CAR;;;;NO;1573;2016-05-10;7:15:47 PM;2016-05-10T23:15:47+00:00;35.595749024, -78.78834502;2016;No;No;5;NONE;NONE,NONE;NONE,NONE;SPORT UTILITY,PASSENGER CAR;SPORT UTILITY,PASSENGER CAR;SPORT UTILITY,PASSENGER CAR;SPORT UTILITY,PASSENGER CAR
22193;CARY;FOUR-WAY INTERSECTION;CURVE,GRADE;STATE SECONDARY ROUTE;TWO-WAY,DIVIDED,UNPROTECTED MEDIAN;SMOOTH ASPHALT;DRY;DAYLIGHT;CLEAR;YIELD SIGN;;;-78.7809;35.7373;;;0;0;;;NONE;;NONE;;SPORT UTILITY;PASSENGER CAR;;;;NO;1574;2016-05-10;9:49:17 PM;2016-05-11T01:49:17+00:00;;2016;No;No;5;NONE;NONE,NONE;NONE,NONE;SPORT UTILITY,PASSENGER CAR;SPORT UTILITY,PASSENGER CAR;SPORT UTILITY,PASSENGER CAR;SPORT UTILITY,PASSENGER CAR
22204;20 FEET FROM SR 1625 (GREEN LEVEL CHURCH RD;FOUR-WAY INTERSECTION;STRAIGHT,LEVEL;STATE SECONDARY ROUTE;TWO-WAY,NOT DIVIDED;SMOOTH ASPHALT;DRY;DAYLIGHT;CLEAR;FLASHING STOP AND GO SIGNAL;;;-78.8998;35.8418;;;0;0;;;NONE;;NONE;;SPORT UTILITY;PASSENGER CAR;;;;NO;1585;2016-05-10;11:51 AM;2016-05-10T15:51:00+00:00;;2016;No;No;5;NONE;NONE,NONE;NONE,NONE;SPORT UTILITY,PASSENGER CAR;SPORT UTILITY,PASSENGER CAR;SPORT UTILITY,PASSENGER CAR;SPORT UTILITY,PASSENGER CAR
22214;.1 MILES FROM W CHATHAM ST;NO SPECIAL FEATURE;STRAIGHT,LEVEL;STATE SECONDARY ROUTE;TWO-WAY,DIVIDED,UNPROTECTED MEDIAN;SMOOTH ASPHALT;DRY;DAYLIGHT;CLOUDY;NO CONTROL PRESENT;35.77068741;-78.82838978;-78.8383;35.7706;;;0;0;;;NONE;;NONE;;PASSENGER CAR;;;;;NO;1594;2016-05-12;10:20 AM;2016-05-12T14:20:00+00:00;35.77068741, -78.82838978;2016;No;No;5;NONE;NONE,NONE;NONE,NONE;PASSENGER CAR;PASSENGER CAR;PASSENGER CAR;PASSENGER CAR
22224;.5 MILES FROM I 40 EAST (EXIT 283);OFF-RAMP ENTRY;CURVE,GRADE;INTERSTATE;ONE-WAY,NOT DIVIDED;SMOOTH ASPHALT;DRY;DAYLIGHT;CLEAR;NO CONTROL PRESENT;;;-78.8259;35.8779;;111;0;0;;;NONE;;NONE;;SPORT UTILITY;;;;;NO;1604;2016-05-07;9:07:04 AM;2016-05-07T13:07:04+00:00;;2016;No;No;5;NONE;NONE,NONE;NONE,NONE;SPORT UTILITY;SPORT UTILITY;SPORT UTILITY;SPORT UTILITY
22226;0 FEET FROM SR 1315 BUCK JONES RD;T-INTERSECTION;STRAIGHT,LEVEL;STATE SECONDARY ROUTE;TWO-WAY,DIVIDED,UNPROTECTED MEDIAN;SMOOTH ASPHALT;DRY;DAYLIGHT;CLEAR;STOP AND GO SIGNAL;;;-78.745601;35.762851;;;0;2;1;;NONE;;NONE;;SPORT UTILITY;SPORT UTILITY;;;;CONSTRUCTION WORK AREA;1606;2016-05-12;4:02:11 PM;2016-05-12T20:02:11+00:00;;2016;No;Yes;5;NONE;NONE,NONE;NONE,NONE;SPORT UTILITY,SPORT UTILITY;SPORT UTILITY,SPORT UTILITY;SPORT UTILITY,SPORT UTILITY;SPORT UTILITY,SPORT UTILITY
22227;1 MILES FROM US 1 HWY;NO SPECIAL FEATURE;STRAIGHT,LEVEL;US ROUTE;TWO-WAY,DIVIDED,POSITIVE MEDIAN BARRIER;GROOVED CONCRETE;DRY;DAYLIGHT;CLEAR;NO CONTROL PRESENT;35.763116864;-78.74260016;-78.740866;35.763947;P083;112;0;0;;;;;FAILURE TO YIELD RIGHT OF WAY;;PASSENGER CAR;PASSENGER CAR;;;;CONSTRUCTION WORK AREA;1607;2016-05-12;5:20:04 PM;2016-05-12T21:20:04+00:00;35.763116864, -78.74260016;2016;No;No;5;;FAILURE TO YIELD RIGHT OF WAY;FAILURE TO YIELD RIGHT OF WAY;PASSENGER CAR,PASSENGER CAR;PASSENGER CAR,PASSENGER CAR;PASSENGER CAR,PASSENGER CAR;PASSENGER CAR,PASSENGER CAR
22228;.01 MILES FROM P.V.A. (CARY TOWNE CENTER);NO SPECIAL FEATURE;STRAIGHT,LEVEL;PUBLIC VEHICULAR AREA;TWO-WAY,NOT DIVIDED;SMOOTH ASPHALT;WET;DARK - LIGHTED ROADWAY;RAIN;NO CONTROL PRESENT;;;-78.7591;35.775;;;0;0;;;NONE;;NONE;;SPORT UTILITY;LIGHT TRUCK (MINI-VAN- PANEL);;;;NO;1608;2016-05-12;8:36:41 PM;2016-05-13T00:36:41+00:00;;2016;No;No;5;NONE;NONE,NONE;NONE,NONE;SPORT UTILITY,LIGHT TRUCK (MINI-VAN- PANEL);SPORT UTILITY,LIGHT TRUCK (MINI-VAN- PANEL);SPORT UTILITY,LIGHT TRUCK (MINI-VAN- PANEL);SPORT UTILITY,LIGHT TRUCK (MINI-VAN- PANEL)
22229;150 FEET FROM SR 1312 (S. ACADEMY ST);OTHER *;STRAIGHT,LEVEL;STATE SECONDARY ROUTE;ONE-WAY,NOT DIVIDED;SMOOTH ASPHALT;WET;DARK - LIGHTED ROADWAY;RAIN;NO CONTROL PRESENT;35.786448251;-78.78173011;-78.7812;35.7861;P035;114;0;0;;;NONE;;FAILURE TO YIELD RIGHT OF WAY;;PASSENGER CAR;;;;;CONSTRUCTION WORK AREA;1609;2016-05-12;2:03:48 AM;2016-05-12T06:03:48+00:00;35.786448251, -78.78173011;2016;No;No;5;NONE;NONE,FAILURE TO YIELD RIGHT OF WAY;NONE,FAILURE TO YIELD RIGHT OF WAY;PASSENGER CAR;PASSENGER CAR;PASSENGER CAR;PASSENGER CAR
22236;CARY;FOUR-WAY INTERSECTION;STRAIGHT,LEVEL;STATE SECONDARY ROUTE;TWO-WAY,DIVIDED,UNPROTECTED MEDIAN;SMOOTH ASPHALT;DRY;DAYLIGHT;CLEAR;STOP AND GO SIGNAL;;;-78.7929;35.7569;;;0;0;3;;NONE;;NONE;;PASSENGER CAR;PASSENGER CAR;PASSENGER CAR;;;NO;1616;2016-05-14;2:00:02 PM;2016-05-14T18:00:02+00:00;;2016;No;No;5;NONE;NONE,NONE;NONE,NONE;PASSENGER CAR,PASSENGER CAR;PASSENGER CAR,PASSENGER CAR,PASSENGER CAR;PASSENGER CAR,PASSENGER CAR,PASSENGER CAR;PASSENGER CAR,PASSENGER CAR,PASSENGER CAR
22238;150 FEET FROM P.V.A. (STONEBRIDGE);NO SPECIAL FEATURE;STRAIGHT,LEVEL;PUBLIC VEHICULAR AREA;TWO-WAY,NOT DIVIDED;SMOOTH ASPHALT;DRY;DAYLIGHT;CLEAR;NO CONTROL PRESENT;35.701904634;-78.79276959;-78.7929;35.7025;P052;116;0;0;2;;NONE;;NONE;;PASSENGER CAR;VAN;;;;NO;1618;2016-05-15;3:26:34 PM;2016-05-15T19:26:34+00:00;35.701904634, -78.79276959;2016;No;No;5;NONE;NONE,NONE;NONE,NONE;PASSENGER CAR,VAN;PASSENGER CAR,VAN;PASSENGER CAR,VAN;PASSENGER CAR,VAN
22242;100 FEET FROM 973 N HARRISON AVE;NO SPECIAL FEATURE;STRAIGHT,LEVEL;PUBLIC VEHICULAR AREA;TWO-WAY,NOT DIVIDED;SMOOTH ASPHALT;DRY;DAYLIGHT;CLEAR;NO CONTROL PRESENT;35.801453447;-78.78452197;-78.7829;35.8005;P025;111;0;0;;;NONE;;NONE;;SPORT UTILITY;VAN;;;;NO;1622;2016-05-13;7:29:12 PM;2016-05-13T23:29:12+00:00;35.801453447, -78.78452197;2016;No;No;5;NONE;NONE,NONE;NONE,NONE;SPORT UTILITY,VAN;SPORT UTILITY,VAN;SPORT UTILITY,VAN;SPORT UTILITY,VAN
22250;200 FEET FROM 1020 BRADFORD PLAZA WAY;NO SPECIAL FEATURE;STRAIGHT,LEVEL;PUBLIC VEHICULAR AREA;TWO-WAY,NOT DIVIDED;SMOOTH ASPHALT;DRY;DAYLIGHT;CLEAR;NO CONTROL PRESENT;35.792971885;-78.84521058;-78.8453;35.7935;P078;121;0;0;;;NONE;;NONE;NONE;SPORT UTILITY;PASSENGER CAR;;;;NO;1630;2016-05-11;11:37 AM;2016-05-11T15:37:00+00:00;35.792971885, -78.84521058;2016;No;No;5;NONE;NONE,NONE;NONE,NONE,NONE;SPORT UTILITY,PASSENGER CAR;SPORT UTILITY,PASSENGER CAR;SPORT UTILITY,PASSENGER CAR;SPORT UTILITY,PASSENGER CAR
22254;CARY;NO SPECIAL FEATURE;STRAIGHT,LEVEL;US ROUTE;TWO-WAY,DIVIDED,POSITIVE MEDIAN BARRIER;CONCRETE;DRY;DAYLIGHT;CLEAR;NO CONTROL PRESENT;;;-78.7443;35.7621;;112;0;0;1;;;;NONE;;PASSENGER CAR;SPORT UTILITY;PICKUP;;;NO;1634;2016-05-13;7:00:09 PM;2016-05-13T23:00:09+00:00;;2016;No;No;5;;NONE;NONE;PASSENGER CAR,SPORT UTILITY;PASSENGER CAR,SPORT UTILITY,PICKUP;PASSENGER CAR,SPORT UTILITY,PICKUP;PASSENGER CAR,SPORT UTILITY,PICKUP
22255;CARY;FOUR-WAY INTERSECTION;STRAIGHT,LEVEL;STATE SECONDARY ROUTE;TWO-WAY,NOT DIVIDED;SMOOTH ASPHALT;DRY;DAYLIGHT;CLEAR;STOP AND GO SIGNAL;35.787479366;-78.77860802;-78.7789;35.7873;P055;120;0;0;;;NONE;;NONE;;VAN;VAN;;;;NO;1635;2016-05-13;2:22:12 PM;2016-05-13T18:22:12+00:00;35.787479366, -78.77860802;2016;No;No;5;NONE;NONE,NONE;NONE,NONE;VAN,VAN;VAN,VAN;VAN,VAN;VAN,VAN
22269;140 FEET FROM PVA (801 SE MAYNARD RD);NO SPECIAL FEATURE;STRAIGHT,LEVEL;PUBLIC VEHICULAR AREA;TWO-WAY,NOT DIVIDED;SMOOTH ASPHALT;DRY;DAYLIGHT;CLEAR;NO CONTROL PRESENT;35.773229749;-78.76467379;-78.7646;35.7733;P061;120;0;0;3;;NONE;;NONE;;PASSENGER CAR;PASSENGER CAR;;;;NO;1649;2016-05-16;3:20:30 PM;2016-05-16T19:20:30+00:00;35.773229749, -78.76467379;2016;No;No;5;NONE;NONE,NONE;NONE,NONE;PASSENGER CAR,PASSENGER CAR;PASSENGER CAR,PASSENGER CAR;PASSENGER CAR,PASSENGER CAR;PASSENGER CAR,PASSENGER CAR
22274;CARY;DRIVEWAY, PUBLIC;STRAIGHT,LEVEL;PUBLIC VEHICULAR AREA;TWO-WAY,NOT DIVIDED;SMOOTH ASPHALT;DRY;DUSK;CLEAR;NO CONTROL PRESENT;35.540834727;-78.72708925;;;P119;RALW;0;1;1;;OTHER *;;NONE;;PASSENGER CAR;PASSENGER CAR;;;;NO;1654;2016-05-14;6:57:57 PM;2016-05-14T22:57:57+00:00;35.540834727, -78.72708925;2016;No;Yes;5;OTHER *;OTHER *,NONE;OTHER *,NONE;PASSENGER CAR,PASSENGER CAR;PASSENGER CAR,PASSENGER CAR;PASSENGER CAR,PASSENGER CAR;PASSENGER CAR,PASSENGER CAR
22280;CARY;FOUR-WAY INTERSECTION;STRAIGHT,GRADE;STATE SECONDARY ROUTE;TWO-WAY,DIVIDED,UNPROTECTED MEDIAN;SMOOTH ASPHALT;DRY;DAYLIGHT;CLEAR;STOP AND GO SIGNAL;;;-78.7773;35.7289;;;0;2;;;;;NONE;;PASSENGER CAR;PASSENGER CAR;;;;NO;1660;2016-05-16;6:37:04 PM;2016-05-16T22:37:04+00:00;;2016;No;Yes;5;;NONE;NONE;PASSENGER CAR,PASSENGER CAR;PASSENGER CAR,PASSENGER CAR;PASSENGER CAR,PASSENGER CAR;PASSENGER CAR,PASSENGER CAR
22287;0 FEET FROM SR 1300 (KILDAIRE FARM RD);FOUR-WAY INTERSECTION;STRAIGHT,LEVEL;STATE SECONDARY ROUTE;TWO-WAY,DIVIDED,UNPROTECTED MEDIAN;SMOOTH ASPHALT;WET;DAYLIGHT;CLOUDY;STOP AND GO SIGNAL;35.607589332;-78.87010424;-78.783033;35.757834;P119;RALW;0;0;1;;;;NONE;;PASSENGER CAR;VAN;;;;NO;1667;2016-05-17;2:27:40 PM;2016-05-17T18:27:40+00:00;35.607589332, -78.87010424;2016;No;No;5;;NONE;NONE;PASSENGER CAR,VAN;PASSENGER CAR,VAN;PASSENGER CAR,VAN;PASSENGER CAR,VAN
22295;0 FEET FROM SR 1600 (GREEN LEVEL CHURCH RD;FOUR-WAY INTERSECTION;STRAIGHT,LEVEL;STATE SECONDARY ROUTE;TWO-WAY,DIVIDED,UNPROTECTED MEDIAN;SMOOTH ASPHALT;DRY;DAYLIGHT;CLEAR;STOP SIGN;;;-78.900229;35.79893;;;0;2;;;NONE;;NONE;;PASSENGER CAR;SPORT UTILITY;;;;NO;1675;2016-05-11;6:21:49 PM;2016-05-11T22:21:49+00:00;;2016;No;Yes;5;NONE;NONE,NONE;NONE,NONE;PASSENGER CAR,SPORT UTILITY;PASSENGER CAR,SPORT UTILITY;PASSENGER CAR,SPORT UTILITY;PASSENGER CAR,SPORT UTILITY
22305;0 FEET FROM SR 1009 (TRYON RD);ON-RAMP ENTRY;STRAIGHT,LEVEL;STATE SECONDARY ROUTE;TWO-WAY,DIVIDED,UNPROTECTED MEDIAN;SMOOTH ASPHALT;DRY;DAYLIGHT;CLEAR;STOP AND GO SIGNAL;;;-78.787497;35.736746;;116;0;2;1;;NONE;;NONE;;EMS VEHICLE- AMBULANCE- RESCUE SQUAD;SPORT UTILITY;;;;NO;1685;2016-05-17;9:45:03 PM;2016-05-18T01:45:03+00:00;;2016;No;Yes;5;NONE;NONE,NONE;NONE,NONE;EMS VEHICLE- AMBULANCE- RESCUE SQUAD,SPORT UTILITY;EMS VEHICLE- AMBULANCE- RESCUE SQUAD,SPORT UTILITY;EMS VEHICLE- AMBULANCE- RESCUE SQUAD,SPORT UTILITY;EMS VEHICLE- AMBULANCE- RESCUE SQUAD,SPORT UTILITY
22308;85 FEET FROM [SR1300]KILDAIRE FARM RD;NO SPECIAL FEATURE;STRAIGHT,GRADE;LOCAL STREET;TWO-WAY,NOT DIVIDED;SMOOTH ASPHALT;DRY;DAYLIGHT;CLOUDY;STOP AND GO SIGNAL;;;-78.788;35.7158;;;0;0;;;NONE;;NONE;;PICKUP;SPORT UTILITY;;;;NO;1688;2016-05-17;7:53:12 AM;2016-05-17T11:53:12+00:00;;2016;No;No;5;NONE;NONE,NONE;NONE,NONE;PICKUP,SPORT UTILITY;PICKUP,SPORT UTILITY;PICKUP,SPORT UTILITY;PICKUP,SPORT UTILITY
22313;.10 MILES FROM SR 1655 TRENTON RD;NO SPECIAL FEATURE;STRAIGHT,LEVEL;STATE SECONDARY ROUTE;TWO-WAY,NOT DIVIDED;SMOOTH ASPHALT;WET;DAYLIGHT;RAIN;NO CONTROL PRESENT;35.817578896;-78.74507968;-78.745269;35.814641;P029;111;0;0;;;NONE;;NONE;;PASSENGER CAR;;;;;NO;1693;2016-05-19;3:08:42 PM;2016-05-19T19:08:42+00:00;35.817578896, -78.74507968;2016;No;No;5;NONE;NONE,NONE;NONE,NONE;PASSENGER CAR;PASSENGER CAR;PASSENGER CAR;PASSENGER CAR
22315;10 FEET FROM US 1 HWY (SOUTHBOUND);OFF-RAMP TERMINAL ON CROSSROAD;STRAIGHT,LEVEL;US ROUTE;ONE-WAY,NOT DIVIDED;SMOOTH ASPHALT;DRY;DARK - LIGHTED ROADWAY;CLEAR;STOP AND GO SIGNAL;35.7371541;-78.79085468;-78.7946;35.7379;P042;115;0;0;;;NONE;;NONE;;PASSENGER CAR;PASSENGER CAR;;;;NO;1695;2016-05-19;10:54 PM;2016-05-20T02:54:00+00:00;35.7371541, -78.79085468;2016;No;No;5;NONE;NONE,NONE;NONE,NONE;PASSENGER CAR,PASSENGER CAR;PASSENGER CAR,PASSENGER CAR;PASSENGER CAR,PASSENGER CAR;PASSENGER CAR,PASSENGER CAR
22316;5 FEET FROM P.P. (201 REED ST);NO SPECIAL FEATURE;STRAIGHT,LEVEL;PRIVATE ROAD,DRIVEWAY;TWO-WAY,NOT DIVIDED;COARSE ASPHALT;WET;DARK - ROADWAY NOT LIGHTED;RAIN;NO CONTROL PRESENT;35.787510627;-78.76220496;-78.762601;35.789863;P056;120;0;0;;;NONE;;NONE;;PICKUP;PASSENGER CAR;;;;NO;1696;2016-05-19;8:33:57 PM;2016-05-20T00:33:57+00:00;35.787510627, -78.76220496;2016;No;No;5;NONE;NONE,NONE;NONE,NONE;PICKUP,PASSENGER CAR;PICKUP,PASSENGER CAR;PICKUP,PASSENGER CAR;PICKUP,PASSENGER CAR