tamainid;location_description;rdfeature;rdcharacter;rdclass;rdconfigur;rdsurface;rdcondition;lightcond;weather;trafcontrl;lat;lon;lon2;lat2;tract;zone;fatality;possblinj;numpassengers;numpedestrians;contrcir1_desc;contrcir2_desc;contrcir3_desc;contrcir4_desc;vehicle1;vehicle2;vehicle3;vehicle4;vehicle5;workarea;records;ta_date;ta_time;crash_date;geo_location;year;fatalities;injuries;month;contrfact1;contrfact2;contributing_factor;vehicleconcat1;vehicleconcat2;vehicleconcat3;vehicle_type
22324;.15 MILES FROM US 1 HWY (SOUTHBOUND);OFF-RAMP PROPER;STRAIGHT,LEVEL;US ROUTE;TWO-WAY,NOT DIVIDED;SMOOTH ASPHALT;DRY;DARK - LIGHTED ROADWAY;CLEAR;STOP AND GO SIGNAL;;;-78.7918;35.7386;;;0;0;;;NONE;;NONE;;SPORT UTILITY;;;;;NO;1704;2016-05-21;2:50:45 AM;2016-05-21T06:50:45+00:00;;2016;No;No;5;NONE;NONE,NONE;NONE,NONE;SPORT UTILITY;SPORT UTILITY;SPORT UTILITY;SPORT UTILITY
22326;.5 MILES FROM US 1 HWY N;NO SPECIAL FEATURE;STRAIGHT,LEVEL;US ROUTE;TWO-WAY,DIVIDED,POSITIVE MEDIAN BARRIER;CONCRETE;DRY;DAYLIGHT;CLOUDY;NO CONTROL PRESENT;;;-78.7769;35.7456;;;0;0;;;NONE;;NONE;;SPORT UTILITY;PASSENGER CAR;;;;NO;1706;2016-05-21;10:50 AM;2016-05-21T14:50:00+00:00;;2016;No;No;5;NONE;NONE,NONE;NONE,NONE;SPORT UTILITY,PASSENGER CAR;SPORT UTILITY,PASSENGER CAR;SPORT UTILITY,PASSENGER CAR;SPORT UTILITY,PASSENGER CAR
22333;200 FEET FROM PVA OF 312 GREGSON DR;NO SPECIAL FEATURE;STRAIGHT,LEVEL;PUBLIC VEHICULAR AREA;TWO-WAY,NOT DIVIDED;SMOOTH ASPHALT;DRY;DAYLIGHT;CLEAR;NO CONTROL PRESENT;35.733300268;-78.80545975;-78.806;35.732;P041;116;0;0;1;;;;NONE;;VAN;PASSENGER CAR;;;;NO;1713;2016-05-20;4:15:26 PM;2016-05-20T20:15:26+00:00;35.733300268, -78.80545975;2016;No;No;5;;NONE;NONE;VAN,PASSENGER CAR;VAN,PASSENGER CAR;VAN,PASSENGER CAR;VAN,PASSENGER CAR
22334;.5 MILES FROM SR 1625 (GREEN LEVEL CHURCH RD;FOUR-WAY INTERSECTION;STRAIGHT,LEVEL;STATE SECONDARY ROUTE;TWO-WAY,DIVIDED,UNPROTECTED MEDIAN;SMOOTH ASPHALT;DRY;DAYLIGHT;CLEAR;STOP AND GO SIGNAL;;;-78.902384;35.822649;;119;0;0;2;;NONE;;NONE;;VAN;PASSENGER CAR;;;;NO;1714;2016-05-20;6:47:26 PM;2016-05-20T22:47:26+00:00;;2016;No;No;5;NONE;NONE,NONE;NONE,NONE;VAN,PASSENGER CAR;VAN,PASSENGER CAR;VAN,PASSENGER CAR;VAN,PASSENGER CAR
22336;20 FEET FROM 101 GLENMORE RD;NO SPECIAL FEATURE;STRAIGHT,LEVEL;LOCAL STREET;TWO-WAY,NOT DIVIDED;SMOOTH ASPHALT;DRY;DAYLIGHT;CLOUDY;NO CONTROL PRESENT;;;-78.87543;35.787019;;;0;0;;;NONE;;NONE;;VAN;;;;;NO;1716;2016-05-21;10:22 PM;2016-05-22T02:22:00+00:00;;2016;No;No;5;NONE;NONE,NONE;NONE,NONE;VAN;VAN;VAN;VAN
22337;250 FEET FROM P.V.A. (RACK ROOM SHOES);NO SPECIAL FEATURE;STRAIGHT,LEVEL;PUBLIC VEHICULAR AREA;TWO-WAY,NOT DIVIDED;SMOOTH ASPHALT;DRY;DAYLIGHT;CLEAR;NO CONTROL PRESENT;35.760375056;-78.73906041;-78.7385;35.7601;P120;118;0;0;;;NONE;;NONE;;UNKNOWN;PASSENGER CAR;;;;NO;1717;2016-05-22;2:06:35 PM;2016-05-22T18:06:35+00:00;35.760375056, -78.73906041;2016;No;No;5;NONE;NONE,NONE;NONE,NONE;UNKNOWN,PASSENGER CAR;UNKNOWN,PASSENGER CAR;UNKNOWN,PASSENGER CAR;UNKNOWN,PASSENGER CAR
22342;0.284 MILES FROM ROBERTS RD;OTHER *;STRAIGHT,LEVEL;PUBLIC VEHICULAR AREA;TWO-WAY,NOT DIVIDED;SMOOTH ASPHALT;SAND, MUD, DIRT, GRAVEL;DAYLIGHT;CLEAR;NO CONTROL PRESENT;35.770132893;-78.89481234;-78.898821;35.770785;P091;WAKE;0;0;;;NONE;;NONE;;OTHER *;PICKUP;;;;CONSTRUCTION WORK AREA;1722;2016-05-13;3:57:58 PM;2016-05-13T19:57:58+00:00;35.770132893, -78.89481234;2016;No;No;5;NONE;NONE,NONE;NONE,NONE;OTHER *,PICKUP;OTHER *,PICKUP;OTHER *,PICKUP;OTHER *,PICKUP
22344;460 FEET FROM SR 3977 (NW CARY PKWY);DRIVEWAY, PUBLIC;STRAIGHT,LEVEL;STATE SECONDARY ROUTE;TWO-WAY,DIVIDED,UNPROTECTED MEDIAN;SMOOTH ASPHALT;DRY;DAYLIGHT;CLOUDY;STOP SIGN;;;-78.8271;35.7896;;;0;0;1;;NONE;;NONE;;SPORT UTILITY;SPORT UTILITY;;;;NO;1724;2016-05-21;4:21:28 PM;2016-05-21T20:21:28+00:00;;2016;No;No;5;NONE;NONE,NONE;NONE,NONE;SPORT UTILITY,SPORT UTILITY;SPORT UTILITY,SPORT UTILITY;SPORT UTILITY,SPORT UTILITY;SPORT UTILITY,SPORT UTILITY
22355;.25 MILES FROM N. HARRISON AVE;FOUR-WAY INTERSECTION;STRAIGHT,LEVEL;STATE SECONDARY ROUTE;TWO-WAY,NOT DIVIDED;SMOOTH ASPHALT;DRY;DAYLIGHT;CLOUDY;STOP AND GO SIGNAL;;;-78.7644;35.8314;;;0;2;;;NONE;;NONE;;PASSENGER CAR;PASSENGER CAR;;;;NO;1735;2016-05-22;9:32:23 AM;2016-05-22T13:32:23+00:00;;2016;No;Yes;5;NONE;NONE,NONE;NONE,NONE;PASSENGER CAR,PASSENGER CAR;PASSENGER CAR,PASSENGER CAR;PASSENGER CAR,PASSENGER CAR;PASSENGER CAR,PASSENGER CAR
22359;255 FEET FROM 104 POCONOS LN;NO SPECIAL FEATURE;STRAIGHT,LEVEL;LOCAL STREET;TWO-WAY,NOT DIVIDED;SMOOTH ASPHALT;DRY;DAYLIGHT;CLEAR;STOP SIGN;;;-78.819851;35.766799;;;0;0;;;NONE;;NONE;;PASSENGER CAR;PASSENGER CAR;;;;NO;1739;2016-05-23;5:28:28 PM;2016-05-23T21:28:28+00:00;;2016;No;No;5;NONE;NONE,NONE;NONE,NONE;PASSENGER CAR,PASSENGER CAR;PASSENGER CAR,PASSENGER CAR;PASSENGER CAR,PASSENGER CAR;PASSENGER CAR,PASSENGER CAR
22364;300 FEET FROM AUDREYSTONE DR.;NO SPECIAL FEATURE;CURVE,LEVEL;LOCAL STREET;TWO-WAY,NOT DIVIDED;SMOOTH ASPHALT;DRY;DAYLIGHT;CLOUDY;NO CONTROL PRESENT;35.700505544;-78.79369777;-78.794;35.6985;P048;116;0;0;;;NONE;;NONE;;PICKUP;;;;;NO;1744;2016-05-23;11:28 AM;2016-05-23T15:28:00+00:00;35.700505544, -78.79369777;2016;No;No;5;NONE;NONE,NONE;NONE,NONE;PICKUP;PICKUP;PICKUP;PICKUP
22367;.25 MILES FROM SR 1313;NO SPECIAL FEATURE;STRAIGHT,LEVEL;STATE SECONDARY ROUTE;TWO-WAY,DIVIDED,UNPROTECTED MEDIAN;COARSE ASPHALT;DRY;DAYLIGHT;CLOUDY;STOP AND GO SIGNAL;;;-78.7424;35.7516;;;0;0;;;NONE;;NONE;;PASSENGER CAR;PASSENGER CAR;;;;NO;1747;2016-05-23;3:58:35 PM;2016-05-23T19:58:35+00:00;;2016;No;No;5;NONE;NONE,NONE;NONE,NONE;PASSENGER CAR,PASSENGER CAR;PASSENGER CAR,PASSENGER CAR;PASSENGER CAR,PASSENGER CAR;PASSENGER CAR,PASSENGER CAR
22369;50 FEET FROM EVANS RD;NO SPECIAL FEATURE;STRAIGHT,LEVEL;STATE SECONDARY ROUTE;TWO-WAY,DIVIDED,UNPROTECTED MEDIAN;SMOOTH ASPHALT;DRY;DAYLIGHT;CLEAR;NO CONTROL PRESENT;35.821563067;-78.80377203;-78.805;35.8254;P022;111;0;0;;;DARTING;;NONE;;PASSENGER CAR;;;;;NO;1749;2016-05-24;7:18:50 AM;2016-05-24T11:18:50+00:00;35.821563067, -78.80377203;2016;No;No;5;DARTING;DARTING,NONE;DARTING,NONE;PASSENGER CAR;PASSENGER CAR;PASSENGER CAR;PASSENGER CAR
22371;.37 MILES FROM SR 3127 (MCCRIMMON PKWY);NO SPECIAL FEATURE;STRAIGHT,LEVEL;STATE SECONDARY ROUTE;TWO-WAY,DIVIDED,UNPROTECTED MEDIAN;SMOOTH ASPHALT;WET;DAYLIGHT;RAIN;NO CONTROL PRESENT;;;-78.891284;35.828143;;;0;2;1;;NONE;;NONE;;PASSENGER CAR;SPORT UTILITY;;;;NO;1751;2016-05-19;12:11 PM;2016-05-19T16:11:00+00:00;;2016;No;Yes;5;NONE;NONE,NONE;NONE,NONE;PASSENGER CAR,SPORT UTILITY;PASSENGER CAR,SPORT UTILITY;PASSENGER CAR,SPORT UTILITY;PASSENGER CAR,SPORT UTILITY
22385;5 FEET FROM CAMPBELL RD;RELATED TO INTERSECTION;STRAIGHT,LEVEL;LOCAL STREET;TWO-WAY,NOT DIVIDED;SMOOTH ASPHALT;DRY;DAYLIGHT;CLEAR;STOP SIGN;;;-78.7363;35.7455;;;0;0;2;;;;NONE;;PASSENGER CAR;SPORT UTILITY;;;;NO;1765;2016-05-20;6:57:49 PM;2016-05-20T22:57:49+00:00;;2016;No;No;5;;NONE;NONE;PASSENGER CAR,SPORT UTILITY;PASSENGER CAR,SPORT UTILITY;PASSENGER CAR,SPORT UTILITY;PASSENGER CAR,SPORT UTILITY
22393;.2 MILES FROM US1;OFF-RAMP ENTRY;STRAIGHT,LEVEL;US ROUTE;TWO-WAY,DIVIDED,POSITIVE MEDIAN BARRIER;CONCRETE;WET;DAYLIGHT;CLOUDY;NO CONTROL PRESENT;;;-78.7488;35.7606;;112;0;1;;;NONE;;NONE;;SPORT UTILITY;;;;;NO;1773;2016-05-19;7:12:29 PM;2016-05-19T23:12:29+00:00;;2016;No;Yes;5;NONE;NONE,NONE;NONE,NONE;SPORT UTILITY;SPORT UTILITY;SPORT UTILITY;SPORT UTILITY
22396;125 FEET FROM 575-102 NEW WAVERLY PLACE;NO SPECIAL FEATURE;STRAIGHT,GRADE;PUBLIC VEHICULAR AREA;TWO-WAY,NOT DIVIDED;SMOOTH ASPHALT;DRY;DAYLIGHT;CLEAR;NO CONTROL PRESENT;35.736717258;-78.77861754;-78.778;35.7372;P053;116;0;0;;;NONE;;NONE;;PASSENGER CAR;PASSENGER CAR;;;;NO;1776;2016-05-25;10:23 AM;2016-05-25T14:23:00+00:00;35.736717258, -78.77861754;2016;No;No;5;NONE;NONE,NONE;NONE,NONE;PASSENGER CAR,PASSENGER CAR;PASSENGER CAR,PASSENGER CAR;PASSENGER CAR,PASSENGER CAR;PASSENGER CAR,PASSENGER CAR
22403;75 FEET FROM PVA OF 1146 KILDAIRE FARM RD;NO SPECIAL FEATURE;STRAIGHT,LEVEL;PUBLIC VEHICULAR AREA;TWO-WAY,NOT DIVIDED;COARSE ASPHALT;DRY;DAYLIGHT;CLEAR;NO CONTROL PRESENT;;;-78.783;35.769;;;0;0;;;;;NONE;;PASSENGER CAR;PASSENGER CAR;;;;NO;1783;2016-05-25;5:20:36 PM;2016-05-25T21:20:36+00:00;;2016;No;No;5;;NONE;NONE;PASSENGER CAR,PASSENGER CAR;PASSENGER CAR,PASSENGER CAR;PASSENGER CAR,PASSENGER CAR;PASSENGER CAR,PASSENGER CAR
22408;1.13 MILES FROM US 1 HWY;NO SPECIAL FEATURE;STRAIGHT,LEVEL;US ROUTE;TWO-WAY,DIVIDED,POSITIVE MEDIAN BARRIER;SMOOTH ASPHALT;DRY;DAYLIGHT;CLEAR;NO CONTROL PRESENT;35.736779439;-78.78759801;-78.776088;35.746246;P042;115;0;0;;;NONE;;NONE;;SPORT UTILITY;SPORT UTILITY;;;;NO;1788;2016-05-25;8:38:16 AM;2016-05-25T12:38:16+00:00;35.736779439, -78.78759801;2016;No;No;5;NONE;NONE,NONE;NONE,NONE;SPORT UTILITY,SPORT UTILITY;SPORT UTILITY,SPORT UTILITY;SPORT UTILITY,SPORT UTILITY;SPORT UTILITY,SPORT UTILITY
22409;10 FEET FROM SR1010 (WALNUT ST);NO SPECIAL FEATURE;STRAIGHT,GRADE;STATE SECONDARY ROUTE;TWO-WAY,NOT DIVIDED;SMOOTH ASPHALT;DRY;DAYLIGHT;CLEAR;NO CONTROL PRESENT;;;-78.7618;35.7703;;;0;0;1;;NONE;;NONE;;SPORT UTILITY;PASSENGER CAR;;;;NO;1789;2016-05-24;1:19:14 PM;2016-05-24T17:19:14+00:00;;2016;No;No;5;NONE;NONE,NONE;NONE,NONE;SPORT UTILITY,PASSENGER CAR;SPORT UTILITY,PASSENGER CAR;SPORT UTILITY,PASSENGER CAR;SPORT UTILITY,PASSENGER CAR
22429;90 FEET FROM P.V.A. (105 SW CARY PKWY);NO SPECIAL FEATURE;STRAIGHT,GRADE;PUBLIC VEHICULAR AREA;TWO-WAY,NOT DIVIDED;SMOOTH ASPHALT;DRY;DAYLIGHT;CLEAR;NO CONTROL PRESENT;;;-78.7859;35.7569;;;0;0;;;NONE;;NONE;;PASSENGER CAR;PASSENGER CAR;;;;NO;1809;2016-05-23;5:39:02 PM;2016-05-23T21:39:02+00:00;;2016;No;No;5;NONE;NONE,NONE;NONE,NONE;PASSENGER CAR,PASSENGER CAR;PASSENGER CAR,PASSENGER CAR;PASSENGER CAR,PASSENGER CAR;PASSENGER CAR,PASSENGER CAR
22432;150 FEET FROM BURNLEY DR.;NO SPECIAL FEATURE;STRAIGHT,HILLCREST;LOCAL STREET;TWO-WAY,NOT DIVIDED;SMOOTH ASPHALT;WET;DAYLIGHT;RAIN;NO CONTROL PRESENT;35.755611464;-78.82107627;-78.8213;35.7576;P040;115;0;0;1;;NONE;;NONE;;SPORT UTILITY;SPORT UTILITY;;;;NO;1812;2016-05-29;4:19:06 PM;2016-05-29T20:19:06+00:00;35.755611464, -78.82107627;2016;No;No;5;NONE;NONE,NONE;NONE,NONE;SPORT UTILITY,SPORT UTILITY;SPORT UTILITY,SPORT UTILITY;SPORT UTILITY,SPORT UTILITY;SPORT UTILITY,SPORT UTILITY
22436;100 FEET FROM P.V.A. (TARGET);NO SPECIAL FEATURE;STRAIGHT,LEVEL;PUBLIC VEHICULAR AREA;TWO-WAY,NOT DIVIDED;SMOOTH ASPHALT;DRY;DAYLIGHT;CLOUDY;NO CONTROL PRESENT;35.758150457;-78.73940464;-78.7396;35.7584;P120;118;0;0;;;NONE;;NONE;;PASSENGER CAR;PASSENGER CAR;;;;NO;1816;2016-05-30;2:40:46 PM;2016-05-30T18:40:46+00:00;35.758150457, -78.73940464;2016;No;No;5;NONE;NONE,NONE;NONE,NONE;PASSENGER CAR,PASSENGER CAR;PASSENGER CAR,PASSENGER CAR;PASSENGER CAR,PASSENGER CAR;PASSENGER CAR,PASSENGER CAR
22439;150 FEET FROM E DURHAM RD;NO SPECIAL FEATURE;STRAIGHT,LEVEL;LOCAL STREET;TWO-WAY,NOT DIVIDED;SMOOTH ASPHALT;DRY;DAYLIGHT;CLOUDY;NO CONTROL PRESENT;35.790638213;-78.77651761;-78.7773;35.7908;P060;113;0;0;2;;DARTING;;NONE;;PASSENGER CAR;;;;;NO;1819;2016-05-30;1:52:05 PM;2016-05-30T17:52:05+00:00;35.790638213, -78.77651761;2016;No;No;5;DARTING;DARTING,NONE;DARTING,NONE;PASSENGER CAR;PASSENGER CAR;PASSENGER CAR;PASSENGER CAR
22440;211 FEET FROM P.V.A. 1253 BUCK JONES RD;NO SPECIAL FEATURE;STRAIGHT,LEVEL;PUBLIC VEHICULAR AREA;TWO-WAY,NOT DIVIDED;SMOOTH ASPHALT;DRY;DAYLIGHT;CLOUDY;NO CONTROL PRESENT;;;-78.7404;35.765;;;0;0;1;;NONE;;NONE;;PASSENGER CAR;PASSENGER CAR;PASSENGER CAR;;;NO;1820;2016-05-30;2:38:40 PM;2016-05-30T18:38:40+00:00;;2016;No;No;5;NONE;NONE,NONE;NONE,NONE;PASSENGER CAR,PASSENGER CAR;PASSENGER CAR,PASSENGER CAR,PASSENGER CAR;PASSENGER CAR,PASSENGER CAR,PASSENGER CAR;PASSENGER CAR,PASSENGER CAR,PASSENGER CAR
22446;100 FEET FROM PONY CLUB CIR;OTHER *;STRAIGHT,LEVEL;PUBLIC VEHICULAR AREA;TWO-WAY,NOT DIVIDED;SMOOTH ASPHALT;DRY;DAYLIGHT;CLOUDY;NO CONTROL PRESENT;35.819216679;-78.89995022;-78.899426;35.818895;P015;122;0;0;;;;;NONE;;SINGLE UNIT TRUCK (2-AXLE- 6-TIRE);VAN;;;;NO;1826;2016-05-29;8:54:20 PM;2016-05-30T00:54:20+00:00;35.819216679, -78.89995022;2016;No;No;5;;NONE;NONE;SINGLE UNIT TRUCK (2-AXLE- 6-TIRE),VAN;SINGLE UNIT TRUCK (2-AXLE- 6-TIRE),VAN;SINGLE UNIT TRUCK (2-AXLE- 6-TIRE),VAN;SINGLE UNIT TRUCK (2-AXLE- 6-TIRE),VAN
22453;0 FEET FROM SR1313 (WALNUT ST);FOUR-WAY INTERSECTION;STRAIGHT,LEVEL;STATE SECONDARY ROUTE;TWO-WAY,DIVIDED,UNPROTECTED MEDIAN;SMOOTH ASPHALT;DRY;DAYLIGHT;CLEAR;STOP AND GO SIGNAL;;;-78.7488;35.7639;;;0;2;1;;NONE;;NONE;;PASSENGER CAR;VAN;;;;NO;1833;2016-05-26;1:34:07 PM;2016-05-26T17:34:07+00:00;;2016;No;Yes;5;NONE;NONE,NONE;NONE,NONE;PASSENGER CAR,VAN;PASSENGER CAR,VAN;PASSENGER CAR,VAN;PASSENGER CAR,VAN
22454;70 FEET FROM PVA BRUEGGER`S BAGEL (4212 CAR;NO SPECIAL FEATURE;STRAIGHT,LEVEL;PUBLIC VEHICULAR AREA;TWO-WAY,NOT DIVIDED;COARSE ASPHALT;DRY;DAYLIGHT;CLEAR;STOP SIGN;;;-78.8263;35.791;;;0;0;1;;NONE;;NONE;;SPORT UTILITY;VAN;;;;NO;1834;2016-05-31;7:34:42 AM;2016-05-31T11:34:42+00:00;;2016;No;No;5;NONE;NONE,NONE;NONE,NONE;SPORT UTILITY,VAN;SPORT UTILITY,VAN;SPORT UTILITY,VAN;SPORT UTILITY,VAN
22459;250 FEET FROM 501 CAITBOO AVE;NO SPECIAL FEATURE;STRAIGHT,LEVEL;PUBLIC VEHICULAR AREA;TWO-WAY,NOT DIVIDED;SMOOTH ASPHALT;DRY;DAYLIGHT;CLEAR;NO CONTROL PRESENT;;;-78.734867;35.758685;;;0;0;1;;NONE;;NONE;;SPORT UTILITY;PASSENGER CAR;;;;NO;1839;2016-05-26;6:28:30 PM;2016-05-26T22:28:30+00:00;;2016;No;No;5;NONE;NONE,NONE;NONE,NONE;SPORT UTILITY,PASSENGER CAR;SPORT UTILITY,PASSENGER CAR;SPORT UTILITY,PASSENGER CAR;SPORT UTILITY,PASSENGER CAR
22460;360 FEET FROM S.R. 1300 (KILDAIRE FARM RD);NO SPECIAL FEATURE;STRAIGHT,LEVEL;STATE SECONDARY ROUTE;TWO-WAY,NOT DIVIDED;SMOOTH ASPHALT;WET;DAYLIGHT;RAIN;STOP AND GO SIGNAL;;;-78.7832;35.7589;;;0;0;1;;NONE;;NONE;;PASSENGER CAR;VAN;;;;NO;1840;2016-05-31;4:26:17 PM;2016-05-31T20:26:17+00:00;;2016;No;No;5;NONE;NONE,NONE;NONE,NONE;PASSENGER CAR,VAN;PASSENGER CAR,VAN;PASSENGER CAR,VAN;PASSENGER CAR,VAN
22476;475 FEET FROM NC 55 HWY;NO SPECIAL FEATURE;STRAIGHT,LEVEL;NC ROUTE;TWO-WAY,DIVIDED,UNPROTECTED MEDIAN;SMOOTH ASPHALT;DRY;DAYLIGHT;CLEAR;NO CONTROL PRESENT;35.803068961;-78.87128172;-78.871725;35.80507;P091;WAKE;0;0;;;NONE;;NONE;;SPORT UTILITY;SPORT UTILITY;;;;NO;1856;2016-06-01;6:14:53 PM;2016-06-01T22:14:53+00:00;35.803068961, -78.87128172;2016;No;No;6;NONE;NONE,NONE;NONE,NONE;SPORT UTILITY,SPORT UTILITY;SPORT UTILITY,SPORT UTILITY;SPORT UTILITY,SPORT UTILITY;SPORT UTILITY,SPORT UTILITY
22479;400 FEET FROM 320 PRESTONWOOD PKWY;NO SPECIAL FEATURE;STRAIGHT,LEVEL;PUBLIC VEHICULAR AREA;TWO-WAY,NOT DIVIDED;SMOOTH ASPHALT;DRY;DAYLIGHT;CLEAR;NO CONTROL PRESENT;35.794396738;-78.83682824;-78.833721;35.795835;P067;121;0;0;;;NONE;;NONE;;SPORT UTILITY;SPORT UTILITY;;;;NO;1859;2016-05-31;6:15:47 PM;2016-05-31T22:15:47+00:00;35.794396738, -78.83682824;2016;No;No;5;NONE;NONE,NONE;NONE,NONE;SPORT UTILITY,SPORT UTILITY;SPORT UTILITY,SPORT UTILITY;SPORT UTILITY,SPORT UTILITY;SPORT UTILITY,SPORT UTILITY
22481;80 FEET FROM [SR1010]TEN TEN RD;NO SPECIAL FEATURE;STRAIGHT,LEVEL;LOCAL STREET;TWO-WAY,NOT DIVIDED;SMOOTH ASPHALT;DRY;DAYLIGHT;CLEAR;STOP AND GO SIGNAL;35.650322553;-78.7559764;-78.7695;35.6938;;;0;0;;;NONE;;NONE;;SPORT UTILITY;PASSENGER CAR;PASSENGER CAR;;;NO;1861;2016-06-01;8:35:00 AM;2016-06-01T12:35:00+00:00;35.650322553, -78.7559764;2016;No;No;6;NONE;NONE,NONE;NONE,NONE;SPORT UTILITY,PASSENGER CAR;SPORT UTILITY,PASSENGER CAR,PASSENGER CAR;SPORT UTILITY,PASSENGER CAR,PASSENGER CAR;SPORT UTILITY,PASSENGER CAR,PASSENGER CAR
22483;150 FEET FROM PVA NEW WAVERLY PLACE;NO SPECIAL FEATURE;STRAIGHT,LEVEL;PUBLIC VEHICULAR AREA;TWO-WAY,NOT DIVIDED;SMOOTH ASPHALT;DRY;DAYLIGHT;CLEAR;NO CONTROL PRESENT;35.738527145;-78.77751237;-78.77666;35.737994;P053;116;0;0;;;;;NONE;;PASSENGER CAR;SPORT UTILITY;;;;NO;1863;2016-06-01;6:18:49 PM;2016-06-01T22:18:49+00:00;35.738527145, -78.77751237;2016;No;No;6;;NONE;NONE;PASSENGER CAR,SPORT UTILITY;PASSENGER CAR,SPORT UTILITY;PASSENGER CAR,SPORT UTILITY;PASSENGER CAR,SPORT UTILITY
22488;250 FEET FROM US 1 HWY;NO SPECIAL FEATURE;STRAIGHT,LEVEL;US ROUTE;TWO-WAY,DIVIDED,POSITIVE MEDIAN BARRIER;GROOVED CONCRETE;DRY;DAYLIGHT;CLEAR;NO CONTROL PRESENT;35.736894104;-78.79376167;-78.789096;35.739403;P043;116;0;0;;;NONE;;NONE;;PASSENGER CAR;;;;;NO;1868;2016-06-01;3:29:48 PM;2016-06-01T19:29:48+00:00;35.736894104, -78.79376167;2016;No;No;6;NONE;NONE,NONE;NONE,NONE;PASSENGER CAR;PASSENGER CAR;PASSENGER CAR;PASSENGER CAR
22489;300 FEET FROM 101 YMCA DR;DRIVEWAY, PUBLIC;STRAIGHT,LEVEL;PUBLIC VEHICULAR AREA;TWO-WAY,NOT DIVIDED;COARSE ASPHALT;DRY;DAYLIGHT;CLEAR;NO CONTROL PRESENT;35.776030041;-78.83381216;;;P064;117;0;0;;;NONE;;NONE;;PASSENGER CAR;SPORT UTILITY;;;;NO;1869;2016-06-01;2:27:36 PM;2016-06-01T18:27:36+00:00;35.776030041, -78.83381216;2016;No;No;6;NONE;NONE,NONE;NONE,NONE;PASSENGER CAR,SPORT UTILITY;PASSENGER CAR,SPORT UTILITY;PASSENGER CAR,SPORT UTILITY;PASSENGER CAR,SPORT UTILITY
22497;CARY;FOUR-WAY INTERSECTION;STRAIGHT,LEVEL;STATE SECONDARY ROUTE;TWO-WAY,DIVIDED,UNPROTECTED MEDIAN;SMOOTH ASPHALT;DRY;DAYLIGHT;CLEAR;STOP AND GO SIGNAL;;;-78.796;35.7987;;;0;0;2;;NONE;;NONE;;PASSENGER CAR;PASSENGER CAR;;;;NO;1877;2016-06-03;6:51:27 AM;2016-06-03T10:51:27+00:00;;2016;No;No;6;NONE;NONE,NONE;NONE,NONE;PASSENGER CAR,PASSENGER CAR;PASSENGER CAR,PASSENGER CAR;PASSENGER CAR,PASSENGER CAR;PASSENGER CAR,PASSENGER CAR
22503;CARY;NO SPECIAL FEATURE;STRAIGHT,LEVEL;PUBLIC VEHICULAR AREA;ONE-WAY,NOT DIVIDED;SMOOTH ASPHALT;DRY;DAYLIGHT;CLOUDY;NO CONTROL PRESENT;35.754908262;-78.73025042;-78.741274;35.7;P093;WAKE;0;0;2;;NONE;;NONE;;PASSENGER CAR;SPORT UTILITY;;;;NO;1883;2016-06-03;11:20 AM;2016-06-03T15:20:00+00:00;35.754908262, -78.73025042;2016;No;No;6;NONE;NONE,NONE;NONE,NONE;PASSENGER CAR,SPORT UTILITY;PASSENGER CAR,SPORT UTILITY;PASSENGER CAR,SPORT UTILITY;PASSENGER CAR,SPORT UTILITY
22505;250 FEET FROM P.V.A. (1273 NW MAYNARD RD);DRIVEWAY, PUBLIC;STRAIGHT,LEVEL;PUBLIC VEHICULAR AREA;TWO-WAY,NOT DIVIDED;SMOOTH ASPHALT;DRY;DAYLIGHT;CLEAR;NO CONTROL PRESENT;;;-78.8116;35.7853;;114;0;0;;;NONE;;NONE;;PASSENGER CAR;PASSENGER CAR;;;;NO;1885;2016-06-04;9:39:58 AM;2016-06-04T13:39:58+00:00;;2016;No;No;6;NONE;NONE,NONE;NONE,NONE;PASSENGER CAR,PASSENGER CAR;PASSENGER CAR,PASSENGER CAR;PASSENGER CAR,PASSENGER CAR;PASSENGER CAR,PASSENGER CAR
22511;0.15 MILES FROM P.V.A. 2330 WALNUT ST;NO SPECIAL FEATURE;STRAIGHT,LEVEL;PUBLIC VEHICULAR AREA;TWO-WAY,NOT DIVIDED;SMOOTH ASPHALT;DRY;DAYLIGHT;CLEAR;NO CONTROL PRESENT;;;-78.7427;35.753;;;0;0;;;NONE;;NONE;;SPORT UTILITY;PASSENGER CAR;;;;NO;1891;2016-05-31;12:57 PM;2016-05-31T16:57:00+00:00;;2016;No;No;5;NONE;NONE,NONE;NONE,NONE;SPORT UTILITY,PASSENGER CAR;SPORT UTILITY,PASSENGER CAR;SPORT UTILITY,PASSENGER CAR;SPORT UTILITY,PASSENGER CAR