tamainid;location_description;rdfeature;rdcharacter;rdclass;rdconfigur;rdsurface;rdcondition;lightcond;weather;trafcontrl;lat;lon;lon2;lat2;tract;zone;fatality;possblinj;numpassengers;numpedestrians;contrcir1_desc;contrcir2_desc;contrcir3_desc;contrcir4_desc;vehicle1;vehicle2;vehicle3;vehicle4;vehicle5;workarea;records;ta_date;ta_time;crash_date;geo_location;year;fatalities;injuries;month;contrfact1;contrfact2;contributing_factor;vehicleconcat1;vehicleconcat2;vehicleconcat3;vehicle_type
22515;450 FEET FROM US 64 HWY;NO SPECIAL FEATURE;STRAIGHT,LEVEL;US ROUTE;TWO-WAY,DIVIDED,UNPROTECTED MEDIAN;SMOOTH ASPHALT;DRY;DAYLIGHT;CLEAR;NO CONTROL PRESENT;35.741494418;-78.80972316;-78.808201;35.741126;P041;116;0;0;;;;;NONE;;SPORT UTILITY;PASSENGER CAR;;;;NO;1895;2016-06-03;5:12:06 PM;2016-06-03T21:12:06+00:00;35.741494418, -78.80972316;2016;No;No;6;;NONE;NONE;SPORT UTILITY,PASSENGER CAR;SPORT UTILITY,PASSENGER CAR;SPORT UTILITY,PASSENGER CAR;SPORT UTILITY,PASSENGER CAR
22522;CARY;NO SPECIAL FEATURE;STRAIGHT,HILLCREST;STATE SECONDARY ROUTE;TWO-WAY,DIVIDED,POSITIVE MEDIAN BARRIER;SMOOTH ASPHALT;DRY;DAYLIGHT;CLEAR;STOP AND GO SIGNAL;35.745672067;-78.73771808;-78.7799;35.7397;P046;118;0;2;;;NONE;;NONE;;PASSENGER CAR;PASSENGER CAR;;;;NO;1902;2016-06-04;9:19:14 AM;2016-06-04T13:19:14+00:00;35.745672067, -78.73771808;2016;No;Yes;6;NONE;NONE,NONE;NONE,NONE;PASSENGER CAR,PASSENGER CAR;PASSENGER CAR,PASSENGER CAR;PASSENGER CAR,PASSENGER CAR;PASSENGER CAR,PASSENGER CAR
22526;0.4 MILES FROM US 1;MERGE LANE BETWEEN ON AND OFF RAMP;STRAIGHT,LEVEL;US ROUTE;TWO-WAY,DIVIDED,POSITIVE MEDIAN BARRIER;SMOOTH ASPHALT;DRY;DAYLIGHT;CLEAR;NO CONTROL PRESENT;;;-78.7517;35.7589;;;0;0;;;NONE;;NONE;;PASSENGER CAR;PASSENGER CAR;;;;NO;1906;2016-06-05;2:34:26 PM;2016-06-05T18:34:26+00:00;;2016;No;No;6;NONE;NONE,NONE;NONE,NONE;PASSENGER CAR,PASSENGER CAR;PASSENGER CAR,PASSENGER CAR;PASSENGER CAR,PASSENGER CAR;PASSENGER CAR,PASSENGER CAR
22528;0.10 MILES FROM P.V.A. 1253 BUCK JONES RD;NO SPECIAL FEATURE;STRAIGHT,LEVEL;PUBLIC VEHICULAR AREA;TWO-WAY,NOT DIVIDED;SMOOTH ASPHALT;DRY;DAYLIGHT;CLEAR;NO CONTROL PRESENT;;;-78.7402;35.7654;;;0;0;;;NONE;;NONE;;SPORT UTILITY;SPORT UTILITY;;;;NO;1908;2016-06-05;10:41 AM;2016-06-05T14:41:00+00:00;;2016;No;No;6;NONE;NONE,NONE;NONE,NONE;SPORT UTILITY,SPORT UTILITY;SPORT UTILITY,SPORT UTILITY;SPORT UTILITY,SPORT UTILITY;SPORT UTILITY,SPORT UTILITY
22531;CARY;NO SPECIAL FEATURE;STRAIGHT,LEVEL;LOCAL STREET;TWO-WAY,NOT DIVIDED;SMOOTH ASPHALT;DRY;DAYLIGHT;CLEAR;NO CONTROL PRESENT;35.773623689;-78.86240116;-78.862171;35.773638;P071;117;0;0;;;NONE;;NONE;;PASSENGER CAR;VAN;;;;NO;1911;2016-06-05;12:58 PM;2016-06-05T16:58:00+00:00;35.773623689, -78.86240116;2016;No;No;6;NONE;NONE,NONE;NONE,NONE;PASSENGER CAR,VAN;PASSENGER CAR,VAN;PASSENGER CAR,VAN;PASSENGER CAR,VAN
22535;CARY;NO SPECIAL FEATURE;STRAIGHT,LEVEL;US ROUTE;TWO-WAY,DIVIDED,POSITIVE MEDIAN BARRIER;SMOOTH ASPHALT;DRY;DAYLIGHT;CLEAR;NO CONTROL PRESENT;;;-78.745;35.7621;;;0;0;;;NONE;;NONE;;PASSENGER CAR;;;;;NO;1915;2016-06-05;2:34:26 PM;2016-06-05T18:34:26+00:00;;2016;No;No;6;NONE;NONE,NONE;NONE,NONE;PASSENGER CAR;PASSENGER CAR;PASSENGER CAR;PASSENGER CAR
22539;20 FEET FROM MEETING ST;FOUR-WAY INTERSECTION;STRAIGHT,HILLCREST;LOCAL STREET;TWO-WAY,NOT DIVIDED;SMOOTH ASPHALT;DRY;DAYLIGHT;CLEAR;STOP AND GO SIGNAL;35.759565079;-78.74137444;-78.7423;35.759;P120;118;0;0;;;NONE;;NONE;;PASSENGER CAR;PASSENGER CAR;;;;NO;1919;2016-06-05;3:57:19 PM;2016-06-05T19:57:19+00:00;35.759565079, -78.74137444;2016;No;No;6;NONE;NONE,NONE;NONE,NONE;PASSENGER CAR,PASSENGER CAR;PASSENGER CAR,PASSENGER CAR;PASSENGER CAR,PASSENGER CAR;PASSENGER CAR,PASSENGER CAR
22540;25 FEET FROM MACKENAN DR;FOUR-WAY INTERSECTION;STRAIGHT,LEVEL;LOCAL STREET;TWO-WAY,NOT DIVIDED;SMOOTH ASPHALT;DRY;DAYLIGHT;CLOUDY;STOP AND GO SIGNAL;35.740311929;-78.80987758;-78.8096;35.7413;P041;116;0;0;;;NONE;;NONE;;PASSENGER CAR;PASSENGER CAR;;;;NO;1920;2016-06-06;8:14:49 AM;2016-06-06T12:14:49+00:00;35.740311929, -78.80987758;2016;No;No;6;NONE;NONE,NONE;NONE,NONE;PASSENGER CAR,PASSENGER CAR;PASSENGER CAR,PASSENGER CAR;PASSENGER CAR,PASSENGER CAR;PASSENGER CAR,PASSENGER CAR
22541;CARY;RELATED TO INTERSECTION;CURVE,HILLCREST;LOCAL STREET;TWO-WAY,NOT DIVIDED;SMOOTH ASPHALT;DRY;DAYLIGHT;CLEAR;NO CONTROL PRESENT;35.814914016;-78.81097039;-78.8112;35.8148;P022;111;0;0;;;NONE;;NONE;;SPORT UTILITY;;;;;NO;1921;2016-06-05;10:32 AM;2016-06-05T14:32:00+00:00;35.814914016, -78.81097039;2016;No;No;6;NONE;NONE,NONE;NONE,NONE;SPORT UTILITY;SPORT UTILITY;SPORT UTILITY;SPORT UTILITY
22543;50 FEET FROM CREEK PARK DR;DRIVEWAY, PRIVATE;STRAIGHT,GRADE;LOCAL STREET;TWO-WAY,NOT DIVIDED;CONCRETE;DRY;DAYLIGHT;CLEAR;NO CONTROL PRESENT;35.800878034;-78.84627544;-78.84619;35.801147;P078;121;0;0;;;NONE;;NONE;;PASSENGER CAR;PASSENGER CAR;;;;NO;1923;2016-06-05;5:27:41 PM;2016-06-05T21:27:41+00:00;35.800878034, -78.84627544;2016;No;No;6;NONE;NONE,NONE;NONE,NONE;PASSENGER CAR,PASSENGER CAR;PASSENGER CAR,PASSENGER CAR;PASSENGER CAR,PASSENGER CAR;PASSENGER CAR,PASSENGER CAR
22545;.210 MILES FROM VILLAGE GREENWAY;NO SPECIAL FEATURE;STRAIGHT,LEVEL;PUBLIC VEHICULAR AREA;TWO-WAY,NOT DIVIDED;SMOOTH ASPHALT;WET;DARK - LIGHTED ROADWAY;RAIN;NO CONTROL PRESENT;35.780766306;-78.76308411;-78.762241;35.779297;P057;120;0;0;;;;;NONE;;PASSENGER CAR;PICKUP;;;;NO;1925;2016-06-06;10:42 PM;2016-06-07T02:42:00+00:00;35.780766306, -78.76308411;2016;No;No;6;;NONE;NONE;PASSENGER CAR,PICKUP;PASSENGER CAR,PICKUP;PASSENGER CAR,PICKUP;PASSENGER CAR,PICKUP
22550;24 FEET FROM 100 GRANDE MEADOW WAY;NO SPECIAL FEATURE;CURVE,LEVEL;LOCAL STREET;TWO-WAY,NOT DIVIDED;SMOOTH ASPHALT;DRY;DAYLIGHT;CLEAR;STOP SIGN;35.803043111;-78.78678742;-78.78692;35.803176;P024;111;0;1;1;;NONE;;NONE;;PASSENGER CAR;;;;;NO;1930;2016-06-03;7:04:13 PM;2016-06-03T23:04:13+00:00;35.803043111, -78.78678742;2016;No;Yes;6;NONE;NONE,NONE;NONE,NONE;PASSENGER CAR;PASSENGER CAR;PASSENGER CAR;PASSENGER CAR
22551;0 FEET FROM SR 1616 (OLD APEX RD);FOUR-WAY INTERSECTION;STRAIGHT,LEVEL;STATE SECONDARY ROUTE;TWO-WAY,DIVIDED,UNPROTECTED MEDIAN;SMOOTH ASPHALT;DRY;DAYLIGHT;CLEAR;STOP AND GO SIGNAL;35.771226185;-78.80743757;-78.807491;35.77124;P068;117;0;1;;;NONE;;NONE;;SPORT UTILITY;PASSENGER CAR;;;;NO;1931;2016-06-02;11:48 AM;2016-06-02T15:48:00+00:00;35.771226185, -78.80743757;2016;No;Yes;6;NONE;NONE,NONE;NONE,NONE;SPORT UTILITY,PASSENGER CAR;SPORT UTILITY,PASSENGER CAR;SPORT UTILITY,PASSENGER CAR;SPORT UTILITY,PASSENGER CAR
22558;.2 MILES FROM US 1 HWY NB;NO SPECIAL FEATURE;STRAIGHT,LEVEL;US ROUTE;TWO-WAY,DIVIDED,POSITIVE MEDIAN BARRIER;SMOOTH ASPHALT;DRY;DAYLIGHT;CLEAR;NO CONTROL PRESENT;35.736701222;-78.78832394;-78.8112;35.7273;P042;115;0;0;1;;NONE;;NONE;;SPORT UTILITY;PASSENGER CAR;;;;NO;1938;2016-06-08;8:44:28 AM;2016-06-08T12:44:28+00:00;35.736701222, -78.78832394;2016;No;No;6;NONE;NONE,NONE;NONE,NONE;SPORT UTILITY,PASSENGER CAR;SPORT UTILITY,PASSENGER CAR;SPORT UTILITY,PASSENGER CAR;SPORT UTILITY,PASSENGER CAR
22568;0 FEET FROM SR 1313 (WALNUT ST);T-INTERSECTION;STRAIGHT,LEVEL;STATE SECONDARY ROUTE;TWO-WAY,DIVIDED,UNPROTECTED MEDIAN;SMOOTH ASPHALT;DRY;DAYLIGHT;CLEAR;STOP AND GO SIGNAL;;;-78.745949;35.762912;;;0;0;;;;;NONE;;SPORT UTILITY;PICKUP;;;;NO;1948;2016-06-07;6:35:21 PM;2016-06-07T22:35:21+00:00;;2016;No;No;6;;NONE;NONE;SPORT UTILITY,PICKUP;SPORT UTILITY,PICKUP;SPORT UTILITY,PICKUP;SPORT UTILITY,PICKUP
22571;250 FEET FROM 525 NEW WAVERLY PL (PVA);NO SPECIAL FEATURE;STRAIGHT,LEVEL;PUBLIC VEHICULAR AREA;TWO-WAY,NOT DIVIDED;SMOOTH ASPHALT;DRY;DUSK;CLEAR;NO CONTROL PRESENT;35.740426083;-78.77602991;-78.7769;35.7376;P053;116;0;0;;;NONE;;NONE;;PASSENGER CAR;SPORT UTILITY;;;;NO;1951;2016-06-08;8:09:55 PM;2016-06-09T00:09:55+00:00;35.740426083, -78.77602991;2016;No;No;6;NONE;NONE,NONE;NONE,NONE;PASSENGER CAR,SPORT UTILITY;PASSENGER CAR,SPORT UTILITY;PASSENGER CAR,SPORT UTILITY;PASSENGER CAR,SPORT UTILITY
22574;.25 MILES FROM US 1 HWY SB;NO SPECIAL FEATURE;STRAIGHT,LEVEL;US ROUTE;TWO-WAY,DIVIDED,POSITIVE MEDIAN BARRIER;SMOOTH ASPHALT;DRY;DAYLIGHT;CLEAR;NO CONTROL PRESENT;35.748574331;-78.77222222;-78.776818;35.746206;P027;112;0;0;;;NONE;;NONE;;SPORT UTILITY;SPORT UTILITY;;;;NO;1954;2016-06-07;1:48:11 PM;2016-06-07T17:48:11+00:00;35.748574331, -78.77222222;2016;No;No;6;NONE;NONE,NONE;NONE,NONE;SPORT UTILITY,SPORT UTILITY;SPORT UTILITY,SPORT UTILITY;SPORT UTILITY,SPORT UTILITY;SPORT UTILITY,SPORT UTILITY
22578;CARY;RELATED TO INTERSECTION;STRAIGHT,LEVEL;US ROUTE;TWO-WAY,DIVIDED,UNPROTECTED MEDIAN;SMOOTH ASPHALT;DRY;DAYLIGHT;CLEAR;STOP AND GO SIGNAL;35.738696103;-78.79841368;-78.7995;35.7385;P041;116;0;0;;;NONE;;NONE;;PICKUP;PASSENGER CAR;;;;NO;1958;2016-06-08;10:33 AM;2016-06-08T14:33:00+00:00;35.738696103, -78.79841368;2016;No;No;6;NONE;NONE,NONE;NONE,NONE;PICKUP,PASSENGER CAR;PICKUP,PASSENGER CAR;PICKUP,PASSENGER CAR;PICKUP,PASSENGER CAR
22583;100 FEET FROM SR 1613 (DAVIS DR);NO SPECIAL FEATURE;STRAIGHT,GRADE;STATE SECONDARY ROUTE;TWO-WAY,DIVIDED,UNPROTECTED MEDIAN;SMOOTH ASPHALT;DRY;DAYLIGHT;CLEAR;NO CONTROL PRESENT;35.819977574;-78.84775029;-78.8479;35.8139;P100;RALW;0;2;;;NONE;;NONE;;SPORT UTILITY;PASSENGER CAR;;;;NO;1963;2016-06-09;6:42:41 PM;2016-06-09T22:42:41+00:00;35.819977574, -78.84775029;2016;No;Yes;6;NONE;NONE,NONE;NONE,NONE;SPORT UTILITY,PASSENGER CAR;SPORT UTILITY,PASSENGER CAR;SPORT UTILITY,PASSENGER CAR;SPORT UTILITY,PASSENGER CAR
22604;NEAR .01 MILES S OF S LOUIS STEPHENS DR;NO SPECIAL FEATURE;CURVE,LEVEL;LOCAL STREET;TWO-WAY,NOT DIVIDED;SMOOTH ASPHALT;DRY;DARK - LIGHTED ROADWAY;CLEAR;NO CONTROL PRESENT;35.832137957;-78.86202621;-78.862;35.8313;P073;121;0;0;;;NONE;;NONE;;PASSENGER CAR;;;;;NO;1984;2016-06-11;2:23:05 AM;2016-06-11T06:23:05+00:00;35.832137957, -78.86202621;2016;No;No;6;NONE;NONE,NONE;NONE,NONE;PASSENGER CAR;PASSENGER CAR;PASSENGER CAR;PASSENGER CAR
22608;75 FEET FROM CORNERSTONE DR;OTHER *;STRAIGHT,LEVEL;PUBLIC VEHICULAR AREA;UNKNOWN;COARSE ASPHALT;DRY;DAYLIGHT;CLEAR;NO CONTROL PRESENT;;;-78.851352;35.790158;;;0;0;1;;;;NONE;;SPORT UTILITY;PASSENGER CAR;;;;NO;1988;2016-06-11;3:45:42 PM;2016-06-11T19:45:42+00:00;;2016;No;No;6;;NONE;NONE;SPORT UTILITY,PASSENGER CAR;SPORT UTILITY,PASSENGER CAR;SPORT UTILITY,PASSENGER CAR;SPORT UTILITY,PASSENGER CAR
22612;.10 MILES FROM US 1 NORTH;NO SPECIAL FEATURE;STRAIGHT,LEVEL;US ROUTE;TWO-WAY,DIVIDED,POSITIVE MEDIAN BARRIER;SMOOTH ASPHALT;DRY;DAYLIGHT;CLEAR;NO CONTROL PRESENT;35.76215792;-78.74506048;-78.7436;35.7657;P083;112;0;0;1;;;;NONE;;SPORT UTILITY;SPORT UTILITY;PICKUP;;;CONSTRUCTION WORK AREA;1992;2016-06-09;10:04 PM;2016-06-10T02:04:00+00:00;35.76215792, -78.74506048;2016;No;No;6;;NONE;NONE;SPORT UTILITY,SPORT UTILITY;SPORT UTILITY,SPORT UTILITY,PICKUP;SPORT UTILITY,SPORT UTILITY,PICKUP;SPORT UTILITY,SPORT UTILITY,PICKUP
22619;CARY;T-INTERSECTION;STRAIGHT,LEVEL;LOCAL STREET;TWO-WAY,DIVIDED,POSITIVE MEDIAN BARRIER;SMOOTH ASPHALT;DRY;DAYLIGHT;CLEAR;STOP AND GO SIGNAL;;;-78.7805;35.7581;;;0;0;1;;NONE;;NONE;;SPORT UTILITY;PASSENGER CAR;;;;NO;1999;2016-06-12;6:35:23 PM;2016-06-12T22:35:23+00:00;;2016;No;No;6;NONE;NONE,NONE;NONE,NONE;SPORT UTILITY,PASSENGER CAR;SPORT UTILITY,PASSENGER CAR;SPORT UTILITY,PASSENGER CAR;SPORT UTILITY,PASSENGER CAR
22620;.10 MILES FROM ARTHUR PIERCE RD;NO SPECIAL FEATURE;CURVE,LEVEL;LOCAL STREET;TWO-WAY,NOT DIVIDED;SMOOTH ASPHALT;DRY;DAYLIGHT;CLEAR;NO CONTROL PRESENT;35.696260371;-78.79049255;-78.7901;35.6959;P048;116;0;2;;;;;NONE;;PICKUP;SPORT UTILITY;;;;NO;2000;2016-06-08;5:21:22 PM;2016-06-08T21:21:22+00:00;35.696260371, -78.79049255;2016;No;Yes;6;;NONE;NONE;PICKUP,SPORT UTILITY;PICKUP,SPORT UTILITY;PICKUP,SPORT UTILITY;PICKUP,SPORT UTILITY
22621;100 FEET FROM US 1 NB;NO SPECIAL FEATURE;STRAIGHT,LEVEL;US ROUTE;TWO-WAY,DIVIDED,POSITIVE MEDIAN BARRIER;CONCRETE;DRY;DARK - LIGHTED ROADWAY;CLEAR;NO CONTROL PRESENT;;;-78.768;35.7506;;;0;0;1;;NONE;;NONE;;EMS VEHICLE- AMBULANCE- RESCUE SQUAD;;;;;NO;2001;2016-06-13;2:51:25 AM;2016-06-13T06:51:25+00:00;;2016;No;No;6;NONE;NONE,NONE;NONE,NONE;EMS VEHICLE- AMBULANCE- RESCUE SQUAD;EMS VEHICLE- AMBULANCE- RESCUE SQUAD;EMS VEHICLE- AMBULANCE- RESCUE SQUAD;EMS VEHICLE- AMBULANCE- RESCUE SQUAD
22622;1 MILES FROM US 1;NO SPECIAL FEATURE;STRAIGHT,LEVEL;US ROUTE;TWO-WAY,DIVIDED,POSITIVE MEDIAN BARRIER;CONCRETE;DRY;DARK - LIGHTED ROADWAY;CLEAR;NO CONTROL PRESENT;;;-78.7868;35.7407;;;0;0;;;NONE;;NONE;;UNKNOWN;PASSENGER CAR;;;;NO;2002;2016-06-08;12:12 AM;2016-06-08T04:12:00+00:00;;2016;No;No;6;NONE;NONE,NONE;NONE,NONE;UNKNOWN,PASSENGER CAR;UNKNOWN,PASSENGER CAR;UNKNOWN,PASSENGER CAR;UNKNOWN,PASSENGER CAR
22625;125 FEET FROM PVA OF 8111 TRYON WOODS DR;NO SPECIAL FEATURE;STRAIGHT,LEVEL;PUBLIC VEHICULAR AREA;TWO-WAY,NOT DIVIDED;SMOOTH ASPHALT;DRY;DAYLIGHT;CLEAR;NO CONTROL PRESENT;;;-78.7421;35.7468;;;0;0;3;;;;NONE;;PASSENGER CAR;PASSENGER CAR;;;;NO;2005;2016-06-11;11:57 AM;2016-06-11T15:57:00+00:00;;2016;No;No;6;;NONE;NONE;PASSENGER CAR,PASSENGER CAR;PASSENGER CAR,PASSENGER CAR;PASSENGER CAR,PASSENGER CAR;PASSENGER CAR,PASSENGER CAR
22626;275 FEET FROM CAITBOO AVE;FOUR-WAY INTERSECTION;STRAIGHT,LEVEL;PUBLIC VEHICULAR AREA;TWO-WAY,NOT DIVIDED;SMOOTH ASPHALT;DRY;DAYLIGHT;CLEAR;STOP SIGN;35.759541366;-78.74137283;-78.741;35.761;P120;118;0;0;1;;;;NONE;;PASSENGER CAR;PASSENGER CAR;;;;NO;2006;2016-06-11;1:12:28 PM;2016-06-11T17:12:28+00:00;35.759541366, -78.74137283;2016;No;No;6;;NONE;NONE;PASSENGER CAR,PASSENGER CAR;PASSENGER CAR,PASSENGER CAR;PASSENGER CAR,PASSENGER CAR;PASSENGER CAR,PASSENGER CAR
22637;50 FEET FROM PVA OF 1123 KILDAIRE FARM RD;NO SPECIAL FEATURE;STRAIGHT,LEVEL;PUBLIC VEHICULAR AREA;TWO-WAY,NOT DIVIDED;SMOOTH ASPHALT;DRY;DAYLIGHT;CLEAR;NO CONTROL PRESENT;;;-78.7809;35.7692;;;0;0;;;;;NONE;;;PASSENGER CAR;;;;NO;2017;2016-06-13;5:50:59 PM;2016-06-13T21:50:59+00:00;;2016;No;No;6;;NONE;NONE;PASSENGER CAR;PASSENGER CAR;PASSENGER CAR;PASSENGER CAR
22645;480 FEET FROM SR#1600 (GREEN LEVEL CHURCH RD;NO SPECIAL FEATURE;STRAIGHT,LEVEL;STATE SECONDARY ROUTE;TWO-WAY,NOT DIVIDED;SMOOTH ASPHALT;DRY;DAYLIGHT;CLEAR;NO CONTROL PRESENT;;;-78.900759;35.800053;;;0;1;1;;NONE;;NONE;;VAN;SPORT UTILITY;;;;NO;2025;2016-06-13;9:18:51 AM;2016-06-13T13:18:51+00:00;;2016;No;Yes;6;NONE;NONE,NONE;NONE,NONE;VAN,SPORT UTILITY;VAN,SPORT UTILITY;VAN,SPORT UTILITY;VAN,SPORT UTILITY
22653;.2 MILES FROM PVA 1253 BUCK JONES RD;NO SPECIAL FEATURE;STRAIGHT,LEVEL;PUBLIC VEHICULAR AREA;TWO-WAY,NOT DIVIDED;COARSE ASPHALT;DRY;DAYLIGHT;CLEAR;NO CONTROL PRESENT;;;-78.7398;35.7654;;;0;0;;;;;NONE;;PASSENGER CAR;PASSENGER CAR;;;;NO;2033;2016-06-14;12:13 PM;2016-06-14T16:13:00+00:00;;2016;No;No;6;;NONE;NONE;PASSENGER CAR,PASSENGER CAR;PASSENGER CAR,PASSENGER CAR;PASSENGER CAR,PASSENGER CAR;PASSENGER CAR,PASSENGER CAR
22661;40 FEET FROM PVA OF 5731 DILLARD DR;NO SPECIAL FEATURE;STRAIGHT,GRADE;PUBLIC VEHICULAR AREA;ONE-WAY,NOT DIVIDED;SMOOTH ASPHALT;DRY;DAYLIGHT;CLEAR;NO CONTROL PRESENT;35.736415711;-78.82110435;-78.7459;35.7557;P114;118;0;0;;;NONE;;NONE;;SPORT UTILITY;SPORT UTILITY;;;;NO;2041;2016-06-15;5:26:05 PM;2016-06-15T21:26:05+00:00;35.736415711, -78.82110435;2016;No;No;6;NONE;NONE,NONE;NONE,NONE;SPORT UTILITY,SPORT UTILITY;SPORT UTILITY,SPORT UTILITY;SPORT UTILITY,SPORT UTILITY;SPORT UTILITY,SPORT UTILITY
22662;15 FEET FROM SR 3073 (NW MAYNARD RD);NO SPECIAL FEATURE;STRAIGHT,LEVEL;STATE SECONDARY ROUTE;TWO-WAY,DIVIDED,POSITIVE MEDIAN BARRIER;SMOOTH ASPHALT;DRY;DAYLIGHT;CLEAR;STOP AND GO SIGNAL;;;-78.81;35.7836;;;0;0;;;NONE;;NONE;;PASSENGER CAR;PASSENGER CAR;;;;NO;2042;2016-06-15;5:12:05 PM;2016-06-15T21:12:05+00:00;;2016;No;No;6;NONE;NONE,NONE;NONE,NONE;PASSENGER CAR,PASSENGER CAR;PASSENGER CAR,PASSENGER CAR;PASSENGER CAR,PASSENGER CAR;PASSENGER CAR,PASSENGER CAR
22666;0 FEET FROM NC 55 HWY;FOUR-WAY INTERSECTION;STRAIGHT,LEVEL;NC ROUTE;TWO-WAY,DIVIDED,UNPROTECTED MEDIAN;SMOOTH ASPHALT;DRY;DAYLIGHT;CLEAR;STOP AND GO SIGNAL;35.803068961;-78.87128172;-78.871402;35.803069;P091;WAKE;0;3;1;;NONE;;NONE;;PASSENGER CAR;PASSENGER CAR;;;;NO;2046;2016-06-15;7:05:26 AM;2016-06-15T11:05:26+00:00;35.803068961, -78.87128172;2016;No;Yes;6;NONE;NONE,NONE;NONE,NONE;PASSENGER CAR,PASSENGER CAR;PASSENGER CAR,PASSENGER CAR;PASSENGER CAR,PASSENGER CAR;PASSENGER CAR,PASSENGER CAR
22677;300 FEET FROM ROSEWALL LN;NO SPECIAL FEATURE;CURVE,GRADE;LOCAL STREET;TWO-WAY,NOT DIVIDED;SMOOTH ASPHALT;DRY;DAYLIGHT;CLEAR;NO CONTROL PRESENT;35.751405791;-78.77826729;-78.779;35.7513;P005;115;0;0;;;NONE;;NONE;;PASSENGER CAR;PASSENGER CAR;;;;NO;2057;2016-06-16;2:14:37 PM;2016-06-16T18:14:37+00:00;35.751405791, -78.77826729;2016;No;No;6;NONE;NONE,NONE;NONE,NONE;PASSENGER CAR,PASSENGER CAR;PASSENGER CAR,PASSENGER CAR;PASSENGER CAR,PASSENGER CAR;PASSENGER CAR,PASSENGER CAR
22682;30 FEET FROM PVA (1375 SE MAYNARD RD);DRIVEWAY, PUBLIC;STRAIGHT,LEVEL;PUBLIC VEHICULAR AREA;TWO-WAY,NOT DIVIDED;SMOOTH ASPHALT;DRY;DAYLIGHT;CLEAR;NO CONTROL PRESENT;;;-78.764;35.788;;;0;0;1;;NONE;;NONE;;PICKUP;PASSENGER CAR;;;;NO;2062;2016-06-08;9:11:43 PM;2016-06-09T01:11:43+00:00;;2016;No;No;6;NONE;NONE,NONE;NONE,NONE;PICKUP,PASSENGER CAR;PICKUP,PASSENGER CAR;PICKUP,PASSENGER CAR;PICKUP,PASSENGER CAR
22689;0 FEET FROM NW CARY PKWY;DRIVEWAY, PUBLIC;STRAIGHT,GRADE;LOCAL STREET;TWO-WAY,NOT DIVIDED;GROOVED CONCRETE;DRY;DAYLIGHT;CLEAR;NO CONTROL PRESENT;35.820637442;-78.77854168;-78.7784;35.8207;P080;111;0;0;;;NONE;;NONE;;VAN;PASSENGER CAR;;;;NO;2069;2016-06-17;7:00:25 AM;2016-06-17T11:00:25+00:00;35.820637442, -78.77854168;2016;No;No;6;NONE;NONE,NONE;NONE,NONE;VAN,PASSENGER CAR;VAN,PASSENGER CAR;VAN,PASSENGER CAR;VAN,PASSENGER CAR
22692;20 FEET FROM SR 1009 (TRYON RD);FOUR-WAY INTERSECTION;STRAIGHT,GRADE;STATE SECONDARY ROUTE;TWO-WAY,DIVIDED,UNPROTECTED MEDIAN;SMOOTH ASPHALT;DRY;DAYLIGHT;CLEAR;STOP AND GO SIGNAL;;;-78.762792;35.743361;;118;0;0;1;;NONE;;NONE;;SPORT UTILITY;PASSENGER CAR;;;;NO;2072;2016-06-15;10:36 AM;2016-06-15T14:36:00+00:00;;2016;No;No;6;NONE;NONE,NONE;NONE,NONE;SPORT UTILITY,PASSENGER CAR;SPORT UTILITY,PASSENGER CAR;SPORT UTILITY,PASSENGER CAR;SPORT UTILITY,PASSENGER CAR
22697;0 FEET FROM SR 3011 (JENKS CARPENTER RD);T-INTERSECTION;STRAIGHT,GRADE;STATE SECONDARY ROUTE;TWO-WAY,DIVIDED,UNPROTECTED MEDIAN;SMOOTH ASPHALT;DRY;DAYLIGHT;CLEAR;STOP SIGN;;;-78.8581;35.7892;;121;0;0;;;NONE;;NONE;;PASSENGER CAR;PASSENGER CAR;;;;NO;2077;2016-06-17;2:45:12 PM;2016-06-17T18:45:12+00:00;;2016;No;No;6;NONE;NONE,NONE;NONE,NONE;PASSENGER CAR,PASSENGER CAR;PASSENGER CAR,PASSENGER CAR;PASSENGER CAR,PASSENGER CAR;PASSENGER CAR,PASSENGER CAR
22699;CARY;T-INTERSECTION;CURVE,LEVEL;STATE SECONDARY ROUTE;TWO-WAY,NOT DIVIDED;SMOOTH ASPHALT;WET;DARK - LIGHTED ROADWAY;RAIN;STOP SIGN;35.769984967;-78.81009186;-78.75;35.7904;P009;117;0;1;1;;NONE;;NONE;;VAN;SPORT UTILITY;;;;NO;2079;2016-06-15;12:58 AM;2016-06-15T04:58:00+00:00;35.769984967, -78.81009186;2016;No;Yes;6;NONE;NONE,NONE;NONE,NONE;VAN,SPORT UTILITY;VAN,SPORT UTILITY;VAN,SPORT UTILITY;VAN,SPORT UTILITY
22702;CARY;NO SPECIAL FEATURE;STRAIGHT,LEVEL;STATE SECONDARY ROUTE;TWO-WAY,DIVIDED,POSITIVE MEDIAN BARRIER;SMOOTH ASPHALT;DRY;DAYLIGHT;CLEAR;NO CONTROL PRESENT;35.825832501;-78.90877609;-78.908716;35.825865;P076;119;0;0;;;NONE;;NONE;;PICKUP;PASSENGER CAR;;;;NO;2082;2016-06-13;4:11:56 PM;2016-06-13T20:11:56+00:00;35.825832501, -78.90877609;2016;No;No;6;NONE;NONE,NONE;NONE,NONE;PICKUP,PASSENGER CAR;PICKUP,PASSENGER CAR;PICKUP,PASSENGER CAR;PICKUP,PASSENGER CAR