tamainid;location_description;rdfeature;rdcharacter;rdclass;rdconfigur;rdsurface;rdcondition;lightcond;weather;trafcontrl;lat;lon;lon2;lat2;tract;zone;fatality;possblinj;numpassengers;numpedestrians;contrcir1_desc;contrcir2_desc;contrcir3_desc;contrcir4_desc;vehicle1;vehicle2;vehicle3;vehicle4;vehicle5;workarea;records;ta_date;ta_time;crash_date;geo_location;year;fatalities;injuries;month;contrfact1;contrfact2;contributing_factor;vehicleconcat1;vehicleconcat2;vehicleconcat3;vehicle_type
23128;20 FEET FROM P.V.A. 201 SOCCER PARK DR;DRIVEWAY, PUBLIC;STRAIGHT,LEVEL;PUBLIC VEHICULAR AREA;TWO-WAY,NOT DIVIDED;SMOOTH ASPHALT;DRY;DAYLIGHT;CLEAR;NO CONTROL PRESENT;;;-78.7536;35.7903;;;0;0;;;NONE;;NONE;;PASSENGER CAR;;;;;NO;2506;2016-07-24;2:14:21 PM;2016-07-24T18:14:21+00:00;;2016;No;No;7;NONE;NONE,NONE;NONE,NONE;PASSENGER CAR;PASSENGER CAR;PASSENGER CAR;PASSENGER CAR
23134;75 FEET FROM [SR1313]WALNUT ST;NO SPECIAL FEATURE;STRAIGHT,LEVEL;LOCAL STREET;TWO-WAY,DIVIDED,UNPROTECTED MEDIAN;SMOOTH ASPHALT;DRY;DAYLIGHT;CLEAR;NO CONTROL PRESENT;;;-78.7483;35.7637;;;0;0;;;NONE;;NONE;;PASSENGER CAR;PASSENGER CAR;;;;NO;2512;2016-07-21;7:50:05 PM;2016-07-21T23:50:05+00:00;;2016;No;No;7;NONE;NONE,NONE;NONE,NONE;PASSENGER CAR,PASSENGER CAR;PASSENGER CAR,PASSENGER CAR;PASSENGER CAR,PASSENGER CAR;PASSENGER CAR,PASSENGER CAR
23142;100 FEET FROM SR 1009 (TRYON RD);NO SPECIAL FEATURE;STRAIGHT,GRADE;STATE SECONDARY ROUTE;TWO-WAY,DIVIDED,UNPROTECTED MEDIAN;SMOOTH ASPHALT;DRY;DARK - ROADWAY NOT LIGHTED;CLEAR;NO CONTROL PRESENT;35.745979094;-78.74582085;-78.747;35.746;P046;118;0;0;;;;;NONE;;PASSENGER CAR;PICKUP;;;;NO;2520;2016-07-21;10:43 PM;2016-07-22T02:43:00+00:00;35.745979094, -78.74582085;2016;No;No;7;;NONE;NONE;PASSENGER CAR,PICKUP;PASSENGER CAR,PICKUP;PASSENGER CAR,PICKUP;PASSENGER CAR,PICKUP
23143;150 FEET FROM PVA 2031 WALNUT ST;NO SPECIAL FEATURE;STRAIGHT,LEVEL;PUBLIC VEHICULAR AREA;TWO-WAY,NOT DIVIDED;SMOOTH ASPHALT;DRY;DAYLIGHT;CLEAR;NO CONTROL PRESENT;;;-78.738383;35.756444;;;0;0;3;;;;NONE;;PASSENGER CAR;PASSENGER CAR;;;;NO;2521;2016-07-23;6:12:07 PM;2016-07-23T22:12:07+00:00;;2016;No;No;7;;NONE;NONE;PASSENGER CAR,PASSENGER CAR;PASSENGER CAR,PASSENGER CAR;PASSENGER CAR,PASSENGER CAR;PASSENGER CAR,PASSENGER CAR
23146;CARY;RELATED TO INTERSECTION;STRAIGHT,LEVEL;STATE SECONDARY ROUTE;TWO-WAY,NOT DIVIDED;SMOOTH ASPHALT;DRY;DAYLIGHT;CLEAR;STOP AND GO SIGNAL;35.754963817;-78.80845582;-78.8084;35.7549;P040;115;0;1;;;;;NONE;;SPORT UTILITY;PASSENGER CAR;;;;NO;2524;2016-07-24;6:53:28 PM;2016-07-24T22:53:28+00:00;35.754963817, -78.80845582;2016;No;Yes;7;;NONE;NONE;SPORT UTILITY,PASSENGER CAR;SPORT UTILITY,PASSENGER CAR;SPORT UTILITY,PASSENGER CAR;SPORT UTILITY,PASSENGER CAR
23151;300 FEET FROM P.V.A. (SOUTH HILLS MALL);NO SPECIAL FEATURE;STRAIGHT,LEVEL;PUBLIC VEHICULAR AREA;TWO-WAY,NOT DIVIDED;SMOOTH ASPHALT;DRY;DAYLIGHT;CLEAR;NO CONTROL PRESENT;;;-78.7401;35.7655;;;0;0;;;NONE;;NONE;;UNKNOWN;PASSENGER CAR;;;;NO;2529;2016-07-24;10:32 AM;2016-07-24T14:32:00+00:00;;2016;No;No;7;NONE;NONE,NONE;NONE,NONE;UNKNOWN,PASSENGER CAR;UNKNOWN,PASSENGER CAR;UNKNOWN,PASSENGER CAR;UNKNOWN,PASSENGER CAR
23156;CARY;FOUR-WAY INTERSECTION;STRAIGHT,LEVEL;STATE SECONDARY ROUTE;TWO-WAY,DIVIDED,UNPROTECTED MEDIAN;SMOOTH ASPHALT;DRY;DARK - LIGHTED ROADWAY;CLEAR;STOP AND GO SIGNAL;35.791399535;-78.84721906;-78.847205;35.791411;P078;121;0;0;;;NONE;;NONE;;PASSENGER CAR;SPORT UTILITY;;;;NO;2534;2016-07-25;11:50 PM;2016-07-26T03:50:00+00:00;35.791399535, -78.84721906;2016;No;No;7;NONE;NONE,NONE;NONE,NONE;PASSENGER CAR,SPORT UTILITY;PASSENGER CAR,SPORT UTILITY;PASSENGER CAR,SPORT UTILITY;PASSENGER CAR,SPORT UTILITY
23158;120 FEET FROM BLOOMINGDALE DR;NO SPECIAL FEATURE;STRAIGHT,LEVEL;LOCAL STREET;TWO-WAY,NOT DIVIDED;SMOOTH ASPHALT;DRY;DAYLIGHT;CLEAR;NO CONTROL PRESENT;35.755852976;-78.76001914;-78.7592;35.7561;P028;112;0;0;1;;NONE;;NONE;;PASSENGER CAR;;;;;NO;2536;2016-07-26;8:05:20 AM;2016-07-26T12:05:20+00:00;35.755852976, -78.76001914;2016;No;No;7;NONE;NONE,NONE;NONE,NONE;PASSENGER CAR;PASSENGER CAR;PASSENGER CAR;PASSENGER CAR
23161;2 MILES FROM US 1;NO SPECIAL FEATURE;STRAIGHT,LEVEL;US ROUTE;TWO-WAY,DIVIDED,POSITIVE MEDIAN BARRIER;SMOOTH ASPHALT;DRY;DAYLIGHT;CLEAR;NO CONTROL PRESENT;;;;35.7566;;;0;0;;;NONE;;NONE;;PASSENGER CAR;PASSENGER CAR;;;;NO;2539;2016-07-25;8:27:13 AM;2016-07-25T12:27:13+00:00;;2016;No;No;7;NONE;NONE,NONE;NONE,NONE;PASSENGER CAR,PASSENGER CAR;PASSENGER CAR,PASSENGER CAR;PASSENGER CAR,PASSENGER CAR;PASSENGER CAR,PASSENGER CAR
23162;20 FEET FROM SR 1613 (DAVIS DR);NO SPECIAL FEATURE;STRAIGHT,LEVEL;STATE SECONDARY ROUTE;TWO-WAY,DIVIDED,POSITIVE MEDIAN BARRIER;COARSE ASPHALT;DRY;DAYLIGHT;CLEAR;NO CONTROL PRESENT;35.830792215;-78.8532521;-78.8535;35.8304;P073;121;0;0;;;NONE;;NONE;;PASSENGER CAR;SPORT UTILITY;;;;NO;2540;2016-07-25;4:45:44 PM;2016-07-25T20:45:44+00:00;35.830792215, -78.8532521;2016;No;No;7;NONE;NONE,NONE;NONE,NONE;PASSENGER CAR,SPORT UTILITY;PASSENGER CAR,SPORT UTILITY;PASSENGER CAR,SPORT UTILITY;PASSENGER CAR,SPORT UTILITY
23163;25 FEET FROM SR 1009 (TRYON RD);RELATED TO INTERSECTION;STRAIGHT,HILLCREST;STATE SECONDARY ROUTE;TWO-WAY,DIVIDED,UNPROTECTED MEDIAN;SMOOTH ASPHALT;DRY;DAYLIGHT;CLEAR;STOP AND GO SIGNAL;35.745617616;-78.73771869;-78.7364;35.7457;P046;118;0;1;;;NONE;;NONE;;PASSENGER CAR;PASSENGER CAR;;;;NO;2541;2016-07-25;5:04:22 PM;2016-07-25T21:04:22+00:00;35.745617616, -78.73771869;2016;No;Yes;7;NONE;NONE,NONE;NONE,NONE;PASSENGER CAR,PASSENGER CAR;PASSENGER CAR,PASSENGER CAR;PASSENGER CAR,PASSENGER CAR;PASSENGER CAR,PASSENGER CAR
23174;10 FEET FROM CROSSROADS BLVD;RELATED TO INTERSECTION;STRAIGHT,LEVEL;LOCAL STREET;TWO-WAY,DIVIDED,UNPROTECTED MEDIAN;SMOOTH ASPHALT;DRY;DAYLIGHT;CLOUDY;STOP AND GO SIGNAL;35.761266214;-78.7418746;-78.7421;35.7608;P120;118;0;0;3;;NONE;;NONE;;SPORT UTILITY;PASSENGER CAR;;;;NO;2552;2016-07-26;5:40:53 PM;2016-07-26T21:40:53+00:00;35.761266214, -78.7418746;2016;No;No;7;NONE;NONE,NONE;NONE,NONE;SPORT UTILITY,PASSENGER CAR;SPORT UTILITY,PASSENGER CAR;SPORT UTILITY,PASSENGER CAR;SPORT UTILITY,PASSENGER CAR
23188;100 FEET FROM WESTON PKWY;NO SPECIAL FEATURE;STRAIGHT,LEVEL;LOCAL STREET;TWO-WAY,NOT DIVIDED;SMOOTH ASPHALT;DRY;DAYLIGHT;CLEAR;NO CONTROL PRESENT;35.824503664;-78.80709731;-78.806;35.8262;P021;111;0;0;1;;NONE;;NONE;;PICKUP;VAN;;;;NO;2566;2016-07-26;5:06:58 PM;2016-07-26T21:06:58+00:00;35.824503664, -78.80709731;2016;No;No;7;NONE;NONE,NONE;NONE,NONE;PICKUP,VAN;PICKUP,VAN;PICKUP,VAN;PICKUP,VAN
23200;15 FEET FROM SR 3977 (SE CARY PKWY);NO SPECIAL FEATURE;STRAIGHT,LEVEL;STATE SECONDARY ROUTE;TWO-WAY,DIVIDED,UNPROTECTED MEDIAN;SMOOTH ASPHALT;DRY;DAYLIGHT;CLEAR;STOP AND GO SIGNAL;35.74349854;-78.76255629;-78.7628;35.7436;P004;118;0;0;;;NONE;;NONE;;SPORT UTILITY;PASSENGER CAR;;;;NO;2578;2016-07-28;3:51:03 PM;2016-07-28T19:51:03+00:00;35.74349854, -78.76255629;2016;No;No;7;NONE;NONE,NONE;NONE,NONE;SPORT UTILITY,PASSENGER CAR;SPORT UTILITY,PASSENGER CAR;SPORT UTILITY,PASSENGER CAR;SPORT UTILITY,PASSENGER CAR
23207;400 FEET FROM P.V.A. (104 BROGAN PL);NO SPECIAL FEATURE;STRAIGHT,LEVEL;PUBLIC VEHICULAR AREA;TWO-WAY,NOT DIVIDED;SMOOTH ASPHALT;DRY;DAYLIGHT;CLEAR;NO CONTROL PRESENT;;;-78.7849;35.7647;;;0;0;;;NONE;;NONE;;UNKNOWN;PASSENGER CAR;;;;NO;2585;2016-07-29;10:10 AM;2016-07-29T14:10:00+00:00;;2016;No;No;7;NONE;NONE,NONE;NONE,NONE;UNKNOWN,PASSENGER CAR;UNKNOWN,PASSENGER CAR;UNKNOWN,PASSENGER CAR;UNKNOWN,PASSENGER CAR
23213;CARY;;;;;;;;;;35.790159285;-78.77970498;;;P060;113;0;1;;;;;;;PASSENGER CAR;;;;;;2591;2016-07-22;12:00 AM;2016-07-22T04:00:00+00:00;35.790159285, -78.77970498;2016;No;Yes;7;;;;PASSENGER CAR;PASSENGER CAR;PASSENGER CAR;PASSENGER CAR
23218;CARY;NO SPECIAL FEATURE;STRAIGHT,LEVEL;STATE SECONDARY ROUTE;TWO-WAY,NOT DIVIDED;SMOOTH ASPHALT;UNKNOWN;UNKNOWN;OTHER *;NO CONTROL PRESENT;35.784132536;-78.87142733;-78.8707;35.7841;P013;117;0;0;;;UNKNOWN;;NONE;;;;;;;NO;2596;2016-07-31;1:41:58 PM;2016-07-31T17:41:58+00:00;35.784132536, -78.87142733;2016;No;No;7;UNKNOWN;UNKNOWN,NONE;UNKNOWN,NONE;;;;
23221;.1894 MILES FROM SR 1313 (WALNUT ST);RELATED TO INTERSECTION;STRAIGHT,LEVEL;STATE SECONDARY ROUTE;TWO-WAY,NOT DIVIDED;SMOOTH ASPHALT;DRY;DAYLIGHT;CLEAR;STOP AND GO SIGNAL;35.76688163;-78.75726608;-78.759905;35.76893;P003;112;0;2;2;;NONE;;NONE;;LIGHT TRUCK (MINI-VAN- PANEL);SPORT UTILITY;;;;NO;2599;2016-07-29;12:47 PM;2016-07-29T16:47:00+00:00;35.76688163, -78.75726608;2016;No;Yes;7;NONE;NONE,NONE;NONE,NONE;LIGHT TRUCK (MINI-VAN- PANEL),SPORT UTILITY;LIGHT TRUCK (MINI-VAN- PANEL),SPORT UTILITY;LIGHT TRUCK (MINI-VAN- PANEL),SPORT UTILITY;LIGHT TRUCK (MINI-VAN- PANEL),SPORT UTILITY
23230;180 FEET FROM US HWY 64;NO SPECIAL FEATURE;STRAIGHT,LEVEL;US ROUTE;TWO-WAY,DIVIDED,UNPROTECTED MEDIAN;SMOOTH ASPHALT;DRY;DAYLIGHT;CLEAR;NO CONTROL PRESENT;35.742278409;-78.81424923;-78.8126;35.742;P041;116;0;0;;;NONE;;NONE;;VAN;PASSENGER CAR;SPORT UTILITY;;;NO;2608;2016-07-28;8:06:05 PM;2016-07-29T00:06:05+00:00;35.742278409, -78.81424923;2016;No;No;7;NONE;NONE,NONE;NONE,NONE;VAN,PASSENGER CAR;VAN,PASSENGER CAR,SPORT UTILITY;VAN,PASSENGER CAR,SPORT UTILITY;VAN,PASSENGER CAR,SPORT UTILITY
23232;CARY;NO SPECIAL FEATURE;CURVE,GRADE;LOCAL STREET;TWO-WAY,NOT DIVIDED;SMOOTH ASPHALT;DRY;DARK - LIGHTED ROADWAY;CLEAR;NO CONTROL PRESENT;35.750283653;-78.76232406;-78.7622;35.7502;P004;118;0;0;;;NONE;;NONE;;PASSENGER CAR;;;;;NO;2610;2016-07-29;10:04 PM;2016-07-30T02:04:00+00:00;35.750283653, -78.76232406;2016;No;No;7;NONE;NONE,NONE;NONE,NONE;PASSENGER CAR;PASSENGER CAR;PASSENGER CAR;PASSENGER CAR
23250;.67 MILES FROM W KIRKFIELD DR;NO SPECIAL FEATURE;STRAIGHT,LEVEL;LOCAL STREET;TWO-WAY,NOT DIVIDED;SMOOTH ASPHALT;DRY;DAYLIGHT;CLEAR;NO CONTROL PRESENT;35.748686562;-78.76090148;-78.7618;35.748;P004;118;0;1;;;NONE;;NONE;;PASSENGER CAR;PASSENGER CAR;;;;NO;2628;2016-07-31;10:18 AM;2016-07-31T14:18:00+00:00;35.748686562, -78.76090148;2016;No;Yes;7;NONE;NONE,NONE;NONE,NONE;PASSENGER CAR,PASSENGER CAR;PASSENGER CAR,PASSENGER CAR;PASSENGER CAR,PASSENGER CAR;PASSENGER CAR,PASSENGER CAR
23254;430 FEET FROM SR#3112 (NW CARY PKWY);NO SPECIAL FEATURE;STRAIGHT,LEVEL;STATE SECONDARY ROUTE;TWO-WAY,DIVIDED,UNPROTECTED MEDIAN;SMOOTH ASPHALT;DRY;DAYLIGHT;CLEAR;NO CONTROL PRESENT;;;-78.82726;35.790105;;;0;0;;;NONE;;NONE;;PASSENGER CAR;SPORT UTILITY;;;;NO;2632;2016-08-01;5:42:59 PM;2016-08-01T21:42:59+00:00;;2016;No;No;8;NONE;NONE,NONE;NONE,NONE;PASSENGER CAR,SPORT UTILITY;PASSENGER CAR,SPORT UTILITY;PASSENGER CAR,SPORT UTILITY;PASSENGER CAR,SPORT UTILITY
23255;.25 MILES FROM HWY 54;NO SPECIAL FEATURE;CURVE,LEVEL;STATE SECONDARY ROUTE;TWO-WAY,NOT DIVIDED;SMOOTH ASPHALT;DRY;DAYLIGHT;CLOUDY;NO CONTROL PRESENT;35.804018701;-78.80521799;-78.807364;35.8040733;P023;111;0;0;;;NONE;;NONE;;SPORT UTILITY;;;;;NO;2633;2016-08-01;12:19 PM;2016-08-01T16:19:00+00:00;35.804018701, -78.80521799;2016;No;No;8;NONE;NONE,NONE;NONE,NONE;SPORT UTILITY;SPORT UTILITY;SPORT UTILITY;SPORT UTILITY
23257;500 FEET FROM SR#1009 (TRYON RD);NO SPECIAL FEATURE;STRAIGHT,LEVEL;STATE SECONDARY ROUTE;TWO-WAY,DIVIDED,UNPROTECTED MEDIAN;SMOOTH ASPHALT;DRY;DAYLIGHT;CLEAR;NO CONTROL PRESENT;;;-78.7423;35.745646;;;0;0;;;NONE;;NONE;;PASSENGER CAR;PASSENGER CAR;;;;NO;2635;2016-08-01;8:45:44 PM;2016-08-02T00:45:44+00:00;;2016;No;No;8;NONE;NONE,NONE;NONE,NONE;PASSENGER CAR,PASSENGER CAR;PASSENGER CAR,PASSENGER CAR;PASSENGER CAR,PASSENGER CAR;PASSENGER CAR,PASSENGER CAR
23269;75 FEET FROM CREST RD;NO SPECIAL FEATURE;STRAIGHT,GRADE;LOCAL STREET;TWO-WAY,NOT DIVIDED;COARSE ASPHALT;DRY;DAYLIGHT;CLEAR;NO CONTROL PRESENT;35.788924587;-78.79508271;-78.795173;35.788721;P026;114;0;0;;;NONE;;NONE;;PASSENGER CAR;;;;;NO;2647;2016-08-02;10:46 AM;2016-08-02T14:46:00+00:00;35.788924587, -78.79508271;2016;No;No;8;NONE;NONE,NONE;NONE,NONE;PASSENGER CAR;PASSENGER CAR;PASSENGER CAR;PASSENGER CAR
23272;450 FEET FROM PVA OF 409 CROSSROADS BLV;;;;;;;;;;;;-78.736;35.76;;;0;0;;;;;;;;;;;;;2650;2016-07-01;11:56 PM;2016-07-02T03:56:00+00:00;;2016;No;No;7;;;;;;;
23276;422 FEET FROM SR 1628/7129 O`KELLY CHAPEL RD;FOUR-WAY INTERSECTION;STRAIGHT,LEVEL;PUBLIC VEHICULAR AREA;TWO-WAY,NOT DIVIDED;SMOOTH ASPHALT;DRY;DAYLIGHT;CLEAR;NO CONTROL PRESENT;;;-78.886184;35.844536;;;0;0;5;;NONE;;NONE;;SPORT UTILITY;PASSENGER CAR;;;;NO;2654;2016-07-29;1:40:00 PM;2016-07-29T17:40:00+00:00;;2016;No;No;7;NONE;NONE,NONE;NONE,NONE;SPORT UTILITY,PASSENGER CAR;SPORT UTILITY,PASSENGER CAR;SPORT UTILITY,PASSENGER CAR;SPORT UTILITY,PASSENGER CAR
23288;.1 MILES FROM SR1010 (WALNUT ST);NO SPECIAL FEATURE;STRAIGHT,GRADE;STATE SECONDARY ROUTE;TWO-WAY,NOT DIVIDED;SMOOTH ASPHALT;DRY;DAYLIGHT;CLOUDY;NO CONTROL PRESENT;35.773850825;-78.75931174;-78.7607;35.7708;P121;120;0;0;1;;NONE;;NONE;;PASSENGER CAR;VAN;;;;NO;2666;2016-08-04;2:05:20 PM;2016-08-04T18:05:20+00:00;35.773850825, -78.75931174;2016;No;No;8;NONE;NONE,NONE;NONE,NONE;PASSENGER CAR,VAN;PASSENGER CAR,VAN;PASSENGER CAR,VAN;PASSENGER CAR,VAN
23291;320 FEET FROM PVA (333 CROSSROADS BLVD);DRIVEWAY, PUBLIC;CURVE,LEVEL;PUBLIC VEHICULAR AREA;TWO-WAY,NOT DIVIDED;SMOOTH ASPHALT;DRY;DAYLIGHT;CLOUDY;NO CONTROL PRESENT;;;-78.7383;35.7616;;;0;0;;;;;NONE;;SPORT UTILITY;SPORT UTILITY;;;;NO;2669;2016-08-05;12:33 PM;2016-08-05T16:33:00+00:00;;2016;No;No;8;;NONE;NONE;SPORT UTILITY,SPORT UTILITY;SPORT UTILITY,SPORT UTILITY;SPORT UTILITY,SPORT UTILITY;SPORT UTILITY,SPORT UTILITY
23297;100 FEET FROM PLANK BRIDGE WAY;NO SPECIAL FEATURE;STRAIGHT,LEVEL;LOCAL STREET;TWO-WAY,DIVIDED,UNPROTECTED MEDIAN;SMOOTH ASPHALT;DRY;DAYLIGHT;CLEAR;NO CONTROL PRESENT;35.825826255;-78.83875763;-78.8392;35.826;P011;121;0;0;;;NONE;;NONE;;PASSENGER CAR;PASSENGER CAR;;;;NO;2675;2016-08-05;11:56 AM;2016-08-05T15:56:00+00:00;35.825826255, -78.83875763;2016;No;No;8;NONE;NONE,NONE;NONE,NONE;PASSENGER CAR,PASSENGER CAR;PASSENGER CAR,PASSENGER CAR;PASSENGER CAR,PASSENGER CAR;PASSENGER CAR,PASSENGER CAR
23301;NEAR .2 MILES N OF N SR 1152 HOLLY SPRINGS RD;NO SPECIAL FEATURE;STRAIGHT,LEVEL;STATE SECONDARY ROUTE;TWO-WAY,NOT DIVIDED;SMOOTH ASPHALT;WET;DAYLIGHT;RAIN;NO CONTROL PRESENT;35.707112673;-78.76209669;-78.7677;35.7028;P084;WAKE;0;0;;;;;;;SPORT UTILITY;;;;;NO;2679;2016-08-07;2:31:55 PM;2016-08-07T18:31:55+00:00;35.707112673, -78.76209669;2016;No;No;8;;;;SPORT UTILITY;SPORT UTILITY;SPORT UTILITY;SPORT UTILITY
23311;CARY;FOUR-WAY INTERSECTION;STRAIGHT,LEVEL;STATE SECONDARY ROUTE;TWO-WAY,DIVIDED,UNPROTECTED MEDIAN;SMOOTH ASPHALT;DRY;DAYLIGHT;CLEAR;STOP AND GO SIGNAL;35.745094081;-78.76310429;-78.762963;35.745085;P004;118;0;0;1;;;;NONE;;PASSENGER CAR;SPORT UTILITY;;;;NO;2689;2016-08-06;4:05:11 PM;2016-08-06T20:05:11+00:00;35.745094081, -78.76310429;2016;No;No;8;;NONE;NONE;PASSENGER CAR,SPORT UTILITY;PASSENGER CAR,SPORT UTILITY;PASSENGER CAR,SPORT UTILITY;PASSENGER CAR,SPORT UTILITY
23312;50 FEET FROM SR 1313 (WALNUT ST);NO SPECIAL FEATURE;STRAIGHT,LEVEL;STATE SECONDARY ROUTE;TWO-WAY,NOT DIVIDED;SMOOTH ASPHALT;DRY;DAYLIGHT;CLEAR;NO CONTROL PRESENT;;;-78.7555;35.7659;;112;0;0;3;;;;NONE;;SPORT UTILITY;PICKUP;;;;CONSTRUCTION WORK AREA;2690;2016-08-05;5:12:29 PM;2016-08-05T21:12:29+00:00;;2016;No;No;8;;NONE;NONE;SPORT UTILITY,PICKUP;SPORT UTILITY,PICKUP;SPORT UTILITY,PICKUP;SPORT UTILITY,PICKUP
23323;280 FEET FROM PVA OF 5000 UNDERWOOD ARBOR PL;NO SPECIAL FEATURE;STRAIGHT,LEVEL;PUBLIC VEHICULAR AREA;TWO-WAY,NOT DIVIDED;SMOOTH ASPHALT;DRY;DAYLIGHT;CLEAR;NO CONTROL PRESENT;;;-78.7433;35.7508;;;0;0;2;;;;NONE;;VAN;PASSENGER CAR;;;;NO;2701;2016-08-06;12:15 PM;2016-08-06T16:15:00+00:00;;2016;No;No;8;;NONE;NONE;VAN,PASSENGER CAR;VAN,PASSENGER CAR;VAN,PASSENGER CAR;VAN,PASSENGER CAR
23327;CARY;FOUR-WAY INTERSECTION;STRAIGHT,LEVEL;STATE SECONDARY ROUTE;TWO-WAY,DIVIDED,UNPROTECTED MEDIAN;SMOOTH ASPHALT;WET;DUSK;CLEAR;STOP AND GO SIGNAL;35.789090456;-78.82890162;-78.8287;35.7892;P067;121;0;2;;;NONE;;NONE;;SPORT UTILITY;PASSENGER CAR;;;;NO;2705;2016-08-05;8:13:27 PM;2016-08-06T00:13:27+00:00;35.789090456, -78.82890162;2016;No;Yes;8;NONE;NONE,NONE;NONE,NONE;SPORT UTILITY,PASSENGER CAR;SPORT UTILITY,PASSENGER CAR;SPORT UTILITY,PASSENGER CAR;SPORT UTILITY,PASSENGER CAR
23332;.07 MILES FROM SR-1152 (HOLLY SPRINGS RD);NO SPECIAL FEATURE;STRAIGHT,LEVEL;STATE SECONDARY ROUTE;TWO-WAY,DIVIDED,UNPROTECTED MEDIAN;SMOOTH ASPHALT;WET;DAYLIGHT;CLOUDY;STOP AND GO SIGNAL;;;-78.7387;35.7449;;;0;0;;;;;NONE;;PASSENGER CAR;;;;;NO;2710;2016-08-07;3:48:06 PM;2016-08-07T19:48:06+00:00;;2016;No;No;8;;NONE;NONE;PASSENGER CAR;PASSENGER CAR;PASSENGER CAR;PASSENGER CAR
23333;CARY;RELATED TO INTERSECTION;STRAIGHT,LEVEL;STATE SECONDARY ROUTE;TWO-WAY,DIVIDED,UNPROTECTED MEDIAN;SMOOTH ASPHALT;DRY;DAYLIGHT;CLEAR;STOP AND GO SIGNAL;;;-78.7618;35.7705;;;0;2;;;NONE;;NONE;;SPORT UTILITY;PASSENGER CAR;;;;NO;2711;2016-08-08;12:39 PM;2016-08-08T16:39:00+00:00;;2016;No;Yes;8;NONE;NONE,NONE;NONE,NONE;SPORT UTILITY,PASSENGER CAR;SPORT UTILITY,PASSENGER CAR;SPORT UTILITY,PASSENGER CAR;SPORT UTILITY,PASSENGER CAR
23337;CARY;NO SPECIAL FEATURE;STRAIGHT,LEVEL;PUBLIC VEHICULAR AREA;ONE-WAY,NOT DIVIDED;SMOOTH ASPHALT;DRY;DAYLIGHT;CLOUDY;NO CONTROL PRESENT;35.788995096;-78.82812037;-78.8282;35.7888;P065;114;0;0;;;;;NONE;;PASSENGER CAR;SPORT UTILITY;;;;NO;2715;2016-08-08;12:16 PM;2016-08-08T16:16:00+00:00;35.788995096, -78.82812037;2016;No;No;8;;NONE;NONE;PASSENGER CAR,SPORT UTILITY;PASSENGER CAR,SPORT UTILITY;PASSENGER CAR,SPORT UTILITY;PASSENGER CAR,SPORT UTILITY
23342;20 FEET FROM WALNUT ST;NO SPECIAL FEATURE;STRAIGHT,LEVEL;LOCAL STREET;TWO-WAY,NOT DIVIDED;SMOOTH ASPHALT;WET;DAYLIGHT;CLOUDY;STOP AND GO SIGNAL;35.775428717;-78.76721397;-78.7688;35.776;P061;120;0;0;;;NONE;;NONE;;PASSENGER CAR;PASSENGER CAR;;;;NO;2720;2016-08-08;6:28:59 PM;2016-08-08T22:28:59+00:00;35.775428717, -78.76721397;2016;No;No;8;NONE;NONE,NONE;NONE,NONE;PASSENGER CAR,PASSENGER CAR;PASSENGER CAR,PASSENGER CAR;PASSENGER CAR,PASSENGER CAR;PASSENGER CAR,PASSENGER CAR
23351;40 FEET FROM SR 1300 (KILDAIRE FARM RD);RELATED TO INTERSECTION;STRAIGHT,LEVEL;STATE SECONDARY ROUTE;TWO-WAY,NOT DIVIDED;SMOOTH ASPHALT;DRY;DAYLIGHT;CLEAR;STOP AND GO SIGNAL;35.768152869;-78.78258807;-78.782372;35.767648;P039;115;0;0;;;NONE;;NONE;;PASSENGER CAR;PASSENGER CAR;;;;NO;2729;2016-08-09;1:35:13 PM;2016-08-09T17:35:13+00:00;35.768152869, -78.78258807;2016;No;No;8;NONE;NONE,NONE;NONE,NONE;PASSENGER CAR,PASSENGER CAR;PASSENGER CAR,PASSENGER CAR;PASSENGER CAR,PASSENGER CAR;PASSENGER CAR,PASSENGER CAR
23353;NEAR 1 MILES E OF E S.R. 1152 (HOLLY SPRINGS RD);NO SPECIAL FEATURE;STRAIGHT,LEVEL;STATE SECONDARY ROUTE;TWO-WAY,NOT DIVIDED;SMOOTH ASPHALT;DRY;DAYLIGHT;CLEAR;NO CONTROL PRESENT;;;-78.7458;35.7317;;;0;1;;;;;NONE;;SPORT UTILITY;;;;;NO;2731;2016-08-09;6:02:08 PM;2016-08-09T22:02:08+00:00;;2016;No;Yes;8;;NONE;NONE;SPORT UTILITY;SPORT UTILITY;SPORT UTILITY;SPORT UTILITY