tamainid;location_description;rdfeature;rdcharacter;rdclass;rdconfigur;rdsurface;rdcondition;lightcond;weather;trafcontrl;lat;lon;lon2;lat2;tract;zone;fatality;possblinj;numpassengers;numpedestrians;contrcir1_desc;contrcir2_desc;contrcir3_desc;contrcir4_desc;vehicle1;vehicle2;vehicle3;vehicle4;vehicle5;workarea;records;ta_date;ta_time;crash_date;geo_location;year;fatalities;injuries;month;contrfact1;contrfact2;contributing_factor;vehicleconcat1;vehicleconcat2;vehicleconcat3;vehicle_type
23571;100 FEET FROM HWY 55;NO SPECIAL FEATURE;STRAIGHT,LEVEL;NC ROUTE;TWO-WAY,NOT DIVIDED;SMOOTH ASPHALT;DRY;DAYLIGHT;CLEAR;NO CONTROL PRESENT;;;-78.870695;35.789831;;;0;1;;;NONE;;NONE;;PASSENGER CAR;PASSENGER CAR;;;;NO;2948;2016-08-23;11:27 AM;2016-08-23T15:27:00+00:00;;2016;No;Yes;8;NONE;NONE,NONE;NONE,NONE;PASSENGER CAR,PASSENGER CAR;PASSENGER CAR,PASSENGER CAR;PASSENGER CAR,PASSENGER CAR;PASSENGER CAR,PASSENGER CAR
23573;200 FEET FROM S WALKER ST;NO SPECIAL FEATURE;STRAIGHT,LEVEL;LOCAL STREET;TWO-WAY,NOT DIVIDED;COARSE ASPHALT;DRY;DAYLIGHT;CLEAR;NO CONTROL PRESENT;35.782538145;-78.77849972;-78.7785;35.782;P059;120;0;0;;;;;NONE;;SPORT UTILITY;PASSENGER CAR;;;;NO;2950;2016-08-23;10:24 AM;2016-08-23T14:24:00+00:00;35.782538145, -78.77849972;2016;No;No;8;;NONE;NONE;SPORT UTILITY,PASSENGER CAR;SPORT UTILITY,PASSENGER CAR;SPORT UTILITY,PASSENGER CAR;SPORT UTILITY,PASSENGER CAR
23580;50 FEET FROM NC 55 HWY;NO SPECIAL FEATURE;STRAIGHT,LEVEL;NC ROUTE;TWO-WAY,DIVIDED,UNPROTECTED MEDIAN;SMOOTH ASPHALT;DRY;DARK - LIGHTED ROADWAY;CLEAR;NO CONTROL PRESENT;35.773110214;-78.87341952;-78.8733;35.7735;P092;WAKE;0;0;;;NONE;;NONE;;PASSENGER CAR;;;;;NO;2957;2016-08-23;10:04 PM;2016-08-24T02:04:00+00:00;35.773110214, -78.87341952;2016;No;No;8;NONE;NONE,NONE;NONE,NONE;PASSENGER CAR;PASSENGER CAR;PASSENGER CAR;PASSENGER CAR
23581;100 FEET FROM PVA 5501 DILLARD DR.;NO SPECIAL FEATURE;STRAIGHT,LEVEL;PUBLIC VEHICULAR AREA;TWO-WAY,NOT DIVIDED;SMOOTH ASPHALT;DRY;DAYLIGHT;CLOUDY;NO CONTROL PRESENT;;;-78.7317;35.7529;;;0;0;;;NONE;;NONE;;UNKNOWN;PASSENGER CAR;;;;NO;2958;2016-08-11;1:51:01 AM;2016-08-11T05:51:01+00:00;;2016;No;No;8;NONE;NONE,NONE;NONE,NONE;UNKNOWN,PASSENGER CAR;UNKNOWN,PASSENGER CAR;UNKNOWN,PASSENGER CAR;UNKNOWN,PASSENGER CAR
23584;75 FEET FROM SR 1313 (WALNUT ST);NO SPECIAL FEATURE;STRAIGHT,LEVEL;STATE SECONDARY ROUTE;TWO-WAY,NOT DIVIDED;SMOOTH ASPHALT;DRY;DAYLIGHT;CLEAR;STOP AND GO SIGNAL;;;-78.741;35.755;;;0;0;;;;;NONE;;VAN;PASSENGER CAR;;;;NO;2961;2016-08-16;8:45:40 PM;2016-08-17T00:45:40+00:00;;2016;No;No;8;;NONE;NONE;VAN,PASSENGER CAR;VAN,PASSENGER CAR;VAN,PASSENGER CAR;VAN,PASSENGER CAR
23586;.10 MILES FROM PVA 201 HARRISON OAKS BLVD;NO SPECIAL FEATURE;CURVE,LEVEL;PUBLIC VEHICULAR AREA;TWO-WAY,NOT DIVIDED;SMOOTH ASPHALT;DRY;DAYLIGHT;CLEAR;NO CONTROL PRESENT;;;-78.7717;35.8328;;;0;1;;1;NONE;;NONE;;VAN;;;;;NO;2963;2016-08-18;11:28 PM;2016-08-19T03:28:00+00:00;;2016;No;Yes;8;NONE;NONE,NONE;NONE,NONE;VAN;VAN;VAN;VAN
23589;200 FEET FROM US 1 HWY;NO SPECIAL FEATURE;STRAIGHT,LEVEL;US ROUTE;TWO-WAY,DIVIDED,POSITIVE MEDIAN BARRIER;GROOVED CONCRETE;DRY;DAYLIGHT;CLEAR;NO CONTROL PRESENT;;;-78.771585;35.748719;;115;0;0;;;NONE;;NONE;;PASSENGER CAR;SPORT UTILITY;VAN;;;NO;2966;2016-08-18;8:02:33 AM;2016-08-18T12:02:33+00:00;;2016;No;No;8;NONE;NONE,NONE;NONE,NONE;PASSENGER CAR,SPORT UTILITY;PASSENGER CAR,SPORT UTILITY,VAN;PASSENGER CAR,SPORT UTILITY,VAN;PASSENGER CAR,SPORT UTILITY,VAN
23590;CARY;FOUR-WAY INTERSECTION;CURVE,LEVEL;STATE SECONDARY ROUTE;TWO-WAY,DIVIDED,UNPROTECTED MEDIAN;SMOOTH ASPHALT;DRY;DARK - LIGHTED ROADWAY;CLEAR;STOP AND GO SIGNAL;;;-78.8375;35.7804;;;0;0;;;NONE;;NONE;;PASSENGER CAR;SPORT UTILITY;;;;NO;2967;2016-08-17;12:18 AM;2016-08-17T04:18:00+00:00;;2016;No;No;8;NONE;NONE,NONE;NONE,NONE;PASSENGER CAR,SPORT UTILITY;PASSENGER CAR,SPORT UTILITY;PASSENGER CAR,SPORT UTILITY;PASSENGER CAR,SPORT UTILITY
23599;.1 MILES FROM SR 1011 (E CHATHAM ST);NO SPECIAL FEATURE;STRAIGHT,LEVEL;STATE SECONDARY ROUTE;TWO-WAY,NOT DIVIDED;SMOOTH ASPHALT;DRY;DAYLIGHT;CLEAR;NO CONTROL PRESENT;35.792027489;-78.76378666;-78.7622;35.7917;P055;120;0;0;1;;NONE;;NONE;;VAN;PASSENGER CAR;;;;NO;2976;2016-08-25;5:14:51 PM;2016-08-25T21:14:51+00:00;35.792027489, -78.76378666;2016;No;No;8;NONE;NONE,NONE;NONE,NONE;VAN,PASSENGER CAR;VAN,PASSENGER CAR;VAN,PASSENGER CAR;VAN,PASSENGER CAR
23605;25 FEET FROM SR 1615 (HIGH HOUSE RD);UNDERPASS;STRAIGHT,LEVEL;STATE SECONDARY ROUTE;TWO-WAY,DIVIDED,UNPROTECTED MEDIAN;SMOOTH ASPHALT;DRY;DAYLIGHT;CLEAR;NO CONTROL PRESENT;;;;;;;0;0;1;;NONE;;NONE;;VAN;PICKUP;;;;NO;2982;2016-08-26;9:41:11 AM;2016-08-26T13:41:11+00:00;;2016;No;No;8;NONE;NONE,NONE;NONE,NONE;VAN,PICKUP;VAN,PICKUP;VAN,PICKUP;VAN,PICKUP
23607;CARY;T-INTERSECTION;STRAIGHT,HILLCREST;US ROUTE;TWO-WAY,DIVIDED,UNPROTECTED MEDIAN;SMOOTH ASPHALT;DRY;DAYLIGHT;CLEAR;STOP AND GO SIGNAL;;;-78.74872;35.763767;;112;0;0;;;NONE;;NONE;;LIGHT TRUCK (MINI-VAN- PANEL);PASSENGER CAR;;;;NO;2984;2016-08-26;11:43 AM;2016-08-26T15:43:00+00:00;;2016;No;No;8;NONE;NONE,NONE;NONE,NONE;LIGHT TRUCK (MINI-VAN- PANEL),PASSENGER CAR;LIGHT TRUCK (MINI-VAN- PANEL),PASSENGER CAR;LIGHT TRUCK (MINI-VAN- PANEL),PASSENGER CAR;LIGHT TRUCK (MINI-VAN- PANEL),PASSENGER CAR
23609;100 FEET FROM REMINGTON OAKS CIR;NO SPECIAL FEATURE;STRAIGHT,LEVEL;LOCAL STREET;TWO-WAY,NOT DIVIDED;SMOOTH ASPHALT;DRY;DAYLIGHT;CLEAR;NO CONTROL PRESENT;35.821339528;-78.91521762;-78.916079;35.82144;P076;119;0;0;;;NONE;;NONE;;PASSENGER CAR;SPORT UTILITY;;;;NO;2986;2016-08-27;4:59:00 PM;2016-08-27T20:59:00+00:00;35.821339528, -78.91521762;2016;No;No;8;NONE;NONE,NONE;NONE,NONE;PASSENGER CAR,SPORT UTILITY;PASSENGER CAR,SPORT UTILITY;PASSENGER CAR,SPORT UTILITY;PASSENGER CAR,SPORT UTILITY
23615;10 FEET FROM PVA 301 N. HARRISON AV;DRIVEWAY, PUBLIC;STRAIGHT,LEVEL;PUBLIC VEHICULAR AREA;TWO-WAY,NOT DIVIDED;SMOOTH ASPHALT;DRY;DARK - ROADWAY NOT LIGHTED;CLOUDY;NO CONTROL PRESENT;;;-78.7839;35.7885;;;0;0;;;;;NONE;;PICKUP;;;;;NO;2992;2016-08-27;2:53:21 AM;2016-08-27T06:53:21+00:00;;2016;No;No;8;;NONE;NONE;PICKUP;PICKUP;PICKUP;PICKUP
23631;200 FEET FROM NC 55 HWY;NO SPECIAL FEATURE;STRAIGHT,LEVEL;NC ROUTE;TWO-WAY,NOT DIVIDED;SMOOTH ASPHALT;DRY;DAYLIGHT;CLEAR;NO CONTROL PRESENT;35.79295009;-78.87057115;-78.870737;35.791033;P077;122;0;0;2;;NONE;;NONE;;SPORT UTILITY;SPORT UTILITY;;;;NO;3008;2016-08-23;5:59:00 PM;2016-08-23T21:59:00+00:00;35.79295009, -78.87057115;2016;No;No;8;NONE;NONE,NONE;NONE,NONE;SPORT UTILITY,SPORT UTILITY;SPORT UTILITY,SPORT UTILITY;SPORT UTILITY,SPORT UTILITY;SPORT UTILITY,SPORT UTILITY
23642;.10 MILES FROM SR 1313 (WALNUT ST);OTHER *;STRAIGHT,LEVEL;STATE SECONDARY ROUTE;TWO-WAY,DIVIDED,UNPROTECTED MEDIAN;SMOOTH ASPHALT;DRY;DAYLIGHT;CLEAR;NO CONTROL PRESENT;;;-78.7671;35.7745;;;0;0;3;;NONE;;NONE;;PASSENGER CAR;PASSENGER CAR;;;;NO;3019;2016-08-25;5:46:18 PM;2016-08-25T21:46:18+00:00;;2016;No;No;8;NONE;NONE,NONE;NONE,NONE;PASSENGER CAR,PASSENGER CAR;PASSENGER CAR,PASSENGER CAR;PASSENGER CAR,PASSENGER CAR;PASSENGER CAR,PASSENGER CAR
23643;30 FEET FROM SR#1613 (DAVIS DR);NO SPECIAL FEATURE;STRAIGHT,LEVEL;STATE SECONDARY ROUTE;TWO-WAY,DIVIDED,UNPROTECTED MEDIAN;SMOOTH ASPHALT;DRY;DAYLIGHT;CLEAR;NO CONTROL PRESENT;35.791467252;-78.8485146;-78.84728;35.79177;P017;121;0;0;1;;NONE;;NONE;;SPORT UTILITY;VAN;;;;NO;3020;2016-08-29;8:04:17 AM;2016-08-29T12:04:17+00:00;35.791467252, -78.8485146;2016;No;No;8;NONE;NONE,NONE;NONE,NONE;SPORT UTILITY,VAN;SPORT UTILITY,VAN;SPORT UTILITY,VAN;SPORT UTILITY,VAN
23644;100 FEET FROM PVA OF 1413 HAMPTON VALLEY RD;NO SPECIAL FEATURE;STRAIGHT,LEVEL;PUBLIC VEHICULAR AREA;TWO-WAY,NOT DIVIDED;GRAVEL;DRY;DAYLIGHT;CLEAR;NO CONTROL PRESENT;35.760334548;-78.7754144;-78.7767;35.7589;P027;112;0;0;2;;;;NONE;;VAN;PASSENGER CAR;;;;NO;3021;2016-08-29;9:03:09 AM;2016-08-29T13:03:09+00:00;35.760334548, -78.7754144;2016;No;No;8;;NONE;NONE;VAN,PASSENGER CAR;VAN,PASSENGER CAR;VAN,PASSENGER CAR;VAN,PASSENGER CAR
23646;25 FEET FROM KING ST;NO SPECIAL FEATURE;STRAIGHT,LEVEL;LOCAL STREET;TWO-WAY,NOT DIVIDED;SMOOTH ASPHALT;DRY;DAYLIGHT;CLEAR;STOP SIGN;35.7884119;-78.79643487;-78.7963;35.7884;P026;114;0;0;;;NONE;;NONE;;PASSENGER CAR;PICKUP;;;;NO;3023;2016-08-28;1:51:51 PM;2016-08-28T17:51:51+00:00;35.7884119, -78.79643487;2016;No;No;8;NONE;NONE,NONE;NONE,NONE;PASSENGER CAR,PICKUP;PASSENGER CAR,PICKUP;PASSENGER CAR,PICKUP;PASSENGER CAR,PICKUP
23653;40 FEET FROM SR 1010 TEN TEN RD;NO SPECIAL FEATURE;STRAIGHT,GRADE;STATE SECONDARY ROUTE;TWO-WAY,NOT DIVIDED;SMOOTH ASPHALT;DRY;DAYLIGHT;CLEAR;NO CONTROL PRESENT;;;-78.7811;35.6999;;;0;1;;;;;NONE;;PASSENGER CAR;VAN;;;;NO;3030;2016-08-29;5:02:42 PM;2016-08-29T21:02:42+00:00;;2016;No;Yes;8;;NONE;NONE;PASSENGER CAR,VAN;PASSENGER CAR,VAN;PASSENGER CAR,VAN;PASSENGER CAR,VAN
23656;100 FEET FROM P.V.A. (CHIC FIL A);NO SPECIAL FEATURE;STRAIGHT,LEVEL;PUBLIC VEHICULAR AREA;TWO-WAY,NOT DIVIDED;SMOOTH ASPHALT;DRY;DARK - LIGHTED ROADWAY;CLEAR;NO CONTROL PRESENT;35.76005191;-78.74212831;-78.7424;35.7602;P120;118;0;0;;;NONE;;NONE;;PASSENGER CAR;SPORT UTILITY;;;;NO;3033;2016-08-29;7:52:06 PM;2016-08-29T23:52:06+00:00;35.76005191, -78.74212831;2016;No;No;8;NONE;NONE,NONE;NONE,NONE;PASSENGER CAR,SPORT UTILITY;PASSENGER CAR,SPORT UTILITY;PASSENGER CAR,SPORT UTILITY;PASSENGER CAR,SPORT UTILITY
23660;130 FEET FROM SR 3081 (CHAPEL HILL RD);NO SPECIAL FEATURE;STRAIGHT,LEVEL;STATE SECONDARY ROUTE;TWO-WAY,NOT DIVIDED;SMOOTH ASPHALT;DRY;DAYLIGHT;CLEAR;NO CONTROL PRESENT;;;-78.7959;35.7986;;;0;0;4;;NONE;;FAILURE TO YIELD RIGHT OF WAY;;PASSENGER CAR;PASSENGER CAR;;;;UTILITY WORK AREA;3037;2016-08-30;10:25 AM;2016-08-30T14:25:00+00:00;;2016;No;No;8;NONE;NONE,FAILURE TO YIELD RIGHT OF WAY;NONE,FAILURE TO YIELD RIGHT OF WAY;PASSENGER CAR,PASSENGER CAR;PASSENGER CAR,PASSENGER CAR;PASSENGER CAR,PASSENGER CAR;PASSENGER CAR,PASSENGER CAR
23666;.02 MILES FROM SR-1313 (WALNUT ST);RELATED TO INTERSECTION;STRAIGHT,LEVEL;STATE SECONDARY ROUTE;TWO-WAY,DIVIDED,UNPROTECTED MEDIAN;SMOOTH ASPHALT;DRY;DAYLIGHT;CLEAR;STOP AND GO SIGNAL;35.758970594;-78.74241617;-78.7427;35.7596;P045;118;0;0;;;NONE;;NONE;;SPORT UTILITY;SPORT UTILITY;;;;CONSTRUCTION WORK AREA;3043;2016-08-30;2:15:07 PM;2016-08-30T18:15:07+00:00;35.758970594, -78.74241617;2016;No;No;8;NONE;NONE,NONE;NONE,NONE;SPORT UTILITY,SPORT UTILITY;SPORT UTILITY,SPORT UTILITY;SPORT UTILITY,SPORT UTILITY;SPORT UTILITY,SPORT UTILITY
23678;CARY;NO SPECIAL FEATURE;STRAIGHT,GRADE;STATE SECONDARY ROUTE;TWO-WAY,DIVIDED,UNPROTECTED MEDIAN;SMOOTH ASPHALT;DRY;DAYLIGHT;CLEAR;STOP AND GO SIGNAL;;;-78.7626;35.7433;;;0;0;;;;;NONE;;SPORT UTILITY;PASSENGER CAR;;;;NO;3055;2016-08-31;5:54:59 PM;2016-08-31T21:54:59+00:00;;2016;No;No;8;;NONE;NONE;SPORT UTILITY,PASSENGER CAR;SPORT UTILITY,PASSENGER CAR;SPORT UTILITY,PASSENGER CAR;SPORT UTILITY,PASSENGER CAR
23682;.12 MILES FROM PVA 6770 MCCRIMMON PKWY;NO SPECIAL FEATURE;STRAIGHT,LEVEL;PUBLIC VEHICULAR AREA;TWO-WAY,NOT DIVIDED;SMOOTH ASPHALT;DRY;DAYLIGHT;CLEAR;NO CONTROL PRESENT;;;-78.8901;35.830256;;;0;0;;;NONE;;NONE;;SPORT UTILITY;SPORT UTILITY;;;;NO;3059;2016-08-30;6:44:35 AM;2016-08-30T10:44:35+00:00;;2016;No;No;8;NONE;NONE,NONE;NONE,NONE;SPORT UTILITY,SPORT UTILITY;SPORT UTILITY,SPORT UTILITY;SPORT UTILITY,SPORT UTILITY;SPORT UTILITY,SPORT UTILITY
23684;15 FEET FROM US1;OFF-RAMP TERMINAL ON CROSSROAD;STRAIGHT,HILLCREST;US ROUTE;ONE-WAY,NOT DIVIDED;SMOOTH ASPHALT;DRY;DAYLIGHT;CLEAR;YIELD SIGN;;;-78.77088;35.747521;;112;0;0;1;;;;NONE;;SPORT UTILITY;PASSENGER CAR;;;;NO;3061;2016-09-01;9:01:14 AM;2016-09-01T13:01:14+00:00;;2016;No;No;9;;NONE;NONE;SPORT UTILITY,PASSENGER CAR;SPORT UTILITY,PASSENGER CAR;SPORT UTILITY,PASSENGER CAR;SPORT UTILITY,PASSENGER CAR
23686;CARY;NO SPECIAL FEATURE;CURVE,LEVEL;PUBLIC VEHICULAR AREA;TWO-WAY,NOT DIVIDED;SMOOTH ASPHALT;DRY;DAYLIGHT;CLEAR;NO CONTROL PRESENT;35.736725748;-78.78760951;-78.7622;35.7451;P042;115;0;0;1;;NONE;;NONE;;PASSENGER CAR;PASSENGER CAR;;;;NO;3063;2016-09-01;1:26:31 PM;2016-09-01T17:26:31+00:00;35.736725748, -78.78760951;2016;No;No;9;NONE;NONE,NONE;NONE,NONE;PASSENGER CAR,PASSENGER CAR;PASSENGER CAR,PASSENGER CAR;PASSENGER CAR,PASSENGER CAR;PASSENGER CAR,PASSENGER CAR
23692;CARY;RELATED TO INTERSECTION;STRAIGHT,LEVEL;STATE SECONDARY ROUTE;TWO-WAY,DIVIDED,UNPROTECTED MEDIAN;SMOOTH ASPHALT;DRY;DARK - LIGHTED ROADWAY;CLEAR;STOP AND GO SIGNAL;;;-78.8504;35.79;;;0;1;;1;NONE;;NONE;;PASSENGER CAR;;;;;NO;3069;2016-08-31;9:22:24 PM;2016-09-01T01:22:24+00:00;;2016;No;Yes;8;NONE;NONE,NONE;NONE,NONE;PASSENGER CAR;PASSENGER CAR;PASSENGER CAR;PASSENGER CAR
23700;75 FEET FROM NC 55 HIGHWAY;NO SPECIAL FEATURE;STRAIGHT,LEVEL;NC ROUTE;TWO-WAY,NOT DIVIDED;SMOOTH ASPHALT;DRY;DAYLIGHT;CLEAR;NO CONTROL PRESENT;;;-78.8708;35.7884;;;0;0;1;;NONE;;NONE;;;PASSENGER CAR;;;;NO;3077;2016-09-01;1:59:00 PM;2016-09-01T17:59:00+00:00;;2016;No;No;9;NONE;NONE,NONE;NONE,NONE;PASSENGER CAR;PASSENGER CAR;PASSENGER CAR;PASSENGER CAR
23703;244 FEET FROM PVA OF 1151 TRYON VILLAGE DR;NO SPECIAL FEATURE;STRAIGHT,LEVEL;PUBLIC VEHICULAR AREA;TWO-WAY,NOT DIVIDED;SMOOTH ASPHALT;DRY;DUSK;CLEAR;NO CONTROL PRESENT;;;-78.7434;35.7463;;;0;0;;;;;NONE;;UNKNOWN;PASSENGER CAR;;;;NO;3080;2016-09-04;10:15 PM;2016-09-05T02:15:00+00:00;;2016;No;No;9;;NONE;NONE;UNKNOWN,PASSENGER CAR;UNKNOWN,PASSENGER CAR;UNKNOWN,PASSENGER CAR;UNKNOWN,PASSENGER CAR
23708;.25 MILES FROM SR 1613 (DAVIS DR);NO SPECIAL FEATURE;STRAIGHT,LEVEL;STATE SECONDARY ROUTE;TWO-WAY,DIVIDED,UNPROTECTED MEDIAN;SMOOTH ASPHALT;DRY;DAYLIGHT;CLEAR;STOP AND GO SIGNAL;35.782336729;-78.84821312;-78.84834;35.79642;P018;117;0;0;2;;NONE;;NONE;;SPORT UTILITY;PASSENGER CAR;;;;NO;3085;2016-08-31;1:10:11 PM;2016-08-31T17:10:11+00:00;35.782336729, -78.84821312;2016;No;No;8;NONE;NONE,NONE;NONE,NONE;SPORT UTILITY,PASSENGER CAR;SPORT UTILITY,PASSENGER CAR;SPORT UTILITY,PASSENGER CAR;SPORT UTILITY,PASSENGER CAR
23711;78 FEET FROM SR 1652 ( N HARRISON AVE );NO SPECIAL FEATURE;STRAIGHT,LEVEL;STATE SECONDARY ROUTE;TWO-WAY,NOT DIVIDED;SMOOTH ASPHALT;WET;DAYLIGHT;RAIN;STOP AND GO SIGNAL;;;-78.7834;35.7876;;;0;0;1;;NONE;;NONE;;PASSENGER CAR;PICKUP;;;;NO;3088;2016-09-02;3:22:20 PM;2016-09-02T19:22:20+00:00;;2016;No;No;9;NONE;NONE,NONE;NONE,NONE;PASSENGER CAR,PICKUP;PASSENGER CAR,PICKUP;PASSENGER CAR,PICKUP;PASSENGER CAR,PICKUP
23712;50 FEET FROM SR 1615 (HIGH HOUSE RD);NO SPECIAL FEATURE;STRAIGHT,LEVEL;STATE SECONDARY ROUTE;TWO-WAY,DIVIDED,UNPROTECTED MEDIAN;SMOOTH ASPHALT;WET;DAYLIGHT;RAIN;NO CONTROL PRESENT;35.788812591;-78.86279431;-78.862476;35.78876;P012;121;0;0;;;NONE;;NONE;;PASSENGER CAR;;;;;NO;3089;2016-09-02;3:55:46 PM;2016-09-02T19:55:46+00:00;35.788812591, -78.86279431;2016;No;No;9;NONE;NONE,NONE;NONE,NONE;PASSENGER CAR;PASSENGER CAR;PASSENGER CAR;PASSENGER CAR
23721;50 FEET FROM 1607 WALNUT ST (PVA);NO SPECIAL FEATURE;CURVE,LEVEL;PUBLIC VEHICULAR AREA;ONE-WAY,NOT DIVIDED;SMOOTH ASPHALT;WATER (STANDING, MOVING);DARK - LIGHTED ROADWAY;RAIN;NO CONTROL PRESENT;35.763961472;-78.7487568;-78.7484;35.7641;P028;112;0;0;;;NONE;;NONE;;SPORT UTILITY;PICKUP;;;;NO;3098;2016-09-02;9:20:34 PM;2016-09-03T01:20:34+00:00;35.763961472, -78.7487568;2016;No;No;9;NONE;NONE,NONE;NONE,NONE;SPORT UTILITY,PICKUP;SPORT UTILITY,PICKUP;SPORT UTILITY,PICKUP;SPORT UTILITY,PICKUP
23725;.75 MILES FROM 300 AIRGATE DR.;NO SPECIAL FEATURE;STRAIGHT,LEVEL;PUBLIC VEHICULAR AREA;TWO-WAY,NOT DIVIDED;SMOOTH ASPHALT;DRY;DAYLIGHT;CLEAR;NO CONTROL PRESENT;35.865418486;-78.81583212;-78.8153;35.8655;P019;111;0;0;;;NONE;;NONE;;PASSENGER CAR;SPORT UTILITY;;;;NO;3102;2016-09-04;12:49 PM;2016-09-04T16:49:00+00:00;35.865418486, -78.81583212;2016;No;No;9;NONE;NONE,NONE;NONE,NONE;PASSENGER CAR,SPORT UTILITY;PASSENGER CAR,SPORT UTILITY;PASSENGER CAR,SPORT UTILITY;PASSENGER CAR,SPORT UTILITY
23734;200 FEET FROM HIGHCROFT DR;NO SPECIAL FEATURE;STRAIGHT,LEVEL;LOCAL STREET;TWO-WAY,NOT DIVIDED;SMOOTH ASPHALT;WET;DARK - LIGHTED ROADWAY;RAIN;NO CONTROL PRESENT;35.796949645;-78.88789187;-78.8876;35.7967;P077;122;0;0;;;NONE;;NONE;;SPORT UTILITY;SPORT UTILITY;;;;NO;3111;2016-09-02;11:10 AM;2016-09-02T15:10:00+00:00;35.796949645, -78.88789187;2016;No;No;9;NONE;NONE,NONE;NONE,NONE;SPORT UTILITY,SPORT UTILITY;SPORT UTILITY,SPORT UTILITY;SPORT UTILITY,SPORT UTILITY;SPORT UTILITY,SPORT UTILITY
23742;CARY;RELATED TO INTERSECTION;STRAIGHT,LEVEL;STATE SECONDARY ROUTE;TWO-WAY,DIVIDED,UNPROTECTED MEDIAN;SMOOTH ASPHALT;DRY;DAYLIGHT;CLOUDY;STOP AND GO SIGNAL;;;-78.76335;35.794941;;113;0;0;2;;NONE;;NONE;;PASSENGER CAR;PASSENGER CAR;;;;NO;3119;2016-09-03;7:26:57 AM;2016-09-03T11:26:57+00:00;;2016;No;No;9;NONE;NONE,NONE;NONE,NONE;PASSENGER CAR,PASSENGER CAR;PASSENGER CAR,PASSENGER CAR;PASSENGER CAR,PASSENGER CAR;PASSENGER CAR,PASSENGER CAR
23748;.10 MILES FROM PVA 6770 MCCRIMMON PKWY;NO SPECIAL FEATURE;STRAIGHT,LEVEL;PUBLIC VEHICULAR AREA;TWO-WAY,NOT DIVIDED;SMOOTH ASPHALT;DRY;DAYLIGHT;CLEAR;NO CONTROL PRESENT;;;-78.890614;35.829212;;;0;0;;;NONE;;NONE;;SPORT UTILITY;PASSENGER CAR;;;;NO;3125;2016-09-06;7:40:42 AM;2016-09-06T11:40:42+00:00;;2016;No;No;9;NONE;NONE,NONE;NONE,NONE;SPORT UTILITY,PASSENGER CAR;SPORT UTILITY,PASSENGER CAR;SPORT UTILITY,PASSENGER CAR;SPORT UTILITY,PASSENGER CAR
23769;.02 MILES FROM 123 MIDDLE CREEK PARK AV;DRIVEWAY, PUBLIC;STRAIGHT,LEVEL;PUBLIC VEHICULAR AREA;TWO-WAY,NOT DIVIDED;SMOOTH ASPHALT;DRY;DAYLIGHT;RAIN;NO CONTROL PRESENT;;;-78.7616;35.668;;;0;0;4;;NONE;;NONE;;PASSENGER CAR;PASSENGER CAR;;;;NO;3146;2016-09-02;9:02:43 AM;2016-09-02T13:02:43+00:00;;2016;No;No;9;NONE;NONE,NONE;NONE,NONE;PASSENGER CAR,PASSENGER CAR;PASSENGER CAR,PASSENGER CAR;PASSENGER CAR,PASSENGER CAR;PASSENGER CAR,PASSENGER CAR
23771;.2 MILES FROM PVA 200 REGENCY WOODS PLACE;NO SPECIAL FEATURE;STRAIGHT,LEVEL;PUBLIC VEHICULAR AREA;TWO-WAY,NOT DIVIDED;SMOOTH ASPHALT;DRY;DAYLIGHT;CLEAR;NO CONTROL PRESENT;35.725808771;-78.79398914;-78.7937;35.726;P043;116;0;0;;;;;NONE;;PASSENGER CAR;VAN;;;;NO;3148;2016-09-06;6:01:21 AM;2016-09-06T10:01:21+00:00;35.725808771, -78.79398914;2016;No;No;9;;NONE;NONE;PASSENGER CAR,VAN;PASSENGER CAR,VAN;PASSENGER CAR,VAN;PASSENGER CAR,VAN
23775;CARY;NO SPECIAL FEATURE;STRAIGHT,LEVEL;STATE SECONDARY ROUTE;TWO-WAY,NOT DIVIDED;SMOOTH ASPHALT;DRY;DAYLIGHT;CLEAR;NO CONTROL PRESENT;;;-78.856243;35.784426;;117;0;0;1;;NONE;;NONE;;SPORT UTILITY;PASSENGER CAR;;;;NO;3152;2016-09-06;7:37:12 AM;2016-09-06T11:37:12+00:00;;2016;No;No;9;NONE;NONE,NONE;NONE,NONE;SPORT UTILITY,PASSENGER CAR;SPORT UTILITY,PASSENGER CAR;SPORT UTILITY,PASSENGER CAR;SPORT UTILITY,PASSENGER CAR
23784;200 FEET FROM PVA 1207 KILDAIRE FARM RD;NO SPECIAL FEATURE;STRAIGHT,LEVEL;PUBLIC VEHICULAR AREA;TWO-WAY,NOT DIVIDED;SMOOTH ASPHALT;DRY;DAYLIGHT;CLEAR;NO CONTROL PRESENT;35.842385416;-78.67028897;;;P119;RALW;0;0;;;;;NONE;;PASSENGER CAR;PASSENGER CAR;;;;NO;3161;2016-09-08;1:41:41 PM;2016-09-08T17:41:41+00:00;35.842385416, -78.67028897;2016;No;No;9;;NONE;NONE;PASSENGER CAR,PASSENGER CAR;PASSENGER CAR,PASSENGER CAR;PASSENGER CAR,PASSENGER CAR;PASSENGER CAR,PASSENGER CAR
23788;20 FEET FROM SR 3073 (NW MAYNARD RD);FOUR-WAY INTERSECTION;STRAIGHT,LEVEL;STATE SECONDARY ROUTE;TWO-WAY,DIVIDED,POSITIVE MEDIAN BARRIER;SMOOTH ASPHALT;DRY;DAYLIGHT;CLEAR;STOP AND GO SIGNAL;;;-78.8098;35.764;;;0;0;;;NONE;;NONE;;PASSENGER CAR;PASSENGER CAR;;;;NO;3165;2016-09-08;11:24 AM;2016-09-08T15:24:00+00:00;;2016;No;No;9;NONE;NONE,NONE;NONE,NONE;PASSENGER CAR,PASSENGER CAR;PASSENGER CAR,PASSENGER CAR;PASSENGER CAR,PASSENGER CAR;PASSENGER CAR,PASSENGER CAR