tamainid;location_description;rdfeature;rdcharacter;rdclass;rdconfigur;rdsurface;rdcondition;lightcond;weather;trafcontrl;lat;lon;lon2;lat2;tract;zone;fatality;possblinj;numpassengers;numpedestrians;contrcir1_desc;contrcir2_desc;contrcir3_desc;contrcir4_desc;vehicle1;vehicle2;vehicle3;vehicle4;vehicle5;workarea;records;ta_date;ta_time;crash_date;geo_location;year;fatalities;injuries;month;contrfact1;contrfact2;contributing_factor;vehicleconcat1;vehicleconcat2;vehicleconcat3;vehicle_type
24321;250 FEET FROM SR-1300 (KILDAIRE FARM RD);NO SPECIAL FEATURE;STRAIGHT,LEVEL;STATE SECONDARY ROUTE;TWO-WAY,NOT DIVIDED;SMOOTH ASPHALT;DRY;DAYLIGHT;CLEAR;STOP SIGN;;;-78.7931;35.7083;;;0;0;;;;;NONE;;PASSENGER CAR;SPORT UTILITY;;;;NO;3698;2016-10-16;2:17:11 PM;2016-10-16T18:17:11+00:00;;2016;No;No;10;;NONE;NONE;PASSENGER CAR,SPORT UTILITY;PASSENGER CAR,SPORT UTILITY;PASSENGER CAR,SPORT UTILITY;PASSENGER CAR,SPORT UTILITY
24322;10 FEET FROM SR5039 JONES FRANKLIN RD;NO SPECIAL FEATURE;CURVE,LEVEL;STATE SECONDARY ROUTE;TWO-WAY,NOT DIVIDED;SMOOTH ASPHALT;UNKNOWN;DAYLIGHT;CLEAR;NO CONTROL PRESENT;35.747351971;-78.73879909;-78.7378;35.7473;P046;118;0;0;;;;;NONE;;;;;;;NO;3699;2016-10-16;11:48 AM;2016-10-16T15:48:00+00:00;35.747351971, -78.73879909;2016;No;No;10;;NONE;NONE;;;;
24325;CARY;FOUR-WAY INTERSECTION;STRAIGHT,LEVEL;STATE SECONDARY ROUTE;TWO-WAY,DIVIDED,POSITIVE MEDIAN BARRIER;SMOOTH ASPHALT;DRY;DAYLIGHT;CLEAR;NO CONTROL PRESENT;;;-78.829425;35.766791;;;0;0;;;NONE;;NONE;;PASSENGER CAR;PICKUP;;;;NO;3702;2016-10-17;9:06:17 AM;2016-10-17T13:06:17+00:00;;2016;No;No;10;NONE;NONE,NONE;NONE,NONE;PASSENGER CAR,PICKUP;PASSENGER CAR,PICKUP;PASSENGER CAR,PICKUP;PASSENGER CAR,PICKUP
24329;0.117 MILES FROM NC 55 HWY;NO SPECIAL FEATURE;STRAIGHT,LEVEL;NC ROUTE;TWO-WAY,DIVIDED,UNPROTECTED MEDIAN;SMOOTH ASPHALT;DRY;DARK - LIGHTED ROADWAY;CLEAR;NO CONTROL PRESENT;;;-78.875341;35.762937;;;0;0;2;;NONE;;NONE;;PICKUP;PASSENGER CAR;;;;NO;3706;2016-10-15;3:13:25 AM;2016-10-15T07:13:25+00:00;;2016;No;No;10;NONE;NONE,NONE;NONE,NONE;PICKUP,PASSENGER CAR;PICKUP,PASSENGER CAR;PICKUP,PASSENGER CAR;PICKUP,PASSENGER CAR
24334;CARY;;;;;;;;;;;;;;;;0;0;;;;;;;PASSENGER CAR;;;;;;3711;2016-10-09;1:05:15 AM;2016-10-09T05:05:15+00:00;;2016;No;No;10;;;;PASSENGER CAR;PASSENGER CAR;PASSENGER CAR;PASSENGER CAR
24340;CARY;RELATED TO INTERSECTION;STRAIGHT,GRADE;STATE SECONDARY ROUTE;TWO-WAY,NOT DIVIDED;SMOOTH ASPHALT;DRY;DAYLIGHT;CLEAR;NO CONTROL PRESENT;;;-78.7831;35.7935;;;0;0;1;;NONE;;NONE;;PASSENGER CAR;PASSENGER CAR;PASSENGER CAR;;;NO;3717;2016-10-17;6:26:56 PM;2016-10-17T22:26:56+00:00;;2016;No;No;10;NONE;NONE,NONE;NONE,NONE;PASSENGER CAR,PASSENGER CAR;PASSENGER CAR,PASSENGER CAR,PASSENGER CAR;PASSENGER CAR,PASSENGER CAR,PASSENGER CAR;PASSENGER CAR,PASSENGER CAR,PASSENGER CAR
24345;105 FEET FROM LUCIA LN;NO SPECIAL FEATURE;STRAIGHT,GRADE;LOCAL STREET;TWO-WAY,NOT DIVIDED;SMOOTH ASPHALT;DRY;DARK - ROADWAY NOT LIGHTED;CLEAR;NO CONTROL PRESENT;35.828069595;-78.89750658;-78.897182;35.827963;P016;119;0;0;;;NONE;;NONE;;PASSENGER CAR;UNKNOWN;;;;NO;3722;2016-10-18;7:27:14 AM;2016-10-18T11:27:14+00:00;35.828069595, -78.89750658;2016;No;No;10;NONE;NONE,NONE;NONE,NONE;PASSENGER CAR,UNKNOWN;PASSENGER CAR,UNKNOWN;PASSENGER CAR,UNKNOWN;PASSENGER CAR,UNKNOWN
24353;.34 MILES FROM US 64 HWY;FOUR-WAY INTERSECTION;STRAIGHT,LEVEL;US ROUTE;TWO-WAY,DIVIDED,UNPROTECTED MEDIAN;SMOOTH ASPHALT;DRY;DAYLIGHT;CLEAR;STOP AND GO SIGNAL;35.740484311;-78.8047643;-78.7985;35.7386;P041;116;0;0;1;;;;NONE;;VAN;SPORT UTILITY;;;;NO;3730;2016-10-18;1:54:39 PM;2016-10-18T17:54:39+00:00;35.740484311, -78.8047643;2016;No;No;10;;NONE;NONE;VAN,SPORT UTILITY;VAN,SPORT UTILITY;VAN,SPORT UTILITY;VAN,SPORT UTILITY
24356;.10 MILES FROM SR 1615 (HIGH HOUSE RD);DRIVEWAY, PUBLIC;STRAIGHT,LEVEL;STATE SECONDARY ROUTE;TWO-WAY,NOT DIVIDED;SMOOTH ASPHALT;DRY;DUSK;CLEAR;STOP SIGN;;;-78.8114;35.7835;;;0;1;;;NONE;;NONE;;;PASSENGER CAR;;;;NO;3733;2016-10-18;6:30:03 PM;2016-10-18T22:30:03+00:00;;2016;No;Yes;10;NONE;NONE,NONE;NONE,NONE;PASSENGER CAR;PASSENGER CAR;PASSENGER CAR;PASSENGER CAR
24364;CARY;FOUR-WAY INTERSECTION;STRAIGHT,LEVEL;NC ROUTE;TWO-WAY,NOT DIVIDED;SMOOTH ASPHALT;DRY;DARK - LIGHTED ROADWAY;CLEAR;NO CONTROL PRESENT;;;-78.7868;35.8;;;0;7;7;;NONE;;NONE;;SPORT UTILITY;;;;;NO;3741;2016-10-18;8:17:11 PM;2016-10-19T00:17:11+00:00;;2016;No;Yes;10;NONE;NONE,NONE;NONE,NONE;SPORT UTILITY;SPORT UTILITY;SPORT UTILITY;SPORT UTILITY
24366;1 MILES FROM US 1;NO SPECIAL FEATURE;STRAIGHT,LEVEL;US ROUTE;TWO-WAY,DIVIDED,POSITIVE MEDIAN BARRIER;CONCRETE;DRY;DAYLIGHT;CLEAR;NO CONTROL PRESENT;;;-78.7609;35.7544;;;0;1;;;NONE;;NONE;;PASSENGER CAR;PASSENGER CAR;;;;NO;3743;2016-10-19;10:22 AM;2016-10-19T14:22:00+00:00;;2016;No;Yes;10;NONE;NONE,NONE;NONE,NONE;PASSENGER CAR,PASSENGER CAR;PASSENGER CAR,PASSENGER CAR;PASSENGER CAR,PASSENGER CAR;PASSENGER CAR,PASSENGER CAR
24383;270 FEET FROM NC 54 (CHAPEL HILL RD);NO SPECIAL FEATURE;STRAIGHT,LEVEL;NC ROUTE;TWO-WAY,NOT DIVIDED;SMOOTH ASPHALT;DRY;DAYLIGHT;CLEAR;NO CONTROL PRESENT;;;-78.777;35.7915;;;0;0;;;NONE;;NONE;;PASSENGER CAR;PASSENGER CAR;;;;NO;3760;2016-10-20;2:37:12 PM;2016-10-20T18:37:12+00:00;;2016;No;No;10;NONE;NONE,NONE;NONE,NONE;PASSENGER CAR,PASSENGER CAR;PASSENGER CAR,PASSENGER CAR;PASSENGER CAR,PASSENGER CAR;PASSENGER CAR,PASSENGER CAR
24386;CARY;FOUR-WAY INTERSECTION;STRAIGHT,LEVEL;STATE SECONDARY ROUTE;TWO-WAY,NOT DIVIDED;SMOOTH ASPHALT;DRY;DAYLIGHT;CLEAR;STOP AND GO SIGNAL;;;-78.7443;35.7372;;;0;1;;;NONE;;NONE;;PICKUP;PASSENGER CAR;;;;CONSTRUCTION WORK AREA;3763;2016-10-19;2:04:06 PM;2016-10-19T18:04:06+00:00;;2016;No;Yes;10;NONE;NONE,NONE;NONE,NONE;PICKUP,PASSENGER CAR;PICKUP,PASSENGER CAR;PICKUP,PASSENGER CAR;PICKUP,PASSENGER CAR
24387;.24 MILES FROM HWY US 1;NO SPECIAL FEATURE;STRAIGHT,LEVEL;US ROUTE;TWO-WAY,DIVIDED,POSITIVE MEDIAN BARRIER;CONCRETE;DRY;DUSK;CLEAR;NO CONTROL PRESENT;35.737272111;-78.78216601;-78.768069;35.750531;P053;116;0;0;2;;NONE;;NONE;;PASSENGER CAR;VAN;PASSENGER CAR;PASSENGER CAR;;NO;3764;2016-10-20;6:59:52 PM;2016-10-20T22:59:52+00:00;35.737272111, -78.78216601;2016;No;No;10;NONE;NONE,NONE;NONE,NONE;PASSENGER CAR,VAN;PASSENGER CAR,VAN,PASSENGER CAR;PASSENGER CAR,VAN,PASSENGER CAR,PASSENGER CAR;PASSENGER CAR,VAN,PASSENGER CAR,PASSENGER CAR
24389;.10 MILES FROM 940 NW CARY PKWY;DRIVEWAY, PUBLIC;STRAIGHT,LEVEL;PUBLIC VEHICULAR AREA;TWO-WAY,NOT DIVIDED;SMOOTH ASPHALT;DRY;DAYLIGHT;CLEAR;NO CONTROL PRESENT;35.789090456;-78.82890159;-78.7986;35.8195;P067;121;0;0;;;NONE;;NONE;;SPORT UTILITY;SPORT UTILITY;;;;NO;3766;2016-10-20;2:07:47 PM;2016-10-20T18:07:47+00:00;35.789090456, -78.82890159;2016;No;No;10;NONE;NONE,NONE;NONE,NONE;SPORT UTILITY,SPORT UTILITY;SPORT UTILITY,SPORT UTILITY;SPORT UTILITY,SPORT UTILITY;SPORT UTILITY,SPORT UTILITY
24394;15 FEET FROM SR 1387 (WEST LAKE RD);NO SPECIAL FEATURE;STRAIGHT,LEVEL;STATE SECONDARY ROUTE;TWO-WAY,DIVIDED,UNPROTECTED MEDIAN;SMOOTH ASPHALT;DRY;DAYLIGHT;CLEAR;NO CONTROL PRESENT;;;-78.7548;35.6801;;;0;0;2;;NONE;;NONE;;PASSENGER CAR;SPORT UTILITY;PASSENGER CAR;SPORT UTILITY;;NO;3771;2016-10-19;2:26:27 PM;2016-10-19T18:26:27+00:00;;2016;No;No;10;NONE;NONE,NONE;NONE,NONE;PASSENGER CAR,SPORT UTILITY;PASSENGER CAR,SPORT UTILITY,PASSENGER CAR;PASSENGER CAR,SPORT UTILITY,PASSENGER CAR,SPORT UTILITY;PASSENGER CAR,SPORT UTILITY,PASSENGER CAR,SPORT UTILITY
24401;CARY;FOUR-WAY INTERSECTION;STRAIGHT,LEVEL;STATE SECONDARY ROUTE;TWO-WAY,DIVIDED,UNPROTECTED MEDIAN;SMOOTH ASPHALT;DRY;DAYLIGHT;CLEAR;STOP SIGN;35.759409525;-78.81926752;-78.820531;35.760427;P040;115;0;0;;;NONE;;NONE;;PASSENGER CAR;PASSENGER CAR;;;;NO;3778;2016-10-20;3:15:12 PM;2016-10-20T19:15:12+00:00;35.759409525, -78.81926752;2016;No;No;10;NONE;NONE,NONE;NONE,NONE;PASSENGER CAR,PASSENGER CAR;PASSENGER CAR,PASSENGER CAR;PASSENGER CAR,PASSENGER CAR;PASSENGER CAR,PASSENGER CAR
24403;0 FEET FROM SR 1300 (KILDAIRE FARM RD);NO SPECIAL FEATURE;STRAIGHT,LEVEL;STATE SECONDARY ROUTE;TWO-WAY,NOT DIVIDED;SMOOTH ASPHALT;DRY;DAYLIGHT;CLEAR;STOP AND GO SIGNAL;;;-78.8574;35.7814;;;0;0;;;;;NONE;;PASSENGER CAR;PASSENGER CAR;;;;NO;3780;2016-10-20;9:57:37 AM;2016-10-20T13:57:37+00:00;;2016;No;No;10;;NONE;NONE;PASSENGER CAR,PASSENGER CAR;PASSENGER CAR,PASSENGER CAR;PASSENGER CAR,PASSENGER CAR;PASSENGER CAR,PASSENGER CAR
24405;300 FEET FROM PVA (1390 NW MAYNARD RD);;;;;;;;;;;;;;;;0;0;;;;;;;;;;;;;3782;2016-10-21;4:43:50 PM;2016-10-21T20:43:50+00:00;;2016;No;No;10;;;;;;;
24407;75 FEET FROM SR 1415 (SE MAYNARD RD);NO SPECIAL FEATURE;STRAIGHT,LEVEL;STATE SECONDARY ROUTE;TWO-WAY,NOT DIVIDED;SMOOTH ASPHALT;DRY;DARK - LIGHTED ROADWAY;CLEAR;NO CONTROL PRESENT;;;-78.762;35.769;;;0;0;1;;NONE;;NONE;;VAN;VAN;;;;NO;3784;2016-10-20;3:41:29 AM;2016-10-20T07:41:29+00:00;;2016;No;No;10;NONE;NONE,NONE;NONE,NONE;VAN,VAN;VAN,VAN;VAN,VAN;VAN,VAN
24410;CARY;;;;;;;;;STOP AND GO SIGNAL;;;;;;;0;0;;;;;;;;;;;;;3787;2016-10-23;4:32:03 PM;2016-10-23T20:32:03+00:00;;2016;No;No;10;;;;;;;
24412;CARY;FOUR-WAY INTERSECTION;STRAIGHT,LEVEL;STATE SECONDARY ROUTE;TWO-WAY,NOT DIVIDED;SMOOTH ASPHALT;DRY;DAYLIGHT;CLEAR;STOP AND GO SIGNAL;;;-78.7637;35.792;;;0;0;;;NONE;;NONE;;PASSENGER CAR;VAN;;;;NO;3789;2016-10-22;9:44:54 AM;2016-10-22T13:44:54+00:00;;2016;No;No;10;NONE;NONE,NONE;NONE,NONE;PASSENGER CAR,VAN;PASSENGER CAR,VAN;PASSENGER CAR,VAN;PASSENGER CAR,VAN
24415;150 FEET FROM PVA OF 100 TOWNE VILLAGE DR;NO SPECIAL FEATURE;STRAIGHT,LEVEL;PUBLIC VEHICULAR AREA;TWO-WAY,NOT DIVIDED;SMOOTH ASPHALT;DRY;DAYLIGHT;CLEAR;NO CONTROL PRESENT;36.012370834;-78.59495979;-78.836857;35.783108;P119;RALW;0;0;;;NONE;;NONE;;SPORT UTILITY;PASSENGER CAR;;;;NO;3792;2016-10-22;9:21:29 AM;2016-10-22T13:21:29+00:00;36.012370834, -78.59495979;2016;No;No;10;NONE;NONE,NONE;NONE,NONE;SPORT UTILITY,PASSENGER CAR;SPORT UTILITY,PASSENGER CAR;SPORT UTILITY,PASSENGER CAR;SPORT UTILITY,PASSENGER CAR
24419;15 FEET FROM SR1009 (TRYON RD);NO SPECIAL FEATURE;STRAIGHT,LEVEL;STATE SECONDARY ROUTE;TWO-WAY,DIVIDED,UNPROTECTED MEDIAN;SMOOTH ASPHALT;DRY;DAYLIGHT;CLEAR;NO CONTROL PRESENT;;;-78.7829;35.7383;;;0;0;;;;;NONE;;PICKUP;PASSENGER CAR;;;;NO;3796;2016-10-23;9:31:04 AM;2016-10-23T13:31:04+00:00;;2016;No;No;10;;NONE;NONE;PICKUP,PASSENGER CAR;PICKUP,PASSENGER CAR;PICKUP,PASSENGER CAR;PICKUP,PASSENGER CAR
24426;1.5 MILES FROM NC 55 HWY;NO SPECIAL FEATURE;STRAIGHT,LEVEL;NC ROUTE;TWO-WAY,DIVIDED,UNPROTECTED MEDIAN;SMOOTH ASPHALT;DRY;DAYLIGHT;CLOUDY;NO CONTROL PRESENT;35.823260832;-78.87419825;-78.8737;35.8206;P091;WAKE;0;0;1;;;;FAILURE TO YIELD RIGHT OF WAY;;PICKUP;SPORT UTILITY;;;;CONSTRUCTION WORK AREA;3803;2016-10-21;2:30:32 PM;2016-10-21T18:30:32+00:00;35.823260832, -78.87419825;2016;No;No;10;;FAILURE TO YIELD RIGHT OF WAY;FAILURE TO YIELD RIGHT OF WAY;PICKUP,SPORT UTILITY;PICKUP,SPORT UTILITY;PICKUP,SPORT UTILITY;PICKUP,SPORT UTILITY
24429;325 FEET FROM SR 1600 (GREEN LEVEL CHURCH RD;NO SPECIAL FEATURE;STRAIGHT,GRADE;STATE SECONDARY ROUTE;TWO-WAY,NOT DIVIDED;SMOOTH ASPHALT;WET;DAYLIGHT;RAIN;NO CONTROL PRESENT;35.862725827;-78.89663111;-78.9002;35.7954;P074;119;0;0;1;;;;COMING FROM BEHIND PARKED VEHICLE;;PASSENGER CAR;PASSENGER CAR;;;;NO;3806;2016-10-21;5:13:32 PM;2016-10-21T21:13:32+00:00;35.862725827, -78.89663111;2016;No;No;10;;COMING FROM BEHIND PARKED VEHICLE;COMING FROM BEHIND PARKED VEHICLE;PASSENGER CAR,PASSENGER CAR;PASSENGER CAR,PASSENGER CAR;PASSENGER CAR,PASSENGER CAR;PASSENGER CAR,PASSENGER CAR
24432;.10 MILES FROM NC 54 HWY (NW MAYNARD RD);NO SPECIAL FEATURE;STRAIGHT,GRADE;NC ROUTE;TWO-WAY,DIVIDED,UNPROTECTED MEDIAN;SMOOTH ASPHALT;DRY;DARK - LIGHTED ROADWAY;CLOUDY;NO CONTROL PRESENT;35.800475466;-78.79076383;-78.790327;35.801838;P025;111;0;0;1;;NONE;;NONE;;;;;;;NO;3809;2016-10-21;8:00:59 PM;2016-10-22T00:00:59+00:00;35.800475466, -78.79076383;2016;No;No;10;NONE;NONE,NONE;NONE,NONE;;;;
24440;400 FEET FROM P.V.A. (1300 WATERFORD FOREST);DRIVEWAY, PUBLIC;STRAIGHT,LEVEL;PUBLIC VEHICULAR AREA;TWO-WAY,NOT DIVIDED;SMOOTH ASPHALT;DRY;DARK - LIGHTED ROADWAY;CLEAR;NO CONTROL PRESENT;;;-78.806657;35.7864;;;0;0;;;NONE;;NONE;;PASSENGER CAR;PASSENGER CAR;;;;NO;3817;2016-10-23;12:03 AM;2016-10-23T04:03:00+00:00;;2016;No;No;10;NONE;NONE,NONE;NONE,NONE;PASSENGER CAR,PASSENGER CAR;PASSENGER CAR,PASSENGER CAR;PASSENGER CAR,PASSENGER CAR;PASSENGER CAR,PASSENGER CAR
24445;.12 MILES FROM PVA 6770 MCCRIMMON PKWY;NO SPECIAL FEATURE;STRAIGHT,LEVEL;PUBLIC VEHICULAR AREA;TWO-WAY,NOT DIVIDED;SMOOTH ASPHALT;DRY;DAYLIGHT;CLEAR;NO CONTROL PRESENT;;;-78.89049;35.829974;;;0;0;;;NONE;;NONE;;PASSENGER CAR;PASSENGER CAR;;;;NO;3822;2016-10-13;8:36:06 AM;2016-10-13T12:36:06+00:00;;2016;No;No;10;NONE;NONE,NONE;NONE,NONE;PASSENGER CAR,PASSENGER CAR;PASSENGER CAR,PASSENGER CAR;PASSENGER CAR,PASSENGER CAR;PASSENGER CAR,PASSENGER CAR
24451;300 FEET FROM PVA 1000 SOUTHHILL DR;NO SPECIAL FEATURE;STRAIGHT,LEVEL;PUBLIC VEHICULAR AREA;TWO-WAY,NOT DIVIDED;COARSE ASPHALT;DRY;DAYLIGHT;CLEAR;NO CONTROL PRESENT;;;-78.7757;35.8316;;111;0;0;;;;;NONE;;PICKUP;PASSENGER CAR;;;;NO;3828;2016-10-24;10:16 AM;2016-10-24T14:16:00+00:00;;2016;No;No;10;;NONE;NONE;PICKUP,PASSENGER CAR;PICKUP,PASSENGER CAR;PICKUP,PASSENGER CAR;PICKUP,PASSENGER CAR
24452;25 FEET FROM SR 3977 (NW CARY PKWY);;STRAIGHT,LEVEL;STATE SECONDARY ROUTE;TWO-WAY,DIVIDED,UNPROTECTED MEDIAN;SMOOTH ASPHALT;DRY;DAYLIGHT;CLEAR;STOP AND GO SIGNAL;35.816229876;-78.80005444;-78.8003;35.8158;P022;111;0;0;;;;;NONE;;PASSENGER CAR;PASSENGER CAR;;;;NO;3829;2016-10-24;3:01:23 PM;2016-10-24T19:01:23+00:00;35.816229876, -78.80005444;2016;No;No;10;;NONE;NONE;PASSENGER CAR,PASSENGER CAR;PASSENGER CAR,PASSENGER CAR;PASSENGER CAR,PASSENGER CAR;PASSENGER CAR,PASSENGER CAR
24458;50 FEET FROM CARPENTER UPCHURCH RD;NO SPECIAL FEATURE;STRAIGHT,LEVEL;LOCAL STREET;TWO-WAY,NOT DIVIDED;SMOOTH ASPHALT;DRY;DAYLIGHT;CLEAR;NO CONTROL PRESENT;35.808095913;-78.87058863;-78.87055;35.807954;P092;WAKE;0;0;2;;NONE;;NONE;;PASSENGER CAR;;;;;NO;3835;2016-10-24;2:37:16 PM;2016-10-24T18:37:16+00:00;35.808095913, -78.87058863;2016;No;No;10;NONE;NONE,NONE;NONE,NONE;PASSENGER CAR;PASSENGER CAR;PASSENGER CAR;PASSENGER CAR
24467;200 FEET FROM PVA (1803 N HARRISON AV);NO SPECIAL FEATURE;STRAIGHT,LEVEL;PUBLIC VEHICULAR AREA;ONE-WAY,NOT DIVIDED;SMOOTH ASPHALT;DRY;DAYLIGHT;CLEAR;;;;-78.7701;35.8292;;;0;1;;1;NONE;;NONE;;PASSENGER CAR;;;;;;3844;2016-10-24;7:05:23 PM;2016-10-24T23:05:23+00:00;;2016;No;Yes;10;NONE;NONE,NONE;NONE,NONE;PASSENGER CAR;PASSENGER CAR;PASSENGER CAR;PASSENGER CAR
24479;CARY;T-INTERSECTION;STRAIGHT,LEVEL;STATE SECONDARY ROUTE;TWO-WAY,DIVIDED,UNPROTECTED MEDIAN;SMOOTH ASPHALT;DRY;DAYLIGHT;CLEAR;STOP AND GO SIGNAL;35.759030868;-78.78055863;-78.780445;35.758157;P027;112;0;0;;;;;NONE;;SPORT UTILITY;PASSENGER CAR;;;;NO;3856;2016-10-25;1:56:51 PM;2016-10-25T17:56:51+00:00;35.759030868, -78.78055863;2016;No;No;10;;NONE;NONE;SPORT UTILITY,PASSENGER CAR;SPORT UTILITY,PASSENGER CAR;SPORT UTILITY,PASSENGER CAR;SPORT UTILITY,PASSENGER CAR
24483;.2 MILES FROM US 1;ON-RAMP PROPER;STRAIGHT,LEVEL;US ROUTE;TWO-WAY,DIVIDED,POSITIVE MEDIAN BARRIER;SMOOTH ASPHALT;DRY;DAYLIGHT;CLEAR;YIELD SIGN;;;-78.788;35.738;;;0;0;;;NONE;;NONE;;PASSENGER CAR;PASSENGER CAR;;;;NO;3860;2016-10-26;7:36:06 AM;2016-10-26T11:36:06+00:00;;2016;No;No;10;NONE;NONE,NONE;NONE,NONE;PASSENGER CAR,PASSENGER CAR;PASSENGER CAR,PASSENGER CAR;PASSENGER CAR,PASSENGER CAR;PASSENGER CAR,PASSENGER CAR
24486;CARY;FOUR-WAY INTERSECTION;STRAIGHT,GRADE;STATE SECONDARY ROUTE;TWO-WAY,DIVIDED,UNPROTECTED MEDIAN;SMOOTH ASPHALT;DRY;DAYLIGHT;CLEAR;STOP SIGN;;;-78.8034;35.794;;;0;0;1;;NONE;;NONE;;PASSENGER CAR;PASSENGER CAR;;;;NO;3863;2016-10-25;8:05:03 AM;2016-10-25T12:05:03+00:00;;2016;No;No;10;NONE;NONE,NONE;NONE,NONE;PASSENGER CAR,PASSENGER CAR;PASSENGER CAR,PASSENGER CAR;PASSENGER CAR,PASSENGER CAR;PASSENGER CAR,PASSENGER CAR
24487;30 FEET FROM I-40-, EXIT 287 EB;RELATED TO INTERSECTION;STRAIGHT,LEVEL;INTERSTATE;ONE-WAY,NOT DIVIDED;SMOOTH ASPHALT;DRY;DAYLIGHT;CLEAR;NO CONTROL PRESENT;35.83150727;-78.76325125;-78.7665;35.8309;P029;111;0;1;;;;;NONE;;PASSENGER CAR;SPORT UTILITY;;;;NO;3864;2016-10-26;9:31:27 AM;2016-10-26T13:31:27+00:00;35.83150727, -78.76325125;2016;No;Yes;10;;NONE;NONE;PASSENGER CAR,SPORT UTILITY;PASSENGER CAR,SPORT UTILITY;PASSENGER CAR,SPORT UTILITY;PASSENGER CAR,SPORT UTILITY
24492;CARY;FOUR-WAY INTERSECTION;STRAIGHT,LEVEL;NC ROUTE;TWO-WAY,NOT DIVIDED;COARSE ASPHALT;DRY;DAYLIGHT;CLEAR;NO CONTROL PRESENT;35.793708817;-78.74867282;-78.7485;35.7938;P034;113;0;0;;;;;NONE;;PASSENGER CAR;PASSENGER CAR;;;;NO;3869;2016-10-26;2:31:38 PM;2016-10-26T18:31:38+00:00;35.793708817, -78.74867282;2016;No;No;10;;NONE;NONE;PASSENGER CAR,PASSENGER CAR;PASSENGER CAR,PASSENGER CAR;PASSENGER CAR,PASSENGER CAR;PASSENGER CAR,PASSENGER CAR
24494;360 FEET FROM SR 1652 (N HARRISON AV);NO SPECIAL FEATURE;STRAIGHT,LEVEL;STATE SECONDARY ROUTE;TWO-WAY,NOT DIVIDED;SMOOTH ASPHALT;DRY;DAYLIGHT;CLEAR;NO CONTROL PRESENT;;;-78.771;35.8218;;;0;0;3;;NONE;;NONE;;LIGHT TRUCK (MINI-VAN- PANEL);SPORT UTILITY;SPORT UTILITY;;;NO;3871;2016-10-26;5:33:35 PM;2016-10-26T21:33:35+00:00;;2016;No;No;10;NONE;NONE,NONE;NONE,NONE;LIGHT TRUCK (MINI-VAN- PANEL),SPORT UTILITY;LIGHT TRUCK (MINI-VAN- PANEL),SPORT UTILITY,SPORT UTILITY;LIGHT TRUCK (MINI-VAN- PANEL),SPORT UTILITY,SPORT UTILITY;LIGHT TRUCK (MINI-VAN- PANEL),SPORT UTILITY,SPORT UTILITY
24499;.32 MILES FROM SR 3073 NW MAYNARD RD;NO SPECIAL FEATURE;STRAIGHT,GRADE;STATE SECONDARY ROUTE;TWO-WAY,NOT DIVIDED;SMOOTH ASPHALT;DRY;DAYLIGHT;CLEAR;NO CONTROL PRESENT;;;-78.800074;35.796359;;;0;0;3;;NONE;;NONE;;SPORT UTILITY;VAN;;;;NO;3876;2016-10-25;3:45:51 PM;2016-10-25T19:45:51+00:00;;2016;No;No;10;NONE;NONE,NONE;NONE,NONE;SPORT UTILITY,VAN;SPORT UTILITY,VAN;SPORT UTILITY,VAN;SPORT UTILITY,VAN
24503;CARY;NO SPECIAL FEATURE;STRAIGHT,LEVEL;STATE SECONDARY ROUTE;TWO-WAY,DIVIDED,UNPROTECTED MEDIAN;SMOOTH ASPHALT;DRY;DAYLIGHT;CLEAR;STOP SIGN;35.780513002;-78.83740876;-78.8304;35.7698;P018;117;0;0;16;;NONE;;FAILURE TO YIELD RIGHT OF WAY;;PICKUP;;;;;CONSTRUCTION WORK AREA;3880;2016-10-26;4:22:30 PM;2016-10-26T20:22:30+00:00;35.780513002, -78.83740876;2016;No;No;10;NONE;NONE,FAILURE TO YIELD RIGHT OF WAY;NONE,FAILURE TO YIELD RIGHT OF WAY;PICKUP;PICKUP;PICKUP;PICKUP
24522;300 FEET FROM SR# 3977 (SE CARY PARKWAY);NO SPECIAL FEATURE;STRAIGHT,LEVEL;STATE SECONDARY ROUTE;TWO-WAY,DIVIDED,UNPROTECTED MEDIAN;SMOOTH ASPHALT;DRY;DAYLIGHT;CLEAR;NO CONTROL PRESENT;;;-78.77;35.75;;118;0;0;;;NONE;;NONE;;PASSENGER CAR;PASSENGER CAR;;;;NO;3899;2016-10-28;8:25:17 AM;2016-10-28T12:25:17+00:00;;2016;No;No;10;NONE;NONE,NONE;NONE,NONE;PASSENGER CAR,PASSENGER CAR;PASSENGER CAR,PASSENGER CAR;PASSENGER CAR,PASSENGER CAR;PASSENGER CAR,PASSENGER CAR
24525;CARY;NO SPECIAL FEATURE;CURVE,LEVEL;STATE SECONDARY ROUTE;TWO-WAY,DIVIDED,UNPROTECTED MEDIAN;CONCRETE;DRY;DAYLIGHT;CLEAR;STOP SIGN;35.829683045;-78.90983019;-78.909924;35.829658;P076;119;0;0;;;NONE;;NONE;;PASSENGER CAR;PASSENGER CAR;;;;NO;3902;2016-10-27;5:03:34 PM;2016-10-27T21:03:34+00:00;35.829683045, -78.90983019;2016;No;No;10;NONE;NONE,NONE;NONE,NONE;PASSENGER CAR,PASSENGER CAR;PASSENGER CAR,PASSENGER CAR;PASSENGER CAR,PASSENGER CAR;PASSENGER CAR,PASSENGER CAR