tamainid;location_description;rdfeature;rdcharacter;rdclass;rdconfigur;rdsurface;rdcondition;lightcond;weather;trafcontrl;lat;lon;lon2;lat2;tract;zone;fatality;possblinj;numpassengers;numpedestrians;contrcir1_desc;contrcir2_desc;contrcir3_desc;contrcir4_desc;vehicle1;vehicle2;vehicle3;vehicle4;vehicle5;workarea;records;ta_date;ta_time;crash_date;geo_location;year;fatalities;injuries;month;contrfact1;contrfact2;contributing_factor;vehicleconcat1;vehicleconcat2;vehicleconcat3;vehicle_type
24731;0 FEET FROM SR 1313 (KILDAIRE FARM RD);NO SPECIAL FEATURE;STRAIGHT,LEVEL;STATE SECONDARY ROUTE;TWO-WAY,NOT DIVIDED;SMOOTH ASPHALT;DRY;DAYLIGHT;CLEAR;STOP AND GO SIGNAL;;;-78.7782;35.7366;;;0;0;;;;;NONE;;PASSENGER CAR;PASSENGER CAR;;;;NO;4108;2016-11-10;1:13:43 PM;2016-11-10T18:13:43+00:00;;2016;No;No;11;;NONE;NONE;PASSENGER CAR,PASSENGER CAR;PASSENGER CAR,PASSENGER CAR;PASSENGER CAR,PASSENGER CAR;PASSENGER CAR,PASSENGER CAR
24732;CARY;NO SPECIAL FEATURE;STRAIGHT,LEVEL;US ROUTE;TWO-WAY,DIVIDED,POSITIVE MEDIAN BARRIER;GROOVED CONCRETE;DRY;DAYLIGHT;CLEAR;NO CONTROL PRESENT;35.76215792;-78.74506048;-78.771476;35.748697;P083;112;0;0;4;;;;NONE;;VAN;;;;;NO;4109;2016-11-11;12:17 PM;2016-11-11T17:17:00+00:00;35.76215792, -78.74506048;2016;No;No;11;;NONE;NONE;VAN;VAN;VAN;VAN
24735;.1 MILES FROM S.R. 1313 (WALNUT ST);NO SPECIAL FEATURE;STRAIGHT,LEVEL;STATE SECONDARY ROUTE;TWO-WAY,DIVIDED,POSITIVE MEDIAN BARRIER;SMOOTH ASPHALT;DRY;DAYLIGHT;CLEAR;NO CONTROL PRESENT;;;-78.7476;35.7638;;;0;0;;;;;NONE;;PASSENGER CAR;PASSENGER CAR;;;;NO;4112;2016-11-11;4:27:29 PM;2016-11-11T21:27:29+00:00;;2016;No;No;11;;NONE;NONE;PASSENGER CAR,PASSENGER CAR;PASSENGER CAR,PASSENGER CAR;PASSENGER CAR,PASSENGER CAR;PASSENGER CAR,PASSENGER CAR
24738;CARY;FOUR-WAY INTERSECTION;STRAIGHT,LEVEL;STATE SECONDARY ROUTE;TWO-WAY,NOT DIVIDED;SMOOTH ASPHALT;DRY;DARK - LIGHTED ROADWAY;CLEAR;STOP AND GO SIGNAL;35.745617616;-78.73771869;-78.7377;35.7457;P046;118;0;0;;;NONE;;NONE;;PASSENGER CAR;PASSENGER CAR;;;;NO;4115;2016-11-09;8:59:56 PM;2016-11-10T01:59:56+00:00;35.745617616, -78.73771869;2016;No;No;11;NONE;NONE,NONE;NONE,NONE;PASSENGER CAR,PASSENGER CAR;PASSENGER CAR,PASSENGER CAR;PASSENGER CAR,PASSENGER CAR;PASSENGER CAR,PASSENGER CAR
24741;100 FEET FROM WALNUT ST TO US 1 RAMP NB;ON-RAMP PROPER;CURVE,GRADE;STATE SECONDARY ROUTE;ONE-WAY,NOT DIVIDED;SMOOTH ASPHALT;DRY;DAYLIGHT;CLEAR;YIELD SIGN;;;-78.7447;35.7608;;;0;2;6;;NONE;;NONE;;PASSENGER CAR;PASSENGER CAR;;;;NO;4118;2016-11-12;2:38:43 PM;2016-11-12T19:38:43+00:00;;2016;No;Yes;11;NONE;NONE,NONE;NONE,NONE;PASSENGER CAR,PASSENGER CAR;PASSENGER CAR,PASSENGER CAR;PASSENGER CAR,PASSENGER CAR;PASSENGER CAR,PASSENGER CAR
24763;.2 MILES FROM US 1 HWY;NO SPECIAL FEATURE;STRAIGHT,LEVEL;US ROUTE;TWO-WAY,DIVIDED,UNPROTECTED MEDIAN;COARSE ASPHALT;DRY;DAYLIGHT;CLEAR;NO CONTROL PRESENT;;;-78.7536;35.7576;;112;0;0;;;NONE;;NONE;;PASSENGER CAR;PASSENGER CAR;;;;NO;4140;2016-11-15;12:20 PM;2016-11-15T17:20:00+00:00;;2016;No;No;11;NONE;NONE,NONE;NONE,NONE;PASSENGER CAR,PASSENGER CAR;PASSENGER CAR,PASSENGER CAR;PASSENGER CAR,PASSENGER CAR;PASSENGER CAR,PASSENGER CAR
24766;NEAR 100 FEET FROM SR-1652 (N HARRISON AV);RELATED TO INTERSECTION;STRAIGHT,LEVEL;STATE SECONDARY ROUTE;TWO-WAY,NOT DIVIDED;SMOOTH ASPHALT;DRY;DAWN;CLEAR;STOP AND GO SIGNAL;;;-78.7657;35.8311;;;0;0;;;NONE;;NONE;;PASSENGER CAR;;;;;NO;4143;2016-11-15;6:26:08 AM;2016-11-15T11:26:08+00:00;;2016;No;No;11;NONE;NONE,NONE;NONE,NONE;PASSENGER CAR;PASSENGER CAR;PASSENGER CAR;PASSENGER CAR
24779;.1 MILES FROM U.S. 1 HWY;NO SPECIAL FEATURE;STRAIGHT,LEVEL;US ROUTE;TWO-WAY,DIVIDED,POSITIVE MEDIAN BARRIER;SMOOTH ASPHALT;DRY;DARK - LIGHTED ROADWAY;CLEAR;NO CONTROL PRESENT;;;-78.7428;35.7629;;;0;0;;;NONE;;NONE;;PASSENGER CAR;PICKUP;;;;NO;4156;2016-11-15;5:50:04 PM;2016-11-15T22:50:04+00:00;;2016;No;No;11;NONE;NONE,NONE;NONE,NONE;PASSENGER CAR,PICKUP;PASSENGER CAR,PICKUP;PASSENGER CAR,PICKUP;PASSENGER CAR,PICKUP
24781;80 FEET FROM SR-1010 (TEN TEN RD);RELATED TO INTERSECTION;STRAIGHT,LEVEL;STATE SECONDARY ROUTE;TWO-WAY,NOT DIVIDED;SMOOTH ASPHALT;DRY;DAYLIGHT;CLEAR;STOP AND GO SIGNAL;35.703294147;-78.79430915;-78.7942;35.704;P052;116;0;0;;;NONE;;NONE;;PICKUP;SPORT UTILITY;;;;NO;4158;2016-11-16;7:45:45 AM;2016-11-16T12:45:45+00:00;35.703294147, -78.79430915;2016;No;No;11;NONE;NONE,NONE;NONE,NONE;PICKUP,SPORT UTILITY;PICKUP,SPORT UTILITY;PICKUP,SPORT UTILITY;PICKUP,SPORT UTILITY
24784;150 FEET FROM PVA 1200 CRESCENT GREEN;DRIVEWAY, PUBLIC;STRAIGHT,LEVEL;PUBLIC VEHICULAR AREA;ONE-WAY,NOT DIVIDED;SMOOTH ASPHALT;DRY;DAYLIGHT;CLEAR;NO CONTROL PRESENT;35.732262352;-78.78152244;-78.782929;35.733455;P053;116;0;0;;;;;NONE;;PASSENGER CAR;SPORT UTILITY;;;;NO;4161;2016-11-16;10:13 AM;2016-11-16T15:13:00+00:00;35.732262352, -78.78152244;2016;No;No;11;;NONE;NONE;PASSENGER CAR,SPORT UTILITY;PASSENGER CAR,SPORT UTILITY;PASSENGER CAR,SPORT UTILITY;PASSENGER CAR,SPORT UTILITY
24788;CARY;T-INTERSECTION;STRAIGHT,LEVEL;NC ROUTE;TWO-WAY,NOT DIVIDED;COARSE ASPHALT;DRY;DARK - ROADWAY NOT LIGHTED;CLEAR;NO CONTROL PRESENT;35.767333561;-78.87451697;-78.87;35.76;P092;WAKE;0;1;;;NONE;;NONE;;VAN;SPORT UTILITY;;;;NO;4165;2016-11-15;2:42:41 PM;2016-11-15T19:42:41+00:00;35.767333561, -78.87451697;2016;No;Yes;11;NONE;NONE,NONE;NONE,NONE;VAN,SPORT UTILITY;VAN,SPORT UTILITY;VAN,SPORT UTILITY;VAN,SPORT UTILITY
24794;.1 MILES FROM S.R. 3977 (SE CARY PKWY);NO SPECIAL FEATURE;STRAIGHT,LEVEL;STATE SECONDARY ROUTE;TWO-WAY,DIVIDED,UNPROTECTED MEDIAN;SMOOTH ASPHALT;DRY;DAYLIGHT;CLEAR;STOP AND GO SIGNAL;;;-78.774;35.7549;;;0;0;1;;;;NONE;;PASSENGER CAR;SPORT UTILITY;;;;NO;4171;2016-11-16;2:39:22 PM;2016-11-16T19:39:22+00:00;;2016;No;No;11;;NONE;NONE;PASSENGER CAR,SPORT UTILITY;PASSENGER CAR,SPORT UTILITY;PASSENGER CAR,SPORT UTILITY;PASSENGER CAR,SPORT UTILITY
24795;.1 MILES FROM SR 1390 (OPTIMIST FARM RD);NO SPECIAL FEATURE;STRAIGHT,LEVEL;STATE SECONDARY ROUTE;TWO-WAY,DIVIDED,UNPROTECTED MEDIAN;SMOOTH ASPHALT;DRY;DAYLIGHT;CLEAR;NO CONTROL PRESENT;;;-78.757727;35.662825;;;0;0;3;;NONE;;NONE;;SPORT UTILITY;PASSENGER CAR;;;;NO;4172;2016-11-16;8:14:35 AM;2016-11-16T13:14:35+00:00;;2016;No;No;11;NONE;NONE,NONE;NONE,NONE;SPORT UTILITY,PASSENGER CAR;SPORT UTILITY,PASSENGER CAR;SPORT UTILITY,PASSENGER CAR;SPORT UTILITY,PASSENGER CAR
24798;0 FEET FROM SR 1313 (WALNUT ST);FOUR-WAY INTERSECTION;STRAIGHT,HILLCREST;STATE SECONDARY ROUTE;TWO-WAY,DIVIDED,UNPROTECTED MEDIAN;SMOOTH ASPHALT;DRY;DAYLIGHT;CLEAR;STOP AND GO SIGNAL;;;-78.752117;35.765016;;;0;0;;;NONE;;NONE;;VAN;SPORT UTILITY;;;;NO;4175;2016-11-15;8:58:50 PM;2016-11-16T01:58:50+00:00;;2016;No;No;11;NONE;NONE,NONE;NONE,NONE;VAN,SPORT UTILITY;VAN,SPORT UTILITY;VAN,SPORT UTILITY;VAN,SPORT UTILITY
26810;CARY;NO SPECIAL FEATURE;STRAIGHT,GRADE;PUBLIC VEHICULAR AREA;ONE-WAY,NOT DIVIDED;SMOOTH ASPHALT;DRY;DAYLIGHT;CLEAR;NO CONTROL PRESENT;;;-78.74651;35.768152;;;0;1;;;NONE;;NONE;;PASSENGER CAR;PASSENGER CAR;;;;NO;4192;2016-11-18;9:08:44 AM;2016-11-18T14:08:44+00:00;;2016;No;Yes;11;NONE;NONE,NONE;NONE,NONE;PASSENGER CAR,PASSENGER CAR;PASSENGER CAR,PASSENGER CAR;PASSENGER CAR,PASSENGER CAR;PASSENGER CAR,PASSENGER CAR
26820;250 FEET FROM SR 1009 (TRYON RD);NO SPECIAL FEATURE;STRAIGHT,LEVEL;STATE SECONDARY ROUTE;TWO-WAY,DIVIDED,UNPROTECTED MEDIAN;SMOOTH ASPHALT;DRY;DARK - LIGHTED ROADWAY;CLEAR;NO CONTROL PRESENT;35.742611663;-78.76565838;-78.765024;35.742818;P004;118;0;0;;;;;NONE;;PASSENGER CAR;PASSENGER CAR;;;;NO;4202;2016-11-17;6:16:42 PM;2016-11-17T23:16:42+00:00;35.742611663, -78.76565838;2016;No;No;11;;NONE;NONE;PASSENGER CAR,PASSENGER CAR;PASSENGER CAR,PASSENGER CAR;PASSENGER CAR,PASSENGER CAR;PASSENGER CAR,PASSENGER CAR
26821;0 FEET FROM SR 1652 (HARRISON AV);NO SPECIAL FEATURE;STRAIGHT,LEVEL;STATE SECONDARY ROUTE;TWO-WAY,NOT DIVIDED;SMOOTH ASPHALT;DRY;DAYLIGHT;CLEAR;NO CONTROL PRESENT;;;-78.7643;35.8308;;;0;0;;;;;NONE;;PASSENGER CAR;PASSENGER CAR;;;;NO;4203;2016-11-17;11:05 PM;2016-11-18T04:05:00+00:00;;2016;No;No;11;;NONE;NONE;PASSENGER CAR,PASSENGER CAR;PASSENGER CAR,PASSENGER CAR;PASSENGER CAR,PASSENGER CAR;PASSENGER CAR,PASSENGER CAR
26824;.1 MILES FROM S.R. 1300 (KILDAIRE FARM RD);NO SPECIAL FEATURE;STRAIGHT,LEVEL;STATE SECONDARY ROUTE;TWO-WAY,NOT DIVIDED;SMOOTH ASPHALT;DRY;DAYLIGHT;CLEAR;NO CONTROL PRESENT;;;-78.7819;35.7463;;;0;0;1;;NONE;;INATTENTIVE (TALKING, EATING, ETC.);;SPORT UTILITY;SPORT UTILITY;PASSENGER CAR;;;NO;4206;2016-11-18;4:30:59 PM;2016-11-18T21:30:59+00:00;;2016;No;No;11;NONE;NONE,INATTENTIVE (TALKING, EATING, ETC.);NONE,INATTENTIVE (TALKING,EATING,ETC.);SPORT UTILITY,SPORT UTILITY;SPORT UTILITY,SPORT UTILITY,PASSENGER CAR;SPORT UTILITY,SPORT UTILITY,PASSENGER CAR;SPORT UTILITY,SPORT UTILITY,PASSENGER CAR
26826;CARY;FOUR-WAY INTERSECTION;STRAIGHT,LEVEL;LOCAL STREET;TWO-WAY,DIVIDED,UNPROTECTED MEDIAN;COARSE ASPHALT;DRY;DARK - LIGHTED ROADWAY;CLEAR;STOP AND GO SIGNAL;35.775896615;-78.76417339;-78.764;35.775;P061;120;0;0;1;;;;NONE;;PASSENGER CAR;PASSENGER CAR;;;;NO;4208;2016-11-18;8:29:07 PM;2016-11-19T01:29:07+00:00;35.775896615, -78.76417339;2016;No;No;11;;NONE;NONE;PASSENGER CAR,PASSENGER CAR;PASSENGER CAR,PASSENGER CAR;PASSENGER CAR,PASSENGER CAR;PASSENGER CAR,PASSENGER CAR
26834;CARY;T-INTERSECTION;STRAIGHT,LEVEL;LOCAL STREET;TWO-WAY,NOT DIVIDED;SMOOTH ASPHALT;DRY;DAYLIGHT;CLEAR;STOP SIGN;35.78975653;-78.77382675;-78.7738;35.7897;P055;120;0;0;3;;NONE;;NONE;;SPORT UTILITY;PASSENGER CAR;;;;NO;4216;2016-11-20;11:15 AM;2016-11-20T16:15:00+00:00;35.78975653, -78.77382675;2016;No;No;11;NONE;NONE,NONE;NONE,NONE;SPORT UTILITY,PASSENGER CAR;SPORT UTILITY,PASSENGER CAR;SPORT UTILITY,PASSENGER CAR;SPORT UTILITY,PASSENGER CAR
26836;50 FEET FROM P.V.A. SMOKE FOR LESS (750 E C;NO SPECIAL FEATURE;STRAIGHT,LEVEL;PUBLIC VEHICULAR AREA;TWO-WAY,NOT DIVIDED;SMOOTH ASPHALT;DRY;DAYLIGHT;CLEAR;NO CONTROL PRESENT;;;-78.7645;35.7917;;;0;0;1;;NONE;;NONE;;SPORT UTILITY;PASSENGER CAR;;;;NO;4218;2016-11-20;4:42:53 PM;2016-11-20T21:42:53+00:00;;2016;No;No;11;NONE;NONE,NONE;NONE,NONE;SPORT UTILITY,PASSENGER CAR;SPORT UTILITY,PASSENGER CAR;SPORT UTILITY,PASSENGER CAR;SPORT UTILITY,PASSENGER CAR
26841;CARY;FOUR-WAY INTERSECTION;STRAIGHT,HILLCREST;STATE SECONDARY ROUTE;TWO-WAY,DIVIDED,UNPROTECTED MEDIAN;COARSE ASPHALT;DRY;DAYLIGHT;CLEAR;STOP AND GO SIGNAL;;;-78.787573;35.736796;;115;0;0;1;;NONE;;NONE;;SPORT UTILITY;SPORT UTILITY;;;;NO;4223;2016-11-20;4:37:04 PM;2016-11-20T21:37:04+00:00;;2016;No;No;11;NONE;NONE,NONE;NONE,NONE;SPORT UTILITY,SPORT UTILITY;SPORT UTILITY,SPORT UTILITY;SPORT UTILITY,SPORT UTILITY;SPORT UTILITY,SPORT UTILITY
26842;CARY;NO SPECIAL FEATURE;STRAIGHT,LEVEL;US ROUTE;TWO-WAY,DIVIDED,POSITIVE MEDIAN BARRIER;SMOOTH ASPHALT;DRY;DAYLIGHT;CLEAR;NO CONTROL PRESENT;;;-78.7451;35.7618;;;0;0;;;NONE;;NONE;;PASSENGER CAR;PASSENGER CAR;PASSENGER CAR;;;NO;4224;2016-11-21;7:44:10 AM;2016-11-21T12:44:10+00:00;;2016;No;No;11;NONE;NONE,NONE;NONE,NONE;PASSENGER CAR,PASSENGER CAR;PASSENGER CAR,PASSENGER CAR,PASSENGER CAR;PASSENGER CAR,PASSENGER CAR,PASSENGER CAR;PASSENGER CAR,PASSENGER CAR,PASSENGER CAR
26843;CARY;RELATED TO INTERSECTION;STRAIGHT,GRADE;LOCAL STREET;TWO-WAY,DIVIDED,UNPROTECTED MEDIAN;SMOOTH ASPHALT;DRY;DUSK;CLEAR;NO CONTROL PRESENT;35.793708845;-78.74867282;-78.770736;35.793329;P034;113;0;0;;;NONE;;NONE;;PASSENGER CAR;PASSENGER CAR;;;;NO;4225;2016-11-20;9:25:09 AM;2016-11-20T14:25:09+00:00;35.793708845, -78.74867282;2016;No;No;11;NONE;NONE,NONE;NONE,NONE;PASSENGER CAR,PASSENGER CAR;PASSENGER CAR,PASSENGER CAR;PASSENGER CAR,PASSENGER CAR;PASSENGER CAR,PASSENGER CAR
26844;.25 MILES FROM US 64 HWY;NO SPECIAL FEATURE;STRAIGHT,LEVEL;US ROUTE;TWO-WAY,DIVIDED,UNPROTECTED MEDIAN;COARSE ASPHALT;DRY;DAYLIGHT;CLEAR;STOP AND GO SIGNAL;;;-78.7954;35.7379;;115;0;0;;;NONE;;NONE;;SPORT UTILITY;SPORT UTILITY;;;;NO;4226;2016-11-21;10:48 AM;2016-11-21T15:48:00+00:00;;2016;No;No;11;NONE;NONE,NONE;NONE,NONE;SPORT UTILITY,SPORT UTILITY;SPORT UTILITY,SPORT UTILITY;SPORT UTILITY,SPORT UTILITY;SPORT UTILITY,SPORT UTILITY
26852;300 FEET FROM SR1615 (HIGH HOUSE RD);NO SPECIAL FEATURE;STRAIGHT,GRADE;STATE SECONDARY ROUTE;TWO-WAY,DIVIDED,UNPROTECTED MEDIAN;COARSE ASPHALT;DRY;DAYLIGHT;CLEAR;NO CONTROL PRESENT;35.792764591;-78.83832661;-78.8379;35.7925;P067;121;0;0;2;;NONE;;NONE;;EMS VEHICLE- AMBULANCE- RESCUE SQUAD;PASSENGER CAR;;;;NO;4234;2016-11-21;12:01 PM;2016-11-21T17:01:00+00:00;35.792764591, -78.83832661;2016;No;No;11;NONE;NONE,NONE;NONE,NONE;EMS VEHICLE- AMBULANCE- RESCUE SQUAD,PASSENGER CAR;EMS VEHICLE- AMBULANCE- RESCUE SQUAD,PASSENGER CAR;EMS VEHICLE- AMBULANCE- RESCUE SQUAD,PASSENGER CAR;EMS VEHICLE- AMBULANCE- RESCUE SQUAD,PASSENGER CAR
26857;0 FEET FROM SR 1300 (KILDAIRE FARM RD);T-INTERSECTION;STRAIGHT,LEVEL;STATE SECONDARY ROUTE;TWO-WAY,NOT DIVIDED;SMOOTH ASPHALT;DRY;DAYLIGHT;CLEAR;STOP SIGN;;;-78.7816;35.7786;;;0;0;;;NONE;;NONE;;PASSENGER CAR;PASSENGER CAR;;;;NO;4239;2016-11-22;7:08:29 AM;2016-11-22T12:08:29+00:00;;2016;No;No;11;NONE;NONE,NONE;NONE,NONE;PASSENGER CAR,PASSENGER CAR;PASSENGER CAR,PASSENGER CAR;PASSENGER CAR,PASSENGER CAR;PASSENGER CAR,PASSENGER CAR
26862;.13 MILES FROM PVA 6770 MCCRIMMON PKWY;NO SPECIAL FEATURE;STRAIGHT,LEVEL;PUBLIC VEHICULAR AREA;TWO-WAY,NOT DIVIDED;SMOOTH ASPHALT;DRY;DAYLIGHT;CLEAR;NO CONTROL PRESENT;;;-78.889356;35.829296;;;0;0;1;;NONE;;NONE;;VAN;SPORT UTILITY;;;;NO;4244;2016-11-17;10:45 AM;2016-11-17T15:45:00+00:00;;2016;No;No;11;NONE;NONE,NONE;NONE,NONE;VAN,SPORT UTILITY;VAN,SPORT UTILITY;VAN,SPORT UTILITY;VAN,SPORT UTILITY
26864;50 FEET FROM SR 3081 (CHAPEL HILL RD);RELATED TO INTERSECTION;STRAIGHT,LEVEL;STATE SECONDARY ROUTE;TWO-WAY,DIVIDED,UNPROTECTED MEDIAN;SMOOTH ASPHALT;DRY;DAYLIGHT;CLEAR;STOP AND GO SIGNAL;;;-78.795724;35.798634;;113;0;0;;;NONE;;NONE;;PASSENGER CAR;SPORT UTILITY;;;;NO;4246;2016-11-21;10:13 AM;2016-11-21T15:13:00+00:00;;2016;No;No;11;NONE;NONE,NONE;NONE,NONE;PASSENGER CAR,SPORT UTILITY;PASSENGER CAR,SPORT UTILITY;PASSENGER CAR,SPORT UTILITY;PASSENGER CAR,SPORT UTILITY
26874;CARY;RELATED TO INTERSECTION;CURVE,LEVEL;STATE SECONDARY ROUTE;TWO-WAY,NOT DIVIDED;SMOOTH ASPHALT;DRY;DAYLIGHT;CLEAR;STOP AND GO SIGNAL;;;-78.772945;35.749511;;;0;0;3;;;;NONE;;PASSENGER CAR;PASSENGER CAR;;;;NO;4256;2016-11-23;1:30:40 PM;2016-11-23T18:30:40+00:00;;2016;No;No;11;;NONE;NONE;PASSENGER CAR,PASSENGER CAR;PASSENGER CAR,PASSENGER CAR;PASSENGER CAR,PASSENGER CAR;PASSENGER CAR,PASSENGER CAR
26878;395 FEET FROM P.V.A. OLLIES (651 SR 1497);NO SPECIAL FEATURE;STRAIGHT,LEVEL;PUBLIC VEHICULAR AREA;TWO-WAY,NOT DIVIDED;SMOOTH ASPHALT;DRY;DAYLIGHT;CLEAR;NO CONTROL PRESENT;;;-78.7674;35.7765;;;0;0;1;;NONE;;NONE;;PASSENGER CAR;PASSENGER CAR;;;;NO;4260;2016-11-23;10:15 AM;2016-11-23T15:15:00+00:00;;2016;No;No;11;NONE;NONE,NONE;NONE,NONE;PASSENGER CAR,PASSENGER CAR;PASSENGER CAR,PASSENGER CAR;PASSENGER CAR,PASSENGER CAR;PASSENGER CAR,PASSENGER CAR
26880;129 FEET FROM P.V.A. (801 BASS PRO LN);NO SPECIAL FEATURE;STRAIGHT,LEVEL;PUBLIC VEHICULAR AREA;TWO-WAY,NOT DIVIDED;SMOOTH ASPHALT;DRY;DAYLIGHT;CLEAR;NO CONTROL PRESENT;35.830330381;-78.77105232;-78.7699;35.8302;P029;111;0;0;;;NONE;;NONE;;VAN;PICKUP;;;;NO;4262;2016-11-23;12:27 PM;2016-11-23T17:27:00+00:00;35.830330381, -78.77105232;2016;No;No;11;NONE;NONE,NONE;NONE,NONE;VAN,PICKUP;VAN,PICKUP;VAN,PICKUP;VAN,PICKUP
26883;24 FEET FROM SR-1009 TRYON RD;NO SPECIAL FEATURE;STRAIGHT,LEVEL;STATE SECONDARY ROUTE;TWO-WAY,DIVIDED,UNPROTECTED MEDIAN;SMOOTH ASPHALT;DRY;DAYLIGHT;CLEAR;STOP AND GO SIGNAL;;;-78.7541;35.7459;;;0;0;1;;NONE;;NONE;;VAN;SPORT UTILITY;;;;NO;4265;2016-11-23;1:43:02 PM;2016-11-23T18:43:02+00:00;;2016;No;No;11;NONE;NONE,NONE;NONE,NONE;VAN,SPORT UTILITY;VAN,SPORT UTILITY;VAN,SPORT UTILITY;VAN,SPORT UTILITY
26884;150 FEET FROM PVA 400 ASHVILLE AVE;NO SPECIAL FEATURE;STRAIGHT,LEVEL;PUBLIC VEHICULAR AREA;TWO-WAY,NOT DIVIDED;SMOOTH ASPHALT;DRY;DAYLIGHT;CLEAR;NO CONTROL PRESENT;;;-78.7869;35.7378;;;0;0;;;NONE;;NONE;;PASSENGER CAR;PASSENGER CAR;;;;NO;4266;2016-11-22;2:13:52 PM;2016-11-22T19:13:52+00:00;;2016;No;No;11;NONE;NONE,NONE;NONE,NONE;PASSENGER CAR,PASSENGER CAR;PASSENGER CAR,PASSENGER CAR;PASSENGER CAR,PASSENGER CAR;PASSENGER CAR,PASSENGER CAR
26885;85 FEET FROM HIGHLAND TRL;T-INTERSECTION;STRAIGHT,GRADE;LOCAL STREET;TWO-WAY,NOT DIVIDED;SMOOTH ASPHALT;DRY;DAYLIGHT;CLEAR;NO CONTROL PRESENT;35.765655987;-78.8057157;-78.806025;35.765609;P037;115;0;0;;;;;NONE;;PASSENGER CAR;;;;;NO;4267;2016-11-23;2:16:29 PM;2016-11-23T19:16:29+00:00;35.765655987, -78.8057157;2016;No;No;11;;NONE;NONE;PASSENGER CAR;PASSENGER CAR;PASSENGER CAR;PASSENGER CAR
26893;10 FEET FROM PVA 97 CORNERSTONE DR;NO SPECIAL FEATURE;STRAIGHT,LEVEL;PUBLIC VEHICULAR AREA;TWO-WAY,NOT DIVIDED;SMOOTH ASPHALT;DRY;DAYLIGHT;CLEAR;NO CONTROL PRESENT;35.791277896;-78.85104435;-78.8514;35.7914;P017;121;0;0;;;NONE;;NONE;;VAN;;;;;NO;4275;2016-11-23;11:41 AM;2016-11-23T16:41:00+00:00;35.791277896, -78.85104435;2016;No;No;11;NONE;NONE,NONE;NONE,NONE;VAN;VAN;VAN;VAN
26894;385 FEET FROM PVA (1105 WALNUT ST);NO SPECIAL FEATURE;STRAIGHT,LEVEL;PUBLIC VEHICULAR AREA;TWO-WAY,NOT DIVIDED;SMOOTH ASPHALT;DRY;DAYLIGHT;CLEAR;STOP SIGN;;;-78.762122;35.774726;;;0;0;;;NONE;;NONE;;PASSENGER CAR;PASSENGER CAR;;;;NO;4276;2016-11-25;9:16:23 AM;2016-11-25T14:16:23+00:00;;2016;No;No;11;NONE;NONE,NONE;NONE,NONE;PASSENGER CAR,PASSENGER CAR;PASSENGER CAR,PASSENGER CAR;PASSENGER CAR,PASSENGER CAR;PASSENGER CAR,PASSENGER CAR
26899;100 FEET FROM NC 55 HWY;NO SPECIAL FEATURE;STRAIGHT,LEVEL;NC ROUTE;TWO-WAY,NOT DIVIDED;COARSE ASPHALT;DRY;DAYLIGHT;CLEAR;NO CONTROL PRESENT;;;;;;;0;0;1;;NONE;;NONE;;PASSENGER CAR;VAN;;;;NO;4281;2016-11-18;1:46:22 PM;2016-11-18T18:46:22+00:00;;2016;No;No;11;NONE;NONE,NONE;NONE,NONE;PASSENGER CAR,VAN;PASSENGER CAR,VAN;PASSENGER CAR,VAN;PASSENGER CAR,VAN
26900;0 FEET FROM W LOCHMERE DR;FOUR-WAY INTERSECTION;STRAIGHT,LEVEL;LOCAL STREET;TWO-WAY,DIVIDED,UNPROTECTED MEDIAN;SMOOTH ASPHALT;DRY;DAYLIGHT;CLEAR;STOP SIGN;35.730868622;-78.78162981;-78.781721;35.730863;P053;116;0;1;3;;NONE;;NONE;;PASSENGER CAR;SPORT UTILITY;;;;NO;4282;2016-11-17;7:43:16 AM;2016-11-17T12:43:16+00:00;35.730868622, -78.78162981;2016;No;Yes;11;NONE;NONE,NONE;NONE,NONE;PASSENGER CAR,SPORT UTILITY;PASSENGER CAR,SPORT UTILITY;PASSENGER CAR,SPORT UTILITY;PASSENGER CAR,SPORT UTILITY
26904;CARY;DRIVEWAY, PUBLIC;OTHER *;PUBLIC VEHICULAR AREA;TWO-WAY,NOT DIVIDED;GROOVED CONCRETE;DRY;OTHER *;CLEAR;NO CONTROL PRESENT;35.829674401;-78.79657173;-78.799;35.8296;;;0;0;;;NONE;;NONE;;PASSENGER CAR;PASSENGER CAR;;;;NO;4286;2016-11-23;1:00:40 PM;2016-11-23T18:00:40+00:00;35.829674401, -78.79657173;2016;No;No;11;NONE;NONE,NONE;NONE,NONE;PASSENGER CAR,PASSENGER CAR;PASSENGER CAR,PASSENGER CAR;PASSENGER CAR,PASSENGER CAR;PASSENGER CAR,PASSENGER CAR