tamainid;location_description;rdfeature;rdcharacter;rdclass;rdconfigur;rdsurface;rdcondition;lightcond;weather;trafcontrl;lat;lon;lon2;lat2;tract;zone;fatality;possblinj;numpassengers;numpedestrians;contrcir1_desc;contrcir2_desc;contrcir3_desc;contrcir4_desc;vehicle1;vehicle2;vehicle3;vehicle4;vehicle5;workarea;records;ta_date;ta_time;crash_date;geo_location;year;fatalities;injuries;month;contrfact1;contrfact2;contributing_factor;vehicleconcat1;vehicleconcat2;vehicleconcat3;vehicle_type
27702;100 FEET FROM SR-1379 (PENNY RD);NO SPECIAL FEATURE;STRAIGHT,LEVEL;STATE SECONDARY ROUTE;TWO-WAY,NOT DIVIDED;SMOOTH ASPHALT;DRY;DARK - ROADWAY NOT LIGHTED;CLOUDY;NO CONTROL PRESENT;35.71646194;-78.78791617;-78.7886;35.7165;P054;116;0;0;;;NONE;;NONE;;PASSENGER CAR;SPORT UTILITY;;;;NO;5083;2017-01-20;6:26:50 PM;2017-01-20T23:26:50+00:00;35.71646194, -78.78791617;2017;No;No;1;NONE;NONE,NONE;NONE,NONE;PASSENGER CAR,SPORT UTILITY;PASSENGER CAR,SPORT UTILITY;PASSENGER CAR,SPORT UTILITY;PASSENGER CAR,SPORT UTILITY
27707;50 FEET FROM CARY TOWNE BLVD;FOUR-WAY INTERSECTION;STRAIGHT,LEVEL;LOCAL STREET;TWO-WAY,DIVIDED,POSITIVE MEDIAN BARRIER;SMOOTH ASPHALT;WET;DAYLIGHT;CLOUDY;STOP AND GO SIGNAL;;;-78.764204;35.776093;;;0;0;;;NONE;;NONE;;PASSENGER CAR;PASSENGER CAR;;;;NO;5088;2017-01-21;11:01 AM;2017-01-21T16:01:00+00:00;;2017;No;No;1;NONE;NONE,NONE;NONE,NONE;PASSENGER CAR,PASSENGER CAR;PASSENGER CAR,PASSENGER CAR;PASSENGER CAR,PASSENGER CAR;PASSENGER CAR,PASSENGER CAR
27713;150 FEET FROM LOCHSIDE DR;DRIVEWAY, PRIVATE;STRAIGHT,LEVEL;LOCAL STREET;TWO-WAY,NOT DIVIDED;SMOOTH ASPHALT;UNKNOWN;DARK - UNKNOWN LIGHTING;CLEAR;NO CONTROL PRESENT;35.734591479;-78.75803263;-78.759;35.7345;P047;118;0;0;;;NONE;;NONE;;SPORT UTILITY;PASSENGER CAR;;;;NO;5094;2017-01-19;12:04 AM;2017-01-19T05:04:00+00:00;35.734591479, -78.75803263;2017;No;No;1;NONE;NONE,NONE;NONE,NONE;SPORT UTILITY,PASSENGER CAR;SPORT UTILITY,PASSENGER CAR;SPORT UTILITY,PASSENGER CAR;SPORT UTILITY,PASSENGER CAR
27716;CARY;NO SPECIAL FEATURE;STRAIGHT,HILLCREST;NC ROUTE;TWO-WAY,DIVIDED,UNPROTECTED MEDIAN;SMOOTH ASPHALT;WET;DAYLIGHT;RAIN;STOP SIGN;;;-78.9094;35.843;;119;0;0;1;;NONE;;NONE;;PASSENGER CAR;SPORT UTILITY;;;;NO;5097;2017-01-22;10:02 AM;2017-01-22T15:02:00+00:00;;2017;No;No;1;NONE;NONE,NONE;NONE,NONE;PASSENGER CAR,SPORT UTILITY;PASSENGER CAR,SPORT UTILITY;PASSENGER CAR,SPORT UTILITY;PASSENGER CAR,SPORT UTILITY
27721;CARY;T-INTERSECTION;CURVE,LEVEL;LOCAL STREET;TWO-WAY,NOT DIVIDED;SMOOTH ASPHALT;DRY;DAYLIGHT;CLEAR;STOP SIGN;35.777459591;-78.84306363;-78.843;35.777;P066;117;0;0;2;;;;NONE;;PASSENGER CAR;PASSENGER CAR;;;;NO;5102;2017-01-21;3:17:04 PM;2017-01-21T20:17:04+00:00;35.777459591, -78.84306363;2017;No;No;1;;NONE;NONE;PASSENGER CAR,PASSENGER CAR;PASSENGER CAR,PASSENGER CAR;PASSENGER CAR,PASSENGER CAR;PASSENGER CAR,PASSENGER CAR
27726;480 FEET FROM SR-1300 (KILDAIRE FARM RD);FOUR-WAY INTERSECTION;STRAIGHT,LEVEL;STATE SECONDARY ROUTE;TWO-WAY,DIVIDED,UNPROTECTED MEDIAN;SMOOTH ASPHALT;WET;DAYLIGHT;CLOUDY;STOP AND GO SIGNAL;;;-78.7799;35.7392;;;0;1;1;;;;NONE;;SPORT UTILITY;PASSENGER CAR;;;;NO;5107;2017-01-22;6:18:02 PM;2017-01-22T23:18:02+00:00;;2017;No;Yes;1;;NONE;NONE;SPORT UTILITY,PASSENGER CAR;SPORT UTILITY,PASSENGER CAR;SPORT UTILITY,PASSENGER CAR;SPORT UTILITY,PASSENGER CAR
27728;CARY;FOUR-WAY INTERSECTION;STRAIGHT,LEVEL;STATE SECONDARY ROUTE;TWO-WAY,DIVIDED,UNPROTECTED MEDIAN;SMOOTH ASPHALT;DRY;DAYLIGHT;CLOUDY;STOP AND GO SIGNAL;35.738527475;-78.77751237;-78.779404;35.736309;P053;116;0;0;;;NONE;;NONE;;PASSENGER CAR;SPORT UTILITY;;;;NO;5109;2017-01-23;12:30 PM;2017-01-23T17:30:00+00:00;35.738527475, -78.77751237;2017;No;No;1;NONE;NONE,NONE;NONE,NONE;PASSENGER CAR,SPORT UTILITY;PASSENGER CAR,SPORT UTILITY;PASSENGER CAR,SPORT UTILITY;PASSENGER CAR,SPORT UTILITY
27734;300 FEET FROM WALNUT ST;NO SPECIAL FEATURE;STRAIGHT,LEVEL;STATE SECONDARY ROUTE;TWO-WAY,DIVIDED,UNPROTECTED MEDIAN;SMOOTH ASPHALT;WET;DARK - LIGHTED ROADWAY;RAIN;NO CONTROL PRESENT;35.760254267;-78.74338452;-78.742984;35.759421;P045;118;0;0;1;;NONE;;NONE;;PASSENGER CAR;PASSENGER CAR;PASSENGER CAR;;;NO;5115;2017-01-21;4:52:22 PM;2017-01-21T21:52:22+00:00;35.760254267, -78.74338452;2017;No;No;1;NONE;NONE,NONE;NONE,NONE;PASSENGER CAR,PASSENGER CAR;PASSENGER CAR,PASSENGER CAR,PASSENGER CAR;PASSENGER CAR,PASSENGER CAR,PASSENGER CAR;PASSENGER CAR,PASSENGER CAR,PASSENGER CAR
27736;200 FEET FROM SR3977 (SE CARY PKWY);RELATED TO INTERSECTION;STRAIGHT,LEVEL;STATE SECONDARY ROUTE;TWO-WAY,DIVIDED,UNPROTECTED MEDIAN;SMOOTH ASPHALT;DRY;DUSK;CLEAR;STOP AND GO SIGNAL;;;-78.7828;35.758;;;0;0;2;;;;NONE;;PASSENGER CAR;SPORT UTILITY;;;;NO;5117;2017-01-19;7:58:17 PM;2017-01-20T00:58:17+00:00;;2017;No;No;1;;NONE;NONE;PASSENGER CAR,SPORT UTILITY;PASSENGER CAR,SPORT UTILITY;PASSENGER CAR,SPORT UTILITY;PASSENGER CAR,SPORT UTILITY
27737;50 FEET FROM US 1 HWY;OFF-RAMP PROPER;CURVE,GRADE;US ROUTE;ONE-WAY,NOT DIVIDED;SMOOTH ASPHALT;DRY;DAYLIGHT;CLEAR;STOP AND GO SIGNAL;35.736894104;-78.79376171;-78.7947;35.7382;P043;116;0;0;;;NONE;;NONE;;SPORT UTILITY;SPORT UTILITY;;;;NO;5118;2017-01-24;10:56 AM;2017-01-24T15:56:00+00:00;35.736894104, -78.79376171;2017;No;No;1;NONE;NONE,NONE;NONE,NONE;SPORT UTILITY,SPORT UTILITY;SPORT UTILITY,SPORT UTILITY;SPORT UTILITY,SPORT UTILITY;SPORT UTILITY,SPORT UTILITY
27746;250 FEET FROM SR 1152 (HOLLY SPRINGS RD);NO SPECIAL FEATURE;STRAIGHT,LEVEL;STATE SECONDARY ROUTE;TWO-WAY,DIVIDED,UNPROTECTED MEDIAN;SMOOTH ASPHALT;DRY;DARK - LIGHTED ROADWAY;CLEAR;NO CONTROL PRESENT;;;-78.7761;35.689;;;0;0;;;DARTING;;NONE;;SPORT UTILITY;;;;;NO;5127;2017-01-24;10:16 PM;2017-01-25T03:16:00+00:00;;2017;No;No;1;DARTING;DARTING,NONE;DARTING,NONE;SPORT UTILITY;SPORT UTILITY;SPORT UTILITY;SPORT UTILITY
27755;.50 MILES FROM US1;NO SPECIAL FEATURE;STRAIGHT,LEVEL;US ROUTE;TWO-WAY,DIVIDED,POSITIVE MEDIAN BARRIER;SMOOTH ASPHALT;DRY;DAYLIGHT;CLEAR;NO CONTROL PRESENT;;;-78.746;35.7614;;;0;0;;;NONE;;NONE;;PASSENGER CAR;PASSENGER CAR;;;;NO;5136;2017-01-25;5:32:29 PM;2017-01-25T22:32:29+00:00;;2017;No;No;1;NONE;NONE,NONE;NONE,NONE;PASSENGER CAR,PASSENGER CAR;PASSENGER CAR,PASSENGER CAR;PASSENGER CAR,PASSENGER CAR;PASSENGER CAR,PASSENGER CAR
27757;20 FEET FROM SR 4067 (REGENCY PKWY);RELATED TO INTERSECTION;STRAIGHT,LEVEL;STATE SECONDARY ROUTE;TWO-WAY,DIVIDED,UNPROTECTED MEDIAN;COARSE ASPHALT;DRY;DAYLIGHT;CLEAR;NO CONTROL PRESENT;;;-78.791914;35.728427;;;0;0;;;NONE;;NONE;;;;;;;NO;5138;2017-01-24;11:54 AM;2017-01-24T16:54:00+00:00;;2017;No;No;1;NONE;NONE,NONE;NONE,NONE;;;;
27758;0 FEET FROM SR 1387 (WEST LAKE RD);;;;;;;;;;;;;;;;0;0;;;;;;;;;;;;;5139;2016-11-02;9:29:09 AM;2016-11-02T13:29:09+00:00;;2016;No;No;11;;;;;;;
27765;1 MILES FROM US 1 HWY;NO SPECIAL FEATURE;STRAIGHT,LEVEL;US ROUTE;TWO-WAY,DIVIDED,POSITIVE MEDIAN BARRIER;SMOOTH ASPHALT;WET;DAYLIGHT;RAIN;NO CONTROL PRESENT;35.738540512;-78.79027571;-78.7973;35.7348;P042;115;0;0;;;NONE;;NONE;;SPORT UTILITY;PASSENGER CAR;;;;NO;5146;2017-01-26;7:44:10 AM;2017-01-26T12:44:10+00:00;35.738540512, -78.79027571;2017;No;No;1;NONE;NONE,NONE;NONE,NONE;SPORT UTILITY,PASSENGER CAR;SPORT UTILITY,PASSENGER CAR;SPORT UTILITY,PASSENGER CAR;SPORT UTILITY,PASSENGER CAR
27774;150 FEET FROM P.V.A. (321 N. HARRISON AVE);NO SPECIAL FEATURE;STRAIGHT,LEVEL;PUBLIC VEHICULAR AREA;TWO-WAY,NOT DIVIDED;SMOOTH ASPHALT;DRY;DARK - LIGHTED ROADWAY;CLEAR;NO CONTROL PRESENT;;;-78.783738;35.789837;;;0;0;;;NONE;;NONE;;PICKUP;SPORT UTILITY;;;;NO;5155;2017-01-25;8:04:13 PM;2017-01-26T01:04:13+00:00;;2017;No;No;1;NONE;NONE,NONE;NONE,NONE;PICKUP,SPORT UTILITY;PICKUP,SPORT UTILITY;PICKUP,SPORT UTILITY;PICKUP,SPORT UTILITY
27782;0 FEET FROM SR 3977 (CARY PKWY);FOUR-WAY INTERSECTION;STRAIGHT,LEVEL;STATE SECONDARY ROUTE;TWO-WAY,DIVIDED,UNPROTECTED MEDIAN;SMOOTH ASPHALT;DRY;DAYLIGHT;CLEAR;NO CONTROL PRESENT;;;-78.816364;35.75709;;115;0;0;4;;NONE;;NONE;;PASSENGER CAR;VAN;;;;NO;5163;2017-01-25;7:53:42 AM;2017-01-25T12:53:42+00:00;;2017;No;No;1;NONE;NONE,NONE;NONE,NONE;PASSENGER CAR,VAN;PASSENGER CAR,VAN;PASSENGER CAR,VAN;PASSENGER CAR,VAN
27789;CARY;NO SPECIAL FEATURE;STRAIGHT,LEVEL;STATE SECONDARY ROUTE;TWO-WAY,DIVIDED,UNPROTECTED MEDIAN;SMOOTH ASPHALT;DRY;DAYLIGHT;CLEAR;STOP SIGN;;;-78.835;35.7911;;;0;1;23;;NONE;;NONE;;PICKUP;;;;;NO;5170;2017-01-27;4:04:13 PM;2017-01-27T21:04:13+00:00;;2017;No;Yes;1;NONE;NONE,NONE;NONE,NONE;PICKUP;PICKUP;PICKUP;PICKUP
27792;10 FEET FROM PORTRAIT DR;RELATED TO INTERSECTION;STRAIGHT,LEVEL;LOCAL STREET;TWO-WAY,DIVIDED,UNPROTECTED MEDIAN;SMOOTH ASPHALT;DRY;DAYLIGHT;CLEAR;STOP SIGN;35.800433641;-78.79720847;-78.7971;35.8004;P023;111;0;0;;;;;NONE;;LIGHT TRUCK (MINI-VAN- PANEL);PASSENGER CAR;;;;NO;5173;2017-01-28;1:55:52 PM;2017-01-28T18:55:52+00:00;35.800433641, -78.79720847;2017;No;No;1;;NONE;NONE;LIGHT TRUCK (MINI-VAN- PANEL),PASSENGER CAR;LIGHT TRUCK (MINI-VAN- PANEL),PASSENGER CAR;LIGHT TRUCK (MINI-VAN- PANEL),PASSENGER CAR;LIGHT TRUCK (MINI-VAN- PANEL),PASSENGER CAR
27793;.30 MILES FROM US 1 EXIT RAMP 98 SB;OFF-RAMP PROPER;CURVE,GRADE;STATE SECONDARY ROUTE;ONE-WAY,NOT DIVIDED;SMOOTH ASPHALT;DRY;DARK - ROADWAY NOT LIGHTED;CLEAR;STOP AND GO SIGNAL;35.737325471;-78.79285877;-78.7945;35.7379;P042;115;0;0;3;;NONE;;NONE;;PASSENGER CAR;PASSENGER CAR;;;;NO;5174;2017-01-28;6:27:54 PM;2017-01-28T23:27:54+00:00;35.737325471, -78.79285877;2017;No;No;1;NONE;NONE,NONE;NONE,NONE;PASSENGER CAR,PASSENGER CAR;PASSENGER CAR,PASSENGER CAR;PASSENGER CAR,PASSENGER CAR;PASSENGER CAR,PASSENGER CAR
27796;.2 MILES FROM PVA 2101 SR 1613 (DAVIS DR);NO SPECIAL FEATURE;STRAIGHT,LEVEL;PRIVATE ROAD,DRIVEWAY;TWO-WAY,NOT DIVIDED;SMOOTH ASPHALT;DRY;DAYLIGHT;CLEAR;NO CONTROL PRESENT;35.777577447;-78.85091281;-78.849;35.777;P071;117;0;0;1;;NONE;;NONE;;PASSENGER CAR;;;;;NO;5177;2017-01-29;9:54:50 AM;2017-01-29T14:54:50+00:00;35.777577447, -78.85091281;2017;No;No;1;NONE;NONE,NONE;NONE,NONE;PASSENGER CAR;PASSENGER CAR;PASSENGER CAR;PASSENGER CAR
27809;30 FEET FROM SR-1415 (SE MAYNARD RD);NO SPECIAL FEATURE;STRAIGHT,LEVEL;STATE SECONDARY ROUTE;TWO-WAY,DIVIDED,UNPROTECTED MEDIAN;SMOOTH ASPHALT;DRY;DAYLIGHT;CLEAR;NO CONTROL PRESENT;35.785004042;-78.76423999;-78.764206;35.781146;P058;120;0;0;2;;NONE;;NONE;;PASSENGER CAR;PASSENGER CAR;;;;NO;5190;2017-01-30;2:35:43 PM;2017-01-30T19:35:43+00:00;35.785004042, -78.76423999;2017;No;No;1;NONE;NONE,NONE;NONE,NONE;PASSENGER CAR,PASSENGER CAR;PASSENGER CAR,PASSENGER CAR;PASSENGER CAR,PASSENGER CAR;PASSENGER CAR,PASSENGER CAR
27814;0 FEET FROM NC54 (NW MAYNARD RD);FOUR-WAY INTERSECTION;STRAIGHT,LEVEL;NC ROUTE;TWO-WAY,NOT DIVIDED;SMOOTH ASPHALT;DRY;DAYLIGHT;CLEAR;STOP AND GO SIGNAL;;;-78.7947;35.7996;;;0;0;;;;;NONE;;PICKUP;PASSENGER CAR;;;;NO;5195;2017-01-30;4:09:46 PM;2017-01-30T21:09:46+00:00;;2017;No;No;1;;NONE;NONE;PICKUP,PASSENGER CAR;PICKUP,PASSENGER CAR;PICKUP,PASSENGER CAR;PICKUP,PASSENGER CAR
27815;200 FEET FROM PVA (805 HIGH HOUSE RD);NO SPECIAL FEATURE;STRAIGHT,LEVEL;PUBLIC VEHICULAR AREA;TWO-WAY,NOT DIVIDED;SMOOTH ASPHALT;DRY;DARK - LIGHTED ROADWAY;CLEAR;NO CONTROL PRESENT;;;-78.8208;35.7858;;;0;0;2;;NONE;;NONE;;SPORT UTILITY;;;;;NO;5196;2017-01-30;8:34:27 PM;2017-01-31T01:34:27+00:00;;2017;No;No;1;NONE;NONE,NONE;NONE,NONE;SPORT UTILITY;SPORT UTILITY;SPORT UTILITY;SPORT UTILITY
27817;20 FEET FROM P.V.A. (26207 DOCTINE WAY);DRIVEWAY, PUBLIC;STRAIGHT,LEVEL;PUBLIC VEHICULAR AREA;TWO-WAY,NOT DIVIDED;SMOOTH ASPHALT;DRY;DAYLIGHT;CLEAR;NO CONTROL PRESENT;;;-78.8952;35.8462;;119;0;0;;;NONE;;NONE;;PASSENGER CAR;PASSENGER CAR;;;;NO;5198;2017-01-31;7:56:43 AM;2017-01-31T12:56:43+00:00;;2017;No;No;1;NONE;NONE,NONE;NONE,NONE;PASSENGER CAR,PASSENGER CAR;PASSENGER CAR,PASSENGER CAR;PASSENGER CAR,PASSENGER CAR;PASSENGER CAR,PASSENGER CAR
27820;300 FEET FROM US HWY 64;NO SPECIAL FEATURE;STRAIGHT,GRADE;US ROUTE;TWO-WAY,DIVIDED,UNPROTECTED MEDIAN;SMOOTH ASPHALT;DRY;DARK - ROADWAY NOT LIGHTED;CLEAR;STOP AND GO SIGNAL;35.737325471;-78.79285877;-78.7959;35.73811;P042;115;0;0;;;;;NONE;;PASSENGER CAR;PICKUP;;;;NO;5201;2017-01-31;7:03:07 PM;2017-02-01T00:03:07+00:00;35.737325471, -78.79285877;2017;No;No;1;;NONE;NONE;PASSENGER CAR,PICKUP;PASSENGER CAR,PICKUP;PASSENGER CAR,PICKUP;PASSENGER CAR,PICKUP
27822;40 FEET FROM SR-5039 (JONES FRANKLIN RD);RELATED TO INTERSECTION;STRAIGHT,LEVEL;STATE SECONDARY ROUTE;TWO-WAY,NOT DIVIDED;SMOOTH ASPHALT;DRY;DAYLIGHT;CLEAR;STOP AND GO SIGNAL;35.745074363;-78.74005335;-78.74;35.7449;P046;118;0;0;;;NONE;;NONE;;PASSENGER CAR;PASSENGER CAR;;;;NO;5203;2017-01-31;10:23 AM;2017-01-31T15:23:00+00:00;35.745074363, -78.74005335;2017;No;No;1;NONE;NONE,NONE;NONE,NONE;PASSENGER CAR,PASSENGER CAR;PASSENGER CAR,PASSENGER CAR;PASSENGER CAR,PASSENGER CAR;PASSENGER CAR,PASSENGER CAR
27841;.04 MILES FROM REGENCY PKWY;NO SPECIAL FEATURE;STRAIGHT,LEVEL;LOCAL STREET;TWO-WAY,DIVIDED,UNPROTECTED MEDIAN;SMOOTH ASPHALT;DRY;DAYLIGHT;CLEAR;NO CONTROL PRESENT;35.732034382;-78.78973236;-78.791;35.7294;P053;116;0;0;;;NONE;;NONE;;PICKUP;PASSENGER CAR;;;;NO;5221;2017-02-02;8:45:30 AM;2017-02-02T13:45:30+00:00;35.732034382, -78.78973236;2017;No;No;2;NONE;NONE,NONE;NONE,NONE;PICKUP,PASSENGER CAR;PICKUP,PASSENGER CAR;PICKUP,PASSENGER CAR;PICKUP,PASSENGER CAR
27845;15 FEET FROM SR1313 (WALNUT ST);RELATED TO INTERSECTION;STRAIGHT,LEVEL;STATE SECONDARY ROUTE;TWO-WAY,DIVIDED,UNPROTECTED MEDIAN;SMOOTH ASPHALT;DRY;DAYLIGHT;CLEAR;STOP AND GO SIGNAL;;;-78.7414;35.7756;;;0;0;;;;;NONE;;SPORT UTILITY;PASSENGER CAR;;;;NO;5225;2017-02-02;8:10:51 AM;2017-02-02T13:10:51+00:00;;2017;No;No;2;;NONE;NONE;SPORT UTILITY,PASSENGER CAR;SPORT UTILITY,PASSENGER CAR;SPORT UTILITY,PASSENGER CAR;SPORT UTILITY,PASSENGER CAR
27853;250 FEET FROM P.V.A. (1111 SE MAYNARD RD);DRIVEWAY, PUBLIC;STRAIGHT,LEVEL;PUBLIC VEHICULAR AREA;ONE-WAY,NOT DIVIDED;SMOOTH ASPHALT;DRY;DAYLIGHT;CLEAR;NO CONTROL PRESENT;;;-78.764249;35.780028;;;0;1;;1;NONE;;NONE;;PASSENGER CAR;;;;;NO;5233;2017-02-02;10:25 PM;2017-02-03T03:25:00+00:00;;2017;No;Yes;2;NONE;NONE,NONE;NONE,NONE;PASSENGER CAR;PASSENGER CAR;PASSENGER CAR;PASSENGER CAR
27865;263 FEET FROM ROLAND GLEN RD;NO SPECIAL FEATURE;STRAIGHT,GRADE;LOCAL STREET;TWO-WAY,NOT DIVIDED;COARSE ASPHALT;DRY;DARK - LIGHTED ROADWAY;CLEAR;NO CONTROL PRESENT;35.783772256;-78.85616789;-78.857;35.7831;P014;117;0;0;;;NONE;;NONE;;;;;;;NO;5245;2017-02-04;2:19:20 AM;2017-02-04T07:19:20+00:00;35.783772256, -78.85616789;2017;No;No;2;NONE;NONE,NONE;NONE,NONE;;;;
27881;CARY;FOUR-WAY INTERSECTION;STRAIGHT,LEVEL;STATE SECONDARY ROUTE;TWO-WAY,DIVIDED,UNPROTECTED MEDIAN;COARSE ASPHALT;DRY;DAYLIGHT;CLEAR;STOP AND GO SIGNAL;;;-78.83;35.78;;;0;0;;;NONE;;NONE;;PICKUP;PASSENGER CAR;;;;NO;5261;2017-02-03;4:54:42 PM;2017-02-03T21:54:42+00:00;;2017;No;No;2;NONE;NONE,NONE;NONE,NONE;PICKUP,PASSENGER CAR;PICKUP,PASSENGER CAR;PICKUP,PASSENGER CAR;PICKUP,PASSENGER CAR
27895;.1 MILES FROM PVA OF 1311 KILDAIRE FARM RD;NO SPECIAL FEATURE;STRAIGHT,LEVEL;PUBLIC VEHICULAR AREA;TWO-WAY,NOT DIVIDED;SMOOTH ASPHALT;DRY;DAYLIGHT;CLEAR;NO CONTROL PRESENT;35.760212065;-78.78200313;-78.7827;35.761;P027;112;0;0;;;;;NONE;;PASSENGER CAR;PASSENGER CAR;;;;NO;5275;2017-02-06;12:57 PM;2017-02-06T17:57:00+00:00;35.760212065, -78.78200313;2017;No;No;2;;NONE;NONE;PASSENGER CAR,PASSENGER CAR;PASSENGER CAR,PASSENGER CAR;PASSENGER CAR,PASSENGER CAR;PASSENGER CAR,PASSENGER CAR
27915;300 FEET FROM SR1613 (DAVIS DR);NO SPECIAL FEATURE;STRAIGHT,GRADE;STATE SECONDARY ROUTE;TWO-WAY,DIVIDED,UNPROTECTED MEDIAN;COARSE ASPHALT;DRY;DUSK;CLEAR;NO CONTROL PRESENT;35.782336729;-78.84821312;-78.84;35.78;P018;117;0;0;2;;NONE;;NONE;;PASSENGER CAR;PASSENGER CAR;;;;NO;5295;2017-02-07;5:52:20 PM;2017-02-07T22:52:20+00:00;35.782336729, -78.84821312;2017;No;No;2;NONE;NONE,NONE;NONE,NONE;PASSENGER CAR,PASSENGER CAR;PASSENGER CAR,PASSENGER CAR;PASSENGER CAR,PASSENGER CAR;PASSENGER CAR,PASSENGER CAR
27919;.2 MILES FROM NC 55 HWY;NO SPECIAL FEATURE;STRAIGHT,HILLCREST;NC ROUTE;TWO-WAY,DIVIDED,UNPROTECTED MEDIAN;SMOOTH ASPHALT;DRY;DAYLIGHT;CLEAR;STOP SIGN;35.77846832;-78.8724254;-78.8698;35.7876;P013;117;0;0;;;NONE;;NONE;;VAN;PASSENGER CAR;;;;NO;5299;2017-01-04;12:57 PM;2017-01-04T17:57:00+00:00;35.77846832, -78.8724254;2017;No;No;1;NONE;NONE,NONE;NONE,NONE;VAN,PASSENGER CAR;VAN,PASSENGER CAR;VAN,PASSENGER CAR;VAN,PASSENGER CAR
27923;20 FEET FROM SR 1002 (AVIATION PKWY);T-INTERSECTION;STRAIGHT,LEVEL;STATE SECONDARY ROUTE;TWO-WAY,NOT DIVIDED;SMOOTH ASPHALT;DRY;DAYLIGHT;CLEAR;STOP AND GO SIGNAL;35.88533003;-78.81105378;-78.801;35.8459;P088;111;0;0;;;NONE;;NONE;;PICKUP;PASSENGER CAR;;;;NO;5303;2017-02-08;10:37 AM;2017-02-08T15:37:00+00:00;35.88533003, -78.81105378;2017;No;No;2;NONE;NONE,NONE;NONE,NONE;PICKUP,PASSENGER CAR;PICKUP,PASSENGER CAR;PICKUP,PASSENGER CAR;PICKUP,PASSENGER CAR
27935;0 FEET FROM SR 1387 (WEST LAKE RD);T-INTERSECTION;STRAIGHT,LEVEL;STATE SECONDARY ROUTE;TWO-WAY,NOT DIVIDED;SMOOTH ASPHALT;DRY;DAYLIGHT;CLEAR;STOP SIGN;;;-78.756624;35.67428;;;0;1;;;NONE;;NONE;;SPORT UTILITY;PASSENGER CAR;;;;NO;5312;2017-02-08;1:00:37 PM;2017-02-08T18:00:37+00:00;;2017;No;Yes;2;NONE;NONE,NONE;NONE,NONE;SPORT UTILITY,PASSENGER CAR;SPORT UTILITY,PASSENGER CAR;SPORT UTILITY,PASSENGER CAR;SPORT UTILITY,PASSENGER CAR
27940;0.3 MILES FROM US 1;NO SPECIAL FEATURE;STRAIGHT,LEVEL;US ROUTE;TWO-WAY,DIVIDED,POSITIVE MEDIAN BARRIER;SMOOTH ASPHALT;DRY;DAYLIGHT;CLEAR;NO CONTROL PRESENT;35.744909854;-78.76738476;-78.777682;35.745381;P004;118;0;0;;;;;NONE;;PASSENGER CAR;PASSENGER CAR;;;;NO;5317;2017-02-09;3:21:44 PM;2017-02-09T20:21:44+00:00;35.744909854, -78.76738476;2017;No;No;2;;NONE;NONE;PASSENGER CAR,PASSENGER CAR;PASSENGER CAR,PASSENGER CAR;PASSENGER CAR,PASSENGER CAR;PASSENGER CAR,PASSENGER CAR
27952;CARY;NO SPECIAL FEATURE;STRAIGHT,LEVEL;STATE SECONDARY ROUTE;TWO-WAY,DIVIDED,UNPROTECTED MEDIAN;SMOOTH ASPHALT;DRY;DAYLIGHT;CLEAR;STOP AND GO SIGNAL;;;-78.7442;35.7609;;;0;0;;;;;NONE;;PASSENGER CAR;VAN;;;;NO;5329;2017-02-10;1:50:17 PM;2017-02-10T18:50:17+00:00;;2017;No;No;2;;NONE;NONE;PASSENGER CAR,VAN;PASSENGER CAR,VAN;PASSENGER CAR,VAN;PASSENGER CAR,VAN
27954;348 FEET FROM PVA OF 2010 KILDAIRE FARM RD;NO SPECIAL FEATURE;STRAIGHT,LEVEL;PUBLIC VEHICULAR AREA;ONE-WAY,NOT DIVIDED;SMOOTH ASPHALT;DRY;DAYLIGHT;CLEAR;NO CONTROL PRESENT;;;-78.7821;35.7474;;116;0;0;;;;;NONE;;PASSENGER CAR;UNKNOWN;;;;NO;5331;2017-02-11;11:48 AM;2017-02-11T16:48:00+00:00;;2017;No;No;2;;NONE;NONE;PASSENGER CAR,UNKNOWN;PASSENGER CAR,UNKNOWN;PASSENGER CAR,UNKNOWN;PASSENGER CAR,UNKNOWN
27974;CARY;NO SPECIAL FEATURE;STRAIGHT,LEVEL;STATE SECONDARY ROUTE;TWO-WAY,DIVIDED,UNPROTECTED MEDIAN;SMOOTH ASPHALT;DRY;DARK - LIGHTED ROADWAY;CLEAR;STOP AND GO SIGNAL;;;-78.7852;35.771;;;0;0;;;NONE;;NONE;;SPORT UTILITY;PASSENGER CAR;;;;NO;5351;2017-02-11;9:53:55 PM;2017-02-12T02:53:55+00:00;;2017;No;No;2;NONE;NONE,NONE;NONE,NONE;SPORT UTILITY,PASSENGER CAR;SPORT UTILITY,PASSENGER CAR;SPORT UTILITY,PASSENGER CAR;SPORT UTILITY,PASSENGER CAR
27978;.1 MILES FROM GLEN ECHO LN;NO SPECIAL FEATURE;CURVE,LEVEL;PUBLIC VEHICULAR AREA;TWO-WAY,NOT DIVIDED;SMOOTH ASPHALT;DRY;DAYLIGHT;CLEAR;NO CONTROL PRESENT;;;-78.775;35.733;;;0;1;;;;;NONE;;SPORT UTILITY;;;;;NO;5355;2017-02-12;5:28:30 PM;2017-02-12T22:28:30+00:00;;2017;No;Yes;2;;NONE;NONE;SPORT UTILITY;SPORT UTILITY;SPORT UTILITY;SPORT UTILITY