tamainid;location_description;rdfeature;rdcharacter;rdclass;rdconfigur;rdsurface;rdcondition;lightcond;weather;trafcontrl;lat;lon;lon2;lat2;tract;zone;fatality;possblinj;numpassengers;numpedestrians;contrcir1_desc;contrcir2_desc;contrcir3_desc;contrcir4_desc;vehicle1;vehicle2;vehicle3;vehicle4;vehicle5;workarea;records;ta_date;ta_time;crash_date;geo_location;year;fatalities;injuries;month;contrfact1;contrfact2;contributing_factor;vehicleconcat1;vehicleconcat2;vehicleconcat3;vehicle_type
28973;CARY;FOUR-WAY INTERSECTION;STRAIGHT,LEVEL;LOCAL STREET;TWO-WAY,DIVIDED,UNPROTECTED MEDIAN;SMOOTH ASPHALT;DRY;DAYLIGHT;CLEAR;NO CONTROL PRESENT;35.736014426;-78.78461828;-78.784506;35.735986;P053;116;0;0;;;NONE;;NONE;;PASSENGER CAR;PASSENGER CAR;;;;NO;6347;2017-05-02;5:57:59 PM;2017-05-02T21:57:59+00:00;35.736014426, -78.78461828;2017;No;No;5;NONE;NONE,NONE;NONE,NONE;PASSENGER CAR,PASSENGER CAR;PASSENGER CAR,PASSENGER CAR;PASSENGER CAR,PASSENGER CAR;PASSENGER CAR,PASSENGER CAR
28976;CARY;FOUR-WAY INTERSECTION;STRAIGHT,LEVEL;STATE SECONDARY ROUTE;TWO-WAY,DIVIDED,UNPROTECTED MEDIAN;SMOOTH ASPHALT;DRY;DARK - LIGHTED ROADWAY;CLEAR;STOP AND GO SIGNAL;;;-78.7414;35.7558;;;0;0;1;;NONE;;NONE;;PASSENGER CAR;PASSENGER CAR;;;;NO;6350;2017-05-02;8:26:31 PM;2017-05-03T00:26:31+00:00;;2017;No;No;5;NONE;NONE,NONE;NONE,NONE;PASSENGER CAR,PASSENGER CAR;PASSENGER CAR,PASSENGER CAR;PASSENGER CAR,PASSENGER CAR;PASSENGER CAR,PASSENGER CAR
28979;0 FEET FROM SR 1313 WALNUT ST;;;;;;;;;;35.789741928;-78.77963612;;;P060;113;0;1;;;;;;;VAN;;;;;;6353;2017-04-25;8:07:28 AM;2017-04-25T12:07:28+00:00;35.789741928, -78.77963612;2017;No;Yes;4;;;;VAN;VAN;VAN;VAN
28980;200 FEET FROM SR 3977 (SE CARY PKWY);NO SPECIAL FEATURE;STRAIGHT,LEVEL;STATE SECONDARY ROUTE;TWO-WAY,DIVIDED,UNPROTECTED MEDIAN;SMOOTH ASPHALT;DRY;DAYLIGHT;CLEAR;NO CONTROL PRESENT;;;-78.7737;35.7536;;112;0;1;;;NONE;;NONE;;SPORT UTILITY;PASSENGER CAR;;;;NO;6354;2017-05-02;7:24:44 AM;2017-05-02T11:24:44+00:00;;2017;No;Yes;5;NONE;NONE,NONE;NONE,NONE;SPORT UTILITY,PASSENGER CAR;SPORT UTILITY,PASSENGER CAR;SPORT UTILITY,PASSENGER CAR;SPORT UTILITY,PASSENGER CAR
28983;20 FEET FROM SR 1300 (KILDAIRE FARM RD);FOUR-WAY INTERSECTION;STRAIGHT,LEVEL;STATE SECONDARY ROUTE;TWO-WAY,NOT DIVIDED;SMOOTH ASPHALT;DRY;DAYLIGHT;CLEAR;STOP AND GO SIGNAL;;;-78.794408;35.703378;;116;0;0;;;NONE;;NONE;;PICKUP;SPORT UTILITY;;;;NO;6357;2017-05-02;10:50 AM;2017-05-02T14:50:00+00:00;;2017;No;No;5;NONE;NONE,NONE;NONE,NONE;PICKUP,SPORT UTILITY;PICKUP,SPORT UTILITY;PICKUP,SPORT UTILITY;PICKUP,SPORT UTILITY
28989;3 FEET FROM US 1 SOUTH TO US 64 HWY;OFF-RAMP TERMINAL ON CROSSROAD;STRAIGHT,BOTTOM (SAG);US ROUTE;ONE-WAY,NOT DIVIDED;SMOOTH ASPHALT;DRY;DAYLIGHT;CLEAR;STOP AND GO SIGNAL;;;-78.794442;35.737919;;;0;0;;;NONE;;NONE;;PICKUP;PASSENGER CAR;;;;NO;6363;2017-04-28;10:58 AM;2017-04-28T14:58:00+00:00;;2017;No;No;4;NONE;NONE,NONE;NONE,NONE;PICKUP,PASSENGER CAR;PICKUP,PASSENGER CAR;PICKUP,PASSENGER CAR;PICKUP,PASSENGER CAR
28990;200 FEET FROM PADGETT CT;NO SPECIAL FEATURE;STRAIGHT,LEVEL;LOCAL STREET;TWO-WAY,NOT DIVIDED;SMOOTH ASPHALT;DRY;DAYLIGHT;CLEAR;NO CONTROL PRESENT;35.715314758;-78.78304033;-78.7824;35.7158;P054;116;0;0;;;NONE;;NONE;;VAN;SPORT UTILITY;;;;NO;6364;2017-05-03;3:04:53 PM;2017-05-03T19:04:53+00:00;35.715314758, -78.78304033;2017;No;No;5;NONE;NONE,NONE;NONE,NONE;VAN,SPORT UTILITY;VAN,SPORT UTILITY;VAN,SPORT UTILITY;VAN,SPORT UTILITY
28998;150 FEET FROM SR 3977 (SE CARY PARKWAY);NO SPECIAL FEATURE;STRAIGHT,LEVEL;STATE SECONDARY ROUTE;TWO-WAY,DIVIDED,UNPROTECTED MEDIAN;SMOOTH ASPHALT;DRY;DAYLIGHT;CLEAR;NO CONTROL PRESENT;;;-78.7761;35.7574;;112;0;0;;;;;NONE;;PASSENGER CAR;SPORT UTILITY;;;;NO;6372;2017-05-04;9:49:39 AM;2017-05-04T13:49:39+00:00;;2017;No;No;5;;NONE;NONE;PASSENGER CAR,SPORT UTILITY;PASSENGER CAR,SPORT UTILITY;PASSENGER CAR,SPORT UTILITY;PASSENGER CAR,SPORT UTILITY
28999;150 FEET FROM SR 1313 (WALNUT ST);NO SPECIAL FEATURE;STRAIGHT,LEVEL;STATE SECONDARY ROUTE;TWO-WAY,DIVIDED,UNPROTECTED MEDIAN;SMOOTH ASPHALT;DRY;DAYLIGHT;CLEAR;NO CONTROL PRESENT;35.744104981;-78.77773293;-78.7472;35.7633;P044;115;0;0;2;;;;NONE;;SPORT UTILITY;;;;;NO;6373;2017-05-03;9:40:53 AM;2017-05-03T13:40:53+00:00;35.744104981, -78.77773293;2017;No;No;5;;NONE;NONE;SPORT UTILITY;SPORT UTILITY;SPORT UTILITY;SPORT UTILITY
29008;CARY;NO SPECIAL FEATURE;STRAIGHT,LEVEL;PRIVATE ROAD,DRIVEWAY;TWO-WAY,NOT DIVIDED;COARSE ASPHALT;DRY;DARK - LIGHTED ROADWAY;CLOUDY;NO CONTROL PRESENT;35.785980433;-78.76039546;-78.7602;35.786;P056;120;0;0;;;NONE;;NONE;;PICKUP;PASSENGER CAR;;;;NO;6382;2017-05-04;9:17:41 PM;2017-05-05T01:17:41+00:00;35.785980433, -78.76039546;2017;No;No;5;NONE;NONE,NONE;NONE,NONE;PICKUP,PASSENGER CAR;PICKUP,PASSENGER CAR;PICKUP,PASSENGER CAR;PICKUP,PASSENGER CAR
29009;175 FEET FROM 1060 PARKSIDE MAIN ST;NO SPECIAL FEATURE;STRAIGHT,LEVEL;PUBLIC VEHICULAR AREA;TWO-WAY,NOT DIVIDED;SMOOTH ASPHALT;DRY;DAYLIGHT;CLOUDY;NO CONTROL PRESENT;35.851161044;-78.89248437;-78.8886;35.8477;P074;119;0;0;;;NONE;;NONE;;SPORT UTILITY;SPORT UTILITY;;;;NO;6383;2017-05-04;12:01 PM;2017-05-04T16:01:00+00:00;35.851161044, -78.89248437;2017;No;No;5;NONE;NONE,NONE;NONE,NONE;SPORT UTILITY,SPORT UTILITY;SPORT UTILITY,SPORT UTILITY;SPORT UTILITY,SPORT UTILITY;SPORT UTILITY,SPORT UTILITY
29011;400 FEET FROM SR 1613 (PVA OF 2101 DAVIS DR);DRIVEWAY, PUBLIC;STRAIGHT,GRADE;PUBLIC VEHICULAR AREA;TWO-WAY,NOT DIVIDED;SMOOTH ASPHALT;DRY;DAYLIGHT;CLEAR;STOP SIGN;;;-78.849636;35.776972;;117;0;0;;;NONE;;NONE;;PASSENGER CAR;;;;;NO;6385;2017-05-03;10:15 AM;2017-05-03T14:15:00+00:00;;2017;No;No;5;NONE;NONE,NONE;NONE,NONE;PASSENGER CAR;PASSENGER CAR;PASSENGER CAR;PASSENGER CAR
29015;70 FEET FROM P.V.A. BOJANGLES (840 SR 1011);NO SPECIAL FEATURE;STRAIGHT,LEVEL;PUBLIC VEHICULAR AREA;TWO-WAY,NOT DIVIDED;SMOOTH ASPHALT;DRY;DAYLIGHT;CLEAR;NO CONTROL PRESENT;35.601953675;-78.79930456;-78.76;35.7912;P119;RALW;0;0;;;NONE;;NONE;;PASSENGER CAR;SPORT UTILITY;;;;NO;6389;2017-05-05;12:26 PM;2017-05-05T16:26:00+00:00;35.601953675, -78.79930456;2017;No;No;5;NONE;NONE,NONE;NONE,NONE;PASSENGER CAR,SPORT UTILITY;PASSENGER CAR,SPORT UTILITY;PASSENGER CAR,SPORT UTILITY;PASSENGER CAR,SPORT UTILITY
29020;CARY;;;;;;;;;;35.764181134;-78.74612687;;;P083;112;0;0;;;;;;;;;;;;;6394;2017-05-06;8:17:29 PM;2017-05-07T00:17:29+00:00;35.764181134, -78.74612687;2017;No;No;5;;;;;;;
29021;CARY;FOUR-WAY INTERSECTION;STRAIGHT,LEVEL;LOCAL STREET;TWO-WAY,DIVIDED,UNPROTECTED MEDIAN;SMOOTH ASPHALT;DRY;DAYLIGHT;CLEAR;STOP AND GO SIGNAL;;;-78.848308;35.796052;;;0;0;;1;NONE;;NONE;;SPORT UTILITY;;;;;NO;6395;2017-05-06;11:01 AM;2017-05-06T15:01:00+00:00;;2017;No;No;5;NONE;NONE,NONE;NONE,NONE;SPORT UTILITY;SPORT UTILITY;SPORT UTILITY;SPORT UTILITY
29024;284 FEET FROM ENFIELD RIDGE DR.;NO SPECIAL FEATURE;STRAIGHT,LEVEL;LOCAL STREET;TWO-WAY,NOT DIVIDED;SMOOTH ASPHALT;DRY;DAYLIGHT;CLEAR;NO CONTROL PRESENT;35.800966772;-78.87407356;-78.8748;35.8004;P072;122;0;0;;;NONE;;NONE;;PASSENGER CAR;PASSENGER CAR;;;;NO;6398;2017-05-06;8:33:10 AM;2017-05-06T12:33:10+00:00;35.800966772, -78.87407356;2017;No;No;5;NONE;NONE,NONE;NONE,NONE;PASSENGER CAR,PASSENGER CAR;PASSENGER CAR,PASSENGER CAR;PASSENGER CAR,PASSENGER CAR;PASSENGER CAR,PASSENGER CAR
29029;300 FEET FROM P.V.A. (1701 N HARRISON AV);NO SPECIAL FEATURE;STRAIGHT,LEVEL;PUBLIC VEHICULAR AREA;TWO-WAY,NOT DIVIDED;SMOOTH ASPHALT;DRY;DAYLIGHT;CLEAR;NO CONTROL PRESENT;;;-78.7706;35.8285;;;0;0;;;NONE;;NONE;;VAN;PASSENGER CAR;;;;NO;6403;2017-05-05;4:04:40 PM;2017-05-05T20:04:40+00:00;;2017;No;No;5;NONE;NONE,NONE;NONE,NONE;VAN,PASSENGER CAR;VAN,PASSENGER CAR;VAN,PASSENGER CAR;VAN,PASSENGER CAR
29034;CARY;FOUR-WAY INTERSECTION;CURVE,GRADE;STATE SECONDARY ROUTE;TWO-WAY,NOT DIVIDED;SMOOTH ASPHALT;DRY;DAYLIGHT;CLOUDY;STOP SIGN;;;-78.802244;35.817899;;;0;0;1;;NONE;;NONE;;PASSENGER CAR;PASSENGER CAR;;;;NO;6408;2017-05-06;12:55 PM;2017-05-06T16:55:00+00:00;;2017;No;No;5;NONE;NONE,NONE;NONE,NONE;PASSENGER CAR,PASSENGER CAR;PASSENGER CAR,PASSENGER CAR;PASSENGER CAR,PASSENGER CAR;PASSENGER CAR,PASSENGER CAR
29043;20 FEET FROM SR 1300 KILDAIRE FARM RD;NO SPECIAL FEATURE;STRAIGHT,LEVEL;STATE SECONDARY ROUTE;ONE-WAY,NOT DIVIDED;SMOOTH ASPHALT;DRY;DAYLIGHT;CLEAR;STOP AND GO SIGNAL;;;-78.783482;35.765171;;;0;0;;;NONE;;NONE;;VAN;PASSENGER CAR;;;;NO;6417;2017-05-05;3:59:17 PM;2017-05-05T19:59:17+00:00;;2017;No;No;5;NONE;NONE,NONE;NONE,NONE;VAN,PASSENGER CAR;VAN,PASSENGER CAR;VAN,PASSENGER CAR;VAN,PASSENGER CAR
29046;20 FEET FROM SR 1615 (HIGH HOUSE RD);RELATED TO INTERSECTION;STRAIGHT,LEVEL;STATE SECONDARY ROUTE;TWO-WAY,DIVIDED,UNPROTECTED MEDIAN;SMOOTH ASPHALT;DRY;DAYLIGHT;CLEAR;STOP AND GO SIGNAL;;;-78.8381;35.793;;;0;0;1;;NONE;;NONE;;PASSENGER CAR;VAN;;;;CONSTRUCTION WORK AREA;6420;2017-05-08;10:49 AM;2017-05-08T14:49:00+00:00;;2017;No;No;5;NONE;NONE,NONE;NONE,NONE;PASSENGER CAR,VAN;PASSENGER CAR,VAN;PASSENGER CAR,VAN;PASSENGER CAR,VAN
29048;245 FEET FROM WALNUT ST;NO SPECIAL FEATURE;STRAIGHT,LEVEL;LOCAL STREET;TWO-WAY,DIVIDED,POSITIVE MEDIAN BARRIER;SMOOTH ASPHALT;DRY;DAYLIGHT;CLEAR;STOP AND GO SIGNAL;35.762771941;-78.74571456;-78.7463;35.7632;P083;112;0;0;;;NONE;;NONE;;PASSENGER CAR;PASSENGER CAR;;;;NO;6422;2017-05-08;10:39 AM;2017-05-08T14:39:00+00:00;35.762771941, -78.74571456;2017;No;No;5;NONE;NONE,NONE;NONE,NONE;PASSENGER CAR,PASSENGER CAR;PASSENGER CAR,PASSENGER CAR;PASSENGER CAR,PASSENGER CAR;PASSENGER CAR,PASSENGER CAR
29050;.16 MILES FROM PVA (1975 HIGH HOUSE RD);NO SPECIAL FEATURE;STRAIGHT,GRADE;PUBLIC VEHICULAR AREA;TWO-WAY,NOT DIVIDED;COARSE ASPHALT;DRY;DAYLIGHT;CLEAR;STOP SIGN;;;-78.8477;35.7888;;;0;0;;;NONE;;NONE;;PASSENGER CAR;UNKNOWN;;;;NO;6424;2017-05-08;1:18:46 PM;2017-05-08T17:18:46+00:00;;2017;No;No;5;NONE;NONE,NONE;NONE,NONE;PASSENGER CAR,UNKNOWN;PASSENGER CAR,UNKNOWN;PASSENGER CAR,UNKNOWN;PASSENGER CAR,UNKNOWN
29052;.1 MILES FROM US 1;NO SPECIAL FEATURE;STRAIGHT,LEVEL;US ROUTE;ONE-WAY,NOT DIVIDED;SMOOTH ASPHALT;DRY;DARK - LIGHTED ROADWAY;CLEAR;NO CONTROL PRESENT;35.766353763;-78.73572499;-78.7393;35.765;P106;RALW;0;0;1;;NONE;;NONE;;VAN;PASSENGER CAR;;;;NO;6426;2017-05-08;10:41 PM;2017-05-09T02:41:00+00:00;35.766353763, -78.73572499;2017;No;No;5;NONE;NONE,NONE;NONE,NONE;VAN,PASSENGER CAR;VAN,PASSENGER CAR;VAN,PASSENGER CAR;VAN,PASSENGER CAR
29053;.1 MILES FROM US1;NO SPECIAL FEATURE;STRAIGHT,LEVEL;US ROUTE;TWO-WAY,DIVIDED,POSITIVE MEDIAN BARRIER;SMOOTH ASPHALT;DRY;DARK - LIGHTED ROADWAY;CLEAR;NO CONTROL PRESENT;35.76215792;-78.74506048;-78.7393;35.765;P083;112;0;0;;;NONE;;NONE;;POLICE;LIGHT TRUCK (MINI-VAN- PANEL);;;;NO;6427;2017-05-08;11:24 PM;2017-05-09T03:24:00+00:00;35.76215792, -78.74506048;2017;No;No;5;NONE;NONE,NONE;NONE,NONE;POLICE,LIGHT TRUCK (MINI-VAN- PANEL);POLICE,LIGHT TRUCK (MINI-VAN- PANEL);POLICE,LIGHT TRUCK (MINI-VAN- PANEL);POLICE,LIGHT TRUCK (MINI-VAN- PANEL)
29056;176 FEET FROM WALNUT ST;NO SPECIAL FEATURE;STRAIGHT,LEVEL;LOCAL STREET;TWO-WAY,DIVIDED,POSITIVE MEDIAN BARRIER;SMOOTH ASPHALT;DRY;DAYLIGHT;CLEAR;STOP AND GO SIGNAL;35.762771941;-78.74571456;-78.7465;35.7631;P083;112;0;0;;;NONE;;NONE;;PASSENGER CAR;PASSENGER CAR;;;;NO;6430;2017-05-08;4:44:51 PM;2017-05-08T20:44:51+00:00;35.762771941, -78.74571456;2017;No;No;5;NONE;NONE,NONE;NONE,NONE;PASSENGER CAR,PASSENGER CAR;PASSENGER CAR,PASSENGER CAR;PASSENGER CAR,PASSENGER CAR;PASSENGER CAR,PASSENGER CAR
29069;35 FEET FROM PVA 1151 TRYON VILLAGE DR;NO SPECIAL FEATURE;STRAIGHT,LEVEL;PUBLIC VEHICULAR AREA;TWO-WAY,NOT DIVIDED;SMOOTH ASPHALT;DRY;DAYLIGHT;CLEAR;NO CONTROL PRESENT;;;-78.7434;35.7461;;;0;0;;;NONE;;NONE;;PASSENGER CAR;PASSENGER CAR;;;;NO;6443;2017-05-09;3:12:14 PM;2017-05-09T19:12:14+00:00;;2017;No;No;5;NONE;NONE,NONE;NONE,NONE;PASSENGER CAR,PASSENGER CAR;PASSENGER CAR,PASSENGER CAR;PASSENGER CAR,PASSENGER CAR;PASSENGER CAR,PASSENGER CAR
29071;CARY;FOUR-WAY INTERSECTION;STRAIGHT,LEVEL;STATE SECONDARY ROUTE;TWO-WAY,DIVIDED,UNPROTECTED MEDIAN;COARSE ASPHALT;DRY;DAYLIGHT;CLEAR;STOP AND GO SIGNAL;35.813564277;-78.8480689;-78.84;35.81;P079;121;0;2;2;;NONE;;NONE;;PASSENGER CAR;PASSENGER CAR;;;;NO;6445;2017-05-09;3:33:40 PM;2017-05-09T19:33:40+00:00;35.813564277, -78.8480689;2017;No;Yes;5;NONE;NONE,NONE;NONE,NONE;PASSENGER CAR,PASSENGER CAR;PASSENGER CAR,PASSENGER CAR;PASSENGER CAR,PASSENGER CAR;PASSENGER CAR,PASSENGER CAR
29082;CARY;FOUR-WAY INTERSECTION;STRAIGHT,LEVEL;US ROUTE;TWO-WAY,DIVIDED,UNPROTECTED MEDIAN;SMOOTH ASPHALT;WET;DAYLIGHT;RAIN;STOP AND GO SIGNAL;35.741539722;-78.8097058;-78.8053;35.7405;P041;116;0;1;1;;NONE;;NONE;;PASSENGER CAR;LIGHT TRUCK (MINI-VAN- PANEL);;;;NO;6456;2017-05-09;1:47:09 PM;2017-05-09T17:47:09+00:00;35.741539722, -78.8097058;2017;No;Yes;5;NONE;NONE,NONE;NONE,NONE;PASSENGER CAR,LIGHT TRUCK (MINI-VAN- PANEL);PASSENGER CAR,LIGHT TRUCK (MINI-VAN- PANEL);PASSENGER CAR,LIGHT TRUCK (MINI-VAN- PANEL);PASSENGER CAR,LIGHT TRUCK (MINI-VAN- PANEL)
29089;100 FEET FROM SR 3122 (LOUIS STEPHENS RD);NO SPECIAL FEATURE;STRAIGHT,LEVEL;STATE SECONDARY ROUTE;TWO-WAY,NOT DIVIDED;SMOOTH ASPHALT;DRY;DAYLIGHT;CLEAR;NO CONTROL PRESENT;;;-78.863311;35.810691;;121;0;0;;;NONE;;NONE;;PASSENGER CAR;PASSENGER CAR;;;;NO;6463;2017-05-10;4:44:34 PM;2017-05-10T20:44:34+00:00;;2017;No;No;5;NONE;NONE,NONE;NONE,NONE;PASSENGER CAR,PASSENGER CAR;PASSENGER CAR,PASSENGER CAR;PASSENGER CAR,PASSENGER CAR;PASSENGER CAR,PASSENGER CAR
29098;213 FEET FROM SR 3091 (HARRISON OAKS BLVD);NO SPECIAL FEATURE;STRAIGHT,LEVEL;STATE SECONDARY ROUTE;TWO-WAY,DIVIDED,UNPROTECTED MEDIAN;SMOOTH ASPHALT;DRY;DAYLIGHT;CLEAR;NO CONTROL PRESENT;35.640862791;-78.94148338;-78.767751;35.83116;P090;WAKE;0;0;;;NONE;;NONE;;SPORT UTILITY;PASSENGER CAR;;;;NO;6472;2017-05-10;7:26:22 AM;2017-05-10T11:26:22+00:00;35.640862791, -78.94148338;2017;No;No;5;NONE;NONE,NONE;NONE,NONE;SPORT UTILITY,PASSENGER CAR;SPORT UTILITY,PASSENGER CAR;SPORT UTILITY,PASSENGER CAR;SPORT UTILITY,PASSENGER CAR
29105;.15 MILES FROM PVA OF 2370 WALNUT ST;NO SPECIAL FEATURE;STRAIGHT,LEVEL;PUBLIC VEHICULAR AREA;TWO-WAY,NOT DIVIDED;COARSE ASPHALT;DRY;DAYLIGHT;CLEAR;NO CONTROL PRESENT;;;-78.7448;35.7527;;;0;0;3;;;;NONE;;VAN;PASSENGER CAR;;;;NO;6479;2017-05-11;1:52:26 PM;2017-05-11T17:52:26+00:00;;2017;No;No;5;;NONE;NONE;VAN,PASSENGER CAR;VAN,PASSENGER CAR;VAN,PASSENGER CAR;VAN,PASSENGER CAR
29108;.15 MILES FROM SR 1415 (SE MAYNARD RD);NO SPECIAL FEATURE;STRAIGHT,GRADE;STATE SECONDARY ROUTE;TWO-WAY,NOT DIVIDED;SMOOTH ASPHALT;WET;DARK - LIGHTED ROADWAY;CLOUDY;NO CONTROL PRESENT;;;-78.7676;35.7671;;;0;0;;;NONE;;NONE;;SPORT UTILITY;SINGLE UNIT TRUCK (2-AXLE- 6-TIRE);;;;NO;6482;2017-05-10;4:20:29 AM;2017-05-10T08:20:29+00:00;;2017;No;No;5;NONE;NONE,NONE;NONE,NONE;SPORT UTILITY,SINGLE UNIT TRUCK (2-AXLE- 6-TIRE);SPORT UTILITY,SINGLE UNIT TRUCK (2-AXLE- 6-TIRE);SPORT UTILITY,SINGLE UNIT TRUCK (2-AXLE- 6-TIRE);SPORT UTILITY,SINGLE UNIT TRUCK (2-AXLE- 6-TIRE)
29110;0.25 MILES FROM 2080 SR 1300 (KILDARE FARM RD);NO SPECIAL FEATURE;STRAIGHT,LEVEL;PUBLIC VEHICULAR AREA;TWO-WAY,NOT DIVIDED;SMOOTH ASPHALT;DRY;DAYLIGHT;CLEAR;NO CONTROL PRESENT;;;-78.7797;35.7354;;;0;0;;;NONE;;NONE;;SPORT UTILITY;PASSENGER CAR;;;;NO;6484;2017-05-11;3:04:01 PM;2017-05-11T19:04:01+00:00;;2017;No;No;5;NONE;NONE,NONE;NONE,NONE;SPORT UTILITY,PASSENGER CAR;SPORT UTILITY,PASSENGER CAR;SPORT UTILITY,PASSENGER CAR;SPORT UTILITY,PASSENGER CAR
29113;15 FEET FROM MEETING ST;FOUR-WAY INTERSECTION;STRAIGHT,LEVEL;LOCAL STREET;TWO-WAY,DIVIDED,UNPROTECTED MEDIAN;SMOOTH ASPHALT;DRY;DAYLIGHT;CLEAR;STOP AND GO SIGNAL;;;-78.7414;35.7594;;;0;0;;;NONE;;NONE;;PASSENGER CAR;PASSENGER CAR;;;;NO;6487;2017-05-11;1:47:34 PM;2017-05-11T17:47:34+00:00;;2017;No;No;5;NONE;NONE,NONE;NONE,NONE;PASSENGER CAR,PASSENGER CAR;PASSENGER CAR,PASSENGER CAR;PASSENGER CAR,PASSENGER CAR;PASSENGER CAR,PASSENGER CAR
29117;.1 MILES FROM PVA (1065 DARRINGTON PL);DRIVEWAY, PUBLIC;STRAIGHT,LEVEL;PUBLIC VEHICULAR AREA;TWO-WAY,NOT DIVIDED;SMOOTH ASPHALT;DRY;DARK - LIGHTED ROADWAY;CLOUDY;NO CONTROL PRESENT;;;-78.8157;35.0;;;0;0;;;NONE;;NONE;;SPORT UTILITY;SPORT UTILITY;;;;NO;6491;2017-05-11;9:37:17 PM;2017-05-12T01:37:17+00:00;;2017;No;No;5;NONE;NONE,NONE;NONE,NONE;SPORT UTILITY,SPORT UTILITY;SPORT UTILITY,SPORT UTILITY;SPORT UTILITY,SPORT UTILITY;SPORT UTILITY,SPORT UTILITY
29118;0 FEET FROM SR 4067 (REGENCY PKWY);NO SPECIAL FEATURE;STRAIGHT,LEVEL;STATE SECONDARY ROUTE;TWO-WAY,NOT DIVIDED;SMOOTH ASPHALT;DRY;DAYLIGHT;CLEAR;STOP SIGN;;;-78.8035;35.7282;;;0;0;;;;;NONE;;SPORT UTILITY;PASSENGER CAR;;;;NO;6492;2017-05-10;4:42:53 PM;2017-05-10T20:42:53+00:00;;2017;No;No;5;;NONE;NONE;SPORT UTILITY,PASSENGER CAR;SPORT UTILITY,PASSENGER CAR;SPORT UTILITY,PASSENGER CAR;SPORT UTILITY,PASSENGER CAR
29124;30 FEET FROM PVA OF 111 ADVENT CT;NO SPECIAL FEATURE;STRAIGHT,LEVEL;PUBLIC VEHICULAR AREA;TWO-WAY,NOT DIVIDED;SMOOTH ASPHALT;DRY;DAYLIGHT;CLOUDY;NO CONTROL PRESENT;35.727644747;-78.55889835;-78.7789;35.7376;P119;RALW;0;0;1;;;;NONE;;PASSENGER CAR;SPORT UTILITY;;;;NO;6498;2017-05-12;12:16 PM;2017-05-12T16:16:00+00:00;35.727644747, -78.55889835;2017;No;No;5;;NONE;NONE;PASSENGER CAR,SPORT UTILITY;PASSENGER CAR,SPORT UTILITY;PASSENGER CAR,SPORT UTILITY;PASSENGER CAR,SPORT UTILITY
29125;0 FEET FROM SR 1615 (HIGH HOUSE RD);FOUR-WAY INTERSECTION;STRAIGHT,LEVEL;STATE SECONDARY ROUTE;TWO-WAY,NOT DIVIDED;SMOOTH ASPHALT;DRY;DAYLIGHT;CLOUDY;STOP AND GO SIGNAL;;;-78.8099;35.7834;;;0;0;1;;NONE;;NONE;;PASSENGER CAR;PICKUP;;;;NO;6499;2017-05-12;11:48 AM;2017-05-12T15:48:00+00:00;;2017;No;No;5;NONE;NONE,NONE;NONE,NONE;PASSENGER CAR,PICKUP;PASSENGER CAR,PICKUP;PASSENGER CAR,PICKUP;PASSENGER CAR,PICKUP
29130;.03 MILES FROM PVA (1120 BUCK JONES RD);DRIVEWAY, PUBLIC;STRAIGHT,LEVEL;PUBLIC VEHICULAR AREA;TWO-WAY,NOT DIVIDED;SMOOTH ASPHALT;WET;DARK - LIGHTED ROADWAY;CLOUDY;NO CONTROL PRESENT;35.769475287;-78.74223355;-78.744341;35.8238364;P083;112;0;0;3;;NONE;;NONE;;SPORT UTILITY;LIGHT TRUCK (MINI-VAN- PANEL);;;;NO;6504;2017-05-12;8:43:22 PM;2017-05-13T00:43:22+00:00;35.769475287, -78.74223355;2017;No;No;5;NONE;NONE,NONE;NONE,NONE;SPORT UTILITY,LIGHT TRUCK (MINI-VAN- PANEL);SPORT UTILITY,LIGHT TRUCK (MINI-VAN- PANEL);SPORT UTILITY,LIGHT TRUCK (MINI-VAN- PANEL);SPORT UTILITY,LIGHT TRUCK (MINI-VAN- PANEL)
29131;CARY;FOUR-WAY INTERSECTION;STRAIGHT,LEVEL;STATE SECONDARY ROUTE;TWO-WAY,NOT DIVIDED;SMOOTH ASPHALT;DRY;DAYLIGHT;CLEAR;STOP SIGN;;;-78.8061;35.7574;;;0;0;;;;;NONE;;PASSENGER CAR;SPORT UTILITY;;;;NO;6505;2017-05-13;12:02 PM;2017-05-13T16:02:00+00:00;;2017;No;No;5;;NONE;NONE;PASSENGER CAR,SPORT UTILITY;PASSENGER CAR,SPORT UTILITY;PASSENGER CAR,SPORT UTILITY;PASSENGER CAR,SPORT UTILITY
29136;200 FEET FROM PVA 315 N ACADEMY ST;NO SPECIAL FEATURE;STRAIGHT,LEVEL;PUBLIC VEHICULAR AREA;TWO-WAY,NOT DIVIDED;SMOOTH ASPHALT;DRY;DAYLIGHT;CLEAR;NO CONTROL PRESENT;;;-78.782095;35.789436;;113;0;0;;;NONE;;NONE;;PASSENGER CAR;PASSENGER CAR;;;;NO;6510;2017-05-13;10:32 PM;2017-05-14T02:32:00+00:00;;2017;No;No;5;NONE;NONE,NONE;NONE,NONE;PASSENGER CAR,PASSENGER CAR;PASSENGER CAR,PASSENGER CAR;PASSENGER CAR,PASSENGER CAR;PASSENGER CAR,PASSENGER CAR