tamainid;location_description;rdfeature;rdcharacter;rdclass;rdconfigur;rdsurface;rdcondition;lightcond;weather;trafcontrl;lat;lon;lon2;lat2;tract;zone;fatality;possblinj;numpassengers;numpedestrians;contrcir1_desc;contrcir2_desc;contrcir3_desc;contrcir4_desc;vehicle1;vehicle2;vehicle3;vehicle4;vehicle5;workarea;records;ta_date;ta_time;crash_date;geo_location;year;fatalities;injuries;month;contrfact1;contrfact2;contributing_factor;vehicleconcat1;vehicleconcat2;vehicleconcat3;vehicle_type
29507;50 FEET FROM SR 1313 (WALNUT ST);NO SPECIAL FEATURE;STRAIGHT,LEVEL;STATE SECONDARY ROUTE;TWO-WAY,DIVIDED,UNPROTECTED MEDIAN;CONCRETE;DRY;DAYLIGHT;CLEAR;NO CONTROL PRESENT;;;-78.7444;35.7636;;;0;1;1;;NONE;;NONE;;SPORT UTILITY;PASSENGER CAR;;;;NO;6881;2017-06-09;3:33:00 PM;2017-06-09T19:33:00+00:00;;2017;No;Yes;6;NONE;NONE,NONE;NONE,NONE;SPORT UTILITY,PASSENGER CAR;SPORT UTILITY,PASSENGER CAR;SPORT UTILITY,PASSENGER CAR;SPORT UTILITY,PASSENGER CAR
29508;38 FEET FROM NC 55 HWY;NO SPECIAL FEATURE;STRAIGHT,GRADE;NC ROUTE;TWO-WAY,DIVIDED,UNPROTECTED MEDIAN;COARSE ASPHALT;DRY;DAYLIGHT;CLEAR;NO CONTROL PRESENT;35.77846832;-78.8724254;-78.874763;35.7728026;P013;117;0;0;;;NONE;;NONE;;;;;;;NO;6882;2017-06-10;5:49:52 PM;2017-06-10T21:49:52+00:00;35.77846832, -78.8724254;2017;No;No;6;NONE;NONE,NONE;NONE,NONE;;;;
29512;110 FEET FROM PVA 1001 N. HARRISON AVE;NO SPECIAL FEATURE;STRAIGHT,LEVEL;PUBLIC VEHICULAR AREA;TWO-WAY,NOT DIVIDED;CONCRETE;DRY;DAYLIGHT;CLEAR;NO CONTROL PRESENT;35.802989993;-78.78333796;-78.47;35.4811;P024;111;0;0;;;NONE;;NONE;;PASSENGER CAR;VAN;;;;NO;6886;2017-06-10;8:41:45 AM;2017-06-10T12:41:45+00:00;35.802989993, -78.78333796;2017;No;No;6;NONE;NONE,NONE;NONE,NONE;PASSENGER CAR,VAN;PASSENGER CAR,VAN;PASSENGER CAR,VAN;PASSENGER CAR,VAN
29523;272 FEET FROM ASHVILLE AV;NO SPECIAL FEATURE;CURVE,GRADE;LOCAL STREET;TWO-WAY,NOT DIVIDED;SMOOTH ASPHALT;DRY;DAYLIGHT;CLEAR;NO CONTROL PRESENT;35.738338847;-78.78259487;-78.7862;35.7378;P044;115;0;0;;;NONE;;NONE;;SPORT UTILITY;PASSENGER CAR;;;;NO;6897;2017-06-12;4:22:42 PM;2017-06-12T20:22:42+00:00;35.738338847, -78.78259487;2017;No;No;6;NONE;NONE,NONE;NONE,NONE;SPORT UTILITY,PASSENGER CAR;SPORT UTILITY,PASSENGER CAR;SPORT UTILITY,PASSENGER CAR;SPORT UTILITY,PASSENGER CAR
29534;236 FEET FROM P.V.A. (101 INNOVATION AVE);NO SPECIAL FEATURE;STRAIGHT,LEVEL;PUBLIC VEHICULAR AREA;TWO-WAY,NOT DIVIDED;SMOOTH ASPHALT;DRY;DAYLIGHT;CLEAR;NO CONTROL PRESENT;;;-78.816;35.8713;;111;0;0;;;NONE;;NONE;;VAN;SPORT UTILITY;;;;NO;6908;2017-06-13;6:54:54 PM;2017-06-13T22:54:54+00:00;;2017;No;No;6;NONE;NONE,NONE;NONE,NONE;VAN,SPORT UTILITY;VAN,SPORT UTILITY;VAN,SPORT UTILITY;VAN,SPORT UTILITY
29535;.1 MILES FROM SR1615 (HIGH HOUSE RD);NO SPECIAL FEATURE;STRAIGHT,GRADE;STATE SECONDARY ROUTE;TWO-WAY,DIVIDED,UNPROTECTED MEDIAN;SMOOTH ASPHALT;DRY;DAYLIGHT;CLEAR;NO CONTROL PRESENT;;;-78.8516;35.7894;;;0;0;;;;;NONE;;PASSENGER CAR;SPORT UTILITY;;;;NO;6909;2017-06-14;8:51:12 AM;2017-06-14T12:51:12+00:00;;2017;No;No;6;;NONE;NONE;PASSENGER CAR,SPORT UTILITY;PASSENGER CAR,SPORT UTILITY;PASSENGER CAR,SPORT UTILITY;PASSENGER CAR,SPORT UTILITY
29537;15 FEET FROM SR 3977 SE CARY PKWY;NO SPECIAL FEATURE;STRAIGHT,LEVEL;STATE SECONDARY ROUTE;TWO-WAY,DIVIDED,UNPROTECTED MEDIAN;SMOOTH ASPHALT;DRY;DAYLIGHT;CLEAR;STOP AND GO SIGNAL;;;-78.773286;35.7496;;;0;0;;;NONE;;NONE;;SPORT UTILITY;SPORT UTILITY;;;;NO;6911;2017-06-14;9:13:04 AM;2017-06-14T13:13:04+00:00;;2017;No;No;6;NONE;NONE,NONE;NONE,NONE;SPORT UTILITY,SPORT UTILITY;SPORT UTILITY,SPORT UTILITY;SPORT UTILITY,SPORT UTILITY;SPORT UTILITY,SPORT UTILITY
29540;80 FEET FROM PVA 9101 CHAPEL HILL RD;DRIVEWAY, PUBLIC;STRAIGHT,LEVEL;PUBLIC VEHICULAR AREA;TWO-WAY,NOT DIVIDED;SMOOTH ASPHALT;DRY;DAYLIGHT;CLEAR;NO CONTROL PRESENT;;;-78.7958;35.7983;;;0;0;1;;NONE;;NONE;;SPORT UTILITY;PASSENGER CAR;;;;NO;6914;2017-06-14;12:55 PM;2017-06-14T16:55:00+00:00;;2017;No;No;6;NONE;NONE,NONE;NONE,NONE;SPORT UTILITY,PASSENGER CAR;SPORT UTILITY,PASSENGER CAR;SPORT UTILITY,PASSENGER CAR;SPORT UTILITY,PASSENGER CAR
29542;0 FEET FROM SR 1654 (N HARRISON AVE);FOUR-WAY INTERSECTION;STRAIGHT,LEVEL;STATE SECONDARY ROUTE;TWO-WAY,NOT DIVIDED;SMOOTH ASPHALT;DRY;DAYLIGHT;CLEAR;STOP AND GO SIGNAL;;;-78.771447;35.819402;;111;0;0;;;NONE;;NONE;;PASSENGER CAR;PASSENGER CAR;;;;NO;6916;2017-06-09;12:05 PM;2017-06-09T16:05:00+00:00;;2017;No;No;6;NONE;NONE,NONE;NONE,NONE;PASSENGER CAR,PASSENGER CAR;PASSENGER CAR,PASSENGER CAR;PASSENGER CAR,PASSENGER CAR;PASSENGER CAR,PASSENGER CAR
29544;10 FEET FROM SR 3081 (CHAPEL HILL RD);RELATED TO INTERSECTION;STRAIGHT,LEVEL;STATE SECONDARY ROUTE;TWO-WAY,NOT DIVIDED;SMOOTH ASPHALT;DRY;DAYLIGHT;CLEAR;STOP AND GO SIGNAL;35.791369365;-78.78357141;-78.7833;35.792;P026;114;0;0;1;;;;NONE;;VAN;SPORT UTILITY;;;;NO;6918;2017-06-14;3:22:08 PM;2017-06-14T19:22:08+00:00;35.791369365, -78.78357141;2017;No;No;6;;NONE;NONE;VAN,SPORT UTILITY;VAN,SPORT UTILITY;VAN,SPORT UTILITY;VAN,SPORT UTILITY
29549;20 FEET FROM SR-1300KILDAIRE FARM RD;RELATED TO INTERSECTION;STRAIGHT,LEVEL;STATE SECONDARY ROUTE;TWO-WAY,DIVIDED,UNPROTECTED MEDIAN;SMOOTH ASPHALT;DRY;DAYLIGHT;CLEAR;STOP AND GO SIGNAL;35.71646194;-78.78791617;-78.7884;35.7164;P054;116;0;1;3;;NONE;;NONE;;PASSENGER CAR;SPORT UTILITY;;;;NO;6923;2017-06-14;7:25:18 PM;2017-06-14T23:25:18+00:00;35.71646194, -78.78791617;2017;No;Yes;6;NONE;NONE,NONE;NONE,NONE;PASSENGER CAR,SPORT UTILITY;PASSENGER CAR,SPORT UTILITY;PASSENGER CAR,SPORT UTILITY;PASSENGER CAR,SPORT UTILITY
29553;50 FEET FROM 4300 NW CARY PKWY (PVA);NO SPECIAL FEATURE;STRAIGHT,LEVEL;PUBLIC VEHICULAR AREA;TWO-WAY,NOT DIVIDED;SMOOTH ASPHALT;DRY;DAYLIGHT;CLEAR;NO CONTROL PRESENT;;;-78.827652;35.790202;;;0;0;;;NONE;;NONE;;PASSENGER CAR;SPORT UTILITY;;;;NO;6927;2017-06-12;1:44:25 AM;2017-06-12T05:44:25+00:00;;2017;No;No;6;NONE;NONE,NONE;NONE,NONE;PASSENGER CAR,SPORT UTILITY;PASSENGER CAR,SPORT UTILITY;PASSENGER CAR,SPORT UTILITY;PASSENGER CAR,SPORT UTILITY
29556;200 FEET FROM CROSSROADS BLVD;NO SPECIAL FEATURE;STRAIGHT,LEVEL;LOCAL STREET;TWO-WAY,DIVIDED,POSITIVE MEDIAN BARRIER;SMOOTH ASPHALT;DRY;DAYLIGHT;CLEAR;NO CONTROL PRESENT;35.761266214;-78.7418746;-78.740698;35.761086;P120;118;0;0;;;NONE;;NONE;;PASSENGER CAR;SPORT UTILITY;;;;NO;6930;2017-06-14;12:52 PM;2017-06-14T16:52:00+00:00;35.761266214, -78.7418746;2017;No;No;6;NONE;NONE,NONE;NONE,NONE;PASSENGER CAR,SPORT UTILITY;PASSENGER CAR,SPORT UTILITY;PASSENGER CAR,SPORT UTILITY;PASSENGER CAR,SPORT UTILITY
29560;CARY;T-INTERSECTION;STRAIGHT,LEVEL;STATE SECONDARY ROUTE;TWO-WAY,NOT DIVIDED;SMOOTH ASPHALT;DRY;DAYLIGHT;CLEAR;STOP SIGN;35.798378651;-78.85799287;-78.8583;35.7927;P070;121;0;0;1;;NONE;;NONE;;SPORT UTILITY;SPORT UTILITY;;;;NO;6934;2017-06-13;1:19:57 PM;2017-06-13T17:19:57+00:00;35.798378651, -78.85799287;2017;No;No;6;NONE;NONE,NONE;NONE,NONE;SPORT UTILITY,SPORT UTILITY;SPORT UTILITY,SPORT UTILITY;SPORT UTILITY,SPORT UTILITY;SPORT UTILITY,SPORT UTILITY
29565;18 FEET FROM SR 3081 (CHAPEL HILL RD);RELATED TO INTERSECTION;STRAIGHT,LEVEL;STATE SECONDARY ROUTE;TWO-WAY,NOT DIVIDED;SMOOTH ASPHALT;DRY;DAYLIGHT;CLEAR;NO CONTROL PRESENT;;;-78.7737;35.7923;;113;0;1;1;;NONE;;NONE;;PASSENGER CAR;SPORT UTILITY;;;;NO;6939;2017-06-15;6:34:09 PM;2017-06-15T22:34:09+00:00;;2017;No;Yes;6;NONE;NONE,NONE;NONE,NONE;PASSENGER CAR,SPORT UTILITY;PASSENGER CAR,SPORT UTILITY;PASSENGER CAR,SPORT UTILITY;PASSENGER CAR,SPORT UTILITY
29567;83 FEET FROM SR 1615 (HIGH HOUSE RD);;;;;;;;;;;;;;;114;0;0;;;;;;;SPORT UTILITY;;;;;;6941;2017-04-12;4:25:58 PM;2017-04-12T20:25:58+00:00;;2017;No;No;4;;;;SPORT UTILITY;SPORT UTILITY;SPORT UTILITY;SPORT UTILITY
29580;375 FEET FROM PVA (2010 KILDAIRE FARM RD);NO SPECIAL FEATURE;STRAIGHT,LEVEL;PUBLIC VEHICULAR AREA;TWO-WAY,NOT DIVIDED;SMOOTH ASPHALT;DRY;DAYLIGHT;CLEAR;NO CONTROL PRESENT;;;-78.7817;35.7372;;;0;0;;;UNKNOWN;;;;UNKNOWN;SPORT UTILITY;;;;NO;6954;2017-06-15;2:57:50 PM;2017-06-15T18:57:50+00:00;;2017;No;No;6;UNKNOWN;UNKNOWN;UNKNOWN;UNKNOWN,SPORT UTILITY;UNKNOWN,SPORT UTILITY;UNKNOWN,SPORT UTILITY;UNKNOWN,SPORT UTILITY
29586;12 FEET FROM SR 3977 (SE CARY PKWY);T-INTERSECTION;CURVE,GRADE;STATE SECONDARY ROUTE;TWO-WAY,NOT DIVIDED;SMOOTH ASPHALT;WET;DAYLIGHT;RAIN;NO CONTROL PRESENT;;;-78.7629;35.7548;;;0;0;2;;NONE;;COMING FROM BEHIND PARKED VEHICLE;;PASSENGER CAR;PASSENGER CAR;;;;NO;6960;2017-06-17;1:54:38 PM;2017-06-17T17:54:38+00:00;;2017;No;No;6;NONE;NONE,COMING FROM BEHIND PARKED VEHICLE;NONE,COMING FROM BEHIND PARKED VEHICLE;PASSENGER CAR,PASSENGER CAR;PASSENGER CAR,PASSENGER CAR;PASSENGER CAR,PASSENGER CAR;PASSENGER CAR,PASSENGER CAR
29594;200 FEET FROM WALNUT ST;ON-RAMP ENTRY;CURVE,GRADE;LOCAL STREET;ONE-WAY,NOT DIVIDED;SMOOTH ASPHALT;DRY;DAYLIGHT;CLEAR;YIELD SIGN;35.761915105;-78.74480844;-78.744155;35.760762;P083;112;0;2;2;;NONE;;NONE;;PASSENGER CAR;SPORT UTILITY;;;;NO;6968;2017-06-18;3:38:50 PM;2017-06-18T19:38:50+00:00;35.761915105, -78.74480844;2017;No;Yes;6;NONE;NONE,NONE;NONE,NONE;PASSENGER CAR,SPORT UTILITY;PASSENGER CAR,SPORT UTILITY;PASSENGER CAR,SPORT UTILITY;PASSENGER CAR,SPORT UTILITY
29600;CARY;RELATED TO INTERSECTION;STRAIGHT,GRADE;STATE SECONDARY ROUTE;TWO-WAY,NOT DIVIDED;SMOOTH ASPHALT;DRY;DAYLIGHT;CLEAR;STOP AND GO SIGNAL;35.777770756;-78.80557575;-78.783;35.8025;P008;114;0;0;;;NONE;;NONE;;SPORT UTILITY;PASSENGER CAR;;;;NO;6974;2017-06-17;12:45 PM;2017-06-17T16:45:00+00:00;35.777770756, -78.80557575;2017;No;No;6;NONE;NONE,NONE;NONE,NONE;SPORT UTILITY,PASSENGER CAR;SPORT UTILITY,PASSENGER CAR;SPORT UTILITY,PASSENGER CAR;SPORT UTILITY,PASSENGER CAR
29602;400 FEET FROM 111 BRAMPTON LN;DRIVEWAY, PUBLIC;STRAIGHT,GRADE;LOCAL STREET;TWO-WAY,NOT DIVIDED;SMOOTH ASPHALT;UNKNOWN;DARK - ROADWAY NOT LIGHTED;CLEAR;NO CONTROL PRESENT;;;-78.8167;35.7727;;;0;0;;;;;NONE;;SPORT UTILITY;PASSENGER CAR;;;;NO;6976;2017-06-18;4:02:26 PM;2017-06-18T20:02:26+00:00;;2017;No;No;6;;NONE;NONE;SPORT UTILITY,PASSENGER CAR;SPORT UTILITY,PASSENGER CAR;SPORT UTILITY,PASSENGER CAR;SPORT UTILITY,PASSENGER CAR
29619;100 FEET FROM NC 55 HWY NC 55;NO SPECIAL FEATURE;STRAIGHT,LEVEL;NC ROUTE;TWO-WAY,DIVIDED,POSITIVE MEDIAN BARRIER;SMOOTH ASPHALT;DRY;DAYLIGHT;CLEAR;NO CONTROL PRESENT;35.784132536;-78.87142733;-78.8715;35.7833;P013;117;0;0;1;;NONE;;NONE;;SPORT UTILITY;SPORT UTILITY;;;;NO;6993;2017-06-20;8:43:48 AM;2017-06-20T12:43:48+00:00;35.784132536, -78.87142733;2017;No;No;6;NONE;NONE,NONE;NONE,NONE;SPORT UTILITY,SPORT UTILITY;SPORT UTILITY,SPORT UTILITY;SPORT UTILITY,SPORT UTILITY;SPORT UTILITY,SPORT UTILITY
29624;0 FEET FROM SR 3977 (SW CARY PKWY);FOUR-WAY INTERSECTION;STRAIGHT,LEVEL;STATE SECONDARY ROUTE;TWO-WAY,DIVIDED,UNPROTECTED MEDIAN;SMOOTH ASPHALT;DRY;DAYLIGHT;CLEAR;STOP AND GO SIGNAL;;;-78.8084;35.7548;;115;0;0;;;NONE;;NONE;;PICKUP;PASSENGER CAR;;;;NO;6998;2017-06-19;7:21:59 AM;2017-06-19T11:21:59+00:00;;2017;No;No;6;NONE;NONE,NONE;NONE,NONE;PICKUP,PASSENGER CAR;PICKUP,PASSENGER CAR;PICKUP,PASSENGER CAR;PICKUP,PASSENGER CAR
29628;164 FEET FROM PVA 3655 SR 3112 (SW CARY PKWY;NO SPECIAL FEATURE;STRAIGHT,LEVEL;PUBLIC VEHICULAR AREA;TWO-WAY,NOT DIVIDED;SMOOTH ASPHALT;DRY;DAYLIGHT;CLEAR;NO CONTROL PRESENT;35.781783375;-78.83798022;-78.837621;35.781866;P018;117;0;0;;;NONE;;NONE;;PASSENGER CAR;PICKUP;;;;NO;7002;2017-06-21;4:28:29 PM;2017-06-21T20:28:29+00:00;35.781783375, -78.83798022;2017;No;No;6;NONE;NONE,NONE;NONE,NONE;PASSENGER CAR,PICKUP;PASSENGER CAR,PICKUP;PASSENGER CAR,PICKUP;PASSENGER CAR,PICKUP
29632;178 FEET FROM NC 55 HWY;NO SPECIAL FEATURE;STRAIGHT,LEVEL;NC ROUTE;TWO-WAY,DIVIDED,UNPROTECTED MEDIAN;SMOOTH ASPHALT;DRY;DAYLIGHT;CLEAR;STOP AND GO SIGNAL;;;-78.870752;35.788294;;117;0;0;;;NONE;;NONE;;SPORT UTILITY;SPORT UTILITY;;;;NO;7006;2017-06-20;2:17:26 PM;2017-06-20T18:17:26+00:00;;2017;No;No;6;NONE;NONE,NONE;NONE,NONE;SPORT UTILITY,SPORT UTILITY;SPORT UTILITY,SPORT UTILITY;SPORT UTILITY,SPORT UTILITY;SPORT UTILITY,SPORT UTILITY
29633;20 FEET FROM PVA 2741 NC 55 HWY;NO SPECIAL FEATURE;STRAIGHT,HILLCREST;PUBLIC VEHICULAR AREA;TWO-WAY,NOT DIVIDED;SMOOTH ASPHALT;DRY;DAYLIGHT;CLEAR;NO CONTROL PRESENT;;;-78.872766;35.78725;;117;0;0;;;NONE;;NONE;;SPORT UTILITY;PASSENGER CAR;;;;NO;7007;2017-06-20;2:42:39 PM;2017-06-20T18:42:39+00:00;;2017;No;No;6;NONE;NONE,NONE;NONE,NONE;SPORT UTILITY,PASSENGER CAR;SPORT UTILITY,PASSENGER CAR;SPORT UTILITY,PASSENGER CAR;SPORT UTILITY,PASSENGER CAR
29642;.5 MILES FROM NC 55 HWY;FOUR-WAY INTERSECTION;STRAIGHT,LEVEL;NC ROUTE;TWO-WAY,DIVIDED,UNPROTECTED MEDIAN;SMOOTH ASPHALT;DRY;DAYLIGHT;CLOUDY;STOP AND GO SIGNAL;35.813695663;-78.87268269;-78.873669;35.819931;P091;WAKE;0;0;;;NONE;;NONE;;SPORT UTILITY;SPORT UTILITY;;;;NO;7016;2017-06-20;8:05:04 AM;2017-06-20T12:05:04+00:00;35.813695663, -78.87268269;2017;No;No;6;NONE;NONE,NONE;NONE,NONE;SPORT UTILITY,SPORT UTILITY;SPORT UTILITY,SPORT UTILITY;SPORT UTILITY,SPORT UTILITY;SPORT UTILITY,SPORT UTILITY
29646;35 FEET FROM 3000 CAROLINA LILY ST;DRIVEWAY, PRIVATE;STRAIGHT,LEVEL;PUBLIC VEHICULAR AREA;TWO-WAY,NOT DIVIDED;SOIL;SAND, MUD, DIRT, GRAVEL;DAYLIGHT;CLOUDY;NO CONTROL PRESENT;35.832312585;-78.88467327;-78.8847;35.8316;P082;119;0;0;;;NONE;;FAILURE TO YIELD RIGHT OF WAY;LYING AND/OR ILLEGALLY IN ROADWAY;PICKUP;;;;;CONSTRUCTION WORK AREA;7020;2017-06-22;11:44 AM;2017-06-22T15:44:00+00:00;35.832312585, -78.88467327;2017;No;No;6;NONE;NONE,FAILURE TO YIELD RIGHT OF WAY;NONE,FAILURE TO YIELD RIGHT OF WAY,LYING AND/OR ILLEGALLY IN ROADWAY;PICKUP;PICKUP;PICKUP;PICKUP
29647;35 FEET FROM [SR1625]OKELLY CHAPEL RD;NO SPECIAL FEATURE;STRAIGHT,BOTTOM (SAG);LOCAL STREET;TWO-WAY,NOT DIVIDED;SMOOTH ASPHALT;DRY;DAYLIGHT;CLOUDY;STOP AND GO SIGNAL;;;-78.8895;35.8462;;;0;0;;;NONE;;NONE;;PASSENGER CAR;;;;;CONSTRUCTION WORK AREA;7021;2017-06-22;1:26:31 PM;2017-06-22T17:26:31+00:00;;2017;No;No;6;NONE;NONE,NONE;NONE,NONE;PASSENGER CAR;PASSENGER CAR;PASSENGER CAR;PASSENGER CAR
29651;100 FEET FROM MEETING ST;FOUR-WAY INTERSECTION;STRAIGHT,LEVEL;LOCAL STREET;TWO-WAY,NOT DIVIDED;SMOOTH ASPHALT;DRY;DAYLIGHT;CLEAR;STOP AND GO SIGNAL;35.759565051;-78.74137444;-78.7421;35.7593;P120;118;0;0;;;NONE;;NONE;;SPORT UTILITY;PASSENGER CAR;;;;NO;7025;2017-06-20;1:09:10 PM;2017-06-20T17:09:10+00:00;35.759565051, -78.74137444;2017;No;No;6;NONE;NONE,NONE;NONE,NONE;SPORT UTILITY,PASSENGER CAR;SPORT UTILITY,PASSENGER CAR;SPORT UTILITY,PASSENGER CAR;SPORT UTILITY,PASSENGER CAR
29653;60 FEET FROM P.V.A. (JAMIE COURT);DRIVEWAY, PUBLIC;STRAIGHT,GRADE;PUBLIC VEHICULAR AREA;TWO-WAY,NOT DIVIDED;SMOOTH ASPHALT;WET;UNKNOWN;CLOUDY;NO CONTROL PRESENT;;;-78.74;35.76;;112;0;0;;;NONE;;NONE;;UNKNOWN;PASSENGER CAR;;;;NO;7027;2017-06-23;8:44:31 AM;2017-06-23T12:44:31+00:00;;2017;No;No;6;NONE;NONE,NONE;NONE,NONE;UNKNOWN,PASSENGER CAR;UNKNOWN,PASSENGER CAR;UNKNOWN,PASSENGER CAR;UNKNOWN,PASSENGER CAR
29657;CARY;NO SPECIAL FEATURE;STRAIGHT,LEVEL;PUBLIC VEHICULAR AREA;TWO-WAY,NOT DIVIDED;SMOOTH ASPHALT;DRY;DARK - LIGHTED ROADWAY;CLEAR;NO CONTROL PRESENT;35.735476044;-78.77657726;-78.7775;35.7357;P047;118;0;0;;;NONE;;NONE;;PASSENGER CAR;PASSENGER CAR;;;;NO;7031;2017-06-22;2:35:16 PM;2017-06-22T18:35:16+00:00;35.735476044, -78.77657726;2017;No;No;6;NONE;NONE,NONE;NONE,NONE;PASSENGER CAR,PASSENGER CAR;PASSENGER CAR,PASSENGER CAR;PASSENGER CAR,PASSENGER CAR;PASSENGER CAR,PASSENGER CAR
29664;CARY;NO SPECIAL FEATURE;STRAIGHT,LEVEL;STATE SECONDARY ROUTE;TWO-WAY,DIVIDED,POSITIVE MEDIAN BARRIER;SMOOTH ASPHALT;DRY;DAYLIGHT;CLEAR;STOP AND GO SIGNAL;35.803343008;-78.84860284;-78.848657;35.80325;P078;121;0;0;;;NONE;;NONE;;VAN;;;;;NO;7038;2017-06-25;9:00:45 AM;2017-06-25T13:00:45+00:00;35.803343008, -78.84860284;2017;No;No;6;NONE;NONE,NONE;NONE,NONE;VAN;VAN;VAN;VAN
29665;200 FEET FROM P.V.A. (2851 JONES FRANKLIN RD;NO SPECIAL FEATURE;STRAIGHT,GRADE;PUBLIC VEHICULAR AREA;TWO-WAY,NOT DIVIDED;SMOOTH ASPHALT;DRY;DAYLIGHT;CLEAR;NO CONTROL PRESENT;;;-78.7369;35.7428;;;0;0;;;NONE;;NONE;;UNKNOWN;SPORT UTILITY;;;;NO;7039;2017-06-25;4:29:30 PM;2017-06-25T20:29:30+00:00;;2017;No;No;6;NONE;NONE,NONE;NONE,NONE;UNKNOWN,SPORT UTILITY;UNKNOWN,SPORT UTILITY;UNKNOWN,SPORT UTILITY;UNKNOWN,SPORT UTILITY
29666;CARY;T-INTERSECTION;STRAIGHT,LEVEL;STATE SECONDARY ROUTE;TWO-WAY,DIVIDED,UNPROTECTED MEDIAN;SMOOTH ASPHALT;WET;DAYLIGHT;CLOUDY;STOP AND GO SIGNAL;35.763217508;-78.74654787;-78.7458;35.7634;P083;112;0;0;;;NONE;;NONE;;PASSENGER CAR;PASSENGER CAR;;;;NO;7040;2017-06-22;4:23:38 PM;2017-06-22T20:23:38+00:00;35.763217508, -78.74654787;2017;No;No;6;NONE;NONE,NONE;NONE,NONE;PASSENGER CAR,PASSENGER CAR;PASSENGER CAR,PASSENGER CAR;PASSENGER CAR,PASSENGER CAR;PASSENGER CAR,PASSENGER CAR
29671;.02 MILES FROM PVA OF 1700 REGENCY PKWY;NO SPECIAL FEATURE;STRAIGHT,GRADE;PUBLIC VEHICULAR AREA;TWO-WAY,NOT DIVIDED;SMOOTH ASPHALT;DRY;DAYLIGHT;CLEAR;NO CONTROL PRESENT;35.733572561;-78.78746615;-78.7876;35.7342;P053;116;0;0;;;NONE;;NONE;;POLICE;PASSENGER CAR;;;;NO;7045;2017-06-23;5:41:58 PM;2017-06-23T21:41:58+00:00;35.733572561, -78.78746615;2017;No;No;6;NONE;NONE,NONE;NONE,NONE;POLICE,PASSENGER CAR;POLICE,PASSENGER CAR;POLICE,PASSENGER CAR;POLICE,PASSENGER CAR
29694;10 FEET FROM SR 1387 (WEST LAKE RD);NO SPECIAL FEATURE;STRAIGHT,LEVEL;STATE SECONDARY ROUTE;TWO-WAY,NOT DIVIDED;COARSE ASPHALT;WET;DAWN;RAIN;HUMAN CONTROL;35.66099424;-78.7586699;-78.758804;35.661066;P051;116;0;0;;1;NONE;;NONE;;SPORT UTILITY;;;;;NO;7068;2017-06-21;8:22:04 AM;2017-06-21T12:22:04+00:00;35.66099424, -78.7586699;2017;No;No;6;NONE;NONE,NONE;NONE,NONE;SPORT UTILITY;SPORT UTILITY;SPORT UTILITY;SPORT UTILITY
29699;300 FEET FROM P.V.A. (2346 WALNUT ST);FOUR-WAY INTERSECTION;STRAIGHT,LEVEL;PUBLIC VEHICULAR AREA;TWO-WAY,NOT DIVIDED;SMOOTH ASPHALT;DRY;DAYLIGHT;CLEAR;STOP SIGN;;;-78.7428;35.7531;;;0;0;;;NONE;;NONE;;PICKUP;PASSENGER CAR;;;;NO;7073;2017-06-25;1:33:18 PM;2017-06-25T17:33:18+00:00;;2017;No;No;6;NONE;NONE,NONE;NONE,NONE;PICKUP,PASSENGER CAR;PICKUP,PASSENGER CAR;PICKUP,PASSENGER CAR;PICKUP,PASSENGER CAR
29707;0 FEET FROM SR-1617 (E. DURHAM RD);FOUR-WAY INTERSECTION;STRAIGHT,LEVEL;LOCAL STREET;TWO-WAY,DIVIDED,UNPROTECTED MEDIAN;SMOOTH ASPHALT;DRY;DAYLIGHT;CLEAR;STOP SIGN;35.790638213;-78.77651761;-78.7766;35.7904;P060;113;0;2;1;;NONE;;NONE;;PASSENGER CAR;PASSENGER CAR;;;;NO;7081;2017-06-26;7:31:52 PM;2017-06-26T23:31:52+00:00;35.790638213, -78.77651761;2017;No;Yes;6;NONE;NONE,NONE;NONE,NONE;PASSENGER CAR,PASSENGER CAR;PASSENGER CAR,PASSENGER CAR;PASSENGER CAR,PASSENGER CAR;PASSENGER CAR,PASSENGER CAR
29709;.1 MILES FROM SR-1652 (N HARRISON AV);NO SPECIAL FEATURE;STRAIGHT,LEVEL;STATE SECONDARY ROUTE;TWO-WAY,NOT DIVIDED;SMOOTH ASPHALT;DRY;DAYLIGHT;CLEAR;NO CONTROL PRESENT;35.829708141;-78.7685142;-78.7701;35.8286;P029;111;0;0;3;;NONE;;NONE;;PASSENGER CAR;;;;;NO;7083;2017-06-26;5:09:34 PM;2017-06-26T21:09:34+00:00;35.829708141, -78.7685142;2017;No;No;6;NONE;NONE,NONE;NONE,NONE;PASSENGER CAR;PASSENGER CAR;PASSENGER CAR;PASSENGER CAR