tamainid;location_description;rdfeature;rdcharacter;rdclass;rdconfigur;rdsurface;rdcondition;lightcond;weather;trafcontrl;lat;lon;lon2;lat2;tract;zone;fatality;possblinj;numpassengers;numpedestrians;contrcir1_desc;contrcir2_desc;contrcir3_desc;contrcir4_desc;vehicle1;vehicle2;vehicle3;vehicle4;vehicle5;workarea;records;ta_date;ta_time;crash_date;geo_location;year;fatalities;injuries;month;contrfact1;contrfact2;contributing_factor;vehicleconcat1;vehicleconcat2;vehicleconcat3;vehicle_type
29920;200 FEET FROM PVA 131 COLUMBUS AV;NO SPECIAL FEATURE;STRAIGHT,LEVEL;PUBLIC VEHICULAR AREA;TWO-WAY,NOT DIVIDED;SMOOTH ASPHALT;DRY;DAYLIGHT;CLEAR;NO CONTROL PRESENT;;;-78.7368;35.7567;;;0;0;;;;;NONE;;PASSENGER CAR;SPORT UTILITY;;;;NO;7294;2017-07-17;1:44:09 PM;2017-07-17T17:44:09+00:00;;2017;No;No;7;;NONE;NONE;PASSENGER CAR,SPORT UTILITY;PASSENGER CAR,SPORT UTILITY;PASSENGER CAR,SPORT UTILITY;PASSENGER CAR,SPORT UTILITY
29926;50 FEET FROM HWY 54 (CHAPEL HILL RD);NO SPECIAL FEATURE;STRAIGHT,LEVEL;STATE SECONDARY ROUTE;TWO-WAY,NOT DIVIDED;SMOOTH ASPHALT;DRY;DAYLIGHT;CLEAR;NO CONTROL PRESENT;;;-78.7821;35.7917;;;0;0;;;NONE;;NONE;;PASSENGER CAR;PASSENGER CAR;PASSENGER CAR;;;NO;7300;2017-07-17;4:59:53 PM;2017-07-17T20:59:53+00:00;;2017;No;No;7;NONE;NONE,NONE;NONE,NONE;PASSENGER CAR,PASSENGER CAR;PASSENGER CAR,PASSENGER CAR,PASSENGER CAR;PASSENGER CAR,PASSENGER CAR,PASSENGER CAR;PASSENGER CAR,PASSENGER CAR,PASSENGER CAR
29930;50 FEET FROM PVA 973 N HARRISON AVE;NO SPECIAL FEATURE;STRAIGHT,LEVEL;PUBLIC VEHICULAR AREA;TWO-WAY,NOT DIVIDED;SMOOTH ASPHALT;DRY;DAYLIGHT;CLOUDY;NO CONTROL PRESENT;;;-78.4704;35.4807;;;0;0;;;NONE;;NONE;;VAN;PASSENGER CAR;;;;NO;7304;2017-07-17;5:39:32 PM;2017-07-17T21:39:32+00:00;;2017;No;No;7;NONE;NONE,NONE;NONE,NONE;VAN,PASSENGER CAR;VAN,PASSENGER CAR;VAN,PASSENGER CAR;VAN,PASSENGER CAR
29931;CARY;FOUR-WAY INTERSECTION;STRAIGHT,LEVEL;STATE SECONDARY ROUTE;TWO-WAY,DIVIDED,UNPROTECTED MEDIAN;SMOOTH ASPHALT;DRY;DAYLIGHT;CLOUDY;STOP AND GO SIGNAL;;;-78.864;35.8242;;;0;0;2;;NONE;;NONE;;PASSENGER CAR;PASSENGER CAR;;;;NO;7305;2017-07-18;1:20:17 PM;2017-07-18T17:20:17+00:00;;2017;No;No;7;NONE;NONE,NONE;NONE,NONE;PASSENGER CAR,PASSENGER CAR;PASSENGER CAR,PASSENGER CAR;PASSENGER CAR,PASSENGER CAR;PASSENGER CAR,PASSENGER CAR
29937;10 FEET FROM PVA 2010 KILDAIRE FARM RD;NO SPECIAL FEATURE;CURVE,HILLCREST;PUBLIC VEHICULAR AREA;ONE-WAY,NOT DIVIDED;SMOOTH ASPHALT;DRY;DAYLIGHT;CLEAR;NO CONTROL PRESENT;;;-78.781696;35.735289;;;0;0;;;NONE;;NONE;;PASSENGER CAR;SPORT UTILITY;;;;NO;7311;2017-07-07;1:30:11 PM;2017-07-07T17:30:11+00:00;;2017;No;No;7;NONE;NONE,NONE;NONE,NONE;PASSENGER CAR,SPORT UTILITY;PASSENGER CAR,SPORT UTILITY;PASSENGER CAR,SPORT UTILITY;PASSENGER CAR,SPORT UTILITY
29938;10 FEET FROM PVA OF 600 AUTO PARK BLVD;NO SPECIAL FEATURE;STRAIGHT,LEVEL;PUBLIC VEHICULAR AREA;TWO-WAY,NOT DIVIDED;SMOOTH ASPHALT;DRY;DAYLIGHT;CLOUDY;NO CONTROL PRESENT;35.75015255;-78.75261225;-78.8154;35.7404;P004;118;0;0;;;NONE;;NONE;;PICKUP;SPORT UTILITY;;;;NO;7312;2017-07-18;11:39 AM;2017-07-18T15:39:00+00:00;35.75015255, -78.75261225;2017;No;No;7;NONE;NONE,NONE;NONE,NONE;PICKUP,SPORT UTILITY;PICKUP,SPORT UTILITY;PICKUP,SPORT UTILITY;PICKUP,SPORT UTILITY
29946;0 FEET FROM SR 1615 (GREEN LEVEL WEST RD);FOUR-WAY INTERSECTION;STRAIGHT,LEVEL;STATE SECONDARY ROUTE;TWO-WAY,NOT DIVIDED;SMOOTH ASPHALT;DRY;DAYLIGHT;CLEAR;STOP SIGN;35.787424791;-78.87287028;-78.8726;35.7875;P118;117;0;1;;;NONE;;NONE;;PASSENGER CAR;PASSENGER CAR;;;;NO;7320;2017-07-07;5:25:43 PM;2017-07-07T21:25:43+00:00;35.787424791, -78.87287028;2017;No;Yes;7;NONE;NONE,NONE;NONE,NONE;PASSENGER CAR,PASSENGER CAR;PASSENGER CAR,PASSENGER CAR;PASSENGER CAR,PASSENGER CAR;PASSENGER CAR,PASSENGER CAR
29950;400 FEET FROM 1214 PARKSIDE MAIN ST;DRIVEWAY, PUBLIC;STRAIGHT,LEVEL;PUBLIC VEHICULAR AREA;TWO-WAY,NOT DIVIDED;COARSE ASPHALT;DRY;DAYLIGHT;CLEAR;NO CONTROL PRESENT;35.849427765;-78.89159287;-78.89;35.84;P124;119;0;0;;;NONE;;NONE;;PASSENGER CAR;SPORT UTILITY;;;;NO;7324;2017-07-14;6:45:11 PM;2017-07-14T22:45:11+00:00;35.849427765, -78.89159287;2017;No;No;7;NONE;NONE,NONE;NONE,NONE;PASSENGER CAR,SPORT UTILITY;PASSENGER CAR,SPORT UTILITY;PASSENGER CAR,SPORT UTILITY;PASSENGER CAR,SPORT UTILITY
29951;400 FEET FROM 3435 KILDAIRE FARM RD (PVA);NO SPECIAL FEATURE;STRAIGHT,LEVEL;PUBLIC VEHICULAR AREA;ONE-WAY,NOT DIVIDED;SMOOTH ASPHALT;DRY;DAYLIGHT;CLEAR;NO CONTROL PRESENT;35.704282395;-78.79453147;-78.79402;35.705704;P052;116;0;0;;;NONE;;NONE;;PASSENGER CAR;VAN;;;;NO;7325;2017-07-18;12:01 PM;2017-07-18T16:01:00+00:00;35.704282395, -78.79453147;2017;No;No;7;NONE;NONE,NONE;NONE,NONE;PASSENGER CAR,VAN;PASSENGER CAR,VAN;PASSENGER CAR,VAN;PASSENGER CAR,VAN
29952;250 FEET FROM SR 1313 (WALNUT ST);T-INTERSECTION;STRAIGHT,LEVEL;STATE SECONDARY ROUTE;TWO-WAY,DIVIDED,UNPROTECTED MEDIAN;SMOOTH ASPHALT;DRY;DAYLIGHT;CLOUDY;STOP AND GO SIGNAL;;;-78.7456;35.7628;;;0;0;;;NONE;;NONE;;VAN;SPORT UTILITY;;;;NO;7326;2017-07-18;2:15:11 PM;2017-07-18T18:15:11+00:00;;2017;No;No;7;NONE;NONE,NONE;NONE,NONE;VAN,SPORT UTILITY;VAN,SPORT UTILITY;VAN,SPORT UTILITY;VAN,SPORT UTILITY
29956;161 FEET FROM NC 55 HWY;NO SPECIAL FEATURE;STRAIGHT,LEVEL;NC ROUTE;TWO-WAY,DIVIDED,UNPROTECTED MEDIAN;SMOOTH ASPHALT;DRY;DAYLIGHT;CLEAR;STOP AND GO SIGNAL;;;-78.89128;35.84623;;119;0;0;;;NONE;;NONE;;PASSENGER CAR;LIGHT TRUCK (MINI-VAN- PANEL);;;;NO;7330;2017-07-18;12:26 PM;2017-07-18T16:26:00+00:00;;2017;No;No;7;NONE;NONE,NONE;NONE,NONE;PASSENGER CAR,LIGHT TRUCK (MINI-VAN- PANEL);PASSENGER CAR,LIGHT TRUCK (MINI-VAN- PANEL);PASSENGER CAR,LIGHT TRUCK (MINI-VAN- PANEL);PASSENGER CAR,LIGHT TRUCK (MINI-VAN- PANEL)
29974;10 FEET FROM SR1011 (E. CHATHAM ST);NO SPECIAL FEATURE;STRAIGHT,GRADE;STATE SECONDARY ROUTE;TWO-WAY,NOT DIVIDED;SMOOTH ASPHALT;DRY;DAYLIGHT;CLEAR;NO CONTROL PRESENT;;;-78.7783;35.7876;;;0;0;;;NONE;;NONE;;SPORT UTILITY;PICKUP;;;;NO;7348;2017-07-21;12:22 PM;2017-07-21T16:22:00+00:00;;2017;No;No;7;NONE;NONE,NONE;NONE,NONE;SPORT UTILITY,PICKUP;SPORT UTILITY,PICKUP;SPORT UTILITY,PICKUP;SPORT UTILITY,PICKUP
29976;200 FEET FROM PVA (322 CROSSROADS BLVD);DRIVEWAY, PUBLIC;STRAIGHT,LEVEL;PUBLIC VEHICULAR AREA;TWO-WAY,NOT DIVIDED;SMOOTH ASPHALT;DRY;DAYLIGHT;CLEAR;NO CONTROL PRESENT;;;-78.738475;35.759858;;;0;0;;;;;NONE;;PASSENGER CAR;PASSENGER CAR;;;;NO;7350;2017-07-21;3:42:33 PM;2017-07-21T19:42:33+00:00;;2017;No;No;7;;NONE;NONE;PASSENGER CAR,PASSENGER CAR;PASSENGER CAR,PASSENGER CAR;PASSENGER CAR,PASSENGER CAR;PASSENGER CAR,PASSENGER CAR
29978;.142 MILES FROM PVA 2080 KILDAIRE FARM RD;DRIVEWAY, PUBLIC;STRAIGHT,LEVEL;PUBLIC VEHICULAR AREA;TWO-WAY,NOT DIVIDED;SMOOTH ASPHALT;DRY;DAYLIGHT;CLEAR;NO CONTROL PRESENT;;;-78.78078;35.735837;;;0;0;;;NONE;;NONE;;SPORT UTILITY;PASSENGER CAR;;;;NO;7352;2017-07-23;2:45:20 PM;2017-07-23T18:45:20+00:00;;2017;No;No;7;NONE;NONE,NONE;NONE,NONE;SPORT UTILITY,PASSENGER CAR;SPORT UTILITY,PASSENGER CAR;SPORT UTILITY,PASSENGER CAR;SPORT UTILITY,PASSENGER CAR
29980;CARY;FOUR-WAY INTERSECTION;STRAIGHT,LEVEL;STATE SECONDARY ROUTE;TWO-WAY,NOT DIVIDED;SMOOTH ASPHALT;DRY;DAYLIGHT;CLEAR;STOP AND GO SIGNAL;;;-78.902473;35.818798;;;0;0;1;;NONE;;NONE;;PICKUP;PASSENGER CAR;;;;NO;7354;2017-07-23;1:09:27 AM;2017-07-23T05:09:27+00:00;;2017;No;No;7;NONE;NONE,NONE;NONE,NONE;PICKUP,PASSENGER CAR;PICKUP,PASSENGER CAR;PICKUP,PASSENGER CAR;PICKUP,PASSENGER CAR
29981;.1 MILES FROM WINSTON HILL DR;NO SPECIAL FEATURE;STRAIGHT,LEVEL;LOCAL STREET;TWO-WAY,NOT DIVIDED;SMOOTH ASPHALT;DRY;DAYLIGHT;CLEAR;NO CONTROL PRESENT;35.789981848;-78.84634507;-78.8462;35.7886;P018;117;0;0;;;NONE;;NONE;;SINGLE UNIT TRUCK (3 OR MORE AXLES);;;;;NO;7355;2017-07-21;10:59 AM;2017-07-21T14:59:00+00:00;35.789981848, -78.84634507;2017;No;No;7;NONE;NONE,NONE;NONE,NONE;SINGLE UNIT TRUCK (3 OR MORE AXLES);SINGLE UNIT TRUCK (3 OR MORE AXLES);SINGLE UNIT TRUCK (3 OR MORE AXLES);SINGLE UNIT TRUCK (3 OR MORE AXLES)
29990;440 FEET FROM P.V.A. (128 QUADE DR);NO SPECIAL FEATURE;STRAIGHT,GRADE;PUBLIC VEHICULAR AREA;TWO-WAY,NOT DIVIDED;SMOOTH ASPHALT;DRY;DAYLIGHT;CLEAR;NO CONTROL PRESENT;;;-78.8038;35.8175;;;0;0;;;NONE;;NONE;;PASSENGER CAR;PASSENGER CAR;;;;NO;7364;2017-07-21;4:05:06 PM;2017-07-21T20:05:06+00:00;;2017;No;No;7;NONE;NONE,NONE;NONE,NONE;PASSENGER CAR,PASSENGER CAR;PASSENGER CAR,PASSENGER CAR;PASSENGER CAR,PASSENGER CAR;PASSENGER CAR,PASSENGER CAR
29994;400 FEET FROM 7157 OKELLY CHAPEL RD;DRIVEWAY, PUBLIC;STRAIGHT,LEVEL;PUBLIC VEHICULAR AREA;TWO-WAY,NOT DIVIDED;COARSE ASPHALT;DRY;DAYLIGHT;CLEAR;NO CONTROL PRESENT;;;-78.88;35.84;;;0;0;;;NONE;;NONE;;;PASSENGER CAR;;;;NO;7368;2017-07-18;1:40:29 PM;2017-07-18T17:40:29+00:00;;2017;No;No;7;NONE;NONE,NONE;NONE,NONE;PASSENGER CAR;PASSENGER CAR;PASSENGER CAR;PASSENGER CAR
29997;.301 MILES FROM SR#1315 (BUCK JONES RD);NO SPECIAL FEATURE;STRAIGHT,LEVEL;STATE SECONDARY ROUTE;TWO-WAY,DIVIDED,UNPROTECTED MEDIAN;SMOOTH ASPHALT;DRY;DAYLIGHT;CLOUDY;NO CONTROL PRESENT;;;-78.745177;35.763192;;;0;1;1;;NONE;;NONE;;PASSENGER CAR;PASSENGER CAR;;;;NO;7371;2017-07-23;4:39:41 PM;2017-07-23T20:39:41+00:00;;2017;No;Yes;7;NONE;NONE,NONE;NONE,NONE;PASSENGER CAR,PASSENGER CAR;PASSENGER CAR,PASSENGER CAR;PASSENGER CAR,PASSENGER CAR;PASSENGER CAR,PASSENGER CAR
29998;75 FEET FROM TASSLE BRANCH WAY (PVA);NO SPECIAL FEATURE;STRAIGHT,LEVEL;PUBLIC VEHICULAR AREA;TWO-WAY,NOT DIVIDED;SMOOTH ASPHALT;DRY;UNKNOWN;CLEAR;NO CONTROL PRESENT;35.794587771;-78.78617235;-78.7861;35.7943;P025;111;0;0;;;;;NONE;;PICKUP;UNKNOWN;;;;NO;7372;2017-07-23;3:47:55 PM;2017-07-23T19:47:55+00:00;35.794587771, -78.78617235;2017;No;No;7;;NONE;NONE;PICKUP,UNKNOWN;PICKUP,UNKNOWN;PICKUP,UNKNOWN;PICKUP,UNKNOWN
30004;10 FEET FROM SR#1349 (DILLARD DR);NO SPECIAL FEATURE;STRAIGHT,LEVEL;STATE SECONDARY ROUTE;TWO-WAY,NOT DIVIDED;SMOOTH ASPHALT;DRY;DAYLIGHT;CLOUDY;NO CONTROL PRESENT;;;-78.741778;35.755836;;;0;1;;;NONE;;NONE;;SPORT UTILITY;;;;;NO;7378;2017-07-24;12:09 PM;2017-07-24T16:09:00+00:00;;2017;No;Yes;7;NONE;NONE,NONE;NONE,NONE;SPORT UTILITY;SPORT UTILITY;SPORT UTILITY;SPORT UTILITY
30005;50 FEET FROM NC 55 HWY;NO SPECIAL FEATURE;STRAIGHT,LEVEL;NC ROUTE;TWO-WAY,DIVIDED,UNPROTECTED MEDIAN;SMOOTH ASPHALT;DRY;DAYLIGHT;CLEAR;NO CONTROL PRESENT;35.835344567;-78.88200703;-78.8821;35.8359;P124;119;0;0;;;NONE;;NONE;;PASSENGER CAR;PASSENGER CAR;;;;NO;7379;2017-07-24;3:13:44 PM;2017-07-24T19:13:44+00:00;35.835344567, -78.88200703;2017;No;No;7;NONE;NONE,NONE;NONE,NONE;PASSENGER CAR,PASSENGER CAR;PASSENGER CAR,PASSENGER CAR;PASSENGER CAR,PASSENGER CAR;PASSENGER CAR,PASSENGER CAR
30007;CARY;;;;;;;;;;;;;;;;0;0;;;;;;;;;;;;;7381;2017-03-06;6:07:13 PM;2017-03-06T23:07:13+00:00;;2017;No;No;3;;;;;;;
30008;40 FEET FROM 998 HIGH HOUSE RD;DRIVEWAY, PUBLIC;STRAIGHT,LEVEL;PUBLIC VEHICULAR AREA;TWO-WAY,NOT DIVIDED;SMOOTH ASPHALT;DRY;DAYLIGHT;CLEAR;NO CONTROL PRESENT;35.789054218;-78.82890126;-78.8281;35.7889;P067;121;0;0;;;NONE;;NONE;;UNKNOWN;SPORT UTILITY;;;;NO;7382;2017-07-24;3:29:57 PM;2017-07-24T19:29:57+00:00;35.789054218, -78.82890126;2017;No;No;7;NONE;NONE,NONE;NONE,NONE;UNKNOWN,SPORT UTILITY;UNKNOWN,SPORT UTILITY;UNKNOWN,SPORT UTILITY;UNKNOWN,SPORT UTILITY
30020;.1 MILES FROM SR 3112 (NW CARY PKY);NO SPECIAL FEATURE;CURVE,GRADE;STATE SECONDARY ROUTE;TWO-WAY,DIVIDED,UNPROTECTED MEDIAN;SMOOTH ASPHALT;DRY;DAYLIGHT;CLEAR;NO CONTROL PRESENT;;;-78.8169;35.8009;;;0;0;;;NONE;;NONE;;PICKUP;PASSENGER CAR;;;;NO;7394;2017-07-25;11:46 AM;2017-07-25T15:46:00+00:00;;2017;No;No;7;NONE;NONE,NONE;NONE,NONE;PICKUP,PASSENGER CAR;PICKUP,PASSENGER CAR;PICKUP,PASSENGER CAR;PICKUP,PASSENGER CAR
30035;300 FEET FROM REGENCY PKWY;NO SPECIAL FEATURE;STRAIGHT,LEVEL;LOCAL STREET;TWO-WAY,DIVIDED,UNPROTECTED MEDIAN;SMOOTH ASPHALT;DRY;DAYLIGHT;CLEAR;NO CONTROL PRESENT;35.732034382;-78.78973236;-78.789896;35.733689;P053;116;0;0;1;;;;NONE;;PICKUP;SPORT UTILITY;;;;NO;7409;2017-07-26;7:19:59 PM;2017-07-26T23:19:59+00:00;35.732034382, -78.78973236;2017;No;No;7;;NONE;NONE;PICKUP,SPORT UTILITY;PICKUP,SPORT UTILITY;PICKUP,SPORT UTILITY;PICKUP,SPORT UTILITY
30057;300 FEET FROM PVA OF 2004 BOULDERSTONE WAY;NO SPECIAL FEATURE;STRAIGHT,LEVEL;PUBLIC VEHICULAR AREA;TWO-WAY,NOT DIVIDED;SMOOTH ASPHALT;DRY;DAYLIGHT;CLEAR;NO CONTROL PRESENT;35.791726177;-78.84753962;-78.8486;35.7911;P017;121;0;0;1;;NONE;;NONE;;PASSENGER CAR;PICKUP;;;;NO;7431;2017-07-26;2:32:14 PM;2017-07-26T18:32:14+00:00;35.791726177, -78.84753962;2017;No;No;7;NONE;NONE,NONE;NONE,NONE;PASSENGER CAR,PICKUP;PASSENGER CAR,PICKUP;PASSENGER CAR,PICKUP;PASSENGER CAR,PICKUP
30075;40 FEET FROM 748 E CHATHAM ST;DRIVEWAY, PUBLIC;STRAIGHT,LEVEL;PUBLIC VEHICULAR AREA;TWO-WAY,NOT DIVIDED;COARSE ASPHALT;DRY;DAYLIGHT;CLOUDY;NO CONTROL PRESENT;35.787286458;-78.78121281;-78.7656;35.7916;P125;120;0;0;1;;NONE;;NONE;;PASSENGER CAR;LIGHT TRUCK (MINI-VAN- PANEL);;;;NO;7449;2017-07-30;2:10:07 PM;2017-07-30T18:10:07+00:00;35.787286458, -78.78121281;2017;No;No;7;NONE;NONE,NONE;NONE,NONE;PASSENGER CAR,LIGHT TRUCK (MINI-VAN- PANEL);PASSENGER CAR,LIGHT TRUCK (MINI-VAN- PANEL);PASSENGER CAR,LIGHT TRUCK (MINI-VAN- PANEL);PASSENGER CAR,LIGHT TRUCK (MINI-VAN- PANEL)
30090;300 FEET FROM PVA OF 1710 PINEY PLAINS RD;NO SPECIAL FEATURE;STRAIGHT,LEVEL;PUBLIC VEHICULAR AREA;TWO-WAY,NOT DIVIDED;COARSE ASPHALT;DRY;DAYLIGHT;CLEAR;NO CONTROL PRESENT;;;-78.7493;35.7578;;;0;0;;;;;NONE;;PASSENGER CAR;PASSENGER CAR;;;;NO;7464;2017-08-01;7:34:48 AM;2017-08-01T11:34:48+00:00;;2017;No;No;8;;NONE;NONE;PASSENGER CAR,PASSENGER CAR;PASSENGER CAR,PASSENGER CAR;PASSENGER CAR,PASSENGER CAR;PASSENGER CAR,PASSENGER CAR
30093;250 FEET FROM EDERLEE DR;NO SPECIAL FEATURE;CURVE,LEVEL;LOCAL STREET;TWO-WAY,DIVIDED,UNPROTECTED MEDIAN;SMOOTH ASPHALT;DRY;DARK - LIGHTED ROADWAY;CLEAR;NO CONTROL PRESENT;35.724031266;-78.79452895;-78.7983;35.7235;P054;116;0;0;;;NONE;;NONE;;SPORT UTILITY;;;;;NO;7467;2017-08-02;1:31:49 AM;2017-08-02T05:31:49+00:00;35.724031266, -78.79452895;2017;No;No;8;NONE;NONE,NONE;NONE,NONE;SPORT UTILITY;SPORT UTILITY;SPORT UTILITY;SPORT UTILITY
30097;.5 MILES FROM US 1;NO SPECIAL FEATURE;STRAIGHT,LEVEL;US ROUTE;TWO-WAY,DIVIDED,POSITIVE MEDIAN BARRIER;SMOOTH ASPHALT;DRY;DAYLIGHT;CLEAR;NO CONTROL PRESENT;;;-78.778987;35.744649;;;0;0;1;;NONE;;NONE;;PASSENGER CAR;PICKUP;;;;NO;7471;2017-07-07;2:12:37 PM;2017-07-07T18:12:37+00:00;;2017;No;No;7;NONE;NONE,NONE;NONE,NONE;PASSENGER CAR,PICKUP;PASSENGER CAR,PICKUP;PASSENGER CAR,PICKUP;PASSENGER CAR,PICKUP
30101;.18 MILES FROM YATES STORE RD 1626;NO SPECIAL FEATURE;;STATE SECONDARY ROUTE;;SMOOTH ASPHALT;DRY;DAYLIGHT;CLEAR;NO CONTROL PRESENT;35.835963495;-78.912025;-78.913037;35.833285;P076;119;0;0;;;NONE;;NONE;;PASSENGER CAR;;;;;NO;7475;2017-08-02;9:11:59 AM;2017-08-02T13:11:59+00:00;35.835963495, -78.912025;2017;No;No;8;NONE;NONE,NONE;NONE,NONE;PASSENGER CAR;PASSENGER CAR;PASSENGER CAR;PASSENGER CAR
30113;CARY;FOUR-WAY INTERSECTION;STRAIGHT,LEVEL;STATE SECONDARY ROUTE;TWO-WAY,NOT DIVIDED;SMOOTH ASPHALT;DRY;DARK - LIGHTED ROADWAY;CLEAR;STOP AND GO SIGNAL;;;-78.821;35.762;;;0;1;2;;NONE;;NONE;;SPORT UTILITY;SPORT UTILITY;;;;NO;7487;2017-08-01;8:41:35 PM;2017-08-02T00:41:35+00:00;;2017;No;Yes;8;NONE;NONE,NONE;NONE,NONE;SPORT UTILITY,SPORT UTILITY;SPORT UTILITY,SPORT UTILITY;SPORT UTILITY,SPORT UTILITY;SPORT UTILITY,SPORT UTILITY
30124;CARY;T-INTERSECTION;STRAIGHT,LEVEL;STATE SECONDARY ROUTE;TWO-WAY,DIVIDED,UNPROTECTED MEDIAN;SMOOTH ASPHALT;DRY;DAYLIGHT;CLEAR;STOP AND GO SIGNAL;;;-78.785236;35.771221;;;0;0;;;NONE;;NONE;;PASSENGER CAR;PICKUP;;;;NO;7497;2017-08-02;6:49:24 PM;2017-08-02T22:49:24+00:00;;2017;No;No;8;NONE;NONE,NONE;NONE,NONE;PASSENGER CAR,PICKUP;PASSENGER CAR,PICKUP;PASSENGER CAR,PICKUP;PASSENGER CAR,PICKUP
30128;20 FEET FROM HOSPICE CIR;T-INTERSECTION;STRAIGHT,LEVEL;LOCAL STREET;TWO-WAY,NOT DIVIDED;SMOOTH ASPHALT;DRY;DAYLIGHT;CLEAR;NO CONTROL PRESENT;;;-78.7418;35.8066;;;0;0;;;NONE;;NONE;;SPORT UTILITY;PASSENGER CAR;;;;NO;7501;2017-08-03;1:51:44 PM;2017-08-03T17:51:44+00:00;;2017;No;No;8;NONE;NONE,NONE;NONE,NONE;SPORT UTILITY,PASSENGER CAR;SPORT UTILITY,PASSENGER CAR;SPORT UTILITY,PASSENGER CAR;SPORT UTILITY,PASSENGER CAR
30135;CARY;FOUR-WAY INTERSECTION;STRAIGHT,LEVEL;LOCAL STREET;TWO-WAY,DIVIDED,UNPROTECTED MEDIAN;SMOOTH ASPHALT;DRY;DAYLIGHT;CLEAR;STOP AND GO SIGNAL;;;-78.7765;35.7292;;118;0;1;;1;FAILURE TO YIELD RIGHT OF WAY;;NONE;;LIGHT TRUCK (MINI-VAN- PANEL);;;;;NO;7508;2017-08-04;9:46:29 AM;2017-08-04T13:46:29+00:00;;2017;No;Yes;8;FAILURE TO YIELD RIGHT OF WAY;FAILURE TO YIELD RIGHT OF WAY,NONE;FAILURE TO YIELD RIGHT OF WAY,NONE;LIGHT TRUCK (MINI-VAN- PANEL);LIGHT TRUCK (MINI-VAN- PANEL);LIGHT TRUCK (MINI-VAN- PANEL);LIGHT TRUCK (MINI-VAN- PANEL)
30150;40 FEET FROM PVA 2121 WALNUT ST;NO SPECIAL FEATURE;STRAIGHT,LEVEL;PUBLIC VEHICULAR AREA;TWO-WAY,NOT DIVIDED;SMOOTH ASPHALT;DRY;DAYLIGHT;CLEAR;NO CONTROL PRESENT;;;-78.741;35.7559;;;0;0;;;;;NONE;;PASSENGER CAR;PICKUP;;;;NO;7523;2017-08-05;12:46 PM;2017-08-05T16:46:00+00:00;;2017;No;No;8;;NONE;NONE;PASSENGER CAR,PICKUP;PASSENGER CAR,PICKUP;PASSENGER CAR,PICKUP;PASSENGER CAR,PICKUP
30152;60 FEET FROM P.V.A. (401 COLONADES WAY);NO SPECIAL FEATURE;STRAIGHT,LEVEL;PUBLIC VEHICULAR AREA;TWO-WAY,NOT DIVIDED;SMOOTH ASPHALT;DRY;DAYLIGHT;CLEAR;NO CONTROL PRESENT;35.742101162;-78.88001951;-78.7773;35.7404;P115;APEX;0;0;;;NONE;;NONE;;PASSENGER CAR;PASSENGER CAR;;;;NO;7525;2017-08-05;3:26:39 PM;2017-08-05T19:26:39+00:00;35.742101162, -78.88001951;2017;No;No;8;NONE;NONE,NONE;NONE,NONE;PASSENGER CAR,PASSENGER CAR;PASSENGER CAR,PASSENGER CAR;PASSENGER CAR,PASSENGER CAR;PASSENGER CAR,PASSENGER CAR
30163;CARY;;;;;;;;;;;;;;;;0;0;;;;;;;;;;;;;7536;2017-08-01;12:00 AM;2017-08-01T04:00:00+00:00;;2017;No;No;8;;;;;;;
30166;400 FEET FROM VINYARD MIST DR;NO SPECIAL FEATURE;STRAIGHT,LEVEL;LOCAL STREET;TWO-WAY,NOT DIVIDED;SMOOTH ASPHALT;DRY;DAYLIGHT;CLOUDY;NO CONTROL PRESENT;35.842852419;-78.91872986;-78.91;35.84;P076;119;0;0;;;NONE;;UNKNOWN;NONE;VAN;SINGLE UNIT TRUCK (2-AXLE- 6-TIRE);;;;CONSTRUCTION WORK AREA;7539;2017-08-08;1:05:59 PM;2017-08-08T17:05:59+00:00;35.842852419, -78.91872986;2017;No;No;8;NONE;NONE,UNKNOWN;NONE,UNKNOWN,NONE;VAN,SINGLE UNIT TRUCK (2-AXLE- 6-TIRE);VAN,SINGLE UNIT TRUCK (2-AXLE- 6-TIRE);VAN,SINGLE UNIT TRUCK (2-AXLE- 6-TIRE);VAN,SINGLE UNIT TRUCK (2-AXLE- 6-TIRE)
30173;CARY;RELATED TO INTERSECTION;STRAIGHT,LEVEL;STATE SECONDARY ROUTE;TWO-WAY,NOT DIVIDED;SMOOTH ASPHALT;DRY;DAYLIGHT;CLOUDY;STOP AND GO SIGNAL;35.780513002;-78.83740876;-78.8373;35.7804;P018;117;0;1;;;NONE;;NONE;;PASSENGER CAR;PASSENGER CAR;;;;NO;7546;2017-08-08;3:24:50 PM;2017-08-08T19:24:50+00:00;35.780513002, -78.83740876;2017;No;Yes;8;NONE;NONE,NONE;NONE,NONE;PASSENGER CAR,PASSENGER CAR;PASSENGER CAR,PASSENGER CAR;PASSENGER CAR,PASSENGER CAR;PASSENGER CAR,PASSENGER CAR
30174;35 FEET FROM NC 55 HWY;NO SPECIAL FEATURE;STRAIGHT,LEVEL;NC ROUTE;TWO-WAY,DIVIDED,UNPROTECTED MEDIAN;SMOOTH ASPHALT;WET;DAYLIGHT;CLOUDY;STOP AND GO SIGNAL;35.840621864;-78.88654873;-78.885;35.8389;P091;WAKE;0;0;1;;NONE;;NONE;;PASSENGER CAR;VAN;;;;NO;7547;2017-08-08;5:47:20 PM;2017-08-08T21:47:20+00:00;35.840621864, -78.88654873;2017;No;No;8;NONE;NONE,NONE;NONE,NONE;PASSENGER CAR,VAN;PASSENGER CAR,VAN;PASSENGER CAR,VAN;PASSENGER CAR,VAN