tamainid;location_description;rdfeature;rdcharacter;rdclass;rdconfigur;rdsurface;rdcondition;lightcond;weather;trafcontrl;lat;lon;lon2;lat2;tract;zone;fatality;possblinj;numpassengers;numpedestrians;contrcir1_desc;contrcir2_desc;contrcir3_desc;contrcir4_desc;vehicle1;vehicle2;vehicle3;vehicle4;vehicle5;workarea;records;ta_date;ta_time;crash_date;geo_location;year;fatalities;injuries;month;contrfact1;contrfact2;contributing_factor;vehicleconcat1;vehicleconcat2;vehicleconcat3;vehicle_type
30176;.26 MILES FROM US 1 HWY;NO SPECIAL FEATURE;STRAIGHT,LEVEL;US ROUTE;TWO-WAY,DIVIDED,POSITIVE MEDIAN BARRIER;SMOOTH ASPHALT;WET;DAWN;RAIN;NO CONTROL PRESENT;;;-78.739379;35.764664;;;0;0;1;;;;NONE;;PICKUP;PASSENGER CAR;;;;NO;7549;2017-08-08;5:51:17 AM;2017-08-08T09:51:17+00:00;;2017;No;No;8;;NONE;NONE;PICKUP,PASSENGER CAR;PICKUP,PASSENGER CAR;PICKUP,PASSENGER CAR;PICKUP,PASSENGER CAR
30179;.15 MILES FROM (NC54) CHAPEL HILL RD;T-INTERSECTION;STRAIGHT,LEVEL;NC ROUTE;TWO-WAY,NOT DIVIDED;SMOOTH ASPHALT;WET;DAYLIGHT;CLOUDY;STOP SIGN;;;-78.778221;35.791405;;;0;0;1;;NONE;;NONE;;PASSENGER CAR;PASSENGER CAR;;;;NO;7552;2017-08-08;5:50:24 PM;2017-08-08T21:50:24+00:00;;2017;No;No;8;NONE;NONE,NONE;NONE,NONE;PASSENGER CAR,PASSENGER CAR;PASSENGER CAR,PASSENGER CAR;PASSENGER CAR,PASSENGER CAR;PASSENGER CAR,PASSENGER CAR
30187;100 FEET FROM SR 1415 (SW MAYNARD RD);RELATED TO INTERSECTION;STRAIGHT,LEVEL;STATE SECONDARY ROUTE;TWO-WAY,DIVIDED,UNPROTECTED MEDIAN;SMOOTH ASPHALT;DRY;DAYLIGHT;CLEAR;STOP AND GO SIGNAL;;;-78.783105;35.771297;;;0;0;1;;NONE;;NONE;;PASSENGER CAR;VAN;;;;NO;7560;2017-08-09;5:42:21 PM;2017-08-09T21:42:21+00:00;;2017;No;No;8;NONE;NONE,NONE;NONE,NONE;PASSENGER CAR,VAN;PASSENGER CAR,VAN;PASSENGER CAR,VAN;PASSENGER CAR,VAN
30188;0 FEET FROM NOTTINGHAM DR;T-INTERSECTION;STRAIGHT,GRADE;LOCAL STREET;TWO-WAY,NOT DIVIDED;SMOOTH ASPHALT;DRY;DAYLIGHT;CLEAR;STOP SIGN;35.767341822;-78.7466563;-78.7466;35.7673;P083;112;0;0;2;;NONE;;NONE;;PASSENGER CAR;PASSENGER CAR;;;;NO;7561;2017-08-09;6:47:46 PM;2017-08-09T22:47:46+00:00;35.767341822, -78.7466563;2017;No;No;8;NONE;NONE,NONE;NONE,NONE;PASSENGER CAR,PASSENGER CAR;PASSENGER CAR,PASSENGER CAR;PASSENGER CAR,PASSENGER CAR;PASSENGER CAR,PASSENGER CAR
30200;50 FEET FROM N. ACADEMY ST;NO SPECIAL FEATURE;STRAIGHT,LEVEL;LOCAL STREET;TWO-WAY,NOT DIVIDED;SMOOTH ASPHALT;WET;DARK - LIGHTED ROADWAY;RAIN;NO CONTROL PRESENT;;;-78.7877;35.7877;;;0;0;;;NONE;;NONE;;PASSENGER CAR;PASSENGER CAR;;;;NO;7573;2017-08-08;8:38:04 PM;2017-08-09T00:38:04+00:00;;2017;No;No;8;NONE;NONE,NONE;NONE,NONE;PASSENGER CAR,PASSENGER CAR;PASSENGER CAR,PASSENGER CAR;PASSENGER CAR,PASSENGER CAR;PASSENGER CAR,PASSENGER CAR
30202;.1 MILES FROM 431 KEISLER DR;DRIVEWAY, PUBLIC;STRAIGHT,GRADE;PUBLIC VEHICULAR AREA;TWO-WAY,NOT DIVIDED;COARSE ASPHALT;UNKNOWN;DAYLIGHT;CLOUDY;NO CONTROL PRESENT;;;-78.778129;35.742875;;;0;0;1;;NONE;;NONE;;VAN;SPORT UTILITY;;;;NO;7575;2017-08-08;9:24:30 AM;2017-08-08T13:24:30+00:00;;2017;No;No;8;NONE;NONE,NONE;NONE,NONE;VAN,SPORT UTILITY;VAN,SPORT UTILITY;VAN,SPORT UTILITY;VAN,SPORT UTILITY
30205;25 FEET FROM SR1655 (TRINITY RD);NO SPECIAL FEATURE;STRAIGHT,LEVEL;STATE SECONDARY ROUTE;TWO-WAY,DIVIDED,UNPROTECTED MEDIAN;SMOOTH ASPHALT;DRY;DAYLIGHT;CLEAR;NO CONTROL PRESENT;;;-78.7509;35.7949;;;0;0;;;NONE;;NONE;;PASSENGER CAR;VAN;;;;NO;7578;2017-08-10;7:30:59 AM;2017-08-10T11:30:59+00:00;;2017;No;No;8;NONE;NONE,NONE;NONE,NONE;PASSENGER CAR,VAN;PASSENGER CAR,VAN;PASSENGER CAR,VAN;PASSENGER CAR,VAN
30206;100 FEET FROM P.V.A. (900 E CHATHAM ST);NO SPECIAL FEATURE;STRAIGHT,LEVEL;PUBLIC VEHICULAR AREA;TWO-WAY,NOT DIVIDED;SMOOTH ASPHALT;DRY;DAYLIGHT;CLEAR;NO CONTROL PRESENT;35.601953675;-78.79930456;-78.7566;35.7901;P119;RALW;0;0;;;NONE;;NONE;;PASSENGER CAR;PASSENGER CAR;;;;NO;7579;2017-08-10;12:52 PM;2017-08-10T16:52:00+00:00;35.601953675, -78.79930456;2017;No;No;8;NONE;NONE,NONE;NONE,NONE;PASSENGER CAR,PASSENGER CAR;PASSENGER CAR,PASSENGER CAR;PASSENGER CAR,PASSENGER CAR;PASSENGER CAR,PASSENGER CAR
30209;.37 MILES FROM SR #3112 (NW CARY PKWY);NO SPECIAL FEATURE;STRAIGHT,LEVEL;LOCAL STREET;TWO-WAY,DIVIDED,POSITIVE MEDIAN BARRIER;SMOOTH ASPHALT;DRY;DAYLIGHT;CLOUDY;STOP AND GO SIGNAL;35.820637442;-78.77854164;-78.7719;35.8192;P080;111;0;0;;;NONE;;NONE;;PASSENGER CAR;PASSENGER CAR;;;;NO;7582;2017-08-11;1:20:33 PM;2017-08-11T17:20:33+00:00;35.820637442, -78.77854164;2017;No;No;8;NONE;NONE,NONE;NONE,NONE;PASSENGER CAR,PASSENGER CAR;PASSENGER CAR,PASSENGER CAR;PASSENGER CAR,PASSENGER CAR;PASSENGER CAR,PASSENGER CAR
30210;CARY;DRIVEWAY, PUBLIC;STRAIGHT,LEVEL;PUBLIC VEHICULAR AREA;TWO-WAY,NOT DIVIDED;SMOOTH ASPHALT;DRY;DAYLIGHT;CLEAR;NO CONTROL PRESENT;;;-78.783796;35.759806;;;0;0;3;;NONE;;NONE;;VAN;LIGHT TRUCK (MINI-VAN- PANEL);PASSENGER CAR;;;NO;7583;2017-08-11;1:14:36 PM;2017-08-11T17:14:36+00:00;;2017;No;No;8;NONE;NONE,NONE;NONE,NONE;VAN,LIGHT TRUCK (MINI-VAN- PANEL);VAN,LIGHT TRUCK (MINI-VAN- PANEL),PASSENGER CAR;VAN,LIGHT TRUCK (MINI-VAN- PANEL),PASSENGER CAR;VAN,LIGHT TRUCK (MINI-VAN- PANEL),PASSENGER CAR
30225;NEAR .1 MILES FROM SR 1315 (BUCK JONES RD);NO SPECIAL FEATURE;STRAIGHT,LEVEL;STATE SECONDARY ROUTE;TWO-WAY,NOT DIVIDED;SMOOTH ASPHALT;DRY;DAYLIGHT;CLOUDY;NO CONTROL PRESENT;;;-78.7423;35.766;;112;0;0;1;;;;NONE;;PASSENGER CAR;PASSENGER CAR;;;;NO;7598;2017-08-13;1:07:29 PM;2017-08-13T17:07:29+00:00;;2017;No;No;8;;NONE;NONE;PASSENGER CAR,PASSENGER CAR;PASSENGER CAR,PASSENGER CAR;PASSENGER CAR,PASSENGER CAR;PASSENGER CAR,PASSENGER CAR
30236;CARY;FOUR-WAY INTERSECTION;STRAIGHT,LEVEL;STATE SECONDARY ROUTE;TWO-WAY,NOT DIVIDED;SMOOTH ASPHALT;DRY;DAYLIGHT;CLEAR;STOP AND GO SIGNAL;;;-78.796209;35.798796;;;0;0;;;NONE;;NONE;;SPORT UTILITY;PASSENGER CAR;;;;NO;7609;2017-08-14;8:32:13 AM;2017-08-14T12:32:13+00:00;;2017;No;No;8;NONE;NONE,NONE;NONE,NONE;SPORT UTILITY,PASSENGER CAR;SPORT UTILITY,PASSENGER CAR;SPORT UTILITY,PASSENGER CAR;SPORT UTILITY,PASSENGER CAR
30237;15 FEET FROM SR 1747 (NE MAYNARD RD);NO SPECIAL FEATURE;STRAIGHT,LEVEL;STATE SECONDARY ROUTE;TWO-WAY,NOT DIVIDED;SMOOTH ASPHALT;DRY;DAYLIGHT;CLEAR;STOP AND GO SIGNAL;;;-78.79608;35.799103;;;0;0;;;NONE;;NONE;;SPORT UTILITY;PASSENGER CAR;;;;NO;7610;2017-08-13;6:43:27 PM;2017-08-13T22:43:27+00:00;;2017;No;No;8;NONE;NONE,NONE;NONE,NONE;SPORT UTILITY,PASSENGER CAR;SPORT UTILITY,PASSENGER CAR;SPORT UTILITY,PASSENGER CAR;SPORT UTILITY,PASSENGER CAR
30239;CARY;T-INTERSECTION;STRAIGHT,LEVEL;STATE SECONDARY ROUTE;TWO-WAY,NOT DIVIDED;SMOOTH ASPHALT;DRY;DARK - ROADWAY NOT LIGHTED;CLEAR;STOP SIGN;;;-78.7934;35.7826;;;0;0;1;;NONE;;NONE;;PICKUP;SPORT UTILITY;;;;NO;7612;2017-08-14;9:33:56 PM;2017-08-15T01:33:56+00:00;;2017;No;No;8;NONE;NONE,NONE;NONE,NONE;PICKUP,SPORT UTILITY;PICKUP,SPORT UTILITY;PICKUP,SPORT UTILITY;PICKUP,SPORT UTILITY
30240;.25 MILES FROM PVA OF 2000 WALNUT ST;NO SPECIAL FEATURE;STRAIGHT,LEVEL;PUBLIC VEHICULAR AREA;TWO-WAY,NOT DIVIDED;COARSE ASPHALT;DRY;DAYLIGHT;CLOUDY;NO CONTROL PRESENT;;;-78.7433;357578.0;;;0;0;1;;NONE;;NONE;;PASSENGER CAR;PICKUP;;;;NO;7613;2017-08-14;12:47 PM;2017-08-14T16:47:00+00:00;;2017;No;No;8;NONE;NONE,NONE;NONE,NONE;PASSENGER CAR,PICKUP;PASSENGER CAR,PICKUP;PASSENGER CAR,PICKUP;PASSENGER CAR,PICKUP
30247;.1 MILES FROM NC-54 (CHAPEL HILL RD);NO SPECIAL FEATURE;STRAIGHT,LEVEL;NC ROUTE;TWO-WAY,DIVIDED,UNPROTECTED MEDIAN;SMOOTH ASPHALT;DRY;DAYLIGHT;CLEAR;NO CONTROL PRESENT;;;-78.8071;35.805;;;0;0;1;;NONE;;NONE;;PASSENGER CAR;PASSENGER CAR;VAN;;;NO;7620;2017-08-15;12:39 AM;2017-08-15T04:39:00+00:00;;2017;No;No;8;NONE;NONE,NONE;NONE,NONE;PASSENGER CAR,PASSENGER CAR;PASSENGER CAR,PASSENGER CAR,VAN;PASSENGER CAR,PASSENGER CAR,VAN;PASSENGER CAR,PASSENGER CAR,VAN
30255;110 FEET FROM PVA 1701 N HARRISON AVE;DRIVEWAY, PUBLIC;STRAIGHT,LEVEL;PUBLIC VEHICULAR AREA;TWO-WAY,NOT DIVIDED;SMOOTH ASPHALT;DRY;DAYLIGHT;CLEAR;NO CONTROL PRESENT;;;-78.7707;35.8285;;;0;0;;;NONE;;NONE;;SPORT UTILITY;SPORT UTILITY;;;;NO;7628;2017-08-15;2:01:21 PM;2017-08-15T18:01:21+00:00;;2017;No;No;8;NONE;NONE,NONE;NONE,NONE;SPORT UTILITY,SPORT UTILITY;SPORT UTILITY,SPORT UTILITY;SPORT UTILITY,SPORT UTILITY;SPORT UTILITY,SPORT UTILITY
30259;60 FEET FROM HOGANS VALLEY WAY;NO SPECIAL FEATURE;STRAIGHT,LEVEL;LOCAL STREET;TWO-WAY,NOT DIVIDED;SMOOTH ASPHALT;DRY;DARK - ROADWAY NOT LIGHTED;CLEAR;STOP SIGN;35.807330134;-78.84193654;-78.842;35.8071;P078;121;0;0;;;NONE;;NONE;;UNKNOWN;SPORT UTILITY;;;;NO;7632;2017-08-15;10:43 AM;2017-08-15T14:43:00+00:00;35.807330134, -78.84193654;2017;No;No;8;NONE;NONE,NONE;NONE,NONE;UNKNOWN,SPORT UTILITY;UNKNOWN,SPORT UTILITY;UNKNOWN,SPORT UTILITY;UNKNOWN,SPORT UTILITY
30261;300 FEET FROM SR 1300 KILDAIRE FARM RD;NO SPECIAL FEATURE;STRAIGHT,LEVEL;STATE SECONDARY ROUTE;TWO-WAY,DIVIDED,UNPROTECTED MEDIAN;SMOOTH ASPHALT;DRY;DAYLIGHT;CLOUDY;NO CONTROL PRESENT;;;-78.779866;35.737061;;;0;0;;;NONE;;NONE;;PASSENGER CAR;PASSENGER CAR;;;;NO;7634;2017-08-15;11:38 AM;2017-08-15T15:38:00+00:00;;2017;No;No;8;NONE;NONE,NONE;NONE,NONE;PASSENGER CAR,PASSENGER CAR;PASSENGER CAR,PASSENGER CAR;PASSENGER CAR,PASSENGER CAR;PASSENGER CAR,PASSENGER CAR
30263;200 FEET FROM US 64 HWY;NO SPECIAL FEATURE;STRAIGHT,LEVEL;US ROUTE;TWO-WAY,DIVIDED,UNPROTECTED MEDIAN;SMOOTH ASPHALT;DRY;DAYLIGHT;CLEAR;NO CONTROL PRESENT;;;-78.810586;35.741516;;;0;0;;;;;NONE;;SPORT UTILITY;PASSENGER CAR;;;;NO;7636;2017-08-16;8:09:04 AM;2017-08-16T12:09:04+00:00;;2017;No;No;8;;NONE;NONE;SPORT UTILITY,PASSENGER CAR;SPORT UTILITY,PASSENGER CAR;SPORT UTILITY,PASSENGER CAR;SPORT UTILITY,PASSENGER CAR
30264;.15 MILES FROM SR #1002 (AVIATION PKWY);NO SPECIAL FEATURE;STRAIGHT,LEVEL;STATE SECONDARY ROUTE;TWO-WAY,NOT DIVIDED;SMOOTH ASPHALT;DRY;DARK - LIGHTED ROADWAY;CLEAR;NO CONTROL PRESENT;35.84026701;-78.80901367;-78.8058;35.8419;P112;RALW;0;0;;;NONE;;NONE;;PASSENGER CAR;PASSENGER CAR;PASSENGER CAR;PASSENGER CAR;;NO;7637;2017-08-16;5:55:23 AM;2017-08-16T09:55:23+00:00;35.84026701, -78.80901367;2017;No;No;8;NONE;NONE,NONE;NONE,NONE;PASSENGER CAR,PASSENGER CAR;PASSENGER CAR,PASSENGER CAR,PASSENGER CAR;PASSENGER CAR,PASSENGER CAR,PASSENGER CAR,PASSENGER CAR;PASSENGER CAR,PASSENGER CAR,PASSENGER CAR,PASSENGER CAR
30267;.01 MILES FROM PVA (101 YMCA DR.);NO SPECIAL FEATURE;STRAIGHT,LEVEL;PUBLIC VEHICULAR AREA;TWO-WAY,NOT DIVIDED;SMOOTH ASPHALT;DRY;DAYLIGHT;CLEAR;NO CONTROL PRESENT;;;-78.834;35.777;;;0;0;;;NONE;;NONE;;PASSENGER CAR;PASSENGER CAR;;;;NO;7640;2017-08-15;10:58 AM;2017-08-15T14:58:00+00:00;;2017;No;No;8;NONE;NONE,NONE;NONE,NONE;PASSENGER CAR,PASSENGER CAR;PASSENGER CAR,PASSENGER CAR;PASSENGER CAR,PASSENGER CAR;PASSENGER CAR,PASSENGER CAR
30268;.22 MILES FROM US 1 HWY;NO SPECIAL FEATURE;STRAIGHT,LEVEL;US ROUTE;TWO-WAY,DIVIDED,POSITIVE MEDIAN BARRIER;CONCRETE;DRY;DAYLIGHT;CLEAR;NO CONTROL PRESENT;;;-78.784574;35.741684;;;0;0;3;;;;NONE;;SPORT UTILITY;PASSENGER CAR;SPORT UTILITY;PICKUP;;NO;7641;2017-08-16;9:01:58 AM;2017-08-16T13:01:58+00:00;;2017;No;No;8;;NONE;NONE;SPORT UTILITY,PASSENGER CAR;SPORT UTILITY,PASSENGER CAR,SPORT UTILITY;SPORT UTILITY,PASSENGER CAR,SPORT UTILITY,PICKUP;SPORT UTILITY,PASSENGER CAR,SPORT UTILITY,PICKUP
30273;20 FEET FROM SR 3977 (SW CARY PKWY);RELATED TO INTERSECTION;STRAIGHT,GRADE;STATE SECONDARY ROUTE;TWO-WAY,DIVIDED,UNPROTECTED MEDIAN;SMOOTH ASPHALT;DRY;DARK - LIGHTED ROADWAY;CLEAR;STOP AND GO SIGNAL;;;-78.821656;35.761876;;117;0;0;1;;NONE;;NONE;;VAN;VAN;;;;NO;7646;2017-08-15;9:02:38 PM;2017-08-16T01:02:38+00:00;;2017;No;No;8;NONE;NONE,NONE;NONE,NONE;VAN,VAN;VAN,VAN;VAN,VAN;VAN,VAN
30279;200 FEET FROM 2849 SW CARY PKWY (PVA);DRIVEWAY, PUBLIC;STRAIGHT,LEVEL;PUBLIC VEHICULAR AREA;ONE-WAY,NOT DIVIDED;SMOOTH ASPHALT;DRY;DARK - LIGHTED ROADWAY;CLEAR;NO CONTROL PRESENT;;;-78.820885;35.763234;;117;0;0;;;;;NONE;;PASSENGER CAR;SPORT UTILITY;;;;NO;7652;2017-08-15;10:48 PM;2017-08-16T02:48:00+00:00;;2017;No;No;8;;NONE;NONE;PASSENGER CAR,SPORT UTILITY;PASSENGER CAR,SPORT UTILITY;PASSENGER CAR,SPORT UTILITY;PASSENGER CAR,SPORT UTILITY
30281;50 FEET FROM SR 1009 (TRYON RD);NO SPECIAL FEATURE;STRAIGHT,LEVEL;STATE SECONDARY ROUTE;TWO-WAY,DIVIDED,UNPROTECTED MEDIAN;SMOOTH ASPHALT;DRY;DAYLIGHT;CLEAR;NO CONTROL PRESENT;;;-78.739;35.7457;;;0;0;;;NONE;;NONE;;PASSENGER CAR;PASSENGER CAR;;;;NO;7654;2017-08-16;8:05:16 AM;2017-08-16T12:05:16+00:00;;2017;No;No;8;NONE;NONE,NONE;NONE,NONE;PASSENGER CAR,PASSENGER CAR;PASSENGER CAR,PASSENGER CAR;PASSENGER CAR,PASSENGER CAR;PASSENGER CAR,PASSENGER CAR
30289;50 FEET FROM VERSAILLES DR;T-INTERSECTION;STRAIGHT,LEVEL;LOCAL STREET;TWO-WAY,DIVIDED,UNPROTECTED MEDIAN;SMOOTH ASPHALT;DRY;DAYLIGHT;CLEAR;STOP SIGN;35.747010154;-78.81322986;-78.8151;35.7476;P042;115;0;0;;;NONE;;NONE;;;PASSENGER CAR;;;;NO;7662;2017-08-17;2:01:06 PM;2017-08-17T18:01:06+00:00;35.747010154, -78.81322986;2017;No;No;8;NONE;NONE,NONE;NONE,NONE;PASSENGER CAR;PASSENGER CAR;PASSENGER CAR;PASSENGER CAR
30291;75 FEET FROM PVA 2031 WALNUT ST;NO SPECIAL FEATURE;STRAIGHT,LEVEL;PUBLIC VEHICULAR AREA;TWO-WAY,NOT DIVIDED;SMOOTH ASPHALT;DRY;DAYLIGHT;CLEAR;NO CONTROL PRESENT;;;;35.7562;;;0;0;;;NONE;;NONE;;;PASSENGER CAR;;;;NO;7664;2017-08-18;12:07 PM;2017-08-18T16:07:00+00:00;;2017;No;No;8;NONE;NONE,NONE;NONE,NONE;PASSENGER CAR;PASSENGER CAR;PASSENGER CAR;PASSENGER CAR
30298;.25 MILES FROM CAITBOO AVE;NO SPECIAL FEATURE;STRAIGHT,LEVEL;LOCAL STREET;TWO-WAY,NOT DIVIDED;COARSE ASPHALT;DRY;DAYLIGHT;CLEAR;NO CONTROL PRESENT;35.757763947;-78.73637239;-78.7369;35.7585;P045;118;0;0;1;;NONE;;NONE;;VAN;SPORT UTILITY;;;;NO;7671;2017-08-20;1:33:50 PM;2017-08-20T17:33:50+00:00;35.757763947, -78.73637239;2017;No;No;8;NONE;NONE,NONE;NONE,NONE;VAN,SPORT UTILITY;VAN,SPORT UTILITY;VAN,SPORT UTILITY;VAN,SPORT UTILITY
30302;5 FEET FROM GRANDE HEIGHTS DR (PVA);FOUR-WAY INTERSECTION;STRAIGHT,LEVEL;LOCAL STREET;TWO-WAY,DIVIDED,UNPROTECTED MEDIAN;SMOOTH ASPHALT;DRY;DARK - LIGHTED ROADWAY;CLEAR;STOP AND GO SIGNAL;;;;;;;0;0;;;NONE;;NONE;;PASSENGER CAR;VAN;PASSENGER CAR;;;NO;7675;2017-08-19;4:39:22 PM;2017-08-19T20:39:22+00:00;;2017;No;No;8;NONE;NONE,NONE;NONE,NONE;PASSENGER CAR,VAN;PASSENGER CAR,VAN,PASSENGER CAR;PASSENGER CAR,VAN,PASSENGER CAR;PASSENGER CAR,VAN,PASSENGER CAR
30306;.4167 MILES FROM US 1 HWY NB;NO SPECIAL FEATURE;STRAIGHT,LEVEL;US ROUTE;TWO-WAY,DIVIDED,POSITIVE MEDIAN BARRIER;CONCRETE;DRY;DAYLIGHT;CLEAR;NO CONTROL PRESENT;;;-78.7507;35.7589;;;0;0;1;;NONE;;NONE;;SPORT UTILITY;PASSENGER CAR;;;;NO;7679;2017-08-18;4:40:53 PM;2017-08-18T20:40:53+00:00;;2017;No;No;8;NONE;NONE,NONE;NONE,NONE;SPORT UTILITY,PASSENGER CAR;SPORT UTILITY,PASSENGER CAR;SPORT UTILITY,PASSENGER CAR;SPORT UTILITY,PASSENGER CAR
30314;112 FEET FROM SR 1613 (DAVIS DR);NO SPECIAL FEATURE;STRAIGHT,LEVEL;STATE SECONDARY ROUTE;TWO-WAY,DIVIDED,UNPROTECTED MEDIAN;SMOOTH ASPHALT;DRY;DAYLIGHT;CLEAR;NO CONTROL PRESENT;;;-78.8474;35.7937;;;0;0;;;NONE;;NONE;;PASSENGER CAR;SPORT UTILITY;SPORT UTILITY;;;NO;7687;2017-08-18;3:23:31 PM;2017-08-18T19:23:31+00:00;;2017;No;No;8;NONE;NONE,NONE;NONE,NONE;PASSENGER CAR,SPORT UTILITY;PASSENGER CAR,SPORT UTILITY,SPORT UTILITY;PASSENGER CAR,SPORT UTILITY,SPORT UTILITY;PASSENGER CAR,SPORT UTILITY,SPORT UTILITY
30330;CARY;;;;;;;;;;;;;;;;0;0;;;;;;;;;;;;;7703;2017-03-06;3:05:10 PM;2017-03-06T20:05:10+00:00;;2017;No;No;3;;;;;;;
30331;250 FEET FROM  PVA OF 280 MEETING ST;NO SPECIAL FEATURE;STRAIGHT,LEVEL;PUBLIC VEHICULAR AREA;TWO-WAY,NOT DIVIDED;SMOOTH ASPHALT;DRY;DAYLIGHT;CLEAR;NO CONTROL PRESENT;;;-78.7447;35.757;;;0;0;;;NONE;;NONE;;PASSENGER CAR;PASSENGER CAR;;;;NO;7704;2017-08-21;12:14 PM;2017-08-21T16:14:00+00:00;;2017;No;No;8;NONE;NONE,NONE;NONE,NONE;PASSENGER CAR,PASSENGER CAR;PASSENGER CAR,PASSENGER CAR;PASSENGER CAR,PASSENGER CAR;PASSENGER CAR,PASSENGER CAR
30334;CARY;FOUR-WAY INTERSECTION;STRAIGHT,LEVEL;STATE SECONDARY ROUTE;TWO-WAY,NOT DIVIDED;SMOOTH ASPHALT;DRY;DAYLIGHT;CLEAR;STOP SIGN;;;-78.805;35.7395;;;0;1;1;;;;NONE;;PASSENGER CAR;SPORT UTILITY;;;;NO;7707;2017-08-21;6:06:18 PM;2017-08-21T22:06:18+00:00;;2017;No;Yes;8;;NONE;NONE;PASSENGER CAR,SPORT UTILITY;PASSENGER CAR,SPORT UTILITY;PASSENGER CAR,SPORT UTILITY;PASSENGER CAR,SPORT UTILITY
30343;.50 MILES FROM 201 MET LIFE WAY;NO SPECIAL FEATURE;STRAIGHT,LEVEL;PUBLIC VEHICULAR AREA;TWO-WAY,NOT DIVIDED;COARSE ASPHALT;DRY;DAYLIGHT;CLOUDY;NO CONTROL PRESENT;;;-78.4754;35.4945;;;0;0;;;NONE;;NONE;;SPORT UTILITY;PASSENGER CAR;;;;NO;7716;2017-08-21;12:22 PM;2017-08-21T16:22:00+00:00;;2017;No;No;8;NONE;NONE,NONE;NONE,NONE;SPORT UTILITY,PASSENGER CAR;SPORT UTILITY,PASSENGER CAR;SPORT UTILITY,PASSENGER CAR;SPORT UTILITY,PASSENGER CAR
30345;100 FEET FROM P.V.A. DAIRY QUEEN (631 WALNUT;NO SPECIAL FEATURE;STRAIGHT,LEVEL;PUBLIC VEHICULAR AREA;ONE-WAY,NOT DIVIDED;SMOOTH ASPHALT;DRY;DAYLIGHT;CLOUDY;NO CONTROL PRESENT;35.784739519;-78.76785311;-78.7681;35.7757;P058;120;0;0;2;;NONE;;NONE;;SPORT UTILITY;SPORT UTILITY;;;;NO;7718;2017-08-22;3:52:44 PM;2017-08-22T19:52:44+00:00;35.784739519, -78.76785311;2017;No;No;8;NONE;NONE,NONE;NONE,NONE;SPORT UTILITY,SPORT UTILITY;SPORT UTILITY,SPORT UTILITY;SPORT UTILITY,SPORT UTILITY;SPORT UTILITY,SPORT UTILITY
30350;0 FEET FROM GREEN LEVEL WEST RD;FOUR-WAY INTERSECTION;STRAIGHT,LEVEL;STATE SECONDARY ROUTE;TWO-WAY,NOT DIVIDED;SMOOTH ASPHALT;DRY;DAYLIGHT;CLEAR;STOP SIGN;35.787424791;-78.87287028;-78.8729;35.7874;P118;117;0;1;;;NONE;;NONE;;SPORT UTILITY;PASSENGER CAR;;;;NO;7723;2017-08-22;5:55:24 PM;2017-08-22T21:55:24+00:00;35.787424791, -78.87287028;2017;No;Yes;8;NONE;NONE,NONE;NONE,NONE;SPORT UTILITY,PASSENGER CAR;SPORT UTILITY,PASSENGER CAR;SPORT UTILITY,PASSENGER CAR;SPORT UTILITY,PASSENGER CAR
30355;0 FEET FROM SR 1613 DAVIS DR;FOUR-WAY INTERSECTION;STRAIGHT,LEVEL;STATE SECONDARY ROUTE;TWO-WAY,DIVIDED,UNPROTECTED MEDIAN;SMOOTH ASPHALT;DRY;DAYLIGHT;CLEAR;STOP AND GO SIGNAL;;;-78.846124;35.773808;;;0;1;2;;NONE;;NONE;;SPORT UTILITY;PASSENGER CAR;;;;NO;7728;2017-08-16;4:45:48 PM;2017-08-16T20:45:48+00:00;;2017;No;Yes;8;NONE;NONE,NONE;NONE,NONE;SPORT UTILITY,PASSENGER CAR;SPORT UTILITY,PASSENGER CAR;SPORT UTILITY,PASSENGER CAR;SPORT UTILITY,PASSENGER CAR
30364;300 FEET FROM CATLIN RD;FOUR-WAY INTERSECTION;STRAIGHT,HILLCREST;LOCAL STREET;TWO-WAY,NOT DIVIDED;SMOOTH ASPHALT;DRY;DAYLIGHT;CLEAR;STOP SIGN;35.777959823;-78.87385149;-78.872653;35.778463;P118;117;0;0;;;NONE;;NONE;;SPORT UTILITY;SPORT UTILITY;;;;NO;7737;2017-08-23;4:47:15 PM;2017-08-23T20:47:15+00:00;35.777959823, -78.87385149;2017;No;No;8;NONE;NONE,NONE;NONE,NONE;SPORT UTILITY,SPORT UTILITY;SPORT UTILITY,SPORT UTILITY;SPORT UTILITY,SPORT UTILITY;SPORT UTILITY,SPORT UTILITY
30366;30 FEET FROM DRY AV;NO SPECIAL FEATURE;STRAIGHT,LEVEL;LOCAL STREET;TWO-WAY,NOT DIVIDED;SMOOTH ASPHALT;DRY;DAYLIGHT;CLEAR;STOP AND GO SIGNAL;35.783046139;-78.78332142;-78.7831;35.7831;P035;114;0;0;;;NONE;;NONE;;PASSENGER CAR;PASSENGER CAR;SPORT UTILITY;;;NO;7739;2017-08-23;7:30:05 PM;2017-08-23T23:30:05+00:00;35.783046139, -78.78332142;2017;No;No;8;NONE;NONE,NONE;NONE,NONE;PASSENGER CAR,PASSENGER CAR;PASSENGER CAR,PASSENGER CAR,SPORT UTILITY;PASSENGER CAR,PASSENGER CAR,SPORT UTILITY;PASSENGER CAR,PASSENGER CAR,SPORT UTILITY