tamainid;location_description;rdfeature;rdcharacter;rdclass;rdconfigur;rdsurface;rdcondition;lightcond;weather;trafcontrl;lat;lon;lon2;lat2;tract;zone;fatality;possblinj;numpassengers;numpedestrians;contrcir1_desc;contrcir2_desc;contrcir3_desc;contrcir4_desc;vehicle1;vehicle2;vehicle3;vehicle4;vehicle5;workarea;records;ta_date;ta_time;crash_date;geo_location;year;fatalities;injuries;month;contrfact1;contrfact2;contributing_factor;vehicleconcat1;vehicleconcat2;vehicleconcat3;vehicle_type
30526;300 FEET FROM PVA OF 5415 HIGHCROFT DR;DRIVEWAY, PUBLIC;STRAIGHT,LEVEL;PUBLIC VEHICULAR AREA;ONE-WAY,NOT DIVIDED;SMOOTH ASPHALT;DRY;DAYLIGHT;CLOUDY;NO CONTROL PRESENT;;;-78.8916;35.8002;;;0;0;;;;;NONE;;LIGHT TRUCK (MINI-VAN- PANEL);SPORT UTILITY;;;;NO;7899;2017-09-05;9:45:12 AM;2017-09-05T13:45:12+00:00;;2017;No;No;9;;NONE;NONE;LIGHT TRUCK (MINI-VAN- PANEL),SPORT UTILITY;LIGHT TRUCK (MINI-VAN- PANEL),SPORT UTILITY;LIGHT TRUCK (MINI-VAN- PANEL),SPORT UTILITY;LIGHT TRUCK (MINI-VAN- PANEL),SPORT UTILITY
30527;200 FEET FROM PVA 2416 WALNUT ST;NO SPECIAL FEATURE;STRAIGHT,LEVEL;PUBLIC VEHICULAR AREA;ONE-WAY,NOT DIVIDED;SMOOTH ASPHALT;DRY;DAYLIGHT;CLEAR;STOP SIGN;;;-78.744168;35.754023;;;0;0;;;NONE;;NONE;;SPORT UTILITY;PASSENGER CAR;;;;NO;7900;2017-09-05;9:19:45 AM;2017-09-05T13:19:45+00:00;;2017;No;No;9;NONE;NONE,NONE;NONE,NONE;SPORT UTILITY,PASSENGER CAR;SPORT UTILITY,PASSENGER CAR;SPORT UTILITY,PASSENGER CAR;SPORT UTILITY,PASSENGER CAR
30531;375 FEET FROM SR 1009 (TRYON RD);NO SPECIAL FEATURE;STRAIGHT,LEVEL;STATE SECONDARY ROUTE;TWO-WAY,DIVIDED,UNPROTECTED MEDIAN;SMOOTH ASPHALT;DRY;DAYLIGHT;CLEAR;NO CONTROL PRESENT;;;-78.736343;35.745723;;;0;2;1;;;;NONE;;PASSENGER CAR;SPORT UTILITY;;;;NO;7904;2017-09-05;8:18:14 PM;2017-09-06T00:18:14+00:00;;2017;No;Yes;9;;NONE;NONE;PASSENGER CAR,SPORT UTILITY;PASSENGER CAR,SPORT UTILITY;PASSENGER CAR,SPORT UTILITY;PASSENGER CAR,SPORT UTILITY
30537;NEAR .94 MILES E OF E SR 1152 (HOLLY SPRINGS);NO SPECIAL FEATURE;CURVE,LEVEL;STATE SECONDARY ROUTE;TWO-WAY,NOT DIVIDED;SMOOTH ASPHALT;WET;DUSK;RAIN;NO CONTROL PRESENT;;;-78.761641;35.707754;;116;0;0;;;NONE;;NONE;;PASSENGER CAR;;;;;;7910;2017-09-06;9:19:14 PM;2017-09-07T01:19:14+00:00;;2017;No;No;9;NONE;NONE,NONE;NONE,NONE;PASSENGER CAR;PASSENGER CAR;PASSENGER CAR;PASSENGER CAR
30538;75 FEET FROM SR 1423 (PINEY PLAINS RD);NO SPECIAL FEATURE;STRAIGHT,LEVEL;STATE SECONDARY ROUTE;TWO-WAY,NOT DIVIDED;SMOOTH ASPHALT;DRY;DARK - ROADWAY NOT LIGHTED;CLEAR;NO CONTROL PRESENT;35.748601505;-78.75329861;-78.7541;35.7469;P004;118;0;0;;;DARTING;;NONE;;PASSENGER CAR;;;;;NO;7911;2017-09-06;9:47:09 PM;2017-09-07T01:47:09+00:00;35.748601505, -78.75329861;2017;No;No;9;DARTING;DARTING,NONE;DARTING,NONE;PASSENGER CAR;PASSENGER CAR;PASSENGER CAR;PASSENGER CAR
30542;75 FEET FROM SR-1319 JONES FRANKLIN RD;FOUR-WAY INTERSECTION;STRAIGHT,LEVEL;STATE SECONDARY ROUTE;TWO-WAY,NOT DIVIDED;SMOOTH ASPHALT;WET;DAYLIGHT;RAIN;STOP SIGN;35.745646055;-78.74064505;-78.7382;35.7453;P046;118;0;1;4;;NONE;;NONE;;PASSENGER CAR;VAN;;;;NO;7915;2017-09-06;5:44:03 PM;2017-09-06T21:44:03+00:00;35.745646055, -78.74064505;2017;No;Yes;9;NONE;NONE,NONE;NONE,NONE;PASSENGER CAR,VAN;PASSENGER CAR,VAN;PASSENGER CAR,VAN;PASSENGER CAR,VAN
30547;.1 MILES FROM SR 1300 (KILDAIRE FARM RD);NO SPECIAL FEATURE;STRAIGHT,LEVEL;STATE SECONDARY ROUTE;TWO-WAY,DIVIDED,UNPROTECTED MEDIAN;SMOOTH ASPHALT;WET;DAYLIGHT;RAIN;NO CONTROL PRESENT;35.760200261;-78.78327093;-78.78;35.75;P027;112;0;0;;;NONE;;NONE;;PASSENGER CAR;PICKUP;PASSENGER CAR;;;NO;7920;2017-09-06;6:00:00 PM;2017-09-06T22:00:00+00:00;35.760200261, -78.78327093;2017;No;No;9;NONE;NONE,NONE;NONE,NONE;PASSENGER CAR,PICKUP;PASSENGER CAR,PICKUP,PASSENGER CAR;PASSENGER CAR,PICKUP,PASSENGER CAR;PASSENGER CAR,PICKUP,PASSENGER CAR
30552;20 FEET FROM SR1010 (TEN TEN RD);NO SPECIAL FEATURE;STRAIGHT,LEVEL;STATE SECONDARY ROUTE;TWO-WAY,DIVIDED,UNPROTECTED MEDIAN;SMOOTH ASPHALT;DRY;DAYLIGHT;CLEAR;NO CONTROL PRESENT;;;-78.7853;35.7015;;;0;2;1;;NONE;;NONE;;PASSENGER CAR;SPORT UTILITY;;;;NO;7925;2017-09-05;8:34:43 AM;2017-09-05T12:34:43+00:00;;2017;No;Yes;9;NONE;NONE,NONE;NONE,NONE;PASSENGER CAR,SPORT UTILITY;PASSENGER CAR,SPORT UTILITY;PASSENGER CAR,SPORT UTILITY;PASSENGER CAR,SPORT UTILITY
30565;200 FEET FROM (PVA) 2750 NC 55 HWY;DRIVEWAY, PUBLIC;STRAIGHT,LEVEL;PUBLIC VEHICULAR AREA;TWO-WAY,NOT DIVIDED;SMOOTH ASPHALT;DRY;DAYLIGHT;CLEAR;NO CONTROL PRESENT;;;-78.869955;35.786562;;;0;0;4;;NONE;;NONE;;PASSENGER CAR;PASSENGER CAR;;;;NO;7938;2017-09-07;11:56 AM;2017-09-07T15:56:00+00:00;;2017;No;No;9;NONE;NONE,NONE;NONE,NONE;PASSENGER CAR,PASSENGER CAR;PASSENGER CAR,PASSENGER CAR;PASSENGER CAR,PASSENGER CAR;PASSENGER CAR,PASSENGER CAR
30568;.12 MILES FROM SR# 1300 (KILDAIRE FARM RD);RELATED TO INTERSECTION;STRAIGHT,LEVEL;STATE SECONDARY ROUTE;TWO-WAY,DIVIDED,UNPROTECTED MEDIAN;COARSE ASPHALT;DRY;DAYLIGHT;CLEAR;NO CONTROL PRESENT;;;-78.78;35.75;;112;0;0;;;NONE;;NONE;;PASSENGER CAR;SPORT UTILITY;;;;NO;7941;2017-09-08;11:33 AM;2017-09-08T15:33:00+00:00;;2017;No;No;9;NONE;NONE,NONE;NONE,NONE;PASSENGER CAR,SPORT UTILITY;PASSENGER CAR,SPORT UTILITY;PASSENGER CAR,SPORT UTILITY;PASSENGER CAR,SPORT UTILITY
30571;100 FEET FROM PVA 1205 NE MAYNARD RD;DRIVEWAY, PUBLIC;STRAIGHT,BOTTOM (SAG);PUBLIC VEHICULAR AREA;ONE-WAY,NOT DIVIDED;SMOOTH ASPHALT;DRY;DAYLIGHT;CLEAR;NO CONTROL PRESENT;;;-78.76273;35.794351;;;0;0;;;NONE;;NONE;;SPORT UTILITY;;;;;NO;7944;2017-09-07;10:02 AM;2017-09-07T14:02:00+00:00;;2017;No;No;9;NONE;NONE,NONE;NONE,NONE;SPORT UTILITY;SPORT UTILITY;SPORT UTILITY;SPORT UTILITY
30584;.34 MILES FROM HWY US 64;FOUR-WAY INTERSECTION;STRAIGHT,LEVEL;US ROUTE;TWO-WAY,DIVIDED,UNPROTECTED MEDIAN;SMOOTH ASPHALT;DRY;DAYLIGHT;CLEAR;STOP AND GO SIGNAL;;;-78.8002;35.737;;;0;0;6;;;;NONE;;PASSENGER CAR;VAN;;;;NO;7957;2017-09-09;1:19:36 PM;2017-09-09T17:19:36+00:00;;2017;No;No;9;;NONE;NONE;PASSENGER CAR,VAN;PASSENGER CAR,VAN;PASSENGER CAR,VAN;PASSENGER CAR,VAN
30585;87 FEET FROM MEETING ST;FOUR-WAY INTERSECTION;STRAIGHT,GRADE;LOCAL STREET;TWO-WAY,DIVIDED,UNPROTECTED MEDIAN;SMOOTH ASPHALT;DRY;DAYLIGHT;CLEAR;STOP AND GO SIGNAL;35.759565079;-78.74137444;-78.8914;35.7847;P120;118;0;0;3;;;;NONE;;SPORT UTILITY;SPORT UTILITY;;;;NO;7958;2017-09-09;3:13:49 PM;2017-09-09T19:13:49+00:00;35.759565079, -78.74137444;2017;No;No;9;;NONE;NONE;SPORT UTILITY,SPORT UTILITY;SPORT UTILITY,SPORT UTILITY;SPORT UTILITY,SPORT UTILITY;SPORT UTILITY,SPORT UTILITY
30595;75 FEET FROM SR 1010 (TEN TEN RD);FOUR-WAY INTERSECTION;STRAIGHT,LEVEL;STATE SECONDARY ROUTE;TWO-WAY,DIVIDED,UNPROTECTED MEDIAN;SMOOTH ASPHALT;DRY;DAYLIGHT;CLEAR;STOP AND GO SIGNAL;;;-78.794;35.7043;;;0;0;4;;;;NONE;;SPORT UTILITY;SPORT UTILITY;;;;NO;7968;2017-09-10;10:59 AM;2017-09-10T14:59:00+00:00;;2017;No;No;9;;NONE;NONE;SPORT UTILITY,SPORT UTILITY;SPORT UTILITY,SPORT UTILITY;SPORT UTILITY,SPORT UTILITY;SPORT UTILITY,SPORT UTILITY
30599;129 FEET FROM SR1319 (JONES FRANKLIN RD);NO SPECIAL FEATURE;STRAIGHT,LEVEL;STATE SECONDARY ROUTE;TWO-WAY,NOT DIVIDED;SMOOTH ASPHALT;DRY;DAWN;CLOUDY;NO CONTROL PRESENT;;;-78.737873;35.745198;;;0;0;2;;NONE;;NONE;;VAN;PASSENGER CAR;;;;NO;7972;2017-09-11;6:49:21 AM;2017-09-11T10:49:21+00:00;;2017;No;No;9;NONE;NONE,NONE;NONE,NONE;VAN,PASSENGER CAR;VAN,PASSENGER CAR;VAN,PASSENGER CAR;VAN,PASSENGER CAR
30600;4 FEET FROM CASTALIA DR;RELATED TO INTERSECTION;STRAIGHT,LEVEL;LOCAL STREET;TWO-WAY,NOT DIVIDED;SMOOTH ASPHALT;DRY;DAYLIGHT;CLOUDY;STOP SIGN;;;-78.806959;35.779798;;;0;1;;1;NONE;;NONE;;PICKUP;;;;;NO;7973;2017-09-11;12:22 PM;2017-09-11T16:22:00+00:00;;2017;No;Yes;9;NONE;NONE,NONE;NONE,NONE;PICKUP;PICKUP;PICKUP;PICKUP
30601;CARY;NO SPECIAL FEATURE;STRAIGHT,LEVEL;LOCAL STREET;TWO-WAY,DIVIDED,POSITIVE MEDIAN BARRIER;SMOOTH ASPHALT;DRY;DAYLIGHT;CLOUDY;STOP AND GO SIGNAL;35.757648397;-78.73306878;-78.7418;35.7613;P045;118;0;0;4;;;;NONE;;SPORT UTILITY;VAN;;;;NO;7974;2017-09-11;10:40 AM;2017-09-11T14:40:00+00:00;35.757648397, -78.73306878;2017;No;No;9;;NONE;NONE;SPORT UTILITY,VAN;SPORT UTILITY,VAN;SPORT UTILITY,VAN;SPORT UTILITY,VAN
30610;499 FEET FROM SR 1011 (SW CARY PKWY);RAILROAD CROSSING;STRAIGHT,LEVEL;STATE SECONDARY ROUTE;TWO-WAY,DIVIDED,UNPROTECTED MEDIAN;SMOOTH ASPHALT;DRY;DAYLIGHT;CLOUDY;RR GATE AND FLASHER;;;-78.8216;35.7618;;;0;0;;;NONE;;NONE;;VAN;;;;;NO;7983;2017-09-11;9:38:38 AM;2017-09-11T13:38:38+00:00;;2017;No;No;9;NONE;NONE,NONE;NONE,NONE;VAN;VAN;VAN;VAN
30612;CARY;T-INTERSECTION;STRAIGHT,GRADE;STATE SECONDARY ROUTE;TWO-WAY,NOT DIVIDED;SMOOTH ASPHALT;WET;DAYLIGHT;CLOUDY;NO CONTROL PRESENT;;;-78.7788;35.6902;;116;0;1;1;;NONE;;NONE;;LIGHT TRUCK (MINI-VAN- PANEL);SPORT UTILITY;;;;NO;7985;2017-09-12;1:30:44 PM;2017-09-12T17:30:44+00:00;;2017;No;Yes;9;NONE;NONE,NONE;NONE,NONE;LIGHT TRUCK (MINI-VAN- PANEL),SPORT UTILITY;LIGHT TRUCK (MINI-VAN- PANEL),SPORT UTILITY;LIGHT TRUCK (MINI-VAN- PANEL),SPORT UTILITY;LIGHT TRUCK (MINI-VAN- PANEL),SPORT UTILITY
30617;.5 MILES FROM US 1;NO SPECIAL FEATURE;STRAIGHT,LEVEL;US ROUTE;TWO-WAY,DIVIDED,POSITIVE MEDIAN BARRIER;SMOOTH ASPHALT;WET;DAYLIGHT;RAIN;NO CONTROL PRESENT;;;-78.75729;35.75617;;;0;0;;;NONE;;NONE;;PASSENGER CAR;PICKUP;;;;NO;7990;2017-09-12;12:54 PM;2017-09-12T16:54:00+00:00;;2017;No;No;9;NONE;NONE,NONE;NONE,NONE;PASSENGER CAR,PICKUP;PASSENGER CAR,PICKUP;PASSENGER CAR,PICKUP;PASSENGER CAR,PICKUP
30623;200 FEET FROM SR 3084 (EVANS RD);NO SPECIAL FEATURE;STRAIGHT,LEVEL;STATE SECONDARY ROUTE;TWO-WAY,DIVIDED,UNPROTECTED MEDIAN;SMOOTH ASPHALT;WET;DAYLIGHT;CLOUDY;NO CONTROL PRESENT;;;-78.806378;35.8268;;;0;0;2;;NONE;;NONE;;PASSENGER CAR;;;;;NO;7996;2017-09-12;2:34:43 PM;2017-09-12T18:34:43+00:00;;2017;No;No;9;NONE;NONE,NONE;NONE,NONE;PASSENGER CAR;PASSENGER CAR;PASSENGER CAR;PASSENGER CAR
30624;.2 MILES FROM PVA 7145 SR 1628 (O`KELLY CHAP;NO SPECIAL FEATURE;STRAIGHT,LEVEL;PUBLIC VEHICULAR AREA;TWO-WAY,NOT DIVIDED;SMOOTH ASPHALT;WET;DAYLIGHT;RAIN;NO CONTROL PRESENT;;;-78.8877;35.8443;;;0;0;;;NONE;;NONE;;PASSENGER CAR;PASSENGER CAR;;;;NO;7997;2017-09-12;4:36:50 PM;2017-09-12T20:36:50+00:00;;2017;No;No;9;NONE;NONE,NONE;NONE,NONE;PASSENGER CAR,PASSENGER CAR;PASSENGER CAR,PASSENGER CAR;PASSENGER CAR,PASSENGER CAR;PASSENGER CAR,PASSENGER CAR
30625;.75 MILES FROM US 1 HWY;NO SPECIAL FEATURE;STRAIGHT,LEVEL;US ROUTE;TWO-WAY,DIVIDED,POSITIVE MEDIAN BARRIER;SMOOTH ASPHALT;WET;DAYLIGHT;RAIN;NO CONTROL PRESENT;;;-78.8009;35.7328;;;0;0;;;NONE;;NONE;;PASSENGER CAR;;;;;NO;7998;2017-09-12;6:13:57 PM;2017-09-12T22:13:57+00:00;;2017;No;No;9;NONE;NONE,NONE;NONE,NONE;PASSENGER CAR;PASSENGER CAR;PASSENGER CAR;PASSENGER CAR
30627;250 FEET FROM SW MAYNARD RD (SR1415);NO SPECIAL FEATURE;STRAIGHT,LEVEL;STATE SECONDARY ROUTE;TWO-WAY,NOT DIVIDED;SMOOTH ASPHALT;WET;DAYLIGHT;RAIN;NO CONTROL PRESENT;;;-78.786;35.7714;;;0;0;;;;;NONE;;SPORT UTILITY;PASSENGER CAR;;;;NO;8000;2017-09-12;6:22:37 PM;2017-09-12T22:22:37+00:00;;2017;No;No;9;;NONE;NONE;SPORT UTILITY,PASSENGER CAR;SPORT UTILITY,PASSENGER CAR;SPORT UTILITY,PASSENGER CAR;SPORT UTILITY,PASSENGER CAR
30630;.3 MILES FROM US 1N HWY;NO SPECIAL FEATURE;STRAIGHT,LEVEL;US ROUTE;TWO-WAY,DIVIDED,POSITIVE MEDIAN BARRIER;SMOOTH ASPHALT;WET;DAYLIGHT;RAIN;NO CONTROL PRESENT;;;-78.805;35.7305;;;0;1;;;NONE;;NONE;;SPORT UTILITY;PASSENGER CAR;;;;NO;8003;2017-09-12;8:33:30 PM;2017-09-13T00:33:30+00:00;;2017;No;Yes;9;NONE;NONE,NONE;NONE,NONE;SPORT UTILITY,PASSENGER CAR;SPORT UTILITY,PASSENGER CAR;SPORT UTILITY,PASSENGER CAR;SPORT UTILITY,PASSENGER CAR
30639;CARY;RELATED TO INTERSECTION;STRAIGHT,GRADE;STATE SECONDARY ROUTE;TWO-WAY,DIVIDED,UNPROTECTED MEDIAN;SMOOTH ASPHALT;DRY;DAYLIGHT;CLEAR;STOP SIGN;;;-78.8033;35.7943;;;0;0;;;;;NONE;;PASSENGER CAR;PASSENGER CAR;;;;NO;8012;2017-09-13;5:50:05 PM;2017-09-13T21:50:05+00:00;;2017;No;No;9;;NONE;NONE;PASSENGER CAR,PASSENGER CAR;PASSENGER CAR,PASSENGER CAR;PASSENGER CAR,PASSENGER CAR;PASSENGER CAR,PASSENGER CAR
30642;320 FEET FROM SR1300 (KILDAIRE FARM RD);NO SPECIAL FEATURE;STRAIGHT,LEVEL;STATE SECONDARY ROUTE;TWO-WAY,NOT DIVIDED;SMOOTH ASPHALT;DRY;DAYLIGHT;CLEAR;NO CONTROL PRESENT;;;-78.778801;35.735451;;;0;1;;;NONE;;NONE;;PICKUP;SPORT UTILITY;;;;NO;8015;2017-09-13;6:38:36 PM;2017-09-13T22:38:36+00:00;;2017;No;Yes;9;NONE;NONE,NONE;NONE,NONE;PICKUP,SPORT UTILITY;PICKUP,SPORT UTILITY;PICKUP,SPORT UTILITY;PICKUP,SPORT UTILITY
30643;50 FEET FROM US 1N HWY;NO SPECIAL FEATURE;STRAIGHT,LEVEL;US ROUTE;TWO-WAY,DIVIDED,POSITIVE MEDIAN BARRIER;SMOOTH ASPHALT;DRY;DAYLIGHT;CLEAR;NO CONTROL PRESENT;;;-78.7477;35.7604;;;0;1;;;NONE;;NONE;;SPORT UTILITY;PASSENGER CAR;;;;NO;8016;2017-09-13;6:23:30 PM;2017-09-13T22:23:30+00:00;;2017;No;Yes;9;NONE;NONE,NONE;NONE,NONE;SPORT UTILITY,PASSENGER CAR;SPORT UTILITY,PASSENGER CAR;SPORT UTILITY,PASSENGER CAR;SPORT UTILITY,PASSENGER CAR
30645;.1928 MILES FROM US EXIT 98 RAMP SB;OFF-RAMP ENTRY;CURVE,GRADE;US ROUTE;ONE-WAY,NOT DIVIDED;SMOOTH ASPHALT;DRY;DAYLIGHT;CLEAR;NO CONTROL PRESENT;;;-78.793228;35.738271;;;0;1;;;NONE;;NONE;;PICKUP;PASSENGER CAR;;;;NO;8018;2017-09-13;7:21:13 AM;2017-09-13T11:21:13+00:00;;2017;No;Yes;9;NONE;NONE,NONE;NONE,NONE;PICKUP,PASSENGER CAR;PICKUP,PASSENGER CAR;PICKUP,PASSENGER CAR;PICKUP,PASSENGER CAR
30655;0 FEET FROM GREGSON DR;FOUR-WAY INTERSECTION;STRAIGHT,LEVEL;LOCAL STREET;TWO-WAY,DIVIDED,UNPROTECTED MEDIAN;SMOOTH ASPHALT;DRY;DAYLIGHT;CLEAR;STOP SIGN;;;-78.8051;35.7395;;;0;0;;;NONE;;NONE;;SPORT UTILITY;PASSENGER CAR;;;;NO;8028;2017-09-14;4:08:35 PM;2017-09-14T20:08:35+00:00;;2017;No;No;9;NONE;NONE,NONE;NONE,NONE;SPORT UTILITY,PASSENGER CAR;SPORT UTILITY,PASSENGER CAR;SPORT UTILITY,PASSENGER CAR;SPORT UTILITY,PASSENGER CAR
30657;300 FEET FROM PVA 201 HARRISON OAKS BLVD;DRIVEWAY, PUBLIC;STRAIGHT,LEVEL;PUBLIC VEHICULAR AREA;TWO-WAY,NOT DIVIDED;SMOOTH ASPHALT;DRY;DAYLIGHT;CLOUDY;NO CONTROL PRESENT;;;-78.7706;35.8335;;;0;0;;;NONE;;NONE;;PASSENGER CAR;SPORT UTILITY;;;;NO;8030;2017-09-14;12:27 PM;2017-09-14T16:27:00+00:00;;2017;No;No;9;NONE;NONE,NONE;NONE,NONE;PASSENGER CAR,SPORT UTILITY;PASSENGER CAR,SPORT UTILITY;PASSENGER CAR,SPORT UTILITY;PASSENGER CAR,SPORT UTILITY
30668;.1 MILES FROM SR 1315 BUCK JONES RD;DRIVEWAY, PRIVATE;STRAIGHT,LEVEL;STATE SECONDARY ROUTE;TWO-WAY,NOT DIVIDED;SMOOTH ASPHALT;DRY;DAYLIGHT;CLEAR;NO CONTROL PRESENT;;;-78.745;35.7637;;;0;0;;;;;NONE;;PASSENGER CAR;PASSENGER CAR;;;;NO;8041;2017-09-17;2:27:47 PM;2017-09-17T18:27:47+00:00;;2017;No;No;9;;NONE;NONE;PASSENGER CAR,PASSENGER CAR;PASSENGER CAR,PASSENGER CAR;PASSENGER CAR,PASSENGER CAR;PASSENGER CAR,PASSENGER CAR
30672;.1 MILES FROM P.V.A. (3000 CENTREGREEN WAY);NO SPECIAL FEATURE;STRAIGHT,LEVEL;PUBLIC VEHICULAR AREA;TWO-WAY,NOT DIVIDED;SMOOTH ASPHALT;DRY;DAYLIGHT;CLEAR;NO CONTROL PRESENT;35.601953675;-78.79930456;-78.7957;35.8272;P119;RALW;0;0;;;NONE;;NONE;;SPORT UTILITY;SPORT UTILITY;;;;NO;8045;2017-09-15;5:00:27 PM;2017-09-15T21:00:27+00:00;35.601953675, -78.79930456;2017;No;No;9;NONE;NONE,NONE;NONE,NONE;SPORT UTILITY,SPORT UTILITY;SPORT UTILITY,SPORT UTILITY;SPORT UTILITY,SPORT UTILITY;SPORT UTILITY,SPORT UTILITY
30676;45 FEET FROM PVA OF 1298 BUCK JONES RD;NO SPECIAL FEATURE;STRAIGHT,LEVEL;PUBLIC VEHICULAR AREA;ONE-WAY,NOT DIVIDED;SMOOTH ASPHALT;DRY;DARK - LIGHTED ROADWAY;CLEAR;NO CONTROL PRESENT;;;-78.742656;35.765693;;;0;0;22;;NONE;;NONE;;PASSENGER CAR;;;;;NO;8049;2017-09-02;7:05:35 AM;2017-09-02T11:05:35+00:00;;2017;No;No;9;NONE;NONE,NONE;NONE,NONE;PASSENGER CAR;PASSENGER CAR;PASSENGER CAR;PASSENGER CAR
30681;.60 MILES FROM US 1 HWY;NO SPECIAL FEATURE;STRAIGHT,LEVEL;US ROUTE;TWO-WAY,DIVIDED,POSITIVE MEDIAN BARRIER;CONCRETE;WET;DAYLIGHT;RAIN;NO CONTROL PRESENT;35.736894104;-78.79376171;-78.780611;35.743968;P043;116;0;0;;;NONE;;NONE;;PICKUP;SPORT UTILITY;;;;NO;8054;2017-09-14;11:33 PM;2017-09-15T03:33:00+00:00;35.736894104, -78.79376171;2017;No;No;9;NONE;NONE,NONE;NONE,NONE;PICKUP,SPORT UTILITY;PICKUP,SPORT UTILITY;PICKUP,SPORT UTILITY;PICKUP,SPORT UTILITY
30682;50 FEET FROM SR 1319 (JONES FRANKLIN RD);NO SPECIAL FEATURE;STRAIGHT,LEVEL;STATE SECONDARY ROUTE;TWO-WAY,NOT DIVIDED;SMOOTH ASPHALT;DRY;DARK - LIGHTED ROADWAY;CLEAR;;;;-78.7373;35.7479;;;0;0;;;NONE;;NONE;;PICKUP;AUTOCYCLE;;;;;8055;2017-09-14;2:41:34 AM;2017-09-14T06:41:34+00:00;;2017;No;No;9;NONE;NONE,NONE;NONE,NONE;PICKUP,AUTOCYCLE;PICKUP,AUTOCYCLE;PICKUP,AUTOCYCLE;PICKUP,AUTOCYCLE
30689;20 FEET FROM (PVA) 2325 DAVIS DR;DRIVEWAY, PUBLIC;STRAIGHT,LEVEL;STATE SECONDARY ROUTE;TWO-WAY,DIVIDED,UNPROTECTED MEDIAN;SMOOTH ASPHALT;DRY;DAYLIGHT;CLEAR;NO CONTROL PRESENT;;;-78.8473;35.7899;;;0;0;1;;;;NONE;;PASSENGER CAR;;;;;NO;8062;2017-09-17;11:26 PM;2017-09-18T03:26:00+00:00;;2017;No;No;9;;NONE;NONE;PASSENGER CAR;PASSENGER CAR;PASSENGER CAR;PASSENGER CAR
30691;.1 MILES FROM (P.V.A) 102 COLLIER PL;DRIVEWAY, PUBLIC;STRAIGHT,LEVEL;PUBLIC VEHICULAR AREA;TWO-WAY,NOT DIVIDED;COARSE ASPHALT;DRY;DAYLIGHT;CLEAR;NO CONTROL PRESENT;35.809463095;-78.78576667;-78.7871;35.8097;;;0;0;;;NONE;;NONE;;UNKNOWN;PASSENGER CAR;;;;NO;8064;2017-09-17;4:51:39 AM;2017-09-17T08:51:39+00:00;35.809463095, -78.78576667;2017;No;No;9;NONE;NONE,NONE;NONE,NONE;UNKNOWN,PASSENGER CAR;UNKNOWN,PASSENGER CAR;UNKNOWN,PASSENGER CAR;UNKNOWN,PASSENGER CAR
30699;100 FEET FROM WICKLOW DR;NO SPECIAL FEATURE;STRAIGHT,LEVEL;LOCAL STREET;TWO-WAY,NOT DIVIDED;SMOOTH ASPHALT;DRY;DAYLIGHT;CLEAR;NO CONTROL PRESENT;35.818340953;-78.78852466;-78.7902;35.7679;P024;111;0;0;1;;;;NONE;;SPORT UTILITY;PASSENGER CAR;;;;NO;8072;2017-09-18;1:52:42 PM;2017-09-18T17:52:42+00:00;35.818340953, -78.78852466;2017;No;No;9;;NONE;NONE;SPORT UTILITY,PASSENGER CAR;SPORT UTILITY,PASSENGER CAR;SPORT UTILITY,PASSENGER CAR;SPORT UTILITY,PASSENGER CAR
30700;CARY;FOUR-WAY INTERSECTION;STRAIGHT,LEVEL;STATE SECONDARY ROUTE;TWO-WAY,DIVIDED,UNPROTECTED MEDIAN;SMOOTH ASPHALT;DRY;DAYLIGHT;CLEAR;STOP AND GO SIGNAL;;;-78.9002;35.8293;;119;0;1;2;;NONE;;NONE;;PASSENGER CAR;;;;;NO;8073;2017-09-18;11:55 AM;2017-09-18T15:55:00+00:00;;2017;No;Yes;9;NONE;NONE,NONE;NONE,NONE;PASSENGER CAR;PASSENGER CAR;PASSENGER CAR;PASSENGER CAR
30701;CARY;FOUR-WAY INTERSECTION;STRAIGHT,LEVEL;LOCAL STREET;TWO-WAY,DIVIDED,UNPROTECTED MEDIAN;SMOOTH ASPHALT;DRY;DAYLIGHT;CLEAR;STOP SIGN;35.823887632;-78.90999351;-78.91;35.8238;P076;119;0;0;1;;NONE;;NONE;;PASSENGER CAR;PASSENGER CAR;;;;NO;8074;2017-09-18;3:00:14 PM;2017-09-18T19:00:14+00:00;35.823887632, -78.90999351;2017;No;No;9;NONE;NONE,NONE;NONE,NONE;PASSENGER CAR,PASSENGER CAR;PASSENGER CAR,PASSENGER CAR;PASSENGER CAR,PASSENGER CAR;PASSENGER CAR,PASSENGER CAR
30704;CARY;NO SPECIAL FEATURE;STRAIGHT,LEVEL;NC ROUTE;TWO-WAY,NOT DIVIDED;SMOOTH ASPHALT;DRY;DAYLIGHT;CLEAR;STOP SIGN;35.79295009;-78.87057115;-78.870564;35.79287;P077;122;0;0;;;NONE;;NONE;;SPORT UTILITY;SCHOOL BUS;;;;NO;8077;2017-09-19;7:31:55 AM;2017-09-19T11:31:55+00:00;35.79295009, -78.87057115;2017;No;No;9;NONE;NONE,NONE;NONE,NONE;SPORT UTILITY,SCHOOL BUS;SPORT UTILITY,SCHOOL BUS;SPORT UTILITY,SCHOOL BUS;SPORT UTILITY,SCHOOL BUS
30708;10 FEET FROM SR 1633 (GOOD HOPE CHURCH RD);NO SPECIAL FEATURE;STRAIGHT,LEVEL;STATE SECONDARY ROUTE;TWO-WAY,DIVIDED,POSITIVE MEDIAN BARRIER;SMOOTH ASPHALT;DRY;DAYLIGHT;CLEAR;STOP SIGN;;;-78.876971;35.829554;;;0;0;;;NONE;;NONE;;SPORT UTILITY;SPORT UTILITY;;;;NO;8081;2017-09-19;5:45:39 PM;2017-09-19T21:45:39+00:00;;2017;No;No;9;NONE;NONE,NONE;NONE,NONE;SPORT UTILITY,SPORT UTILITY;SPORT UTILITY,SPORT UTILITY;SPORT UTILITY,SPORT UTILITY;SPORT UTILITY,SPORT UTILITY