tamainid;location_description;rdfeature;rdcharacter;rdclass;rdconfigur;rdsurface;rdcondition;lightcond;weather;trafcontrl;lat;lon;lon2;lat2;tract;zone;fatality;possblinj;numpassengers;numpedestrians;contrcir1_desc;contrcir2_desc;contrcir3_desc;contrcir4_desc;vehicle1;vehicle2;vehicle3;vehicle4;vehicle5;workarea;records;ta_date;ta_time;crash_date;geo_location;year;fatalities;injuries;month;contrfact1;contrfact2;contributing_factor;vehicleconcat1;vehicleconcat2;vehicleconcat3;vehicle_type
30716;.1 MILES FROM SR-1313 WALNUT ST;FOUR-WAY INTERSECTION;STRAIGHT,LEVEL;STATE SECONDARY ROUTE;TWO-WAY,DIVIDED,UNPROTECTED MEDIAN;SMOOTH ASPHALT;DRY;DAYLIGHT;CLEAR;STOP AND GO SIGNAL;;;-78.7414;35.7531;;;0;2;;;NONE;;NONE;;SPORT UTILITY;PASSENGER CAR;;;;NO;8089;2017-09-20;3:46:25 PM;2017-09-20T19:46:25+00:00;;2017;No;Yes;9;NONE;NONE,NONE;NONE,NONE;SPORT UTILITY,PASSENGER CAR;SPORT UTILITY,PASSENGER CAR;SPORT UTILITY,PASSENGER CAR;SPORT UTILITY,PASSENGER CAR
30722;30 FEET FROM US HWY 64;RELATED TO INTERSECTION;STRAIGHT,LEVEL;US ROUTE;TWO-WAY,DIVIDED,UNPROTECTED MEDIAN;SMOOTH ASPHALT;DRY;DAYLIGHT;CLEAR;NO CONTROL PRESENT;35.741539722;-78.8097058;-78.8094;35.7415;P041;116;0;0;1;;NONE;;NONE;;PASSENGER CAR;PICKUP;PICKUP;;;NO;8095;2017-09-20;3:00:16 PM;2017-09-20T19:00:16+00:00;35.741539722, -78.8097058;2017;No;No;9;NONE;NONE,NONE;NONE,NONE;PASSENGER CAR,PICKUP;PASSENGER CAR,PICKUP,PICKUP;PASSENGER CAR,PICKUP,PICKUP;PASSENGER CAR,PICKUP,PICKUP
30723;0 FEET FROM SR 1655 (TRENTON RD);T-INTERSECTION;STRAIGHT,LEVEL;LOCAL STREET;TWO-WAY,NOT DIVIDED;SMOOTH ASPHALT;DRY;DAYLIGHT;CLEAR;NO CONTROL PRESENT;;;-78.7435;35.818;;;0;0;;;UNKNOWN;;NONE;;;;;;;NO;8096;2017-09-21;12:00 PM;2017-09-21T16:00:00+00:00;;2017;No;No;9;UNKNOWN;UNKNOWN,NONE;UNKNOWN,NONE;;;;
30724;CARY;FOUR-WAY INTERSECTION;STRAIGHT,LEVEL;STATE SECONDARY ROUTE;TWO-WAY,DIVIDED,UNPROTECTED MEDIAN;CONCRETE;DRY;DARK - LIGHTED ROADWAY;CLEAR;STOP AND GO SIGNAL;35.813588777;-78.84801994;-78.848195;35.813528;P079;121;0;2;1;;NONE;;NONE;;PASSENGER CAR;PASSENGER CAR;;;;NO;8097;2017-09-20;9:08:49 PM;2017-09-21T01:08:49+00:00;35.813588777, -78.84801994;2017;No;Yes;9;NONE;NONE,NONE;NONE,NONE;PASSENGER CAR,PASSENGER CAR;PASSENGER CAR,PASSENGER CAR;PASSENGER CAR,PASSENGER CAR;PASSENGER CAR,PASSENGER CAR
30725;200 FEET FROM US 1;NO SPECIAL FEATURE;STRAIGHT,LEVEL;US ROUTE;TWO-WAY,DIVIDED,UNPROTECTED MEDIAN;SMOOTH ASPHALT;DRY;DAYLIGHT;CLEAR;NO CONTROL PRESENT;;;-78.739394;35.765241;;;0;0;;;NONE;;NONE;;PASSENGER CAR;PASSENGER CAR;;;;NO;8098;2017-09-21;1:51:07 PM;2017-09-21T17:51:07+00:00;;2017;No;No;9;NONE;NONE,NONE;NONE,NONE;PASSENGER CAR,PASSENGER CAR;PASSENGER CAR,PASSENGER CAR;PASSENGER CAR,PASSENGER CAR;PASSENGER CAR,PASSENGER CAR
30728;CARY;T-INTERSECTION;STRAIGHT,LEVEL;LOCAL STREET;TWO-WAY,NOT DIVIDED;SMOOTH ASPHALT;DRY;DAYLIGHT;CLEAR;STOP SIGN;35.766835779;-78.79068188;-78.79;35.76;P039;115;0;0;;;NONE;;NONE;;PASSENGER CAR;PASSENGER CAR;;;;NO;8101;2017-09-20;10:21 PM;2017-09-21T02:21:00+00:00;35.766835779, -78.79068188;2017;No;No;9;NONE;NONE,NONE;NONE,NONE;PASSENGER CAR,PASSENGER CAR;PASSENGER CAR,PASSENGER CAR;PASSENGER CAR,PASSENGER CAR;PASSENGER CAR,PASSENGER CAR
30729;32 FEET FROM SR 1652 (N HARRISON AVE);NO SPECIAL FEATURE;STRAIGHT,GRADE;STATE SECONDARY ROUTE;TWO-WAY,NOT DIVIDED;SMOOTH ASPHALT;WET;DAYLIGHT;CLOUDY;NO CONTROL PRESENT;;;-78.783106;35.797153;;;0;0;2;;NONE;;NONE;;SPORT UTILITY;PASSENGER CAR;PASSENGER CAR;PASSENGER CAR;;NO;8102;2017-09-21;8:08:50 PM;2017-09-22T00:08:50+00:00;;2017;No;No;9;NONE;NONE,NONE;NONE,NONE;SPORT UTILITY,PASSENGER CAR;SPORT UTILITY,PASSENGER CAR,PASSENGER CAR;SPORT UTILITY,PASSENGER CAR,PASSENGER CAR,PASSENGER CAR;SPORT UTILITY,PASSENGER CAR,PASSENGER CAR,PASSENGER CAR
30730;.2 MILES FROM SR 1615 (HIGH HOUSE RD);NO SPECIAL FEATURE;STRAIGHT,GRADE;STATE SECONDARY ROUTE;TWO-WAY,DIVIDED,UNPROTECTED MEDIAN;SMOOTH ASPHALT;WET;DAYLIGHT;RAIN;NO CONTROL PRESENT;;;-78.867827;35.788441;;117;0;0;3;;NONE;;NONE;;PASSENGER CAR;LIGHT TRUCK (MINI-VAN- PANEL);;;;NO;8103;2017-09-21;4:52:58 PM;2017-09-21T20:52:58+00:00;;2017;No;No;9;NONE;NONE,NONE;NONE,NONE;PASSENGER CAR,LIGHT TRUCK (MINI-VAN- PANEL);PASSENGER CAR,LIGHT TRUCK (MINI-VAN- PANEL);PASSENGER CAR,LIGHT TRUCK (MINI-VAN- PANEL);PASSENGER CAR,LIGHT TRUCK (MINI-VAN- PANEL)
30735;300 FEET FROM PVA (101 REED ST);DRIVEWAY, PUBLIC;STRAIGHT,LEVEL;PUBLIC VEHICULAR AREA;TWO-WAY,NOT DIVIDED;SMOOTH ASPHALT;DRY;DAYLIGHT;CLEAR;NO CONTROL PRESENT;;;-78.763053;35.790005;;120;0;0;;;NONE;;NONE;;VAN;SPORT UTILITY;;;;NO;8108;2017-09-22;11:09 AM;2017-09-22T15:09:00+00:00;;2017;No;No;9;NONE;NONE,NONE;NONE,NONE;VAN,SPORT UTILITY;VAN,SPORT UTILITY;VAN,SPORT UTILITY;VAN,SPORT UTILITY
30737;.12 MILES FROM I 40;NO SPECIAL FEATURE;STRAIGHT,LEVEL;INTERSTATE;TWO-WAY,DIVIDED,POSITIVE MEDIAN BARRIER;SMOOTH ASPHALT;DRY;DAYLIGHT;CLEAR;NO CONTROL PRESENT;;;-78.765919;35.832738;;;0;0;;;NONE;;;;PASSENGER CAR;PASSENGER CAR;;;;NO;8110;2017-09-22;11:18 AM;2017-09-22T15:18:00+00:00;;2017;No;No;9;NONE;NONE;NONE;PASSENGER CAR,PASSENGER CAR;PASSENGER CAR,PASSENGER CAR;PASSENGER CAR,PASSENGER CAR;PASSENGER CAR,PASSENGER CAR
30738;100 FEET FROM PVA 1830 WALNUT ST;NO SPECIAL FEATURE;STRAIGHT,LEVEL;PUBLIC VEHICULAR AREA;ONE-WAY,NOT DIVIDED;SMOOTH ASPHALT;DRY;DARK - LIGHTED ROADWAY;CLEAR;NO CONTROL PRESENT;;;-78.74392;35.75877;;;0;1;;;NONE;;NONE;;PASSENGER CAR;;;;;NO;8111;2017-09-22;12:59 PM;2017-09-22T16:59:00+00:00;;2017;No;Yes;9;NONE;NONE,NONE;NONE,NONE;PASSENGER CAR;PASSENGER CAR;PASSENGER CAR;PASSENGER CAR
30739;20 FEET FROM SR 1300 (KILDAIRE FARM RD);NO SPECIAL FEATURE;STRAIGHT,LEVEL;STATE SECONDARY ROUTE;TWO-WAY,DIVIDED,UNPROTECTED MEDIAN;SMOOTH ASPHALT;DRY;DAYLIGHT;CLEAR;NO CONTROL PRESENT;;;-78.778534;35.73511;;118;0;0;;;NONE;;NONE;;PICKUP;PASSENGER CAR;;;;NO;8112;2017-09-21;1:23:56 PM;2017-09-21T17:23:56+00:00;;2017;No;No;9;NONE;NONE,NONE;NONE,NONE;PICKUP,PASSENGER CAR;PICKUP,PASSENGER CAR;PICKUP,PASSENGER CAR;PICKUP,PASSENGER CAR
30742;400 FEET FROM (PVA) 10140 GREEN LEVEL CHURCH;DRIVEWAY, PUBLIC;STRAIGHT,LEVEL;PUBLIC VEHICULAR AREA;TWO-WAY,NOT DIVIDED;SMOOTH ASPHALT;DRY;DAYLIGHT;CLEAR;NO CONTROL PRESENT;;;-78.901239;35.821255;;;0;0;;;NONE;;NONE;;PASSENGER CAR;PICKUP;;;;NO;8115;2017-09-22;12:41 PM;2017-09-22T16:41:00+00:00;;2017;No;No;9;NONE;NONE,NONE;NONE,NONE;PASSENGER CAR,PICKUP;PASSENGER CAR,PICKUP;PASSENGER CAR,PICKUP;PASSENGER CAR,PICKUP
30748;.1 MILES FROM HIGH MEADOW DR;DRIVEWAY, PRIVATE;STRAIGHT,LEVEL;LOCAL STREET;TWO-WAY,NOT DIVIDED;SMOOTH ASPHALT;DRY;DAYLIGHT;CLEAR;STOP SIGN;;;-78.7807;35.7589;;;0;0;1;;;;NONE;;PASSENGER CAR;PASSENGER CAR;;;;NO;8121;2017-09-23;11:56 AM;2017-09-23T15:56:00+00:00;;2017;No;No;9;;NONE;NONE;PASSENGER CAR,PASSENGER CAR;PASSENGER CAR,PASSENGER CAR;PASSENGER CAR,PASSENGER CAR;PASSENGER CAR,PASSENGER CAR
30753;150 FEET FROM SR 1313 (WALNUT ST);NO SPECIAL FEATURE;STRAIGHT,LEVEL;STATE SECONDARY ROUTE;TWO-WAY,DIVIDED,POSITIVE MEDIAN BARRIER;SMOOTH ASPHALT;DRY;DAYLIGHT;CLEAR;STOP AND GO SIGNAL;;;-78.7425;35.759;;;0;1;2;;;;NONE;;SPORT UTILITY;PASSENGER CAR;;;;NO;8126;2017-09-23;2:56:57 PM;2017-09-23T18:56:57+00:00;;2017;No;Yes;9;;NONE;NONE;SPORT UTILITY,PASSENGER CAR;SPORT UTILITY,PASSENGER CAR;SPORT UTILITY,PASSENGER CAR;SPORT UTILITY,PASSENGER CAR
30756;CARY;NO SPECIAL FEATURE;STRAIGHT,LEVEL;STATE SECONDARY ROUTE;TWO-WAY,NOT DIVIDED;SMOOTH ASPHALT;WET;DAYLIGHT;RAIN;NO CONTROL PRESENT;;;-78.7641;35.7848;;;0;0;1;;NONE;;NONE;;PASSENGER CAR;PASSENGER CAR;PICKUP;;;NO;8129;2017-09-21;4:36:51 PM;2017-09-21T20:36:51+00:00;;2017;No;No;9;NONE;NONE,NONE;NONE,NONE;PASSENGER CAR,PASSENGER CAR;PASSENGER CAR,PASSENGER CAR,PICKUP;PASSENGER CAR,PASSENGER CAR,PICKUP;PASSENGER CAR,PASSENGER CAR,PICKUP
30757;20 FEET FROM 2740 NC 55 HWY;NO SPECIAL FEATURE;STRAIGHT,LEVEL;PUBLIC VEHICULAR AREA;ONE-WAY,NOT DIVIDED;SMOOTH ASPHALT;DRY;DAYLIGHT;CLEAR;NO CONTROL PRESENT;;;-78.8711;35.7854;;;0;0;;;NONE;;NONE;;PICKUP;;;;;NO;8130;2017-09-20;10:57 AM;2017-09-20T14:57:00+00:00;;2017;No;No;9;NONE;NONE,NONE;NONE,NONE;PICKUP;PICKUP;PICKUP;PICKUP
30761;.077 MILES FROM P.V.A. (2031 WALNUT ST);DRIVEWAY, PUBLIC;STRAIGHT,LEVEL;PUBLIC VEHICULAR AREA;TWO-WAY,NOT DIVIDED;SMOOTH ASPHALT;DRY;DAYLIGHT;CLEAR;NO CONTROL PRESENT;;;-78.739431;35.75654;;;0;0;;;NONE;;NONE;;UNKNOWN;PASSENGER CAR;;;;NO;8134;2017-09-23;9:48:27 AM;2017-09-23T13:48:27+00:00;;2017;No;No;9;NONE;NONE,NONE;NONE,NONE;UNKNOWN,PASSENGER CAR;UNKNOWN,PASSENGER CAR;UNKNOWN,PASSENGER CAR;UNKNOWN,PASSENGER CAR
30770;100 FEET FROM FERN MEADOW DR;NO SPECIAL FEATURE;STRAIGHT,LEVEL;LOCAL STREET;TWO-WAY,NOT DIVIDED;SMOOTH ASPHALT;DRY;DAYLIGHT;CLEAR;NO CONTROL PRESENT;35.796108905;-78.815348;-78.815543;35.795673;P065;114;0;0;2;;NONE;;NONE;;SPORT UTILITY;PASSENGER CAR;;;;NO;8143;2017-09-22;8:46:32 AM;2017-09-22T12:46:32+00:00;35.796108905, -78.815348;2017;No;No;9;NONE;NONE,NONE;NONE,NONE;SPORT UTILITY,PASSENGER CAR;SPORT UTILITY,PASSENGER CAR;SPORT UTILITY,PASSENGER CAR;SPORT UTILITY,PASSENGER CAR
30771;200 FEET FROM P.V.A. (CARY HIGH SCHOOL);NO SPECIAL FEATURE;STRAIGHT,LEVEL;PUBLIC VEHICULAR AREA;TWO-WAY,NOT DIVIDED;SMOOTH ASPHALT;DRY;DAYLIGHT;CLEAR;NO CONTROL PRESENT;;;;;;;0;0;;;NONE;;NONE;;PASSENGER CAR;PASSENGER CAR;;;;NO;8144;2017-09-22;9:15:00 AM;2017-09-22T13:15:00+00:00;;2017;No;No;9;NONE;NONE,NONE;NONE,NONE;PASSENGER CAR,PASSENGER CAR;PASSENGER CAR,PASSENGER CAR;PASSENGER CAR,PASSENGER CAR;PASSENGER CAR,PASSENGER CAR
30773;CARY;FOUR-WAY INTERSECTION;STRAIGHT,LEVEL;STATE SECONDARY ROUTE;TWO-WAY,DIVIDED,UNPROTECTED MEDIAN;SMOOTH ASPHALT;DRY;DAYLIGHT;CLEAR;STOP SIGN;;;-78.91;35.8238;;;0;1;1;;NONE;;NONE;;PASSENGER CAR;PASSENGER CAR;;;;NO;8146;2017-09-24;7:30:31 AM;2017-09-24T11:30:31+00:00;;2017;No;Yes;9;NONE;NONE,NONE;NONE,NONE;PASSENGER CAR,PASSENGER CAR;PASSENGER CAR,PASSENGER CAR;PASSENGER CAR,PASSENGER CAR;PASSENGER CAR,PASSENGER CAR
30775;247 FEET FROM SR#1605 (HIGH HOUSE RD);NO SPECIAL FEATURE;STRAIGHT,LEVEL;STATE SECONDARY ROUTE;TWO-WAY,NOT DIVIDED;SMOOTH ASPHALT;DRY;DAYLIGHT;CLEAR;NO CONTROL PRESENT;;;-78.858586;35.789075;;;0;0;;;NONE;;NONE;;PASSENGER CAR;PASSENGER CAR;;;;NO;8148;2017-09-25;9:33:36 AM;2017-09-25T13:33:36+00:00;;2017;No;No;9;NONE;NONE,NONE;NONE,NONE;PASSENGER CAR,PASSENGER CAR;PASSENGER CAR,PASSENGER CAR;PASSENGER CAR,PASSENGER CAR;PASSENGER CAR,PASSENGER CAR
30782;330 FEET FROM SR 1652 (N HARRISON AV);NO SPECIAL FEATURE;STRAIGHT,LEVEL;STATE SECONDARY ROUTE;TWO-WAY,NOT DIVIDED;SMOOTH ASPHALT;DRY;DAYLIGHT;CLEAR;STOP AND GO SIGNAL;;;-78.7701;35.8266;;;0;2;4;;;;NONE;;PICKUP;PASSENGER CAR;;;;NO;8155;2017-09-25;2:09:23 PM;2017-09-25T18:09:23+00:00;;2017;No;Yes;9;;NONE;NONE;PICKUP,PASSENGER CAR;PICKUP,PASSENGER CAR;PICKUP,PASSENGER CAR;PICKUP,PASSENGER CAR
30785;100 FEET FROM NC 55 HWY;NO SPECIAL FEATURE;STRAIGHT,LEVEL;NC ROUTE;TWO-WAY,DIVIDED,UNPROTECTED MEDIAN;SMOOTH ASPHALT;DRY;DAYLIGHT;CLEAR;NO CONTROL PRESENT;;;-78.88449;35.838079;;;0;0;1;;NONE;;NONE;;PASSENGER CAR;PASSENGER CAR;;;;NO;8158;2017-09-25;4:06:04 PM;2017-09-25T20:06:04+00:00;;2017;No;No;9;NONE;NONE,NONE;NONE,NONE;PASSENGER CAR,PASSENGER CAR;PASSENGER CAR,PASSENGER CAR;PASSENGER CAR,PASSENGER CAR;PASSENGER CAR,PASSENGER CAR
30788;83 FEET FROM P.V.A. (KILDAIRE FARM RD);DRIVEWAY, PUBLIC;STRAIGHT,LEVEL;PUBLIC VEHICULAR AREA;TWO-WAY,NOT DIVIDED;SMOOTH ASPHALT;DRY;DAYLIGHT;CLEAR;NO CONTROL PRESENT;;;-78.795752;35.703979;;;0;0;1;;NONE;;NONE;;PASSENGER CAR;SPORT UTILITY;;;;NO;8161;2017-09-25;6:33:21 PM;2017-09-25T22:33:21+00:00;;2017;No;No;9;NONE;NONE,NONE;NONE,NONE;PASSENGER CAR,SPORT UTILITY;PASSENGER CAR,SPORT UTILITY;PASSENGER CAR,SPORT UTILITY;PASSENGER CAR,SPORT UTILITY
30792;.5 MILES FROM US 1 N;NO SPECIAL FEATURE;STRAIGHT,LEVEL;US ROUTE;TWO-WAY,DIVIDED,POSITIVE MEDIAN BARRIER;SMOOTH ASPHALT;DRY;DAYLIGHT;CLEAR;NO CONTROL PRESENT;;;-78.7592;35.7549;;;0;1;;;NONE;;NONE;;PASSENGER CAR;PASSENGER CAR;PASSENGER CAR;;;NO;8165;2017-09-19;4:43:53 PM;2017-09-19T20:43:53+00:00;;2017;No;Yes;9;NONE;NONE,NONE;NONE,NONE;PASSENGER CAR,PASSENGER CAR;PASSENGER CAR,PASSENGER CAR,PASSENGER CAR;PASSENGER CAR,PASSENGER CAR,PASSENGER CAR;PASSENGER CAR,PASSENGER CAR,PASSENGER CAR
30793;.4545 MILES FROM US 1 HWY;NO SPECIAL FEATURE;STRAIGHT,LEVEL;US ROUTE;TWO-WAY,DIVIDED,POSITIVE MEDIAN BARRIER;SMOOTH ASPHALT;DRY;DUSK;CLOUDY;NO CONTROL PRESENT;;;-78.751966;35.758522;;;0;0;1;;NONE;;NONE;;PASSENGER CAR;LIGHT TRUCK (MINI-VAN- PANEL);;;;NO;8166;2017-09-26;7:00:06 AM;2017-09-26T11:00:06+00:00;;2017;No;No;9;NONE;NONE,NONE;NONE,NONE;PASSENGER CAR,LIGHT TRUCK (MINI-VAN- PANEL);PASSENGER CAR,LIGHT TRUCK (MINI-VAN- PANEL);PASSENGER CAR,LIGHT TRUCK (MINI-VAN- PANEL);PASSENGER CAR,LIGHT TRUCK (MINI-VAN- PANEL)
30796;CARY;FOUR-WAY INTERSECTION;STRAIGHT,LEVEL;STATE SECONDARY ROUTE;TWO-WAY,NOT DIVIDED;SMOOTH ASPHALT;DRY;DAYLIGHT;CLOUDY;STOP AND GO SIGNAL;;;-78.799351;35.783522;;;0;1;1;;NONE;;NONE;;PASSENGER CAR;VAN;;;;NO;8169;2017-09-26;10:16 AM;2017-09-26T14:16:00+00:00;;2017;No;Yes;9;NONE;NONE,NONE;NONE,NONE;PASSENGER CAR,VAN;PASSENGER CAR,VAN;PASSENGER CAR,VAN;PASSENGER CAR,VAN
30803;.4 MILES FROM SR 1009 (TRYON RD);NO SPECIAL FEATURE;STRAIGHT,LEVEL;STATE SECONDARY ROUTE;TWO-WAY,DIVIDED,UNPROTECTED MEDIAN;SMOOTH ASPHALT;DRY;DAYLIGHT;CLEAR;NO CONTROL PRESENT;;;-78.766;35.7426;;118;0;0;;;NONE;;NONE;;SPORT UTILITY;SPORT UTILITY;;;;NO;8176;2017-09-27;8:29:36 AM;2017-09-27T12:29:36+00:00;;2017;No;No;9;NONE;NONE,NONE;NONE,NONE;SPORT UTILITY,SPORT UTILITY;SPORT UTILITY,SPORT UTILITY;SPORT UTILITY,SPORT UTILITY;SPORT UTILITY,SPORT UTILITY
30805;0 FEET FROM SR 3977 (SE CARY PKWY);FOUR-WAY INTERSECTION;STRAIGHT,HILLCREST;STATE SECONDARY ROUTE;TWO-WAY,DIVIDED,POSITIVE MEDIAN BARRIER;SMOOTH ASPHALT;DRY;DAYLIGHT;CLEAR;STOP AND GO SIGNAL;;;-78.744;35.7374;;;0;0;;;NONE;;NONE;;PASSENGER CAR;;;;;NO;8178;2017-09-27;7:46:57 AM;2017-09-27T11:46:57+00:00;;2017;No;No;9;NONE;NONE,NONE;NONE,NONE;PASSENGER CAR;PASSENGER CAR;PASSENGER CAR;PASSENGER CAR
30818;300 FEET FROM P.V.A. (2425 KILDAIRE FARM RD);NO SPECIAL FEATURE;CURVE,GRADE;PUBLIC VEHICULAR AREA;TWO-WAY,NOT DIVIDED;SMOOTH ASPHALT;DRY;DAYLIGHT;CLEAR;NO CONTROL PRESENT;;;-78.7764;35.7282;;;0;0;;;NONE;;NONE;;PASSENGER CAR;;;;;NO;8191;2017-09-28;9:53:54 AM;2017-09-28T13:53:54+00:00;;2017;No;No;9;NONE;NONE,NONE;NONE,NONE;PASSENGER CAR;PASSENGER CAR;PASSENGER CAR;PASSENGER CAR
30819;CARY;FOUR-WAY INTERSECTION;STRAIGHT,LEVEL;LOCAL STREET;TWO-WAY,DIVIDED,UNPROTECTED MEDIAN;COARSE ASPHALT;DRY;DAYLIGHT;CLEAR;STOP AND GO SIGNAL;;;-78.75;35.66;;116;0;1;;;NONE;;NONE;;PASSENGER CAR;VAN;;;;NO;8192;2017-09-28;11:18 AM;2017-09-28T15:18:00+00:00;;2017;No;Yes;9;NONE;NONE,NONE;NONE,NONE;PASSENGER CAR,VAN;PASSENGER CAR,VAN;PASSENGER CAR,VAN;PASSENGER CAR,VAN
30822;68 FEET FROM SR 3060 (MORRISVILLE PKWY);RELATED TO INTERSECTION;STRAIGHT,LEVEL;STATE SECONDARY ROUTE;TWO-WAY,DIVIDED,UNPROTECTED MEDIAN;SMOOTH ASPHALT;DRY;DAYLIGHT;CLEAR;STOP AND GO SIGNAL;;;-78.864902;35.813173;;;0;0;;;NONE;;NONE;;PICKUP;;;;;NO;8195;2017-09-26;1:59:02 PM;2017-09-26T17:59:02+00:00;;2017;No;No;9;NONE;NONE,NONE;NONE,NONE;PICKUP;PICKUP;PICKUP;PICKUP
30827;.1 MILES FROM SW CARY PKWY 3977;NO SPECIAL FEATURE;STRAIGHT,LEVEL;STATE SECONDARY ROUTE;TWO-WAY,DIVIDED,UNPROTECTED MEDIAN;CONCRETE;DRY;DAYLIGHT;CLEAR;NO CONTROL PRESENT;35.778313104;-78.83741319;-78.8375;35.77975;P064;117;0;0;;;NONE;;NONE;;PASSENGER CAR;PASSENGER CAR;;;;NO;8200;2017-09-19;9:50:28 PM;2017-09-20T01:50:28+00:00;35.778313104, -78.83741319;2017;No;No;9;NONE;NONE,NONE;NONE,NONE;PASSENGER CAR,PASSENGER CAR;PASSENGER CAR,PASSENGER CAR;PASSENGER CAR,PASSENGER CAR;PASSENGER CAR,PASSENGER CAR
30842;.2841 MILES FROM US 1 HWY;NO SPECIAL FEATURE;STRAIGHT,LEVEL;US ROUTE;TWO-WAY,DIVIDED,POSITIVE MEDIAN BARRIER;CONCRETE;DRY;DAYLIGHT;CLEAR;NO CONTROL PRESENT;;;-78.741019;35.764642;;;0;0;1;;NONE;;NONE;;SINGLE UNIT TRUCK (2-AXLE- 6-TIRE);PASSENGER CAR;MOTOR HOME/RECREATIONAL VEHICLE;;;NO;8215;2017-09-28;12:23 PM;2017-09-28T16:23:00+00:00;;2017;No;No;9;NONE;NONE,NONE;NONE,NONE;SINGLE UNIT TRUCK (2-AXLE- 6-TIRE),PASSENGER CAR;SINGLE UNIT TRUCK (2-AXLE- 6-TIRE),PASSENGER CAR,MOTOR HOME/RECREATIONAL VEHICLE;SINGLE UNIT TRUCK (2-AXLE- 6-TIRE),PASSENGER CAR,MOTOR HOME/RECREATIONAL VEHICLE;SINGLE UNIT TRUCK (2-AXLE- 6-TIRE),PASSENGER CAR,MOTOR HOME/RECREATIONAL VEHICLE
30843;CARY;NO SPECIAL FEATURE;STRAIGHT,LEVEL;STATE SECONDARY ROUTE;TWO-WAY,DIVIDED,POSITIVE MEDIAN BARRIER;SMOOTH ASPHALT;DRY;DAYLIGHT;CLEAR;FLASHING STOP AND GO SIGNAL;;;-78.8477;35.8147;;;0;0;2;;NONE;;NONE;;PASSENGER CAR;SPORT UTILITY;;;;NO;8216;2017-09-29;11:59 AM;2017-09-29T15:59:00+00:00;;2017;No;No;9;NONE;NONE,NONE;NONE,NONE;PASSENGER CAR,SPORT UTILITY;PASSENGER CAR,SPORT UTILITY;PASSENGER CAR,SPORT UTILITY;PASSENGER CAR,SPORT UTILITY
30850;.1 MILES FROM NOEL ANN CT;NO SPECIAL FEATURE;STRAIGHT,LEVEL;LOCAL STREET;TWO-WAY,NOT DIVIDED;SMOOTH ASPHALT;DRY;DARK - LIGHTED ROADWAY;CLEAR;NO CONTROL PRESENT;35.767264787;-78.7450368;-78.7449;35.7664;P083;112;0;0;;;;;NONE;;PASSENGER CAR;PASSENGER CAR;;;;NO;8223;2017-10-01;12:01 AM;2017-10-01T04:01:00+00:00;35.767264787, -78.7450368;2017;No;No;10;;NONE;NONE;PASSENGER CAR,PASSENGER CAR;PASSENGER CAR,PASSENGER CAR;PASSENGER CAR,PASSENGER CAR;PASSENGER CAR,PASSENGER CAR
30853;300 FEET FROM PVA (1205 NE MAYARD RD);DRIVEWAY, PUBLIC;STRAIGHT,LEVEL;PUBLIC VEHICULAR AREA;TWO-WAY,NOT DIVIDED;SMOOTH ASPHALT;DRY;DAYLIGHT;CLEAR;NO CONTROL PRESENT;;;-78.763165;35.79451;;113;0;1;2;;NONE;;NONE;;PICKUP;LIGHT TRUCK (MINI-VAN- PANEL);;;;NO;8226;2017-09-29;4:42:35 PM;2017-09-29T20:42:35+00:00;;2017;No;Yes;9;NONE;NONE,NONE;NONE,NONE;PICKUP,LIGHT TRUCK (MINI-VAN- PANEL);PICKUP,LIGHT TRUCK (MINI-VAN- PANEL);PICKUP,LIGHT TRUCK (MINI-VAN- PANEL);PICKUP,LIGHT TRUCK (MINI-VAN- PANEL)
30854;113 FEET FROM  LONGCHAMP LN;NO SPECIAL FEATURE;STRAIGHT,LEVEL;LOCAL STREET;TWO-WAY,NOT DIVIDED;CONCRETE;DRY;DAYLIGHT;CLEAR;NO CONTROL PRESENT;35.824166542;-78.91101532;-78.911323;35.824469;P076;119;0;0;;;NONE;;NONE;;PASSENGER CAR;PASSENGER CAR;;;;NO;8227;2017-09-29;5:34:33 PM;2017-09-29T21:34:33+00:00;35.824166542, -78.91101532;2017;No;No;9;NONE;NONE,NONE;NONE,NONE;PASSENGER CAR,PASSENGER CAR;PASSENGER CAR,PASSENGER CAR;PASSENGER CAR,PASSENGER CAR;PASSENGER CAR,PASSENGER CAR
30864;CARY;T-INTERSECTION;STRAIGHT,GRADE;LOCAL STREET;TWO-WAY,NOT DIVIDED;SMOOTH ASPHALT;DRY;DAYLIGHT;CLEAR;STOP SIGN;35.847726473;-78.89993686;-78.9004;35.8479;P074;119;0;1;2;;NONE;;NONE;;SPORT UTILITY;PASSENGER CAR;;;;NO;8237;2017-09-30;1:29:20 PM;2017-09-30T17:29:20+00:00;35.847726473, -78.89993686;2017;No;Yes;9;NONE;NONE,NONE;NONE,NONE;SPORT UTILITY,PASSENGER CAR;SPORT UTILITY,PASSENGER CAR;SPORT UTILITY,PASSENGER CAR;SPORT UTILITY,PASSENGER CAR
30869;0 FEET FROM SR 1652 (N HARRISON AV);FOUR-WAY INTERSECTION;STRAIGHT,LEVEL;STATE SECONDARY ROUTE;TWO-WAY,DIVIDED,UNPROTECTED MEDIAN;SMOOTH ASPHALT;DRY;DAYLIGHT;CLEAR;STOP AND GO SIGNAL;;;-78.7829;35.8059;;;0;0;;;;;NONE;;PASSENGER CAR;PASSENGER CAR;;;;NO;8242;2017-10-01;7:43:32 PM;2017-10-01T23:43:32+00:00;;2017;No;No;10;;NONE;NONE;PASSENGER CAR,PASSENGER CAR;PASSENGER CAR,PASSENGER CAR;PASSENGER CAR,PASSENGER CAR;PASSENGER CAR,PASSENGER CAR