tamainid;location_description;rdfeature;rdcharacter;rdclass;rdconfigur;rdsurface;rdcondition;lightcond;weather;trafcontrl;lat;lon;lon2;lat2;tract;zone;fatality;possblinj;numpassengers;numpedestrians;contrcir1_desc;contrcir2_desc;contrcir3_desc;contrcir4_desc;vehicle1;vehicle2;vehicle3;vehicle4;vehicle5;workarea;records;ta_date;ta_time;crash_date;geo_location;year;fatalities;injuries;month;contrfact1;contrfact2;contributing_factor;vehicleconcat1;vehicleconcat2;vehicleconcat3;vehicle_type
31073;.27 MILES FROM US 64 HWY;NO SPECIAL FEATURE;STRAIGHT,LEVEL;US ROUTE;TWO-WAY,DIVIDED,POSITIVE MEDIAN BARRIER;COARSE ASPHALT;DRY;DAYLIGHT;CLOUDY;STOP AND GO SIGNAL;;;-78.807162;35.740515;;;0;0;3;;NONE;;NONE;;VAN;PASSENGER CAR;;;;NO;8446;2017-10-13;3:30:18 PM;2017-10-13T19:30:18+00:00;;2017;No;No;10;NONE;NONE,NONE;NONE,NONE;VAN,PASSENGER CAR;VAN,PASSENGER CAR;VAN,PASSENGER CAR;VAN,PASSENGER CAR
31077;CARY;FOUR-WAY INTERSECTION;STRAIGHT,LEVEL;STATE SECONDARY ROUTE;TWO-WAY,NOT DIVIDED;COARSE ASPHALT;DRY;DAYLIGHT;CLEAR;STOP AND GO SIGNAL;;;-78.8;35.86;;;0;1;2;;NONE;;NONE;;PASSENGER CAR;PASSENGER CAR;;;;NO;8450;2017-10-13;7:25:40 PM;2017-10-13T23:25:40+00:00;;2017;No;Yes;10;NONE;NONE,NONE;NONE,NONE;PASSENGER CAR,PASSENGER CAR;PASSENGER CAR,PASSENGER CAR;PASSENGER CAR,PASSENGER CAR;PASSENGER CAR,PASSENGER CAR
31079;0 FEET FROM SR 1313 (WALNUT ST);FOUR-WAY INTERSECTION;STRAIGHT,LEVEL;LOCAL STREET;TWO-WAY,DIVIDED,UNPROTECTED MEDIAN;COARSE ASPHALT;DRY;DAYLIGHT;CLEAR;STOP SIGN;35.775792509;-78.7685366;-78.7686;35.7757;P061;120;0;0;2;;NONE;;NONE;;PASSENGER CAR;PASSENGER CAR;;;;NO;8452;2017-09-25;1:10:43 PM;2017-09-25T17:10:43+00:00;35.775792509, -78.7685366;2017;No;No;9;NONE;NONE,NONE;NONE,NONE;PASSENGER CAR,PASSENGER CAR;PASSENGER CAR,PASSENGER CAR;PASSENGER CAR,PASSENGER CAR;PASSENGER CAR,PASSENGER CAR
31082;40 FEET FROM SR 1300 (KILDAIRE FARM RD);NO SPECIAL FEATURE;STRAIGHT,LEVEL;STATE SECONDARY ROUTE;TWO-WAY,DIVIDED,UNPROTECTED MEDIAN;COARSE ASPHALT;DRY;DAYLIGHT;CLEAR;STOP AND GO SIGNAL;;;-78.784;35.7584;;115;0;0;;;;;NONE;;PASSENGER CAR;PASSENGER CAR;;;;NO;8455;2017-10-15;3:05:39 PM;2017-10-15T19:05:39+00:00;;2017;No;No;10;;NONE;NONE;PASSENGER CAR,PASSENGER CAR;PASSENGER CAR,PASSENGER CAR;PASSENGER CAR,PASSENGER CAR;PASSENGER CAR,PASSENGER CAR
31091;30 FEET FROM SR 1313 (WALNUT ST);FOUR-WAY INTERSECTION;STRAIGHT,LEVEL;STATE SECONDARY ROUTE;TWO-WAY,DIVIDED,UNPROTECTED MEDIAN;COARSE ASPHALT;WET;DAYLIGHT;CLOUDY;STOP AND GO SIGNAL;;;-78.7473;35.7648;;112;0;1;;;;;NONE;;PASSENGER CAR;VAN;;;;NO;8464;2017-10-16;3:15:36 PM;2017-10-16T19:15:36+00:00;;2017;No;Yes;10;;NONE;NONE;PASSENGER CAR,VAN;PASSENGER CAR,VAN;PASSENGER CAR,VAN;PASSENGER CAR,VAN
31099;.1 MILES FROM SR 1011 (W CHATHAM ST);NO SPECIAL FEATURE;STRAIGHT,LEVEL;;TWO-WAY,NOT DIVIDED;COARSE ASPHALT;DRY;DAYLIGHT;CLEAR;NO CONTROL PRESENT;;;-78.7833;35.7881;;;0;0;;;NONE;;NONE;;UNKNOWN;PASSENGER CAR;;;;NO;8472;2017-10-02;8:25:19 PM;2017-10-03T00:25:19+00:00;;2017;No;No;10;NONE;NONE,NONE;NONE,NONE;UNKNOWN,PASSENGER CAR;UNKNOWN,PASSENGER CAR;UNKNOWN,PASSENGER CAR;UNKNOWN,PASSENGER CAR
31100;0 MILES FROM I40 EXIT 287 RAMP EB;OFF-RAMP PROPER;CURVE,GRADE;INTERSTATE;ONE-WAY,NOT DIVIDED;SMOOTH ASPHALT;DRY;DAYLIGHT;CLOUDY;STOP AND GO SIGNAL;;;-78.7656;35.8309;;;0;0;;;NONE;;NONE;;PASSENGER CAR;PASSENGER CAR;;;;NO;8473;2017-10-16;7:53:13 AM;2017-10-16T11:53:13+00:00;;2017;No;No;10;NONE;NONE,NONE;NONE,NONE;PASSENGER CAR,PASSENGER CAR;PASSENGER CAR,PASSENGER CAR;PASSENGER CAR,PASSENGER CAR;PASSENGER CAR,PASSENGER CAR
31106;200 FEET FROM PVA (98 CORNERSTONE DR);NO SPECIAL FEATURE;STRAIGHT,LEVEL;PUBLIC VEHICULAR AREA;TWO-WAY,NOT DIVIDED;SMOOTH ASPHALT;DRY;DAYLIGHT;CLEAR;NO CONTROL PRESENT;;;-78.850943;35.7903;;;0;0;;;NONE;;NONE;;PASSENGER CAR;PASSENGER CAR;;;;NO;8479;2017-10-17;1:08:40 PM;2017-10-17T17:08:40+00:00;;2017;No;No;10;NONE;NONE,NONE;NONE,NONE;PASSENGER CAR,PASSENGER CAR;PASSENGER CAR,PASSENGER CAR;PASSENGER CAR,PASSENGER CAR;PASSENGER CAR,PASSENGER CAR
31112;.5 MILES FROM SR 1300 (KILDAIRE FARM RD);NO SPECIAL FEATURE;STRAIGHT,LEVEL;STATE SECONDARY ROUTE;TWO-WAY,NOT DIVIDED;COARSE ASPHALT;DRY;DAYLIGHT;CLEAR;NO CONTROL PRESENT;;;-78.796119;35.7040591;;;0;0;;;NONE;;NONE;;VAN;SPORT UTILITY;;;;NO;8485;2017-10-17;4:48:39 PM;2017-10-17T20:48:39+00:00;;2017;No;No;10;NONE;NONE,NONE;NONE,NONE;VAN,SPORT UTILITY;VAN,SPORT UTILITY;VAN,SPORT UTILITY;VAN,SPORT UTILITY
31115;0.5 MILES FROM US 1 HWY;NO SPECIAL FEATURE;STRAIGHT,GRADE;US ROUTE;TWO-WAY,DIVIDED,POSITIVE MEDIAN BARRIER;SMOOTH ASPHALT;DRY;DAYLIGHT;CLEAR;NO CONTROL PRESENT;;;-78.7637;35.7526;;;0;0;;;NONE;;NONE;;PICKUP;SPORT UTILITY;PICKUP;;;NO;8488;2017-10-17;5:22:32 PM;2017-10-17T21:22:32+00:00;;2017;No;No;10;NONE;NONE,NONE;NONE,NONE;PICKUP,SPORT UTILITY;PICKUP,SPORT UTILITY,PICKUP;PICKUP,SPORT UTILITY,PICKUP;PICKUP,SPORT UTILITY,PICKUP
31125;CARY;T-INTERSECTION;STRAIGHT,LEVEL;LOCAL STREET;TWO-WAY,NOT DIVIDED;SMOOTH ASPHALT;DRY;DAYLIGHT;CLEAR;STOP SIGN;35.747025885;-78.81318726;-78.813236;35.747106;P042;115;0;0;;;NONE;;NONE;;;;;;;CONSTRUCTION WORK AREA;8498;2017-10-17;5:05:58 PM;2017-10-17T21:05:58+00:00;35.747025885, -78.81318726;2017;No;No;10;NONE;NONE,NONE;NONE,NONE;;;;
31128;.1 MILES FROM 216 E CHATHAM ST;NO SPECIAL FEATURE;STRAIGHT,LEVEL;PUBLIC VEHICULAR AREA;TWO-WAY,NOT DIVIDED;COARSE ASPHALT;DRY;DAYLIGHT;CLEAR;NO CONTROL PRESENT;35.787479366;-78.77860802;-78.777;35.7874;P125;120;0;0;;;NONE;;NONE;;PICKUP;PASSENGER CAR;;;;NO;8501;2017-10-18;5:33:12 PM;2017-10-18T21:33:12+00:00;35.787479366, -78.77860802;2017;No;No;10;NONE;NONE,NONE;NONE,NONE;PICKUP,PASSENGER CAR;PICKUP,PASSENGER CAR;PICKUP,PASSENGER CAR;PICKUP,PASSENGER CAR
31139;CARY;FOUR-WAY INTERSECTION;STRAIGHT,LEVEL;STATE SECONDARY ROUTE;TWO-WAY,DIVIDED,UNPROTECTED MEDIAN;SMOOTH ASPHALT;DRY;DAYLIGHT;CLEAR;STOP AND GO SIGNAL;;;-78.7622;35.745;;;0;0;2;;NONE;;NONE;;PASSENGER CAR;PASSENGER CAR;;;;NO;8512;2017-10-19;12:59 PM;2017-10-19T16:59:00+00:00;;2017;No;No;10;NONE;NONE,NONE;NONE,NONE;PASSENGER CAR,PASSENGER CAR;PASSENGER CAR,PASSENGER CAR;PASSENGER CAR,PASSENGER CAR;PASSENGER CAR,PASSENGER CAR
31148;.1 MILES FROM PVA (6770 MCCRIMMON PKWY);NO SPECIAL FEATURE;STRAIGHT,LEVEL;PUBLIC VEHICULAR AREA;TWO-WAY,NOT DIVIDED;COARSE ASPHALT;DRY;DAYLIGHT;CLEAR;NO CONTROL PRESENT;;;-78.8904;35.8297;;;0;1;;;NONE;;NONE;;PASSENGER CAR;PASSENGER CAR;;;;NO;8521;2017-10-17;12:00 AM;2017-10-17T04:00:00+00:00;;2017;No;Yes;10;NONE;NONE,NONE;NONE,NONE;PASSENGER CAR,PASSENGER CAR;PASSENGER CAR,PASSENGER CAR;PASSENGER CAR,PASSENGER CAR;PASSENGER CAR,PASSENGER CAR
31150;CARY;FOUR-WAY INTERSECTION;STRAIGHT,LEVEL;STATE SECONDARY ROUTE;TWO-WAY,NOT DIVIDED;SMOOTH ASPHALT;DRY;DAYLIGHT;CLEAR;STOP SIGN;;;-78.7684;35.7758;;;0;0;;;NONE;;NONE;;SPORT UTILITY;SPORT UTILITY;;;;NO;8523;2017-10-19;10:29 AM;2017-10-19T14:29:00+00:00;;2017;No;No;10;NONE;NONE,NONE;NONE,NONE;SPORT UTILITY,SPORT UTILITY;SPORT UTILITY,SPORT UTILITY;SPORT UTILITY,SPORT UTILITY;SPORT UTILITY,SPORT UTILITY
31151;CARY;FOUR-WAY INTERSECTION;STRAIGHT,HILLCREST;STATE SECONDARY ROUTE;TWO-WAY,DIVIDED,UNPROTECTED MEDIAN;SMOOTH ASPHALT;DRY;DAYLIGHT;CLEAR;STOP AND GO SIGNAL;36.003411073;-78.51451363;-78.77;35.74;P119;RALW;0;0;2;;NONE;;NONE;;PASSENGER CAR;SPORT UTILITY;;;;NO;8524;2017-10-19;3:40:02 PM;2017-10-19T19:40:02+00:00;36.003411073, -78.51451363;2017;No;No;10;NONE;NONE,NONE;NONE,NONE;PASSENGER CAR,SPORT UTILITY;PASSENGER CAR,SPORT UTILITY;PASSENGER CAR,SPORT UTILITY;PASSENGER CAR,SPORT UTILITY
31163;400 FEET FROM BUCK JONES RD;NO SPECIAL FEATURE;STRAIGHT,LEVEL;LOCAL STREET;TWO-WAY,NOT DIVIDED;COARSE ASPHALT;DRY;DAYLIGHT;CLEAR;NO CONTROL PRESENT;35.767659152;-78.74094236;-78.74406;35.764199;P083;112;0;0;1;;NONE;;NONE;;PASSENGER CAR;PICKUP;;;;NO;8536;2017-10-22;2:59:42 PM;2017-10-22T18:59:42+00:00;35.767659152, -78.74094236;2017;No;No;10;NONE;NONE,NONE;NONE,NONE;PASSENGER CAR,PICKUP;PASSENGER CAR,PICKUP;PASSENGER CAR,PICKUP;PASSENGER CAR,PICKUP
31171;CARY;FOUR-WAY INTERSECTION;STRAIGHT,LEVEL;STATE SECONDARY ROUTE;TWO-WAY,NOT DIVIDED;SMOOTH ASPHALT;DRY;DARK - ROADWAY NOT LIGHTED;CLEAR;NO CONTROL PRESENT;;;-78.8752;35.7868;;;0;2;;;NONE;;NONE;;PASSENGER CAR;PICKUP;;;;NO;8544;2017-10-22;7:17:48 PM;2017-10-22T23:17:48+00:00;;2017;No;Yes;10;NONE;NONE,NONE;NONE,NONE;PASSENGER CAR,PICKUP;PASSENGER CAR,PICKUP;PASSENGER CAR,PICKUP;PASSENGER CAR,PICKUP
31176;.5 MILES FROM SR 1615 (HIGH HOUSE RD);NO SPECIAL FEATURE;STRAIGHT,LEVEL;STATE SECONDARY ROUTE;TWO-WAY,DIVIDED,UNPROTECTED MEDIAN;SMOOTH ASPHALT;DRY;DAYLIGHT;CLEAR;STOP AND GO SIGNAL;;;-78.828;35.788142;;;0;0;5;;NONE;;NONE;;PASSENGER CAR;PICKUP;SPORT UTILITY;;;NO;8549;2017-10-19;3:18:48 PM;2017-10-19T19:18:48+00:00;;2017;No;No;10;NONE;NONE,NONE;NONE,NONE;PASSENGER CAR,PICKUP;PASSENGER CAR,PICKUP,SPORT UTILITY;PASSENGER CAR,PICKUP,SPORT UTILITY;PASSENGER CAR,PICKUP,SPORT UTILITY
31178;300 FEET FROM NC 55 HWY;NO SPECIAL FEATURE;STRAIGHT,LEVEL;NC ROUTE;TWO-WAY,DIVIDED,UNPROTECTED MEDIAN;SMOOTH ASPHALT;DRY;DAYLIGHT;CLEAR;NO CONTROL PRESENT;;;-78.8706;35.7891;;;0;0;1;;NONE;;NONE;;PASSENGER CAR;SPORT UTILITY;;;;NO;8551;2017-10-20;5:18:13 PM;2017-10-20T21:18:13+00:00;;2017;No;No;10;NONE;NONE,NONE;NONE,NONE;PASSENGER CAR,SPORT UTILITY;PASSENGER CAR,SPORT UTILITY;PASSENGER CAR,SPORT UTILITY;PASSENGER CAR,SPORT UTILITY
31181;.5 MILES FROM US 1 HWY;NO SPECIAL FEATURE;STRAIGHT,LEVEL;US ROUTE;TWO-WAY,DIVIDED,POSITIVE MEDIAN BARRIER;SMOOTH ASPHALT;DRY;DAYLIGHT;CLEAR;NO CONTROL PRESENT;;;-78.7852;35.7415;;;0;0;1;;NONE;;NONE;;PASSENGER CAR;PASSENGER CAR;;;;NO;8554;2017-10-20;5:39:44 PM;2017-10-20T21:39:44+00:00;;2017;No;No;10;NONE;NONE,NONE;NONE,NONE;PASSENGER CAR,PASSENGER CAR;PASSENGER CAR,PASSENGER CAR;PASSENGER CAR,PASSENGER CAR;PASSENGER CAR,PASSENGER CAR
31185;CARY;FOUR-WAY INTERSECTION;STRAIGHT,LEVEL;STATE SECONDARY ROUTE;TWO-WAY,DIVIDED,UNPROTECTED MEDIAN;SMOOTH ASPHALT;DRY;DARK - LIGHTED ROADWAY;CLEAR;STOP AND GO SIGNAL;;;-78.8289;35.789;;;0;0;1;;NONE;;NONE;;PASSENGER CAR;PASSENGER CAR;;;;NO;8558;2017-10-21;2:46:12 AM;2017-10-21T06:46:12+00:00;;2017;No;No;10;NONE;NONE,NONE;NONE,NONE;PASSENGER CAR,PASSENGER CAR;PASSENGER CAR,PASSENGER CAR;PASSENGER CAR,PASSENGER CAR;PASSENGER CAR,PASSENGER CAR
31199;.50 MILES FROM SR 3073 (NW MAYNARD RD;OTHER *;STRAIGHT,GRADE;STATE SECONDARY ROUTE;TWO-WAY,DIVIDED,POSITIVE MEDIAN BARRIER;SMOOTH ASPHALT;DRY;DAYLIGHT;CLEAR;OTHER *;;;-78.794901;35.799695;;;0;1;3;;NONE;;NONE;;PASSENGER CAR;SPORT UTILITY;;;;NO;8572;2017-10-22;12:22 PM;2017-10-22T16:22:00+00:00;;2017;No;Yes;10;NONE;NONE,NONE;NONE,NONE;PASSENGER CAR,SPORT UTILITY;PASSENGER CAR,SPORT UTILITY;PASSENGER CAR,SPORT UTILITY;PASSENGER CAR,SPORT UTILITY
31204;CARY;NO SPECIAL FEATURE;STRAIGHT,LEVEL;STATE SECONDARY ROUTE;TWO-WAY,DIVIDED,POSITIVE MEDIAN BARRIER;SMOOTH ASPHALT;DRY;DARK - LIGHTED ROADWAY;CLEAR;STOP AND GO SIGNAL;;;-78.9022;35.8224;;;0;0;1;;;;NONE;;SPORT UTILITY;PASSENGER CAR;;;;NO;8577;2017-10-22;8:11:32 PM;2017-10-23T00:11:32+00:00;;2017;No;No;10;;NONE;NONE;SPORT UTILITY,PASSENGER CAR;SPORT UTILITY,PASSENGER CAR;SPORT UTILITY,PASSENGER CAR;SPORT UTILITY,PASSENGER CAR
31207;.5 MILES FROM 1300 (KILDAIRE FARM ROAD);NO SPECIAL FEATURE;STRAIGHT,LEVEL;STATE SECONDARY ROUTE;TWO-WAY,DIVIDED,POSITIVE MEDIAN BARRIER;SMOOTH ASPHALT;DRY;DAYLIGHT;CLEAR;STOP AND GO SIGNAL;;;-78.7818;35.7696;;;0;0;3;;NONE;;NONE;;PASSENGER CAR;PASSENGER CAR;;;;NO;8580;2017-10-23;3:44:57 PM;2017-10-23T19:44:57+00:00;;2017;No;No;10;NONE;NONE,NONE;NONE,NONE;PASSENGER CAR,PASSENGER CAR;PASSENGER CAR,PASSENGER CAR;PASSENGER CAR,PASSENGER CAR;PASSENGER CAR,PASSENGER CAR
31213;CARY;ALLEY INTERSECTION;STRAIGHT,LEVEL;LOCAL STREET;TWO-WAY,NOT DIVIDED;SMOOTH ASPHALT;DRY;DAYLIGHT;CLEAR;NO CONTROL PRESENT;;;-78.8026;35.7963;;114;0;0;;;NONE;;NONE;;SPORT UTILITY;PASSENGER CAR;;;;NO;8586;2017-10-24;12:09 PM;2017-10-24T16:09:00+00:00;;2017;No;No;10;NONE;NONE,NONE;NONE,NONE;SPORT UTILITY,PASSENGER CAR;SPORT UTILITY,PASSENGER CAR;SPORT UTILITY,PASSENGER CAR;SPORT UTILITY,PASSENGER CAR
31215;.2 MILES FROM SR 1010 (TEN-TEN RD.);;;;;;;;;;;;-78.7745;35.6967;;;0;1;;;;;;;SPORT UTILITY;;;;;;8588;2017-09-28;12:00 AM;2017-09-28T04:00:00+00:00;;2017;No;Yes;9;;;;SPORT UTILITY;SPORT UTILITY;SPORT UTILITY;SPORT UTILITY
31229;CARY;T-INTERSECTION;STRAIGHT,LEVEL;STATE SECONDARY ROUTE;TWO-WAY,DIVIDED,UNPROTECTED MEDIAN;SMOOTH ASPHALT;DRY;DARK - LIGHTED ROADWAY;CLEAR;STOP AND GO SIGNAL;;;-78.74561;35.76274;;;0;0;;;NONE;;NONE;;SPORT UTILITY;SPORT UTILITY;;;;NO;8602;2017-10-25;9:23:26 PM;2017-10-26T01:23:26+00:00;;2017;No;No;10;NONE;NONE,NONE;NONE,NONE;SPORT UTILITY,SPORT UTILITY;SPORT UTILITY,SPORT UTILITY;SPORT UTILITY,SPORT UTILITY;SPORT UTILITY,SPORT UTILITY
31232;15 FEET FROM SR-1521 LAKE PINE DR;RELATED TO INTERSECTION;STRAIGHT,LEVEL;STATE SECONDARY ROUTE;TWO-WAY,NOT DIVIDED;SMOOTH ASPHALT;DRY;DAYLIGHT;CLEAR;STOP AND GO SIGNAL;;;-78.8082;35.7546;;;0;0;3;;NONE;;NONE;;PASSENGER CAR;PASSENGER CAR;;;;NO;8605;2017-10-25;8:44:55 AM;2017-10-25T12:44:55+00:00;;2017;No;No;10;NONE;NONE,NONE;NONE,NONE;PASSENGER CAR,PASSENGER CAR;PASSENGER CAR,PASSENGER CAR;PASSENGER CAR,PASSENGER CAR;PASSENGER CAR,PASSENGER CAR
31234;30 FEET FROM SR 1300 (KILDAIRE FARM RD);RELATED TO INTERSECTION;STRAIGHT,LEVEL;STATE SECONDARY ROUTE;TWO-WAY,DIVIDED,UNPROTECTED MEDIAN;SMOOTH ASPHALT;DRY;DARK - LIGHTED ROADWAY;CLEAR;STOP AND GO SIGNAL;;;-78.7818;35.771469;;;0;0;;;NONE;;NONE;;SPORT UTILITY;PASSENGER CAR;;;;NO;8607;2017-10-24;9:01:53 PM;2017-10-25T01:01:53+00:00;;2017;No;No;10;NONE;NONE,NONE;NONE,NONE;SPORT UTILITY,PASSENGER CAR;SPORT UTILITY,PASSENGER CAR;SPORT UTILITY,PASSENGER CAR;SPORT UTILITY,PASSENGER CAR
31235;35 FEET FROM SENTINEL FERRY LN;T-INTERSECTION;STRAIGHT,LEVEL;LOCAL STREET;TWO-WAY,NOT DIVIDED;SMOOTH ASPHALT;DRY;DAYLIGHT;CLEAR;NO CONTROL PRESENT;;;-78.923238;35.808938;;122;0;0;;;DARTING;;NONE;;PASSENGER CAR;;;;;NO;8608;2017-10-25;1:22:29 PM;2017-10-25T17:22:29+00:00;;2017;No;No;10;DARTING;DARTING,NONE;DARTING,NONE;PASSENGER CAR;PASSENGER CAR;PASSENGER CAR;PASSENGER CAR
31237;50 FEET FROM SR 1621 (GREEN HOPE SCHOOL RD);RELATED TO INTERSECTION;STRAIGHT,LEVEL;STATE SECONDARY ROUTE;TWO-WAY,NOT DIVIDED;SMOOTH ASPHALT;DRY;DAYLIGHT;CLEAR;STOP AND GO SIGNAL;;;-78.871556;35.803004;;122;0;1;3;;NONE;;NONE;;PICKUP;PASSENGER CAR;;;;NO;8610;2017-10-25;3:44:02 PM;2017-10-25T19:44:02+00:00;;2017;No;Yes;10;NONE;NONE,NONE;NONE,NONE;PICKUP,PASSENGER CAR;PICKUP,PASSENGER CAR;PICKUP,PASSENGER CAR;PICKUP,PASSENGER CAR
31238;300 FEET FROM SR 1010 TEN TEN RD;NO SPECIAL FEATURE;STRAIGHT,LEVEL;STATE SECONDARY ROUTE;TWO-WAY,NOT DIVIDED;SMOOTH ASPHALT;DRY;DUSK;CLEAR;STOP AND GO SIGNAL;;;-78.79709;35.704041;;;0;0;1;;NONE;;NONE;;PICKUP;PASSENGER CAR;SPORT UTILITY;;;NO;8611;2017-10-25;5:36:37 PM;2017-10-25T21:36:37+00:00;;2017;No;No;10;NONE;NONE,NONE;NONE,NONE;PICKUP,PASSENGER CAR;PICKUP,PASSENGER CAR,SPORT UTILITY;PICKUP,PASSENGER CAR,SPORT UTILITY;PICKUP,PASSENGER CAR,SPORT UTILITY
31247;50 FEET FROM SR 1152 (HOLLY SPRINGS RD);RELATED TO INTERSECTION;STRAIGHT,LEVEL;STATE SECONDARY ROUTE;TWO-WAY,DIVIDED,UNPROTECTED MEDIAN;SMOOTH ASPHALT;DRY;DAYLIGHT;CLEAR;STOP AND GO SIGNAL;35.8663066;-78.70164677;-78.77235;35.695013;P119;RALW;0;0;1;;;;NONE;;PASSENGER CAR;PASSENGER CAR;;;;NO;8620;2017-10-26;2:07:19 PM;2017-10-26T18:07:19+00:00;35.8663066, -78.70164677;2017;No;No;10;;NONE;NONE;PASSENGER CAR,PASSENGER CAR;PASSENGER CAR,PASSENGER CAR;PASSENGER CAR,PASSENGER CAR;PASSENGER CAR,PASSENGER CAR
31255;10 FEET FROM S.R. 1616 (OLD APEX RD);NO SPECIAL FEATURE;STRAIGHT,LEVEL;STATE SECONDARY ROUTE;TWO-WAY,NOT DIVIDED;SMOOTH ASPHALT;DRY;DAYLIGHT;CLEAR;NO CONTROL PRESENT;;;-78.8136;35.7655;;;0;0;;;NONE;;NONE;;SPORT UTILITY;PICKUP;;;;NO;8628;2017-10-26;7:59:42 AM;2017-10-26T11:59:42+00:00;;2017;No;No;10;NONE;NONE,NONE;NONE,NONE;SPORT UTILITY,PICKUP;SPORT UTILITY,PICKUP;SPORT UTILITY,PICKUP;SPORT UTILITY,PICKUP
31257;120 FEET FROM PVA 1640 SR 1011 (OLD APEX RD);NO SPECIAL FEATURE;STRAIGHT,LEVEL;PUBLIC VEHICULAR AREA;TWO-WAY,NOT DIVIDED;SMOOTH ASPHALT;DRY;DAYLIGHT;CLEAR;NO CONTROL PRESENT;35.750152357;-78.75261225;-78.824151;35.761777;P004;118;0;0;;;NONE;;NONE;;PICKUP;LIGHT TRUCK (MINI-VAN- PANEL);;;;NO;8630;2017-10-26;12:26 PM;2017-10-26T16:26:00+00:00;35.750152357, -78.75261225;2017;No;No;10;NONE;NONE,NONE;NONE,NONE;PICKUP,LIGHT TRUCK (MINI-VAN- PANEL);PICKUP,LIGHT TRUCK (MINI-VAN- PANEL);PICKUP,LIGHT TRUCK (MINI-VAN- PANEL);PICKUP,LIGHT TRUCK (MINI-VAN- PANEL)
31261;200 FEET FROM PVA 1601 SEABROOK AV;DRIVEWAY, PUBLIC;STRAIGHT,LEVEL;PUBLIC VEHICULAR AREA;TWO-WAY,NOT DIVIDED;SMOOTH ASPHALT;DRY;DAYLIGHT;CLEAR;NO CONTROL PRESENT;;;-78.767156;35.753298;;112;0;0;;;;;NONE;;PASSENGER CAR;PASSENGER CAR;;;;NO;8634;2017-10-25;12:17 PM;2017-10-25T16:17:00+00:00;;2017;No;No;10;;NONE;NONE;PASSENGER CAR,PASSENGER CAR;PASSENGER CAR,PASSENGER CAR;PASSENGER CAR,PASSENGER CAR;PASSENGER CAR,PASSENGER CAR
31268;.5 MILES FROM NC 55 HWY;NO SPECIAL FEATURE;STRAIGHT,LEVEL;NC ROUTE;TWO-WAY,DIVIDED,UNPROTECTED MEDIAN;SMOOTH ASPHALT;DRY;DAYLIGHT;CLEAR;NO CONTROL PRESENT;;;-78.8935;35.863;;;0;0;;;NONE;;NONE;;PASSENGER CAR;SPORT UTILITY;;;;NO;8641;2017-10-24;5:37:19 PM;2017-10-24T21:37:19+00:00;;2017;No;No;10;NONE;NONE,NONE;NONE,NONE;PASSENGER CAR,SPORT UTILITY;PASSENGER CAR,SPORT UTILITY;PASSENGER CAR,SPORT UTILITY;PASSENGER CAR,SPORT UTILITY
31274;.25 MILES FROM US 1 HWY;OFF-RAMP PROPER;STRAIGHT,GRADE;US ROUTE;TWO-WAY,DIVIDED,POSITIVE MEDIAN BARRIER;SMOOTH ASPHALT;DRY;DAYLIGHT;CLEAR;NO CONTROL PRESENT;;;-78.7704;35.7498;;;0;0;3;;NONE;;NONE;;SPORT UTILITY;SPORT UTILITY;;;;NO;8647;2017-10-27;3:16:42 PM;2017-10-27T19:16:42+00:00;;2017;No;No;10;NONE;NONE,NONE;NONE,NONE;SPORT UTILITY,SPORT UTILITY;SPORT UTILITY,SPORT UTILITY;SPORT UTILITY,SPORT UTILITY;SPORT UTILITY,SPORT UTILITY
31279;.2 MILES FROM NC55 HWY;NO SPECIAL FEATURE;STRAIGHT,HILLCREST;NC ROUTE;TWO-WAY,DIVIDED,UNPROTECTED MEDIAN;COARSE ASPHALT;DRY;DARK - ROADWAY NOT LIGHTED;CLEAR;NO CONTROL PRESENT;35.767333561;-78.87451697;-78.874501;35.767426;P092;WAKE;0;0;1;;DARTING;;NONE;;SPORT UTILITY;;;;;NO;8652;2017-10-29;7:36:15 PM;2017-10-29T23:36:15+00:00;35.767333561, -78.87451697;2017;No;No;10;DARTING;DARTING,NONE;DARTING,NONE;SPORT UTILITY;SPORT UTILITY;SPORT UTILITY;SPORT UTILITY
31282;.39 MILES FROM HWY US 1 (SOUTHBOUND);NO SPECIAL FEATURE;STRAIGHT,LEVEL;US ROUTE;TWO-WAY,DIVIDED,POSITIVE MEDIAN BARRIER;GROOVED CONCRETE;DRY;DARK - LIGHTED ROADWAY;CLEAR;NO CONTROL PRESENT;;;-78.75;35.75;;112;0;0;;;NONE;;NONE;;PICKUP;;;;;NO;8655;2017-10-28;6:01:45 AM;2017-10-28T10:01:45+00:00;;2017;No;No;10;NONE;NONE,NONE;NONE,NONE;PICKUP;PICKUP;PICKUP;PICKUP
31287;CARY;NO SPECIAL FEATURE;STRAIGHT,LEVEL;LOCAL STREET;TWO-WAY,NOT DIVIDED;SMOOTH ASPHALT;DRY;DAYLIGHT;CLEAR;NO CONTROL PRESENT;35.827874066;-78.89533175;-78.8953;35.8282;P016;119;0;0;;;NONE;;NONE;;PASSENGER CAR;;;;;NO;8660;2017-10-27;6:23:02 PM;2017-10-27T22:23:02+00:00;35.827874066, -78.89533175;2017;No;No;10;NONE;NONE,NONE;NONE,NONE;PASSENGER CAR;PASSENGER CAR;PASSENGER CAR;PASSENGER CAR