tamainid;location_description;rdfeature;rdcharacter;rdclass;rdconfigur;rdsurface;rdcondition;lightcond;weather;trafcontrl;lat;lon;lon2;lat2;tract;zone;fatality;possblinj;numpassengers;numpedestrians;contrcir1_desc;contrcir2_desc;contrcir3_desc;contrcir4_desc;vehicle1;vehicle2;vehicle3;vehicle4;vehicle5;workarea;records;ta_date;ta_time;crash_date;geo_location;year;fatalities;injuries;month;contrfact1;contrfact2;contributing_factor;vehicleconcat1;vehicleconcat2;vehicleconcat3;vehicle_type
32273;30 FEET FROM S.R. 1615 (HIGH HOUSE RD);NO SPECIAL FEATURE;STRAIGHT,LEVEL;STATE SECONDARY ROUTE;TWO-WAY,DIVIDED,POSITIVE MEDIAN BARRIER;SMOOTH ASPHALT;DRY;DAYLIGHT;CLEAR;NO CONTROL PRESENT;;;-78.8351;35.7911;;;0;0;1;;NONE;;NONE;;PASSENGER CAR;PICKUP;;;;NO;9645;2018-01-06;4:22:59 PM;2018-01-06T21:22:59+00:00;;2018;No;No;1;NONE;NONE,NONE;NONE,NONE;PASSENGER CAR,PICKUP;PASSENGER CAR,PICKUP;PASSENGER CAR,PICKUP;PASSENGER CAR,PICKUP
32274;57 FEET FROM P.V.A. (PARK N SHOP);NO SPECIAL FEATURE;STRAIGHT,LEVEL;PUBLIC VEHICULAR AREA;TWO-WAY,NOT DIVIDED;COARSE ASPHALT;DRY;DAYLIGHT;CLEAR;NO CONTROL PRESENT;;;-78.7726;35.7899;;;0;0;;;;;NONE;;PASSENGER CAR;PASSENGER CAR;;;;NO;9646;2018-01-07;1:48:23 PM;2018-01-07T18:48:23+00:00;;2018;No;No;1;;NONE;NONE;PASSENGER CAR,PASSENGER CAR;PASSENGER CAR,PASSENGER CAR;PASSENGER CAR,PASSENGER CAR;PASSENGER CAR,PASSENGER CAR
32279;0 FEET FROM SR 5808 E CHATHAM ST;NO SPECIAL FEATURE;STRAIGHT,LEVEL;LOCAL STREET;TWO-WAY,NOT DIVIDED;SMOOTH ASPHALT;DRY;DARK - LIGHTED ROADWAY;CLEAR;FLASHING STOP AND GO SIGNAL;;;-78.778646;35.787421;;120;0;0;;;NONE;;NONE;;PASSENGER CAR;PASSENGER CAR;;;;NO;9651;2018-01-07;10:03 PM;2018-01-08T03:03:00+00:00;;2018;No;No;1;NONE;NONE,NONE;NONE,NONE;PASSENGER CAR,PASSENGER CAR;PASSENGER CAR,PASSENGER CAR;PASSENGER CAR,PASSENGER CAR;PASSENGER CAR,PASSENGER CAR
32297;300 FEET FROM PVA 6560 TRYON RD;DRIVEWAY, PUBLIC;STRAIGHT,GRADE;PUBLIC VEHICULAR AREA;TWO-WAY,NOT DIVIDED;SMOOTH ASPHALT;DRY;DAYLIGHT;CLEAR;NO CONTROL PRESENT;;;;;;;0;0;;;NONE;;NONE;;PASSENGER CAR;PASSENGER CAR;;;;NO;9669;2018-01-08;9:29:49 AM;2018-01-08T14:29:49+00:00;;2018;No;No;1;NONE;NONE,NONE;NONE,NONE;PASSENGER CAR,PASSENGER CAR;PASSENGER CAR,PASSENGER CAR;PASSENGER CAR,PASSENGER CAR;PASSENGER CAR,PASSENGER CAR
32301;20 FEET FROM SR1009 (TRYON RD);FOUR-WAY INTERSECTION;STRAIGHT,LEVEL;STATE SECONDARY ROUTE;TWO-WAY,DIVIDED,POSITIVE MEDIAN BARRIER;SMOOTH ASPHALT;DRY;DARK - LIGHTED ROADWAY;CLEAR;STOP AND GO SIGNAL;;;-78.7378;35.7457;;;0;1;1;;NONE;;NONE;;SPORT UTILITY;SPORT UTILITY;;;;NO;9673;2018-01-06;11:21 PM;2018-01-07T04:21:00+00:00;;2018;No;Yes;1;NONE;NONE,NONE;NONE,NONE;SPORT UTILITY,SPORT UTILITY;SPORT UTILITY,SPORT UTILITY;SPORT UTILITY,SPORT UTILITY;SPORT UTILITY,SPORT UTILITY
32304;.10 MILES FROM SR 3112 (NW CARY PKWY);NO SPECIAL FEATURE;STRAIGHT,GRADE;STATE SECONDARY ROUTE;TWO-WAY,DIVIDED,UNPROTECTED MEDIAN;SMOOTH ASPHALT;WET;DARK - LIGHTED ROADWAY;CLEAR;NO CONTROL PRESENT;;;-78.817849;35.799303;;;0;0;1;;NONE;;NONE;;SPORT UTILITY;VAN;;;;NO;9676;2018-01-09;6:23:34 PM;2018-01-09T23:23:34+00:00;;2018;No;No;1;NONE;NONE,NONE;NONE,NONE;SPORT UTILITY,VAN;SPORT UTILITY,VAN;SPORT UTILITY,VAN;SPORT UTILITY,VAN
32311;122 FEET FROM SR 1009 (TRYON RD);RELATED TO INTERSECTION;STRAIGHT,LEVEL;STATE SECONDARY ROUTE;TWO-WAY,DIVIDED,UNPROTECTED MEDIAN;SMOOTH ASPHALT;DRY;DAYLIGHT;CLEAR;STOP AND GO SIGNAL;;;-78.7552;35.7455;;118;0;1;;;NONE;;NONE;;PASSENGER CAR;PASSENGER CAR;PICKUP;;;NO;9683;2018-01-09;12:57 PM;2018-01-09T17:57:00+00:00;;2018;No;Yes;1;NONE;NONE,NONE;NONE,NONE;PASSENGER CAR,PASSENGER CAR;PASSENGER CAR,PASSENGER CAR,PICKUP;PASSENGER CAR,PASSENGER CAR,PICKUP;PASSENGER CAR,PASSENGER CAR,PICKUP
32318;120 FEET FROM PVA 2021 WALNUT ST;NO SPECIAL FEATURE;STRAIGHT,LEVEL;PUBLIC VEHICULAR AREA;TWO-WAY,NOT DIVIDED;SMOOTH ASPHALT;DRY;DAYLIGHT;CLEAR;NO CONTROL PRESENT;;;-78.7606;35.746;;;0;0;;;NONE;;NONE;;PASSENGER CAR;PASSENGER CAR;;;;NO;9690;2018-01-10;3:19:21 PM;2018-01-10T20:19:21+00:00;;2018;No;No;1;NONE;NONE,NONE;NONE,NONE;PASSENGER CAR,PASSENGER CAR;PASSENGER CAR,PASSENGER CAR;PASSENGER CAR,PASSENGER CAR;PASSENGER CAR,PASSENGER CAR
32325;60 FEET FROM 1381 SE MAYNARD RD;DRIVEWAY, PUBLIC;STRAIGHT,GRADE;PUBLIC VEHICULAR AREA;TWO-WAY,NOT DIVIDED;SMOOTH ASPHALT;WET;DAYLIGHT;RAIN;NO CONTROL PRESENT;;;-78.7641;35.7886;;;0;0;;;NONE;;NONE;;PASSENGER CAR;PASSENGER CAR;;;;NO;9697;2018-01-11;11:05 AM;2018-01-11T16:05:00+00:00;;2018;No;No;1;NONE;NONE,NONE;NONE,NONE;PASSENGER CAR,PASSENGER CAR;PASSENGER CAR,PASSENGER CAR;PASSENGER CAR,PASSENGER CAR;PASSENGER CAR,PASSENGER CAR
32332;50 FEET FROM SR 1415 (NE MAYNARD RD);NO SPECIAL FEATURE;STRAIGHT,HILLCREST;STATE SECONDARY ROUTE;TWO-WAY,NOT DIVIDED;SMOOTH ASPHALT;DRY;DAYLIGHT;CLEAR;STOP AND GO SIGNAL;;;-78.7752;35.803;;113;0;3;2;;NONE;;NONE;;PASSENGER CAR;;;;;NO;9704;2018-01-10;5:09:45 PM;2018-01-10T22:09:45+00:00;;2018;No;Yes;1;NONE;NONE,NONE;NONE,NONE;PASSENGER CAR;PASSENGER CAR;PASSENGER CAR;PASSENGER CAR
32335;.6 MILES FROM NC55 HWY;NO SPECIAL FEATURE;STRAIGHT,LEVEL;NC ROUTE;TWO-WAY,DIVIDED,UNPROTECTED MEDIAN;SMOOTH ASPHALT;DRY;DARK - ROADWAY NOT LIGHTED;CLEAR;NO CONTROL PRESENT;35.813687681;-78.8727476;-78.871576;35.804826;P091;WAKE;0;0;;;NONE;;NONE;;SPORT UTILITY;;SPORT UTILITY;;;NO;9707;2018-01-09;4:55:06 PM;2018-01-09T21:55:06+00:00;35.813687681, -78.8727476;2018;No;No;1;NONE;NONE,NONE;NONE,NONE;SPORT UTILITY;SPORT UTILITY,SPORT UTILITY;SPORT UTILITY,SPORT UTILITY;SPORT UTILITY,SPORT UTILITY
32336;200 FEET FROM PVA (1370 NW MAYNARD RD);NO SPECIAL FEATURE;STRAIGHT,LEVEL;PUBLIC VEHICULAR AREA;ONE-WAY,NOT DIVIDED;SMOOTH ASPHALT;DRY;DAYLIGHT;CLEAR;NO CONTROL PRESENT;;;-78.809238;35.786922;;;0;0;1;;NONE;;NONE;;PASSENGER CAR;SPORT UTILITY;;;;NO;9708;2018-01-10;3:25:43 PM;2018-01-10T20:25:43+00:00;;2018;No;No;1;NONE;NONE,NONE;NONE,NONE;PASSENGER CAR,SPORT UTILITY;PASSENGER CAR,SPORT UTILITY;PASSENGER CAR,SPORT UTILITY;PASSENGER CAR,SPORT UTILITY
32338;0.2 MILES FROM SR 1300 (KILDAIRE FARM RD);NO SPECIAL FEATURE;STRAIGHT,LEVEL;STATE SECONDARY ROUTE;TWO-WAY,DIVIDED,POSITIVE MEDIAN BARRIER;SMOOTH ASPHALT;WET;DAYLIGHT;CLOUDY;STOP AND GO SIGNAL;;;-78793137.0;35.758282;;;0;0;;;NONE;;NONE;;SPORT UTILITY;PASSENGER CAR;;;;NO;9710;2018-01-11;3:57:51 PM;2018-01-11T20:57:51+00:00;;2018;No;No;1;NONE;NONE,NONE;NONE,NONE;SPORT UTILITY,PASSENGER CAR;SPORT UTILITY,PASSENGER CAR;SPORT UTILITY,PASSENGER CAR;SPORT UTILITY,PASSENGER CAR
32339;.25 MILES FROM SR 1011 ( E CHATHAM ST);NO SPECIAL FEATURE;STRAIGHT,LEVEL;STATE SECONDARY ROUTE;TWO-WAY,NOT DIVIDED;SMOOTH ASPHALT;WET;DARK - LIGHTED ROADWAY;RAIN;NO CONTROL PRESENT;;;-78.7607;35.7917;;;0;0;;;NONE;;NONE;;PASSENGER CAR;PASSENGER CAR;;;;NO;9711;2018-01-11;5:40:57 PM;2018-01-11T22:40:57+00:00;;2018;No;No;1;NONE;NONE,NONE;NONE,NONE;PASSENGER CAR,PASSENGER CAR;PASSENGER CAR,PASSENGER CAR;PASSENGER CAR,PASSENGER CAR;PASSENGER CAR,PASSENGER CAR
32346;CARY;;;;;;;;;;;;;;;;0;0;;;;;;;;;;;;;9718;2018-01-05;11:21 AM;2018-01-05T16:21:00+00:00;;2018;No;No;1;;;;;;;
32348;50 FEET FROM NC 55 HWY;FOUR-WAY INTERSECTION;STRAIGHT,LEVEL;NC ROUTE;TWO-WAY,DIVIDED,POSITIVE MEDIAN BARRIER;SMOOTH ASPHALT;DRY;DAYLIGHT;CLOUDY;STOP AND GO SIGNAL;;;-78.8737;35.8202;;;0;0;2;;;;NONE;;LIGHT TRUCK (MINI-VAN- PANEL);SPORT UTILITY;;;;NO;9720;2018-01-11;11:49 AM;2018-01-11T16:49:00+00:00;;2018;No;No;1;;NONE;NONE;LIGHT TRUCK (MINI-VAN- PANEL),SPORT UTILITY;LIGHT TRUCK (MINI-VAN- PANEL),SPORT UTILITY;LIGHT TRUCK (MINI-VAN- PANEL),SPORT UTILITY;LIGHT TRUCK (MINI-VAN- PANEL),SPORT UTILITY
32357;25 FEET FROM PVA 748 E CHATHAM ST;NO SPECIAL FEATURE;STRAIGHT,LEVEL;PUBLIC VEHICULAR AREA;TWO-WAY,NOT DIVIDED;SMOOTH ASPHALT;DRY;DARK - LIGHTED ROADWAY;CLEAR;NO CONTROL PRESENT;;;-78.7657;35.7916;;;0;0;;;NONE;;NONE;;PASSENGER CAR;PASSENGER CAR;;;;NO;9729;2018-01-13;7:43:18 PM;2018-01-14T00:43:18+00:00;;2018;No;No;1;NONE;NONE,NONE;NONE,NONE;PASSENGER CAR,PASSENGER CAR;PASSENGER CAR,PASSENGER CAR;PASSENGER CAR,PASSENGER CAR;PASSENGER CAR,PASSENGER CAR
32359;20 FEET FROM S.R. 3014 (MORRISVILLE CARPEN);NO SPECIAL FEATURE;STRAIGHT,LEVEL;STATE SECONDARY ROUTE;TWO-WAY,NOT DIVIDED;SMOOTH ASPHALT;DRY;DAYLIGHT;CLEAR;STOP AND GO SIGNAL;;;-78.863;35.824;;;0;1;;;NONE;;NONE;;PASSENGER CAR;PASSENGER CAR;;;;NO;9731;2018-01-13;9:42:02 AM;2018-01-13T14:42:02+00:00;;2018;No;Yes;1;NONE;NONE,NONE;NONE,NONE;PASSENGER CAR,PASSENGER CAR;PASSENGER CAR,PASSENGER CAR;PASSENGER CAR,PASSENGER CAR;PASSENGER CAR,PASSENGER CAR
32361;0 FEET FROM S.R. 1653 (EVANS RD);FOUR-WAY INTERSECTION;STRAIGHT,GRADE;STATE SECONDARY ROUTE;TWO-WAY,DIVIDED,UNPROTECTED MEDIAN;COARSE ASPHALT;DRY;DAYLIGHT;CLEAR;NO CONTROL PRESENT;;;-78.8022;35.8178;;;0;0;;;;;NONE;;PASSENGER CAR;SPORT UTILITY;;;;NO;9733;2018-01-14;4:04:52 PM;2018-01-14T21:04:52+00:00;;2018;No;No;1;;NONE;NONE;PASSENGER CAR,SPORT UTILITY;PASSENGER CAR,SPORT UTILITY;PASSENGER CAR,SPORT UTILITY;PASSENGER CAR,SPORT UTILITY
32363;40 FEET FROM PVA 104 ARBOR WAY;NO SPECIAL FEATURE;STRAIGHT,LEVEL;PUBLIC VEHICULAR AREA;TWO-WAY,NOT DIVIDED;SMOOTH ASPHALT;DRY;DARK - LIGHTED ROADWAY;CLEAR;NO CONTROL PRESENT;;;-78.7735;35.8054;;;0;0;;;;;NONE;;PASSENGER CAR;PASSENGER CAR;;;;NO;9735;2018-01-14;8:56:26 PM;2018-01-15T01:56:26+00:00;;2018;No;No;1;;NONE;NONE;PASSENGER CAR,PASSENGER CAR;PASSENGER CAR,PASSENGER CAR;PASSENGER CAR,PASSENGER CAR;PASSENGER CAR,PASSENGER CAR
32371;CARY;T-INTERSECTION;CURVE,GRADE;LOCAL STREET;TWO-WAY,DIVIDED,UNPROTECTED MEDIAN;SMOOTH ASPHALT;DRY;DAYLIGHT;CLEAR;NO CONTROL PRESENT;35.754648549;-78.76797399;-78.7679;35.7545;P027;112;0;0;3;;;;NONE;;VAN;VAN;;;;NO;9743;2018-01-13;1:48:46 PM;2018-01-13T18:48:46+00:00;35.754648549, -78.76797399;2018;No;No;1;;NONE;NONE;VAN,VAN;VAN,VAN;VAN,VAN;VAN,VAN
32372;450 FEET FROM P.V.A (BALAJI TEMPLE);NO SPECIAL FEATURE;STRAIGHT,GRADE;PUBLIC VEHICULAR AREA;ONE-WAY,NOT DIVIDED;SMOOTH ASPHALT;DRY;DAYLIGHT;CLEAR;NO CONTROL PRESENT;;;-78.8049;35.8014;;;0;0;;;NONE;;NONE;;PASSENGER CAR;PASSENGER CAR;;;;NO;9744;2018-01-14;12:24 PM;2018-01-14T17:24:00+00:00;;2018;No;No;1;NONE;NONE,NONE;NONE,NONE;PASSENGER CAR,PASSENGER CAR;PASSENGER CAR,PASSENGER CAR;PASSENGER CAR,PASSENGER CAR;PASSENGER CAR,PASSENGER CAR
32375;200 FEET FROM PVA (1387 SE MAYNARD RD);NO SPECIAL FEATURE;STRAIGHT,LEVEL;PUBLIC VEHICULAR AREA;TWO-WAY,NOT DIVIDED;SMOOTH ASPHALT;DRY;DAYLIGHT;CLEAR;NO CONTROL PRESENT;;;-78.7642;35.7889;;;0;0;;;NONE;;NONE;;SPORT UTILITY;VAN;;;;NO;9747;2018-01-09;2:12:09 PM;2018-01-09T19:12:09+00:00;;2018;No;No;1;NONE;NONE,NONE;NONE,NONE;SPORT UTILITY,VAN;SPORT UTILITY,VAN;SPORT UTILITY,VAN;SPORT UTILITY,VAN
32376;CARY;NO SPECIAL FEATURE;STRAIGHT,LEVEL;LOCAL STREET;TWO-WAY,NOT DIVIDED;SMOOTH ASPHALT;DRY;DAYLIGHT;CLEAR;NO CONTROL PRESENT;;;-78.7602;35.7758;;;0;0;;;NONE;;NONE;;PASSENGER CAR;PASSENGER CAR;;;;NO;9748;2018-01-10;2:50:27 PM;2018-01-10T19:50:27+00:00;;2018;No;No;1;NONE;NONE,NONE;NONE,NONE;PASSENGER CAR,PASSENGER CAR;PASSENGER CAR,PASSENGER CAR;PASSENGER CAR,PASSENGER CAR;PASSENGER CAR,PASSENGER CAR
32382;500 FEET FROM P.V.A (200 INNOVATION AV);NO SPECIAL FEATURE;STRAIGHT,LEVEL;PUBLIC VEHICULAR AREA;TWO-WAY,NOT DIVIDED;SMOOTH ASPHALT;DRY;DAYLIGHT;CLEAR;NO CONTROL PRESENT;35.872524926;-78.8161113;-78.8181;35.8732;P088;WAKE;0;0;;;NONE;;NONE;;SINGLE UNIT TRUCK (2-AXLE- 6-TIRE);;;;;NO;9754;2018-01-15;5:15:39 PM;2018-01-15T22:15:39+00:00;35.872524926, -78.8161113;2018;No;No;1;NONE;NONE,NONE;NONE,NONE;SINGLE UNIT TRUCK (2-AXLE- 6-TIRE);SINGLE UNIT TRUCK (2-AXLE- 6-TIRE);SINGLE UNIT TRUCK (2-AXLE- 6-TIRE);SINGLE UNIT TRUCK (2-AXLE- 6-TIRE)
32383;.5 MILES FROM CROSSROAD BLVD;NO SPECIAL FEATURE;STRAIGHT,LEVEL;LOCAL STREET;TWO-WAY,NOT DIVIDED;SMOOTH ASPHALT;DRY;DARK - LIGHTED ROADWAY;CLEAR;NO CONTROL PRESENT;35.757615983;-78.73308365;-78.7322;35.7569;P045;118;0;0;;;;;NONE;;;;;;;NO;9755;2018-01-13;2:10:54 AM;2018-01-13T07:10:54+00:00;35.757615983, -78.73308365;2018;No;No;1;;NONE;NONE;;;;
32388;.25 MILES FROM SR 3112 (NW CARY PKWY);NO SPECIAL FEATURE;STRAIGHT,LEVEL;STATE SECONDARY ROUTE;TWO-WAY,DIVIDED,UNPROTECTED MEDIAN;COARSE ASPHALT;DRY;DAYLIGHT;CLOUDY;NO CONTROL PRESENT;;;-78.826;35.79;;;0;0;;;NONE;;NONE;;PASSENGER CAR;PASSENGER CAR;;;;NO;9760;2018-01-12;2:59:59 PM;2018-01-12T19:59:59+00:00;;2018;No;No;1;NONE;NONE,NONE;NONE,NONE;PASSENGER CAR,PASSENGER CAR;PASSENGER CAR,PASSENGER CAR;PASSENGER CAR,PASSENGER CAR;PASSENGER CAR,PASSENGER CAR
32396;400 FEET FROM SR1747(NW MAYNARD RD);NO SPECIAL FEATURE;STRAIGHT,LEVEL;STATE SECONDARY ROUTE;TWO-WAY,DIVIDED,UNPROTECTED MEDIAN;COARSE ASPHALT;DRY;DAYLIGHT;CLEAR;NO CONTROL PRESENT;;;-78.8;35.78;;;0;0;;;NONE;;NONE;;PASSENGER CAR;PASSENGER CAR;;;;NO;9768;2018-01-16;10:00 AM;2018-01-16T15:00:00+00:00;;2018;No;No;1;NONE;NONE,NONE;NONE,NONE;PASSENGER CAR,PASSENGER CAR;PASSENGER CAR,PASSENGER CAR;PASSENGER CAR,PASSENGER CAR;PASSENGER CAR,PASSENGER CAR
32405;.1 MILES FROM PVA OF 2000 WALNUT ST;NO SPECIAL FEATURE;STRAIGHT,LEVEL;PUBLIC VEHICULAR AREA;TWO-WAY,NOT DIVIDED;SMOOTH ASPHALT;DRY;DAYLIGHT;CLEAR;NO CONTROL PRESENT;;;-78.7428;35.7581;;;0;0;;;NONE;;NONE;;PASSENGER CAR;PASSENGER CAR;;;;NO;9777;2018-01-16;1:05:53 PM;2018-01-16T18:05:53+00:00;;2018;No;No;1;NONE;NONE,NONE;NONE,NONE;PASSENGER CAR,PASSENGER CAR;PASSENGER CAR,PASSENGER CAR;PASSENGER CAR,PASSENGER CAR;PASSENGER CAR,PASSENGER CAR
32407;120 FEET FROM P.V.A. (4300 NW CARY PKWY);DRIVEWAY, PUBLIC;STRAIGHT,LEVEL;PUBLIC VEHICULAR AREA;TWO-WAY,NOT DIVIDED;SMOOTH ASPHALT;DRY;DAYLIGHT;CLEAR;NO CONTROL PRESENT;;;-78.828;35.7905;;;0;0;;;NONE;;NONE;;LIGHT TRUCK (MINI-VAN- PANEL);PICKUP;;;;NO;9779;2018-01-16;10:18 AM;2018-01-16T15:18:00+00:00;;2018;No;No;1;NONE;NONE,NONE;NONE,NONE;LIGHT TRUCK (MINI-VAN- PANEL),PICKUP;LIGHT TRUCK (MINI-VAN- PANEL),PICKUP;LIGHT TRUCK (MINI-VAN- PANEL),PICKUP;LIGHT TRUCK (MINI-VAN- PANEL),PICKUP
32408;CARY;NO SPECIAL FEATURE;STRAIGHT,LEVEL;NC ROUTE;TWO-WAY,NOT DIVIDED;SMOOTH ASPHALT;DRY;DAYLIGHT;CLEAR;NO CONTROL PRESENT;;;-78.87069;35.78981;;122;0;0;;;NONE;;NONE;;SPORT UTILITY;PASSENGER CAR;;;;NO;9780;2018-01-16;12:12 PM;2018-01-16T17:12:00+00:00;;2018;No;No;1;NONE;NONE,NONE;NONE,NONE;SPORT UTILITY,PASSENGER CAR;SPORT UTILITY,PASSENGER CAR;SPORT UTILITY,PASSENGER CAR;SPORT UTILITY,PASSENGER CAR
32413;238 FEET FROM SR 1300 (KILDAIRE FARM RD);NO SPECIAL FEATURE;STRAIGHT,LEVEL;STATE SECONDARY ROUTE;TWO-WAY,NOT DIVIDED;SMOOTH ASPHALT;WET;DAYLIGHT;RAIN;NO CONTROL PRESENT;;;-78.7832;35.7655;;;0;0;;;NONE;;NONE;;PASSENGER CAR;SPORT UTILITY;;;;NO;9785;2018-01-11;4:04:05 PM;2018-01-11T21:04:05+00:00;;2018;No;No;1;NONE;NONE,NONE;NONE,NONE;PASSENGER CAR,SPORT UTILITY;PASSENGER CAR,SPORT UTILITY;PASSENGER CAR,SPORT UTILITY;PASSENGER CAR,SPORT UTILITY
32415;50 FEET FROM SR 1300 (KILDAIRE FARM RD);NO SPECIAL FEATURE;STRAIGHT,GRADE;STATE SECONDARY ROUTE;TWO-WAY,DIVIDED,UNPROTECTED MEDIAN;SMOOTH ASPHALT;WET;DAYLIGHT;CLOUDY;NO CONTROL PRESENT;;;-78.7772;35.7288;;118;0;0;;;;;NONE;;;;;;;NO;9787;2018-01-11;11:12 AM;2018-01-11T16:12:00+00:00;;2018;No;No;1;;NONE;NONE;;;;
32424;20 FEET FROM NOTTINGHAM DR;NO SPECIAL FEATURE;STRAIGHT,LEVEL;LOCAL STREET;TWO-WAY,NOT DIVIDED;SMOOTH ASPHALT;SNOW;DAYLIGHT;SNOW;NO CONTROL PRESENT;35.767659207;-78.74423118;-78.7437;35.7678;P083;112;0;0;;;NONE;;NONE;;PASSENGER CAR;PASSENGER CAR;;;;NO;9796;2018-01-17;2:46:02 PM;2018-01-17T19:46:02+00:00;35.767659207, -78.74423118;2018;No;No;1;NONE;NONE,NONE;NONE,NONE;PASSENGER CAR,PASSENGER CAR;PASSENGER CAR,PASSENGER CAR;PASSENGER CAR,PASSENGER CAR;PASSENGER CAR,PASSENGER CAR
32425;50 FEET FROM SR 1349 (DILLARD DR);NO SPECIAL FEATURE;STRAIGHT,HILLCREST;STATE SECONDARY ROUTE;TWO-WAY,NOT DIVIDED;SMOOTH ASPHALT;ICE;DAYLIGHT;CLEAR;NO CONTROL PRESENT;;;-78.7458;35.7561;;;0;0;;;NONE;;COMING FROM BEHIND PARKED VEHICLE;;PASSENGER CAR;;;;;NO;9797;2018-01-18;5:29:16 PM;2018-01-18T22:29:16+00:00;;2018;No;No;1;NONE;NONE,COMING FROM BEHIND PARKED VEHICLE;NONE,COMING FROM BEHIND PARKED VEHICLE;PASSENGER CAR;PASSENGER CAR;PASSENGER CAR;PASSENGER CAR
32432;50 FEET FROM 1001 N HARRISON AV (PVA);NO SPECIAL FEATURE;STRAIGHT,LEVEL;PUBLIC VEHICULAR AREA;TWO-WAY,NOT DIVIDED;SMOOTH ASPHALT;SLUSH;DAYLIGHT;CLEAR;NO CONTROL PRESENT;;;-78.7835;35.8028;;;0;0;;;;;NONE;;SPORT UTILITY;PASSENGER CAR;;;;NO;9804;2018-01-19;9:29:03 AM;2018-01-19T14:29:03+00:00;;2018;No;No;1;;NONE;NONE;SPORT UTILITY,PASSENGER CAR;SPORT UTILITY,PASSENGER CAR;SPORT UTILITY,PASSENGER CAR;SPORT UTILITY,PASSENGER CAR
32433;375 FEET FROM NC55 HWY;NO SPECIAL FEATURE;STRAIGHT,LEVEL;NC ROUTE;TWO-WAY,DIVIDED,UNPROTECTED MEDIAN;SMOOTH ASPHALT;ICE;DARK - LIGHTED ROADWAY;CLEAR;STOP AND GO SIGNAL;35.830667749;-78.87820464;-78.8788;35.8317;P091;WAKE;0;0;;;;;COMING FROM BEHIND PARKED VEHICLE;;SPORT UTILITY;;;;;NO;9805;2018-01-19;8:14:15 AM;2018-01-19T13:14:15+00:00;35.830667749, -78.87820464;2018;No;No;1;;COMING FROM BEHIND PARKED VEHICLE;COMING FROM BEHIND PARKED VEHICLE;SPORT UTILITY;SPORT UTILITY;SPORT UTILITY;SPORT UTILITY
32435;.1 MILES FROM P.V.A. 2042 KILDAIRE FARM RD;NO SPECIAL FEATURE;STRAIGHT,LEVEL;PUBLIC VEHICULAR AREA;;SMOOTH ASPHALT;WET;DAYLIGHT;CLEAR;NO CONTROL PRESENT;;;-78.7811;35.7357;;;0;0;;;NONE;;NONE;;SINGLE UNIT TRUCK (2-AXLE- 6-TIRE);;;;;NO;9807;2018-01-19;12:00 PM;2018-01-19T17:00:00+00:00;;2018;No;No;1;NONE;NONE,NONE;NONE,NONE;SINGLE UNIT TRUCK (2-AXLE- 6-TIRE);SINGLE UNIT TRUCK (2-AXLE- 6-TIRE);SINGLE UNIT TRUCK (2-AXLE- 6-TIRE);SINGLE UNIT TRUCK (2-AXLE- 6-TIRE)
32437;55 FEET FROM SR 1613 (DAVIS DRIVE);NO SPECIAL FEATURE;STRAIGHT,LEVEL;STATE SECONDARY ROUTE;TWO-WAY,DIVIDED,UNPROTECTED MEDIAN;SMOOTH ASPHALT;ICE;DAYLIGHT;CLEAR;STOP SIGN;;;-78.852268;35.828459;;;0;0;;;NONE;;;;PASSENGER CAR;VAN;;;;NO;9809;2018-01-19;2:13:09 PM;2018-01-19T19:13:09+00:00;;2018;No;No;1;NONE;NONE;NONE;PASSENGER CAR,VAN;PASSENGER CAR,VAN;PASSENGER CAR,VAN;PASSENGER CAR,VAN
32442;25 FEET FROM SR3112 (NW CARY PKWY);FOUR-WAY INTERSECTION;STRAIGHT,GRADE;STATE SECONDARY ROUTE;TWO-WAY,DIVIDED,UNPROTECTED MEDIAN;SMOOTH ASPHALT;SLUSH;DAYLIGHT;BLOWING SAND, DIRT, SNOW;NO CONTROL PRESENT;;;-78.7817;35.8207;;;0;0;;;NONE;;COMING FROM BEHIND PARKED VEHICLE;;SPORT UTILITY;PASSENGER CAR;;;;NO;9814;2018-01-17;1:07:25 PM;2018-01-17T18:07:25+00:00;;2018;No;No;1;NONE;NONE,COMING FROM BEHIND PARKED VEHICLE;NONE,COMING FROM BEHIND PARKED VEHICLE;SPORT UTILITY,PASSENGER CAR;SPORT UTILITY,PASSENGER CAR;SPORT UTILITY,PASSENGER CAR;SPORT UTILITY,PASSENGER CAR
32445;150 FEET FROM (SR 1315) BUCK JONES RD;RELATED TO INTERSECTION;STRAIGHT,LEVEL;STATE SECONDARY ROUTE;TWO-WAY,DIVIDED,UNPROTECTED MEDIAN;SMOOTH ASPHALT;DRY;DAYLIGHT;CLEAR;NO CONTROL PRESENT;35.78263276;-78.7250007;-78.7448;35.76355;P098;RALW;0;0;;;NONE;;NONE;;PASSENGER CAR;PASSENGER CAR;;;;NO;9817;2018-01-20;12:00 AM;2018-01-20T05:00:00+00:00;35.78263276, -78.7250007;2018;No;No;1;NONE;NONE,NONE;NONE,NONE;PASSENGER CAR,PASSENGER CAR;PASSENGER CAR,PASSENGER CAR;PASSENGER CAR,PASSENGER CAR;PASSENGER CAR,PASSENGER CAR
32447;.1 MILES FROM 610 NOTTINGHAM DR;NO SPECIAL FEATURE;CURVE,HILLCREST;LOCAL STREET;TWO-WAY,NOT DIVIDED;COARSE ASPHALT;ICE;UNKNOWN;OTHER *;NO CONTROL PRESENT;;;-78.7437;35.7678;;112;0;0;;;;;COMING FROM BEHIND PARKED VEHICLE;;;;;;;NO;9819;2018-01-21;11:37 AM;2018-01-21T16:37:00+00:00;;2018;No;No;1;;COMING FROM BEHIND PARKED VEHICLE;COMING FROM BEHIND PARKED VEHICLE;;;;