tamainid;location_description;rdfeature;rdcharacter;rdclass;rdconfigur;rdsurface;rdcondition;lightcond;weather;trafcontrl;lat;lon;lon2;lat2;tract;zone;fatality;possblinj;numpassengers;numpedestrians;contrcir1_desc;contrcir2_desc;contrcir3_desc;contrcir4_desc;vehicle1;vehicle2;vehicle3;vehicle4;vehicle5;workarea;records;ta_date;ta_time;crash_date;geo_location;year;fatalities;injuries;month;contrfact1;contrfact2;contributing_factor;vehicleconcat1;vehicleconcat2;vehicleconcat3;vehicle_type
33448;63 FEET FROM WESTON PKWY;RELATED TO INTERSECTION;STRAIGHT,LEVEL;LOCAL STREET;TWO-WAY,DIVIDED,UNPROTECTED MEDIAN;SMOOTH ASPHALT;WET;DARK - LIGHTED ROADWAY;RAIN;STOP SIGN;;;-78.812;35.8165;;;0;0;;;NONE;;NONE;;PASSENGER CAR;PASSENGER CAR;;;;NO;10819;2018-04-07;10:45 PM;2018-04-08T02:45:00+00:00;;2018;No;No;4;NONE;NONE,NONE;NONE,NONE;PASSENGER CAR,PASSENGER CAR;PASSENGER CAR,PASSENGER CAR;PASSENGER CAR,PASSENGER CAR;PASSENGER CAR,PASSENGER CAR
33452;100 FEET FROM SR 1313 (WALNUT ST);NO SPECIAL FEATURE;STRAIGHT,LEVEL;STATE SECONDARY ROUTE;TWO-WAY,DIVIDED,POSITIVE MEDIAN BARRIER;COARSE ASPHALT;WET;DAYLIGHT;RAIN;NO CONTROL PRESENT;;;-78.745;35.7623;;112;0;0;1;;;;NONE;;SPORT UTILITY;PICKUP;;;;NO;10823;2018-04-07;12:41 PM;2018-04-07T16:41:00+00:00;;2018;No;No;4;;NONE;NONE;SPORT UTILITY,PICKUP;SPORT UTILITY,PICKUP;SPORT UTILITY,PICKUP;SPORT UTILITY,PICKUP
33454;1 MILES FROM US 1 SOUTHBOUND;NO SPECIAL FEATURE;STRAIGHT,LEVEL;US ROUTE;TWO-WAY,DIVIDED,POSITIVE MEDIAN BARRIER;COARSE ASPHALT;DRY;DAYLIGHT;CLOUDY;NO CONTROL PRESENT;35.736326699;-78.78772132;-78.8031;35.7317;P042;115;0;2;;;NONE;;NONE;;PICKUP;PASSENGER CAR;PASSENGER CAR;;;NO;10825;2018-04-06;3:39:48 PM;2018-04-06T19:39:48+00:00;35.736326699, -78.78772132;2018;No;Yes;4;NONE;NONE,NONE;NONE,NONE;PICKUP,PASSENGER CAR;PICKUP,PASSENGER CAR,PASSENGER CAR;PICKUP,PASSENGER CAR,PASSENGER CAR;PICKUP,PASSENGER CAR,PASSENGER CAR
33461;0 FEET FROM (SR 1652) N HARRISON AVE;MERGE LANE BETWEEN ON AND OFF RAMP;CURVE,LEVEL;STATE SECONDARY ROUTE;ONE-WAY,NOT DIVIDED;SMOOTH ASPHALT;DRY;DAYLIGHT;CLEAR;NO CONTROL PRESENT;;;-78.764861;35.831235;;;0;0;1;;NONE;;NONE;;PASSENGER CAR;PASSENGER CAR;;;;NO;10832;2018-04-08;1:06:24 PM;2018-04-08T17:06:24+00:00;;2018;No;No;4;NONE;NONE,NONE;NONE,NONE;PASSENGER CAR,PASSENGER CAR;PASSENGER CAR,PASSENGER CAR;PASSENGER CAR,PASSENGER CAR;PASSENGER CAR,PASSENGER CAR
33462;10 FEET FROM S.R. 1652 (HARRISON AV);NO SPECIAL FEATURE;STRAIGHT,LEVEL;STATE SECONDARY ROUTE;TWO-WAY,NOT DIVIDED;SMOOTH ASPHALT;DRY;DAYLIGHT;CLEAR;NO CONTROL PRESENT;;;-78.7831;35.7927;;;0;0;;;;;NONE;;PASSENGER CAR;PASSENGER CAR;;;;NO;10833;2018-04-09;9:16:04 AM;2018-04-09T13:16:04+00:00;;2018;No;No;4;;NONE;NONE;PASSENGER CAR,PASSENGER CAR;PASSENGER CAR,PASSENGER CAR;PASSENGER CAR,PASSENGER CAR;PASSENGER CAR,PASSENGER CAR
33463;50 FEET FROM PVA (869 SE MAYNARD RD);;;;;;;;;;;;;;;;0;0;;;;;;;PASSENGER CAR;;;;;;10834;2018-04-02;10:19 AM;2018-04-02T14:19:00+00:00;;2018;No;No;4;;;;PASSENGER CAR;PASSENGER CAR;PASSENGER CAR;PASSENGER CAR
33468;281 FEET FROM P.V.A. (940 SE CARY PKWY);DRIVEWAY, PUBLIC;STRAIGHT,LEVEL;PUBLIC VEHICULAR AREA;TWO-WAY,NOT DIVIDED;SMOOTH ASPHALT;DRY;DAYLIGHT;CLEAR;NO CONTROL PRESENT;;;-78.765495;35.745074;;;0;0;2;;NONE;;NONE;;SPORT UTILITY;PICKUP;;;;NO;10839;2018-04-09;6:16:19 PM;2018-04-09T22:16:19+00:00;;2018;No;No;4;NONE;NONE,NONE;NONE,NONE;SPORT UTILITY,PICKUP;SPORT UTILITY,PICKUP;SPORT UTILITY,PICKUP;SPORT UTILITY,PICKUP
33472;75 FEET FROM P.V.A. (1105 WALNUT STREET);DRIVEWAY, PUBLIC;STRAIGHT,LEVEL;PUBLIC VEHICULAR AREA;TWO-WAY,DIVIDED,UNPROTECTED MEDIAN;SMOOTH ASPHALT;;DARK - LIGHTED ROADWAY;CLEAR;NO CONTROL PRESENT;;;-78.763743;35.774624;;;0;0;2;;NONE;;NONE;;PASSENGER CAR;;;;;NO;10843;2018-04-09;11:56 PM;2018-04-10T03:56:00+00:00;;2018;No;No;4;NONE;NONE,NONE;NONE,NONE;PASSENGER CAR;PASSENGER CAR;PASSENGER CAR;PASSENGER CAR
33474;400 FEET FROM P.V.A. 940 SE CARY PKWY;NO SPECIAL FEATURE;STRAIGHT,LEVEL;PUBLIC VEHICULAR AREA;TWO-WAY,NOT DIVIDED;SMOOTH ASPHALT;DRY;DAYLIGHT;CLEAR;NO CONTROL PRESENT;;;-78.7651;35.7451;;;0;0;;;;;NONE;;VAN;PASSENGER CAR;;;;NO;10845;2018-04-09;6:32:48 PM;2018-04-09T22:32:48+00:00;;2018;No;No;4;;NONE;NONE;VAN,PASSENGER CAR;VAN,PASSENGER CAR;VAN,PASSENGER CAR;VAN,PASSENGER CAR
33475;.1 MILES FROM SR-3081 CHAPEL HILL RD;NO SPECIAL FEATURE;STRAIGHT,LEVEL;STATE SECONDARY ROUTE;TWO-WAY,NOT DIVIDED;SMOOTH ASPHALT;DRY;DAYLIGHT;CLOUDY;NO CONTROL PRESENT;;;-78.7776;35.7915;;;0;0;;;NONE;;NONE;;PASSENGER CAR;PASSENGER CAR;;;;NO;10846;2018-04-10;9:13:06 AM;2018-04-10T13:13:06+00:00;;2018;No;No;4;NONE;NONE,NONE;NONE,NONE;PASSENGER CAR,PASSENGER CAR;PASSENGER CAR,PASSENGER CAR;PASSENGER CAR,PASSENGER CAR;PASSENGER CAR,PASSENGER CAR
33476;350 FEET FROM P.V.A. OF 8745 HOLLY SPRINGS R;NO SPECIAL FEATURE;STRAIGHT,GRADE;PUBLIC VEHICULAR AREA;TWO-WAY,NOT DIVIDED;SMOOTH ASPHALT;DRY;DAYLIGHT;CLEAR;NO CONTROL PRESENT;;;-78.7734;35.694;;;0;0;;;NONE;;NONE;;PASSENGER CAR;PASSENGER CAR;;;;NO;10847;2018-04-10;2:16:22 PM;2018-04-10T18:16:22+00:00;;2018;No;No;4;NONE;NONE,NONE;NONE,NONE;PASSENGER CAR,PASSENGER CAR;PASSENGER CAR,PASSENGER CAR;PASSENGER CAR,PASSENGER CAR;PASSENGER CAR,PASSENGER CAR
33496;.2 MILES FROM PVA (275 CONVENTION DR);NO SPECIAL FEATURE;STRAIGHT,LEVEL;PUBLIC VEHICULAR AREA;ONE-WAY,NOT DIVIDED;SMOOTH ASPHALT;DRY;DAYLIGHT;CLEAR;NO CONTROL PRESENT;;;-78.7546;35.7754;;;0;0;;;NONE;;NONE;;VAN;SPORT UTILITY;;;;NO;10867;2018-04-10;5:37:02 PM;2018-04-10T21:37:02+00:00;;2018;No;No;4;NONE;NONE,NONE;NONE,NONE;VAN,SPORT UTILITY;VAN,SPORT UTILITY;VAN,SPORT UTILITY;VAN,SPORT UTILITY
33497;200 FEET FROM SR1415 (SE MAYNARD RD);NO SPECIAL FEATURE;STRAIGHT,GRADE;STATE SECONDARY ROUTE;TWO-WAY,NOT DIVIDED;SMOOTH ASPHALT;DRY;DAYLIGHT;CLEAR;NO CONTROL PRESENT;;;-78.7638;35.7718;;;0;1;;;NONE;;NONE;;;SPORT UTILITY;;;;NO;10868;2018-04-11;12:53 PM;2018-04-11T16:53:00+00:00;;2018;No;Yes;4;NONE;NONE,NONE;NONE,NONE;SPORT UTILITY;SPORT UTILITY;SPORT UTILITY;SPORT UTILITY
33520;50 FEET FROM OLDE WEATHERSTONE WAY;NO SPECIAL FEATURE;CURVE,GRADE;LOCAL STREET;TWO-WAY,NOT DIVIDED;SMOOTH ASPHALT;DRY;DAYLIGHT;CLEAR;NO CONTROL PRESENT;35.792910453;-78.81293463;-78.8162;35.7941;P065;114;0;0;2;;NONE;;NONE;;PASSENGER CAR;PASSENGER CAR;;;;NO;10891;2018-04-14;12:06 PM;2018-04-14T16:06:00+00:00;35.792910453, -78.81293463;2018;No;No;4;NONE;NONE,NONE;NONE,NONE;PASSENGER CAR,PASSENGER CAR;PASSENGER CAR,PASSENGER CAR;PASSENGER CAR,PASSENGER CAR;PASSENGER CAR,PASSENGER CAR
33526;20 FEET FROM SR 1011 (W CHATHAM ST);NO SPECIAL FEATURE;STRAIGHT,GRADE;STATE SECONDARY ROUTE;TWO-WAY,DIVIDED,UNPROTECTED MEDIAN;SMOOTH ASPHALT;DRY;DAYLIGHT;CLEAR;NO CONTROL PRESENT;;;-78.79;35.7864;;;0;0;1;;NONE;;NONE;;PICKUP;PASSENGER CAR;;;;NO;10897;2018-04-14;4:37:08 PM;2018-04-14T20:37:08+00:00;;2018;No;No;4;NONE;NONE,NONE;NONE,NONE;PICKUP,PASSENGER CAR;PICKUP,PASSENGER CAR;PICKUP,PASSENGER CAR;PICKUP,PASSENGER CAR
33548;300 FEET FROM P.V.A. (10140 GREEN LEVEL CHU);NO SPECIAL FEATURE;STRAIGHT,LEVEL;PUBLIC VEHICULAR AREA;TWO-WAY,NOT DIVIDED;SMOOTH ASPHALT;DRY;DAYLIGHT;CLEAR;NO CONTROL PRESENT;;;-78.9013;35.8211;;;0;0;;;;;NONE;;PASSENGER CAR;PASSENGER CAR;;;;NO;10919;2018-04-14;3:43:25 PM;2018-04-14T19:43:25+00:00;;2018;No;No;4;;NONE;NONE;PASSENGER CAR,PASSENGER CAR;PASSENGER CAR,PASSENGER CAR;PASSENGER CAR,PASSENGER CAR;PASSENGER CAR,PASSENGER CAR
33549;400 FEET FROM 100 BLOCK GREGORY DR;NO SPECIAL FEATURE;STRAIGHT,LEVEL;LOCAL STREET;TWO-WAY,NOT DIVIDED;COARSE ASPHALT;UNKNOWN;UNKNOWN;CLOUDY;NO CONTROL PRESENT;;;-78.773669;35.794083;;;0;0;;;NONE;;;;UNKNOWN;PASSENGER CAR;;;;NO;10920;2018-04-16;7:45:19 AM;2018-04-16T11:45:19+00:00;;2018;No;No;4;NONE;NONE;NONE;UNKNOWN,PASSENGER CAR;UNKNOWN,PASSENGER CAR;UNKNOWN,PASSENGER CAR;UNKNOWN,PASSENGER CAR
33558;.20 MILES FROM SR 1615 (HIGH HOUSE RD);RELATED TO INTERSECTION;STRAIGHT,LEVEL;STATE SECONDARY ROUTE;TWO-WAY,DIVIDED,POSITIVE MEDIAN BARRIER;SMOOTH ASPHALT;DRY;DAYLIGHT;CLEAR;STOP AND GO SIGNAL;;;-78.850656;35.789796;;;0;0;;;NONE;;NONE;;PASSENGER CAR;SPORT UTILITY;;;;NO;10929;2018-04-16;7:41:43 PM;2018-04-16T23:41:43+00:00;;2018;No;No;4;NONE;NONE,NONE;NONE,NONE;PASSENGER CAR,SPORT UTILITY;PASSENGER CAR,SPORT UTILITY;PASSENGER CAR,SPORT UTILITY;PASSENGER CAR,SPORT UTILITY
33562;.16 MILES FROM SR #1653 (EVANS RD);NO SPECIAL FEATURE;STRAIGHT,LEVEL;STATE SECONDARY ROUTE;TWO-WAY,NOT DIVIDED;SMOOTH ASPHALT;DRY;DAYLIGHT;CLEAR;STOP AND GO SIGNAL;;;-78.8004;35.8166;;;0;0;;;NONE;;NONE;;PASSENGER CAR;PASSENGER CAR;;;;NO;10933;2018-04-17;8:59:06 AM;2018-04-17T12:59:06+00:00;;2018;No;No;4;NONE;NONE,NONE;NONE,NONE;PASSENGER CAR,PASSENGER CAR;PASSENGER CAR,PASSENGER CAR;PASSENGER CAR,PASSENGER CAR;PASSENGER CAR,PASSENGER CAR
33564;25 FEET FROM (PVA) 7980 CHAPEL HILL RD;NO SPECIAL FEATURE;STRAIGHT,LEVEL;PUBLIC VEHICULAR AREA;TWO-WAY,NOT DIVIDED;SMOOTH ASPHALT;DRY;DAYLIGHT;CLEAR;NO CONTROL PRESENT;;;-78.766397;35.795064;;;0;0;;;NONE;;NONE;;LIGHT TRUCK (MINI-VAN- PANEL);VAN;;;;NO;10935;2018-04-17;4:46:06 PM;2018-04-17T20:46:06+00:00;;2018;No;No;4;NONE;NONE,NONE;NONE,NONE;LIGHT TRUCK (MINI-VAN- PANEL),VAN;LIGHT TRUCK (MINI-VAN- PANEL),VAN;LIGHT TRUCK (MINI-VAN- PANEL),VAN;LIGHT TRUCK (MINI-VAN- PANEL),VAN
33567;.3 MILES FROM OLD APEX RD SR 1616;NO SPECIAL FEATURE;STRAIGHT,LEVEL;STATE SECONDARY ROUTE;TWO-WAY,NOT DIVIDED;SMOOTH ASPHALT;DRY;DAYLIGHT;CLEAR;NO CONTROL PRESENT;35.760026846;-78.82842166;-78.823045;35.761696;P099;APEX;0;0;2;;NONE;;NONE;;VAN;SPORT UTILITY;;;;NO;10938;2018-04-17;4:38:25 PM;2018-04-17T20:38:25+00:00;35.760026846, -78.82842166;2018;No;No;4;NONE;NONE,NONE;NONE,NONE;VAN,SPORT UTILITY;VAN,SPORT UTILITY;VAN,SPORT UTILITY;VAN,SPORT UTILITY
33572;75 FEET FROM (SR 1613) DAVIS DR;NO SPECIAL FEATURE;STRAIGHT,LEVEL;STATE SECONDARY ROUTE;;SMOOTH ASPHALT;DRY;DAYLIGHT;CLEAR;NO CONTROL PRESENT;35.828758927;-78.85242044;-78.8515;35.829;P073;121;0;0;;;NONE;;NONE;;PASSENGER CAR;VAN;;;;NO;10943;2018-04-17;5:56:55 PM;2018-04-17T21:56:55+00:00;35.828758927, -78.85242044;2018;No;No;4;NONE;NONE,NONE;NONE,NONE;PASSENGER CAR,VAN;PASSENGER CAR,VAN;PASSENGER CAR,VAN;PASSENGER CAR,VAN
33573;.01 MILES FROM (PVA) 123 MIDDLE CREEK PARK AV;NO SPECIAL FEATURE;STRAIGHT,LEVEL;PUBLIC VEHICULAR AREA;TWO-WAY,NOT DIVIDED;SMOOTH ASPHALT;DRY;DAYLIGHT;CLEAR;NO CONTROL PRESENT;;;-78.7616;35.6691;;;0;0;;;NONE;;NONE;;PASSENGER CAR;SPORT UTILITY;;;;NO;10944;2018-04-11;7:36:40 AM;2018-04-11T11:36:40+00:00;;2018;No;No;4;NONE;NONE,NONE;NONE,NONE;PASSENGER CAR,SPORT UTILITY;PASSENGER CAR,SPORT UTILITY;PASSENGER CAR,SPORT UTILITY;PASSENGER CAR,SPORT UTILITY
33575;.2 MILES FROM US 1 HWY;NO SPECIAL FEATURE;STRAIGHT,LEVEL;US ROUTE;TWO-WAY,DIVIDED,POSITIVE MEDIAN BARRIER;COARSE ASPHALT;DRY;DAYLIGHT;CLEAR;NO CONTROL PRESENT;;;-78.802706;35.7334682;;;0;2;2;;NONE;;NONE;;SPORT UTILITY;PASSENGER CAR;;;;NO;10946;2018-04-18;10:32 AM;2018-04-18T14:32:00+00:00;;2018;No;Yes;4;NONE;NONE,NONE;NONE,NONE;SPORT UTILITY,PASSENGER CAR;SPORT UTILITY,PASSENGER CAR;SPORT UTILITY,PASSENGER CAR;SPORT UTILITY,PASSENGER CAR
33580;5 FEET FROM SR 1423 (PINEY PLAINS RD);FOUR-WAY INTERSECTION;STRAIGHT,LEVEL;STATE SECONDARY ROUTE;TWO-WAY,DIVIDED,UNPROTECTED MEDIAN;SMOOTH ASPHALT;DRY;DAYLIGHT;CLEAR;STOP AND GO SIGNAL;;;-78.7546;35.7457;;;0;0;;;NONE;;NONE;;PASSENGER CAR;PASSENGER CAR;;;;NO;10951;2018-04-18;4:04:49 PM;2018-04-18T20:04:49+00:00;;2018;No;No;4;NONE;NONE,NONE;NONE,NONE;PASSENGER CAR,PASSENGER CAR;PASSENGER CAR,PASSENGER CAR;PASSENGER CAR,PASSENGER CAR;PASSENGER CAR,PASSENGER CAR
33581;CARY;DRIVEWAY, PUBLIC;STRAIGHT,LEVEL;PUBLIC VEHICULAR AREA;TWO-WAY,NOT DIVIDED;SMOOTH ASPHALT;DRY;DAYLIGHT;CLEAR;NO CONTROL PRESENT;;;-78.7394;35.7564;;;0;0;2;;;;NONE;;SPORT UTILITY;PICKUP;;;;NO;10952;2018-04-18;3:20:49 PM;2018-04-18T19:20:49+00:00;;2018;No;No;4;;NONE;NONE;SPORT UTILITY,PICKUP;SPORT UTILITY,PICKUP;SPORT UTILITY,PICKUP;SPORT UTILITY,PICKUP
33584;0 FEET FROM 558 CROSSROADS BLVD;FOUR-WAY INTERSECTION;STRAIGHT,LEVEL;PUBLIC VEHICULAR AREA;TWO-WAY,DIVIDED,UNPROTECTED MEDIAN;SMOOTH ASPHALT;DRY;DARK - ROADWAY NOT LIGHTED;CLEAR;STOP SIGN;35.761266214;-78.7418746;-78.732982;35.757723;P120;118;0;2;3;;NONE;;NONE;;PASSENGER CAR;PASSENGER CAR;;;;NO;10955;2018-04-13;4:26:21 PM;2018-04-13T20:26:21+00:00;35.761266214, -78.7418746;2018;No;Yes;4;NONE;NONE,NONE;NONE,NONE;PASSENGER CAR,PASSENGER CAR;PASSENGER CAR,PASSENGER CAR;PASSENGER CAR,PASSENGER CAR;PASSENGER CAR,PASSENGER CAR
33594;200 FEET FROM P.V.A. (301 METLIFE WAY);NO SPECIAL FEATURE;STRAIGHT,GRADE;PUBLIC VEHICULAR AREA;TWO-WAY,NOT DIVIDED;GRAVEL;SAND, MUD, DIRT, GRAVEL;DAYLIGHT;CLEAR;NO CONTROL PRESENT;;;-78.798;35.8298;;;0;0;;;NONE;;NONE;;;;;;;CONSTRUCTION WORK AREA;10965;2018-04-19;11:45 AM;2018-04-19T15:45:00+00:00;;2018;No;No;4;NONE;NONE,NONE;NONE,NONE;;;;
33596;69 FEET FROM MEETING ST;FOUR-WAY INTERSECTION;STRAIGHT,GRADE;LOCAL STREET;TWO-WAY,DIVIDED,UNPROTECTED MEDIAN;SMOOTH ASPHALT;DRY;DAYLIGHT;CLEAR;STOP AND GO SIGNAL;35.759565079;-78.74137444;-78.7417;35.7594;P120;118;0;0;;;;;NONE;;PASSENGER CAR;PASSENGER CAR;;;;NO;10967;2018-04-19;2:34:54 PM;2018-04-19T18:34:54+00:00;35.759565079, -78.74137444;2018;No;No;4;;NONE;NONE;PASSENGER CAR,PASSENGER CAR;PASSENGER CAR,PASSENGER CAR;PASSENGER CAR,PASSENGER CAR;PASSENGER CAR,PASSENGER CAR
33606;100 FEET FROM P.V.A. 214 CROSSROADS BLVD;NO SPECIAL FEATURE;STRAIGHT,LEVEL;PUBLIC VEHICULAR AREA;ONE-WAY,NOT DIVIDED;SMOOTH ASPHALT;DRY;DAYLIGHT;CLEAR;NO CONTROL PRESENT;;;-78.741;35.7597;;;0;0;;;NONE;;NONE;;PASSENGER CAR;VAN;PASSENGER CAR;;;NO;10977;2018-04-19;12:23 PM;2018-04-19T16:23:00+00:00;;2018;No;No;4;NONE;NONE,NONE;NONE,NONE;PASSENGER CAR,VAN;PASSENGER CAR,VAN,PASSENGER CAR;PASSENGER CAR,VAN,PASSENGER CAR;PASSENGER CAR,VAN,PASSENGER CAR
33612;.12 MILES FROM SR# 1600 (GREEN LEVEL CHURCH);NO SPECIAL FEATURE;STRAIGHT,LEVEL;STATE SECONDARY ROUTE;TWO-WAY,NOT DIVIDED;COARSE ASPHALT;DRY;DARK - ROADWAY NOT LIGHTED;CLEAR;NO CONTROL PRESENT;;;-78.9;35.79;;122;0;0;;;NONE;;NONE;;PASSENGER CAR;;;;;NO;10983;2018-04-22;12:50 PM;2018-04-22T16:50:00+00:00;;2018;No;No;4;NONE;NONE,NONE;NONE,NONE;PASSENGER CAR;PASSENGER CAR;PASSENGER CAR;PASSENGER CAR
33613;.098 MILES FROM NC 54 HWY;NO SPECIAL FEATURE;CURVE,LEVEL;STATE SECONDARY ROUTE;TWO-WAY,NOT DIVIDED;SMOOTH ASPHALT;DRY;DARK - ROADWAY NOT LIGHTED;CLEAR;NO CONTROL PRESENT;;;-78.8038;35.801;;;0;1;;;NONE;;NONE;;PASSENGER CAR;;;;;NO;10984;2018-04-22;5:45:57 AM;2018-04-22T09:45:57+00:00;;2018;No;Yes;4;NONE;NONE,NONE;NONE,NONE;PASSENGER CAR;PASSENGER CAR;PASSENGER CAR;PASSENGER CAR
33618;40 FEET FROM PVA 123 MIDDLE CREEK PARK AV;NO SPECIAL FEATURE;STRAIGHT,LEVEL;PUBLIC VEHICULAR AREA;TWO-WAY,NOT DIVIDED;SMOOTH ASPHALT;DRY;DAYLIGHT;CLEAR;NO CONTROL PRESENT;;;-78.7614;35.6692;;;0;0;;;;;NONE;;PASSENGER CAR;VAN;;;;NO;10989;2018-04-20;5:23:18 PM;2018-04-20T21:23:18+00:00;;2018;No;No;4;;NONE;NONE;PASSENGER CAR,VAN;PASSENGER CAR,VAN;PASSENGER CAR,VAN;PASSENGER CAR,VAN
33623;200 FEET FROM CROSSROADS BLVD;OTHER *;STRAIGHT,LEVEL;LOCAL STREET;TWO-WAY,DIVIDED,POSITIVE MEDIAN BARRIER;SMOOTH ASPHALT;DRY;DAYLIGHT;CLEAR;YIELD SIGN;;;-78.7415;35.7611;;;0;0;;;;;NONE;;PASSENGER CAR;PASSENGER CAR;;;;NO;10994;2018-04-21;1:00:48 PM;2018-04-21T17:00:48+00:00;;2018;No;No;4;;NONE;NONE;PASSENGER CAR,PASSENGER CAR;PASSENGER CAR,PASSENGER CAR;PASSENGER CAR,PASSENGER CAR;PASSENGER CAR,PASSENGER CAR
33631;90 FEET FROM P.V.A. (SPECTRUM);NO SPECIAL FEATURE;STRAIGHT,LEVEL;PUBLIC VEHICULAR AREA;TWO-WAY,NOT DIVIDED;CONCRETE;DRY;DAYLIGHT;CLOUDY;NO CONTROL PRESENT;;;-78.8161;35.8714;;;0;0;;;NONE;;NONE;;SINGLE UNIT TRUCK (2-AXLE- 6-TIRE);;;;;NO;11002;2018-04-23;12:25 PM;2018-04-23T16:25:00+00:00;;2018;No;No;4;NONE;NONE,NONE;NONE,NONE;SINGLE UNIT TRUCK (2-AXLE- 6-TIRE);SINGLE UNIT TRUCK (2-AXLE- 6-TIRE);SINGLE UNIT TRUCK (2-AXLE- 6-TIRE);SINGLE UNIT TRUCK (2-AXLE- 6-TIRE)
33633;.24 MILES FROM HWY US 64;FOUR-WAY INTERSECTION;STRAIGHT,LEVEL;US ROUTE;TWO-WAY,DIVIDED,UNPROTECTED MEDIAN;SMOOTH ASPHALT;DRY;DAYLIGHT;CLOUDY;STOP AND GO SIGNAL;;;-78.8104;35.7407;;;0;0;;;;;NONE;;PICKUP;PASSENGER CAR;PASSENGER CAR;;;NO;11004;2018-04-23;9:11:02 AM;2018-04-23T13:11:02+00:00;;2018;No;No;4;;NONE;NONE;PICKUP,PASSENGER CAR;PICKUP,PASSENGER CAR,PASSENGER CAR;PICKUP,PASSENGER CAR,PASSENGER CAR;PICKUP,PASSENGER CAR,PASSENGER CAR
33636;CARY;FOUR-WAY INTERSECTION;STRAIGHT,LEVEL;STATE SECONDARY ROUTE;TWO-WAY,DIVIDED,UNPROTECTED MEDIAN;COARSE ASPHALT;DRY;DAYLIGHT;CLEAR;STOP AND GO SIGNAL;;;-78.90258;35.818781;;;0;0;3;;;;NONE;;VAN;PASSENGER CAR;;;;NO;11007;2018-04-21;3:34:39 PM;2018-04-21T19:34:39+00:00;;2018;No;No;4;;NONE;NONE;VAN,PASSENGER CAR;VAN,PASSENGER CAR;VAN,PASSENGER CAR;VAN,PASSENGER CAR
33637;.1 MILES FROM P.V.A. 427 CROSSROADS BLVD;NO SPECIAL FEATURE;STRAIGHT,LEVEL;PUBLIC VEHICULAR AREA;TWO-WAY,NOT DIVIDED;SMOOTH ASPHALT;DRY;DAYLIGHT;CLOUDY;NO CONTROL PRESENT;;;-78.7362;35.7611;;;0;0;;;NONE;;NONE;;PASSENGER CAR;SPORT UTILITY;;;;NO;11008;2018-04-23;1:44:24 PM;2018-04-23T17:44:24+00:00;;2018;No;No;4;NONE;NONE,NONE;NONE,NONE;PASSENGER CAR,SPORT UTILITY;PASSENGER CAR,SPORT UTILITY;PASSENGER CAR,SPORT UTILITY;PASSENGER CAR,SPORT UTILITY
33642;306 FEET FROM P.V.A 2010 KILDAIRE FARM RD;DRIVEWAY, PUBLIC;STRAIGHT,LEVEL;PUBLIC VEHICULAR AREA;TWO-WAY,DIVIDED,UNPROTECTED MEDIAN;SMOOTH ASPHALT;WET;DARK - LIGHTED ROADWAY;RAIN;NO CONTROL PRESENT;;;-78.78131;35.737784;;;0;0;1;;NONE;;NONE;;SPORT UTILITY;PASSENGER CAR;;;;NO;11013;2018-04-23;8:40:50 PM;2018-04-24T00:40:50+00:00;;2018;No;No;4;NONE;NONE,NONE;NONE,NONE;SPORT UTILITY,PASSENGER CAR;SPORT UTILITY,PASSENGER CAR;SPORT UTILITY,PASSENGER CAR;SPORT UTILITY,PASSENGER CAR
33644;100 FEET FROM P.V.A. ABC STORE;DRIVEWAY, PUBLIC;STRAIGHT,GRADE;PUBLIC VEHICULAR AREA;TWO-WAY,NOT DIVIDED;COARSE ASPHALT;DRY;DAYLIGHT;CLOUDY;;35.798861752;-78.30952008;-78.838283;35.781344;P119;RALW;0;0;1;;;;NONE;;PASSENGER CAR;PASSENGER CAR;;;;UTILITY WORK AREA;11015;2018-04-23;3:26:29 AM;2018-04-23T07:26:29+00:00;35.798861752, -78.30952008;2018;No;No;4;;NONE;NONE;PASSENGER CAR,PASSENGER CAR;PASSENGER CAR,PASSENGER CAR;PASSENGER CAR,PASSENGER CAR;PASSENGER CAR,PASSENGER CAR
33648;CARY;FOUR-WAY INTERSECTION;STRAIGHT,LEVEL;NC ROUTE;TWO-WAY,DIVIDED,POSITIVE MEDIAN BARRIER;SMOOTH ASPHALT;DRY;DAYLIGHT;CLOUDY;STOP AND GO SIGNAL;;;-78.7633;35.7952;;;0;1;;;NONE;;NONE;;PASSENGER CAR;SPORT UTILITY;;;;NO;11019;2018-04-24;1:47:31 PM;2018-04-24T17:47:31+00:00;;2018;No;Yes;4;NONE;NONE,NONE;NONE,NONE;PASSENGER CAR,SPORT UTILITY;PASSENGER CAR,SPORT UTILITY;PASSENGER CAR,SPORT UTILITY;PASSENGER CAR,SPORT UTILITY
33652;CARY;FOUR-WAY INTERSECTION;STRAIGHT,LEVEL;NC ROUTE;TWO-WAY,DIVIDED,UNPROTECTED MEDIAN;SMOOTH ASPHALT;WET;DAYLIGHT;CLOUDY;STOP AND GO SIGNAL;;;-78.8734;35.8204;;;0;1;;;NONE;;NONE;;SPORT UTILITY;PASSENGER CAR;;;;NO;11023;2018-04-24;11:04 AM;2018-04-24T15:04:00+00:00;;2018;No;Yes;4;NONE;NONE,NONE;NONE,NONE;SPORT UTILITY,PASSENGER CAR;SPORT UTILITY,PASSENGER CAR;SPORT UTILITY,PASSENGER CAR;SPORT UTILITY,PASSENGER CAR
33656;.5 MILES FROM US 1 HWY;NO SPECIAL FEATURE;STRAIGHT,LEVEL;US ROUTE;TWO-WAY,DIVIDED,POSITIVE MEDIAN BARRIER;SMOOTH ASPHALT;DRY;DAYLIGHT;CLEAR;NO CONTROL PRESENT;;;-78.7552;35.7573;;;0;0;;;;;NONE;;PASSENGER CAR;;;;;NO;11027;2018-04-20;7:49:36 AM;2018-04-20T11:49:36+00:00;;2018;No;No;4;;NONE;NONE;PASSENGER CAR;PASSENGER CAR;PASSENGER CAR;PASSENGER CAR