tamainid;location_description;rdfeature;rdcharacter;rdclass;rdconfigur;rdsurface;rdcondition;lightcond;weather;trafcontrl;lat;lon;lon2;lat2;tract;zone;fatality;possblinj;numpassengers;numpedestrians;contrcir1_desc;contrcir2_desc;contrcir3_desc;contrcir4_desc;vehicle1;vehicle2;vehicle3;vehicle4;vehicle5;workarea;records;ta_date;ta_time;crash_date;geo_location;year;fatalities;injuries;month;contrfact1;contrfact2;contributing_factor;vehicleconcat1;vehicleconcat2;vehicleconcat3;vehicle_type
34083;350 FEET FROM WESTON PKWY;NO SPECIAL FEATURE;STRAIGHT,LEVEL;LOCAL STREET;TWO-WAY,DIVIDED,UNPROTECTED MEDIAN;SMOOTH ASPHALT;WET;DARK - LIGHTED ROADWAY;CLOUDY;NO CONTROL PRESENT;35.831427611;-78.78012636;-78.7787;35.8314;P029;111;0;0;;;NONE;;NONE;;PASSENGER CAR;;;;;NO;11454;2018-05-27;1:16:23 AM;2018-05-27T05:16:23+00:00;35.831427611, -78.78012636;2018;No;No;5;NONE;NONE,NONE;NONE,NONE;PASSENGER CAR;PASSENGER CAR;PASSENGER CAR;PASSENGER CAR
34086;144 FEET FROM P.V.A. (2303 NW MAYNARD RD);NO SPECIAL FEATURE;STRAIGHT,LEVEL;PUBLIC VEHICULAR AREA;TWO-WAY,NOT DIVIDED;SMOOTH ASPHALT;DRY;DAYLIGHT;CLOUDY;NO CONTROL PRESENT;;;-78.7855;35.8027;;111;0;0;;;NONE;;NONE;;SPORT UTILITY;PASSENGER CAR;;;;NO;11457;2018-05-25;3:34:48 PM;2018-05-25T19:34:48+00:00;;2018;No;No;5;NONE;NONE,NONE;NONE,NONE;SPORT UTILITY,PASSENGER CAR;SPORT UTILITY,PASSENGER CAR;SPORT UTILITY,PASSENGER CAR;SPORT UTILITY,PASSENGER CAR
34102;15 FEET FROM HEIDINGER DR;NO SPECIAL FEATURE;STRAIGHT,LEVEL;LOCAL STREET;TWO-WAY,NOT DIVIDED;COARSE ASPHALT;DRY;DAYLIGHT;CLOUDY;NO CONTROL PRESENT;;;-78.7683;35.7519;;112;0;0;;;;;NONE;;PASSENGER CAR;;;;;NO;11473;2018-05-26;1:58:09 PM;2018-05-26T17:58:09+00:00;;2018;No;No;5;;NONE;NONE;PASSENGER CAR;PASSENGER CAR;PASSENGER CAR;PASSENGER CAR
34107;75 FEET FROM US 64W;NO SPECIAL FEATURE;STRAIGHT,LEVEL;US ROUTE;TWO-WAY,DIVIDED,UNPROTECTED MEDIAN;SMOOTH ASPHALT;DRY;DAYLIGHT;CLEAR;NO CONTROL PRESENT;;;-78.815;35.7426;;;0;2;1;;NONE;;NONE;;PASSENGER CAR;PASSENGER CAR;;;;NO;11478;2018-05-25;7:07:09 PM;2018-05-25T23:07:09+00:00;;2018;No;Yes;5;NONE;NONE,NONE;NONE,NONE;PASSENGER CAR,PASSENGER CAR;PASSENGER CAR,PASSENGER CAR;PASSENGER CAR,PASSENGER CAR;PASSENGER CAR,PASSENGER CAR
34108;CARY;T-INTERSECTION;STRAIGHT,GRADE;STATE SECONDARY ROUTE;TWO-WAY,NOT DIVIDED;SMOOTH ASPHALT;DRY;DAYLIGHT;CLEAR;STOP SIGN;;;-78.7663;35.7754;;;0;0;3;;NONE;;NONE;;VAN;VAN;;;;NO;11479;2018-05-25;4:56:52 PM;2018-05-25T20:56:52+00:00;;2018;No;No;5;NONE;NONE,NONE;NONE,NONE;VAN,VAN;VAN,VAN;VAN,VAN;VAN,VAN
34113;10 FEET FROM CROSSROADS BLVD;FOUR-WAY INTERSECTION;STRAIGHT,LEVEL;LOCAL STREET;TWO-WAY,DIVIDED,UNPROTECTED MEDIAN;SMOOTH ASPHALT;DRY;DAYLIGHT;CLEAR;STOP AND GO SIGNAL;;;-78.730496;35.7548388;;;0;0;;;;;NONE;;PASSENGER CAR;SPORT UTILITY;;;;NO;11484;2018-05-27;3:05:21 PM;2018-05-27T19:05:21+00:00;;2018;No;No;5;;NONE;NONE;PASSENGER CAR,SPORT UTILITY;PASSENGER CAR,SPORT UTILITY;PASSENGER CAR,SPORT UTILITY;PASSENGER CAR,SPORT UTILITY
34127;CARY;NO SPECIAL FEATURE;STRAIGHT,LEVEL;STATE SECONDARY ROUTE;TWO-WAY,DIVIDED,UNPROTECTED MEDIAN;SMOOTH ASPHALT;WET;DAYLIGHT;CLOUDY;NO CONTROL PRESENT;;;-78.8711;35.8137;;121;0;0;1;;NONE;;NONE;;PASSENGER CAR;PASSENGER CAR;;;;NO;11498;2018-05-29;7:24:50 AM;2018-05-29T11:24:50+00:00;;2018;No;No;5;NONE;NONE,NONE;NONE,NONE;PASSENGER CAR,PASSENGER CAR;PASSENGER CAR,PASSENGER CAR;PASSENGER CAR,PASSENGER CAR;PASSENGER CAR,PASSENGER CAR
34131;50 FEET FROM SR 1615 (HIGH HOUSE RD);NO SPECIAL FEATURE;STRAIGHT,GRADE;STATE SECONDARY ROUTE;TWO-WAY,DIVIDED,POSITIVE MEDIAN BARRIER;COARSE ASPHALT;WET;DAYLIGHT;RAIN;STOP AND GO SIGNAL;;;-78.829975;35.790018;;121;0;0;;;;;NONE;;SPORT UTILITY;PASSENGER CAR;;;;CONSTRUCTION WORK AREA;11502;2018-05-29;11:06 AM;2018-05-29T15:06:00+00:00;;2018;No;No;5;;NONE;NONE;SPORT UTILITY,PASSENGER CAR;SPORT UTILITY,PASSENGER CAR;SPORT UTILITY,PASSENGER CAR;SPORT UTILITY,PASSENGER CAR
34133;15 FEET FROM 1405 KILDAIRE FARD RD;DRIVEWAY, PUBLIC;STRAIGHT,LEVEL;PUBLIC VEHICULAR AREA;TWO-WAY,NOT DIVIDED;GROOVED CONCRETE;WET;DAYLIGHT;CLOUDY;NO CONTROL PRESENT;;;-78.7817;35.7596;;;0;0;;;NONE;;NONE;;;;;;;NO;11504;2018-05-29;12:43 PM;2018-05-29T16:43:00+00:00;;2018;No;No;5;NONE;NONE,NONE;NONE,NONE;;;;
34135;0 FEET FROM SR 1300 (KILDAIRE FARM RD);NO SPECIAL FEATURE;STRAIGHT,LEVEL;STATE SECONDARY ROUTE;TWO-WAY,NOT DIVIDED;SMOOTH ASPHALT;;DAYLIGHT;CLEAR;NO CONTROL PRESENT;;;-78.7607;35.746;;;0;0;;;;;NONE;;PASSENGER CAR;PASSENGER CAR;;;;NO;11506;2018-05-29;3:17:14 PM;2018-05-29T19:17:14+00:00;;2018;No;No;5;;NONE;NONE;PASSENGER CAR,PASSENGER CAR;PASSENGER CAR,PASSENGER CAR;PASSENGER CAR,PASSENGER CAR;PASSENGER CAR,PASSENGER CAR
34137;50 FEET FROM SR-1652 N HARRISON AVE;NO SPECIAL FEATURE;STRAIGHT,LEVEL;STATE SECONDARY ROUTE;TWO-WAY,NOT DIVIDED;SMOOTH ASPHALT;DRY;DAYLIGHT;CLOUDY;NO CONTROL PRESENT;;;-78.7831;35.7921;;;0;0;;;NONE;;NONE;;VAN;SPORT UTILITY;;;;NO;11508;2018-05-29;7:29:32 PM;2018-05-29T23:29:32+00:00;;2018;No;No;5;NONE;NONE,NONE;NONE,NONE;VAN,SPORT UTILITY;VAN,SPORT UTILITY;VAN,SPORT UTILITY;VAN,SPORT UTILITY
34149;50 FEET FROM PVA 2727 LOUIS STEPHENS RD;DRIVEWAY, PUBLIC;STRAIGHT,LEVEL;PUBLIC VEHICULAR AREA;TWO-WAY,NOT DIVIDED;SMOOTH ASPHALT;DRY;DAYLIGHT;CLOUDY;NO CONTROL PRESENT;;;-78.86;35.8;;;0;0;;;NONE;;NONE;;PASSENGER CAR;SPORT UTILITY;;;;NO;11520;2018-05-30;1:23:34 PM;2018-05-30T17:23:34+00:00;;2018;No;No;5;NONE;NONE,NONE;NONE,NONE;PASSENGER CAR,SPORT UTILITY;PASSENGER CAR,SPORT UTILITY;PASSENGER CAR,SPORT UTILITY;PASSENGER CAR,SPORT UTILITY
34150;01 FEET FROM SR 1300 (KILDAIRE FARM RD);NO SPECIAL FEATURE;STRAIGHT,LEVEL;STATE SECONDARY ROUTE;TWO-WAY,DIVIDED,UNPROTECTED MEDIAN;SMOOTH ASPHALT;DRY;DAYLIGHT;CLOUDY;NO CONTROL PRESENT;;;-78.7815;35.7684;;;0;0;;;;;FAILURE TO YIELD RIGHT OF WAY;;SPORT UTILITY;SPORT UTILITY;;;;UTILITY WORK AREA;11521;2018-05-31;12:25 PM;2018-05-31T16:25:00+00:00;;2018;No;No;5;;FAILURE TO YIELD RIGHT OF WAY;FAILURE TO YIELD RIGHT OF WAY;SPORT UTILITY,SPORT UTILITY;SPORT UTILITY,SPORT UTILITY;SPORT UTILITY,SPORT UTILITY;SPORT UTILITY,SPORT UTILITY
34154;CARY;NO SPECIAL FEATURE;STRAIGHT,LEVEL;NC ROUTE;TWO-WAY,DIVIDED,POSITIVE MEDIAN BARRIER;CONCRETE;DRY;DAYLIGHT;CLEAR;NO CONTROL PRESENT;35.764864904;-78.87499565;-78.88023;;P092;WAKE;0;0;;;NONE;;NONE;;PASSENGER CAR;PASSENGER CAR;;;;NO;11525;2018-05-31;5:39:56 PM;2018-05-31T21:39:56+00:00;35.764864904, -78.87499565;2018;No;No;5;NONE;NONE,NONE;NONE,NONE;PASSENGER CAR,PASSENGER CAR;PASSENGER CAR,PASSENGER CAR;PASSENGER CAR,PASSENGER CAR;PASSENGER CAR,PASSENGER CAR
34162;300 FEET FROM SR1497 (CARY TOWNE BLVD);NO SPECIAL FEATURE;STRAIGHT,GRADE;STATE SECONDARY ROUTE;TWO-WAY,NOT DIVIDED;SMOOTH ASPHALT;WET;DAYLIGHT;CLOUDY;NO CONTROL PRESENT;;;-78.7644;35.7758;;;0;0;1;;NONE;;NONE;;PASSENGER CAR;SPORT UTILITY;;;;NO;11533;2018-05-31;3:16:16 PM;2018-05-31T19:16:16+00:00;;2018;No;No;5;NONE;NONE,NONE;NONE,NONE;PASSENGER CAR,SPORT UTILITY;PASSENGER CAR,SPORT UTILITY;PASSENGER CAR,SPORT UTILITY;PASSENGER CAR,SPORT UTILITY
34164;0 FEET FROM NC 54 (NW MAYNARD RD);FOUR-WAY INTERSECTION;STRAIGHT,LEVEL;NC ROUTE;TWO-WAY,DIVIDED,UNPROTECTED MEDIAN;SMOOTH ASPHALT;DRY;DAYLIGHT;CLEAR;STOP AND GO SIGNAL;;;-78.7947;35.7995;;111;0;1;1;;NONE;;NONE;;PASSENGER CAR;PASSENGER CAR;PICKUP;;;NO;11535;2018-05-29;4:52:42 PM;2018-05-29T20:52:42+00:00;;2018;No;Yes;5;NONE;NONE,NONE;NONE,NONE;PASSENGER CAR,PASSENGER CAR;PASSENGER CAR,PASSENGER CAR,PICKUP;PASSENGER CAR,PASSENGER CAR,PICKUP;PASSENGER CAR,PASSENGER CAR,PICKUP
34168;225 FEET FROM 304 RIGGSBEE FARM DR;NO SPECIAL FEATURE;CURVE,HILLCREST;LOCAL STREET;TWO-WAY,NOT DIVIDED;SMOOTH ASPHALT;DRY;DAYLIGHT;CLEAR;NO CONTROL PRESENT;35.797024019;-78.85048367;-78.851184;35.797324;P017;121;0;0;;;NONE;;NONE;;PICKUP;SPORT UTILITY;;;;NO;11539;2018-06-02;2:24:58 PM;2018-06-02T18:24:58+00:00;35.797024019, -78.85048367;2018;No;No;6;NONE;NONE,NONE;NONE,NONE;PICKUP,SPORT UTILITY;PICKUP,SPORT UTILITY;PICKUP,SPORT UTILITY;PICKUP,SPORT UTILITY
34186;.1 MILES FROM 10200 KINGSCLERE DR (PVA);NO SPECIAL FEATURE;STRAIGHT,LEVEL;PUBLIC VEHICULAR AREA;TWO-WAY,NOT DIVIDED;COARSE ASPHALT;DRY;DAYLIGHT;CLEAR;NO CONTROL PRESENT;;;-78.7753;35.7557;;115;0;0;;;;;NONE;;;PASSENGER CAR;;;;NO;11557;2018-06-03;4:35:28 PM;2018-06-03T20:35:28+00:00;;2018;No;No;6;;NONE;NONE;PASSENGER CAR;PASSENGER CAR;PASSENGER CAR;PASSENGER CAR
34187;53 FEET FROM SR 1370 (TRYON RD);FOUR-WAY INTERSECTION;STRAIGHT,GRADE;STATE SECONDARY ROUTE;TWO-WAY,DIVIDED,UNPROTECTED MEDIAN;SMOOTH ASPHALT;DRY;DAYLIGHT;CLEAR;STOP AND GO SIGNAL;;;-78.754419;35.7456423;;;0;0;;;;;NONE;;;PASSENGER CAR;;;;NO;11558;2018-06-03;4:08:09 PM;2018-06-03T20:08:09+00:00;;2018;No;No;6;;NONE;NONE;PASSENGER CAR;PASSENGER CAR;PASSENGER CAR;PASSENGER CAR
34188;100 FEET FROM SR 3977 (SW CARY PKWY);NO SPECIAL FEATURE;STRAIGHT,LEVEL;STATE SECONDARY ROUTE;TWO-WAY,DIVIDED,UNPROTECTED MEDIAN;SMOOTH ASPHALT;DRY;DAYLIGHT;CLEAR;NO CONTROL PRESENT;;;-78.8375;35.7796;;117;0;0;2;;NONE;;NONE;;PASSENGER CAR;PASSENGER CAR;;;;NO;11559;2018-06-02;4:22:34 AM;2018-06-02T08:22:34+00:00;;2018;No;No;6;NONE;NONE,NONE;NONE,NONE;PASSENGER CAR,PASSENGER CAR;PASSENGER CAR,PASSENGER CAR;PASSENGER CAR,PASSENGER CAR;PASSENGER CAR,PASSENGER CAR
34207;CARY;RELATED TO INTERSECTION;STRAIGHT,LEVEL;STATE SECONDARY ROUTE;TWO-WAY,DIVIDED,UNPROTECTED MEDIAN;SMOOTH ASPHALT;DRY;DAYLIGHT;CLEAR;STOP SIGN;;;-78.903216;35.808973;;122;0;0;;;NONE;;NONE;;PASSENGER CAR;PASSENGER CAR;;;;NO;11578;2018-06-04;7:02:08 AM;2018-06-04T11:02:08+00:00;;2018;No;No;6;NONE;NONE,NONE;NONE,NONE;PASSENGER CAR,PASSENGER CAR;PASSENGER CAR,PASSENGER CAR;PASSENGER CAR,PASSENGER CAR;PASSENGER CAR,PASSENGER CAR
34212;0 FEET FROM (SR 1652) N HARRISON AVE;NO SPECIAL FEATURE;STRAIGHT,LEVEL;STATE SECONDARY ROUTE;TWO-WAY,DIVIDED,UNPROTECTED MEDIAN;SMOOTH ASPHALT;DRY;DAYLIGHT;CLEAR;DOUBLE YELLOW LINE, NO PASSING ZONE;;;-78.77072;35.823792;;111;0;0;;;NONE;;NONE;;PASSENGER CAR;PASSENGER CAR;;;;NO;11583;2018-06-04;11:38 AM;2018-06-04T15:38:00+00:00;;2018;No;No;6;NONE;NONE,NONE;NONE,NONE;PASSENGER CAR,PASSENGER CAR;PASSENGER CAR,PASSENGER CAR;PASSENGER CAR,PASSENGER CAR;PASSENGER CAR,PASSENGER CAR
34217;CARY;NO SPECIAL FEATURE;STRAIGHT,GRADE;US ROUTE;ONE-WAY,NOT DIVIDED;SMOOTH ASPHALT;DRY;DAYLIGHT;CLEAR;STOP AND GO SIGNAL;;;-78.7948;35.738;;;0;0;;;;;NONE;;SPORT UTILITY;PASSENGER CAR;;;;NO;11588;2018-06-04;5:49:33 PM;2018-06-04T21:49:33+00:00;;2018;No;No;6;;NONE;NONE;SPORT UTILITY,PASSENGER CAR;SPORT UTILITY,PASSENGER CAR;SPORT UTILITY,PASSENGER CAR;SPORT UTILITY,PASSENGER CAR
34221;250 FEET FROM SR 1497 (WALNUT ST);NO SPECIAL FEATURE;STRAIGHT,LEVEL;STATE SECONDARY ROUTE;TWO-WAY,DIVIDED,UNPROTECTED MEDIAN;SMOOTH ASPHALT;DRY;DAYLIGHT;CLEAR;NO CONTROL PRESENT;;;-78.77333;35.779563;;;0;0;2;;NONE;;NONE;;PICKUP;PICKUP;;;;NO;11592;2018-06-03;11:39 AM;2018-06-03T15:39:00+00:00;;2018;No;No;6;NONE;NONE,NONE;NONE,NONE;PICKUP,PICKUP;PICKUP,PICKUP;PICKUP,PICKUP;PICKUP,PICKUP
34227;CARY;OFF-RAMP PROPER;CURVE,GRADE;US ROUTE;TWO-WAY,DIVIDED,UNPROTECTED MEDIAN;SMOOTH ASPHALT;DRY;DAYLIGHT;CLEAR;STOP AND GO SIGNAL;;;-78.7946;35.7379;;;0;0;;;NONE;;NONE;;SPORT UTILITY;PASSENGER CAR;;;;NO;11598;2018-06-05;3:29:16 PM;2018-06-05T19:29:16+00:00;;2018;No;No;6;NONE;NONE,NONE;NONE,NONE;SPORT UTILITY,PASSENGER CAR;SPORT UTILITY,PASSENGER CAR;SPORT UTILITY,PASSENGER CAR;SPORT UTILITY,PASSENGER CAR
34231;.1 MILES FROM PVA 405 CROSSROADS BLVD;NO SPECIAL FEATURE;STRAIGHT,LEVEL;PUBLIC VEHICULAR AREA;TWO-WAY,NOT DIVIDED;SMOOTH ASPHALT;DRY;DAYLIGHT;CLEAR;NO CONTROL PRESENT;;;-78.7361;35.7616;;;0;0;;;NONE;;NONE;;SPORT UTILITY;PASSENGER CAR;;;;NO;11602;2018-06-05;4:06:06 PM;2018-06-05T20:06:06+00:00;;2018;No;No;6;NONE;NONE,NONE;NONE,NONE;SPORT UTILITY,PASSENGER CAR;SPORT UTILITY,PASSENGER CAR;SPORT UTILITY,PASSENGER CAR;SPORT UTILITY,PASSENGER CAR
34236;CARY;DRIVEWAY, PUBLIC;STRAIGHT,LEVEL;PUBLIC VEHICULAR AREA;TWO-WAY,NOT DIVIDED;CONCRETE;UNKNOWN;UNKNOWN;OTHER *;NO CONTROL PRESENT;;;-78.781;35.768;;;0;0;;;NONE;;NONE;;PASSENGER CAR;;;;;NO;11607;2018-06-06;9:04:14 AM;2018-06-06T13:04:14+00:00;;2018;No;No;6;NONE;NONE,NONE;NONE,NONE;PASSENGER CAR;PASSENGER CAR;PASSENGER CAR;PASSENGER CAR
34239;0 FEET FROM SR 1300 (KILDAIRE FARM RD);T-INTERSECTION;STRAIGHT,LEVEL;STATE SECONDARY ROUTE;TWO-WAY,DIVIDED,UNPROTECTED MEDIAN;SMOOTH ASPHALT;DRY;DAYLIGHT;CLEAR;STOP SIGN;;;-78.7828;35.756;;;0;0;1;;NONE;;NONE;;PASSENGER CAR;PASSENGER CAR;;;;NO;11610;2018-06-06;8:28:07 AM;2018-06-06T12:28:07+00:00;;2018;No;No;6;NONE;NONE,NONE;NONE,NONE;PASSENGER CAR,PASSENGER CAR;PASSENGER CAR,PASSENGER CAR;PASSENGER CAR,PASSENGER CAR;PASSENGER CAR,PASSENGER CAR
34240;CARY;DRIVEWAY, PUBLIC;STRAIGHT,GRADE;PUBLIC VEHICULAR AREA;TWO-WAY,NOT DIVIDED;SMOOTH ASPHALT;DRY;DAYLIGHT;CLEAR;NO CONTROL PRESENT;;;-78.7393;35.7618;;;0;0;1;;NONE;;NONE;;PASSENGER CAR;PASSENGER CAR;;;;NO;11611;2018-06-06;10:56 AM;2018-06-06T14:56:00+00:00;;2018;No;No;6;NONE;NONE,NONE;NONE,NONE;PASSENGER CAR,PASSENGER CAR;PASSENGER CAR,PASSENGER CAR;PASSENGER CAR,PASSENGER CAR;PASSENGER CAR,PASSENGER CAR
34241;CARY;FOUR-WAY INTERSECTION;STRAIGHT,LEVEL;STATE SECONDARY ROUTE;TWO-WAY,DIVIDED,UNPROTECTED MEDIAN;SMOOTH ASPHALT;DRY;DAYLIGHT;CLEAR;STOP AND GO SIGNAL;;;-78.7423;35.759;;;0;0;;;NONE;;NONE;;PASSENGER CAR;SPORT UTILITY;;;;NO;11612;2018-06-06;12:11 PM;2018-06-06T16:11:00+00:00;;2018;No;No;6;NONE;NONE,NONE;NONE,NONE;PASSENGER CAR,SPORT UTILITY;PASSENGER CAR,SPORT UTILITY;PASSENGER CAR,SPORT UTILITY;PASSENGER CAR,SPORT UTILITY
34242;0 FEET FROM SR 3977 (CARY PKWY);T-INTERSECTION;STRAIGHT,LEVEL;STATE SECONDARY ROUTE;TWO-WAY,DIVIDED,UNPROTECTED MEDIAN;SMOOTH ASPHALT;DRY;DAYLIGHT;CLEAR;STOP AND GO SIGNAL;;;-78.830544;35.770106;;117;0;0;;;NONE;;NONE;;SPORT UTILITY;PASSENGER CAR;;;;NO;11613;2018-05-31;4:21:13 PM;2018-05-31T20:21:13+00:00;;2018;No;No;5;NONE;NONE,NONE;NONE,NONE;SPORT UTILITY,PASSENGER CAR;SPORT UTILITY,PASSENGER CAR;SPORT UTILITY,PASSENGER CAR;SPORT UTILITY,PASSENGER CAR
34246;.10 MILES FROM P.V.A. 416 CROSSROADS BLVD;NO SPECIAL FEATURE;STRAIGHT,LEVEL;PUBLIC VEHICULAR AREA;TWO-WAY,NOT DIVIDED;SMOOTH ASPHALT;DRY;DAYLIGHT;CLEAR;NO CONTROL PRESENT;;;-78.737;35.7601;;;0;0;2;;;;NONE;;PASSENGER CAR;PASSENGER CAR;;;;NO;11617;2018-06-06;4:17:59 PM;2018-06-06T20:17:59+00:00;;2018;No;No;6;;NONE;NONE;PASSENGER CAR,PASSENGER CAR;PASSENGER CAR,PASSENGER CAR;PASSENGER CAR,PASSENGER CAR;PASSENGER CAR,PASSENGER CAR
34261;.1 MILES FROM US 1 HWY;NO SPECIAL FEATURE;STRAIGHT,LEVEL;US ROUTE;TWO-WAY,DIVIDED,POSITIVE MEDIAN BARRIER;SMOOTH ASPHALT;DRY;DAYLIGHT;CLEAR;NO CONTROL PRESENT;;;-78.7769;35.7459;;;0;0;1;;NONE;;NONE;;VAN;PASSENGER CAR;;;;NO;11632;2018-06-07;3:25:58 PM;2018-06-07T19:25:58+00:00;;2018;No;No;6;NONE;NONE,NONE;NONE,NONE;VAN,PASSENGER CAR;VAN,PASSENGER CAR;VAN,PASSENGER CAR;VAN,PASSENGER CAR
34273;50 FEET FROM PVA 1550 BUCK JONES RD;NO SPECIAL FEATURE;STRAIGHT,LEVEL;PUBLIC VEHICULAR AREA;ONE-WAY,NOT DIVIDED;SMOOTH ASPHALT;DRY;DAYLIGHT;CLEAR;NO CONTROL PRESENT;;;-78.744361;35.764395;;;0;1;;;NONE;;NONE;;PASSENGER CAR;SPORT UTILITY;;;;NO;11644;2018-06-08;2:40:28 PM;2018-06-08T18:40:28+00:00;;2018;No;Yes;6;NONE;NONE,NONE;NONE,NONE;PASSENGER CAR,SPORT UTILITY;PASSENGER CAR,SPORT UTILITY;PASSENGER CAR,SPORT UTILITY;PASSENGER CAR,SPORT UTILITY
34277;280 FEET FROM NW MAYNARD RD (SR3073);NO SPECIAL FEATURE;STRAIGHT,LEVEL;STATE SECONDARY ROUTE;TWO-WAY,DIVIDED,UNPROTECTED MEDIAN;SMOOTH ASPHALT;DRY;DAYLIGHT;CLOUDY;NO CONTROL PRESENT;;;-78.81;35.7854;;;0;1;3;;;;NONE;;SPORT UTILITY;PICKUP;SPORT UTILITY;;;NO;11648;2018-06-08;4:16:51 PM;2018-06-08T20:16:51+00:00;;2018;No;Yes;6;;NONE;NONE;SPORT UTILITY,PICKUP;SPORT UTILITY,PICKUP,SPORT UTILITY;SPORT UTILITY,PICKUP,SPORT UTILITY;SPORT UTILITY,PICKUP,SPORT UTILITY
34282;50 FEET FROM PVA 510 DELTA CT;DRIVEWAY, PUBLIC;STRAIGHT,LEVEL;PUBLIC VEHICULAR AREA;TWO-WAY,NOT DIVIDED;SMOOTH ASPHALT;DRY;DARK - LIGHTED ROADWAY;CLEAR;NO CONTROL PRESENT;;;-78.786231;35.793686;;111;0;0;;;NONE;;NONE;;PASSENGER CAR;PASSENGER CAR;;;;NO;11653;2018-06-10;11:04 PM;2018-06-11T03:04:00+00:00;;2018;No;No;6;NONE;NONE,NONE;NONE,NONE;PASSENGER CAR,PASSENGER CAR;PASSENGER CAR,PASSENGER CAR;PASSENGER CAR,PASSENGER CAR;PASSENGER CAR,PASSENGER CAR
34285;300 FEET FROM PVA OF 225 DOGWOOD TREE LN;NO SPECIAL FEATURE;STRAIGHT,LEVEL;PUBLIC VEHICULAR AREA;TWO-WAY,NOT DIVIDED;SMOOTH ASPHALT;DRY;DAYLIGHT;CLEAR;NO CONTROL PRESENT;35.798861752;-78.30952008;-78.9007;35.8236;P119;RALW;0;0;1;;NONE;;NONE;;PASSENGER CAR;SPORT UTILITY;;;;NO;11656;2018-06-10;7:02:08 PM;2018-06-10T23:02:08+00:00;35.798861752, -78.30952008;2018;No;No;6;NONE;NONE,NONE;NONE,NONE;PASSENGER CAR,SPORT UTILITY;PASSENGER CAR,SPORT UTILITY;PASSENGER CAR,SPORT UTILITY;PASSENGER CAR,SPORT UTILITY
34288;CARY;DRIVEWAY, PUBLIC;STRAIGHT,LEVEL;PUBLIC VEHICULAR AREA;TWO-WAY,NOT DIVIDED;SMOOTH ASPHALT;DRY;DUSK;CLEAR;NO CONTROL PRESENT;;;-78.782479;35.77119;;;0;0;;;NONE;;NONE;;UNKNOWN;;;;;NO;11659;2018-06-09;3:49:03 AM;2018-06-09T07:49:03+00:00;;2018;No;No;6;NONE;NONE,NONE;NONE,NONE;UNKNOWN;UNKNOWN;UNKNOWN;UNKNOWN
34297;.3 MILES FROM US HWY 1;NO SPECIAL FEATURE;STRAIGHT,LEVEL;US ROUTE;TWO-WAY,DIVIDED,POSITIVE MEDIAN BARRIER;CONCRETE;DRY;DAYLIGHT;CLEAR;NO CONTROL PRESENT;;;-78.762;35.7535;;112;0;1;1;;NONE;;NONE;;PASSENGER CAR;PASSENGER CAR;SPORT UTILITY;PASSENGER CAR;;NO;11668;2018-06-07;11:27 PM;2018-06-08T03:27:00+00:00;;2018;No;Yes;6;NONE;NONE,NONE;NONE,NONE;PASSENGER CAR,PASSENGER CAR;PASSENGER CAR,PASSENGER CAR,SPORT UTILITY;PASSENGER CAR,PASSENGER CAR,SPORT UTILITY,PASSENGER CAR;PASSENGER CAR,PASSENGER CAR,SPORT UTILITY,PASSENGER CAR
34305;40 FEET FROM WILLOW ST;NO SPECIAL FEATURE;STRAIGHT,LEVEL;LOCAL STREET;TWO-WAY,NOT DIVIDED;SMOOTH ASPHALT;DRY;DAYLIGHT;CLEAR;NO CONTROL PRESENT;;;-78.79195;35.784468;;;0;0;;;NONE;;NONE;;SPORT UTILITY;;;;;NO;11676;2018-06-11;6:07:59 PM;2018-06-11T22:07:59+00:00;;2018;No;No;6;NONE;NONE,NONE;NONE,NONE;SPORT UTILITY;SPORT UTILITY;SPORT UTILITY;SPORT UTILITY
34306;50 FEET FROM SR 1616 (OLD APEX RD);NO SPECIAL FEATURE;STRAIGHT,GRADE;STATE SECONDARY ROUTE;TWO-WAY,NOT DIVIDED;COARSE ASPHALT;DRY;DAYLIGHT;CLOUDY;NO CONTROL PRESENT;;;-78.819286;35.763011;;117;0;1;;;;;NONE;;PICKUP;PASSENGER CAR;SPORT UTILITY;;;NO;11677;2018-06-11;5:40:09 PM;2018-06-11T21:40:09+00:00;;2018;No;Yes;6;;NONE;NONE;PICKUP,PASSENGER CAR;PICKUP,PASSENGER CAR,SPORT UTILITY;PICKUP,PASSENGER CAR,SPORT UTILITY;PICKUP,PASSENGER CAR,SPORT UTILITY
34318;0 FEET FROM SR 1300 (KILDAIRE FARM RD);FOUR-WAY INTERSECTION;STRAIGHT,LEVEL;STATE SECONDARY ROUTE;TWO-WAY,DIVIDED,POSITIVE MEDIAN BARRIER;COARSE ASPHALT;DRY;DAYLIGHT;CLEAR;STOP AND GO SIGNAL;;;-78.7817;35.7711;;;0;0;3;;NONE;;NONE;;VAN;;;;;NO;11689;2018-06-11;9:15:15 AM;2018-06-11T13:15:15+00:00;;2018;No;No;6;NONE;NONE,NONE;NONE,NONE;VAN;VAN;VAN;VAN
34319;.1 MILES FROM PVA OF 2010 SR 1300 (KILDAIRE;DRIVEWAY, PUBLIC;STRAIGHT,GRADE;PUBLIC VEHICULAR AREA;TWO-WAY,NOT DIVIDED;SMOOTH ASPHALT;DRY;DAYLIGHT;CLEAR;NO CONTROL PRESENT;;;-78.782856;35.7369951;;;0;0;;;NONE;;NONE;;PASSENGER CAR;PASSENGER CAR;;;;NO;11690;2018-06-12;4:08:34 PM;2018-06-12T20:08:34+00:00;;2018;No;No;6;NONE;NONE,NONE;NONE,NONE;PASSENGER CAR,PASSENGER CAR;PASSENGER CAR,PASSENGER CAR;PASSENGER CAR,PASSENGER CAR;PASSENGER CAR,PASSENGER CAR
34324;450 FEET FROM PVA-400 JAMES JACKSON AVE;NO SPECIAL FEATURE;STRAIGHT,GRADE;PUBLIC VEHICULAR AREA;TWO-WAY,NOT DIVIDED;OTHER *;DRY;DAYLIGHT;CLOUDY;NO CONTROL PRESENT;;;-78.8;35.79;;;0;0;1;;NONE;;NONE;;PICKUP;;;;;NO;11695;2018-06-12;12:53 PM;2018-06-12T16:53:00+00:00;;2018;No;No;6;NONE;NONE,NONE;NONE,NONE;PICKUP;PICKUP;PICKUP;PICKUP