tamainid;location_description;rdfeature;rdcharacter;rdclass;rdconfigur;rdsurface;rdcondition;lightcond;weather;trafcontrl;lat;lon;lon2;lat2;tract;zone;fatality;possblinj;numpassengers;numpedestrians;contrcir1_desc;contrcir2_desc;contrcir3_desc;contrcir4_desc;vehicle1;vehicle2;vehicle3;vehicle4;vehicle5;workarea;records;ta_date;ta_time;crash_date;geo_location;year;fatalities;injuries;month;contrfact1;contrfact2;contributing_factor;vehicleconcat1;vehicleconcat2;vehicleconcat3;vehicle_type
35171;CARY;NO SPECIAL FEATURE;STRAIGHT,LEVEL;NC ROUTE;TWO-WAY,NOT DIVIDED;SMOOTH ASPHALT;DRY;DAYLIGHT;CLEAR;NO CONTROL PRESENT;;;-78.8027;35.8001;;;0;1;;;NONE;;NONE;;PASSENGER CAR;VAN;;;;NO;12542;2018-08-17;2:54:22 PM;2018-08-17T18:54:22+00:00;;2018;No;Yes;8;NONE;NONE,NONE;NONE,NONE;PASSENGER CAR,VAN;PASSENGER CAR,VAN;PASSENGER CAR,VAN;PASSENGER CAR,VAN
35182;CARY;NO SPECIAL FEATURE;STRAIGHT,LEVEL;LOCAL STREET;TWO-WAY,NOT DIVIDED;SMOOTH ASPHALT;DRY;DAYLIGHT;CLEAR;FLASHING SIGNAL WITHOUT STOP SIGN;35.72924044;-78.77714661;-78.777;35.7291;P047;118;0;0;;;NONE;;NONE;;SPORT UTILITY;VAN;;;;NO;12553;2018-08-17;4:27:27 PM;2018-08-17T20:27:27+00:00;35.72924044, -78.77714661;2018;No;No;8;NONE;NONE,NONE;NONE,NONE;SPORT UTILITY,VAN;SPORT UTILITY,VAN;SPORT UTILITY,VAN;SPORT UTILITY,VAN
35184;10 FEET FROM SR 1313 (WALNUT ST);RELATED TO INTERSECTION;STRAIGHT,LEVEL;STATE SECONDARY ROUTE;TWO-WAY,DIVIDED,POSITIVE MEDIAN BARRIER;SMOOTH ASPHALT;DRY;DAYLIGHT;CLEAR;STOP AND GO SIGNAL;;;-78.7495;35.7643;;;0;2;1;;;;NONE;;SPORT UTILITY;SPORT UTILITY;SPORT UTILITY;;;NO;12555;2018-08-19;2:00:03 PM;2018-08-19T18:00:03+00:00;;2018;No;Yes;8;;NONE;NONE;SPORT UTILITY,SPORT UTILITY;SPORT UTILITY,SPORT UTILITY,SPORT UTILITY;SPORT UTILITY,SPORT UTILITY,SPORT UTILITY;SPORT UTILITY,SPORT UTILITY,SPORT UTILITY
35188;300 FEET FROM SR 1313 (WALNUT ST);NO SPECIAL FEATURE;STRAIGHT,LEVEL;STATE SECONDARY ROUTE;TWO-WAY,DIVIDED,POSITIVE MEDIAN BARRIER;SMOOTH ASPHALT;DRY;DAYLIGHT;CLEAR;STOP AND GO SIGNAL;;;-78.7493;35.764;;;0;0;2;;;;NONE;;SPORT UTILITY;PASSENGER CAR;;;;NO;12559;2018-08-20;10:39 AM;2018-08-20T14:39:00+00:00;;2018;No;No;8;;NONE;NONE;SPORT UTILITY,PASSENGER CAR;SPORT UTILITY,PASSENGER CAR;SPORT UTILITY,PASSENGER CAR;SPORT UTILITY,PASSENGER CAR
35191;102 FEET FROM PVA (1000 VALLEYSTONE DR);NO SPECIAL FEATURE;STRAIGHT,LEVEL;PUBLIC VEHICULAR AREA;TWO-WAY,NOT DIVIDED;SMOOTH ASPHALT;DRY;DAYLIGHT;CLEAR;NO CONTROL PRESENT;;;-78.850088;35.79052;;;0;0;;;NONE;;NONE;;PICKUP;PASSENGER CAR;;;;NO;12562;2018-08-20;2:45:01 PM;2018-08-20T18:45:01+00:00;;2018;No;No;8;NONE;NONE,NONE;NONE,NONE;PICKUP,PASSENGER CAR;PICKUP,PASSENGER CAR;PICKUP,PASSENGER CAR;PICKUP,PASSENGER CAR
35195;0 FEET FROM SR 1011 (E CHATHAM ST);T-INTERSECTION;STRAIGHT,LEVEL;STATE SECONDARY ROUTE;TWO-WAY,DIVIDED,UNPROTECTED MEDIAN;SMOOTH ASPHALT;DRY;DAYLIGHT;CLEAR;STOP SIGN;;;-78.750315;35.789931;;120;0;1;;;NONE;;NONE;;PASSENGER CAR;PASSENGER CAR;;;;NO;12566;2018-08-10;4:41:57 PM;2018-08-10T20:41:57+00:00;;2018;No;Yes;8;NONE;NONE,NONE;NONE,NONE;PASSENGER CAR,PASSENGER CAR;PASSENGER CAR,PASSENGER CAR;PASSENGER CAR,PASSENGER CAR;PASSENGER CAR,PASSENGER CAR
35200;.1 MILES FROM P.V.A. (FOOD LION);NO SPECIAL FEATURE;STRAIGHT,GRADE;PUBLIC VEHICULAR AREA;TWO-WAY,NOT DIVIDED;SMOOTH ASPHALT;DRY;DAYLIGHT;CLEAR;NO CONTROL PRESENT;;;-78.7377;35.7437;;;0;0;;;;;NONE;;VAN;PICKUP;;;;NO;12571;2018-08-20;1:06:31 PM;2018-08-20T17:06:31+00:00;;2018;No;No;8;;NONE;NONE;VAN,PICKUP;VAN,PICKUP;VAN,PICKUP;VAN,PICKUP
35207;15 FEET FROM NC 54 (NE MAYNARD RD);NO SPECIAL FEATURE;STRAIGHT,LEVEL;STATE SECONDARY ROUTE;TWO-WAY,DIVIDED,POSITIVE MEDIAN BARRIER;SMOOTH ASPHALT;DRY;DAYLIGHT;CLOUDY;NO CONTROL PRESENT;;;-78.766726;35.80049;;;0;0;;;NONE;;;NONE;PASSENGER CAR;;;;;NO;12578;2018-08-20;8:09:32 AM;2018-08-20T12:09:32+00:00;;2018;No;No;8;NONE;NONE;NONE,NONE;PASSENGER CAR;PASSENGER CAR;PASSENGER CAR;PASSENGER CAR
35213;100 FEET FROM SR 3081 (CHAPEL HILL RD);NO SPECIAL FEATURE;STRAIGHT,LEVEL;STATE SECONDARY ROUTE;TWO-WAY,DIVIDED,UNPROTECTED MEDIAN;COARSE ASPHALT;DRY;DAYLIGHT;CLOUDY;NO CONTROL PRESENT;;;-78.7814;35.7916;;;0;0;;;NONE;;NONE;;PASSENGER CAR;SPORT UTILITY;;;;NO;12584;2018-08-20;5:49:37 AM;2018-08-20T09:49:37+00:00;;2018;No;No;8;NONE;NONE,NONE;NONE,NONE;PASSENGER CAR,SPORT UTILITY;PASSENGER CAR,SPORT UTILITY;PASSENGER CAR,SPORT UTILITY;PASSENGER CAR,SPORT UTILITY
35215;400 FEET FROM P.V.A. (500 CAITBOO AV);NO SPECIAL FEATURE;STRAIGHT,LEVEL;PUBLIC VEHICULAR AREA;TWO-WAY,NOT DIVIDED;SMOOTH ASPHALT;DRY;DAYLIGHT;CLEAR;NO CONTROL PRESENT;;;-78.7363;35.7573;;;0;0;;;;;NONE;;SPORT UTILITY;SPORT UTILITY;;;;NO;12586;2018-08-21;9:00:17 AM;2018-08-21T13:00:17+00:00;;2018;No;No;8;;NONE;NONE;SPORT UTILITY,SPORT UTILITY;SPORT UTILITY,SPORT UTILITY;SPORT UTILITY,SPORT UTILITY;SPORT UTILITY,SPORT UTILITY
35216;200 FEET FROM PVA BIOLOGICS INC 11800 WESTON;DRIVEWAY, PUBLIC;STRAIGHT,LEVEL;PUBLIC VEHICULAR AREA;TWO-WAY,NOT DIVIDED;SMOOTH ASPHALT;DRY;DAYLIGHT;CLEAR;NO CONTROL PRESENT;;;-78.8029;35.8282;;;0;0;;;NONE;;NONE;;SPORT UTILITY;PASSENGER CAR;;;;NO;12587;2018-08-22;7:31:15 AM;2018-08-22T11:31:15+00:00;;2018;No;No;8;NONE;NONE,NONE;NONE,NONE;SPORT UTILITY,PASSENGER CAR;SPORT UTILITY,PASSENGER CAR;SPORT UTILITY,PASSENGER CAR;SPORT UTILITY,PASSENGER CAR
35218;CARY;FOUR-WAY INTERSECTION;STRAIGHT,LEVEL;STATE SECONDARY ROUTE;TWO-WAY,DIVIDED,POSITIVE MEDIAN BARRIER;SMOOTH ASPHALT;DRY;DAYLIGHT;CLEAR;STOP AND GO SIGNAL;;;-78.78177;35.77139;;;0;0;1;;NONE;;NONE;;PASSENGER CAR;SPORT UTILITY;;;;NO;12589;2018-08-22;10:03 AM;2018-08-22T14:03:00+00:00;;2018;No;No;8;NONE;NONE,NONE;NONE,NONE;PASSENGER CAR,SPORT UTILITY;PASSENGER CAR,SPORT UTILITY;PASSENGER CAR,SPORT UTILITY;PASSENGER CAR,SPORT UTILITY
35220;0 FEET FROM SR 3977 (CARY PKWY);T-INTERSECTION;STRAIGHT,LEVEL;STATE SECONDARY ROUTE;TWO-WAY,DIVIDED,UNPROTECTED MEDIAN;SMOOTH ASPHALT;DRY;DAYLIGHT;CLEAR;STOP AND GO SIGNAL;;;-78.83057;35.769811;;;0;0;;;NONE;;NONE;;PASSENGER CAR;PASSENGER CAR;;;;NO;12591;2018-08-21;9:32:46 AM;2018-08-21T13:32:46+00:00;;2018;No;No;8;NONE;NONE,NONE;NONE,NONE;PASSENGER CAR,PASSENGER CAR;PASSENGER CAR,PASSENGER CAR;PASSENGER CAR,PASSENGER CAR;PASSENGER CAR,PASSENGER CAR
35222;100 FEET FROM SR 3977 (CARY PARKWAY);NO SPECIAL FEATURE;STRAIGHT,HILLCREST;STATE SECONDARY ROUTE;TWO-WAY,DIVIDED,UNPROTECTED MEDIAN;SMOOTH ASPHALT;DRY;DAYLIGHT;CLEAR;NO CONTROL PRESENT;;;-78.8051;35.755;;;0;0;;;NONE;;NONE;;PASSENGER CAR;SPORT UTILITY;;;;NO;12593;2018-08-22;7:30:53 PM;2018-08-22T23:30:53+00:00;;2018;No;No;8;NONE;NONE,NONE;NONE,NONE;PASSENGER CAR,SPORT UTILITY;PASSENGER CAR,SPORT UTILITY;PASSENGER CAR,SPORT UTILITY;PASSENGER CAR,SPORT UTILITY
35226;200 FEET FROM SR 5039 JONES FRANKLIN RD;NO SPECIAL FEATURE;STRAIGHT,LEVEL;STATE SECONDARY ROUTE;TWO-WAY,NOT DIVIDED;SMOOTH ASPHALT;DRY;DAYLIGHT;CLEAR;STOP SIGN;;;-78.73198;35.751918;;;0;0;;;NONE;;NONE;;PASSENGER CAR;SPORT UTILITY;;;;NO;12597;2018-08-22;3:46:17 PM;2018-08-22T19:46:17+00:00;;2018;No;No;8;NONE;NONE,NONE;NONE,NONE;PASSENGER CAR,SPORT UTILITY;PASSENGER CAR,SPORT UTILITY;PASSENGER CAR,SPORT UTILITY;PASSENGER CAR,SPORT UTILITY
35232;300 FEET FROM P.V.A. OF 316 COLONADES WAY;NO SPECIAL FEATURE;STRAIGHT,LEVEL;PUBLIC VEHICULAR AREA;TWO-WAY,NOT DIVIDED;SMOOTH ASPHALT;DRY;DAYLIGHT;CLEAR;NO CONTROL PRESENT;35.742101162;-78.88001954;-78.777815;35.73906;P115;APEX;0;0;;;NONE;;NONE;;PASSENGER CAR;PASSENGER CAR;;;;NO;12603;2018-08-22;10:13 PM;2018-08-23T02:13:00+00:00;35.742101162, -78.88001954;2018;No;No;8;NONE;NONE,NONE;NONE,NONE;PASSENGER CAR,PASSENGER CAR;PASSENGER CAR,PASSENGER CAR;PASSENGER CAR,PASSENGER CAR;PASSENGER CAR,PASSENGER CAR
35256;.2 MILES FROM P.V.A. 1100 CRESCENT GREEN;NO SPECIAL FEATURE;STRAIGHT,LEVEL;PUBLIC VEHICULAR AREA;TWO-WAY,NOT DIVIDED;SMOOTH ASPHALT;DRY;DAYLIGHT;CLEAR;NO CONTROL PRESENT;;;-78.7812;35.7331;;;0;0;;;NONE;;NONE;;PASSENGER CAR;PASSENGER CAR;;;;NO;12627;2018-08-23;1:19:10 PM;2018-08-23T17:19:10+00:00;;2018;No;No;8;NONE;NONE,NONE;NONE,NONE;PASSENGER CAR,PASSENGER CAR;PASSENGER CAR,PASSENGER CAR;PASSENGER CAR,PASSENGER CAR;PASSENGER CAR,PASSENGER CAR
35261;150 FEET FROM SR 1011 (W CHATHAM ST);RELATED TO INTERSECTION;STRAIGHT,LEVEL;STATE SECONDARY ROUTE;TWO-WAY,NOT DIVIDED;SMOOTH ASPHALT;DRY;DAYLIGHT;CLEAR;NO CONTROL PRESENT;;;-78.7826;35.7872;;;0;0;;;UNKNOWN;;NONE;;PICKUP;PASSENGER CAR;;;;NO;12632;2018-08-26;4:46:03 PM;2018-08-26T20:46:03+00:00;;2018;No;No;8;UNKNOWN;UNKNOWN,NONE;UNKNOWN,NONE;PICKUP,PASSENGER CAR;PICKUP,PASSENGER CAR;PICKUP,PASSENGER CAR;PICKUP,PASSENGER CAR
35265;CARY;NO SPECIAL FEATURE;STRAIGHT,GRADE;LOCAL STREET;TWO-WAY,NOT DIVIDED;SMOOTH ASPHALT;DRY;DAYLIGHT;CLEAR;NO CONTROL PRESENT;35.82173242;-78.77500101;-78.7731;35.8217;P080;111;0;0;;;NONE;;NONE;;PASSENGER CAR;SPORT UTILITY;PASSENGER CAR;;;NO;12636;2018-08-24;4:04:44 PM;2018-08-24T20:04:44+00:00;35.82173242, -78.77500101;2018;No;No;8;NONE;NONE,NONE;NONE,NONE;PASSENGER CAR,SPORT UTILITY;PASSENGER CAR,SPORT UTILITY,PASSENGER CAR;PASSENGER CAR,SPORT UTILITY,PASSENGER CAR;PASSENGER CAR,SPORT UTILITY,PASSENGER CAR
35266;CARY;RELATED TO INTERSECTION;STRAIGHT,LEVEL;STATE SECONDARY ROUTE;TWO-WAY,DIVIDED,UNPROTECTED MEDIAN;COARSE ASPHALT;DRY;DAYLIGHT;CLEAR;STOP AND GO SIGNAL;;;-78.7508;35.7947;;;0;0;;;NONE;;NONE;;PASSENGER CAR;PASSENGER CAR;;;;NO;12637;2018-08-25;3:18:44 PM;2018-08-25T19:18:44+00:00;;2018;No;No;8;NONE;NONE,NONE;NONE,NONE;PASSENGER CAR,PASSENGER CAR;PASSENGER CAR,PASSENGER CAR;PASSENGER CAR,PASSENGER CAR;PASSENGER CAR,PASSENGER CAR
35268;0 FEET FROM P.V.A. (OLD NAVY);NO SPECIAL FEATURE;STRAIGHT,LEVEL;PUBLIC VEHICULAR AREA;TWO-WAY,DIVIDED,POSITIVE MEDIAN BARRIER;SMOOTH ASPHALT;DRY;DAYLIGHT;CLEAR;STOP SIGN;;;-78.7373;35.7604;;;0;0;;;;;NONE;;PASSENGER CAR;PASSENGER CAR;;;;NO;12639;2018-08-26;1:07:37 PM;2018-08-26T17:07:37+00:00;;2018;No;No;8;;NONE;NONE;PASSENGER CAR,PASSENGER CAR;PASSENGER CAR,PASSENGER CAR;PASSENGER CAR,PASSENGER CAR;PASSENGER CAR,PASSENGER CAR
35275;200 FEET FROM SR #3073 (NW MAYNARD RD);NO SPECIAL FEATURE;STRAIGHT,LEVEL;STATE SECONDARY ROUTE;TWO-WAY,NOT DIVIDED;SMOOTH ASPHALT;DRY;DARK - LIGHTED ROADWAY;CLEAR;STOP AND GO SIGNAL;35.802211445;-78.78662602;-78.7859;35.8021;P024;111;0;1;1;;NONE;;NONE;NONE;PASSENGER CAR;PASSENGER CAR;PASSENGER CAR;PASSENGER CAR;PASSENGER CAR;MAINTENANCE WORK AREA;12646;2018-08-24;9:03:08 PM;2018-08-25T01:03:08+00:00;35.802211445, -78.78662602;2018;No;Yes;8;NONE;NONE,NONE;NONE,NONE,NONE;PASSENGER CAR,PASSENGER CAR;PASSENGER CAR,PASSENGER CAR,PASSENGER CAR;PASSENGER CAR,PASSENGER CAR,PASSENGER CAR,PASSENGER CAR;PASSENGER CAR,PASSENGER CAR,PASSENGER CAR,PASSENGER CAR,PASSENGER CAR
35289;50 FEET FROM SR 1300 (KILDAIRE FARM RD);NO SPECIAL FEATURE;STRAIGHT,LEVEL;STATE SECONDARY ROUTE;TWO-WAY,DIVIDED,UNPROTECTED MEDIAN;SMOOTH ASPHALT;DRY;DAYLIGHT;CLEAR;NO CONTROL PRESENT;;;-78.7801;35.7418;;;0;0;;;NONE;;NONE;;PASSENGER CAR;PASSENGER CAR;;;;NO;12660;2018-08-23;8:42:37 AM;2018-08-23T12:42:37+00:00;;2018;No;No;8;NONE;NONE,NONE;NONE,NONE;PASSENGER CAR,PASSENGER CAR;PASSENGER CAR,PASSENGER CAR;PASSENGER CAR,PASSENGER CAR;PASSENGER CAR,PASSENGER CAR
35297;50 FEET FROM P.V.A. 1104 (LEDSOME LN);NO SPECIAL FEATURE;STRAIGHT,LEVEL;PUBLIC VEHICULAR AREA;TWO-WAY,NOT DIVIDED;SMOOTH ASPHALT;DRY;DAYLIGHT;CLEAR;NO CONTROL PRESENT;;;-78.7482;35.7632;;;0;0;1;;NONE;;NONE;;PASSENGER CAR;PASSENGER CAR;;;;NO;12668;2018-08-26;1:25:34 PM;2018-08-26T17:25:34+00:00;;2018;No;No;8;NONE;NONE,NONE;NONE,NONE;PASSENGER CAR,PASSENGER CAR;PASSENGER CAR,PASSENGER CAR;PASSENGER CAR,PASSENGER CAR;PASSENGER CAR,PASSENGER CAR
35300;.48 MILES FROM HWY US 64;FOUR-WAY INTERSECTION;STRAIGHT,LEVEL;US ROUTE;TWO-WAY,DIVIDED,UNPROTECTED MEDIAN;COARSE ASPHALT;DRY;DAYLIGHT;CLEAR;STOP AND GO SIGNAL;;;-78.7974;35.7387;;;0;0;1;;;;NONE;;PASSENGER CAR;SPORT UTILITY;;;;NO;12671;2018-08-26;2:55:46 PM;2018-08-26T18:55:46+00:00;;2018;No;No;8;;NONE;NONE;PASSENGER CAR,SPORT UTILITY;PASSENGER CAR,SPORT UTILITY;PASSENGER CAR,SPORT UTILITY;PASSENGER CAR,SPORT UTILITY
35304;50 FEET FROM GLASGOW RD;RELATED TO INTERSECTION;STRAIGHT,LEVEL;LOCAL STREET;TWO-WAY,NOT DIVIDED;SMOOTH ASPHALT;DRY;DAYLIGHT;CLEAR;NO CONTROL PRESENT;;;-78.7877;35.7416;;;0;0;1;;NONE;;NONE;;SPORT UTILITY;;;;;NO;12675;2018-08-27;12:17 PM;2018-08-27T16:17:00+00:00;;2018;No;No;8;NONE;NONE,NONE;NONE,NONE;SPORT UTILITY;SPORT UTILITY;SPORT UTILITY;SPORT UTILITY
35309;100 FEET FROM SR 1009 (TRYON RD);NO SPECIAL FEATURE;STRAIGHT,LEVEL;STATE SECONDARY ROUTE;TWO-WAY,DIVIDED,POSITIVE MEDIAN BARRIER;SMOOTH ASPHALT;DRY;DAYLIGHT;CLEAR;STOP AND GO SIGNAL;;;-78.7797;35.7398;;;0;0;;;;;NONE;;PASSENGER CAR;SPORT UTILITY;;;;NO;12680;2018-08-26;3:58:23 PM;2018-08-26T19:58:23+00:00;;2018;No;No;8;;NONE;NONE;PASSENGER CAR,SPORT UTILITY;PASSENGER CAR,SPORT UTILITY;PASSENGER CAR,SPORT UTILITY;PASSENGER CAR,SPORT UTILITY
35332;100 FEET FROM PVA 1300 CRESCENT GREEN;NO SPECIAL FEATURE;STRAIGHT,LEVEL;PUBLIC VEHICULAR AREA;ONE-WAY,NOT DIVIDED;SMOOTH ASPHALT;DRY;DAYLIGHT;CLEAR;NO CONTROL PRESENT;;;-78.783423;35.732786;;;0;0;;;NONE;;NONE;;PASSENGER CAR;SPORT UTILITY;;;;NO;12703;2018-08-28;3:42:25 PM;2018-08-28T19:42:25+00:00;;2018;No;No;8;NONE;NONE,NONE;NONE,NONE;PASSENGER CAR,SPORT UTILITY;PASSENGER CAR,SPORT UTILITY;PASSENGER CAR,SPORT UTILITY;PASSENGER CAR,SPORT UTILITY
35338;100 FEET FROM REGENCY FOREST DR;NO SPECIAL FEATURE;STRAIGHT,LEVEL;PUBLIC VEHICULAR AREA;TWO-WAY,NOT DIVIDED;SMOOTH ASPHALT;DRY;DAYLIGHT;CLEAR;NO CONTROL PRESENT;;;-78.793797;35.733749;;;0;0;;;NONE;;NONE;;;PASSENGER CAR;;;;NO;12709;2018-08-28;5:26:41 PM;2018-08-28T21:26:41+00:00;;2018;No;No;8;NONE;NONE,NONE;NONE,NONE;PASSENGER CAR;PASSENGER CAR;PASSENGER CAR;PASSENGER CAR
35341;100 FEET FROM PVA (651 CARY TOWNE BLVD);NO SPECIAL FEATURE;STRAIGHT,LEVEL;PUBLIC VEHICULAR AREA;TWO-WAY,NOT DIVIDED;SMOOTH ASPHALT;DRY;DAYLIGHT;CLEAR;NO CONTROL PRESENT;;;-78.767311;35.776936;;;0;0;;;NONE;;NONE;;VAN;PASSENGER CAR;;;;NO;12712;2018-08-29;9:34:52 AM;2018-08-29T13:34:52+00:00;;2018;No;No;8;NONE;NONE,NONE;NONE,NONE;VAN,PASSENGER CAR;VAN,PASSENGER CAR;VAN,PASSENGER CAR;VAN,PASSENGER CAR
35346;CARY;RELATED TO INTERSECTION;STRAIGHT,LEVEL;STATE SECONDARY ROUTE;TWO-WAY,DIVIDED,UNPROTECTED MEDIAN;SMOOTH ASPHALT;DRY;DAYLIGHT;CLEAR;STOP AND GO SIGNAL;;;-78.7568;35.6869;;;0;0;1;;;;NONE;;PASSENGER CAR;PASSENGER CAR;;;;NO;12717;2018-08-29;10:44 AM;2018-08-29T14:44:00+00:00;;2018;No;No;8;;NONE;NONE;PASSENGER CAR,PASSENGER CAR;PASSENGER CAR,PASSENGER CAR;PASSENGER CAR,PASSENGER CAR;PASSENGER CAR,PASSENGER CAR
35352;400 FEET FROM S.R. 1613 DAVIS DR;RAILROAD CROSSING;STRAIGHT,LEVEL;STATE SECONDARY ROUTE;TWO-WAY,DIVIDED,UNPROTECTED MEDIAN;SMOOTH ASPHALT;DRY;DAYLIGHT;CLEAR;RR GATE AND FLASHER;;;-78.84886;35.780271;;;0;0;;;NONE;;NONE;;SPORT UTILITY;;;;;NO;12723;2018-08-28;8:55:33 PM;2018-08-29T00:55:33+00:00;;2018;No;No;8;NONE;NONE,NONE;NONE,NONE;SPORT UTILITY;SPORT UTILITY;SPORT UTILITY;SPORT UTILITY
35356;CARY;NO SPECIAL FEATURE;STRAIGHT,LEVEL;STATE SECONDARY ROUTE;TWO-WAY,DIVIDED,UNPROTECTED MEDIAN;SMOOTH ASPHALT;DRY;DAYLIGHT;CLEAR;NO CONTROL PRESENT;;;-78.7934;35.7018;;;0;0;;;;;NONE;;PASSENGER CAR;PASSENGER CAR;;;;NO;12727;2018-08-30;10:39 AM;2018-08-30T14:39:00+00:00;;2018;No;No;8;;NONE;NONE;PASSENGER CAR,PASSENGER CAR;PASSENGER CAR,PASSENGER CAR;PASSENGER CAR,PASSENGER CAR;PASSENGER CAR,PASSENGER CAR
35359;CARY;NO SPECIAL FEATURE;STRAIGHT,GRADE;PUBLIC VEHICULAR AREA;TWO-WAY,NOT DIVIDED;SMOOTH ASPHALT;DRY;DAYLIGHT;CLEAR;NO CONTROL PRESENT;;;-78.7777;35.7426;;;0;0;1;;NONE;;NONE;;VAN;SPORT UTILITY;;;;NO;12730;2018-08-30;2:39:00 PM;2018-08-30T18:39:00+00:00;;2018;No;No;8;NONE;NONE,NONE;NONE,NONE;VAN,SPORT UTILITY;VAN,SPORT UTILITY;VAN,SPORT UTILITY;VAN,SPORT UTILITY
35360;.25 MILES FROM HIGH HOUSE RD;FOUR-WAY INTERSECTION;STRAIGHT,LEVEL;NC ROUTE;TWO-WAY,DIVIDED,UNPROTECTED MEDIAN;SMOOTH ASPHALT;DRY;DAYLIGHT;CLEAR;STOP AND GO SIGNAL;35.788686601;-78.86670582;-78.870317;35.787875;P012;121;0;0;1;;NONE;;NONE;;PASSENGER CAR;PICKUP;;;;NO;12731;2018-08-29;2:35:23 PM;2018-08-29T18:35:23+00:00;35.788686601, -78.86670582;2018;No;No;8;NONE;NONE,NONE;NONE,NONE;PASSENGER CAR,PICKUP;PASSENGER CAR,PICKUP;PASSENGER CAR,PICKUP;PASSENGER CAR,PICKUP
35365;5 FEET FROM CONVENIENCE LN;T-INTERSECTION;STRAIGHT,GRADE;PRIVATE ROAD,DRIVEWAY;TWO-WAY,NOT DIVIDED;SMOOTH ASPHALT;DRY;DARK - LIGHTED ROADWAY;CLEAR;STOP SIGN;35.860972036;-78.89538675;-78.8953;35.8608;P074;119;0;0;;;;;NONE;;PASSENGER CAR;SPORT UTILITY;;;;NO;12736;2018-08-29;8:39:38 PM;2018-08-30T00:39:38+00:00;35.860972036, -78.89538675;2018;No;No;8;;NONE;NONE;PASSENGER CAR,SPORT UTILITY;PASSENGER CAR,SPORT UTILITY;PASSENGER CAR,SPORT UTILITY;PASSENGER CAR,SPORT UTILITY
35366;.17 MILES FROM  CARPENTER FIRE STATION RD1624;NO SPECIAL FEATURE;STRAIGHT,LEVEL;STATE SECONDARY ROUTE;TWO-WAY,NOT DIVIDED;CONCRETE;DRY;DAYLIGHT;CLEAR;NO CONTROL PRESENT;35.824173629;-78.87860573;-78.88171;35.824068;P091;WAKE;0;0;;;NONE;;NONE;;PASSENGER CAR;PASSENGER CAR;;;;NO;12737;2018-08-29;3:09:21 PM;2018-08-29T19:09:21+00:00;35.824173629, -78.87860573;2018;No;No;8;NONE;NONE,NONE;NONE,NONE;PASSENGER CAR,PASSENGER CAR;PASSENGER CAR,PASSENGER CAR;PASSENGER CAR,PASSENGER CAR;PASSENGER CAR,PASSENGER CAR
35368;CARY;DRIVEWAY, PUBLIC;STRAIGHT,HILLCREST;PUBLIC VEHICULAR AREA;TWO-WAY,NOT DIVIDED;SMOOTH ASPHALT;DRY;DAYLIGHT;CLEAR;NO CONTROL PRESENT;;;-78.7878;35.7334;;;0;0;;;NONE;;NONE;;UNKNOWN;PASSENGER CAR;;;;NO;12739;2018-08-29;1:40:35 PM;2018-08-29T17:40:35+00:00;;2018;No;No;8;NONE;NONE,NONE;NONE,NONE;UNKNOWN,PASSENGER CAR;UNKNOWN,PASSENGER CAR;UNKNOWN,PASSENGER CAR;UNKNOWN,PASSENGER CAR
35378;200 FEET FROM P.V.A. (1105 WALNUT ST);NO SPECIAL FEATURE;STRAIGHT,LEVEL;PUBLIC VEHICULAR AREA;TWO-WAY,NOT DIVIDED;SMOOTH ASPHALT;WET;DAYLIGHT;CLOUDY;NO CONTROL PRESENT;;;;;;;0;0;;;NONE;;NONE;;PASSENGER CAR;SPORT UTILITY;;;;NO;12749;2018-09-01;11:36 AM;2018-09-01T15:36:00+00:00;;2018;No;No;9;NONE;NONE,NONE;NONE,NONE;PASSENGER CAR,SPORT UTILITY;PASSENGER CAR,SPORT UTILITY;PASSENGER CAR,SPORT UTILITY;PASSENGER CAR,SPORT UTILITY
35379;320 FEET FROM PVA (WEST REGIONAL LIBRARY);NO SPECIAL FEATURE;STRAIGHT,LEVEL;PUBLIC VEHICULAR AREA;TWO-WAY,NOT DIVIDED;SMOOTH ASPHALT;DRY;DAYLIGHT;CLEAR;NO CONTROL PRESENT;;;-78.864806;35.815534;;;0;0;;;NONE;;NONE;;UNKNOWN;VAN;;;;NO;12750;2018-09-01;3:24:59 PM;2018-09-01T19:24:59+00:00;;2018;No;No;9;NONE;NONE,NONE;NONE,NONE;UNKNOWN,VAN;UNKNOWN,VAN;UNKNOWN,VAN;UNKNOWN,VAN
35380;CARY;;;;;;;;;;;;;;;;0;0;;;;;;;;;;;;;12751;2018-08-27;9:24:21 AM;2018-08-27T13:24:21+00:00;;2018;No;No;8;;;;;;;
35384;CARY;FOUR-WAY INTERSECTION;STRAIGHT,LEVEL;NC ROUTE;TWO-WAY,DIVIDED,POSITIVE MEDIAN BARRIER;SMOOTH ASPHALT;DRY;DAYLIGHT;CLEAR;STOP AND GO SIGNAL;;;-78.873642;35.820389;;;0;2;3;;NONE;;NONE;;SPORT UTILITY;PASSENGER CAR;;;;NO;12755;2018-09-01;11:10 AM;2018-09-01T15:10:00+00:00;;2018;No;Yes;9;NONE;NONE,NONE;NONE,NONE;SPORT UTILITY,PASSENGER CAR;SPORT UTILITY,PASSENGER CAR;SPORT UTILITY,PASSENGER CAR;SPORT UTILITY,PASSENGER CAR