tamainid;location_description;rdfeature;rdcharacter;rdclass;rdconfigur;rdsurface;rdcondition;lightcond;weather;trafcontrl;lat;lon;lon2;lat2;tract;zone;fatality;possblinj;numpassengers;numpedestrians;contrcir1_desc;contrcir2_desc;contrcir3_desc;contrcir4_desc;vehicle1;vehicle2;vehicle3;vehicle4;vehicle5;workarea;records;ta_date;ta_time;crash_date;geo_location;year;fatalities;injuries;month;contrfact1;contrfact2;contributing_factor;vehicleconcat1;vehicleconcat2;vehicleconcat3;vehicle_type
38705;10 FEET FROM S.R. 1652 (HARRISON AV);RELATED TO INTERSECTION;STRAIGHT,LEVEL;STATE SECONDARY ROUTE;TWO-WAY,NOT DIVIDED;SMOOTH ASPHALT;DRY;DUSK;CLEAR;STOP AND GO SIGNAL;;;-78.7832;35.7918;;;0;0;1;;;;NONE;;PASSENGER CAR;SPORT UTILITY;;;;NO;15083;2019-02-09;5:08:58 PM;2019-02-09T22:08:58+00:00;;2019;No;No;2;;NONE;NONE;PASSENGER CAR,SPORT UTILITY;PASSENGER CAR,SPORT UTILITY;PASSENGER CAR,SPORT UTILITY;PASSENGER CAR,SPORT UTILITY
38709;10 FEET FROM MAGNOLIA BEND LOOP;NO SPECIAL FEATURE;STRAIGHT,LEVEL;LOCAL STREET;TWO-WAY,DIVIDED,UNPROTECTED MEDIAN;SMOOTH ASPHALT;WET;DAYLIGHT;CLOUDY;NO CONTROL PRESENT;;;-78.9025;35.7865;;;0;0;;;NONE;;NONE;;SINGLE UNIT TRUCK (2-AXLE- 6-TIRE);;;;;NO;15087;2019-02-11;3:50:52 PM;2019-02-11T20:50:52+00:00;;2019;No;No;2;NONE;NONE,NONE;NONE,NONE;SINGLE UNIT TRUCK (2-AXLE- 6-TIRE);SINGLE UNIT TRUCK (2-AXLE- 6-TIRE);SINGLE UNIT TRUCK (2-AXLE- 6-TIRE);SINGLE UNIT TRUCK (2-AXLE- 6-TIRE)
38719;250 FEET FROM SR 1652 (N HARRISON AV);NO SPECIAL FEATURE;STRAIGHT,LEVEL;STATE SECONDARY ROUTE;TWO-WAY,NOT DIVIDED;SMOOTH ASPHALT;WET;DAYLIGHT;RAIN;NO CONTROL PRESENT;;;-78.773256;35.816905;;113;0;0;;;NONE;;NONE;;PASSENGER CAR;PASSENGER CAR;;;;NO;15097;2019-02-12;7:01:21 AM;2019-02-12T12:01:21+00:00;;2019;No;No;2;NONE;NONE,NONE;NONE,NONE;PASSENGER CAR,PASSENGER CAR;PASSENGER CAR,PASSENGER CAR;PASSENGER CAR,PASSENGER CAR;PASSENGER CAR,PASSENGER CAR
38721;.02 MILES FROM US 64 HIGHWAY;NO SPECIAL FEATURE;STRAIGHT,LEVEL;US ROUTE;TWO-WAY,DIVIDED,UNPROTECTED MEDIAN;SMOOTH ASPHALT;WET;DAYLIGHT;CLOUDY;NO CONTROL PRESENT;;;-78.816;35.7426;;;0;0;;;;;NONE;;PASSENGER CAR;PASSENGER CAR;;;;NO;15099;2019-02-12;8:12:11 AM;2019-02-12T13:12:11+00:00;;2019;No;No;2;;NONE;NONE;PASSENGER CAR,PASSENGER CAR;PASSENGER CAR,PASSENGER CAR;PASSENGER CAR,PASSENGER CAR;PASSENGER CAR,PASSENGER CAR
38722;106 FEET FROM 2021 WALNUT ST PVA;NO SPECIAL FEATURE;STRAIGHT,LEVEL;PUBLIC VEHICULAR AREA;TWO-WAY,NOT DIVIDED;SMOOTH ASPHALT;WET;DAYLIGHT;CLEAR;NO CONTROL PRESENT;;;-78.738022;35.758238;;;0;0;;;NONE;;NONE;;PASSENGER CAR;PASSENGER CAR;;;;NO;15100;2019-02-12;1:37:30 PM;2019-02-12T18:37:30+00:00;;2019;No;No;2;NONE;NONE,NONE;NONE,NONE;PASSENGER CAR,PASSENGER CAR;PASSENGER CAR,PASSENGER CAR;PASSENGER CAR,PASSENGER CAR;PASSENGER CAR,PASSENGER CAR
38730;.1 MILES FROM SR 1652 (NORTH HARRISON AVE);FOUR-WAY INTERSECTION;CURVE,BOTTOM (SAG);STATE SECONDARY ROUTE;TWO-WAY,DIVIDED,POSITIVE MEDIAN BARRIER;SMOOTH ASPHALT;DRY;DAYLIGHT;CLEAR;STOP AND GO SIGNAL;;;-78.781085;35.80983;;;0;0;;;NONE;;NONE;;;;;;;NO;15108;2019-02-07;1:31:27 PM;2019-02-07T18:31:27+00:00;;2019;No;No;2;NONE;NONE,NONE;NONE,NONE;;;;
38731;.12 MILES FROM SR 3977 (SE CARY PKWY);NO SPECIAL FEATURE;STRAIGHT,LEVEL;STATE SECONDARY ROUTE;;SMOOTH ASPHALT;DRY;DAYLIGHT;CLEAR;NO CONTROL PRESENT;;;-78.773559;35.750394;;;0;0;;;NONE;;NONE;;SINGLE UNIT TRUCK (2-AXLE- 6-TIRE);PASSENGER CAR;;;;NO;15109;2019-02-13;1:27:21 PM;2019-02-13T18:27:21+00:00;;2019;No;No;2;NONE;NONE,NONE;NONE,NONE;SINGLE UNIT TRUCK (2-AXLE- 6-TIRE),PASSENGER CAR;SINGLE UNIT TRUCK (2-AXLE- 6-TIRE),PASSENGER CAR;SINGLE UNIT TRUCK (2-AXLE- 6-TIRE),PASSENGER CAR;SINGLE UNIT TRUCK (2-AXLE- 6-TIRE),PASSENGER CAR
38734;CARY;T-INTERSECTION;STRAIGHT,LEVEL;STATE SECONDARY ROUTE;TWO-WAY,NOT DIVIDED;SMOOTH ASPHALT;DRY;DAYLIGHT;CLOUDY;NO CONTROL PRESENT;;;-78.78;35.79;;;0;0;;;NONE;;NONE;;PASSENGER CAR;PASSENGER CAR;;;;NO;15112;2019-02-12;1:53:32 PM;2019-02-12T18:53:32+00:00;;2019;No;No;2;NONE;NONE,NONE;NONE,NONE;PASSENGER CAR,PASSENGER CAR;PASSENGER CAR,PASSENGER CAR;PASSENGER CAR,PASSENGER CAR;PASSENGER CAR,PASSENGER CAR
38740;.10 MILES FROM SR1497 (CARY TOWNE BLVD);NO SPECIAL FEATURE;STRAIGHT,LEVEL;STATE SECONDARY ROUTE;TWO-WAY,NOT DIVIDED;SMOOTH ASPHALT;DRY;DARK - LIGHTED ROADWAY;CLEAR;NO CONTROL PRESENT;;;-78.7596;35.7766;;;0;0;;;;;NONE;;PASSENGER CAR;;;;;NO;15118;2019-02-13;7:33:35 PM;2019-02-14T00:33:35+00:00;;2019;No;No;2;;NONE;NONE;PASSENGER CAR;PASSENGER CAR;PASSENGER CAR;PASSENGER CAR
38744;300 FEET FROM SR1315 (BUCK JONES RD);T-INTERSECTION;STRAIGHT,LEVEL;STATE SECONDARY ROUTE;TWO-WAY,DIVIDED,UNPROTECTED MEDIAN;SMOOTH ASPHALT;DRY;DAYLIGHT;CLEAR;NO CONTROL PRESENT;;;-78.7445;35.7638;;;0;0;;;NONE;;NONE;;PASSENGER CAR;SPORT UTILITY;;;;NO;15122;2019-02-08;1:51:59 PM;2019-02-08T18:51:59+00:00;;2019;No;No;2;NONE;NONE,NONE;NONE,NONE;PASSENGER CAR,SPORT UTILITY;PASSENGER CAR,SPORT UTILITY;PASSENGER CAR,SPORT UTILITY;PASSENGER CAR,SPORT UTILITY
38748;250 FEET FROM CHAPEL HILL RD;RELATED TO INTERSECTION;STRAIGHT,LEVEL;LOCAL STREET;TWO-WAY,NOT DIVIDED;SMOOTH ASPHALT;DRY;DAYLIGHT;CLEAR;NO CONTROL PRESENT;;;-78.7822;35.7916;;;0;0;;;;;NONE;;PASSENGER CAR;PASSENGER CAR;;;;NO;15126;2019-02-13;3:11:47 PM;2019-02-13T20:11:47+00:00;;2019;No;No;2;;NONE;NONE;PASSENGER CAR,PASSENGER CAR;PASSENGER CAR,PASSENGER CAR;PASSENGER CAR,PASSENGER CAR;PASSENGER CAR,PASSENGER CAR
38750;50 FEET FROM 102 YMCA DR;DRIVEWAY, PUBLIC;STRAIGHT,LEVEL;LOCAL STREET;TWO-WAY,NOT DIVIDED;SMOOTH ASPHALT;DRY;DAYLIGHT;CLEAR;NO CONTROL PRESENT;35.776030068;-78.83381216;-78.8348;35.7761;P064;117;0;0;1;;NONE;;NONE;;SPORT UTILITY;SPORT UTILITY;;;;NO;15128;2019-02-14;11:16 AM;2019-02-14T16:16:00+00:00;35.776030068, -78.83381216;2019;No;No;2;NONE;NONE,NONE;NONE,NONE;SPORT UTILITY,SPORT UTILITY;SPORT UTILITY,SPORT UTILITY;SPORT UTILITY,SPORT UTILITY;SPORT UTILITY,SPORT UTILITY
38754;CARY;FOUR-WAY INTERSECTION;STRAIGHT,LEVEL;LOCAL STREET;TWO-WAY,NOT DIVIDED;SMOOTH ASPHALT;DRY;DAYLIGHT;CLEAR;STOP SIGN;35.76991577;-78.84777375;-78.8479;35.7699;P071;117;0;0;;;NONE;;NONE;;;SPORT UTILITY;;;;NO;15132;2019-02-15;11:03 AM;2019-02-15T16:03:00+00:00;35.76991577, -78.84777375;2019;No;No;2;NONE;NONE,NONE;NONE,NONE;SPORT UTILITY;SPORT UTILITY;SPORT UTILITY;SPORT UTILITY
38756;20 FEET FROM SR 1643 (HIGH HOUSE RD);T-INTERSECTION;STRAIGHT,LEVEL;STATE SECONDARY ROUTE;TWO-WAY,NOT DIVIDED;SMOOTH ASPHALT;DRY;DAYLIGHT;CLEAR;STOP AND GO SIGNAL;;;-78.8552;35.7;;;0;0;;;NONE;;NONE;;PASSENGER CAR;SPORT UTILITY;;;;NO;15134;2019-02-15;12:01 PM;2019-02-15T17:01:00+00:00;;2019;No;No;2;NONE;NONE,NONE;NONE,NONE;PASSENGER CAR,SPORT UTILITY;PASSENGER CAR,SPORT UTILITY;PASSENGER CAR,SPORT UTILITY;PASSENGER CAR,SPORT UTILITY
38763;0 FEET FROM SR 1300 (KILDAIRE FARM RD);FOUR-WAY INTERSECTION;STRAIGHT,LEVEL;STATE SECONDARY ROUTE;TWO-WAY,NOT DIVIDED;SMOOTH ASPHALT;DRY;DARK - LIGHTED ROADWAY;CLEAR;STOP AND GO SIGNAL;;;-78.779224;35.736389;;116;0;0;;;NONE;;NONE;;SPORT UTILITY;PASSENGER CAR;;;;NO;15141;2019-02-15;8:17:59 PM;2019-02-16T01:17:59+00:00;;2019;No;No;2;NONE;NONE,NONE;NONE,NONE;SPORT UTILITY,PASSENGER CAR;SPORT UTILITY,PASSENGER CAR;SPORT UTILITY,PASSENGER CAR;SPORT UTILITY,PASSENGER CAR
38765;270 FEET FROM SR 1313 (WALNUT ST);NO SPECIAL FEATURE;STRAIGHT,LEVEL;STATE SECONDARY ROUTE;TWO-WAY,DIVIDED,POSITIVE MEDIAN BARRIER;SMOOTH ASPHALT;WET;DAYLIGHT;RAIN;NO CONTROL PRESENT;;;-78.760853;35.769716;;120;0;0;;;NONE;;NONE;;SPORT UTILITY;PASSENGER CAR;;;;NO;15143;2019-02-16;12:12 PM;2019-02-16T17:12:00+00:00;;2019;No;No;2;NONE;NONE,NONE;NONE,NONE;SPORT UTILITY,PASSENGER CAR;SPORT UTILITY,PASSENGER CAR;SPORT UTILITY,PASSENGER CAR;SPORT UTILITY,PASSENGER CAR
38768;400 FEET FROM PVA 1261 BUCK JONES RD;NO SPECIAL FEATURE;STRAIGHT,LEVEL;PUBLIC VEHICULAR AREA;TWO-WAY,NOT DIVIDED;COARSE ASPHALT;DRY;DAYLIGHT;CLEAR;NO CONTROL PRESENT;;;-78.7395;35.7658;;;0;1;2;;NONE;;NONE;;PICKUP;;;;;NO;15146;2019-02-15;1:34:12 PM;2019-02-15T18:34:12+00:00;;2019;No;Yes;2;NONE;NONE,NONE;NONE,NONE;PICKUP;PICKUP;PICKUP;PICKUP
38770;30 FEET FROM P.V.A. (973 N. HARRISON AV);DRIVEWAY, PUBLIC;STRAIGHT,LEVEL;PUBLIC VEHICULAR AREA;TWO-WAY,NOT DIVIDED;SMOOTH ASPHALT;DRY;DAYLIGHT;CLOUDY;NO CONTROL PRESENT;;;-78.7847;35.8022;;111;0;0;1;;NONE;;NONE;;PASSENGER CAR;PASSENGER CAR;;;;NO;15148;2019-02-15;1:12:49 PM;2019-02-15T18:12:49+00:00;;2019;No;No;2;NONE;NONE,NONE;NONE,NONE;PASSENGER CAR,PASSENGER CAR;PASSENGER CAR,PASSENGER CAR;PASSENGER CAR,PASSENGER CAR;PASSENGER CAR,PASSENGER CAR
38771;CARY;NO SPECIAL FEATURE;STRAIGHT,LEVEL;STATE SECONDARY ROUTE;TWO-WAY,DIVIDED,POSITIVE MEDIAN BARRIER;SMOOTH ASPHALT;DRY;DAYLIGHT;CLEAR;STOP AND GO SIGNAL;;;-78.7798;35.739552;;;0;0;1;;NONE;;NONE;;PASSENGER CAR;PASSENGER CAR;;;;NO;15149;2019-02-15;11:41 AM;2019-02-15T16:41:00+00:00;;2019;No;No;2;NONE;NONE,NONE;NONE,NONE;PASSENGER CAR,PASSENGER CAR;PASSENGER CAR,PASSENGER CAR;PASSENGER CAR,PASSENGER CAR;PASSENGER CAR,PASSENGER CAR
38782;.25 MILES FROM PVA MATTRESS FIRM(329 CROSSROA;NO SPECIAL FEATURE;STRAIGHT,LEVEL;PUBLIC VEHICULAR AREA;TWO-WAY,DIVIDED,UNPROTECTED MEDIAN;SMOOTH ASPHALT;WET;DAYLIGHT;RAIN;STOP SIGN;35.730694934;-78.54396263;-78.737355;35.760493;P119;RALW;0;1;1;;NONE;;NONE;;PASSENGER CAR;PASSENGER CAR;PASSENGER CAR;;;NO;15160;2019-02-16;10:06 AM;2019-02-16T15:06:00+00:00;35.730694934, -78.54396263;2019;No;Yes;2;NONE;NONE,NONE;NONE,NONE;PASSENGER CAR,PASSENGER CAR;PASSENGER CAR,PASSENGER CAR,PASSENGER CAR;PASSENGER CAR,PASSENGER CAR,PASSENGER CAR;PASSENGER CAR,PASSENGER CAR,PASSENGER CAR
38783;280 FEET FROM ALDEN BRIDGE DR;NO SPECIAL FEATURE;STRAIGHT,LEVEL;LOCAL STREET;TWO-WAY,NOT DIVIDED;SMOOTH ASPHALT;WET;DAYLIGHT;RAIN;NO CONTROL PRESENT;35.813480166;-78.9137983;-78.912953;35.813742;P081;122;0;0;1;;NONE;;NONE;;LIGHT TRUCK (MINI-VAN- PANEL);SPORT UTILITY;;;;NO;15161;2019-02-16;2:51:21 PM;2019-02-16T19:51:21+00:00;35.813480166, -78.9137983;2019;No;No;2;NONE;NONE,NONE;NONE,NONE;LIGHT TRUCK (MINI-VAN- PANEL),SPORT UTILITY;LIGHT TRUCK (MINI-VAN- PANEL),SPORT UTILITY;LIGHT TRUCK (MINI-VAN- PANEL),SPORT UTILITY;LIGHT TRUCK (MINI-VAN- PANEL),SPORT UTILITY
38784;300 FEET FROM US HWY 1 RAMP;OFF-RAMP PROPER;CURVE,GRADE;US ROUTE;TWO-WAY,DIVIDED,UNPROTECTED MEDIAN;COARSE ASPHALT;WET;DAYLIGHT;CLEAR;STOP AND GO SIGNAL;;;-78.794306;35.738006;;;0;0;1;;NONE;;NONE;;PASSENGER CAR;PASSENGER CAR;;;;NO;15162;2019-02-16;3:39:15 PM;2019-02-16T20:39:15+00:00;;2019;No;No;2;NONE;NONE,NONE;NONE,NONE;PASSENGER CAR,PASSENGER CAR;PASSENGER CAR,PASSENGER CAR;PASSENGER CAR,PASSENGER CAR;PASSENGER CAR,PASSENGER CAR
38786;.16 MILES FROM PVA BEST BUY(237 CROSSROADS BL;NO SPECIAL FEATURE;STRAIGHT,LEVEL;PUBLIC VEHICULAR AREA;TWO-WAY,NOT DIVIDED;SMOOTH ASPHALT;DRY;DAYLIGHT;CLEAR;NO CONTROL PRESENT;;;-78.73888;35.761524;;;0;0;;;NONE;;NONE;;VAN;SPORT UTILITY;;;;NO;15164;2019-02-16;4:57:38 PM;2019-02-16T21:57:38+00:00;;2019;No;No;2;NONE;NONE,NONE;NONE,NONE;VAN,SPORT UTILITY;VAN,SPORT UTILITY;VAN,SPORT UTILITY;VAN,SPORT UTILITY
38788;100 FEET FROM SR 3977(CARY PKWY);NO SPECIAL FEATURE;STRAIGHT,LEVEL;STATE SECONDARY ROUTE;TWO-WAY,DIVIDED,UNPROTECTED MEDIAN;SMOOTH ASPHALT;DRY;DAYLIGHT;CLEAR;STOP AND GO SIGNAL;;;-78.828697;35.789286;;121;0;0;;;NONE;;NONE;;PASSENGER CAR;PASSENGER CAR;;;;NO;15166;2019-02-18;12:18 PM;2019-02-18T17:18:00+00:00;;2019;No;No;2;NONE;NONE,NONE;NONE,NONE;PASSENGER CAR,PASSENGER CAR;PASSENGER CAR,PASSENGER CAR;PASSENGER CAR,PASSENGER CAR;PASSENGER CAR,PASSENGER CAR
38790;CARY;NO SPECIAL FEATURE;STRAIGHT,LEVEL;LOCAL STREET;TWO-WAY,NOT DIVIDED;SMOOTH ASPHALT;WET;DAYLIGHT;CLOUDY;STOP AND GO SIGNAL;35.759565079;-78.74137444;-78.74137;35.759676;P120;118;0;0;;;NONE;;NONE;;PASSENGER CAR;PASSENGER CAR;;;;NO;15168;2019-02-18;9:27:03 AM;2019-02-18T14:27:03+00:00;35.759565079, -78.74137444;2019;No;No;2;NONE;NONE,NONE;NONE,NONE;PASSENGER CAR,PASSENGER CAR;PASSENGER CAR,PASSENGER CAR;PASSENGER CAR,PASSENGER CAR;PASSENGER CAR,PASSENGER CAR
38793;278 FEET FROM PVA STARBUCKS (204 CROSSROADS;NO SPECIAL FEATURE;STRAIGHT,LEVEL;LOCAL STREET;TWO-WAY,DIVIDED,UNPROTECTED MEDIAN;SMOOTH ASPHALT;DRY;DAYLIGHT;CLEAR;OTHER *;;;-78.740781;35.761125;;;0;0;1;;NONE;;NONE;;PASSENGER CAR;SPORT UTILITY;;;;NO;15171;2019-02-18;2:28:50 PM;2019-02-18T19:28:50+00:00;;2019;No;No;2;NONE;NONE,NONE;NONE,NONE;PASSENGER CAR,SPORT UTILITY;PASSENGER CAR,SPORT UTILITY;PASSENGER CAR,SPORT UTILITY;PASSENGER CAR,SPORT UTILITY
38796;300 FEET FROM SR 1415 (SE MAYNARD RD);NO SPECIAL FEATURE;STRAIGHT,GRADE;STATE SECONDARY ROUTE;TWO-WAY,NOT DIVIDED;SMOOTH ASPHALT;DRY;DARK - LIGHTED ROADWAY;CLEAR;NO CONTROL PRESENT;;;-78.763969;35.784895;;;0;0;;;NONE;;NONE;;PASSENGER CAR;PICKUP;;;;NO;15174;2019-02-18;7:19:30 PM;2019-02-19T00:19:30+00:00;;2019;No;No;2;NONE;NONE,NONE;NONE,NONE;PASSENGER CAR,PICKUP;PASSENGER CAR,PICKUP;PASSENGER CAR,PICKUP;PASSENGER CAR,PICKUP
38797;CARY;FOUR-WAY INTERSECTION;STRAIGHT,LEVEL;STATE SECONDARY ROUTE;TWO-WAY,NOT DIVIDED;SMOOTH ASPHALT;WET;DARK - ROADWAY NOT LIGHTED;CLEAR;STOP SIGN;;;-78.9003;35.7989;;;0;2;2;;NONE;;NONE;;VAN;VAN;;;;NO;15175;2019-02-18;7:20:40 PM;2019-02-19T00:20:40+00:00;;2019;No;Yes;2;NONE;NONE,NONE;NONE,NONE;VAN,VAN;VAN,VAN;VAN,VAN;VAN,VAN
38803;200 FEET FROM SR 1415 (SW MAYNARD RD);NO SPECIAL FEATURE;STRAIGHT,LEVEL;STATE SECONDARY ROUTE;TWO-WAY,DIVIDED,POSITIVE MEDIAN BARRIER;SMOOTH ASPHALT;WET;DARK - LIGHTED ROADWAY;RAIN;NO CONTROL PRESENT;;;-78.781688;35.77138;;;0;0;;;NONE;;NONE;;PASSENGER CAR;PASSENGER CAR;;;;NO;15181;2019-02-19;10:04 PM;2019-02-20T03:04:00+00:00;;2019;No;No;2;NONE;NONE,NONE;NONE,NONE;PASSENGER CAR,PASSENGER CAR;PASSENGER CAR,PASSENGER CAR;PASSENGER CAR,PASSENGER CAR;PASSENGER CAR,PASSENGER CAR
38807;200 FEET FROM P.V.A. 98 CORNERSTONE DR;DRIVEWAY, PUBLIC;STRAIGHT,LEVEL;PUBLIC VEHICULAR AREA;UNKNOWN;SMOOTH ASPHALT;WET;DAYLIGHT;RAIN;NO CONTROL PRESENT;;;-78.85173;35.790291;;;0;0;;;NONE;;NONE;;PASSENGER CAR;SPORT UTILITY;;;;NO;15185;2019-02-20;9:46:42 AM;2019-02-20T14:46:42+00:00;;2019;No;No;2;NONE;NONE,NONE;NONE,NONE;PASSENGER CAR,SPORT UTILITY;PASSENGER CAR,SPORT UTILITY;PASSENGER CAR,SPORT UTILITY;PASSENGER CAR,SPORT UTILITY
38817;10 FEET FROM MCCRIMMON PKWY;NO SPECIAL FEATURE;STRAIGHT,LEVEL;LOCAL STREET;TWO-WAY,DIVIDED,UNPROTECTED MEDIAN;SMOOTH ASPHALT;WET;DARK - LIGHTED ROADWAY;RAIN;NO CONTROL PRESENT;35.829145744;-78.88418316;-78.8845;35.8292;P082;119;0;0;;;NONE;;NONE;;PASSENGER CAR;;;;;NO;15195;2019-02-19;12:52 AM;2019-02-19T05:52:00+00:00;35.829145744, -78.88418316;2019;No;No;2;NONE;NONE,NONE;NONE,NONE;PASSENGER CAR;PASSENGER CAR;PASSENGER CAR;PASSENGER CAR
38821;12 FEET FROM NC 54 HWY;RELATED TO INTERSECTION;CURVE,GRADE;NC ROUTE;TWO-WAY,NOT DIVIDED;SMOOTH ASPHALT;WET;DUSK;CLOUDY;STOP AND GO SIGNAL;;;-78.7967;35.7987;;;0;0;;;NONE;;NONE;;PASSENGER CAR;PASSENGER CAR;;;;NO;15199;2019-02-19;5:19:32 PM;2019-02-19T22:19:32+00:00;;2019;No;No;2;NONE;NONE,NONE;NONE,NONE;PASSENGER CAR,PASSENGER CAR;PASSENGER CAR,PASSENGER CAR;PASSENGER CAR,PASSENGER CAR;PASSENGER CAR,PASSENGER CAR
38822;CARY;OFF-RAMP PROPER;CURVE,LEVEL;US ROUTE;ONE-WAY,NOT DIVIDED;SMOOTH ASPHALT;WET;DAYLIGHT;RAIN;WARNING SIGN;35.739242263;-78.78936655;-78.79498;35.736451;P042;115;0;0;;;NONE;;NONE;;PASSENGER CAR;;;;;NO;15200;2019-02-20;2:47:34 PM;2019-02-20T19:47:34+00:00;35.739242263, -78.78936655;2019;No;No;2;NONE;NONE,NONE;NONE,NONE;PASSENGER CAR;PASSENGER CAR;PASSENGER CAR;PASSENGER CAR
38826;CARY;NO SPECIAL FEATURE;STRAIGHT,LEVEL;STATE SECONDARY ROUTE;TWO-WAY,NOT DIVIDED;SMOOTH ASPHALT;DRY;DAYLIGHT;CLOUDY;NO CONTROL PRESENT;;;-78.7831;35.766018;;;0;0;;;NONE;;NONE;;SPORT UTILITY;PASSENGER CAR;;;;NO;15204;2019-02-19;4:49:16 PM;2019-02-19T21:49:16+00:00;;2019;No;No;2;NONE;NONE,NONE;NONE,NONE;SPORT UTILITY,PASSENGER CAR;SPORT UTILITY,PASSENGER CAR;SPORT UTILITY,PASSENGER CAR;SPORT UTILITY,PASSENGER CAR
38830;CARY;T-INTERSECTION;STRAIGHT,LEVEL;STATE SECONDARY ROUTE;TWO-WAY,DIVIDED,UNPROTECTED MEDIAN;SMOOTH ASPHALT;WET;DAYLIGHT;CLOUDY;STOP SIGN;;;-78.8488;35.7998;;121;0;0;;;NONE;;NONE;;LIGHT TRUCK (MINI-VAN- PANEL);PICKUP;;;;NO;15208;2019-02-21;9:09:02 AM;2019-02-21T14:09:02+00:00;;2019;No;No;2;NONE;NONE,NONE;NONE,NONE;LIGHT TRUCK (MINI-VAN- PANEL),PICKUP;LIGHT TRUCK (MINI-VAN- PANEL),PICKUP;LIGHT TRUCK (MINI-VAN- PANEL),PICKUP;LIGHT TRUCK (MINI-VAN- PANEL),PICKUP
38834;.25 MILES FROM SR3977 SW CARY PKWY;NO SPECIAL FEATURE;STRAIGHT,LEVEL;STATE SECONDARY ROUTE;TWO-WAY,DIVIDED,UNPROTECTED MEDIAN;SMOOTH ASPHALT;WET;DARK - LIGHTED ROADWAY;CLEAR;NO CONTROL PRESENT;;;-78.832605;35.787114;;;0;0;;;NONE;;NONE;;PASSENGER CAR;PASSENGER CAR;;;;NO;15212;2019-02-20;9:58:34 PM;2019-02-21T02:58:34+00:00;;2019;No;No;2;NONE;NONE,NONE;NONE,NONE;PASSENGER CAR,PASSENGER CAR;PASSENGER CAR,PASSENGER CAR;PASSENGER CAR,PASSENGER CAR;PASSENGER CAR,PASSENGER CAR
38838;75 FEET FROM CARY GLEN BLVD;RELATED TO INTERSECTION;STRAIGHT,LEVEL;LOCAL STREET;TWO-WAY,DIVIDED,UNPROTECTED MEDIAN;SMOOTH ASPHALT;DRY;DAYLIGHT;CLEAR;STOP AND GO SIGNAL;;;-78.902168;35.818862;;;0;0;2;;NONE;;NONE;;VAN;VAN;;;;NO;15216;2019-02-21;2:57:04 PM;2019-02-21T19:57:04+00:00;;2019;No;No;2;NONE;NONE,NONE;NONE,NONE;VAN,VAN;VAN,VAN;VAN,VAN;VAN,VAN
38839;200 FEET FROM P.V.A. 4000 LOUIS STEPHEN RD;DRIVEWAY, PUBLIC;STRAIGHT,LEVEL;PUBLIC VEHICULAR AREA;TWO-WAY,NOT DIVIDED;SMOOTH ASPHALT;DRY;DAYLIGHT;CLEAR;NO CONTROL PRESENT;;;-78.864863;35.814473;;;0;0;;;NONE;;NONE;;SPORT UTILITY;VAN;;;;NO;15217;2019-02-21;2:57:50 PM;2019-02-21T19:57:50+00:00;;2019;No;No;2;NONE;NONE,NONE;NONE,NONE;SPORT UTILITY,VAN;SPORT UTILITY,VAN;SPORT UTILITY,VAN;SPORT UTILITY,VAN
38846;8 FEET FROM SR 1313 (WALNUT ST);FOUR-WAY INTERSECTION;STRAIGHT,LEVEL;STATE SECONDARY ROUTE;TWO-WAY,DIVIDED,UNPROTECTED MEDIAN;SMOOTH ASPHALT;DRY;DAYLIGHT;CLEAR;STOP AND GO SIGNAL;;;-78.764354;35.772326;;120;0;2;3;;NONE;;NONE;;PASSENGER CAR;PASSENGER CAR;;;;NO;15224;2019-02-17;9:43:06 AM;2019-02-17T14:43:06+00:00;;2019;No;Yes;2;NONE;NONE,NONE;NONE,NONE;PASSENGER CAR,PASSENGER CAR;PASSENGER CAR,PASSENGER CAR;PASSENGER CAR,PASSENGER CAR;PASSENGER CAR,PASSENGER CAR
38851;50 FEET FROM TRYON RD(SR#1009);NO SPECIAL FEATURE;STRAIGHT,LEVEL;STATE SECONDARY ROUTE;TWO-WAY,DIVIDED,UNPROTECTED MEDIAN;SMOOTH ASPHALT;WET;DARK - LIGHTED ROADWAY;RAIN;STOP AND GO SIGNAL;;;-78.738;35.7456;;;0;0;3;;NONE;;NONE;;PASSENGER CAR;PASSENGER CAR;PASSENGER CAR;;;NO;15229;2019-02-23;7:08:19 PM;2019-02-24T00:08:19+00:00;;2019;No;No;2;NONE;NONE,NONE;NONE,NONE;PASSENGER CAR,PASSENGER CAR;PASSENGER CAR,PASSENGER CAR,PASSENGER CAR;PASSENGER CAR,PASSENGER CAR,PASSENGER CAR;PASSENGER CAR,PASSENGER CAR,PASSENGER CAR
38855;CARY;FOUR-WAY INTERSECTION;STRAIGHT,LEVEL;STATE SECONDARY ROUTE;TWO-WAY,DIVIDED,UNPROTECTED MEDIAN;SMOOTH ASPHALT;DRY;DAYLIGHT;CLEAR;STOP AND GO SIGNAL;;;-78.9;35.8294;;;0;0;;;NONE;;NONE;;SPORT UTILITY;PASSENGER CAR;;;;NO;15233;2019-02-24;3:07:46 PM;2019-02-24T20:07:46+00:00;;2019;No;No;2;NONE;NONE,NONE;NONE,NONE;SPORT UTILITY,PASSENGER CAR;SPORT UTILITY,PASSENGER CAR;SPORT UTILITY,PASSENGER CAR;SPORT UTILITY,PASSENGER CAR