tamainid;location_description;rdfeature;rdcharacter;rdclass;rdconfigur;rdsurface;rdcondition;lightcond;weather;trafcontrl;lat;lon;lon2;lat2;tract;zone;fatality;possblinj;numpassengers;numpedestrians;contrcir1_desc;contrcir2_desc;contrcir3_desc;contrcir4_desc;vehicle1;vehicle2;vehicle3;vehicle4;vehicle5;workarea;records;ta_date;ta_time;crash_date;geo_location;year;fatalities;injuries;month;contrfact1;contrfact2;contributing_factor;vehicleconcat1;vehicleconcat2;vehicleconcat3;vehicle_type
43844;100 FEET FROM NC 55 HWY;NO SPECIAL FEATURE;STRAIGHT,LEVEL;NC ROUTE;TWO-WAY,DIVIDED,UNPROTECTED MEDIAN;CONCRETE;DRY;DAYLIGHT;CLEAR;STOP AND GO SIGNAL;35.839104308;-78.88504781;-78.885459;;P091;WAKE;0;0;;;NONE;;NONE;;PASSENGER CAR;PASSENGER CAR;;;;NO;20218;2020-02-14;12:06 PM;2020-02-14T17:06:00+00:00;35.839104308, -78.88504781;2020;No;No;2;NONE;NONE,NONE;NONE,NONE;PASSENGER CAR,PASSENGER CAR;PASSENGER CAR,PASSENGER CAR;PASSENGER CAR,PASSENGER CAR;PASSENGER CAR,PASSENGER CAR
43854;CARY;NO SPECIAL FEATURE;STRAIGHT,LEVEL;STATE SECONDARY ROUTE;TWO-WAY,NOT DIVIDED;SMOOTH ASPHALT;DRY;DAYLIGHT;CLEAR;STOP AND GO SIGNAL;;;-78.7718;35.7484;;;0;1;1;;NONE;;NONE;;SPORT UTILITY;PASSENGER CAR;;;;NO;20228;2020-02-15;10:12 AM;2020-02-15T15:12:00+00:00;;2020;No;Yes;2;NONE;NONE,NONE;NONE,NONE;SPORT UTILITY,PASSENGER CAR;SPORT UTILITY,PASSENGER CAR;SPORT UTILITY,PASSENGER CAR;SPORT UTILITY,PASSENGER CAR
43855;293 FEET FROM P.V.A. (3494 KILDAIRE FARM RD);FOUR-WAY INTERSECTION;STRAIGHT,GRADE;PUBLIC VEHICULAR AREA;TWO-WAY,NOT DIVIDED;SMOOTH ASPHALT;DRY;DUSK;CLOUDY;OTHER *;;;-78.7952;35.7044;;;0;0;;;NONE;;NONE;;PASSENGER CAR;PASSENGER CAR;;;;NO;20229;2020-02-15;5:01:04 PM;2020-02-15T22:01:04+00:00;;2020;No;No;2;NONE;NONE,NONE;NONE,NONE;PASSENGER CAR,PASSENGER CAR;PASSENGER CAR,PASSENGER CAR;PASSENGER CAR,PASSENGER CAR;PASSENGER CAR,PASSENGER CAR
43861;.25 MILES FROM SR 1613 (DAVIS DRIVE);FOUR-WAY INTERSECTION;STRAIGHT,LEVEL;STATE SECONDARY ROUTE;TWO-WAY,DIVIDED,UNPROTECTED MEDIAN;SMOOTH ASPHALT;DRY;DARK - LIGHTED ROADWAY;CLEAR;STOP AND GO SIGNAL;;;-78.848483;35.803242;;;0;0;;;NONE;;NONE;;SPORT UTILITY;PASSENGER CAR;;;;NO;20235;2020-02-15;8:50:22 PM;2020-02-16T01:50:22+00:00;;2020;No;No;2;NONE;NONE,NONE;NONE,NONE;SPORT UTILITY,PASSENGER CAR;SPORT UTILITY,PASSENGER CAR;SPORT UTILITY,PASSENGER CAR;SPORT UTILITY,PASSENGER CAR
43875;50 FEET FROM S.R. 1620 (GREEN LEVEL CH);NO SPECIAL FEATURE;STRAIGHT,LEVEL;STATE SECONDARY ROUTE;TWO-WAY,NOT DIVIDED;SMOOTH ASPHALT;DRY;DAYLIGHT;CLEAR;NO CONTROL PRESENT;;;-78.90028;35.79865;;;0;0;1;;;;NONE;;PASSENGER CAR;;;;;NO;20249;2020-02-08;2:54:22 PM;2020-02-08T19:54:22+00:00;;2020;No;No;2;;NONE;NONE;PASSENGER CAR;PASSENGER CAR;PASSENGER CAR;PASSENGER CAR
43876;33 FEET FROM SR 1300 (KILDAIRE FARM RD);NO SPECIAL FEATURE;STRAIGHT,LEVEL;STATE SECONDARY ROUTE;TWO-WAY,NOT DIVIDED;SMOOTH ASPHALT;DRY;DAYLIGHT;CLEAR;NO CONTROL PRESENT;;;-78.780443;35.782189;;120;0;0;;;NONE;;NONE;;PASSENGER CAR;;;;;NO;20250;2020-02-17;8:24:26 PM;2020-02-18T01:24:26+00:00;;2020;No;No;2;NONE;NONE,NONE;NONE,NONE;PASSENGER CAR;PASSENGER CAR;PASSENGER CAR;PASSENGER CAR
43878;30 FEET FROM US 1 EXIT 98 RAMP SB;OFF-RAMP PROPER;STRAIGHT,GRADE;US ROUTE;ONE-WAY,NOT DIVIDED;SMOOTH ASPHALT;DRY;DAYLIGHT;CLEAR;STOP AND GO SIGNAL;35.761049563;-78.7440894;-78.7942;35.738;P045;118;0;0;;;NONE;;NONE;;PASSENGER CAR;VAN;;;;NO;20252;2020-02-17;12:51 PM;2020-02-17T17:51:00+00:00;35.761049563, -78.7440894;2020;No;No;2;NONE;NONE,NONE;NONE,NONE;PASSENGER CAR,VAN;PASSENGER CAR,VAN;PASSENGER CAR,VAN;PASSENGER CAR,VAN
43885;200 FEET FROM 221 N HARRISON AVE;RAILROAD CROSSING;STRAIGHT,LEVEL;STATE SECONDARY ROUTE;TWO-WAY,NOT DIVIDED;SMOOTH ASPHALT;WET;DARK - ROADWAY NOT LIGHTED;RAIN;RR GATE AND FLASHER;35.788380365;-78.78331134;-78.783351;35.789109;P060;113;0;0;;;NONE;;NONE;;PASSENGER CAR;;;;;NO;20259;2020-02-17;5:59:44 PM;2020-02-17T22:59:44+00:00;35.788380365, -78.78331134;2020;No;No;2;NONE;NONE,NONE;NONE,NONE;PASSENGER CAR;PASSENGER CAR;PASSENGER CAR;PASSENGER CAR
43888;.60 MILES FROM US1 N;NO SPECIAL FEATURE;STRAIGHT,GRADE;US ROUTE;TWO-WAY,DIVIDED,POSITIVE MEDIAN BARRIER;CONCRETE;DRY;DAYLIGHT;CLEAR;NO CONTROL PRESENT;;;-78.75411;35.75753;;;0;0;;;NONE;;NONE;;PASSENGER CAR;PASSENGER CAR;PASSENGER CAR;;;NO;20262;2020-02-14;4:15:01 PM;2020-02-14T21:15:01+00:00;;2020;No;No;2;NONE;NONE,NONE;NONE,NONE;PASSENGER CAR,PASSENGER CAR;PASSENGER CAR,PASSENGER CAR,PASSENGER CAR;PASSENGER CAR,PASSENGER CAR,PASSENGER CAR;PASSENGER CAR,PASSENGER CAR,PASSENGER CAR
43889;CARY;DRIVEWAY, PUBLIC;CURVE,LEVEL;PUBLIC VEHICULAR AREA;ONE-WAY,NOT DIVIDED;SMOOTH ASPHALT;DRY;DAYLIGHT;CLEAR;NO CONTROL PRESENT;;;-78.757633;35.668908;;;0;0;2;;NONE;;NONE;;PASSENGER CAR;SPORT UTILITY;;;;NO;20263;2020-02-14;2:24:22 PM;2020-02-14T19:24:22+00:00;;2020;No;No;2;NONE;NONE,NONE;NONE,NONE;PASSENGER CAR,SPORT UTILITY;PASSENGER CAR,SPORT UTILITY;PASSENGER CAR,SPORT UTILITY;PASSENGER CAR,SPORT UTILITY
43896;50 FEET FROM SR 1313 (WALNUT ST);NO SPECIAL FEATURE;STRAIGHT,LEVEL;STATE SECONDARY ROUTE;TWO-WAY,DIVIDED,POSITIVE MEDIAN BARRIER;SMOOTH ASPHALT;DRY;DAYLIGHT;CLOUDY;STOP AND GO SIGNAL;;;-78.764028;35.772264;;;0;0;;;NONE;;FAILURE TO YIELD RIGHT OF WAY;;PASSENGER CAR;SPORT UTILITY;;;;CONSTRUCTION WORK AREA;20270;2020-02-18;6:15:40 PM;2020-02-18T23:15:40+00:00;;2020;No;No;2;NONE;NONE,FAILURE TO YIELD RIGHT OF WAY;NONE,FAILURE TO YIELD RIGHT OF WAY;PASSENGER CAR,SPORT UTILITY;PASSENGER CAR,SPORT UTILITY;PASSENGER CAR,SPORT UTILITY;PASSENGER CAR,SPORT UTILITY
43908;0 FEET FROM SR 1010 (TENTEN RD);T-INTERSECTION;STRAIGHT,LEVEL;STATE SECONDARY ROUTE;TWO-WAY,DIVIDED,UNPROTECTED MEDIAN;SMOOTH ASPHALT;WET;DAYLIGHT;RAIN;STOP SIGN;;;-78.7888;35.702;;;0;0;2;;NONE;;NONE;;PASSENGER CAR;;;;;NO;20282;2020-02-19;11:50 AM;2020-02-19T16:50:00+00:00;;2020;No;No;2;NONE;NONE,NONE;NONE,NONE;PASSENGER CAR;PASSENGER CAR;PASSENGER CAR;PASSENGER CAR
43909;12 FEET FROM JAMES JACKSON AV;RELATED TO INTERSECTION;STRAIGHT,HILLCREST;LOCAL STREET;TWO-WAY,NOT DIVIDED;SMOOTH ASPHALT;WET;DAYLIGHT;RAIN;STOP AND GO SIGNAL;35.796353943;-78.80276462;-78.8018;35.7961;P063;114;0;0;;;NONE;;COMING FROM BEHIND PARKED VEHICLE;;SPORT UTILITY;SPORT UTILITY;;;;NO;20283;2020-02-19;7:08:46 AM;2020-02-19T12:08:46+00:00;35.796353943, -78.80276462;2020;No;No;2;NONE;NONE,COMING FROM BEHIND PARKED VEHICLE;NONE,COMING FROM BEHIND PARKED VEHICLE;SPORT UTILITY,SPORT UTILITY;SPORT UTILITY,SPORT UTILITY;SPORT UTILITY,SPORT UTILITY;SPORT UTILITY,SPORT UTILITY
43918;20 FEET FROM US 1 HWY;OFF-RAMP TERMINAL ON CROSSROAD;CURVE,LEVEL;US ROUTE;ONE-WAY,NOT DIVIDED;SMOOTH ASPHALT;DRY;DAYLIGHT;CLOUDY;STOP AND GO SIGNAL;;;-78.7944;35.7379;;;0;0;;;NONE;;NONE;;PASSENGER CAR;SPORT UTILITY;;;;NO;20292;2020-02-20;8:30:08 AM;2020-02-20T13:30:08+00:00;;2020;No;No;2;NONE;NONE,NONE;NONE,NONE;PASSENGER CAR,SPORT UTILITY;PASSENGER CAR,SPORT UTILITY;PASSENGER CAR,SPORT UTILITY;PASSENGER CAR,SPORT UTILITY
43920;75 FEET FROM US 1 HWY (ENTRY NB);ON-RAMP ENTRY;CURVE,HILLCREST;US ROUTE;ONE-WAY,NOT DIVIDED;SMOOTH ASPHALT;DRY;DAYLIGHT;CLEAR;YIELD SIGN;;;-78.74509;35.76073;;112;0;1;;;NONE;;NONE;;SPORT UTILITY;PASSENGER CAR;;;;NO;20294;2020-02-19;10:12 PM;2020-02-20T03:12:00+00:00;;2020;No;Yes;2;NONE;NONE,NONE;NONE,NONE;SPORT UTILITY,PASSENGER CAR;SPORT UTILITY,PASSENGER CAR;SPORT UTILITY,PASSENGER CAR;SPORT UTILITY,PASSENGER CAR
43929;55 FEET FROM P.V.A. (1120 SE CARY PKWY);NO SPECIAL FEATURE;STRAIGHT,LEVEL;PUBLIC VEHICULAR AREA;TWO-WAY,NOT DIVIDED;SMOOTH ASPHALT;DRY;DAYLIGHT;CLEAR;NO CONTROL PRESENT;;;-78.7494;35.756;;;0;0;;;NONE;;NONE;;PASSENGER CAR;PASSENGER CAR;;;;NO;20303;2020-02-20;1:05:12 PM;2020-02-20T18:05:12+00:00;;2020;No;No;2;NONE;NONE,NONE;NONE,NONE;PASSENGER CAR,PASSENGER CAR;PASSENGER CAR,PASSENGER CAR;PASSENGER CAR,PASSENGER CAR;PASSENGER CAR,PASSENGER CAR
43931;75 FEET FROM SR 1613 (DAVIS DR);RELATED TO INTERSECTION;STRAIGHT,LEVEL;STATE SECONDARY ROUTE;TWO-WAY,DIVIDED,UNPROTECTED MEDIAN;COARSE ASPHALT;DRY;DAYLIGHT;CLEAR;STOP AND GO SIGNAL;;;-78.848;35.812;;;0;1;;;NONE;;NONE;;PASSENGER CAR;PASSENGER CAR;;;;NO;20305;2020-02-21;10:08 AM;2020-02-21T15:08:00+00:00;;2020;No;Yes;2;NONE;NONE,NONE;NONE,NONE;PASSENGER CAR,PASSENGER CAR;PASSENGER CAR,PASSENGER CAR;PASSENGER CAR,PASSENGER CAR;PASSENGER CAR,PASSENGER CAR
43932;0 FEET FROM SR 3977 (SW CARY PKWY);FOUR-WAY INTERSECTION;STRAIGHT,HILLCREST;STATE SECONDARY ROUTE;TWO-WAY,DIVIDED,UNPROTECTED MEDIAN;SMOOTH ASPHALT;DRY;DUSK;CLOUDY;NO CONTROL PRESENT;;;-78.8362;35.7762;;117;0;1;2;;NONE;;NONE;;PASSENGER CAR;SPORT UTILITY;SPORT UTILITY;;;NO;20306;2020-02-19;5:07:23 PM;2020-02-19T22:07:23+00:00;;2020;No;Yes;2;NONE;NONE,NONE;NONE,NONE;PASSENGER CAR,SPORT UTILITY;PASSENGER CAR,SPORT UTILITY,SPORT UTILITY;PASSENGER CAR,SPORT UTILITY,SPORT UTILITY;PASSENGER CAR,SPORT UTILITY,SPORT UTILITY
43933;CARY;NO SPECIAL FEATURE;STRAIGHT,LEVEL;LOCAL STREET;TWO-WAY,NOT DIVIDED;SMOOTH ASPHALT;DRY;DAYLIGHT;CLOUDY;NO CONTROL PRESENT;35.778294019;-78.86371356;-78.86435;35.77795;P013;117;0;0;;;NONE;;NONE;;POLICE;;;;;NO;20307;2020-02-21;1:22:44 PM;2020-02-21T18:22:44+00:00;35.778294019, -78.86371356;2020;No;No;2;NONE;NONE,NONE;NONE,NONE;POLICE;POLICE;POLICE;POLICE
43935;250 FEET FROM SR 3977 (SE CARY PKWY);NO SPECIAL FEATURE;CURVE,GRADE;STATE SECONDARY ROUTE;TWO-WAY,DIVIDED,UNPROTECTED MEDIAN;COARSE ASPHALT;SLUSH;DARK - LIGHTED ROADWAY;SNOW;NO CONTROL PRESENT;;;-78.7692;35.7464;;;0;0;1;;NONE;;COMING FROM BEHIND PARKED VEHICLE;;PICKUP;;;;;NO;20309;2020-02-20;6:07:22 PM;2020-02-20T23:07:22+00:00;;2020;No;No;2;NONE;NONE,COMING FROM BEHIND PARKED VEHICLE;NONE,COMING FROM BEHIND PARKED VEHICLE;PICKUP;PICKUP;PICKUP;PICKUP
43936;.25 MILES FROM SR 1152 (HOLLY SPRINGS RD);NO SPECIAL FEATURE;STRAIGHT,LEVEL;STATE SECONDARY ROUTE;TWO-WAY,NOT DIVIDED;SMOOTH ASPHALT;SNOW;DARK - ROADWAY NOT LIGHTED;SNOW;NO CONTROL PRESENT;;;-78.7661;35.7057;;;0;1;;;NONE;;NONE;;SPORT UTILITY;;;;;NO;20310;2020-02-21;3:57:29 AM;2020-02-21T08:57:29+00:00;;2020;No;Yes;2;NONE;NONE,NONE;NONE,NONE;SPORT UTILITY;SPORT UTILITY;SPORT UTILITY;SPORT UTILITY
43938;0 FEET FROM SR 1435 (OLD RALEIGH RD);FOUR-WAY INTERSECTION;STRAIGHT,LEVEL;STATE SECONDARY ROUTE;TWO-WAY,NOT DIVIDED;SMOOTH ASPHALT;SNOW;DARK - ROADWAY NOT LIGHTED;SNOW;STOP SIGN;35.738832168;-78.80988487;-78.8097;35.739;P041;116;0;1;;;NONE;;NONE;;PASSENGER CAR;PASSENGER CAR;;;;NO;20312;2020-02-20;6:00:02 PM;2020-02-20T23:00:02+00:00;35.738832168, -78.80988487;2020;No;Yes;2;NONE;NONE,NONE;NONE,NONE;PASSENGER CAR,PASSENGER CAR;PASSENGER CAR,PASSENGER CAR;PASSENGER CAR,PASSENGER CAR;PASSENGER CAR,PASSENGER CAR
43942;.289 MILES FROM GATEWAY CENTRE BLVD;NO SPECIAL FEATURE;STRAIGHT,LEVEL;LOCAL STREET;TWO-WAY,NOT DIVIDED;SMOOTH ASPHALT;DRY;DAYLIGHT;CLEAR;STOP SIGN;;;-78.800525;35.847344;;;0;1;;;NONE;;NONE;;PASSENGER CAR;SPORT UTILITY;;;;CONSTRUCTION WORK AREA;20316;2020-02-21;3:35:15 PM;2020-02-21T20:35:15+00:00;;2020;No;Yes;2;NONE;NONE,NONE;NONE,NONE;PASSENGER CAR,SPORT UTILITY;PASSENGER CAR,SPORT UTILITY;PASSENGER CAR,SPORT UTILITY;PASSENGER CAR,SPORT UTILITY
43952;100 FEET FROM SR 3977 (SE CARY PKWY);NO SPECIAL FEATURE;STRAIGHT,LEVEL;STATE SECONDARY ROUTE;TWO-WAY,DIVIDED,UNPROTECTED MEDIAN;SMOOTH ASPHALT;DRY;DAYLIGHT;CLEAR;NO CONTROL PRESENT;;;-78.772293;35.75179;;;0;0;;;NONE;;NONE;;SPORT UTILITY;SPORT UTILITY;;;;NO;20326;2020-02-21;3:55:34 PM;2020-02-21T20:55:34+00:00;;2020;No;No;2;NONE;NONE,NONE;NONE,NONE;SPORT UTILITY,SPORT UTILITY;SPORT UTILITY,SPORT UTILITY;SPORT UTILITY,SPORT UTILITY;SPORT UTILITY,SPORT UTILITY
43959;50 FEET FROM MEETING ST;RELATED TO INTERSECTION;STRAIGHT,GRADE;LOCAL STREET;TWO-WAY,DIVIDED,POSITIVE MEDIAN BARRIER;SMOOTH ASPHALT;DRY;DAYLIGHT;CLEAR;STOP AND GO SIGNAL;;;-78.741947;35.759244;;;0;0;;;NONE;;NONE;;SPORT UTILITY;SPORT UTILITY;;;;NO;20333;2020-02-22;1:47:02 PM;2020-02-22T18:47:02+00:00;;2020;No;No;2;NONE;NONE,NONE;NONE,NONE;SPORT UTILITY,SPORT UTILITY;SPORT UTILITY,SPORT UTILITY;SPORT UTILITY,SPORT UTILITY;SPORT UTILITY,SPORT UTILITY
43961;200 FEET FROM P.V.A. HARRIS TEETER;NO SPECIAL FEATURE;STRAIGHT,LEVEL;PUBLIC VEHICULAR AREA;TWO-WAY,NOT DIVIDED;SMOOTH ASPHALT;DRY;DARK - LIGHTED ROADWAY;CLEAR;NO CONTROL PRESENT;;;-78.764639;35.774579;;120;0;0;2;;NONE;;NONE;;PASSENGER CAR;PASSENGER CAR;;;;NO;20335;2020-02-23;4:00:18 AM;2020-02-23T09:00:18+00:00;;2020;No;No;2;NONE;NONE,NONE;NONE,NONE;PASSENGER CAR,PASSENGER CAR;PASSENGER CAR,PASSENGER CAR;PASSENGER CAR,PASSENGER CAR;PASSENGER CAR,PASSENGER CAR
43972;CARY;FOUR-WAY INTERSECTION;STRAIGHT,LEVEL;STATE SECONDARY ROUTE;TWO-WAY,DIVIDED,UNPROTECTED MEDIAN;SMOOTH ASPHALT;WET;DAYLIGHT;RAIN;STOP AND GO SIGNAL;;;-78.9032;35.8128;;;0;0;;;NONE;;NONE;;VAN;PASSENGER CAR;;;;NO;20346;2020-02-24;4:17:08 PM;2020-02-24T21:17:08+00:00;;2020;No;No;2;NONE;NONE,NONE;NONE,NONE;VAN,PASSENGER CAR;VAN,PASSENGER CAR;VAN,PASSENGER CAR;VAN,PASSENGER CAR
43975;21 FEET FROM CROSSROADS BLVD;NO SPECIAL FEATURE;STRAIGHT,LEVEL;LOCAL STREET;TWO-WAY,DIVIDED,UNPROTECTED MEDIAN;SMOOTH ASPHALT;WET;DARK - LIGHTED ROADWAY;RAIN;NO CONTROL PRESENT;;;-78.73309;35.757575;;;0;0;;;NONE;;NONE;;PASSENGER CAR;;;;;NO;20349;2020-02-25;12:16 AM;2020-02-25T05:16:00+00:00;;2020;No;No;2;NONE;NONE,NONE;NONE,NONE;PASSENGER CAR;PASSENGER CAR;PASSENGER CAR;PASSENGER CAR
43981;CARY;NO SPECIAL FEATURE;STRAIGHT,LEVEL;STATE SECONDARY ROUTE;TWO-WAY,DIVIDED,UNPROTECTED MEDIAN;SMOOTH ASPHALT;WET;DARK - LIGHTED ROADWAY;CLEAR;STOP AND GO SIGNAL;;;-78.7415;35.7558;;;0;2;;;NONE;;NONE;;PASSENGER CAR;PASSENGER CAR;;;;NO;20355;2020-02-25;9:03:42 PM;2020-02-26T02:03:42+00:00;;2020;No;Yes;2;NONE;NONE,NONE;NONE,NONE;PASSENGER CAR,PASSENGER CAR;PASSENGER CAR,PASSENGER CAR;PASSENGER CAR,PASSENGER CAR;PASSENGER CAR,PASSENGER CAR
43986;100 FEET FROM PVA - MIDDLE CREEK HIGH SCHOOL;DRIVEWAY, PUBLIC;STRAIGHT,LEVEL;PUBLIC VEHICULAR AREA;TWO-WAY,NOT DIVIDED;COARSE ASPHALT;WET;DAYLIGHT;CLOUDY;NO CONTROL PRESENT;;;-78.760748;35.667311;;;0;0;;;NONE;;NONE;;PASSENGER CAR;PASSENGER CAR;;;;NO;20360;2020-02-25;9:49:58 AM;2020-02-25T14:49:58+00:00;;2020;No;No;2;NONE;NONE,NONE;NONE,NONE;PASSENGER CAR,PASSENGER CAR;PASSENGER CAR,PASSENGER CAR;PASSENGER CAR,PASSENGER CAR;PASSENGER CAR,PASSENGER CAR
43989;CARY;NO SPECIAL FEATURE;STRAIGHT,LEVEL;PUBLIC VEHICULAR AREA;TWO-WAY,NOT DIVIDED;SMOOTH ASPHALT;WET;DAYLIGHT;CLOUDY;NO CONTROL PRESENT;;;-78.8886;35.8303;;;0;0;;;NONE;;NONE;;SPORT UTILITY;SPORT UTILITY;;;;NO;20363;2020-02-24;1:14:43 PM;2020-02-24T18:14:43+00:00;;2020;No;No;2;NONE;NONE,NONE;NONE,NONE;SPORT UTILITY,SPORT UTILITY;SPORT UTILITY,SPORT UTILITY;SPORT UTILITY,SPORT UTILITY;SPORT UTILITY,SPORT UTILITY
43990;50 FEET FROM SR 3112 (NW CARY PKWY);T-INTERSECTION;CURVE,GRADE;STATE SECONDARY ROUTE;TWO-WAY,NOT DIVIDED;SMOOTH ASPHALT;WET;DAYLIGHT;CLOUDY;NO CONTROL PRESENT;;;-78.795108;35.818401;;;0;0;3;;NONE;;NONE;;PASSENGER CAR;SPORT UTILITY;VAN;;;NO;20364;2020-02-24;8:25:20 AM;2020-02-24T13:25:20+00:00;;2020;No;No;2;NONE;NONE,NONE;NONE,NONE;PASSENGER CAR,SPORT UTILITY;PASSENGER CAR,SPORT UTILITY,VAN;PASSENGER CAR,SPORT UTILITY,VAN;PASSENGER CAR,SPORT UTILITY,VAN
43993;.2 MILES FROM P.P. (1 QUALITY LN);DRIVEWAY, PRIVATE;STRAIGHT,GRADE;PRIVATE ROAD,DRIVEWAY;TWO-WAY,NOT DIVIDED;SAND;SAND, MUD, DIRT, GRAVEL;DAYLIGHT;CLEAR;NO CONTROL PRESENT;;;-78.811669;35.8160885;;;0;0;;;NONE;;NONE;;;;;;;NO;20367;2020-02-25;11:09 AM;2020-02-25T16:09:00+00:00;;2020;No;No;2;NONE;NONE,NONE;NONE,NONE;;;;
44005;66 FEET FROM US 1 HWY S;OFF-RAMP TERMINAL ON CROSSROAD;STRAIGHT,LEVEL;US ROUTE;ONE-WAY,NOT DIVIDED;SMOOTH ASPHALT;DRY;DAYLIGHT;CLEAR;STOP AND GO SIGNAL;;;-78.794349;35.737993;;115;0;0;1;;NONE;;NONE;;PASSENGER CAR;PASSENGER CAR;;;;NO;20379;2020-02-26;4:02:51 PM;2020-02-26T21:02:51+00:00;;2020;No;No;2;NONE;NONE,NONE;NONE,NONE;PASSENGER CAR,PASSENGER CAR;PASSENGER CAR,PASSENGER CAR;PASSENGER CAR,PASSENGER CAR;PASSENGER CAR,PASSENGER CAR
44011;70 FEET FROM P.V.A. (LIDL);DRIVEWAY, PUBLIC;STRAIGHT,LEVEL;PUBLIC VEHICULAR AREA;TWO-WAY,NOT DIVIDED;SMOOTH ASPHALT;DRY;DAYLIGHT;CLEAR;NO CONTROL PRESENT;;;-78.7836;35.8057;;;0;0;;1;COMING FROM BEHIND PARKED VEHICLE;;NONE;;PASSENGER CAR;;;;;NO;20385;2020-02-23;2:18:29 PM;2020-02-23T19:18:29+00:00;;2020;No;No;2;COMING FROM BEHIND PARKED VEHICLE;COMING FROM BEHIND PARKED VEHICLE,NONE;COMING FROM BEHIND PARKED VEHICLE,NONE;PASSENGER CAR;PASSENGER CAR;PASSENGER CAR;PASSENGER CAR
44021;50 FEET FROM SR 1630 (GREEN LEVEL CHURCH RD;NO SPECIAL FEATURE;CURVE,LEVEL;STATE SECONDARY ROUTE;TWO-WAY,DIVIDED,UNPROTECTED MEDIAN;;DRY;DARK - LIGHTED ROADWAY;CLEAR;NO CONTROL PRESENT;;;-78.899936;35.854357;;119;1;0;1;;;;NONE;;PASSENGER CAR;SPORT UTILITY;;;;NO;20395;2020-02-22;9:13:02 PM;2020-02-23T02:13:02+00:00;;2020;Yes;No;2;;NONE;NONE;PASSENGER CAR,SPORT UTILITY;PASSENGER CAR,SPORT UTILITY;PASSENGER CAR,SPORT UTILITY;PASSENGER CAR,SPORT UTILITY
44025;.10 MILES FROM P.V.A. PANTHER CREEK HIGH SCHO;DRIVEWAY, PUBLIC;STRAIGHT,LEVEL;PUBLIC VEHICULAR AREA;TWO-WAY,NOT DIVIDED;SMOOTH ASPHALT;DRY;DAYLIGHT;CLEAR;NO CONTROL PRESENT;35.849069068;-78.8306706;-78.8887;35.8301;P153;2B;0;0;1;;NONE;;NONE;;PICKUP;PASSENGER CAR;;;;NO;20399;2020-02-28;7:11:55 AM;2020-02-28T12:11:55+00:00;35.849069068, -78.8306706;2020;No;No;2;NONE;NONE,NONE;NONE,NONE;PICKUP,PASSENGER CAR;PICKUP,PASSENGER CAR;PICKUP,PASSENGER CAR;PICKUP,PASSENGER CAR
44046;.34 MILES FROM US 1 HWY;NO SPECIAL FEATURE;STRAIGHT,LEVEL;US ROUTE;TWO-WAY,DIVIDED,POSITIVE MEDIAN BARRIER;SMOOTH ASPHALT;DRY;DAYLIGHT;CLEAR;NO CONTROL PRESENT;35.644534478;-78.98247113;-78.79937;35.73406;;116;0;0;;;NONE;;NONE;;SPORT UTILITY;PICKUP;;;;NO;20420;2020-02-27;2:36:27 PM;2020-02-27T19:36:27+00:00;35.644534478, -78.98247113;2020;No;No;2;NONE;NONE,NONE;NONE,NONE;SPORT UTILITY,PICKUP;SPORT UTILITY,PICKUP;SPORT UTILITY,PICKUP;SPORT UTILITY,PICKUP
44049;350 FEET FROM SR 3112 (NW CARY PKWY);NO SPECIAL FEATURE;STRAIGHT,LEVEL;STATE SECONDARY ROUTE;TWO-WAY,DIVIDED,UNPROTECTED MEDIAN;SMOOTH ASPHALT;DRY;DAYLIGHT;CLEAR;NO CONTROL PRESENT;;;-78.817869;35.798644;;;0;0;;;;;NONE;;SPORT UTILITY;PASSENGER CAR;;;;NO;20423;2020-02-29;2:16:28 PM;2020-02-29T19:16:28+00:00;;2020;No;No;2;;NONE;NONE;SPORT UTILITY,PASSENGER CAR;SPORT UTILITY,PASSENGER CAR;SPORT UTILITY,PASSENGER CAR;SPORT UTILITY,PASSENGER CAR
44054;CARY;FOUR-WAY INTERSECTION;STRAIGHT,LEVEL;LOCAL STREET;TWO-WAY,NOT DIVIDED;SMOOTH ASPHALT;DRY;DAYLIGHT;CLEAR;STOP AND GO SIGNAL;;;-78.9099;35.8238;;;0;1;1;;NONE;;NONE;;SPORT UTILITY;VAN;;;;NO;20428;2020-03-02;11:47 AM;2020-03-02T16:47:00+00:00;;2020;No;Yes;3;NONE;NONE,NONE;NONE,NONE;SPORT UTILITY,VAN;SPORT UTILITY,VAN;SPORT UTILITY,VAN;SPORT UTILITY,VAN
44055;250 FEET FROM SR 1615 (HIGH HOUSE RD);RELATED TO INTERSECTION;STRAIGHT,LEVEL;STATE SECONDARY ROUTE;TWO-WAY,DIVIDED,UNPROTECTED MEDIAN;SMOOTH ASPHALT;DRY;DAYLIGHT;CLOUDY;STOP AND GO SIGNAL;;;-78.829507;35.789703;;;0;0;;;NONE;;NONE;;SPORT UTILITY;SPORT UTILITY;;;;NO;20429;2020-03-02;3:15:57 PM;2020-03-02T20:15:57+00:00;;2020;No;No;3;NONE;NONE,NONE;NONE,NONE;SPORT UTILITY,SPORT UTILITY;SPORT UTILITY,SPORT UTILITY;SPORT UTILITY,SPORT UTILITY;SPORT UTILITY,SPORT UTILITY