tamainid;location_description;rdfeature;rdcharacter;rdclass;rdconfigur;rdsurface;rdcondition;lightcond;weather;trafcontrl;lat;lon;lon2;lat2;tract;zone;fatality;possblinj;numpassengers;numpedestrians;contrcir1_desc;contrcir2_desc;contrcir3_desc;contrcir4_desc;vehicle1;vehicle2;vehicle3;vehicle4;vehicle5;workarea;records;ta_date;ta_time;crash_date;geo_location;year;fatalities;injuries;month;contrfact1;contrfact2;contributing_factor;vehicleconcat1;vehicleconcat2;vehicleconcat3;vehicle_type
45488;0.2 MILES FROM P.V.A. 340 CROSSROADS BLVD;NO SPECIAL FEATURE;STRAIGHT,LEVEL;PUBLIC VEHICULAR AREA;TWO-WAY,NOT DIVIDED;COARSE ASPHALT;DRY;DAYLIGHT;CLEAR;NO CONTROL PRESENT;35.595749024;-78.78834502;-78.7379;35.7597;P119;RALW;0;0;;;NONE;;NONE;;PASSENGER CAR;PASSENGER CAR;;;;NO;21860;2020-09-08;3:58:07 PM;2020-09-08T19:58:07+00:00;35.595749024, -78.78834502;2020;No;No;9;NONE;NONE,NONE;NONE,NONE;PASSENGER CAR,PASSENGER CAR;PASSENGER CAR,PASSENGER CAR;PASSENGER CAR,PASSENGER CAR;PASSENGER CAR,PASSENGER CAR
45491;CARY;RELATED TO INTERSECTION;STRAIGHT,LEVEL;STATE SECONDARY ROUTE;TWO-WAY,DIVIDED,UNPROTECTED MEDIAN;SMOOTH ASPHALT;DRY;DARK - LIGHTED ROADWAY;CLEAR;STOP AND GO SIGNAL;;;-78.7716;35.7711;;;0;0;;;NONE;;NONE;;SPORT UTILITY;PASSENGER CAR;;;;NO;21863;2020-09-09;9:49:31 PM;2020-09-10T01:49:31+00:00;;2020;No;No;9;NONE;NONE,NONE;NONE,NONE;SPORT UTILITY,PASSENGER CAR;SPORT UTILITY,PASSENGER CAR;SPORT UTILITY,PASSENGER CAR;SPORT UTILITY,PASSENGER CAR
45506;.1 MILES FROM P.V.A. 2458 WALNUT ST;NO SPECIAL FEATURE;STRAIGHT,LEVEL;PUBLIC VEHICULAR AREA;TWO-WAY,NOT DIVIDED;SMOOTH ASPHALT;DRY;DAYLIGHT;CLEAR;NO CONTROL PRESENT;;;-78.7425;35.7523;;;0;0;;;NONE;;NONE;;SPORT UTILITY;SPORT UTILITY;;;;NO;21878;2020-09-10;3:37:32 PM;2020-09-10T19:37:32+00:00;;2020;No;No;9;NONE;NONE,NONE;NONE,NONE;SPORT UTILITY,SPORT UTILITY;SPORT UTILITY,SPORT UTILITY;SPORT UTILITY,SPORT UTILITY;SPORT UTILITY,SPORT UTILITY
45512;0.25 MILES FROM P.V.A. (6450 TRYON RD);DRIVEWAY, PUBLIC;STRAIGHT,LEVEL;PUBLIC VEHICULAR AREA;TWO-WAY,NOT DIVIDED;SMOOTH ASPHALT;WET;DAYLIGHT;CLOUDY;NO CONTROL PRESENT;;;-78.762;35.7457;;118;0;0;;;NONE;;NONE;;PASSENGER CAR;PICKUP;;;;NO;21884;2020-09-11;3:55:41 PM;2020-09-11T19:55:41+00:00;;2020;No;No;9;NONE;NONE,NONE;NONE,NONE;PASSENGER CAR,PICKUP;PASSENGER CAR,PICKUP;PASSENGER CAR,PICKUP;PASSENGER CAR,PICKUP
45516;200 FEET FROM P.V.A (2750 NC HWY 55);NO SPECIAL FEATURE;STRAIGHT,LEVEL;PUBLIC VEHICULAR AREA;TWO-WAY,NOT DIVIDED;COARSE ASPHALT;DRY;DAYLIGHT;CLOUDY;NO CONTROL PRESENT;;;-78.87017;35.786098;;;0;0;1;;NONE;;NONE;;PASSENGER CAR;SPORT UTILITY;;;;NO;21888;2020-09-12;10:27 AM;2020-09-12T14:27:00+00:00;;2020;No;No;9;NONE;NONE,NONE;NONE,NONE;PASSENGER CAR,SPORT UTILITY;PASSENGER CAR,SPORT UTILITY;PASSENGER CAR,SPORT UTILITY;PASSENGER CAR,SPORT UTILITY
45518;CARY;RELATED TO INTERSECTION;STRAIGHT,LEVEL;LOCAL STREET;TWO-WAY,NOT DIVIDED;SMOOTH ASPHALT;DRY;DAYLIGHT;CLEAR;STOP AND GO SIGNAL;35.759541366;-78.74137283;-78.74133;35.75955;P120;118;0;0;2;;NONE;;NONE;;PASSENGER CAR;PASSENGER CAR;;;;NO;21890;2020-09-12;4:40:59 PM;2020-09-12T20:40:59+00:00;35.759541366, -78.74137283;2020;No;No;9;NONE;NONE,NONE;NONE,NONE;PASSENGER CAR,PASSENGER CAR;PASSENGER CAR,PASSENGER CAR;PASSENGER CAR,PASSENGER CAR;PASSENGER CAR,PASSENGER CAR
45527;35 FEET FROM SR 1600 (GREEN LEVEL CHURCH RD;NO SPECIAL FEATURE;STRAIGHT,GRADE;STATE SECONDARY ROUTE;TWO-WAY,DIVIDED,UNPROTECTED MEDIAN;SMOOTH ASPHALT;DRY;DAYLIGHT;CLEAR;NO CONTROL PRESENT;;;-78.902211;35.804831;;;0;0;;;;;NONE;;PASSENGER CAR;SPORT UTILITY;;;;NO;21899;2020-09-13;11:10 PM;2020-09-14T03:10:00+00:00;;2020;No;No;9;;NONE;NONE;PASSENGER CAR,SPORT UTILITY;PASSENGER CAR,SPORT UTILITY;PASSENGER CAR,SPORT UTILITY;PASSENGER CAR,SPORT UTILITY
45533;80 FEET FROM WALNUT ST (SR 1313);NO SPECIAL FEATURE;STRAIGHT,LEVEL;STATE SECONDARY ROUTE;TWO-WAY,DIVIDED,POSITIVE MEDIAN BARRIER;SMOOTH ASPHALT;DRY;DAYLIGHT;CLEAR;STOP AND GO SIGNAL;35.758970594;-78.74241617;-78.742495;35.759278;P045;118;0;0;;;NONE;;NONE;;PASSENGER CAR;PASSENGER CAR;;;;NO;21905;2020-09-15;9:05:40 AM;2020-09-15T13:05:40+00:00;35.758970594, -78.74241617;2020;No;No;9;NONE;NONE,NONE;NONE,NONE;PASSENGER CAR,PASSENGER CAR;PASSENGER CAR,PASSENGER CAR;PASSENGER CAR,PASSENGER CAR;PASSENGER CAR,PASSENGER CAR
45537;CARY;NO SPECIAL FEATURE;STRAIGHT,LEVEL;LOCAL STREET;TWO-WAY,NOT DIVIDED;SMOOTH ASPHALT;DRY;DAYLIGHT;CLEAR;STOP SIGN;35.7396012;-78.80506931;-78.805083;35.739607;P041;116;0;0;;;NONE;;NONE;;PASSENGER CAR;SPORT UTILITY;;;;NO;21909;2020-09-15;1:46:11 PM;2020-09-15T17:46:11+00:00;35.7396012, -78.80506931;2020;No;No;9;NONE;NONE,NONE;NONE,NONE;PASSENGER CAR,SPORT UTILITY;PASSENGER CAR,SPORT UTILITY;PASSENGER CAR,SPORT UTILITY;PASSENGER CAR,SPORT UTILITY
45542;60 FEET FROM NC 55 HWY;NO SPECIAL FEATURE;STRAIGHT,LEVEL;NC ROUTE;TWO-WAY,NOT DIVIDED;SMOOTH ASPHALT;DRY;DAYLIGHT;CLEAR;NO CONTROL PRESENT;;;-78.870857;35.787965;;;0;0;1;;NONE;;NONE;;PICKUP;SPORT UTILITY;;;;NO;21914;2020-09-16;10:43 AM;2020-09-16T14:43:00+00:00;;2020;No;No;9;NONE;NONE,NONE;NONE,NONE;PICKUP,SPORT UTILITY;PICKUP,SPORT UTILITY;PICKUP,SPORT UTILITY;PICKUP,SPORT UTILITY
45548;100 FEET FROM SR-1652 N HARRISON AV;NO SPECIAL FEATURE;STRAIGHT,LEVEL;STATE SECONDARY ROUTE;TWO-WAY,NOT DIVIDED;SMOOTH ASPHALT;DRY;DAYLIGHT;CLEAR;STOP AND GO SIGNAL;;;-78.7782;35.789124;;;0;0;1;;;;NONE;;PASSENGER CAR;VAN;;;;NO;21920;2020-09-16;6:19:28 PM;2020-09-16T22:19:28+00:00;;2020;No;No;9;;NONE;NONE;PASSENGER CAR,VAN;PASSENGER CAR,VAN;PASSENGER CAR,VAN;PASSENGER CAR,VAN
45556;15 FEET FROM SR 1625 (GREEN LVL CHURCH RD);RELATED TO INTERSECTION;STRAIGHT,LEVEL;STATE SECONDARY ROUTE;TWO-WAY,DIVIDED,UNPROTECTED MEDIAN;SMOOTH ASPHALT;WET;DAYLIGHT;RAIN;STOP AND GO SIGNAL;;;-78.9035;35.8129;;;0;0;;;NONE;;COMING FROM BEHIND PARKED VEHICLE;;SPORT UTILITY;PASSENGER CAR;;;;NO;21928;2020-09-17;4:54:03 PM;2020-09-17T20:54:03+00:00;;2020;No;No;9;NONE;NONE,COMING FROM BEHIND PARKED VEHICLE;NONE,COMING FROM BEHIND PARKED VEHICLE;SPORT UTILITY,PASSENGER CAR;SPORT UTILITY,PASSENGER CAR;SPORT UTILITY,PASSENGER CAR;SPORT UTILITY,PASSENGER CAR
45561;350 FEET FROM P.V.A. (1803 N HARRISON AV);DRIVEWAY, PUBLIC;STRAIGHT,LEVEL;PUBLIC VEHICULAR AREA;ONE-WAY,NOT DIVIDED;SMOOTH ASPHALT;WET;DAYLIGHT;RAIN;NO CONTROL PRESENT;;;-78.769533;35.829524;;;0;0;;;NONE;;NONE;;PASSENGER CAR;;;;;NO;21933;2020-09-18;10:24 AM;2020-09-18T14:24:00+00:00;;2020;No;No;9;NONE;NONE,NONE;NONE,NONE;PASSENGER CAR;PASSENGER CAR;PASSENGER CAR;PASSENGER CAR
45565;.1 MILES FROM PVA (6442 TRYON RD);;;;;;;;;;;;;;;;0;0;;;;;;;PICKUP;;;;;;21937;2020-09-18;10:41 PM;2020-09-19T02:41:00+00:00;;2020;No;No;9;;;;PICKUP;PICKUP;PICKUP;PICKUP
45570;453 FEET FROM US HWY 64;NO SPECIAL FEATURE;STRAIGHT,LEVEL;US ROUTE;TWO-WAY,DIVIDED,UNPROTECTED MEDIAN;SMOOTH ASPHALT;DRY;DAYLIGHT;CLOUDY;NO CONTROL PRESENT;;;-78.794241;35.737811;;116;0;0;2;;NONE;;NONE;;SPORT UTILITY;PASSENGER CAR;;;;NO;21942;2020-09-18;2:01:53 PM;2020-09-18T18:01:53+00:00;;2020;No;No;9;NONE;NONE,NONE;NONE,NONE;SPORT UTILITY,PASSENGER CAR;SPORT UTILITY,PASSENGER CAR;SPORT UTILITY,PASSENGER CAR;SPORT UTILITY,PASSENGER CAR
45576;40 FEET FROM P.V.A. 1410 SR 1315 (BUCK JONE;NO SPECIAL FEATURE;STRAIGHT,LEVEL;PUBLIC VEHICULAR AREA;TWO-WAY,DIVIDED,UNPROTECTED MEDIAN;SMOOTH ASPHALT;DRY;DARK - LIGHTED ROADWAY;CLEAR;NO CONTROL PRESENT;;;-78.743978;35.764559;;;0;0;;;NONE;;NONE;;PASSENGER CAR;;;;;NO;21948;2020-09-18;9:53:12 PM;2020-09-19T01:53:12+00:00;;2020;No;No;9;NONE;NONE,NONE;NONE,NONE;PASSENGER CAR;PASSENGER CAR;PASSENGER CAR;PASSENGER CAR
45577;.10 MILES FROM CAITBOO AV;NO SPECIAL FEATURE;STRAIGHT,LEVEL;LOCAL STREET;TWO-WAY,DIVIDED,POSITIVE MEDIAN BARRIER;SMOOTH ASPHALT;DRY;DAYLIGHT;CLEAR;NO CONTROL PRESENT;35.76129273;-78.74191581;-78.734769;35.757061;P120;118;0;0;;;NONE;;NONE;;PASSENGER CAR;PASSENGER CAR;;;;NO;21949;2020-09-19;3:19:44 PM;2020-09-19T19:19:44+00:00;35.76129273, -78.74191581;2020;No;No;9;NONE;NONE,NONE;NONE,NONE;PASSENGER CAR,PASSENGER CAR;PASSENGER CAR,PASSENGER CAR;PASSENGER CAR,PASSENGER CAR;PASSENGER CAR,PASSENGER CAR
45579;25 FEET FROM P.V.A. (2041 WALNUT ST);NO SPECIAL FEATURE;STRAIGHT,LEVEL;PUBLIC VEHICULAR AREA;TWO-WAY,NOT DIVIDED;COARSE ASPHALT;DRY;DAYLIGHT;CLEAR;NO CONTROL PRESENT;;;-78.7412;35.7572;;118;0;0;1;;;;NONE;;PASSENGER CAR;PASSENGER CAR;;;;NO;21951;2020-09-20;2:13:49 PM;2020-09-20T18:13:49+00:00;;2020;No;No;9;;NONE;NONE;PASSENGER CAR,PASSENGER CAR;PASSENGER CAR,PASSENGER CAR;PASSENGER CAR,PASSENGER CAR;PASSENGER CAR,PASSENGER CAR
45580;0 FEET FROM SR 5808 (E CHATHAM ST);RELATED TO INTERSECTION;STRAIGHT,LEVEL;STATE SECONDARY ROUTE;TWO-WAY,NOT DIVIDED;SMOOTH ASPHALT;DRY;DAYLIGHT;CLEAR;STOP SIGN;;;-78.760535;35.791559;;120;0;0;;;NONE;;NONE;;PASSENGER CAR;PASSENGER CAR;;;;NO;21952;2020-09-20;11:34 AM;2020-09-20T15:34:00+00:00;;2020;No;No;9;NONE;NONE,NONE;NONE,NONE;PASSENGER CAR,PASSENGER CAR;PASSENGER CAR,PASSENGER CAR;PASSENGER CAR,PASSENGER CAR;PASSENGER CAR,PASSENGER CAR
45588;100 FEET FROM SR 1652 (N HARRISON AV);NO SPECIAL FEATURE;STRAIGHT,GRADE;STATE SECONDARY ROUTE;TWO-WAY,DIVIDED,UNPROTECTED MEDIAN;SMOOTH ASPHALT;DRY;DAYLIGHT;CLEAR;NO CONTROL PRESENT;;;-78.781893;35.809056;;113;0;0;1;;NONE;;NONE;;PASSENGER CAR;SPORT UTILITY;;;;NO;21960;2020-09-23;7:59:21 AM;2020-09-23T11:59:21+00:00;;2020;No;No;9;NONE;NONE,NONE;NONE,NONE;PASSENGER CAR,SPORT UTILITY;PASSENGER CAR,SPORT UTILITY;PASSENGER CAR,SPORT UTILITY;PASSENGER CAR,SPORT UTILITY
45595;.50 MILES FROM CROSSROADS BLVD;NO SPECIAL FEATURE;STRAIGHT,LEVEL;LOCAL STREET;TWO-WAY,DIVIDED,POSITIVE MEDIAN BARRIER;SMOOTH ASPHALT;DRY;DAYLIGHT;CLEAR;STOP AND GO SIGNAL;35.761266214;-78.7418746;-78.735252;35.760216;P120;118;0;3;2;;NONE;;NONE;;PASSENGER CAR;PASSENGER CAR;;;;NO;21967;2020-09-20;12:18 PM;2020-09-20T16:18:00+00:00;35.761266214, -78.7418746;2020;No;Yes;9;NONE;NONE,NONE;NONE,NONE;PASSENGER CAR,PASSENGER CAR;PASSENGER CAR,PASSENGER CAR;PASSENGER CAR,PASSENGER CAR;PASSENGER CAR,PASSENGER CAR
45598;.3 MILES FROM US 1 HWY S;NO SPECIAL FEATURE;STRAIGHT,LEVEL;US ROUTE;TWO-WAY,DIVIDED,POSITIVE MEDIAN BARRIER;COARSE ASPHALT;DRY;DARK - LIGHTED ROADWAY;CLEAR;NO CONTROL PRESENT;;;-78.7883;35.7452;;;0;0;;;NONE;;NONE;;SPORT UTILITY;;;;;NO;21970;2020-09-18;7:13:50 PM;2020-09-18T23:13:50+00:00;;2020;No;No;9;NONE;NONE,NONE;NONE,NONE;SPORT UTILITY;SPORT UTILITY;SPORT UTILITY;SPORT UTILITY
45602;127 FEET FROM SR 1639 (KIT CREEK RD);NO SPECIAL FEATURE;STRAIGHT,LEVEL;STATE SECONDARY ROUTE;TWO-WAY,NOT DIVIDED;SMOOTH ASPHALT;DRY;DAYLIGHT;CLEAR;RR GATE AND FLASHER;;;-78.8929;35.8607;;;0;0;;;NONE;;NONE;;PICKUP;PASSENGER CAR;;;;NO;21974;2020-09-23;2:12:09 PM;2020-09-23T18:12:09+00:00;;2020;No;No;9;NONE;NONE,NONE;NONE,NONE;PICKUP,PASSENGER CAR;PICKUP,PASSENGER CAR;PICKUP,PASSENGER CAR;PICKUP,PASSENGER CAR
45608;.12 MILES FROM P.V.A OF 220 KILMAYNE DR;DRIVEWAY, PUBLIC;STRAIGHT,LEVEL;PUBLIC VEHICULAR AREA;TWO-WAY,NOT DIVIDED;COARSE ASPHALT;DRY;DAYLIGHT;CLEAR;NO CONTROL PRESENT;;;-78.784752;35.770435;;;0;0;1;;NONE;;NONE;;PASSENGER CAR;SPORT UTILITY;;;;NO;21980;2020-09-23;3:21:55 PM;2020-09-23T19:21:55+00:00;;2020;No;No;9;NONE;NONE,NONE;NONE,NONE;PASSENGER CAR,SPORT UTILITY;PASSENGER CAR,SPORT UTILITY;PASSENGER CAR,SPORT UTILITY;PASSENGER CAR,SPORT UTILITY
45612;100 FEET FROM NC 55 HWY;NO SPECIAL FEATURE;STRAIGHT,LEVEL;NC ROUTE;TWO-WAY,NOT DIVIDED;SMOOTH ASPHALT;DRY;DAYLIGHT;CLOUDY;NO CONTROL PRESENT;;;-78.870513;35.78958;;;0;0;1;;NONE;;NONE;;PASSENGER CAR;SPORT UTILITY;;;;NO;21984;2020-09-24;2:09:48 PM;2020-09-24T18:09:48+00:00;;2020;No;No;9;NONE;NONE,NONE;NONE,NONE;PASSENGER CAR,SPORT UTILITY;PASSENGER CAR,SPORT UTILITY;PASSENGER CAR,SPORT UTILITY;PASSENGER CAR,SPORT UTILITY
45621;216 FEET FROM SR 1010 (TEN TEN RD);NO SPECIAL FEATURE;STRAIGHT,LEVEL;STATE SECONDARY ROUTE;TWO-WAY,NOT DIVIDED;SMOOTH ASPHALT;WET;DARK - LIGHTED ROADWAY;RAIN;NO CONTROL PRESENT;;;-78.784418;35.701255;;116;0;1;;;NONE;;NONE;;SPORT UTILITY;PICKUP;;;;NO;21993;2020-09-25;7:25:24 PM;2020-09-25T23:25:24+00:00;;2020;No;Yes;9;NONE;NONE,NONE;NONE,NONE;SPORT UTILITY,PICKUP;SPORT UTILITY,PICKUP;SPORT UTILITY,PICKUP;SPORT UTILITY,PICKUP
45629;200 FEET FROM PVA 301 N HARRISON AV;NO SPECIAL FEATURE;STRAIGHT,LEVEL;PUBLIC VEHICULAR AREA;TWO-WAY,NOT DIVIDED;CONCRETE;DRY;DARK - LIGHTED ROADWAY;CLEAR;NO CONTROL PRESENT;;;-78.7839;35.7886;;;0;0;;;;;NONE;;SPORT UTILITY;PASSENGER CAR;;;;NO;22001;2020-09-26;10:08 PM;2020-09-27T02:08:00+00:00;;2020;No;No;9;;NONE;NONE;SPORT UTILITY,PASSENGER CAR;SPORT UTILITY,PASSENGER CAR;SPORT UTILITY,PASSENGER CAR;SPORT UTILITY,PASSENGER CAR
45630;.10 MILES FROM CROSSROADS BLVD;NO SPECIAL FEATURE;STRAIGHT,LEVEL;LOCAL STREET;TWO-WAY,DIVIDED,UNPROTECTED MEDIAN;SMOOTH ASPHALT;DRY;DAYLIGHT;CLEAR;STOP AND GO SIGNAL;;;-78.731925;35.756868;;118;0;0;;;NONE;;NONE;;PASSENGER CAR;PASSENGER CAR;;;;NO;22002;2020-09-27;5:44:36 PM;2020-09-27T21:44:36+00:00;;2020;No;No;9;NONE;NONE,NONE;NONE,NONE;PASSENGER CAR,PASSENGER CAR;PASSENGER CAR,PASSENGER CAR;PASSENGER CAR,PASSENGER CAR;PASSENGER CAR,PASSENGER CAR
45638;0 FEET FROM SR 1652 (N HARRISON AV);RELATED TO INTERSECTION;STRAIGHT,LEVEL;STATE SECONDARY ROUTE;TWO-WAY,DIVIDED,UNPROTECTED MEDIAN;SMOOTH ASPHALT;WET;DARK - LIGHTED ROADWAY;RAIN;NO CONTROL PRESENT;;;-78.7712;35.8216;;111;0;0;;;;;NONE;;PASSENGER CAR;;;;;NO;22010;2020-09-26;2:09:06 AM;2020-09-26T06:09:06+00:00;;2020;No;No;9;;NONE;NONE;PASSENGER CAR;PASSENGER CAR;PASSENGER CAR;PASSENGER CAR
45639;00 FEET FROM SR 1497 (CARY TOWNE BLVD);FOUR-WAY INTERSECTION;STRAIGHT,LEVEL;STATE SECONDARY ROUTE;TWO-WAY,DIVIDED,POSITIVE MEDIAN BARRIER;SMOOTH ASPHALT;WET;DARK - LIGHTED ROADWAY;RAIN;STOP AND GO SIGNAL;;;-78.764197;35.775855;;;0;2;1;;NONE;;NONE;;PICKUP;PICKUP;;;;NO;22011;2020-09-26;11:22 PM;2020-09-27T03:22:00+00:00;;2020;No;Yes;9;NONE;NONE,NONE;NONE,NONE;PICKUP,PICKUP;PICKUP,PICKUP;PICKUP,PICKUP;PICKUP,PICKUP
45650;150 FEET FROM 311-G ASHVILLE AVE;NO SPECIAL FEATURE;STRAIGHT,LEVEL;PUBLIC VEHICULAR AREA;TWO-WAY,NOT DIVIDED;COARSE ASPHALT;DRY;DAYLIGHT;CLEAR;NO CONTROL PRESENT;35.739210373;-78.78323407;-78.785;35.7382;P044;115;0;0;;;NONE;;NONE;;PASSENGER CAR;;;;;NO;22022;2020-09-30;4:40:03 PM;2020-09-30T20:40:03+00:00;35.739210373, -78.78323407;2020;No;No;9;NONE;NONE,NONE;NONE,NONE;PASSENGER CAR;PASSENGER CAR;PASSENGER CAR;PASSENGER CAR
45658;100 FEET FROM SR 1300 (KILDAIRE FARM RD);NO SPECIAL FEATURE;STRAIGHT,LEVEL;STATE SECONDARY ROUTE;TWO-WAY,DIVIDED,POSITIVE MEDIAN BARRIER;SMOOTH ASPHALT;DRY;DARK - LIGHTED ROADWAY;CLEAR;NO CONTROL PRESENT;;;-78.77985;35.739318;;;0;0;;;NONE;;NONE;;SPORT UTILITY;PASSENGER CAR;;;;NO;22030;2020-09-30;10:32 PM;2020-10-01T02:32:00+00:00;;2020;No;No;9;NONE;NONE,NONE;NONE,NONE;SPORT UTILITY,PASSENGER CAR;SPORT UTILITY,PASSENGER CAR;SPORT UTILITY,PASSENGER CAR;SPORT UTILITY,PASSENGER CAR
45665;0 FEET FROM SR 3060 (MORRISVILLE PKWY);FOUR-WAY INTERSECTION;STRAIGHT,LEVEL;STATE SECONDARY ROUTE;TWO-WAY,DIVIDED,UNPROTECTED MEDIAN;SMOOTH ASPHALT;DRY;DAYLIGHT;CLEAR;STOP AND GO SIGNAL;;;-78.9019;35.8045;;;0;3;4;;NONE;;NONE;;PASSENGER CAR;SPORT UTILITY;;;;NO;22037;2020-09-30;3:31:22 PM;2020-09-30T19:31:22+00:00;;2020;No;Yes;9;NONE;NONE,NONE;NONE,NONE;PASSENGER CAR,SPORT UTILITY;PASSENGER CAR,SPORT UTILITY;PASSENGER CAR,SPORT UTILITY;PASSENGER CAR,SPORT UTILITY
45678;.11 MILES FROM S. R. 1315 (BLUCK JONES RD);NO SPECIAL FEATURE;STRAIGHT,LEVEL;STATE SECONDARY ROUTE;TWO-WAY,NOT DIVIDED;COARSE ASPHALT;DRY;DARK - LIGHTED ROADWAY;CLEAR;NO CONTROL PRESENT;;;-78.74168;35.76618;;;0;0;;;NONE;;NONE;;SPORT UTILITY;;;;;NO;22050;2020-10-04;11:43 PM;2020-10-05T03:43:00+00:00;;2020;No;No;10;NONE;NONE,NONE;NONE,NONE;SPORT UTILITY;SPORT UTILITY;SPORT UTILITY;SPORT UTILITY
45689;0 FEET FROM SR 1616 (OLD APEX RD);FOUR-WAY INTERSECTION;STRAIGHT,LEVEL;STATE SECONDARY ROUTE;TWO-WAY,NOT DIVIDED;SMOOTH ASPHALT;DRY;DAYLIGHT;CLEAR;STOP AND GO SIGNAL;;;-78.8216;35.762;;;0;1;;;NONE;;NONE;;PASSENGER CAR;PASSENGER CAR;;;;NO;22061;2020-10-02;12:49 PM;2020-10-02T16:49:00+00:00;;2020;No;Yes;10;NONE;NONE,NONE;NONE,NONE;PASSENGER CAR,PASSENGER CAR;PASSENGER CAR,PASSENGER CAR;PASSENGER CAR,PASSENGER CAR;PASSENGER CAR,PASSENGER CAR
45693;0 FEET FROM SR 3081 (CHAPEL HILL RD);FOUR-WAY INTERSECTION;STRAIGHT,LEVEL;STATE SECONDARY ROUTE;TWO-WAY,NOT DIVIDED;SMOOTH ASPHALT;DRY;DAYLIGHT;CLEAR;STOP AND GO SIGNAL;;;-78.78115;35.7915;;;0;0;2;;;;NONE;;PASSENGER CAR;PASSENGER CAR;;;;NO;22065;2020-10-06;9:14:32 AM;2020-10-06T13:14:32+00:00;;2020;No;No;10;;NONE;NONE;PASSENGER CAR,PASSENGER CAR;PASSENGER CAR,PASSENGER CAR;PASSENGER CAR,PASSENGER CAR;PASSENGER CAR,PASSENGER CAR
45694;CARY;NO SPECIAL FEATURE;STRAIGHT,LEVEL;PUBLIC VEHICULAR AREA;ONE-WAY,NOT DIVIDED;SMOOTH ASPHALT;DRY;DAYLIGHT;CLEAR;NO CONTROL PRESENT;;;-78.815535;35.739982;;116;0;0;;;NONE;;NONE;;SPORT UTILITY;PASSENGER CAR;;;;NO;22066;2020-10-06;10:55 AM;2020-10-06T14:55:00+00:00;;2020;No;No;10;NONE;NONE,NONE;NONE,NONE;SPORT UTILITY,PASSENGER CAR;SPORT UTILITY,PASSENGER CAR;SPORT UTILITY,PASSENGER CAR;SPORT UTILITY,PASSENGER CAR
45697;.01 MILES FROM CHAPEL HILL RD;RELATED TO INTERSECTION;STRAIGHT,LEVEL;LOCAL STREET;TWO-WAY,NOT DIVIDED;COARSE ASPHALT;DRY;DAYLIGHT;CLEAR;NO CONTROL PRESENT;;;-78.785;35.792;;;0;0;;;NONE;;NONE;;PASSENGER CAR;PASSENGER CAR;;;;NO;22069;2020-10-06;2:50:49 PM;2020-10-06T18:50:49+00:00;;2020;No;No;10;NONE;NONE,NONE;NONE,NONE;PASSENGER CAR,PASSENGER CAR;PASSENGER CAR,PASSENGER CAR;PASSENGER CAR,PASSENGER CAR;PASSENGER CAR,PASSENGER CAR
45700;.2 MILES FROM US 1;NO SPECIAL FEATURE;STRAIGHT,GRADE;US ROUTE;TWO-WAY,DIVIDED,POSITIVE MEDIAN BARRIER;GROOVED CONCRETE;DRY;DAYLIGHT;CLEAR;NO CONTROL PRESENT;;;-78.7864;35.7409;;;1;0;;1;OTHER *;;NONE;;SPORT UTILITY;PASSENGER CAR;PASSENGER CAR;;;NO;22072;2020-10-01;8:57:04 AM;2020-10-01T12:57:04+00:00;;2020;Yes;No;10;OTHER *;OTHER *,NONE;OTHER *,NONE;SPORT UTILITY,PASSENGER CAR;SPORT UTILITY,PASSENGER CAR,PASSENGER CAR;SPORT UTILITY,PASSENGER CAR,PASSENGER CAR;SPORT UTILITY,PASSENGER CAR,PASSENGER CAR
45701;402 FEET FROM US 1 HWY;NO SPECIAL FEATURE;STRAIGHT,LEVEL;US ROUTE;TWO-WAY,DIVIDED,POSITIVE MEDIAN BARRIER;GROOVED CONCRETE;DRY;DAYLIGHT;CLEAR;NO CONTROL PRESENT;;;-78.7707;35.7491;;112;0;0;;;NONE;;NONE;;PICKUP;PICKUP;SPORT UTILITY;;;NO;22073;2020-10-06;5:48:13 PM;2020-10-06T21:48:13+00:00;;2020;No;No;10;NONE;NONE,NONE;NONE,NONE;PICKUP,PICKUP;PICKUP,PICKUP,SPORT UTILITY;PICKUP,PICKUP,SPORT UTILITY;PICKUP,PICKUP,SPORT UTILITY
45721;CARY;FOUR-WAY INTERSECTION;STRAIGHT,LEVEL;LOCAL STREET;TWO-WAY,NOT DIVIDED;SMOOTH ASPHALT;DRY;DAWN;CLEAR;STOP SIGN;;;-78.78166;35.820669;;;0;0;;;NONE;;NONE;;SPORT UTILITY;SPORT UTILITY;;;;NO;22093;2020-10-09;6:55:49 AM;2020-10-09T10:55:49+00:00;;2020;No;No;10;NONE;NONE,NONE;NONE,NONE;SPORT UTILITY,SPORT UTILITY;SPORT UTILITY,SPORT UTILITY;SPORT UTILITY,SPORT UTILITY;SPORT UTILITY,SPORT UTILITY
45725;400 FEET FROM SR 5805 (E CHATHAM ST);NO SPECIAL FEATURE;STRAIGHT,LEVEL;STATE SECONDARY ROUTE;TWO-WAY,NOT DIVIDED;SMOOTH ASPHALT;DRY;DAYLIGHT;CLEAR;NO CONTROL PRESENT;;;-78.7673;35.7913;;;0;1;;;NONE;;NONE;;PASSENGER CAR;;;;;NO;22097;2020-10-09;4:19:56 PM;2020-10-09T20:19:56+00:00;;2020;No;Yes;10;NONE;NONE,NONE;NONE,NONE;PASSENGER CAR;PASSENGER CAR;PASSENGER CAR;PASSENGER CAR