tamainid;location_description;rdfeature;rdcharacter;rdclass;rdconfigur;rdsurface;rdcondition;lightcond;weather;trafcontrl;lat;lon;lon2;lat2;tract;zone;fatality;possblinj;numpassengers;numpedestrians;contrcir1_desc;contrcir2_desc;contrcir3_desc;contrcir4_desc;vehicle1;vehicle2;vehicle3;vehicle4;vehicle5;workarea;records;ta_date;ta_time;crash_date;geo_location;year;fatalities;injuries;month;contrfact1;contrfact2;contributing_factor;vehicleconcat1;vehicleconcat2;vehicleconcat3;vehicle_type
46099;1 MILES FROM US 1 HWY;NO SPECIAL FEATURE;STRAIGHT,LEVEL;US ROUTE;TWO-WAY,DIVIDED,POSITIVE MEDIAN BARRIER;CONCRETE;DRY;DAYLIGHT;CLEAR;NO CONTROL PRESENT;;;-78.7562;35.7564;;;0;1;1;;NONE;;NONE;;SPORT UTILITY;PASSENGER CAR;VAN;PICKUP;SPORT UTILITY;NO;22471;2020-11-20;12:28 AM;2020-11-20T05:28:00+00:00;;2020;No;Yes;11;NONE;NONE,NONE;NONE,NONE;SPORT UTILITY,PASSENGER CAR;SPORT UTILITY,PASSENGER CAR,VAN;SPORT UTILITY,PASSENGER CAR,VAN,PICKUP;SPORT UTILITY,PASSENGER CAR,VAN,PICKUP,SPORT UTILITY
46105;215 FEET FROM P.V.A. (8204 TRYON WOODS DR);NO SPECIAL FEATURE;STRAIGHT,LEVEL;PUBLIC VEHICULAR AREA;TWO-WAY,NOT DIVIDED;SMOOTH ASPHALT;DRY;DAYLIGHT;CLEAR;NO CONTROL PRESENT;;;-78.74142;35.74626;;;0;0;;;NONE;;NONE;;PASSENGER CAR;PASSENGER CAR;;;;NO;22477;2020-11-21;10:15 AM;2020-11-21T15:15:00+00:00;;2020;No;No;11;NONE;NONE,NONE;NONE,NONE;PASSENGER CAR,PASSENGER CAR;PASSENGER CAR,PASSENGER CAR;PASSENGER CAR,PASSENGER CAR;PASSENGER CAR,PASSENGER CAR
46113;30 FEET FROM KILDAIRE FARM RD (SR 1300);NO SPECIAL FEATURE;STRAIGHT,LEVEL;STATE SECONDARY ROUTE;TWO-WAY,DIVIDED,UNPROTECTED MEDIAN;SMOOTH ASPHALT;DRY;DAYLIGHT;CLEAR;NO CONTROL PRESENT;;;-78.777631;35.732932;;;0;1;;;NONE;;NONE;;PASSENGER CAR;PASSENGER CAR;;;;NO;22485;2020-11-21;1:25:42 PM;2020-11-21T18:25:42+00:00;;2020;No;Yes;11;NONE;NONE,NONE;NONE,NONE;PASSENGER CAR,PASSENGER CAR;PASSENGER CAR,PASSENGER CAR;PASSENGER CAR,PASSENGER CAR;PASSENGER CAR,PASSENGER CAR
46116;75 FEET FROM ALSTON FOREST DR;DRIVEWAY, PRIVATE;STRAIGHT,LEVEL;PUBLIC VEHICULAR AREA;TWO-WAY,NOT DIVIDED;SMOOTH ASPHALT;DRY;DARK - LIGHTED ROADWAY;CLEAR;NO CONTROL PRESENT;35.841349169;-78.89713881;-78.896495;35.841295;P076;119;0;0;;;NONE;;NONE;;UNKNOWN;SPORT UTILITY;;;;NO;22488;2020-11-22;9:19:13 PM;2020-11-23T02:19:13+00:00;35.841349169, -78.89713881;2020;No;No;11;NONE;NONE,NONE;NONE,NONE;UNKNOWN,SPORT UTILITY;UNKNOWN,SPORT UTILITY;UNKNOWN,SPORT UTILITY;UNKNOWN,SPORT UTILITY
46127;0 FEET FROM SR 3060 (MORRISILLE PKWY);RELATED TO INTERSECTION;STRAIGHT,HILLCREST;STATE SECONDARY ROUTE;TWO-WAY,NOT DIVIDED;SMOOTH ASPHALT;DRY;DAYLIGHT;CLEAR;STOP AND GO SIGNAL;;;-78.848052;35.813556;;;0;2;1;;;;NONE;;LIGHT TRUCK (MINI-VAN- PANEL);LIGHT TRUCK (MINI-VAN- PANEL);;;;NO;22499;2020-11-07;6:53:23 PM;2020-11-07T23:53:23+00:00;;2020;No;Yes;11;;NONE;NONE;LIGHT TRUCK (MINI-VAN- PANEL),LIGHT TRUCK (MINI-VAN- PANEL);LIGHT TRUCK (MINI-VAN- PANEL),LIGHT TRUCK (MINI-VAN- PANEL);LIGHT TRUCK (MINI-VAN- PANEL),LIGHT TRUCK (MINI-VAN- PANEL);LIGHT TRUCK (MINI-VAN- PANEL),LIGHT TRUCK (MINI-VAN- PANEL)
46131;340 FEET FROM P.V.A. (2420 SW CARY PKWY);DRIVEWAY, PUBLIC;STRAIGHT,LEVEL;PUBLIC VEHICULAR AREA;TWO-WAY,NOT DIVIDED;SMOOTH ASPHALT;DRY;DAYLIGHT;CLEAR;NO CONTROL PRESENT;;;-78.819596;35.763882;;;0;0;;;NONE;;NONE;;SPORT UTILITY;;;;;NO;22503;2020-11-24;2:40:28 PM;2020-11-24T19:40:28+00:00;;2020;No;No;11;NONE;NONE,NONE;NONE,NONE;SPORT UTILITY;SPORT UTILITY;SPORT UTILITY;SPORT UTILITY
46136;173 FEET FROM P.V.A. (10170 GRN LVL CHURCH);NO SPECIAL FEATURE;STRAIGHT,LEVEL;PUBLIC VEHICULAR AREA;TWO-WAY,NOT DIVIDED;SMOOTH ASPHALT;DRY;DARK - LIGHTED ROADWAY;CLEAR;NO CONTROL PRESENT;;;-78.9007;35.822;;;0;0;;;NONE;;NONE;;SPORT UTILITY;PASSENGER CAR;;;;NO;22508;2020-11-24;5:56:57 PM;2020-11-24T22:56:57+00:00;;2020;No;No;11;NONE;NONE,NONE;NONE,NONE;SPORT UTILITY,PASSENGER CAR;SPORT UTILITY,PASSENGER CAR;SPORT UTILITY,PASSENGER CAR;SPORT UTILITY,PASSENGER CAR
46137;50 FEET FROM SR 1011 (W CHATHAM ST);TRAFFIC CIRCLE/ROUNDABOUT;CURVE,LEVEL;LOCAL STREET;TWO-WAY,DIVIDED,POSITIVE MEDIAN BARRIER;SMOOTH ASPHALT;DRY;DAYLIGHT;CLEAR;YIELD SIGN;;;-78.7904;35.7862;;;1;0;1;;NONE;;NONE;;PASSENGER CAR;PASSENGER CAR;;;;NO;22509;2020-11-20;9:01:39 AM;2020-11-20T14:01:39+00:00;;2020;Yes;No;11;NONE;NONE,NONE;NONE,NONE;PASSENGER CAR,PASSENGER CAR;PASSENGER CAR,PASSENGER CAR;PASSENGER CAR,PASSENGER CAR;PASSENGER CAR,PASSENGER CAR
46140;0 FEET FROM SR 1300 (KILDAIRE FARM RD);FOUR-WAY INTERSECTION;STRAIGHT,LEVEL;STATE SECONDARY ROUTE;TWO-WAY,DIVIDED,UNPROTECTED MEDIAN;SMOOTH ASPHALT;DRY;DARK - LIGHTED ROADWAY;CLEAR;STOP AND GO SIGNAL;;;-78.7772;35.72932;;116;0;0;;;NONE;;NONE;;PASSENGER CAR;SPORT UTILITY;;;;NO;22512;2020-11-20;5:38:14 PM;2020-11-20T22:38:14+00:00;;2020;No;No;11;NONE;NONE,NONE;NONE,NONE;PASSENGER CAR,SPORT UTILITY;PASSENGER CAR,SPORT UTILITY;PASSENGER CAR,SPORT UTILITY;PASSENGER CAR,SPORT UTILITY
46141;0 FEET FROM SR 1415 (SE MAYNARD RD);FOUR-WAY INTERSECTION;STRAIGHT,LEVEL;STATE SECONDARY ROUTE;TWO-WAY,NOT DIVIDED;SMOOTH ASPHALT;DRY;DARK - LIGHTED ROADWAY;CLEAR;STOP AND GO SIGNAL;;;-78.76418;35.78084;;;0;0;1;;NONE;;NONE;;SPORT UTILITY;SPORT UTILITY;;;;NO;22513;2020-11-20;6:36:17 PM;2020-11-20T23:36:17+00:00;;2020;No;No;11;NONE;NONE,NONE;NONE,NONE;SPORT UTILITY,SPORT UTILITY;SPORT UTILITY,SPORT UTILITY;SPORT UTILITY,SPORT UTILITY;SPORT UTILITY,SPORT UTILITY
46142;CARY;FOUR-WAY INTERSECTION;STRAIGHT,LEVEL;STATE SECONDARY ROUTE;TWO-WAY,NOT DIVIDED;SMOOTH ASPHALT;DRY;DAYLIGHT;CLEAR;STOP AND GO SIGNAL;;;-78.782202;35.7673807;;;0;0;;;NONE;;NONE;;PICKUP;PASSENGER CAR;;;;NO;22514;2020-11-24;1:33:28 PM;2020-11-24T18:33:28+00:00;;2020;No;No;11;NONE;NONE,NONE;NONE,NONE;PICKUP,PASSENGER CAR;PICKUP,PASSENGER CAR;PICKUP,PASSENGER CAR;PICKUP,PASSENGER CAR
46144;0 FEET FROM SR 3977 (SW CARY PKWY);FOUR-WAY INTERSECTION;STRAIGHT,LEVEL;STATE SECONDARY ROUTE;TWO-WAY,NOT DIVIDED;SMOOTH ASPHALT;DRY;DARK - LIGHTED ROADWAY;CLEAR;STOP AND GO SIGNAL;;;-78.8218;35.762;;117;0;1;;;NONE;;NONE;;PASSENGER CAR;PICKUP;;;;NO;22516;2020-11-21;12:05 AM;2020-11-21T05:05:00+00:00;;2020;No;Yes;11;NONE;NONE,NONE;NONE,NONE;PASSENGER CAR,PICKUP;PASSENGER CAR,PICKUP;PASSENGER CAR,PICKUP;PASSENGER CAR,PICKUP
46145;.1 MILES FROM SR 1009 (TYRON RD);NO SPECIAL FEATURE;STRAIGHT,LEVEL;STATE SECONDARY ROUTE;TWO-WAY,DIVIDED,POSITIVE MEDIAN BARRIER;SMOOTH ASPHALT;DRY;DAYLIGHT;CLEAR;NO CONTROL PRESENT;;;-78.782309;35.7385221;;;0;0;;;NONE;;NONE;;PICKUP;SPORT UTILITY;;;;NO;22517;2020-11-24;2:22:02 PM;2020-11-24T19:22:02+00:00;;2020;No;No;11;NONE;NONE,NONE;NONE,NONE;PICKUP,SPORT UTILITY;PICKUP,SPORT UTILITY;PICKUP,SPORT UTILITY;PICKUP,SPORT UTILITY
46147;230 FEET FROM WESTON PARKWAY;NO SPECIAL FEATURE;CURVE,HILLCREST;LOCAL STREET;TWO-WAY,DIVIDED,UNPROTECTED MEDIAN;SMOOTH ASPHALT;DRY;DARK - LIGHTED ROADWAY;CLEAR;NO CONTROL PRESENT;;;-78.818013;35.8141806;;;0;0;;;NONE;;NONE;;SPORT UTILITY;;;;;NO;22519;2020-11-24;8:48:29 PM;2020-11-25T01:48:29+00:00;;2020;No;No;11;NONE;NONE,NONE;NONE,NONE;SPORT UTILITY;SPORT UTILITY;SPORT UTILITY;SPORT UTILITY
46151;330 FEET FROM VIRENS DR;NO SPECIAL FEATURE;STRAIGHT,LEVEL;PUBLIC VEHICULAR AREA;TWO-WAY,NOT DIVIDED;SMOOTH ASPHALT;DRY;DAYLIGHT;CLEAR;NO CONTROL PRESENT;35.763919605;-78.79143266;-78.7918;35.7647;P039;115;0;0;;;NONE;;NONE;;PASSENGER CAR;SPORT UTILITY;;;;NO;22523;2020-11-18;2:58:56 PM;2020-11-18T19:58:56+00:00;35.763919605, -78.79143266;2020;No;No;11;NONE;NONE,NONE;NONE,NONE;PASSENGER CAR,SPORT UTILITY;PASSENGER CAR,SPORT UTILITY;PASSENGER CAR,SPORT UTILITY;PASSENGER CAR,SPORT UTILITY
46159;193 FEET FROM P.V.A (102 NEW WAVERLY PL);NO SPECIAL FEATURE;STRAIGHT,LEVEL;PUBLIC VEHICULAR AREA;TWO-WAY,NOT DIVIDED;SMOOTH ASPHALT;DRY;DAYLIGHT;CLOUDY;NO CONTROL PRESENT;;;-78.777798;35.737305;;;0;0;1;;NONE;;NONE;;PASSENGER CAR;SPORT UTILITY;;;;NO;22531;2020-11-26;12:42 PM;2020-11-26T17:42:00+00:00;;2020;No;No;11;NONE;NONE,NONE;NONE,NONE;PASSENGER CAR,SPORT UTILITY;PASSENGER CAR,SPORT UTILITY;PASSENGER CAR,SPORT UTILITY;PASSENGER CAR,SPORT UTILITY
46165;300 FEET FROM P.V.A. 885 WALNUT ST;NO SPECIAL FEATURE;STRAIGHT,LEVEL;PUBLIC VEHICULAR AREA;TWO-WAY,NOT DIVIDED;SMOOTH ASPHALT;DRY;DAYLIGHT;CLEAR;NO CONTROL PRESENT;;;-78.765058;35.774685;;;0;0;;;;;NONE;;PASSENGER CAR;SPORT UTILITY;;;;NO;22537;2020-11-27;4:47:06 PM;2020-11-27T21:47:06+00:00;;2020;No;No;11;;NONE;NONE;PASSENGER CAR,SPORT UTILITY;PASSENGER CAR,SPORT UTILITY;PASSENGER CAR,SPORT UTILITY;PASSENGER CAR,SPORT UTILITY
46170;100 FEET FROM P.V.A. (1246 HAMILTON CT);OTHER *;STRAIGHT,LEVEL;PUBLIC VEHICULAR AREA;TWO-WAY,NOT DIVIDED;SMOOTH ASPHALT;DRY;DAYLIGHT;CLEAR;NO CONTROL PRESENT;;;-78.749141;35.7654815;;;0;0;;;NONE;;NONE;;PASSENGER CAR;PASSENGER CAR;;;;NO;22542;2020-11-20;9:11:51 AM;2020-11-20T14:11:51+00:00;;2020;No;No;11;NONE;NONE,NONE;NONE,NONE;PASSENGER CAR,PASSENGER CAR;PASSENGER CAR,PASSENGER CAR;PASSENGER CAR,PASSENGER CAR;PASSENGER CAR,PASSENGER CAR
46183;0 FEET FROM SR 1300 (KILDAIRE FARM RD);NO SPECIAL FEATURE;STRAIGHT,LEVEL;STATE SECONDARY ROUTE;TWO-WAY,NOT DIVIDED;SMOOTH ASPHALT;DRY;DARK - LIGHTED ROADWAY;CLEAR;STOP AND GO SIGNAL;;;-78.783;35.751;;;0;1;;1;NONE;;NONE;;SPORT UTILITY;;;;;NO;22555;2020-11-30;5:15:56 PM;2020-11-30T22:15:56+00:00;;2020;No;Yes;11;NONE;NONE,NONE;NONE,NONE;SPORT UTILITY;SPORT UTILITY;SPORT UTILITY;SPORT UTILITY
46184;120 FEET FROM SR 1010 (TEN TEN RD);NO SPECIAL FEATURE;STRAIGHT,LEVEL;STATE SECONDARY ROUTE;;SMOOTH ASPHALT;DRY;DAYLIGHT;CLEAR;NO CONTROL PRESENT;;;-78.769964;35.693756;;;0;0;;;NONE;;NONE;;PASSENGER CAR;PICKUP;;;;NO;22556;2020-12-01;6:50:53 AM;2020-12-01T11:50:53+00:00;;2020;No;No;12;NONE;NONE,NONE;NONE,NONE;PASSENGER CAR,PICKUP;PASSENGER CAR,PICKUP;PASSENGER CAR,PICKUP;PASSENGER CAR,PICKUP
46189;215 FEET FROM ELECTRA DR;NO SPECIAL FEATURE;CURVE,LEVEL;LOCAL STREET;TWO-WAY,NOT DIVIDED;SMOOTH ASPHALT;DRY;DARK - LIGHTED ROADWAY;CLEAR;NO CONTROL PRESENT;35.806954722;-78.76537664;-78.764733;35.806513;P030;113;0;0;;;UNKNOWN;;NONE;;UNKNOWN;PASSENGER CAR;PASSENGER CAR;;;NO;22561;2020-12-02;6:05:29 AM;2020-12-02T11:05:29+00:00;35.806954722, -78.76537664;2020;No;No;12;UNKNOWN;UNKNOWN,NONE;UNKNOWN,NONE;UNKNOWN,PASSENGER CAR;UNKNOWN,PASSENGER CAR,PASSENGER CAR;UNKNOWN,PASSENGER CAR,PASSENGER CAR;UNKNOWN,PASSENGER CAR,PASSENGER CAR
46193;.25 MILES FROM US 1 HWY N;NO SPECIAL FEATURE;STRAIGHT,LEVEL;US ROUTE;TWO-WAY,NOT DIVIDED;COARSE ASPHALT;DRY;DARK - LIGHTED ROADWAY;CLEAR;NO CONTROL PRESENT;;;-78.7674;35.7507;;115;0;0;2;;NONE;;NONE;;VAN;PASSENGER CAR;;;;NO;22565;2020-11-27;5:53:36 PM;2020-11-27T22:53:36+00:00;;2020;No;No;11;NONE;NONE,NONE;NONE,NONE;VAN,PASSENGER CAR;VAN,PASSENGER CAR;VAN,PASSENGER CAR;VAN,PASSENGER CAR
46197;100 FEET FROM S.R. 1009 (TRYON RD);NO SPECIAL FEATURE;STRAIGHT,LEVEL;STATE SECONDARY ROUTE;TWO-WAY,DIVIDED,UNPROTECTED MEDIAN;SMOOTH ASPHALT;DRY;DAYLIGHT;CLEAR;NO CONTROL PRESENT;;;-78.775782;35.741551;;116;0;0;;;NONE;;NONE;;VAN;PASSENGER CAR;;;;NO;22569;2020-12-02;2:43:11 PM;2020-12-02T19:43:11+00:00;;2020;No;No;12;NONE;NONE,NONE;NONE,NONE;VAN,PASSENGER CAR;VAN,PASSENGER CAR;VAN,PASSENGER CAR;VAN,PASSENGER CAR
46201;1.25 MILES FROM US 1 HWY S;NO SPECIAL FEATURE;STRAIGHT,LEVEL;US ROUTE;TWO-WAY,DIVIDED,UNPROTECTED MEDIAN;COARSE ASPHALT;DRY;DARK - LIGHTED ROADWAY;CLEAR;NO CONTROL PRESENT;;;-78.80633;35.73025;;;0;0;;;NONE;;NONE;;SPORT UTILITY;PASSENGER CAR;;;;NO;22573;2020-12-02;6:28:11 PM;2020-12-02T23:28:11+00:00;;2020;No;No;12;NONE;NONE,NONE;NONE,NONE;SPORT UTILITY,PASSENGER CAR;SPORT UTILITY,PASSENGER CAR;SPORT UTILITY,PASSENGER CAR;SPORT UTILITY,PASSENGER CAR
46205;.18 MILES FROM US  1 HWY S;NO SPECIAL FEATURE;STRAIGHT,LEVEL;US ROUTE;TWO-WAY,DIVIDED,UNPROTECTED MEDIAN;COARSE ASPHALT;DRY;DAYLIGHT;CLEAR;NO CONTROL PRESENT;;;-78.7958;35.73576;;;0;0;1;;NONE;;NONE;;PASSENGER CAR;VAN;;;;NO;22577;2020-12-03;4:51:03 PM;2020-12-03T21:51:03+00:00;;2020;No;No;12;NONE;NONE,NONE;NONE,NONE;PASSENGER CAR,VAN;PASSENGER CAR,VAN;PASSENGER CAR,VAN;PASSENGER CAR,VAN
46210;167 FEET FROM NC 55 HWY;NO SPECIAL FEATURE;STRAIGHT,LEVEL;NC ROUTE;TWO-WAY,DIVIDED,UNPROTECTED MEDIAN;SMOOTH ASPHALT;DRY;DAYLIGHT;CLEAR;NO CONTROL PRESENT;;;-78.8727;35.8129;;;0;0;;;NONE;;NONE;;SPORT UTILITY;PASSENGER CAR;;;;NO;22582;2020-12-04;2:44:39 PM;2020-12-04T19:44:39+00:00;;2020;No;No;12;NONE;NONE,NONE;NONE,NONE;SPORT UTILITY,PASSENGER CAR;SPORT UTILITY,PASSENGER CAR;SPORT UTILITY,PASSENGER CAR;SPORT UTILITY,PASSENGER CAR
46215;100 FEET FROM SR 3081 (CHAPEL HILL RD);NO SPECIAL FEATURE;STRAIGHT,LEVEL;STATE SECONDARY ROUTE;TWO-WAY,DIVIDED,UNPROTECTED MEDIAN;SMOOTH ASPHALT;DRY;DAYLIGHT;CLOUDY;STOP AND GO SIGNAL;;;-78.76794;35.79853;;;0;0;1;;NONE;;NONE;;VAN;;;;;NO;22587;2020-12-04;9:01:57 AM;2020-12-04T14:01:57+00:00;;2020;No;No;12;NONE;NONE,NONE;NONE,NONE;VAN;VAN;VAN;VAN
46217;25 FEET FROM 1155 KILDAIRE FARM RD;DRIVEWAY, PUBLIC;STRAIGHT,GRADE;PUBLIC VEHICULAR AREA;ONE-WAY,NOT DIVIDED;SMOOTH ASPHALT;DRY;DAYLIGHT;CLEAR;NO CONTROL PRESENT;35.742228852;-78.78065811;-78.782938;35.765259;P044;115;0;0;;;NONE;;NONE;;LIGHT TRUCK (MINI-VAN- PANEL);;;;;NO;22589;2020-12-03;3:12:29 PM;2020-12-03T20:12:29+00:00;35.742228852, -78.78065811;2020;No;No;12;NONE;NONE,NONE;NONE,NONE;LIGHT TRUCK (MINI-VAN- PANEL);LIGHT TRUCK (MINI-VAN- PANEL);LIGHT TRUCK (MINI-VAN- PANEL);LIGHT TRUCK (MINI-VAN- PANEL)
46234;40 FEET FROM US 64 HWY W;RELATED TO INTERSECTION;STRAIGHT,LEVEL;US ROUTE;TWO-WAY,DIVIDED,UNPROTECTED MEDIAN;SMOOTH ASPHALT;DRY;DAYLIGHT;CLEAR;STOP AND GO SIGNAL;;;-78.79889;35.73896;;;0;1;2;;NONE;;NONE;;PASSENGER CAR;PASSENGER CAR;;;;NO;22606;2020-12-06;1:29:59 PM;2020-12-06T18:29:59+00:00;;2020;No;Yes;12;NONE;NONE,NONE;NONE,NONE;PASSENGER CAR,PASSENGER CAR;PASSENGER CAR,PASSENGER CAR;PASSENGER CAR,PASSENGER CAR;PASSENGER CAR,PASSENGER CAR
46247;490 FEET FROM US 1 HWY S;NO SPECIAL FEATURE;STRAIGHT,LEVEL;US ROUTE;TWO-WAY,DIVIDED,UNPROTECTED MEDIAN;COARSE ASPHALT;DRY;DAYLIGHT;CLEAR;NO CONTROL PRESENT;;;-78.7948;35.73649;;;0;0;1;;NONE;;NONE;;SPORT UTILITY;PICKUP;;;;NO;22619;2020-12-08;4:29:39 PM;2020-12-08T21:29:39+00:00;;2020;No;No;12;NONE;NONE,NONE;NONE,NONE;SPORT UTILITY,PICKUP;SPORT UTILITY,PICKUP;SPORT UTILITY,PICKUP;SPORT UTILITY,PICKUP
46250;.1 MILES FROM SR 3081 (CHAPEL HILL RD);NO SPECIAL FEATURE;STRAIGHT,LEVEL;STATE SECONDARY ROUTE;TWO-WAY,NOT DIVIDED;SMOOTH ASPHALT;DRY;DAYLIGHT;CLEAR;NO CONTROL PRESENT;;;-78.765215;35.794606;;;0;0;1;;NONE;;NONE;;PICKUP;SINGLE UNIT TRUCK (2-AXLE- 6-TIRE);;;;NO;22622;2020-12-08;7:39:16 PM;2020-12-09T00:39:16+00:00;;2020;No;No;12;NONE;NONE,NONE;NONE,NONE;PICKUP,SINGLE UNIT TRUCK (2-AXLE- 6-TIRE);PICKUP,SINGLE UNIT TRUCK (2-AXLE- 6-TIRE);PICKUP,SINGLE UNIT TRUCK (2-AXLE- 6-TIRE);PICKUP,SINGLE UNIT TRUCK (2-AXLE- 6-TIRE)
46252;189 FEET FROM SR 1616 (OLD APEX RD);RELATED TO INTERSECTION;STRAIGHT,LEVEL;STATE SECONDARY ROUTE;TWO-WAY,NOT DIVIDED;SMOOTH ASPHALT;DRY;DAYLIGHT;CLEAR;NO CONTROL PRESENT;;;-78.8039;35.7774;;;0;1;1;;NONE;;NONE;;PASSENGER CAR;;;;;NO;22624;2020-12-09;5:21:00 PM;2020-12-09T22:21:00+00:00;;2020;No;Yes;12;NONE;NONE,NONE;NONE,NONE;PASSENGER CAR;PASSENGER CAR;PASSENGER CAR;PASSENGER CAR
46259;57 FEET FROM P.V.A. (5102 NELSON RD);NO SPECIAL FEATURE;STRAIGHT,LEVEL;PUBLIC VEHICULAR AREA;TWO-WAY,NOT DIVIDED;GRAVEL;DRY;DAYLIGHT;CLEAR;NO CONTROL PRESENT;35.552647035;-78.77629196;-78.816542;35.884232;P119;RALW;0;0;;;NONE;;NONE;;;;;;;NO;22631;2020-12-09;7:17:47 AM;2020-12-09T12:17:47+00:00;35.552647035, -78.77629196;2020;No;No;12;NONE;NONE,NONE;NONE,NONE;;;;
46263;414 FEET FROM SR1011 (OLD APEX RD);T-INTERSECTION;STRAIGHT,LEVEL;STATE SECONDARY ROUTE;TWO-WAY,NOT DIVIDED;SMOOTH ASPHALT;DRY;DAYLIGHT;CLEAR;STOP SIGN;;;-78.819955;35.762744;;;0;0;;;NONE;;NONE;;PASSENGER CAR;SPORT UTILITY;;;;NO;22635;2020-12-10;8:29:01 AM;2020-12-10T13:29:01+00:00;;2020;No;No;12;NONE;NONE,NONE;NONE,NONE;PASSENGER CAR,SPORT UTILITY;PASSENGER CAR,SPORT UTILITY;PASSENGER CAR,SPORT UTILITY;PASSENGER CAR,SPORT UTILITY
46264;.1 MILES FROM US 1;NO SPECIAL FEATURE;STRAIGHT,LEVEL;US ROUTE;TWO-WAY,DIVIDED,UNPROTECTED MEDIAN;CONCRETE;DRY;DAYLIGHT;CLEAR;NO CONTROL PRESENT;;;-78.74015;35.764696;;;0;0;;;NONE;;NONE;;SPORT UTILITY;;;;;CONSTRUCTION WORK AREA;22636;2020-12-11;11:42 AM;2020-12-11T16:42:00+00:00;;2020;No;No;12;NONE;NONE,NONE;NONE,NONE;SPORT UTILITY;SPORT UTILITY;SPORT UTILITY;SPORT UTILITY
46273;.94 MILES FROM US 1 HWY;NO SPECIAL FEATURE;STRAIGHT,LEVEL;US ROUTE;TWO-WAY,DIVIDED,POSITIVE MEDIAN BARRIER;SMOOTH ASPHALT;DRY;DAYLIGHT;CLEAR;NO CONTROL PRESENT;;;-78.8073;35.7297;;;0;0;1;;NONE;;NONE;;PASSENGER CAR;PICKUP;;;;NO;22645;2020-12-09;4:33:10 PM;2020-12-09T21:33:10+00:00;;2020;No;No;12;NONE;NONE,NONE;NONE,NONE;PASSENGER CAR,PICKUP;PASSENGER CAR,PICKUP;PASSENGER CAR,PICKUP;PASSENGER CAR,PICKUP
46282;CARY;OFF-RAMP PROPER;CURVE,GRADE;US ROUTE;TWO-WAY,DIVIDED,POSITIVE MEDIAN BARRIER;SMOOTH ASPHALT;DRY;DARK - ROADWAY NOT LIGHTED;CLEAR;STOP AND GO SIGNAL;;;-78.794533;35.738024;;;0;0;;;NONE;;NONE;;PASSENGER CAR;PICKUP;;;;NO;22654;2020-12-11;5:51:00 PM;2020-12-11T22:51:00+00:00;;2020;No;No;12;NONE;NONE,NONE;NONE,NONE;PASSENGER CAR,PICKUP;PASSENGER CAR,PICKUP;PASSENGER CAR,PICKUP;PASSENGER CAR,PICKUP
46285;.1 MILES FROM SR 1655 (TRINTY RD);NO SPECIAL FEATURE;STRAIGHT,LEVEL;STATE SECONDARY ROUTE;TWO-WAY,NOT DIVIDED;SMOOTH ASPHALT;DRY;DARK - LIGHTED ROADWAY;CLEAR;NO CONTROL PRESENT;;;-78.751626;35.791617;;;0;0;;;NONE;;NONE;;PASSENGER CAR;PASSENGER CAR;;;;NO;22657;2020-12-11;6:39:19 PM;2020-12-11T23:39:19+00:00;;2020;No;No;12;NONE;NONE,NONE;NONE,NONE;PASSENGER CAR,PASSENGER CAR;PASSENGER CAR,PASSENGER CAR;PASSENGER CAR,PASSENGER CAR;PASSENGER CAR,PASSENGER CAR
46287;400 FEET FROM WAVERLY HILLS DR;NO SPECIAL FEATURE;STRAIGHT,LEVEL;LOCAL STREET;TWO-WAY,NOT DIVIDED;COARSE ASPHALT;DRY;DARK - LIGHTED ROADWAY;CLEAR;NO CONTROL PRESENT;35.815260348;-78.91620934;-78.9161;35.8138;P081;122;0;0;7;;;;NONE;;SPORT UTILITY;VAN;;;;NO;22659;2020-12-12;7:13:08 PM;2020-12-13T00:13:08+00:00;35.815260348, -78.91620934;2020;No;No;12;;NONE;NONE;SPORT UTILITY,VAN;SPORT UTILITY,VAN;SPORT UTILITY,VAN;SPORT UTILITY,VAN
46291;40 FEET FROM US1 EXIT 98 RAMP SB;OFF-RAMP PROPER;;US ROUTE;ONE-WAY,NOT DIVIDED;SMOOTH ASPHALT;DRY;DAYLIGHT;CLEAR;STOP AND GO SIGNAL;;;-78.794323;35.738002;;;0;0;1;;NONE;;NONE;;PASSENGER CAR;PASSENGER CAR;;;;NO;22663;2020-12-12;8:30:49 AM;2020-12-12T13:30:49+00:00;;2020;No;No;12;NONE;NONE,NONE;NONE,NONE;PASSENGER CAR,PASSENGER CAR;PASSENGER CAR,PASSENGER CAR;PASSENGER CAR,PASSENGER CAR;PASSENGER CAR,PASSENGER CAR
46301;380 FEET FROM P.V.A. 260 W CHATHAM ST;NO SPECIAL FEATURE;STRAIGHT,LEVEL;PUBLIC VEHICULAR AREA;ONE-WAY,NOT DIVIDED;SMOOTH ASPHALT;DRY;DARK - LIGHTED ROADWAY;CLEAR;NO CONTROL PRESENT;;;-78.78461;35.78731;;;0;0;;;NONE;;NONE;;SPORT UTILITY;PASSENGER CAR;;;;NO;22673;2020-12-11;7:15:24 PM;2020-12-12T00:15:24+00:00;;2020;No;No;12;NONE;NONE,NONE;NONE,NONE;SPORT UTILITY,PASSENGER CAR;SPORT UTILITY,PASSENGER CAR;SPORT UTILITY,PASSENGER CAR;SPORT UTILITY,PASSENGER CAR
46303;CARY;RELATED TO INTERSECTION;STRAIGHT,LEVEL;LOCAL STREET;TWO-WAY,DIVIDED,POSITIVE MEDIAN BARRIER;SMOOTH ASPHALT;DRY;DARK - LIGHTED ROADWAY;CLOUDY;STOP AND GO SIGNAL;35.759005609;-78.74240972;-78.742247;35.759126;P045;118;0;0;2;;NONE;;NONE;;PICKUP;PASSENGER CAR;;;;NO;22675;2020-12-14;6:14:54 PM;2020-12-14T23:14:54+00:00;35.759005609, -78.74240972;2020;No;No;12;NONE;NONE,NONE;NONE,NONE;PICKUP,PASSENGER CAR;PICKUP,PASSENGER CAR;PICKUP,PASSENGER CAR;PICKUP,PASSENGER CAR